match_id,team_id,competition,kickoff,available_at,round_name,opponent,opponent_elo,gf,ga,gameweek,source,importance,competition_value,stage_strength,opponent_strength,role_players
25-26-prem-liverpool-vs-afc-bournemouth,4,prem,2025-08-15 19:00:00+00:00,2025-08-15 22:00:00+00:00,,14.0,1993.42,2.0,4.0,1.0,frozen-all-competitions,0.7770861073857954,1.3033033086613885,0.2,0.7454622907652988,11
25-26-prem-liverpool-vs-afc-bournemouth,12,prem,2025-08-15 19:00:00+00:00,2025-08-15 22:00:00+00:00,,91.0,1808.1,4.0,2.0,1.0,frozen-all-competitions,0.6989116040379408,1.1308722757587584,0.2,0.5112481019468547,11
25-26-prem-aston-villa-vs-newcastle-united,2,prem,2025-08-16 11:30:00+00:00,2025-08-16 14:30:00+00:00,,4.0,1868.57,0.0,0.0,1.0,frozen-all-competitions,0.7235022918392899,1.167800310359887,0.2,0.5941008712398165,11
25-26-prem-aston-villa-vs-newcastle-united,15,prem,2025-08-16 11:30:00+00:00,2025-08-16 14:30:00+00:00,,7.0,1872.85,0.0,0.0,1.0,frozen-all-competitions,0.7172160557305832,1.1308722757587584,0.2,0.599821694149484,11
25-26-prem-brighton-hove-albion-vs-fulham,6,prem,2025-08-16 14:00:00+00:00,2025-08-16 17:00:00+00:00,,54.0,1781.73,1.0,1.0,1.0,frozen-all-competitions,0.726701276350491,1.3033033086613885,0.2,0.4746467625461017,11
25-26-prem-brighton-hove-albion-vs-fulham,10,prem,2025-08-16 14:00:00+00:00,2025-08-16 17:00:00+00:00,,36.0,1827.14,1.0,1.0,1.0,frozen-all-competitions,0.7390287359271138,1.3033033086613885,0.2,0.5376231944881741,11
25-26-prem-sunderland-vs-west-ham-united,17,prem,2025-08-16 14:00:00+00:00,2025-08-16 17:00:00+00:00,,21.0,1750.14,3.0,0.0,1.0,frozen-all-competitions,0.7179858729358218,1.3033033086613885,0.2,0.431189418960804,11
25-26-prem-sunderland-vs-west-ham-united,19,prem,2025-08-16 14:00:00+00:00,2025-08-16 17:00:00+00:00,,56.0,1547.12,0.0,3.0,1.0,frozen-all-competitions,0.6682642083992529,1.3033033086613885,0.2,0.19704146457161797,11
25-26-prem-tottenham-hotspur-vs-burnley,3,prem,2025-08-16 14:00:00+00:00,2025-08-16 17:00:00+00:00,,6.0,1774.01,0.0,3.0,1.0,frozen-all-competitions,0.7245747510383503,1.3033033086613885,0.2,0.4639653606695923,11
25-26-prem-tottenham-hotspur-vs-burnley,18,prem,2025-08-16 14:00:00+00:00,2025-08-16 17:00:00+00:00,,90.0,1729.6,3.0,0.0,1.0,frozen-all-competitions,0.6757530162353894,1.1308722757587584,0.2,0.4034498519628057,11
25-26-prem-wolverhampton-wanderers-vs-manchester-city,13,prem,2025-08-16 16:30:00+00:00,2025-08-16 19:30:00+00:00,,39.0,1735.78,4.0,0.0,1.0,frozen-all-competitions,0.6775667806294824,1.1308722757587584,0.2,0.41173979825808815,11
25-26-prem-wolverhampton-wanderers-vs-manchester-city,20,prem,2025-08-16 16:30:00+00:00,2025-08-16 19:30:00+00:00,,43.0,1959.96,0.0,4.0,1.0,frozen-all-competitions,0.7706381855343918,1.3033033086613885,0.2,0.7086149427554175,11
25-26-prem-chelsea-vs-crystal-palace,7,prem,2025-08-17 13:00:00+00:00,2025-08-17 16:00:00+00:00,,31.0,1835.05,0.0,0.0,1.0,frozen-all-competitions,0.7066977869707597,1.1308722757587584,0.2,0.5485273192054858,11
25-26-prem-chelsea-vs-crystal-palace,8,prem,2025-08-17 13:00:00+00:00,2025-08-17 16:00:00+00:00,,8.0,1902.82,0.0,0.0,1.0,frozen-all-competitions,0.7388546175499788,1.20097875115889,0.2,0.6390451486904586,11
25-26-prem-nottingham-forest-vs-brentford,5,prem,2025-08-17 13:00:00+00:00,2025-08-17 16:00:00+00:00,,17.0,1802.85,1.0,3.0,1.0,frozen-all-competitions,0.7324838901271441,1.3033033086613885,0.2,0.5039582506410583,11
25-26-prem-nottingham-forest-vs-brentford,16,prem,2025-08-17 13:00:00+00:00,2025-08-17 16:00:00+00:00,,94.0,1811.3,3.0,1.0,1.0,frozen-all-competitions,0.7075448301973997,1.167800310359887,0.2,0.5156892920932861,11
25-26-prem-manchester-united-vs-arsenal,1,prem,2025-08-17 15:30:00+00:00,2025-08-17 18:30:00+00:00,,1.0,1799.46,1.0,0.0,1.0,frozen-all-competitions,0.6963807838882013,1.1308722757587584,0.2,0.4992500005624996,11
25-26-prem-manchester-united-vs-arsenal,14,prem,2025-08-17 15:30:00+00:00,2025-08-17 18:30:00+00:00,,3.0,1993.36,0.0,1.0,1.0,frozen-all-competitions,0.7770751500245413,1.3033033086613885,0.2,0.7453990361690742,11
25-26-prem-leeds-united-vs-everton,9,prem,2025-08-18 19:00:00+00:00,2025-08-18 22:00:00+00:00,,2.0,1722.37,0.0,1.0,1.0,frozen-all-competitions,0.7103582405870315,1.3033033086613885,0.2,0.39382125134716367,11
25-26-prem-leeds-united-vs-everton,11,prem,2025-08-18 19:00:00+00:00,2025-08-18 22:00:00+00:00,,11.0,1794.0,1.0,0.0,1.0,frozen-all-competitions,0.7300686191470225,1.3033033086613885,0.2,0.49166743818588077,11
25-26-prem-west-ham-united-vs-chelsea,7,prem,2025-08-22 19:00:00+00:00,2025-08-22 22:00:00+00:00,,21.0,1729.26,5.0,1.0,2.0,frozen-all-competitions,0.6764318986423176,1.1308722757587584,0.20355457269849422,0.4029953208617525,11
25-26-prem-west-ham-united-vs-chelsea,19,prem,2025-08-22 19:00:00+00:00,2025-08-22 22:00:00+00:00,,8.0,1899.58,1.0,5.0,2.0,frozen-all-competitions,0.7579990955579141,1.3033033086613885,0.20355457269849422,0.6348828475727196,11
25-26-prem-manchester-city-vs-tottenham-hotspur,13,prem,2025-08-23 11:30:00+00:00,2025-08-23 14:30:00+00:00,,6.0,1783.94,0.0,2.0,2.0,frozen-all-competitions,0.6925645027473938,1.1308722757587584,0.20355457269849422,0.47770922981748026,11
25-26-prem-manchester-city-vs-tottenham-hotspur,18,prem,2025-08-23 11:30:00+00:00,2025-08-23 14:30:00+00:00,,43.0,1967.75,2.0,0.0,2.0,frozen-all-competitions,0.7411389038935808,1.1308722757587584,0.20355457269849422,0.7174696045533278,11
25-26-prem-afc-bournemouth-vs-wolverhampton-wanderers,4,prem,2025-08-23 14:00:00+00:00,2025-08-23 17:00:00+00:00,,39.0,1727.97,1.0,0.0,2.0,frozen-all-competitions,0.7126173870906021,1.3033033086613885,0.20355457269849422,0.4012722970886388,11
25-26-prem-afc-bournemouth-vs-wolverhampton-wanderers,20,prem,2025-08-23 14:00:00+00:00,2025-08-23 17:00:00+00:00,,91.0,1804.01,0.0,1.0,2.0,frozen-all-competitions,0.7334948670152416,1.3033033086613885,0.20355457269849422,0.5055692141132224,11
25-26-prem-brentford-vs-aston-villa,2,prem,2025-08-23 14:00:00+00:00,2025-08-23 17:00:00+00:00,,94.0,1799.19,0.0,1.0,2.0,frozen-all-competitions,0.7047935300242356,1.167800310359887,0.20355457269849422,0.4988750018984337,11
25-26-prem-brentford-vs-aston-villa,5,prem,2025-08-23 14:00:00+00:00,2025-08-23 17:00:00+00:00,,7.0,1845.85,1.0,0.0,2.0,frozen-all-competitions,0.7446342522370958,1.3033033086613885,0.20355457269849422,0.563338457398197,11
25-26-prem-burnley-vs-sunderland,3,prem,2025-08-23 14:00:00+00:00,2025-08-23 17:00:00+00:00,,56.0,1567.98,2.0,0.0,2.0,frozen-all-competitions,0.6732408973008494,1.3033033086613885,0.20355457269849422,0.21602211929181372,11
25-26-prem-burnley-vs-sunderland,17,prem,2025-08-23 14:00:00+00:00,2025-08-23 17:00:00+00:00,,90.0,1719.67,0.0,2.0,2.0,frozen-all-competitions,0.7103540109111139,1.3033033086613885,0.20355457269849422,0.3902461213230662,11
25-26-prem-arsenal-vs-leeds-united,1,prem,2025-08-23 16:30:00+00:00,2025-08-23 19:30:00+00:00,,2.0,1731.2,5.0,0.0,2.0,frozen-all-competitions,0.6769997670845772,1.1308722757587584,0.20355457269849422,0.4055910360916804,11
25-26-prem-arsenal-vs-leeds-united,11,prem,2025-08-23 16:30:00+00:00,2025-08-23 19:30:00+00:00,,3.0,1997.87,0.0,5.0,2.0,frozen-all-competitions,0.7785062487392462,1.3033033086613885,0.20355457269849422,0.7501247584471114,11
25-26-prem-crystal-palace-vs-nottingham-forest,8,prem,2025-08-24 13:00:00+00:00,2025-08-24 16:00:00+00:00,,17.0,1812.67,1.0,1.0,2.0,frozen-all-competitions,0.7154745418576035,1.20097875115889,0.20355457269849422,0.5175899602267942,11
25-26-prem-crystal-palace-vs-nottingham-forest,16,prem,2025-08-24 13:00:00+00:00,2025-08-24 16:00:00+00:00,,31.0,1838.23,1.0,1.0,2.0,frozen-all-competitions,0.715907972903595,1.167800310359887,0.20355457269849422,0.5528985214336584,11
25-26-prem-everton-vs-brighton-hove-albion,6,prem,2025-08-24 13:00:00+00:00,2025-08-24 16:00:00+00:00,,11.0,1785.15,0.0,2.0,2.0,frozen-all-competitions,0.7283455170972694,1.3033033086613885,0.20355457269849422,0.4793866902855515,11
25-26-prem-everton-vs-brighton-hove-albion,9,prem,2025-08-24 13:00:00+00:00,2025-08-24 16:00:00+00:00,,36.0,1824.43,2.0,0.0,2.0,frozen-all-competitions,0.7389920791873569,1.3033033086613885,0.20355457269849422,0.5338785664424741,11
25-26-prem-fulham-vs-manchester-united,10,prem,2025-08-24 15:30:00+00:00,2025-08-24 18:30:00+00:00,,1.0,1794.97,1.0,1.0,2.0,frozen-all-competitions,0.7310334557650863,1.3033033086613885,0.20355457269849422,0.49301434346989986,11
25-26-prem-fulham-vs-manchester-united,14,prem,2025-08-24 15:30:00+00:00,2025-08-24 18:30:00+00:00,,54.0,1784.41,1.0,1.0,2.0,frozen-all-competitions,0.7281424782760773,1.3033033086613885,0.20355457269849422,0.47836074774102855,11
25-26-prem-newcastle-united-vs-liverpool,12,prem,2025-08-25 19:00:00+00:00,2025-08-25 22:00:00+00:00,,4.0,1870.13,3.0,2.0,2.0,frozen-all-competitions,0.7172002270531282,1.1308722757587584,0.20355457269849422,0.5961890787095783,11
25-26-prem-newcastle-united-vs-liverpool,15,prem,2025-08-25 19:00:00+00:00,2025-08-25 22:00:00+00:00,,14.0,1997.5,2.0,3.0,2.0,frozen-all-competitions,0.7472815730185471,1.1308722757587584,0.20355457269849422,0.7497392719760602,11
25-26-efl-cup-west-ham-united-vs-wolverhampton-wanderers,19,efl-cup,2025-08-26 18:30:00+00:00,2025-08-26 21:30:00+00:00,,39.0,1647.01,2.0,3.0,3.0,frozen-all-competitions,0.6582714486366179,0.45615615803148596,0.9,0.29944451170151315,11
25-26-efl-cup-west-ham-united-vs-wolverhampton-wanderers,20,efl-cup,2025-08-26 18:30:00+00:00,2025-08-26 21:30:00+00:00,,21.0,1733.74,3.0,2.0,3.0,frozen-all-competitions,0.6824716063179282,0.45615615803148596,0.9,0.4089975224435189,11
25-26-prem-chelsea-vs-fulham,7,prem,2025-08-30 11:30:00+00:00,2025-08-30 14:30:00+00:00,,54.0,1783.55,2.0,0.0,3.0,frozen-all-competitions,0.6938317676589247,1.1308722757587584,0.2100538498373033,0.47716866603965696,11
25-26-prem-chelsea-vs-fulham,10,prem,2025-08-30 11:30:00+00:00,2025-08-30 14:30:00+00:00,,8.0,1909.72,0.0,2.0,3.0,frozen-all-competitions,0.7615500698784194,1.3033033086613885,0.2100538498373033,0.6478394116294907,11
25-26-prem-manchester-united-vs-burnley,3,prem,2025-08-30 14:00:00+00:00,2025-08-30 17:00:00+00:00,,1.0,1796.21,2.0,3.0,3.0,frozen-all-competitions,0.7326468713686827,1.3033033086613885,0.2100538498373033,0.4947363055752944,11
25-26-prem-manchester-united-vs-burnley,14,prem,2025-08-30 14:00:00+00:00,2025-08-30 17:00:00+00:00,,90.0,1724.97,3.0,2.0,3.0,frozen-all-competitions,0.7131294540692653,1.3033033086613885,0.2100538498373033,0.39727475341771146,11
25-26-prem-sunderland-vs-brentford,5,prem,2025-08-30 14:00:00+00:00,2025-08-30 17:00:00+00:00,,56.0,1563.05,1.0,2.0,3.0,frozen-all-competitions,0.6736580487262493,1.3033033086613885,0.2100538498373033,0.2114197156552397,11
25-26-prem-sunderland-vs-brentford,17,prem,2025-08-30 14:00:00+00:00,2025-08-30 17:00:00+00:00,,94.0,1810.23,2.0,1.0,3.0,frozen-all-competitions,0.7364429014319889,1.3033033086613885,0.2100538498373033,0.5142045101256234,11
25-26-prem-tottenham-hotspur-vs-afc-bournemouth,4,prem,2025-08-30 14:00:00+00:00,2025-08-30 17:00:00+00:00,,6.0,1802.91,1.0,0.0,3.0,frozen-all-competitions,0.734465595387228,1.3033033086613885,0.2100538498373033,0.5040415786410932,11
25-26-prem-tottenham-hotspur-vs-afc-bournemouth,18,prem,2025-08-30 14:00:00+00:00,2025-08-30 17:00:00+00:00,,91.0,1809.2,0.0,1.0,3.0,frozen-all-competitions,0.7013429605758926,1.1308722757587584,0.2100538498373033,0.5127749968398723,11
25-26-prem-wolverhampton-wanderers-vs-everton,9,prem,2025-08-30 14:00:00+00:00,2025-08-30 17:00:00+00:00,,39.0,1714.15,3.0,2.0,3.0,frozen-all-competitions,0.710194952786671,1.3033033086613885,0.2100538498373033,0.38297390930579195,11
25-26-prem-wolverhampton-wanderers-vs-everton,20,prem,2025-08-30 14:00:00+00:00,2025-08-30 17:00:00+00:00,,11.0,1805.92,2.0,3.0,3.0,frozen-all-competitions,0.7352799852487887,1.3033033086613885,0.2100538498373033,0.5082214811519479,11
25-26-prem-leeds-united-vs-newcastle-united,11,prem,2025-08-30 16:30:00+00:00,2025-08-30 19:30:00+00:00,,4.0,1864.48,0.0,0.0,3.0,frozen-all-competitions,0.7506285133880578,1.3033033086613885,0.2100538498373033,0.588610016170785,11
25-26-prem-leeds-united-vs-newcastle-united,15,prem,2025-08-30 16:30:00+00:00,2025-08-30 19:30:00+00:00,,2.0,1727.07,0.0,0.0,3.0,frozen-all-competitions,0.6772139989551571,1.1308722757587584,0.2100538498373033,0.4000716280831066,11
25-26-prem-brighton-hove-albion-vs-manchester-city,6,prem,2025-08-31 13:00:00+00:00,2025-08-31 16:00:00+00:00,,43.0,1949.15,2.0,1.0,3.0,frozen-all-competitions,0.7701960139469769,1.3033033086613885,0.2100538498373033,0.6960611765079364,11
25-26-prem-brighton-hove-albion-vs-manchester-city,13,prem,2025-08-31 13:00:00+00:00,2025-08-31 16:00:00+00:00,,36.0,1813.37,1.0,2.0,3.0,frozen-all-competitions,0.7025534705650799,1.1308722757587584,0.2100538498373033,0.5185609115587422,11
25-26-prem-nottingham-forest-vs-west-ham-united,16,prem,2025-08-31 13:00:00+00:00,2025-08-31 16:00:00+00:00,,21.0,1719.5,0.0,3.0,3.0,frozen-all-competitions,0.6830611578875996,1.167800310359887,0.2100538498373033,0.3900214102178581,11
25-26-prem-nottingham-forest-vs-west-ham-united,19,prem,2025-08-31 13:00:00+00:00,2025-08-31 16:00:00+00:00,,17.0,1814.92,3.0,0.0,3.0,frozen-all-competitions,0.7558997034247488,1.3995652918257622,0.2100538498373033,0.5207103659152084,11
25-26-prem-liverpool-vs-arsenal,1,prem,2025-08-31 15:30:00+00:00,2025-08-31 18:30:00+00:00,,14.0,2003.53,0.0,1.0,3.0,frozen-all-competitions,0.7496784863623043,1.1308722757587584,0.2100538498373033,0.7559721580192054,11
25-26-prem-liverpool-vs-arsenal,12,prem,2025-08-31 15:30:00+00:00,2025-08-31 18:30:00+00:00,,3.0,2002.38,1.0,0.0,3.0,frozen-all-competitions,0.7494568805964716,1.1308722757587584,0.2100538498373033,0.7547916203405662,11
25-26-prem-aston-villa-vs-crystal-palace,2,prem,2025-08-31 18:00:00+00:00,2025-08-31 21:00:00+00:00,,31.0,1836.96,0.0,3.0,3.0,frozen-all-competitions,0.7168739649496525,1.167800310359887,0.2100538498373033,0.5511537318112407,11
25-26-prem-aston-villa-vs-crystal-palace,8,prem,2025-08-31 18:00:00+00:00,2025-08-31 21:00:00+00:00,,7.0,1862.87,3.0,0.0,3.0,frozen-all-competitions,0.7305618502465255,1.20097875115889,0.2100538498373033,0.5864424309606715,11
25-26-prem-arsenal-vs-nottingham-forest,1,prem,2025-09-13 11:30:00+00:00,2025-09-13 14:30:00+00:00,,17.0,1794.92,3.0,0.0,4.0,frozen-all-competitions,0.6989467269254065,1.1308722757587584,0.21847010153896756,0.4929449127160176,11
25-26-prem-arsenal-vs-nottingham-forest,16,prem,2025-09-13 11:30:00+00:00,2025-09-13 14:30:00+00:00,,3.0,1995.6,0.0,3.0,4.0,frozen-all-competitions,0.7565807356001731,1.167800310359887,0.21847010153896756,0.7477535136696029,11
25-26-prem-afc-bournemouth-vs-brighton-hove-albion,4,prem,2025-09-13 14:00:00+00:00,2025-09-13 17:00:00+00:00,,36.0,1823.54,2.0,1.0,4.0,frozen-all-competitions,0.7416230129879127,1.3033033086613885,0.21847010153896756,0.5326479267152563,11
25-26-prem-afc-bournemouth-vs-brighton-hove-albion,6,prem,2025-09-13 14:00:00+00:00,2025-09-13 17:00:00+00:00,,91.0,1818.22,1.0,2.0,4.0,frozen-all-competitions,0.7402094353900409,1.3033033086613885,0.21847010153896756,0.5252839710739333,11
25-26-prem-crystal-palace-vs-sunderland,8,prem,2025-09-13 14:00:00+00:00,2025-09-13 17:00:00+00:00,,56.0,1576.12,0.0,0.0,4.0,frozen-all-competitions,0.6554827772902635,1.20097875115889,0.21847010153896756,0.22377909344798783,11
25-26-prem-crystal-palace-vs-sunderland,17,prem,2025-09-13 14:00:00+00:00,2025-09-13 17:00:00+00:00,,31.0,1854.13,0.0,0.0,4.0,frozen-all-competitions,0.7495835532000453,1.3033033086613885,0.21847010153896756,0.5746190605373914,11
25-26-prem-everton-vs-aston-villa,2,prem,2025-09-13 14:00:00+00:00,2025-09-13 17:00:00+00:00,,11.0,1804.05,0.0,0.0,4.0,frozen-all-competitions,0.7092811151915688,1.167800310359887,0.21847010153896756,0.5056247627073254,11
25-26-prem-everton-vs-aston-villa,9,prem,2025-09-13 14:00:00+00:00,2025-09-13 17:00:00+00:00,,7.0,1845.71,0.0,0.0,4.0,frozen-all-competitions,0.7474240188152507,1.3033033086613885,0.21847010153896756,0.5631471237956062,11
25-26-prem-fulham-vs-leeds-united,10,prem,2025-09-13 14:00:00+00:00,2025-09-13 17:00:00+00:00,,2.0,1729.6,1.0,0.0,4.0,frozen-all-competitions,0.7161051848793869,1.3033033086613885,0.21847010153896756,0.4034498519628057,11
25-26-prem-fulham-vs-leeds-united,11,prem,2025-09-13 14:00:00+00:00,2025-09-13 17:00:00+00:00,,54.0,1777.98,0.0,1.0,4.0,frozen-all-competitions,0.7293304388728871,1.3033033086613885,0.21847010153896756,0.46945475077112087,11
25-26-prem-newcastle-united-vs-wolverhampton-wanderers,15,prem,2025-09-13 14:00:00+00:00,2025-09-13 17:00:00+00:00,,39.0,1715.68,1.0,0.0,4.0,frozen-all-competitions,0.6757540544571456,1.1308722757587584,0.21847010153896756,0.3849844887674283,11
25-26-prem-newcastle-united-vs-wolverhampton-wanderers,20,prem,2025-09-13 14:00:00+00:00,2025-09-13 17:00:00+00:00,,4.0,1861.95,0.0,1.0,4.0,frozen-all-competitions,0.7515648604620722,1.3033033086613885,0.21847010153896756,0.5852022996959159,11
25-26-prem-west-ham-united-vs-tottenham-hotspur,18,prem,2025-09-13 16:30:00+00:00,2025-09-13 19:30:00+00:00,,21.0,1739.5,3.0,0.0,4.0,frozen-all-competitions,0.682675953385586,1.1308722757587584,0.21847010153896756,0.41675444286871466,11
25-26-prem-west-ham-united-vs-tottenham-hotspur,19,prem,2025-09-13 16:30:00+00:00,2025-09-13 19:30:00+00:00,,6.0,1793.89,0.0,3.0,4.0,frozen-all-competitions,0.752045226096681,1.3995652918257622,0.21847010153896756,0.4915147036210132,11
25-26-prem-brentford-vs-chelsea,5,prem,2025-09-13 19:00:00+00:00,2025-09-13 22:00:00+00:00,,8.0,1915.29,2.0,2.0,4.0,frozen-all-competitions,0.7643431088743633,1.3033033086613885,0.21847010153896756,0.6548664775422989,11
25-26-prem-brentford-vs-chelsea,7,prem,2025-09-13 19:00:00+00:00,2025-09-13 22:00:00+00:00,,94.0,1797.16,2.0,2.0,4.0,frozen-all-competitions,0.699600880868199,1.1308722757587584,0.21847010153896756,0.49605563738045066,11
25-26-prem-burnley-vs-liverpool,3,prem,2025-09-14 13:00:00+00:00,2025-09-14 16:00:00+00:00,,14.0,2010.31,0.0,1.0,4.0,frozen-all-competitions,0.7832363794954336,1.3033033086613885,0.21847010153896756,0.7628536763681657,11
25-26-prem-burnley-vs-liverpool,12,prem,2025-09-14 13:00:00+00:00,2025-09-14 16:00:00+00:00,,90.0,1719.72,1.0,0.0,4.0,frozen-all-competitions,0.6769203219312209,1.1308722757587584,0.21847010153896756,0.39031222169510993,11
25-26-prem-manchester-city-vs-manchester-united,13,prem,2025-09-14 15:30:00+00:00,2025-09-14 18:30:00+00:00,,1.0,1801.47,3.0,0.0,4.0,frozen-all-competitions,0.7008573942831683,1.1308722757587584,0.21847010153896756,0.5020416553194238,11
25-26-prem-manchester-city-vs-manchester-united,14,prem,2025-09-14 15:30:00+00:00,2025-09-14 18:30:00+00:00,,43.0,1938.98,0.0,3.0,4.0,frozen-all-competitions,0.769546239135903,1.3033033086613885,0.21847010153896756,0.6839773924318567,11
25-26-champions-league-arsenal-vs-athletic-club,1,champions-league,2025-09-16 16:45:00+00:00,2025-09-16 19:45:00+00:00,,nan,,2.0,0.0,4.0,frozen-all-competitions,0.8137144299254255,1.0743286619708203,0.9,0.5,11
25-26-champions-league-villarreal-vs-tottenham-hotspur,18,champions-league,2025-09-16 19:00:00+00:00,2025-09-16 22:00:00+00:00,,nan,,1.0,0.0,4.0,frozen-all-competitions,0.8137144299254255,1.0743286619708203,0.9,0.5,11
25-26-efl-cup-aston-villa-vs-brentford,2,efl-cup,2025-09-16 19:00:00+00:00,2025-09-16 22:00:00+00:00,,94.0,1836.59,1.0,1.0,4.0,frozen-all-competitions,0.7025301152900562,0.40873010862596043,0.9,0.5506451684073327,11
25-26-champions-league-atletico-madrid-vs-liverpool,12,champions-league,2025-09-17 19:00:00+00:00,2025-09-17 22:00:00+00:00,,nan,,3.0,2.0,4.0,frozen-all-competitions,0.8137144299254255,1.0743286619708203,0.9,0.5,11
25-26-champions-league-chelsea-vs-bayern-münchen,7,champions-league,2025-09-17 19:00:00+00:00,2025-09-17 22:00:00+00:00,,nan,,1.0,3.0,4.0,frozen-all-competitions,0.8137144299254255,1.0743286619708203,0.9,0.5,11
25-26-champions-league-napoli-vs-manchester-city,13,champions-league,2025-09-18 19:00:00+00:00,2025-09-18 22:00:00+00:00,,nan,,2.0,0.0,4.0,frozen-all-competitions,0.8137144299254255,1.0743286619708203,0.9,0.5,11
25-26-prem-liverpool-vs-everton,9,prem,2025-09-20 11:30:00+00:00,2025-09-20 14:30:00+00:00,,14.0,2017.05,1.0,2.0,5.0,frozen-all-competitions,0.786053818343397,1.3033033086613885,0.2284365815879537,0.7695608752030477,11
25-26-prem-liverpool-vs-everton,12,prem,2025-09-20 11:30:00+00:00,2025-09-20 14:30:00+00:00,,11.0,1805.39,2.0,1.0,5.0,frozen-all-competitions,0.7040782437171275,1.1308722757587584,0.2284365815879537,0.5074855517804813,11
25-26-prem-brighton-hove-albion-vs-tottenham-hotspur,6,prem,2025-09-20 14:00:00+00:00,2025-09-20 17:00:00+00:00,,6.0,1813.86,2.0,2.0,5.0,frozen-all-competitions,0.7409631155256904,1.3033033086613885,0.2284365815879537,0.5192404945315856,11
25-26-prem-brighton-hove-albion-vs-tottenham-hotspur,18,prem,2025-09-20 14:00:00+00:00,2025-09-20 17:00:00+00:00,,36.0,1818.08,2.0,2.0,5.0,frozen-all-competitions,0.7077329465305496,1.1308722757587584,0.2284365815879537,0.5250900200423091,11
25-26-prem-burnley-vs-nottingham-forest,3,prem,2025-09-20 14:00:00+00:00,2025-09-20 17:00:00+00:00,,17.0,1791.59,1.0,1.0,5.0,frozen-all-competitions,0.7349845707783017,1.3033033086613885,0.2284365815879537,0.48832156883538286,11
25-26-prem-burnley-vs-nottingham-forest,16,prem,2025-09-20 14:00:00+00:00,2025-09-20 17:00:00+00:00,,90.0,1718.4,1.0,1.0,5.0,frozen-all-competitions,0.6867148669226115,1.167800310359887,0.2284365815879537,0.3885685290929274,11
25-26-prem-west-ham-united-vs-crystal-palace,8,prem,2025-09-20 14:00:00+00:00,2025-09-20 17:00:00+00:00,,21.0,1727.66,2.0,1.0,5.0,frozen-all-competitions,0.6964128480829962,1.20097875115889,0.2284365815879537,0.4008585987512858,11
25-26-prem-west-ham-united-vs-crystal-palace,19,prem,2025-09-20 14:00:00+00:00,2025-09-20 17:00:00+00:00,,31.0,1848.29,1.0,2.0,5.0,frozen-all-competitions,0.7675755930780482,1.3995652918257622,0.2284365815879537,0.5666700531651805,11
25-26-prem-wolverhampton-wanderers-vs-leeds-united,11,prem,2025-09-20 14:00:00+00:00,2025-09-20 17:00:00+00:00,,39.0,1713.62,3.0,1.0,5.0,frozen-all-competitions,0.7138217173579932,1.3033033086613885,0.2284365815879537,0.38227836284488065,11
25-26-prem-wolverhampton-wanderers-vs-leeds-united,20,prem,2025-09-20 14:00:00+00:00,2025-09-20 17:00:00+00:00,,2.0,1725.39,1.0,3.0,5.0,frozen-all-competitions,0.7169887474952521,1.3033033086613885,0.2284365815879537,0.39783359800354084,11
25-26-prem-manchester-united-vs-chelsea,7,prem,2025-09-20 16:30:00+00:00,2025-09-20 19:30:00+00:00,,1.0,1796.44,1.0,2.0,5.0,frozen-all-competitions,0.7362941859540639,1.3033033086613885,0.2284365815879537,0.4950557167218623,11
25-26-prem-manchester-united-vs-chelsea,14,prem,2025-09-20 16:30:00+00:00,2025-09-20 19:30:00+00:00,,8.0,1907.12,2.0,1.0,5.0,frozen-all-competitions,0.7642777204278026,1.3033033086613885,0.2284365815879537,0.6445370106764926,11
25-26-prem-fulham-vs-brentford,5,prem,2025-09-20 19:00:00+00:00,2025-09-20 22:00:00+00:00,,54.0,1785.15,1.0,3.0,5.0,frozen-all-competitions,0.7332405649774233,1.3033033086613885,0.2284365815879537,0.4793866902855515,11
25-26-prem-fulham-vs-brentford,10,prem,2025-09-20 19:00:00+00:00,2025-09-20 22:00:00+00:00,,94.0,1800.67,3.0,1.0,5.0,frozen-all-competitions,0.7374332895979661,1.3033033086613885,0.2284365815879537,0.500930554481158,11
25-26-prem-afc-bournemouth-vs-newcastle-united,4,prem,2025-09-21 13:00:00+00:00,2025-09-21 16:00:00+00:00,,4.0,1858.89,0.0,0.0,5.0,frozen-all-competitions,0.7526525578531508,1.3033033086613885,0.2284365815879537,0.5810698239216072,11
25-26-prem-afc-bournemouth-vs-newcastle-united,15,prem,2025-09-21 13:00:00+00:00,2025-09-21 16:00:00+00:00,,91.0,1826.64,0.0,0.0,5.0,frozen-all-competitions,0.7101765111012578,1.1308722757587584,0.2284365815879537,0.5369326102732761,11
25-26-prem-sunderland-vs-aston-villa,2,prem,2025-09-21 13:00:00+00:00,2025-09-21 16:00:00+00:00,,56.0,1584.93,1.0,1.0,5.0,frozen-all-competitions,0.6521793221413795,1.167800310359887,0.2284365815879537,0.23239561266764028,11
25-26-prem-sunderland-vs-aston-villa,17,prem,2025-09-21 13:00:00+00:00,2025-09-21 16:00:00+00:00,,7.0,1847.33,1.0,1.0,5.0,frozen-all-competitions,0.7497163111882776,1.3033033086613885,0.2284365815879537,0.5653599632157639,11
25-26-prem-arsenal-vs-manchester-city,1,prem,2025-09-21 15:30:00+00:00,2025-09-21 18:30:00+00:00,,43.0,1952.46,1.0,1.0,5.0,frozen-all-competitions,0.7425464864714564,1.1308722757587584,0.2284365815879537,0.6999374455926538,11
25-26-prem-arsenal-vs-manchester-city,13,prem,2025-09-21 15:30:00+00:00,2025-09-21 18:30:00+00:00,,3.0,2009.17,1.0,1.0,5.0,frozen-all-competitions,0.7541769171247465,1.1308722757587584,0.2284365815879537,0.7617060193366119,11
25-26-efl-cup-cardiff-city-vs-burnley,3,efl-cup,2025-09-23 18:45:00+00:00,2025-09-23 21:45:00+00:00,,nan,,1.0,2.0,6.0,frozen-all-competitions,0.7018569404962341,0.45615615803148596,0.9,0.5,11
25-26-efl-cup-chelsea-vs-lincoln-city,7,efl-cup,2025-09-23 18:45:00+00:00,2025-09-23 21:45:00+00:00,,nan,,2.0,1.0,5.0,frozen-all-competitions,0.7018569404962341,0.45615615803148596,0.9,0.5,11
25-26-efl-cup-everton-vs-wolverhampton-wanderers,20,efl-cup,2025-09-23 18:45:00+00:00,2025-09-23 21:45:00+00:00,,11.0,,2.0,0.0,6.0,frozen-all-competitions,0.7018569404962341,0.45615615803148596,0.9,0.5,11
25-26-efl-cup-bradford-city-vs-newcastle-united,15,efl-cup,2025-09-24 18:45:00+00:00,2025-09-24 21:45:00+00:00,,nan,,4.0,1.0,6.0,frozen-all-competitions,0.6890764790891925,0.3958052965155654,0.9,0.5,11
25-26-efl-cup-doncaster-rovers-vs-tottenham-hotspur,18,efl-cup,2025-09-24 18:45:00+00:00,2025-09-24 21:45:00+00:00,,nan,,3.0,0.0,6.0,frozen-all-competitions,0.6890764790891925,0.3958052965155654,0.9,0.5,11
25-26-europa-league-nottingham-forest-vs-real-betis,16,europa-league,2025-09-24 19:00:00+00:00,2025-09-24 22:00:00+00:00,,nan,,2.0,2.0,5.0,frozen-all-competitions,0.7716162860287271,0.8174602172519209,0.9,0.5,11
25-26-prem-brentford-vs-manchester-united,5,prem,2025-09-27 11:30:00+00:00,2025-09-27 14:30:00+00:00,,1.0,1807.52,3.0,1.0,6.0,frozen-all-competitions,0.7414440448483546,1.3033033086613885,0.23974133092398964,0.5104429255801428,11
25-26-prem-brentford-vs-manchester-united,14,prem,2025-09-27 11:30:00+00:00,2025-09-27 14:30:00+00:00,,94.0,1791.94,1.0,3.0,6.0,frozen-all-competitions,0.7372747997229325,1.3033033086613885,0.23974133092398964,0.4888074256317573,11
25-26-prem-chelsea-vs-brighton-hove-albion,6,prem,2025-09-27 14:00:00+00:00,2025-09-27 17:00:00+00:00,,8.0,1899.05,3.0,1.0,6.0,frozen-all-competitions,0.7644520273415578,1.3033033086613885,0.23974133092398964,0.6342000351767662,11
25-26-prem-chelsea-vs-brighton-hove-albion,7,prem,2025-09-27 14:00:00+00:00,2025-09-27 17:00:00+00:00,,36.0,1818.2,1.0,3.0,6.0,frozen-all-competitions,0.7442736604538245,1.3033033086613885,0.23974133092398964,0.5252562642493679,11
25-26-prem-crystal-palace-vs-liverpool,8,prem,2025-09-27 14:00:00+00:00,2025-09-27 17:00:00+00:00,,14.0,1974.46,2.0,1.0,6.0,frozen-all-competitions,0.7623640877504876,1.20097875115889,0.23974133092398964,0.7249644430395356,11
25-26-prem-crystal-palace-vs-liverpool,12,prem,2025-09-27 14:00:00+00:00,2025-09-27 17:00:00+00:00,,31.0,1842.24,1.0,2.0,6.0,frozen-all-competitions,0.7168749051245453,1.1308722757587584,0.23974133092398964,0.5583989175168096,11
25-26-prem-leeds-united-vs-afc-bournemouth,4,prem,2025-09-27 14:00:00+00:00,2025-09-27 17:00:00+00:00,,2.0,1739.44,2.0,2.0,6.0,frozen-all-competitions,0.7230653527508053,1.3033033086613885,0.23974133092398964,0.4166734217252756,11
25-26-prem-leeds-united-vs-afc-bournemouth,11,prem,2025-09-27 14:00:00+00:00,2025-09-27 17:00:00+00:00,,91.0,1827.83,2.0,2.0,6.0,frozen-all-competitions,0.7468005448297261,1.3033033086613885,0.23974133092398964,0.5385759631427787,11
25-26-prem-manchester-city-vs-burnley,3,prem,2025-09-27 14:00:00+00:00,2025-09-27 17:00:00+00:00,,43.0,1956.76,1.0,5.0,6.0,frozen-all-competitions,0.7931858914871053,1.3995652918257622,0.23974133092398964,0.7049306236182936,11
25-26-prem-manchester-city-vs-burnley,13,prem,2025-09-27 14:00:00+00:00,2025-09-27 17:00:00+00:00,,90.0,1720.74,5.0,1.0,6.0,frozen-all-competitions,0.681847490003222,1.1308722757587584,0.23974133092398964,0.3916615454595813,11
25-26-prem-nottingham-forest-vs-sunderland,16,prem,2025-09-27 16:30:00+00:00,2025-09-27 19:30:00+00:00,,56.0,1592.02,0.0,1.0,6.0,frozen-all-competitions,0.6563426004510539,1.167800310359887,0.23974133092398964,0.23949603855645454,11
25-26-prem-nottingham-forest-vs-sunderland,17,prem,2025-09-27 16:30:00+00:00,2025-09-27 19:30:00+00:00,,17.0,1793.3,1.0,0.0,6.0,frozen-all-competitions,0.7376403607343559,1.3033033086613885,0.23974133092398964,0.49069551869475625,11
25-26-prem-tottenham-hotspur-vs-wolverhampton-wanderers,18,prem,2025-09-27 19:00:00+00:00,2025-09-27 22:00:00+00:00,,39.0,1702.59,1.0,1.0,6.0,frozen-all-competitions,0.6766742878610083,1.1308722757587584,0.23974133092398964,0.3679162276229544,11
25-26-prem-tottenham-hotspur-vs-wolverhampton-wanderers,20,prem,2025-09-27 19:00:00+00:00,2025-09-27 22:00:00+00:00,,6.0,1816.76,1.0,1.0,6.0,frozen-all-competitions,0.7438937111921021,1.3033033086613885,0.23974133092398964,0.523260974773505,11
25-26-prem-aston-villa-vs-fulham,2,prem,2025-09-28 13:00:00+00:00,2025-09-28 16:00:00+00:00,,54.0,1796.9,3.0,1.0,6.0,frozen-all-competitions,0.71161408683182,1.167800310359887,0.23974133092398964,0.49569455086204156,11
25-26-prem-aston-villa-vs-fulham,10,prem,2025-09-28 13:00:00+00:00,2025-09-28 16:00:00+00:00,,7.0,1847.11,1.0,3.0,6.0,frozen-all-competitions,0.751775515115682,1.3033033086613885,0.23974133092398964,0.5650596049450705,11
25-26-prem-newcastle-united-vs-arsenal,1,prem,2025-09-28 15:30:00+00:00,2025-09-28 18:30:00+00:00,,4.0,1860.71,2.0,1.0,6.0,frozen-all-competitions,0.7219475484445735,1.1308722757587584,0.23974133092398964,0.583529111433802,11
25-26-prem-newcastle-united-vs-arsenal,15,prem,2025-09-28 15:30:00+00:00,2025-09-28 18:30:00+00:00,,3.0,2007.88,1.0,2.0,6.0,frozen-all-competitions,0.7560264170418495,1.1308722757587584,0.23974133092398964,0.7604027591963382,11
25-26-prem-everton-vs-west-ham-united,9,prem,2025-09-29 19:00:00+00:00,2025-09-29 22:00:00+00:00,,21.0,1723.09,1.0,1.0,6.0,frozen-all-competitions,0.718659339883791,1.3033033086613885,0.23974133092398964,0.3947765601007093,11
25-26-prem-everton-vs-west-ham-united,19,prem,2025-09-29 19:00:00+00:00,2025-09-29 22:00:00+00:00,,11.0,1804.22,1.0,1.0,6.0,frozen-all-competitions,0.7586271281357877,1.3995652918257622,0.23974133092398964,0.5058608426664752,11
25-26-champions-league-benfica-vs-chelsea,7,champions-league,2025-09-30 19:00:00+00:00,2025-09-30 22:00:00+00:00,,nan,,1.0,0.0,6.0,frozen-all-competitions,0.8137144299254255,1.0743286619708203,0.9,0.5,11
25-26-champions-league-tottenham-hotspur-vs-bodø/glimt,18,champions-league,2025-09-30 19:00:00+00:00,2025-09-30 22:00:00+00:00,,nan,,2.0,2.0,6.0,frozen-all-competitions,0.8137144299254255,1.0743286619708203,0.9,0.5,11
25-26-champions-league-newcastle-united-vs-union-st.gilloise,15,champions-league,2025-10-01 16:45:00+00:00,2025-10-01 19:45:00+00:00,,nan,,4.0,0.0,6.0,frozen-all-competitions,0.8137144299254255,1.0743286619708203,0.9,0.5,11
25-26-champions-league-manchester-city-vs-monaco,13,champions-league,2025-10-01 19:00:00+00:00,2025-10-01 22:00:00+00:00,,nan,,2.0,2.0,6.0,frozen-all-competitions,0.8137144299254255,1.0743286619708203,0.9,0.5,11
25-26-champions-league-olympiacos-vs-arsenal,1,champions-league,2025-10-01 19:00:00+00:00,2025-10-01 22:00:00+00:00,,nan,,2.0,0.0,6.0,frozen-all-competitions,0.8137144299254255,1.0743286619708203,0.9,0.5,11
25-26-europa-league-aston-villa-vs-feyenoord,2,europa-league,2025-10-02 19:00:00+00:00,2025-10-02 22:00:00+00:00,,nan,,2.0,0.0,6.0,frozen-all-competitions,0.7716162860287271,0.8174602172519209,0.9,0.5,11
25-26-prem-afc-bournemouth-vs-fulham,4,prem,2025-10-03 19:00:00+00:00,2025-10-03 22:00:00+00:00,,54.0,1789.83,3.0,1.0,7.0,frozen-all-competitions,0.7391245589166103,1.3033033086613885,0.2522413361896322,0.48587875634515604,11
25-26-prem-afc-bournemouth-vs-fulham,10,prem,2025-10-03 19:00:00+00:00,2025-10-03 22:00:00+00:00,,91.0,1827.55,1.0,3.0,7.0,frozen-all-competitions,0.749084207846384,1.3033033086613885,0.2522413361896322,0.5381893659631828,11
25-26-prem-leeds-united-vs-tottenham-hotspur,11,prem,2025-10-04 11:30:00+00:00,2025-10-04 14:30:00+00:00,,6.0,1811.6,1.0,2.0,7.0,frozen-all-competitions,0.744910608198714,1.3033033086613885,0.2522413361896322,0.5161055375227954,11
25-26-prem-leeds-united-vs-tottenham-hotspur,18,prem,2025-10-04 11:30:00+00:00,2025-10-04 14:30:00+00:00,,2.0,1741.78,2.0,1.0,7.0,frozen-all-competitions,0.6906051933936531,1.1308722757587584,0.2522413361896322,0.41983654046993646,11
25-26-prem-arsenal-vs-west-ham-united,1,prem,2025-10-04 14:00:00+00:00,2025-10-04 17:00:00+00:00,,21.0,1727.58,2.0,0.0,7.0,frozen-all-competitions,0.6865126132602255,1.1308722757587584,0.2522413361896322,0.4007518607973056,11
25-26-prem-arsenal-vs-west-ham-united,19,prem,2025-10-04 14:00:00+00:00,2025-10-04 17:00:00+00:00,,3.0,2015.99,0.0,2.0,7.0,frozen-all-competitions,0.8053888169602713,1.3995652918257622,0.2522413361896322,0.7685149003271022,11
25-26-prem-manchester-united-vs-sunderland,14,prem,2025-10-04 14:00:00+00:00,2025-10-04 17:00:00+00:00,,56.0,1606.97,2.0,0.0,7.0,frozen-all-competitions,0.6922146975062362,1.3033033086613885,0.2522413361896322,0.25494904907695337,11
25-26-prem-manchester-united-vs-sunderland,17,prem,2025-10-04 14:00:00+00:00,2025-10-04 17:00:00+00:00,,1.0,1798.29,0.0,2.0,7.0,frozen-all-competitions,0.7413830967531633,1.3033033086613885,0.2522413361896322,0.49762501786181795,11
25-26-prem-chelsea-vs-liverpool,7,prem,2025-10-04 16:30:00+00:00,2025-10-04 19:30:00+00:00,,14.0,1997.75,2.0,1.0,7.0,frozen-all-competitions,0.7867666216939785,1.3033033086613885,0.2522413361896322,0.7499997792079978,11
25-26-prem-chelsea-vs-liverpool,12,prem,2025-10-04 16:30:00+00:00,2025-10-04 19:30:00+00:00,,8.0,1888.21,1.0,2.0,7.0,frozen-all-competitions,0.7316937758259047,1.1308722757587584,0.2522413361896322,0.6201195197249219,11
25-26-prem-aston-villa-vs-burnley,2,prem,2025-10-05 13:00:00+00:00,2025-10-05 16:00:00+00:00,,90.0,1716.6,2.0,1.0,7.0,frozen-all-competitions,0.6913070547084854,1.167800310359887,0.2522413361896322,0.38619536305019153,11
25-26-prem-aston-villa-vs-burnley,3,prem,2025-10-05 13:00:00+00:00,2025-10-05 16:00:00+00:00,,7.0,1865.17,1.0,2.0,7.0,frozen-all-competitions,0.7757979681810225,1.3995652918257622,0.2522413361896322,0.5895379348627328,11
25-26-prem-everton-vs-crystal-palace,8,prem,2025-10-05 13:00:00+00:00,2025-10-05 16:00:00+00:00,,11.0,1801.4,1.0,2.0,7.0,frozen-all-competitions,0.7221526180995067,1.20097875115889,0.2522413361896322,0.5019444346422633,11
25-26-prem-everton-vs-crystal-palace,9,prem,2025-10-05 13:00:00+00:00,2025-10-05 16:00:00+00:00,,31.0,1870.49,2.0,1.0,7.0,frozen-all-competitions,0.7599152861630887,1.3033033086613885,0.2522413361896322,0.596670481260049,11
25-26-prem-newcastle-united-vs-nottingham-forest,15,prem,2025-10-05 13:00:00+00:00,2025-10-05 16:00:00+00:00,,17.0,1766.48,2.0,0.0,7.0,frozen-all-competitions,0.6977680837460548,1.1308722757587584,0.2522413361896322,0.4535785200808428,11
25-26-prem-newcastle-united-vs-nottingham-forest,16,prem,2025-10-05 13:00:00+00:00,2025-10-05 16:00:00+00:00,,4.0,1872.67,0.0,2.0,7.0,frozen-all-competitions,0.7348992127015045,1.167800310359887,0.2522413361896322,0.5995816345769589,11
25-26-prem-wolverhampton-wanderers-vs-brighton-hove-albion,6,prem,2025-10-05 13:00:00+00:00,2025-10-05 16:00:00+00:00,,39.0,1707.45,1.0,1.0,7.0,frozen-all-competitions,0.7170269808215052,1.3033033086613885,0.2522413361896322,0.3742172706897854,11
25-26-prem-wolverhampton-wanderers-vs-brighton-hove-albion,20,prem,2025-10-05 13:00:00+00:00,2025-10-05 16:00:00+00:00,,36.0,1834.56,1.0,1.0,7.0,frozen-all-competitions,0.750896196442859,1.3033033086613885,0.2522413361896322,0.5478530855616274,11
25-26-prem-brentford-vs-manchester-city,5,prem,2025-10-05 15:30:00+00:00,2025-10-05 18:30:00+00:00,,43.0,1958.74,0.0,1.0,7.0,frozen-all-competitions,0.7795005403116487,1.3033033086613885,0.2522413361896322,0.7072134923072071,11
25-26-prem-brentford-vs-manchester-city,13,prem,2025-10-05 15:30:00+00:00,2025-10-05 18:30:00+00:00,,94.0,1802.83,1.0,0.0,7.0,frozen-all-competitions,0.7082797993556134,1.1308722757587584,0.2522413361896322,0.503930474591954,11
25-26-prem-nottingham-forest-vs-chelsea,7,prem,2025-10-18 11:30:00+00:00,2025-10-18 14:30:00+00:00,,17.0,1760.24,3.0,0.0,8.0,frozen-all-competitions,0.7338288173640122,1.3033033086613885,0.2658316076412082,0.44500122072151704,11
25-26-prem-nottingham-forest-vs-chelsea,16,prem,2025-10-18 11:30:00+00:00,2025-10-18 14:30:00+00:00,,8.0,1897.49,0.0,3.0,8.0,frozen-all-competitions,0.7438010003630025,1.167800310359887,0.2658316076412082,0.6321871235869251,11
25-26-prem-brighton-hove-albion-vs-newcastle-united,6,prem,2025-10-18 14:00:00+00:00,2025-10-18 17:00:00+00:00,,4.0,1878.91,2.0,1.0,8.0,frozen-all-competitions,0.7644097652117355,1.3033033086613885,0.2658316076412082,0.6078750683328927,11
25-26-prem-brighton-hove-albion-vs-newcastle-united,15,prem,2025-10-18 14:00:00+00:00,2025-10-18 17:00:00+00:00,,36.0,1832.16,1.0,2.0,8.0,frozen-all-competitions,0.7193525080367424,1.1308722757587584,0.2658316076412082,0.5445482247892156,11
25-26-prem-burnley-vs-leeds-united,3,prem,2025-10-18 14:00:00+00:00,2025-10-18 17:00:00+00:00,,2.0,1734.2,2.0,0.0,8.0,frozen-all-competitions,0.7455489457016438,1.3995652918257622,0.2658316076412082,0.4096153909809027,11
25-26-prem-burnley-vs-leeds-united,11,prem,2025-10-18 14:00:00+00:00,2025-10-18 17:00:00+00:00,,90.0,1712.84,0.0,2.0,8.0,frozen-all-competitions,0.721193708399222,1.3033033086613885,0.2658316076412082,0.3812556058447316,11
25-26-prem-crystal-palace-vs-afc-bournemouth,4,prem,2025-10-18 14:00:00+00:00,2025-10-18 17:00:00+00:00,,31.0,1861.45,3.0,3.0,8.0,frozen-all-competitions,0.760179302142043,1.3033033086613885,0.2658316076412082,0.5845278611522452,11
25-26-prem-crystal-palace-vs-afc-bournemouth,8,prem,2025-10-18 14:00:00+00:00,2025-10-18 17:00:00+00:00,,91.0,1835.79,3.0,3.0,8.0,frozen-all-competitions,0.7342621010434628,1.20097875115889,0.2658316076412082,0.549545211220477,11
25-26-prem-manchester-city-vs-everton,9,prem,2025-10-18 14:00:00+00:00,2025-10-18 17:00:00+00:00,,43.0,1963.8,0.0,2.0,8.0,frozen-all-competitions,0.7828129949364626,1.3033033086613885,0.2658316076412082,0.7130001627522815,11
25-26-prem-manchester-city-vs-everton,13,prem,2025-10-18 14:00:00+00:00,2025-10-18 17:00:00+00:00,,11.0,1810.44,2.0,0.0,8.0,frozen-all-competitions,0.7132456202629037,1.1308722757587584,0.2658316076412082,0.5144959365336114,11
25-26-prem-sunderland-vs-wolverhampton-wanderers,17,prem,2025-10-18 14:00:00+00:00,2025-10-18 17:00:00+00:00,,39.0,1709.86,2.0,0.0,8.0,frozen-all-competitions,0.7204093094955507,1.3033033086613885,0.2658316076412082,0.37735790554980814,11
25-26-prem-sunderland-vs-wolverhampton-wanderers,20,prem,2025-10-18 14:00:00+00:00,2025-10-18 17:00:00+00:00,,56.0,1602.3,0.0,2.0,8.0,frozen-all-competitions,0.6940637831063198,1.3033033086613885,0.2658316076412082,0.2500523077728144,11
25-26-prem-fulham-vs-arsenal,1,prem,2025-10-18 16:30:00+00:00,2025-10-18 19:30:00+00:00,,54.0,1780.81,1.0,0.0,8.0,frozen-all-competitions,0.7047615786514344,1.1308722757587584,0.2658316076412082,0.4733724380275216,11
25-26-prem-fulham-vs-arsenal,10,prem,2025-10-18 16:30:00+00:00,2025-10-18 19:30:00+00:00,,3.0,2018.12,0.0,1.0,8.0,frozen-all-competitions,0.7924485417291898,1.3033033086613885,0.2658316076412082,0.7706133551762359,11
25-26-prem-tottenham-hotspur-vs-aston-villa,2,prem,2025-10-19 13:00:00+00:00,2025-10-19 16:00:00+00:00,,6.0,1818.39,2.0,1.0,8.0,frozen-all-competitions,0.7229518672545319,1.167800310359887,0.2658316076412082,0.5255194727802395,11
25-26-prem-tottenham-hotspur-vs-aston-villa,18,prem,2025-10-19 13:00:00+00:00,2025-10-19 16:00:00+00:00,,7.0,1868.92,1.0,2.0,8.0,frozen-all-competitions,0.729339401249593,1.1308722757587584,0.2658316076412082,0.5945696784187963,11
25-26-prem-liverpool-vs-manchester-united,12,prem,2025-10-19 15:30:00+00:00,2025-10-19 18:30:00+00:00,,1.0,1802.18,0.0,1.0,8.0,frozen-all-competitions,0.7108943481870817,1.1308722757587584,0.2658316076412082,0.5030277407690329,11
25-26-prem-liverpool-vs-manchester-united,14,prem,2025-10-19 15:30:00+00:00,2025-10-19 18:30:00+00:00,,14.0,1987.68,1.0,0.0,8.0,frozen-all-competitions,0.7872618975909481,1.3033033086613885,0.2658316076412082,0.7393642133959977,11
25-26-prem-west-ham-united-vs-brentford,5,prem,2025-10-20 19:00:00+00:00,2025-10-20 22:00:00+00:00,,21.0,1724.66,2.0,0.0,8.0,frozen-all-competitions,0.7243209684518886,1.3033033086613885,0.2658316076412082,0.39686244461712583,11
25-26-prem-west-ham-united-vs-brentford,19,prem,2025-10-20 19:00:00+00:00,2025-10-20 22:00:00+00:00,,94.0,1797.77,0.0,2.0,8.0,frozen-all-competitions,0.7617503342129861,1.3995652918257622,0.2658316076412082,0.49690281739182096,11
25-26-champions-league-benfica-vs-newcastle-united,15,champions-league,2025-10-21 19:00:00+00:00,2025-10-21 22:00:00+00:00,,nan,,3.0,0.0,8.0,frozen-all-competitions,0.8137144299254255,1.0743286619708203,0.9,0.5,11
25-26-champions-league-manchester-city-vs-villarreal,13,champions-league,2025-10-21 19:00:00+00:00,2025-10-21 22:00:00+00:00,,nan,,2.0,0.0,8.0,frozen-all-competitions,0.8137144299254255,1.0743286619708203,0.9,0.5,11
25-26-champions-league-ajax-vs-chelsea,7,champions-league,2025-10-22 19:00:00+00:00,2025-10-22 22:00:00+00:00,,nan,,5.0,1.0,8.0,frozen-all-competitions,0.8137144299254255,1.0743286619708203,0.9,0.5,11
25-26-champions-league-liverpool-vs-eintracht-frankfurt,12,champions-league,2025-10-22 19:00:00+00:00,2025-10-22 22:00:00+00:00,,nan,,5.0,1.0,8.0,frozen-all-competitions,0.8137144299254255,1.0743286619708203,0.9,0.5,11
25-26-champions-league-tottenham-hotspur-vs-monaco,18,champions-league,2025-10-22 19:00:00+00:00,2025-10-22 22:00:00+00:00,,nan,,0.0,0.0,8.0,frozen-all-competitions,0.8137144299254255,1.0743286619708203,0.9,0.5,11
25-26-europa-league-aston-villa-vs-go-ahead-eagles,2,europa-league,2025-10-23 16:45:00+00:00,2025-10-23 19:45:00+00:00,,nan,,1.0,2.0,8.0,frozen-all-competitions,0.7716162860287271,0.8174602172519209,0.9,0.5,11
25-26-prem-leeds-united-vs-west-ham-united,11,prem,2025-10-24 19:00:00+00:00,2025-10-24 22:00:00+00:00,,21.0,1724.26,2.0,1.0,9.0,frozen-all-competitions,0.7271210653746998,1.3033033086613885,0.28043079869842635,0.39633064973231524,11
25-26-prem-leeds-united-vs-west-ham-united,19,prem,2025-10-24 19:00:00+00:00,2025-10-24 22:00:00+00:00,,2.0,1733.22,1.0,2.0,9.0,frozen-all-competitions,0.7480606170788293,1.3995652918257622,0.28043079869842635,0.40829940842978113,11
25-26-prem-chelsea-vs-sunderland,7,prem,2025-10-25 14:00:00+00:00,2025-10-25 17:00:00+00:00,,56.0,1618.61,1.0,2.0,9.0,frozen-all-competitions,0.7008104138119421,1.3033033086613885,0.28043079869842635,0.2674258520700305,11
25-26-prem-chelsea-vs-sunderland,17,prem,2025-10-25 14:00:00+00:00,2025-10-25 17:00:00+00:00,,8.0,1912.46,2.0,1.0,9.0,frozen-all-competitions,0.774699213750087,1.3033033086613885,0.28043079869842635,0.6513043981455297,11
25-26-prem-newcastle-united-vs-fulham,10,prem,2025-10-25 14:00:00+00:00,2025-10-25 17:00:00+00:00,,4.0,1880.46,1.0,2.0,9.0,frozen-all-competitions,0.7673949824777855,1.3033033086613885,0.28043079869842635,0.609925720776971,11
25-26-prem-newcastle-united-vs-fulham,15,prem,2025-10-25 14:00:00+00:00,2025-10-25 17:00:00+00:00,,54.0,1779.72,2.0,1.0,9.0,frozen-all-competitions,0.707477898391552,1.1308722757587584,0.28043079869842635,0.47186309067787624,11
25-26-prem-manchester-united-vs-brighton-hove-albion,6,prem,2025-10-25 16:30:00+00:00,2025-10-25 19:30:00+00:00,,1.0,1818.1,2.0,4.0,9.0,frozen-all-competitions,0.7519149960619194,1.3033033086613885,0.28043079869842635,0.5251177277973589,11
25-26-prem-manchester-united-vs-brighton-hove-albion,14,prem,2025-10-25 16:30:00+00:00,2025-10-25 19:30:00+00:00,,36.0,1842.79,4.0,2.0,9.0,frozen-all-competitions,0.758209183584381,1.3033033086613885,0.28043079869842635,0.55915225062473,11
25-26-prem-brentford-vs-liverpool,5,prem,2025-10-25 19:00:00+00:00,2025-10-25 22:00:00+00:00,,14.0,1985.57,3.0,2.0,9.0,frozen-all-competitions,0.7893202730193323,1.3033033086613885,0.28043079869842635,0.7370989551146472,11
25-26-prem-brentford-vs-liverpool,12,prem,2025-10-25 19:00:00+00:00,2025-10-25 22:00:00+00:00,,94.0,1810.49,2.0,3.0,9.0,frozen-all-competitions,0.7162363215248145,1.1308722757587584,0.28043079869842635,0.5145653223281684,11
25-26-prem-afc-bournemouth-vs-nottingham-forest,4,prem,2025-10-26 14:00:00+00:00,2025-10-26 17:00:00+00:00,,17.0,1761.07,2.0,0.0,9.0,frozen-all-competitions,0.7368915536023851,1.3033033086613885,0.28043079869842635,0.44614033737522507,11
25-26-prem-afc-bournemouth-vs-nottingham-forest,16,prem,2025-10-26 14:00:00+00:00,2025-10-26 17:00:00+00:00,,91.0,1840.34,0.0,2.0,9.0,frozen-all-competitions,0.7318493142990659,1.167800310359887,0.28043079869842635,0.5557944463493006,11
25-26-prem-arsenal-vs-crystal-palace,1,prem,2025-10-26 14:00:00+00:00,2025-10-26 17:00:00+00:00,,31.0,1845.27,1.0,0.0,9.0,frozen-all-competitions,0.725885968665305,1.1308722757587584,0.28043079869842635,0.5625456675104523,11
25-26-prem-arsenal-vs-crystal-palace,8,prem,2025-10-26 14:00:00+00:00,2025-10-26 17:00:00+00:00,,3.0,2029.79,0.0,1.0,9.0,frozen-all-competitions,0.779590552965804,1.20097875115889,0.28043079869842635,0.7818723604143886,11
25-26-prem-aston-villa-vs-manchester-city,2,prem,2025-10-26 14:00:00+00:00,2025-10-26 17:00:00+00:00,,43.0,1979.13,1.0,0.0,9.0,frozen-all-competitions,0.7881552401889101,1.3033033086613885,0.28043079869842635,0.7301072270179586,11
25-26-prem-aston-villa-vs-manchester-city,13,prem,2025-10-26 14:00:00+00:00,2025-10-26 17:00:00+00:00,,7.0,1864.16,0.0,1.0,9.0,frozen-all-competitions,0.7309568270876848,1.1308722757587584,0.28043079869842635,0.5881794626550473,11
25-26-prem-wolverhampton-wanderers-vs-burnley,3,prem,2025-10-26 14:00:00+00:00,2025-10-26 17:00:00+00:00,,39.0,1698.68,3.0,2.0,9.0,frozen-all-competitions,0.7394044316255559,1.3995652918257622,0.28043079869842635,0.36287929042732825,11
25-26-prem-wolverhampton-wanderers-vs-burnley,20,prem,2025-10-26 14:00:00+00:00,2025-10-26 17:00:00+00:00,,90.0,1726.14,2.0,3.0,9.0,frozen-all-competitions,0.7276171302850141,1.3033033086613885,0.28043079869842635,0.39883219676524934,11
25-26-prem-everton-vs-tottenham-hotspur,9,prem,2025-10-26 16:30:00+00:00,2025-10-26 19:30:00+00:00,,6.0,1813.8,0.0,3.0,9.0,frozen-all-competitions,0.7508014731472873,1.3033033086613885,0.28043079869842635,0.5191572840642293,11
25-26-prem-everton-vs-tottenham-hotspur,18,prem,2025-10-26 16:30:00+00:00,2025-10-26 19:30:00+00:00,,11.0,1807.93,3.0,0.0,9.0,frozen-all-competitions,0.7155136050994146,1.1308722757587584,0.28043079869842635,0.511012107837191,11
25-26-efl-cup-chelsea-vs-wolverhampton-wanderers,7,efl-cup,2025-10-29 19:45:00+00:00,2025-10-29 22:45:00+00:00,,39.0,1679.69,4.0,3.0,9.0,frozen-all-competitions,0.6670813523804947,0.45615615803148596,0.9,0.33885768934258703,11
25-26-efl-cup-chelsea-vs-wolverhampton-wanderers,20,efl-cup,2025-10-29 19:45:00+00:00,2025-10-29 22:45:00+00:00,,8.0,1831.1,3.0,4.0,9.0,frozen-all-competitions,0.7107940103258489,0.45615615803148596,0.9,0.5430873102943334,11
25-26-efl-cup-tottenham-hotspur-vs-newcastle-united,15,efl-cup,2025-10-29 20:00:00+00:00,2025-10-29 23:00:00+00:00,,6.0,1819.97,2.0,0.0,10.0,frozen-all-competitions,0.6949815417707189,0.3958052965155654,0.9,0.5277076965325067,11
25-26-efl-cup-tottenham-hotspur-vs-newcastle-united,18,efl-cup,2025-10-29 20:00:00+00:00,2025-10-29 23:00:00+00:00,,4.0,1871.77,0.0,2.0,10.0,frozen-all-competitions,0.7097532431940535,0.3958052965155654,0.9,0.5983806215946135,11
25-26-prem-brighton-hove-albion-vs-leeds-united,6,prem,2025-11-01 15:00:00+00:00,2025-11-01 18:00:00+00:00,,2.0,1732.75,3.0,0.0,10.0,frozen-all-competitions,0.7324219553961074,1.3033033086613885,0.29597346285934373,0.4076687388475235,11
25-26-prem-brighton-hove-albion-vs-leeds-united,11,prem,2025-11-01 15:00:00+00:00,2025-11-01 18:00:00+00:00,,36.0,1832.26,0.0,3.0,10.0,frozen-all-competitions,0.7584064669105984,1.3033033086613885,0.29597346285934373,0.5446860077399396,11
25-26-prem-burnley-vs-arsenal,1,prem,2025-11-01 15:00:00+00:00,2025-11-01 18:00:00+00:00,,90.0,1734.8,2.0,0.0,10.0,frozen-all-competitions,0.6978894025037822,1.1308722757587584,0.29597346285934373,0.4104217352461663,11
25-26-prem-burnley-vs-arsenal,3,prem,2025-11-01 15:00:00+00:00,2025-11-01 18:00:00+00:00,,3.0,2032.83,0.0,2.0,10.0,frozen-all-competitions,0.8146145319534218,1.3995652918257622,0.29597346285934373,0.7847390113093392,11
25-26-prem-crystal-palace-vs-brentford,5,prem,2025-11-01 15:00:00+00:00,2025-11-01 18:00:00+00:00,,31.0,1842.23,0.0,2.0,10.0,frozen-all-competitions,0.7609076266275382,1.3033033086613885,0.29597346285934373,0.5583852180520095,11
25-26-prem-crystal-palace-vs-brentford,8,prem,2025-11-01 15:00:00+00:00,2025-11-01 18:00:00+00:00,,94.0,1821.6,2.0,0.0,10.0,frozen-all-competitions,0.7363176130112219,1.20097875115889,0.29597346285934373,0.5299640517645716,11
25-26-prem-fulham-vs-wolverhampton-wanderers,10,prem,2025-11-01 15:00:00+00:00,2025-11-01 18:00:00+00:00,,39.0,1690.02,3.0,0.0,10.0,frozen-all-competitions,0.7213379289971988,1.3033033086613885,0.29597346285934373,0.35183111816157897,11
25-26-prem-fulham-vs-wolverhampton-wanderers,20,prem,2025-11-01 15:00:00+00:00,2025-11-01 18:00:00+00:00,,54.0,1775.26,0.0,3.0,10.0,frozen-all-competitions,0.7615564372123368,1.3995652918257622,0.29597346285934373,0.46569287980553964,11
25-26-prem-nottingham-forest-vs-manchester-united,14,prem,2025-11-01 15:00:00+00:00,2025-11-01 18:00:00+00:00,,17.0,1753.99,2.0,2.0,10.0,frozen-all-competitions,0.7380232696109265,1.3033033086613885,0.29597346285934373,0.43644289871286795,11
25-26-prem-nottingham-forest-vs-manchester-united,16,prem,2025-11-01 15:00:00+00:00,2025-11-01 18:00:00+00:00,,1.0,1828.63,2.0,2.0,10.0,frozen-all-competitions,0.7317371423811335,1.167800310359887,0.29597346285934373,0.5396802693045197,11
25-26-prem-tottenham-hotspur-vs-chelsea,7,prem,2025-11-01 17:30:00+00:00,2025-11-01 20:30:00+00:00,,6.0,1829.71,1.0,0.0,10.0,frozen-all-competitions,0.7577617423191068,1.3033033086613885,0.29597346285934373,0.541170462903609,11
25-26-prem-tottenham-hotspur-vs-chelsea,18,prem,2025-11-01 17:30:00+00:00,2025-11-01 20:30:00+00:00,,8.0,1896.62,0.0,1.0,10.0,frozen-all-competitions,0.7523113068850469,1.183941530519794,0.29597346285934373,0.631062528873298,11
25-26-prem-liverpool-vs-aston-villa,2,prem,2025-11-01 20:00:00+00:00,2025-11-01 23:00:00+00:00,,14.0,1974.46,0.0,2.0,10.0,frozen-all-competitions,0.7898864686673485,1.3033033086613885,0.29597346285934373,0.7249644430395356,11
25-26-prem-liverpool-vs-aston-villa,12,prem,2025-11-01 20:00:00+00:00,2025-11-01 23:00:00+00:00,,7.0,1873.86,2.0,0.0,10.0,frozen-all-competitions,0.7365305982840665,1.1308722757587584,0.29597346285934373,0.6011678032347507,11
25-26-prem-west-ham-united-vs-newcastle-united,15,prem,2025-11-02 14:00:00+00:00,2025-11-02 17:00:00+00:00,,21.0,1710.39,1.0,3.0,10.0,frozen-all-competitions,0.6910207472969874,1.1308722757587584,0.29597346285934373,0.378049978443062,11
25-26-prem-west-ham-united-vs-newcastle-united,19,prem,2025-11-02 14:00:00+00:00,2025-11-02 17:00:00+00:00,,4.0,1884.94,3.0,1.0,10.0,frozen-all-competitions,0.7877422305744463,1.3995652918257622,0.29597346285934373,0.6158307335085801,11
25-26-prem-manchester-city-vs-afc-bournemouth,4,prem,2025-11-02 16:30:00+00:00,2025-11-02 19:30:00+00:00,,43.0,1969.44,1.0,3.0,10.0,frozen-all-competitions,0.788956294280755,1.3033033086613885,0.29597346285934373,0.7193689058403386,11
25-26-prem-manchester-city-vs-afc-bournemouth,13,prem,2025-11-02 16:30:00+00:00,2025-11-02 19:30:00+00:00,,91.0,1847.42,3.0,1.0,10.0,frozen-all-competitions,0.7295476114882804,1.1308722757587584,0.29597346285934373,0.5654828232357455,11
25-26-prem-sunderland-vs-everton,9,prem,2025-11-03 20:00:00+00:00,2025-11-03 23:00:00+00:00,,56.0,1634.46,1.0,1.0,10.0,frozen-all-competitions,0.7077130293004723,1.3033033086613885,0.29597346285934373,0.28502581813146793,11
25-26-prem-sunderland-vs-everton,17,prem,2025-11-03 20:00:00+00:00,2025-11-03 23:00:00+00:00,,11.0,1792.02,1.0,1.0,10.0,frozen-all-competitions,0.7480417236878748,1.3033033086613885,0.29597346285934373,0.48891848161627643,11
25-26-champions-league-fc-københavn-vs-tottenham-hotspur,18,champions-league,2025-11-04 20:00:00+00:00,2025-11-04 23:00:00+00:00,,nan,,4.0,0.0,10.0,frozen-all-competitions,0.8212360633782154,1.1247444539938043,0.9,0.5,11
25-26-champions-league-real-madrid-vs-liverpool,12,champions-league,2025-11-04 20:00:00+00:00,2025-11-04 23:00:00+00:00,,nan,,1.0,0.0,10.0,frozen-all-competitions,0.8137144299254255,1.0743286619708203,0.9,0.5,11
25-26-champions-league-chelsea-vs-qarabag-fk,7,champions-league,2025-11-05 17:45:00+00:00,2025-11-05 20:45:00+00:00,,nan,,2.0,2.0,10.0,frozen-all-competitions,0.8137144299254255,1.0743286619708203,0.9,0.5,11
25-26-champions-league-athletic-club-vs-newcastle-united,15,champions-league,2025-11-05 20:00:00+00:00,2025-11-05 23:00:00+00:00,,nan,,2.0,0.0,10.0,frozen-all-competitions,0.8137144299254255,1.0743286619708203,0.9,0.5,11
25-26-champions-league-borussia-dortmund-vs-manchester-city,13,champions-league,2025-11-05 20:00:00+00:00,2025-11-05 23:00:00+00:00,,nan,,4.0,1.0,10.0,frozen-all-competitions,0.8137144299254255,1.0743286619708203,0.9,0.5,11
25-26-europa-league-maccabi-tel-aviv-vs-aston-villa,2,europa-league,2025-11-06 20:00:00+00:00,2025-11-06 23:00:00+00:00,,nan,,2.0,0.0,10.0,frozen-all-competitions,0.7716162860287271,0.8174602172519209,0.9,0.5,11
25-26-prem-tottenham-hotspur-vs-manchester-united,14,prem,2025-11-08 12:30:00+00:00,2025-11-08 15:30:00+00:00,,6.0,1831.65,2.0,2.0,11.0,frozen-all-competitions,0.7612516999710351,1.3033033086613885,0.3124054583589268,0.5438454260944182,11
25-26-prem-tottenham-hotspur-vs-manchester-united,18,prem,2025-11-08 12:30:00+00:00,2025-11-08 15:30:00+00:00,,1.0,1832.85,2.0,2.0,11.0,frozen-all-competitions,0.7392059927835971,1.183941530519794,0.3124054583589268,0.545498787212782,11
25-26-prem-everton-vs-fulham,9,prem,2025-11-08 15:00:00+00:00,2025-11-08 18:00:00+00:00,,54.0,1788.52,2.0,0.0,11.0,frozen-all-competitions,0.7502169565134438,1.3033033086613885,0.3124054583589268,0.48406095799981197,11
25-26-prem-everton-vs-fulham,10,prem,2025-11-08 15:00:00+00:00,2025-11-08 18:00:00+00:00,,11.0,1793.99,0.0,2.0,11.0,frozen-all-competitions,0.7516370394273173,1.3033033086613885,0.3124054583589268,0.4916535531607334,11
25-26-prem-west-ham-united-vs-burnley,3,prem,2025-11-08 15:00:00+00:00,2025-11-08 18:00:00+00:00,,21.0,1731.11,2.0,3.0,11.0,frozen-all-competitions,0.7535137859228694,1.3995652918257622,0.3124054583589268,0.4054704983103481,11
25-26-prem-west-ham-united-vs-burnley,19,prem,2025-11-08 15:00:00+00:00,2025-11-08 18:00:00+00:00,,90.0,1735.84,3.0,2.0,11.0,frozen-all-competitions,0.7546912839815215,1.3995652918257622,0.3124054583589268,0.4118205373449528,11
25-26-prem-sunderland-vs-arsenal,1,prem,2025-11-08 17:30:00+00:00,2025-11-08 20:30:00+00:00,,56.0,1642.51,2.0,2.0,11.0,frozen-all-competitions,0.6764498619216807,1.1308722757587584,0.3124054583589268,0.2942265085461154,11
25-26-prem-sunderland-vs-arsenal,17,prem,2025-11-08 17:30:00+00:00,2025-11-08 20:30:00+00:00,,3.0,2046.11,2.0,2.0,11.0,frozen-all-competitions,0.804183384700731,1.3033033086613885,0.3124054583589268,0.7969399815522729,11
25-26-prem-chelsea-vs-wolverhampton-wanderers,7,prem,2025-11-08 20:00:00+00:00,2025-11-08 23:00:00+00:00,,39.0,1686.77,3.0,0.0,11.0,frozen-all-competitions,0.7238087192274555,1.3033033086613885,0.3124054583589268,0.34772471854754866,11
25-26-prem-chelsea-vs-wolverhampton-wanderers,20,prem,2025-11-08 20:00:00+00:00,2025-11-08 23:00:00+00:00,,8.0,1902.66,0.0,3.0,11.0,frozen-all-competitions,0.7942621584621776,1.3995652918257622,0.3124054583589268,0.6388400865177155,11
25-26-prem-aston-villa-vs-afc-bournemouth,2,prem,2025-11-09 14:00:00+00:00,2025-11-09 17:00:00+00:00,,91.0,1846.75,4.0,0.0,11.0,frozen-all-competitions,0.7649975647563908,1.3033033086613885,0.3124054583589268,0.5645680066469457,11
25-26-prem-aston-villa-vs-afc-bournemouth,4,prem,2025-11-09 14:00:00+00:00,2025-11-09 17:00:00+00:00,,7.0,1873.84,0.0,4.0,11.0,frozen-all-competitions,0.7715087204716704,1.3033033086613885,0.3124054583589268,0.6011411623713574,11
25-26-prem-brentford-vs-newcastle-united,5,prem,2025-11-09 14:00:00+00:00,2025-11-09 17:00:00+00:00,,4.0,1878.56,3.0,1.0,11.0,frozen-all-competitions,0.7726121901065124,1.3033033086613885,0.3124054583589268,0.60741148768757,11
25-26-prem-brentford-vs-newcastle-united,15,prem,2025-11-09 14:00:00+00:00,2025-11-09 17:00:00+00:00,,94.0,1817.65,1.0,3.0,11.0,frozen-all-competitions,0.7246751875308031,1.1308722757587584,0.3124054583589268,0.5244942662228577,11
25-26-prem-crystal-palace-vs-brighton-hove-albion,6,prem,2025-11-09 14:00:00+00:00,2025-11-09 17:00:00+00:00,,31.0,1858.85,0.0,0.0,11.0,frozen-all-competitions,0.7679415769157584,1.3033033086613885,0.3124054583589268,0.581015727906451,11
25-26-prem-crystal-palace-vs-brighton-hove-albion,8,prem,2025-11-09 14:00:00+00:00,2025-11-09 17:00:00+00:00,,36.0,1844.89,0.0,0.0,11.0,frozen-all-competitions,0.745624441002308,1.20097875115889,0.3124054583589268,0.5620260799021869,11
25-26-prem-nottingham-forest-vs-leeds-united,11,prem,2025-11-09 14:00:00+00:00,2025-11-09 17:00:00+00:00,,17.0,1755.38,1.0,3.0,11.0,frozen-all-competitions,0.7415522254766796,1.3033033086613885,0.3124054583589268,0.43834318353263946,11
25-26-prem-nottingham-forest-vs-leeds-united,16,prem,2025-11-09 14:00:00+00:00,2025-11-09 17:00:00+00:00,,2.0,1730.14,3.0,1.0,11.0,frozen-all-competitions,0.7077285998604261,1.167800310359887,0.3124054583589268,0.4041720948258319,11
25-26-prem-manchester-city-vs-liverpool,12,prem,2025-11-09 16:30:00+00:00,2025-11-09 19:30:00+00:00,,43.0,1985.6,0.0,3.0,11.0,frozen-all-competitions,0.765021332441204,1.1308722757587584,0.3124054583589268,0.7371312511859256,11
25-26-prem-manchester-city-vs-liverpool,13,prem,2025-11-09 16:30:00+00:00,2025-11-09 19:30:00+00:00,,14.0,1990.92,3.0,0.0,11.0,frozen-all-competitions,0.7660420489662682,1.1308722757587584,0.3124054583589268,0.7428179255547933,11
25-26-prem-burnley-vs-chelsea,3,prem,2025-11-22 12:30:00+00:00,2025-11-22 15:30:00+00:00,,8.0,1906.94,0.0,2.0,12.0,frozen-all-competitions,0.7979537785047721,1.3995652918257622,0.3296810232404104,0.6443078685235215,11
25-26-prem-burnley-vs-chelsea,7,prem,2025-11-22 12:30:00+00:00,2025-11-22 15:30:00+00:00,,90.0,1728.85,2.0,0.0,12.0,frozen-all-competitions,0.7379676004512388,1.3033033086613885,0.3296810232404104,0.4024474313919854,11
25-26-prem-afc-bournemouth-vs-west-ham-united,4,prem,2025-11-22 15:00:00+00:00,2025-11-22 18:00:00+00:00,,21.0,1738.1,2.0,2.0,12.0,frozen-all-competitions,0.7403617230262605,1.3033033086613885,0.3296810232404104,0.4148651298351165,11
25-26-prem-afc-bournemouth-vs-west-ham-united,19,prem,2025-11-22 15:00:00+00:00,2025-11-22 18:00:00+00:00,,91.0,1834.43,2.0,2.0,12.0,frozen-all-competitions,0.7819251202201829,1.3995652918257622,0.3296810232404104,0.5476741776602116,11
25-26-prem-brighton-hove-albion-vs-brentford,5,prem,2025-11-22 15:00:00+00:00,2025-11-22 18:00:00+00:00,,36.0,1846.72,1.0,2.0,12.0,frozen-all-competitions,0.768081773578182,1.3033033086613885,0.3296810232404104,0.5645270343773713,11
25-26-prem-brighton-hove-albion-vs-brentford,6,prem,2025-11-22 15:00:00+00:00,2025-11-22 18:00:00+00:00,,94.0,1829.36,2.0,1.0,12.0,frozen-all-competitions,0.7638080948831292,1.3033033086613885,0.3296810232404104,0.5406876091373866,11
25-26-prem-fulham-vs-sunderland,10,prem,2025-11-22 15:00:00+00:00,2025-11-22 18:00:00+00:00,,56.0,1650.21,1.0,0.0,12.0,frozen-all-competitions,0.7183256632473014,1.3033033086613885,0.3296810232404104,0.30318713490399296,11
25-26-prem-fulham-vs-sunderland,17,prem,2025-11-22 15:00:00+00:00,2025-11-22 18:00:00+00:00,,54.0,1778.93,0.0,1.0,12.0,frozen-all-competitions,0.7509627959037293,1.3033033086613885,0.3296810232404104,0.4707694798812807,11
25-26-prem-liverpool-vs-nottingham-forest,12,prem,2025-11-22 15:00:00+00:00,2025-11-22 18:00:00+00:00,,17.0,1764.14,0.0,3.0,12.0,frozen-all-competitions,0.7131867134981794,1.1308722757587584,0.3296810232404104,0.45035852302974927,11
25-26-prem-liverpool-vs-nottingham-forest,16,prem,2025-11-22 15:00:00+00:00,2025-11-22 18:00:00+00:00,,14.0,1979.06,3.0,0.0,12.0,frozen-all-competitions,0.7733828059369533,1.167800310359887,0.3296810232404104,0.7300305893471081,11
25-26-prem-wolverhampton-wanderers-vs-crystal-palace,8,prem,2025-11-22 15:00:00+00:00,2025-11-22 18:00:00+00:00,,39.0,1682.49,2.0,0.0,12.0,frozen-all-competitions,0.7053718610270319,1.20097875115889,0.3296810232404104,0.3423513364739793,11
25-26-prem-wolverhampton-wanderers-vs-crystal-palace,20,prem,2025-11-22 15:00:00+00:00,2025-11-22 18:00:00+00:00,,31.0,1857.01,0.0,2.0,12.0,frozen-all-competitions,0.7871400150640334,1.3995652918257622,0.3296810232404104,0.5785252255492829,11
25-26-prem-newcastle-united-vs-manchester-city,13,prem,2025-11-22 17:30:00+00:00,2025-11-22 20:30:00+00:00,,4.0,1866.85,1.0,2.0,12.0,frozen-all-competitions,0.7412254938375876,1.1308722757587584,0.3296810232404104,0.5917945402748391,11
25-26-prem-newcastle-united-vs-manchester-city,15,prem,2025-11-22 17:30:00+00:00,2025-11-22 20:30:00+00:00,,43.0,1997.46,2.0,1.0,12.0,frozen-all-competitions,0.7703433351304083,1.1308722757587584,0.3296810232404104,0.749697574040755,11
25-26-prem-leeds-united-vs-aston-villa,2,prem,2025-11-23 14:00:00+00:00,2025-11-23 17:00:00+00:00,,2.0,1721.38,2.0,1.0,12.0,frozen-all-competitions,0.7360412571990317,1.3033033086613885,0.3296810232404104,0.3925090275682533,11
25-26-prem-leeds-united-vs-aston-villa,11,prem,2025-11-23 14:00:00+00:00,2025-11-23 17:00:00+00:00,,7.0,1886.16,1.0,2.0,12.0,frozen-all-competitions,0.777372091178895,1.3033033086613885,0.3296810232404104,0.6174329781273702,11
25-26-prem-arsenal-vs-tottenham-hotspur,1,prem,2025-11-23 16:30:00+00:00,2025-11-23 19:30:00+00:00,,6.0,1830.28,4.0,1.0,12.0,frozen-all-competitions,0.7315517800136515,1.1308722757587584,0.3296810232404104,0.5419566588922423,11
25-26-prem-arsenal-vs-tottenham-hotspur,18,prem,2025-11-23 16:30:00+00:00,2025-11-23 19:30:00+00:00,,3.0,2038.41,1.0,4.0,12.0,frozen-all-competitions,0.7864321666316739,1.183941530519794,0.3296810232404104,0.789929414987009,11
25-26-prem-manchester-united-vs-everton,9,prem,2025-11-24 20:00:00+00:00,2025-11-24 23:00:00+00:00,,1.0,1834.22,1.0,0.0,12.0,frozen-all-competitions,0.7650142304750418,1.3033033086613885,0.3296810232404104,0.5473851465822079,11
25-26-prem-manchester-united-vs-everton,14,prem,2025-11-24 20:00:00+00:00,2025-11-24 23:00:00+00:00,,11.0,1803.58,0.0,1.0,12.0,frozen-all-competitions,0.7573042322321728,1.3033033086613885,0.3296810232404104,0.5049720583244129,11
25-26-champions-league-barcelona-vs-chelsea,7,champions-league,2025-11-25 20:00:00+00:00,2025-11-25 23:00:00+00:00,,nan,,3.0,0.0,12.0,frozen-all-competitions,0.8137144299254255,1.0743286619708203,0.9,0.5,11
25-26-champions-league-bayer-leverkusen-vs-manchester-city,13,champions-league,2025-11-25 20:00:00+00:00,2025-11-25 23:00:00+00:00,,nan,,0.0,2.0,12.0,frozen-all-competitions,0.8137144299254255,1.0743286619708203,0.9,0.5,11
25-26-champions-league-newcastle-united-vs-marseille,15,champions-league,2025-11-25 20:00:00+00:00,2025-11-25 23:00:00+00:00,,nan,,1.0,2.0,12.0,frozen-all-competitions,0.8137144299254255,1.0743286619708203,0.9,0.5,11
25-26-champions-league-bayern-münchen-vs-arsenal,1,champions-league,2025-11-26 20:00:00+00:00,2025-11-26 23:00:00+00:00,,nan,,3.0,1.0,12.0,frozen-all-competitions,0.8137144299254255,1.0743286619708203,0.9,0.5,11
25-26-champions-league-psv-eindhoven-vs-liverpool,12,champions-league,2025-11-26 20:00:00+00:00,2025-11-26 23:00:00+00:00,,nan,,1.0,4.0,12.0,frozen-all-competitions,0.8137144299254255,1.0743286619708203,0.9,0.5,11
25-26-champions-league-tottenham-hotspur-vs-paris-saint-germain,18,champions-league,2025-11-26 20:00:00+00:00,2025-11-26 23:00:00+00:00,,nan,,3.0,5.0,12.0,frozen-all-competitions,0.8212360633782154,1.1247444539938043,0.9,0.5,11
25-26-europa-league-young-boys-vs-aston-villa,2,europa-league,2025-11-27 17:45:00+00:00,2025-11-27 20:45:00+00:00,,nan,,2.0,1.0,12.0,frozen-all-competitions,0.7716162860287271,0.8174602172519209,0.9,0.5,11
25-26-prem-brentford-vs-burnley,3,prem,2025-11-29 15:00:00+00:00,2025-11-29 18:00:00+00:00,,94.0,1810.51,1.0,3.0,13.0,frozen-all-competitions,0.779356307113487,1.3995652918257622,0.3477608123117404,0.5145930764889329,11
25-26-prem-brentford-vs-burnley,5,prem,2025-11-29 15:00:00+00:00,2025-11-29 18:00:00+00:00,,90.0,1709.13,3.0,1.0,13.0,frozen-all-competitions,0.7364250334520278,1.3033033086613885,0.3477608123117404,0.3764054916287657,11
25-26-prem-manchester-city-vs-leeds-united,11,prem,2025-11-29 15:00:00+00:00,2025-11-29 18:00:00+00:00,,43.0,1956.28,2.0,3.0,13.0,frozen-all-competitions,0.7950175404879334,1.3033033086613885,0.3477608123117404,0.704375644822759,11
25-26-prem-manchester-city-vs-leeds-united,13,prem,2025-11-29 15:00:00+00:00,2025-11-29 18:00:00+00:00,,2.0,1703.44,3.0,2.0,13.0,frozen-all-competitions,0.7349880269690309,1.3033033086613885,0.3477608123117404,0.36901508205445327,11
25-26-prem-sunderland-vs-afc-bournemouth,4,prem,2025-11-29 15:00:00+00:00,2025-11-29 18:00:00+00:00,,56.0,1633.62,2.0,3.0,13.0,frozen-all-competitions,0.718116893713237,1.3033033086613885,0.3477608123117404,0.28407577114969235,11
25-26-prem-sunderland-vs-afc-bournemouth,17,prem,2025-11-29 15:00:00+00:00,2025-11-29 18:00:00+00:00,,91.0,1817.7,3.0,2.0,13.0,frozen-all-competitions,0.7641607356889546,1.3033033086613885,0.3477608123117404,0.5245635435374192,11
25-26-prem-everton-vs-newcastle-united,9,prem,2025-11-29 17:30:00+00:00,2025-11-29 20:30:00+00:00,,4.0,1855.71,1.0,4.0,13.0,frozen-all-competitions,0.7734380805322523,1.3033033086613885,0.3477608123117404,0.5767632121143934,11
25-26-prem-everton-vs-newcastle-united,15,prem,2025-11-29 17:30:00+00:00,2025-11-29 20:30:00+00:00,,11.0,1801.13,4.0,1.0,13.0,frozen-all-competitions,0.7599916186791189,1.3033033086613885,0.3477608123117404,0.5015694392900832,11
25-26-prem-tottenham-hotspur-vs-fulham,10,prem,2025-11-29 20:00:00+00:00,2025-11-29 23:00:00+00:00,,6.0,1809.21,2.0,1.0,13.0,frozen-all-competitions,0.7620321194880314,1.3033033086613885,0.3477608123117404,0.5127888766522098,11
25-26-prem-tottenham-hotspur-vs-fulham,18,prem,2025-11-29 20:00:00+00:00,2025-11-29 23:00:00+00:00,,54.0,1770.13,1.0,2.0,13.0,frozen-all-competitions,0.769578892220663,1.3995652918257622,0.3477608123117404,0.45860882963860683,11
25-26-prem-crystal-palace-vs-manchester-united,8,prem,2025-11-30 12:00:00+00:00,2025-11-30 15:00:00+00:00,,1.0,1811.29,1.0,2.0,13.0,frozen-all-competitions,0.7435333493697098,1.20097875115889,0.3477608123117404,0.5156754168675226,11
25-26-prem-crystal-palace-vs-manchester-united,14,prem,2025-11-30 12:00:00+00:00,2025-11-30 15:00:00+00:00,,31.0,1841.87,2.0,1.0,13.0,frozen-all-competitions,0.770114190722923,1.3033033086613885,0.3477608123117404,0.5578919782879742,11
25-26-prem-aston-villa-vs-wolverhampton-wanderers,2,prem,2025-11-30 14:05:00+00:00,2025-11-30 17:05:00+00:00,,39.0,1662.71,1.0,0.0,13.0,frozen-all-competitions,0.7249439916419043,1.3033033086613885,0.3477608123117404,0.3180555343036434,11
25-26-prem-aston-villa-vs-wolverhampton-wanderers,20,prem,2025-11-30 14:05:00+00:00,2025-11-30 17:05:00+00:00,,7.0,1879.55,0.0,1.0,13.0,frozen-all-competitions,0.7951167019275285,1.3995652918257622,0.3477608123117404,0.6087222552778323,11
25-26-prem-nottingham-forest-vs-brighton-hove-albion,6,prem,2025-11-30 14:05:00+00:00,2025-11-30 17:05:00+00:00,,17.0,1777.99,2.0,0.0,13.0,frozen-all-competitions,0.7540875150956483,1.3033033086613885,0.3477608123117404,0.4694685878494732,11
25-26-prem-nottingham-forest-vs-brighton-hove-albion,16,prem,2025-11-30 14:05:00+00:00,2025-11-30 17:05:00+00:00,,36.0,1840.19,0.0,2.0,13.0,frozen-all-competitions,0.744815518353353,1.167800310359887,0.3477608123117404,0.5555886976450479,11
25-26-prem-west-ham-united-vs-liverpool,12,prem,2025-11-30 14:05:00+00:00,2025-11-30 17:05:00+00:00,,21.0,1729.46,2.0,0.0,13.0,frozen-all-competitions,0.7416048962178592,1.3033033086613885,0.3477608123117404,0.40326267197484084,11
25-26-prem-west-ham-united-vs-liverpool,19,prem,2025-11-30 14:05:00+00:00,2025-11-30 17:05:00+00:00,,14.0,1918.49,0.0,2.0,13.0,frozen-all-competitions,0.8031658149978339,1.3995652918257622,0.3477608123117404,0.6588734090729327,11
25-26-prem-chelsea-vs-arsenal,1,prem,2025-11-30 16:30:00+00:00,2025-11-30 19:30:00+00:00,,8.0,1912.06,1.0,1.0,13.0,frozen-all-competitions,0.7557341786038689,1.1308722757587584,0.3477608123117404,0.6507995464302058,11
25-26-prem-chelsea-vs-arsenal,7,prem,2025-11-30 16:30:00+00:00,2025-11-30 19:30:00+00:00,,3.0,2037.35,1.0,1.0,13.0,frozen-all-competitions,0.8084569215773949,1.3033033086613885,0.3477608123117404,0.7889505387953986,11
25-26-prem-afc-bournemouth-vs-everton,4,prem,2025-12-02 19:30:00+00:00,2025-12-02 22:30:00+00:00,,11.0,1787.19,0.0,1.0,14.0,frozen-all-competitions,0.7598996950324891,1.3033033086613885,0.3666105236482087,0.48221583864508893,11
25-26-prem-afc-bournemouth-vs-everton,9,prem,2025-12-02 19:30:00+00:00,2025-12-02 22:30:00+00:00,,91.0,1806.24,1.0,0.0,14.0,frozen-all-competitions,0.764692321559894,1.3033033086613885,0.3666105236482087,0.5086657988203451,11
25-26-prem-fulham-vs-manchester-city,10,prem,2025-12-02 19:30:00+00:00,2025-12-02 22:30:00+00:00,,43.0,1958.29,4.0,5.0,14.0,frozen-all-competitions,0.7984459029838137,1.3033033086613885,0.3666105236482087,0.7066955678531075,11
25-26-prem-fulham-vs-manchester-city,13,prem,2025-12-02 19:30:00+00:00,2025-12-02 22:30:00+00:00,,54.0,1780.63,5.0,4.0,14.0,frozen-all-competitions,0.7582367968499831,1.3033033086613885,0.3666105236482087,0.4731231537131856,11
25-26-prem-newcastle-united-vs-tottenham-hotspur,15,prem,2025-12-02 20:15:00+00:00,2025-12-02 23:15:00+00:00,,6.0,1798.71,2.0,2.0,14.0,frozen-all-competitions,0.7628054220184993,1.3033033086613885,0.3666105236482087,0.4982083410017933,11
25-26-prem-newcastle-united-vs-tottenham-hotspur,18,prem,2025-12-02 20:15:00+00:00,2025-12-02 23:15:00+00:00,,4.0,1869.65,2.0,2.0,14.0,frozen-all-competitions,0.7960395448116956,1.3995652918257622,0.3666105236482087,0.5955469206108286,11
25-26-prem-arsenal-vs-brentford,1,prem,2025-12-03 19:30:00+00:00,2025-12-03 22:30:00+00:00,,94.0,1816.66,2.0,0.0,14.0,frozen-all-competitions,0.7350904652285989,1.1308722757587584,0.3666105236482087,0.5231223846932957,11
25-26-prem-arsenal-vs-brentford,5,prem,2025-12-03 19:30:00+00:00,2025-12-03 22:30:00+00:00,,3.0,2035.26,0.0,2.0,14.0,frozen-all-competitions,0.8110618414764938,1.3033033086613885,0.3666105236482087,0.7870107143230289,11
25-26-prem-brighton-hove-albion-vs-aston-villa,2,prem,2025-12-03 19:30:00+00:00,2025-12-03 22:30:00+00:00,,36.0,1851.01,4.0,3.0,14.0,frozen-all-competitions,0.7756146091825904,1.3033033086613885,0.3666105236482087,0.5703768586369932,11
25-26-prem-brighton-hove-albion-vs-aston-villa,6,prem,2025-12-03 19:30:00+00:00,2025-12-03 22:30:00+00:00,,7.0,1882.01,3.0,4.0,14.0,frozen-all-competitions,0.7827706999307514,1.3033033086613885,0.3666105236482087,0.6119724946925371,11
25-26-prem-burnley-vs-crystal-palace,3,prem,2025-12-03 19:30:00+00:00,2025-12-03 22:30:00+00:00,,31.0,1831.69,0.0,1.0,14.0,frozen-all-competitions,0.787525934957883,1.3995652918257622,0.3666105236482087,0.5439005539078597,11
25-26-prem-burnley-vs-crystal-palace,8,prem,2025-12-03 19:30:00+00:00,2025-12-03 22:30:00+00:00,,90.0,1702.98,1.0,0.0,14.0,frozen-all-competitions,0.718292893384258,1.20097875115889,0.3666105236482087,0.36842023839800847,11
25-26-prem-wolverhampton-wanderers-vs-nottingham-forest,16,prem,2025-12-03 19:30:00+00:00,2025-12-03 22:30:00+00:00,,39.0,1660.26,1.0,0.0,14.0,frozen-all-competitions,0.7004667582650385,1.167800310359887,0.3666105236482087,0.3151106741817965,11
25-26-prem-wolverhampton-wanderers-vs-nottingham-forest,20,prem,2025-12-03 19:30:00+00:00,2025-12-03 22:30:00+00:00,,17.0,1767.17,0.0,1.0,14.0,frozen-all-competitions,0.77218751797537,1.3995652918257622,0.3666105236482087,0.4545287606887184,11
25-26-prem-leeds-united-vs-chelsea,7,prem,2025-12-03 20:15:00+00:00,2025-12-03 23:15:00+00:00,,2.0,1701.43,1.0,3.0,14.0,frozen-all-competitions,0.7381417706162434,1.3033033086613885,0.3666105236482087,0.3664188268614764,11
25-26-prem-leeds-united-vs-chelsea,11,prem,2025-12-03 20:15:00+00:00,2025-12-03 23:15:00+00:00,,8.0,1914.14,3.0,1.0,14.0,frozen-all-competitions,0.7897360104231498,1.3033033086613885,0.3666105236482087,0.6534210588244594,11
25-26-prem-liverpool-vs-sunderland,12,prem,2025-12-03 20:15:00+00:00,2025-12-03 23:15:00+00:00,,56.0,1645.08,1.0,1.0,14.0,frozen-all-competitions,0.7245438654384991,1.3033033086613885,0.3666105236482087,0.29720007870359383,11
25-26-prem-liverpool-vs-sunderland,17,prem,2025-12-03 20:15:00+00:00,2025-12-03 23:15:00+00:00,,14.0,1925.0,1.0,1.0,14.0,frozen-all-competitions,0.7919745315494036,1.3033033086613885,0.3666105236482087,0.6669548851735586,11
25-26-prem-manchester-united-vs-west-ham-united,14,prem,2025-12-04 20:00:00+00:00,2025-12-04 23:00:00+00:00,,21.0,1722.95,1.0,1.0,14.0,frozen-all-competitions,0.7435504338840483,1.3033033086613885,0.3666105236482087,0.394590742407051,11
25-26-prem-manchester-united-vs-west-ham-united,19,prem,2025-12-04 20:00:00+00:00,2025-12-04 23:00:00+00:00,,1.0,1821.47,1.0,1.0,14.0,frozen-all-competitions,0.7851542651360333,1.3995652918257622,0.3666105236482087,0.5297841407666122,11
25-26-prem-aston-villa-vs-arsenal,1,prem,2025-12-06 12:30:00+00:00,2025-12-06 15:30:00+00:00,,7.0,1890.53,1.0,2.0,15.0,frozen-all-competitions,0.7577206195823817,1.1308722757587584,0.38619990471804194,0.6231510366654393,11
25-26-prem-aston-villa-vs-arsenal,2,prem,2025-12-06 12:30:00+00:00,2025-12-06 15:30:00+00:00,,3.0,2038.72,2.0,1.0,15.0,frozen-all-competitions,0.8145300237115644,1.3033033086613885,0.38619990471804194,0.79021505945226,11
25-26-prem-afc-bournemouth-vs-chelsea,4,prem,2025-12-06 15:00:00+00:00,2025-12-06 18:00:00+00:00,,8.0,1896.87,0.0,0.0,15.0,frozen-all-competitions,0.7893295829281398,1.3033033086613885,0.38619990471804194,0.6313858347105549,11
25-26-prem-afc-bournemouth-vs-chelsea,7,prem,2025-12-06 15:00:00+00:00,2025-12-06 18:00:00+00:00,,91.0,1796.38,0.0,0.0,15.0,frozen-all-competitions,0.7657515750084125,1.3033033086613885,0.38619990471804194,0.4949723916752739,11
25-26-prem-everton-vs-nottingham-forest,9,prem,2025-12-06 15:00:00+00:00,2025-12-06 18:00:00+00:00,,17.0,1773.69,3.0,0.0,15.0,frozen-all-competitions,0.7600632791640596,1.3033033086613885,0.38619990471804194,0.46352325309966513,11
25-26-prem-everton-vs-nottingham-forest,16,prem,2025-12-06 15:00:00+00:00,2025-12-06 18:00:00+00:00,,11.0,1797.06,0.0,3.0,15.0,frozen-all-competitions,0.7407589553084771,1.167800310359887,0.38619990471804194,0.49591675744279423,11
25-26-prem-manchester-city-vs-sunderland,13,prem,2025-12-06 15:00:00+00:00,2025-12-06 18:00:00+00:00,,56.0,1652.47,3.0,0.0,15.0,frozen-all-competitions,0.7301432391048001,1.3033033086613885,0.38619990471804194,0.30584621644413174,11
25-26-prem-manchester-city-vs-sunderland,17,prem,2025-12-06 15:00:00+00:00,2025-12-06 18:00:00+00:00,,43.0,1963.13,0.0,3.0,15.0,frozen-all-competitions,0.8024600280265325,1.3033033086613885,0.38619990471804194,0.7122378774692713,11
25-26-prem-newcastle-united-vs-burnley,3,prem,2025-12-06 15:00:00+00:00,2025-12-06 18:00:00+00:00,,4.0,1866.28,1.0,2.0,15.0,frozen-all-competitions,0.7984756945229565,1.3995652918257622,0.38619990471804194,0.5910293349014527,11
25-26-prem-newcastle-united-vs-burnley,15,prem,2025-12-06 15:00:00+00:00,2025-12-06 18:00:00+00:00,,90.0,1696.85,2.0,1.0,15.0,frozen-all-competitions,0.7407816746394018,1.3033033086613885,0.38619990471804194,0.36053207071606114,11
25-26-prem-tottenham-hotspur-vs-brentford,5,prem,2025-12-06 15:00:00+00:00,2025-12-06 18:00:00+00:00,,6.0,1802.07,0.0,2.0,15.0,frozen-all-competitions,0.7671661302885096,1.3033033086613885,0.38619990471804194,0.5028749683155231,11
25-26-prem-tottenham-hotspur-vs-brentford,18,prem,2025-12-06 15:00:00+00:00,2025-12-06 18:00:00+00:00,,94.0,1813.2,2.0,0.0,15.0,frozen-all-competitions,0.7865225720474651,1.3995652918257622,0.38619990471804194,0.5183251216999564,11
25-26-prem-leeds-united-vs-liverpool,11,prem,2025-12-06 17:30:00+00:00,2025-12-06 20:30:00+00:00,,14.0,1917.61,3.0,3.0,15.0,frozen-all-competitions,0.7936840858770383,1.3033033086613885,0.38619990471804194,0.6577737341792855,11
25-26-prem-leeds-united-vs-liverpool,12,prem,2025-12-06 17:30:00+00:00,2025-12-06 20:30:00+00:00,,2.0,1718.7,3.0,3.0,15.0,frozen-all-competitions,0.7462039168785742,1.3033033086613885,0.38619990471804194,0.38896457426656306,11
25-26-prem-brighton-hove-albion-vs-west-ham-united,6,prem,2025-12-07 14:00:00+00:00,2025-12-07 17:00:00+00:00,,21.0,1726.95,1.0,1.0,15.0,frozen-all-competitions,0.7482715166352031,1.3033033086613885,0.38619990471804194,0.3999116292009937,11
25-26-prem-brighton-hove-albion-vs-west-ham-united,19,prem,2025-12-07 14:00:00+00:00,2025-12-07 17:00:00+00:00,,36.0,1842.47,1.0,1.0,15.0,frozen-all-competitions,0.7932255754936371,1.3995652918257622,0.38619990471804194,0.558713980631888,11
25-26-prem-fulham-vs-crystal-palace,8,prem,2025-12-07 16:30:00+00:00,2025-12-07 19:30:00+00:00,,54.0,1775.79,2.0,1.0,15.0,frozen-all-competitions,0.7414664141650367,1.20097875115889,0.38619990471804194,0.46642559885539736,11
25-26-prem-fulham-vs-crystal-palace,10,prem,2025-12-07 16:30:00+00:00,2025-12-07 19:30:00+00:00,,31.0,1837.82,1.0,2.0,15.0,frozen-all-competitions,0.7758838864583608,1.3033033086613885,0.38619990471804194,0.5523353831793535,11
25-26-prem-wolverhampton-wanderers-vs-manchester-united,14,prem,2025-12-08 20:00:00+00:00,2025-12-08 23:00:00+00:00,,39.0,1653.75,4.0,1.0,15.0,frozen-all-competitions,0.7304410116633622,1.3033033086613885,0.38619990471804194,0.30735801686526387,11
25-26-prem-wolverhampton-wanderers-vs-manchester-united,20,prem,2025-12-08 20:00:00+00:00,2025-12-08 23:00:00+00:00,,1.0,1817.47,1.0,4.0,15.0,frozen-all-competitions,0.7875148387136243,1.3995652918257622,0.38619990471804194,0.5242448601036994,11
25-26-champions-league-chelsea-vs-atalanta,7,champions-league,2025-12-09 20:00:00+00:00,2025-12-09 23:00:00+00:00,,nan,,1.0,2.0,15.0,frozen-all-competitions,0.8137144299254255,1.0743286619708203,0.9,0.5,11
25-26-champions-league-liverpool-vs-inter,12,champions-league,2025-12-09 20:00:00+00:00,2025-12-09 23:00:00+00:00,,nan,,1.0,0.0,15.0,frozen-all-competitions,0.8137144299254255,1.0743286619708203,0.9,0.5,11
25-26-champions-league-slavia-prague-vs-tottenham-hotspur,18,champions-league,2025-12-09 20:00:00+00:00,2025-12-09 23:00:00+00:00,,nan,,3.0,0.0,15.0,frozen-all-competitions,0.8212360633782154,1.1247444539938043,0.9,0.5,11
25-26-champions-league-arsenal-vs-club-brugge,1,champions-league,2025-12-10 20:00:00+00:00,2025-12-10 23:00:00+00:00,,nan,,3.0,0.0,15.0,frozen-all-competitions,0.8137144299254255,1.0743286619708203,0.9,0.5,11
25-26-champions-league-newcastle-united-vs-bayer-leverkusen,15,champions-league,2025-12-10 20:00:00+00:00,2025-12-10 23:00:00+00:00,,nan,,2.0,2.0,15.0,frozen-all-competitions,0.8137144299254255,1.0743286619708203,0.9,0.5,11
25-26-europa-league-aston-villa-vs-basel,2,europa-league,2025-12-11 20:00:00+00:00,2025-12-11 23:00:00+00:00,,nan,,2.0,1.0,15.0,frozen-all-competitions,0.7716162860287271,0.8174602172519209,0.9,0.5,11
25-26-prem-chelsea-vs-everton,7,prem,2025-12-13 15:00:00+00:00,2025-12-13 18:00:00+00:00,,11.0,1817.24,2.0,0.0,16.0,frozen-all-competitions,0.7744710029137762,1.3033033086613885,0.4065020129622746,0.523926156924036,11
25-26-prem-chelsea-vs-everton,9,prem,2025-12-13 15:00:00+00:00,2025-12-13 18:00:00+00:00,,8.0,1895.75,0.0,2.0,16.0,frozen-all-competitions,0.792447482287409,1.3033033086613885,0.4065020129622746,0.6299365084677861,11
25-26-prem-liverpool-vs-brighton-hove-albion,6,prem,2025-12-13 15:00:00+00:00,2025-12-13 18:00:00+00:00,,14.0,1933.28,0.0,2.0,16.0,frozen-all-competitions,0.8000966219867047,1.3033033086613885,0.4065020129622746,0.6770930363553217,11
25-26-prem-liverpool-vs-brighton-hove-albion,12,prem,2025-12-13 15:00:00+00:00,2025-12-13 18:00:00+00:00,,36.0,1847.02,2.0,0.0,16.0,frozen-all-competitions,0.7815534260124746,1.3033033086613885,0.4065020129622746,0.5649367173262185,11
25-26-prem-burnley-vs-fulham,3,prem,2025-12-13 17:30:00+00:00,2025-12-13 20:30:00+00:00,,54.0,1777.06,2.0,3.0,16.0,frozen-all-competitions,0.781469281288225,1.3995652918257622,0.4065020129622746,0.46818194320439066,11
25-26-prem-burnley-vs-fulham,10,prem,2025-12-13 17:30:00+00:00,2025-12-13 20:30:00+00:00,,90.0,1702.69,3.0,2.0,16.0,frozen-all-competitions,0.7460870433053375,1.3033033086613885,0.4065020129622746,0.36804543369913173,11
25-26-prem-arsenal-vs-wolverhampton-wanderers,1,prem,2025-12-13 20:00:00+00:00,2025-12-13 23:00:00+00:00,,39.0,1653.79,2.0,1.0,16.0,frozen-all-competitions,0.6994709025404833,1.1308722757587584,0.4065020129622746,0.3074053275718163,11
25-26-prem-arsenal-vs-wolverhampton-wanderers,20,prem,2025-12-13 20:00:00+00:00,2025-12-13 23:00:00+00:00,,3.0,2042.27,1.0,2.0,16.0,frozen-all-competitions,0.8319531204701608,1.3995652918257622,0.4065020129622746,0.7934658035589846,11
25-26-prem-crystal-palace-vs-manchester-city,8,prem,2025-12-14 14:00:00+00:00,2025-12-14 17:00:00+00:00,,43.0,1983.81,0.0,3.0,16.0,frozen-all-competitions,0.7929304119248904,1.20097875115889,0.4065020129622746,0.7351997896837774,11
25-26-prem-crystal-palace-vs-manchester-city,13,prem,2025-12-14 14:00:00+00:00,2025-12-14 17:00:00+00:00,,31.0,1855.57,3.0,0.0,16.0,frozen-all-competitions,0.78353360929749,1.3033033086613885,0.4065020129622746,0.576573339469354,11
25-26-prem-nottingham-forest-vs-tottenham-hotspur,16,prem,2025-12-14 14:00:00+00:00,2025-12-14 17:00:00+00:00,,6.0,1826.74,3.0,0.0,16.0,frozen-all-competitions,0.7523850039856813,1.167800310359887,0.4065020129622746,0.5370707385368683,11
25-26-prem-nottingham-forest-vs-tottenham-hotspur,18,prem,2025-12-14 14:00:00+00:00,2025-12-14 17:00:00+00:00,,17.0,1776.16,0.0,3.0,16.0,frozen-all-competitions,0.7812566367242508,1.3995652918257622,0.4065020129622746,0.46693720576691644,11
25-26-prem-sunderland-vs-newcastle-united,15,prem,2025-12-14 14:00:00+00:00,2025-12-14 17:00:00+00:00,,56.0,1658.87,0.0,1.0,16.0,frozen-all-competitions,0.7356055268138376,1.3033033086613885,0.4065020129622746,0.3134464798898316,11
25-26-prem-sunderland-vs-newcastle-united,17,prem,2025-12-14 14:00:00+00:00,2025-12-14 17:00:00+00:00,,4.0,1880.38,1.0,0.0,16.0,frozen-all-competitions,0.7891193588929825,1.3033033086613885,0.4065020129622746,0.6098199750186716,11
25-26-prem-west-ham-united-vs-aston-villa,2,prem,2025-12-14 14:00:00+00:00,2025-12-14 17:00:00+00:00,,21.0,1740.52,3.0,2.0,16.0,frozen-all-competitions,0.7554581282089888,1.3033033086613885,0.4065020129622746,0.4181324869096566,11
25-26-prem-west-ham-united-vs-aston-villa,19,prem,2025-12-14 14:00:00+00:00,2025-12-14 17:00:00+00:00,,7.0,1912.17,2.0,3.0,16.0,frozen-all-competitions,0.8110742800928048,1.3995652918257622,0.4065020129622746,0.6509384144320626,11
25-26-prem-brentford-vs-leeds-united,5,prem,2025-12-14 16:30:00+00:00,2025-12-14 19:30:00+00:00,,2.0,1731.86,1.0,1.0,16.0,frozen-all-competitions,0.7532981633500946,1.3033033086613885,0.4065020129622746,0.4064753266867538,11
25-26-prem-brentford-vs-leeds-united,11,prem,2025-12-14 16:30:00+00:00,2025-12-14 19:30:00+00:00,,94.0,1812.33,1.0,1.0,16.0,frozen-all-competitions,0.7732796837923739,1.3033033086613885,0.4065020129622746,0.5171183069087772,11
25-26-prem-manchester-united-vs-afc-bournemouth,4,prem,2025-12-15 20:00:00+00:00,2025-12-15 23:00:00+00:00,,1.0,1835.53,4.0,4.0,16.0,frozen-all-competitions,0.7788526996276023,1.3033033086613885,0.4065020129622746,0.5491876202985931,11
25-26-prem-manchester-united-vs-afc-bournemouth,14,prem,2025-12-15 20:00:00+00:00,2025-12-15 23:00:00+00:00,,91.0,1806.95,4.0,4.0,16.0,frozen-all-competitions,0.7719679598580329,1.3033033086613885,0.4065020129622746,0.5096515787453725,11
25-26-efl-cup-chelsea-vs-cardiff-city,7,efl-cup,2025-12-16 20:00:00+00:00,2025-12-16 23:00:00+00:00,,nan,,3.0,1.0,16.0,frozen-all-competitions,0.7018569404962341,0.45615615803148596,0.9,0.5,11
25-26-efl-cup-brentford-vs-manchester-city,5,efl-cup,2025-12-17 19:30:00+00:00,2025-12-17 22:30:00+00:00,,43.0,1970.85,0.0,2.0,16.0,frozen-all-competitions,0.7459454971212282,0.45615615803148596,0.9,0.7209475570812447,11
25-26-efl-cup-fulham-vs-newcastle-united,15,efl-cup,2025-12-17 20:15:00+00:00,2025-12-17 23:15:00+00:00,,54.0,1813.1,2.0,1.0,16.0,frozen-all-competitions,0.7056484936176535,0.45615615803148596,0.9,0.5181864179637028,11
25-26-prem-newcastle-united-vs-chelsea,7,prem,2025-12-20 12:30:00+00:00,2025-12-20 15:30:00+00:00,,4.0,1868.0,2.0,2.0,17.0,frozen-all-competitions,0.7898685048163774,1.3033033086613885,0.42749265270362957,0.5933370183448218,11
25-26-prem-newcastle-united-vs-chelsea,15,prem,2025-12-20 12:30:00+00:00,2025-12-20 15:30:00+00:00,,8.0,1902.66,2.0,2.0,17.0,frozen-all-competitions,0.7973213452646344,1.3033033086613885,0.42749265270362957,0.6388400865177155,11
25-26-prem-afc-bournemouth-vs-burnley,3,prem,2025-12-20 15:00:00+00:00,2025-12-20 18:00:00+00:00,,91.0,1809.34,1.0,1.0,17.0,frozen-all-competitions,0.792494423798344,1.3995652918257622,0.42749265270362957,0.5129693124100235,11
25-26-prem-afc-bournemouth-vs-burnley,4,prem,2025-12-20 15:00:00+00:00,2025-12-20 18:00:00+00:00,,90.0,1695.19,1.0,1.0,17.0,frozen-all-competitions,0.7482319143260202,1.3033033086613885,0.42749265270362957,0.35840864561005126,11
25-26-prem-brighton-hove-albion-vs-sunderland,6,prem,2025-12-20 15:00:00+00:00,2025-12-20 18:00:00+00:00,,56.0,1671.25,0.0,0.0,17.0,frozen-all-competitions,0.742543304074482,1.3033033086613885,0.42749265270362957,0.3284336947986119,11
25-26-prem-brighton-hove-albion-vs-sunderland,17,prem,2025-12-20 15:00:00+00:00,2025-12-20 18:00:00+00:00,,36.0,1840.67,0.0,0.0,17.0,frozen-all-competitions,0.7836462635940367,1.3033033086613885,0.42749265270362957,0.5562470260577942,11
25-26-prem-manchester-city-vs-west-ham-united,13,prem,2025-12-20 15:00:00+00:00,2025-12-20 18:00:00+00:00,,21.0,1735.41,3.0,0.0,17.0,frozen-all-competitions,0.7580536169091912,1.3033033086613885,0.42749265270362957,0.4112420123512608,11
25-26-prem-manchester-city-vs-west-ham-united,19,prem,2025-12-20 15:00:00+00:00,2025-12-20 18:00:00+00:00,,43.0,1994.5,0.0,3.0,17.0,frozen-all-competitions,0.8283043244843618,1.3995652918257622,0.42749265270362957,0.7465991026710113,11
25-26-prem-wolverhampton-wanderers-vs-brentford,5,prem,2025-12-20 15:00:00+00:00,2025-12-20 18:00:00+00:00,,39.0,1652.87,2.0,0.0,17.0,frozen-all-competitions,0.7564614176528719,1.3995652918257622,0.42749265270362957,0.30631820724351994,11
25-26-prem-wolverhampton-wanderers-vs-brentford,20,prem,2025-12-20 15:00:00+00:00,2025-12-20 18:00:00+00:00,,94.0,1808.6,0.0,2.0,17.0,frozen-all-competitions,0.7923254630145257,1.3995652918257622,0.42749265270362957,0.5119421728150718,11
25-26-prem-tottenham-hotspur-vs-liverpool,12,prem,2025-12-20 17:30:00+00:00,2025-12-20 20:30:00+00:00,,6.0,1813.06,2.0,1.0,17.0,frozen-all-competitions,0.7771140466415636,1.3033033086613885,0.42749265270362957,0.5181309356832143,11
25-26-prem-tottenham-hotspur-vs-liverpool,18,prem,2025-12-20 17:30:00+00:00,2025-12-20 20:30:00+00:00,,14.0,1939.62,1.0,2.0,17.0,frozen-all-competitions,0.8193283132122099,1.3995652918257622,0.42749265270362957,0.6847454307956313,11
25-26-prem-everton-vs-arsenal,1,prem,2025-12-20 20:00:00+00:00,2025-12-20 23:00:00+00:00,,11.0,1810.32,1.0,0.0,17.0,frozen-all-competitions,0.7451089664231557,1.1308722757587584,0.42749265270362957,0.5143294083519083,11
25-26-prem-everton-vs-arsenal,9,prem,2025-12-20 20:00:00+00:00,2025-12-20 23:00:00+00:00,,3.0,2043.19,0.0,1.0,17.0,frozen-all-competitions,0.8212879762676343,1.3033033086613885,0.42749265270362957,0.7943021450369535,11
25-26-prem-leeds-united-vs-crystal-palace,8,prem,2025-12-20 20:00:00+00:00,2025-12-20 23:00:00+00:00,,2.0,1735.59,1.0,4.0,17.0,frozen-all-competitions,0.7388414312084094,1.20097875115889,0.42749265270362957,0.4114841558428795,11
25-26-prem-leeds-united-vs-crystal-palace,11,prem,2025-12-20 20:00:00+00:00,2025-12-20 23:00:00+00:00,,31.0,1844.89,4.0,1.0,17.0,frozen-all-competitions,0.7846244659072347,1.3033033086613885,0.42749265270362957,0.5620260799021869,11
25-26-prem-aston-villa-vs-manchester-united,2,prem,2025-12-21 16:30:00+00:00,2025-12-21 19:30:00+00:00,,1.0,1833.14,2.0,1.0,17.0,frozen-all-competitions,0.7818865242035747,1.3033033086613885,0.42749265270362957,0.545898200400767,11
25-26-prem-aston-villa-vs-manchester-united,14,prem,2025-12-21 16:30:00+00:00,2025-12-21 19:30:00+00:00,,7.0,1917.28,1.0,2.0,17.0,frozen-all-competitions,0.8002978363990234,1.3033033086613885,0.42749265270362957,0.6573609178975686,11
25-26-prem-fulham-vs-nottingham-forest,10,prem,2025-12-22 20:00:00+00:00,2025-12-22 23:00:00+00:00,,17.0,1789.85,1.0,0.0,17.0,frozen-all-competitions,0.7714827254398103,1.3033033086613885,0.42749265270362957,0.48590651200984103,11
25-26-prem-fulham-vs-nottingham-forest,16,prem,2025-12-22 20:00:00+00:00,2025-12-22 23:00:00+00:00,,54.0,1784.56,0.0,1.0,17.0,frozen-all-competitions,0.745330602419971,1.167800310359887,0.42749265270362957,0.4785686945978079,11
25-26-efl-cup-crystal-palace-vs-arsenal,1,efl-cup,2025-12-23 20:00:00+00:00,2025-12-23 23:00:00+00:00,,31.0,1803.82,1.0,1.0,17.0,frozen-all-competitions,0.6902120104215498,0.3958052965155654,0.9,0.5053053564369799,11
25-26-efl-cup-crystal-palace-vs-arsenal,8,efl-cup,2025-12-23 20:00:00+00:00,2025-12-23 23:00:00+00:00,,3.0,2063.76,1.0,1.0,17.0,frozen-all-competitions,0.7563349140285985,0.4203425629056115,0.9,0.8123470392100409,11
25-26-prem-manchester-united-vs-newcastle-united,14,prem,2025-12-26 20:00:00+00:00,2025-12-26 23:00:00+00:00,,4.0,1867.39,1.0,0.0,18.0,frozen-all-competitions,0.7933064464866812,1.3033033086613885,0.4491499377270834,0.592519061497298,11
25-26-prem-manchester-united-vs-newcastle-united,15,prem,2025-12-26 20:00:00+00:00,2025-12-26 23:00:00+00:00,,1.0,1828.69,0.0,1.0,18.0,frozen-all-competitions,0.78452208860353,1.3033033086613885,0.4491499377270834,0.5397630767005556,11
25-26-prem-nottingham-forest-vs-manchester-city,13,prem,2025-12-27 12:30:00+00:00,2025-12-27 15:30:00+00:00,,17.0,1783.23,2.0,1.0,18.0,frozen-all-competitions,0.7736747449458925,1.3033033086613885,0.4491499377270834,0.47672516641512735,11
25-26-prem-nottingham-forest-vs-manchester-city,16,prem,2025-12-27 12:30:00+00:00,2025-12-27 15:30:00+00:00,,43.0,1997.73,1.0,2.0,18.0,frozen-all-competitions,0.7968835654673689,1.167800310359887,0.4491499377270834,0.7499789452837,11
25-26-prem-arsenal-vs-brighton-hove-albion,1,prem,2025-12-27 15:00:00+00:00,2025-12-27 18:00:00+00:00,,36.0,1834.97,2.0,1.0,18.0,frozen-all-competitions,0.7555507930751942,1.1308722757587584,0.4491499377270834,0.5484172523448354,11
25-26-prem-arsenal-vs-brighton-hove-albion,6,prem,2025-12-27 15:00:00+00:00,2025-12-27 18:00:00+00:00,,3.0,2047.2,1.0,2.0,18.0,frozen-all-competitions,0.8249673694132955,1.3033033086613885,0.4491499377270834,0.79791816990032,11
25-26-prem-brentford-vs-afc-bournemouth,4,prem,2025-12-27 15:00:00+00:00,2025-12-27 18:00:00+00:00,,94.0,1816.27,1.0,4.0,18.0,frozen-all-competitions,0.7816034548213542,1.3033033086613885,0.4491499377270834,0.5225818495548821,11
25-26-prem-brentford-vs-afc-bournemouth,5,prem,2025-12-27 15:00:00+00:00,2025-12-27 18:00:00+00:00,,91.0,1804.81,4.0,1.0,18.0,frozen-all-competitions,0.7950103083161785,1.3995652918257622,0.4491499377270834,0.5066801580479288,11
25-26-prem-burnley-vs-everton,3,prem,2025-12-27 15:00:00+00:00,2025-12-27 18:00:00+00:00,,11.0,1806.31,0.0,0.0,18.0,frozen-all-competitions,0.795349536867692,1.3995652918257622,0.4491499377270834,0.5087629915097729,11
25-26-prem-burnley-vs-everton,9,prem,2025-12-27 15:00:00+00:00,2025-12-27 18:00:00+00:00,,90.0,1699.72,0.0,0.0,18.0,frozen-all-competitions,0.753370402308709,1.3033033086613885,0.4491499377270834,0.36421615599653673,11
25-26-prem-liverpool-vs-wolverhampton-wanderers,12,prem,2025-12-27 15:00:00+00:00,2025-12-27 18:00:00+00:00,,39.0,1645.19,2.0,1.0,18.0,frozen-all-competitions,0.7407328400780253,1.3033033086613885,0.4491499377270834,0.2973277386382218,11
25-26-prem-liverpool-vs-wolverhampton-wanderers,20,prem,2025-12-27 15:00:00+00:00,2025-12-27 18:00:00+00:00,,14.0,1945.69,1.0,2.0,18.0,frozen-all-competitions,0.8235656616037104,1.3995652918257622,0.4491499377270834,0.6919792649422674,11
25-26-prem-west-ham-united-vs-fulham,10,prem,2025-12-27 15:00:00+00:00,2025-12-27 18:00:00+00:00,,21.0,1732.18,1.0,0.0,18.0,frozen-all-competitions,0.7612159566855455,1.3033033086613885,0.4491499377270834,0.40690429235929726,11
25-26-prem-west-ham-united-vs-fulham,19,prem,2025-12-27 15:00:00+00:00,2025-12-27 18:00:00+00:00,,54.0,1791.18,0.0,1.0,18.0,frozen-all-competitions,0.7919084525350739,1.3995652918257622,0.4491499377270834,0.48775245043248633,11
25-26-prem-chelsea-vs-aston-villa,2,prem,2025-12-27 17:30:00+00:00,2025-12-27 20:30:00+00:00,,8.0,1903.27,2.0,1.0,18.0,frozen-all-competitions,0.8009232762319864,1.3033033086613885,0.4491499377270834,0.639621614119977,11
25-26-prem-chelsea-vs-aston-villa,7,prem,2025-12-27 17:30:00+00:00,2025-12-27 20:30:00+00:00,,7.0,1921.72,1.0,2.0,18.0,frozen-all-competitions,0.8046081347135354,1.3033033086613885,0.4491499377270834,0.6628950156745353,11
25-26-prem-sunderland-vs-leeds-united,11,prem,2025-12-28 14:00:00+00:00,2025-12-28 17:00:00+00:00,,56.0,1676.95,1.0,1.0,18.0,frozen-all-competitions,0.7479877801879654,1.3033033086613885,0.4491499377270834,0.335455817152101,11
25-26-prem-sunderland-vs-leeds-united,17,prem,2025-12-28 14:00:00+00:00,2025-12-28 17:00:00+00:00,,2.0,1751.88,1.0,1.0,18.0,frozen-all-competitions,0.7660276143784249,1.3033033086613885,0.4491499377270834,0.43356187457496775,11
25-26-prem-crystal-palace-vs-tottenham-hotspur,8,prem,2025-12-28 16:30:00+00:00,2025-12-28 19:30:00+00:00,,6.0,1806.99,0.0,1.0,18.0,frozen-all-competitions,0.7613028779969149,1.20097875115889,0.4491499377270834,0.5097071134809282,11
25-26-prem-crystal-palace-vs-tottenham-hotspur,18,prem,2025-12-28 16:30:00+00:00,2025-12-28 19:30:00+00:00,,31.0,1828.6,1.0,0.0,18.0,frozen-all-competitions,0.800329353684176,1.3995652918257622,0.4491499377270834,0.5396388647847535,11
25-26-prem-burnley-vs-newcastle-united,3,prem,2025-12-30 19:30:00+00:00,2025-12-30 22:30:00+00:00,,4.0,1860.02,1.0,3.0,19.0,frozen-all-competitions,0.8105543874040098,1.3995652918257622,0.4714539456071889,0.5825972264545044,11
25-26-prem-burnley-vs-newcastle-united,15,prem,2025-12-30 19:30:00+00:00,2025-12-30 22:30:00+00:00,,90.0,1701.0,3.0,1.0,19.0,frozen-all-competitions,0.7577937588415653,1.3033033086613885,0.4714539456071889,0.36586440898919936,11
25-26-prem-chelsea-vs-afc-bournemouth,4,prem,2025-12-30 19:30:00+00:00,2025-12-30 22:30:00+00:00,,8.0,1894.07,2.0,2.0,19.0,frozen-all-competitions,0.8025827384258647,1.3033033086613885,0.4714539456071889,0.6277581284358037,11
25-26-prem-chelsea-vs-afc-bournemouth,7,prem,2025-12-30 19:30:00+00:00,2025-12-30 22:30:00+00:00,,91.0,1794.22,2.0,2.0,19.0,frozen-all-competitions,0.7801824924852905,1.3033033086613885,0.4714539456071889,0.4919729119536003,11
25-26-prem-nottingham-forest-vs-everton,9,prem,2025-12-30 19:30:00+00:00,2025-12-30 22:30:00+00:00,,17.0,1778.9,2.0,0.0,19.0,frozen-all-competitions,0.7765173510941151,1.3033033086613885,0.4714539456071889,0.4707279558208896,11
25-26-prem-nottingham-forest-vs-everton,16,prem,2025-12-30 19:30:00+00:00,2025-12-30 22:30:00+00:00,,11.0,1805.03,0.0,2.0,19.0,frozen-all-competitions,0.7588234516030283,1.167800310359887,0.4714539456071889,0.5069856565301002,11
25-26-prem-west-ham-united-vs-brighton-hove-albion,6,prem,2025-12-30 19:30:00+00:00,2025-12-30 22:30:00+00:00,,21.0,1724.14,2.0,2.0,19.0,frozen-all-competitions,0.7633127897859459,1.3033033086613885,0.4714539456071889,0.39617115898388056,11
25-26-prem-west-ham-united-vs-brighton-hove-albion,19,prem,2025-12-30 19:30:00+00:00,2025-12-30 22:30:00+00:00,,36.0,1832.58,2.0,2.0,19.0,frozen-all-competitions,0.8047335361458237,1.3995652918257622,0.4714539456071889,0.5451268671091032,11
25-26-prem-arsenal-vs-aston-villa,1,prem,2025-12-30 20:15:00+00:00,2025-12-30 23:15:00+00:00,,7.0,1930.92,4.0,1.0,19.0,frozen-all-competitions,0.7818612624209013,1.1308722757587584,0.4714539456071889,0.6742198183768243,11
25-26-prem-arsenal-vs-aston-villa,2,prem,2025-12-30 20:15:00+00:00,2025-12-30 23:15:00+00:00,,3.0,2049.59,1.0,4.0,19.0,frozen-all-competitions,0.8284679368286182,1.3033033086613885,0.4714539456071889,0.8000506751827626,11
25-26-prem-manchester-united-vs-wolverhampton-wanderers,14,prem,2025-12-30 20:15:00+00:00,2025-12-30 23:15:00+00:00,,39.0,1643.74,1.0,1.0,19.0,frozen-all-competitions,0.7446738798383732,1.3033033086613885,0.4714539456071889,0.29564749243549443,11
25-26-prem-manchester-united-vs-wolverhampton-wanderers,20,prem,2025-12-30 20:15:00+00:00,2025-12-30 23:15:00+00:00,,1.0,1836.06,1.0,1.0,19.0,frozen-all-competitions,0.8054850688347027,1.3995652918257622,0.4714539456071889,0.5499165014654472,11
25-26-prem-crystal-palace-vs-fulham,8,prem,2026-01-01 17:30:00+00:00,2026-01-01 20:30:00+00:00,,54.0,1796.45,1.0,1.0,19.0,frozen-all-competitions,0.7626932482032283,1.20097875115889,0.4714539456071889,0.49506960425645463,11
25-26-prem-crystal-palace-vs-fulham,10,prem,2026-01-01 17:30:00+00:00,2026-01-01 20:30:00+00:00,,31.0,1806.82,1.0,1.0,19.0,frozen-all-competitions,0.7831686743842288,1.3033033086613885,0.4714539456071889,0.5094710892166912,11
25-26-prem-liverpool-vs-leeds-united,11,prem,2026-01-01 17:30:00+00:00,2026-01-01 20:30:00+00:00,,14.0,1944.39,0.0,0.0,19.0,frozen-all-competitions,0.8123259532266401,1.3033033086613885,0.4714539456071889,0.6904377612641286,11
25-26-prem-liverpool-vs-leeds-united,12,prem,2026-01-01 17:30:00+00:00,2026-01-01 20:30:00+00:00,,2.0,1748.41,0.0,0.0,19.0,frozen-all-competitions,0.7691629826420042,1.3033033086613885,0.4714539456071889,0.42883372485799476,11
25-26-prem-brentford-vs-tottenham-hotspur,5,prem,2026-01-01 20:00:00+00:00,2026-01-01 23:00:00+00:00,,6.0,1814.06,0.0,0.0,19.0,frozen-all-competitions,0.8006779730593019,1.3995652918257622,0.4714539456071889,0.5195178550217364,11
25-26-prem-brentford-vs-tottenham-hotspur,18,prem,2026-01-01 20:00:00+00:00,2026-01-01 23:00:00+00:00,,94.0,1824.11,0.0,0.0,19.0,frozen-all-competitions,0.8028899372721741,1.3995652918257622,0.4714539456071889,0.5334361359249589,11
25-26-prem-sunderland-vs-manchester-city,13,prem,2026-01-01 20:00:00+00:00,2026-01-01 23:00:00+00:00,,56.0,1674.57,0.0,0.0,19.0,frozen-all-competitions,0.7516201681760264,1.3033033086613885,0.4714539456071889,0.3325146921389541,11
25-26-prem-sunderland-vs-manchester-city,17,prem,2026-01-01 20:00:00+00:00,2026-01-01 23:00:00+00:00,,43.0,1999.3,0.0,0.0,19.0,frozen-all-competitions,0.8214743080880056,1.3033033086613885,0.4714539456071889,0.7516108851864323,11
25-26-prem-aston-villa-vs-nottingham-forest,2,prem,2026-01-03 12:30:00+00:00,2026-01-03 15:30:00+00:00,,17.0,1776.14,3.0,1.0,20.0,frozen-all-competitions,0.779816835273714,1.3033033086613885,0.49438644042389385,0.46690954955169545,11
25-26-prem-aston-villa-vs-nottingham-forest,16,prem,2026-01-03 12:30:00+00:00,2026-01-03 15:30:00+00:00,,7.0,1928.17,1.0,3.0,20.0,frozen-all-competitions,0.7913433644865686,1.167800310359887,0.49438644042389385,0.6708552032480329,11
25-26-prem-brighton-hove-albion-vs-burnley,3,prem,2026-01-03 15:00:00+00:00,2026-01-03 18:00:00+00:00,,36.0,1829.82,0.0,2.0,20.0,frozen-all-competitions,0.8077217258565598,1.3995652918257622,0.49438644042389385,0.541322201021354,11
25-26-prem-brighton-hove-albion-vs-burnley,6,prem,2026-01-03 15:00:00+00:00,2026-01-03 18:00:00+00:00,,90.0,1698.24,2.0,0.0,20.0,frozen-all-competitions,0.7613334559650952,1.3033033086613885,0.49438644042389385,0.3623143296253166,11
25-26-prem-wolverhampton-wanderers-vs-west-ham-united,19,prem,2026-01-03 15:00:00+00:00,2026-01-03 18:00:00+00:00,,39.0,1640.97,0.0,3.0,20.0,frozen-all-competitions,0.7660974401800194,1.3995652918257622,0.49438644042389385,0.2924530182933745,11
25-26-prem-wolverhampton-wanderers-vs-west-ham-united,20,prem,2026-01-03 15:00:00+00:00,2026-01-03 18:00:00+00:00,,21.0,1721.38,3.0,0.0,20.0,frozen-all-competitions,0.7835475336307317,1.3995652918257622,0.49438644042389385,0.3925090275682533,11
25-26-prem-afc-bournemouth-vs-arsenal,1,prem,2026-01-03 17:30:00+00:00,2026-01-03 20:30:00+00:00,,91.0,1791.45,3.0,2.0,20.0,frozen-all-competitions,0.7527598178556411,1.1308722757587584,0.49438644042389385,0.4881272322437473,11
25-26-prem-afc-bournemouth-vs-arsenal,4,prem,2026-01-03 17:30:00+00:00,2026-01-03 20:30:00+00:00,,3.0,2046.83,2.0,3.0,20.0,frozen-all-competitions,0.8313571426576039,1.3033033086613885,0.49438644042389385,0.7975865193479612,11
25-26-prem-leeds-united-vs-manchester-united,11,prem,2026-01-04 12:30:00+00:00,2026-01-04 15:30:00+00:00,,1.0,1833.3,1.0,1.0,20.0,frozen-all-competitions,0.7931155157842634,1.3033033086613885,0.49438644042389385,0.5461185410457796,11
25-26-prem-leeds-united-vs-manchester-united,14,prem,2026-01-04 12:30:00+00:00,2026-01-04 15:30:00+00:00,,2.0,1748.41,1.0,1.0,20.0,frozen-all-competitions,0.773209521732733,1.3033033086613885,0.49438644042389385,0.42883372485799476,11
25-26-prem-everton-vs-brentford,5,prem,2026-01-04 15:00:00+00:00,2026-01-04 18:00:00+00:00,,11.0,1802.27,4.0,2.0,20.0,frozen-all-competitions,0.8017240093333479,1.3995652918257622,0.49438644042389385,0.5031527359935951,11
25-26-prem-everton-vs-brentford,9,prem,2026-01-04 15:00:00+00:00,2026-01-04 18:00:00+00:00,,94.0,1824.11,2.0,4.0,20.0,frozen-all-competitions,0.7910268083860181,1.3033033086613885,0.49438644042389385,0.5334361359249589,11
25-26-prem-newcastle-united-vs-crystal-palace,8,prem,2026-01-04 15:00:00+00:00,2026-01-04 18:00:00+00:00,,4.0,1857.27,0.0,2.0,20.0,frozen-all-competitions,0.781468142813555,1.20097875115889,0.49438644042389385,0.5788773899055161,11
25-26-prem-newcastle-united-vs-crystal-palace,15,prem,2026-01-04 15:00:00+00:00,2026-01-04 18:00:00+00:00,,31.0,1806.82,2.0,0.0,20.0,frozen-all-competitions,0.7870376735746899,1.3033033086613885,0.49438644042389385,0.5094710892166912,11
25-26-prem-tottenham-hotspur-vs-sunderland,17,prem,2026-01-04 15:00:00+00:00,2026-01-04 18:00:00+00:00,,6.0,1814.06,1.0,1.0,20.0,frozen-all-competitions,0.7887167494585205,1.3033033086613885,0.49438644042389385,0.5195178550217364,11
25-26-prem-tottenham-hotspur-vs-sunderland,18,prem,2026-01-04 15:00:00+00:00,2026-01-04 18:00:00+00:00,,56.0,1674.57,1.0,1.0,20.0,frozen-all-competitions,0.773199517563308,1.3995652918257622,0.49438644042389385,0.3325146921389541,11
25-26-prem-fulham-vs-liverpool,10,prem,2026-01-04 15:15:00+00:00,2026-01-04 18:15:00+00:00,,14.0,1944.39,2.0,2.0,20.0,frozen-all-competitions,0.8157970557777712,1.3033033086613885,0.49438644042389385,0.6904377612641286,11
25-26-prem-fulham-vs-liverpool,12,prem,2026-01-04 15:15:00+00:00,2026-01-04 18:15:00+00:00,,54.0,1796.45,2.0,2.0,20.0,frozen-all-competitions,0.7846138721538105,1.3033033086613885,0.49438644042389385,0.49506960425645463,11
25-26-prem-manchester-city-vs-chelsea,7,prem,2026-01-04 17:30:00+00:00,2026-01-04 20:30:00+00:00,,43.0,1999.3,1.0,1.0,20.0,frozen-all-competitions,0.8248126987437074,1.3033033086613885,0.49438644042389385,0.7516108851864323,11
25-26-prem-manchester-city-vs-chelsea,13,prem,2026-01-04 17:30:00+00:00,2026-01-04 20:30:00+00:00,,8.0,1891.31,1.0,1.0,20.0,frozen-all-competitions,0.8056295041906942,1.3033033086613885,0.49438644042389385,0.6241681055399371,11
25-26-prem-west-ham-united-vs-nottingham-forest,16,prem,2026-01-06 20:00:00+00:00,2026-01-06 23:00:00+00:00,,21.0,1708.14,2.0,1.0,21.0,frozen-all-competitions,0.7428522497883087,1.167800310359887,0.517930647391917,0.3751153876683545,11
25-26-prem-west-ham-united-vs-nottingham-forest,19,prem,2026-01-06 20:00:00+00:00,2026-01-06 23:00:00+00:00,,17.0,1758.73,1.0,2.0,21.0,frozen-all-competitions,0.7958289707450351,1.3995652918257622,0.517930647391917,0.44293034136582365,11
25-26-prem-afc-bournemouth-vs-tottenham-hotspur,4,prem,2026-01-07 19:30:00+00:00,2026-01-07 22:30:00+00:00,,6.0,1810.89,3.0,2.0,21.0,frozen-all-competitions,0.791889775391529,1.3033033086613885,0.517930647391917,0.5151203882479052,11
25-26-prem-afc-bournemouth-vs-tottenham-hotspur,18,prem,2026-01-07 19:30:00+00:00,2026-01-07 22:30:00+00:00,,91.0,1792.22,2.0,3.0,21.0,frozen-all-competitions,0.8032436712115557,1.3995652918257622,0.517930647391917,0.4891961263395737,11
25-26-prem-brentford-vs-sunderland,5,prem,2026-01-07 19:30:00+00:00,2026-01-07 22:30:00+00:00,,56.0,1686.13,3.0,0.0,21.0,frozen-all-competitions,0.7797851292516756,1.3995652918257622,0.517930647391917,0.34691871227195953,11
25-26-prem-brentford-vs-sunderland,17,prem,2026-01-07 19:30:00+00:00,2026-01-07 22:30:00+00:00,,94.0,1835.7,0.0,3.0,21.0,frozen-all-competitions,0.7974860213000899,1.3033033086613885,0.517930647391917,0.5494214355207866,11
25-26-prem-crystal-palace-vs-aston-villa,2,prem,2026-01-07 19:30:00+00:00,2026-01-07 22:30:00+00:00,,31.0,1797.64,0.0,0.0,21.0,frozen-all-competitions,0.7888414746937537,1.3033033086613885,0.517930647391917,0.4967222691759191,11
25-26-prem-crystal-palace-vs-aston-villa,8,prem,2026-01-07 19:30:00+00:00,2026-01-07 22:30:00+00:00,,7.0,1925.89,0.0,0.0,21.0,frozen-all-competitions,0.8001067473422323,1.20097875115889,0.517930647391917,0.668052267044629,11
25-26-prem-everton-vs-wolverhampton-wanderers,9,prem,2026-01-07 19:30:00+00:00,2026-01-07 22:30:00+00:00,,39.0,1661.81,1.0,1.0,21.0,frozen-all-competitions,0.7573501056891158,1.3033033086613885,0.517930647391917,0.31697204118179306,11
25-26-prem-everton-vs-wolverhampton-wanderers,20,prem,2026-01-07 19:30:00+00:00,2026-01-07 22:30:00+00:00,,11.0,1801.65,1.0,1.0,21.0,frozen-all-competitions,0.8053051150364716,1.3995652918257622,0.517930647391917,0.5022916506198302,11
25-26-prem-fulham-vs-chelsea,7,prem,2026-01-07 19:30:00+00:00,2026-01-07 22:30:00+00:00,,54.0,1800.63,1.0,2.0,21.0,frozen-all-competitions,0.789532367714661,1.3033033086613885,0.517930647391917,0.500874999106772,11
25-26-prem-fulham-vs-chelsea,10,prem,2026-01-07 19:30:00+00:00,2026-01-07 22:30:00+00:00,,8.0,1891.47,2.0,1.0,21.0,frozen-all-competitions,0.8093219749288036,1.3033033086613885,0.517930647391917,0.6243766000979357,11
25-26-prem-manchester-city-vs-brighton-hove-albion,6,prem,2026-01-07 19:30:00+00:00,2026-01-07 22:30:00+00:00,,43.0,1988.38,1.0,1.0,21.0,frozen-all-competitions,0.8265465364052412,1.3033033086613885,0.517930647391917,0.7401129229599006,11
25-26-prem-manchester-city-vs-brighton-hove-albion,13,prem,2026-01-07 19:30:00+00:00,2026-01-07 22:30:00+00:00,,36.0,1833.44,1.0,1.0,21.0,frozen-all-competitions,0.7969832671577937,1.3033033086613885,0.517930647391917,0.5463113242943977,11
25-26-prem-burnley-vs-manchester-united,3,prem,2026-01-07 20:15:00+00:00,2026-01-07 23:15:00+00:00,,1.0,1826.75,2.0,2.0,21.0,frozen-all-competitions,0.8107023750960031,1.3995652918257622,0.517930647391917,0.5370845510506594,11
25-26-prem-burnley-vs-manchester-united,14,prem,2026-01-07 20:15:00+00:00,2026-01-07 23:15:00+00:00,,90.0,1685.38,2.0,2.0,21.0,frozen-all-competitions,0.7626402034198737,1.3033033086613885,0.517930647391917,0.3459752898908869,11
25-26-prem-newcastle-united-vs-leeds-united,11,prem,2026-01-07 20:15:00+00:00,2026-01-07 23:15:00+00:00,,4.0,1872.37,3.0,4.0,21.0,frozen-all-competitions,0.8054035274340425,1.3033033086613885,0.517930647391917,0.5991814290843119,11
25-26-prem-newcastle-united-vs-leeds-united,15,prem,2026-01-07 20:15:00+00:00,2026-01-07 23:15:00+00:00,,2.0,1754.98,4.0,3.0,21.0,frozen-all-competitions,0.778859100939345,1.3033033086613885,0.517930647391917,0.4377961510717487,11
25-26-prem-arsenal-vs-liverpool,1,prem,2026-01-08 20:00:00+00:00,2026-01-08 23:00:00+00:00,,14.0,1935.92,0.0,0.0,21.0,frozen-all-competitions,0.7906907796813409,1.1308722757587584,0.517930647391917,0.6802913632965515,11
25-26-prem-arsenal-vs-liverpool,12,prem,2026-01-08 20:00:00+00:00,2026-01-08 23:00:00+00:00,,3.0,2057.15,0.0,0.0,21.0,frozen-all-competitions,0.835884332252633,1.3033033086613885,0.517930647391917,0.8066848185437202,11
fa-fotmob-5089899,16,fa-cup,2026-01-09 19:30:00+00:00,2026-01-09 22:30:00+00:00,3,Wrexham,,,,,fotmob-fa,0.6369822758168283,0.6422901706979379,0.42,0.5,11
fa-fotmob-5089905,9,fa-cup,2026-01-10 12:15:00+00:00,2026-01-10 15:15:00+00:00,3,Sunderland,,,,,fotmob-fa,0.6540335443355837,0.7168168197637638,0.42,0.5,11
fa-fotmob-5089903,5,fa-cup,2026-01-10 15:00:00+00:00,2026-01-10 18:00:00+00:00,3,Sheffield Wednesday,,,,,fotmob-fa,0.6659137379926653,0.7697609105041693,0.42,0.5,11
fa-fotmob-5089915,15,fa-cup,2026-01-10 15:00:00+00:00,2026-01-10 18:00:00+00:00,3,AFC Bournemouth,,,,,fotmob-fa,0.6540335443355837,0.7168168197637638,0.42,0.5,11
fa-fotmob-5089902,19,fa-cup,2026-01-11 14:30:00+00:00,2026-01-11 17:30:00+00:00,3,Queens Park Rangers,,,,,fotmob-fa,0.6659137379926653,0.7697609105041693,0.42,0.5,11
fa-fotmob-5089906,12,fa-cup,2026-01-12 19:45:00+00:00,2026-01-12 22:45:00+00:00,3,Barnsley,,,,,fotmob-fa,0.6540335443355837,0.7168168197637638,0.42,0.5,11
25-26-efl-cup-manchester-city-vs-newcastle-united,13,efl-cup,2026-01-13 20:00:00+00:00,2026-01-13 23:00:00+00:00,,4.0,1837.53,2.0,0.0,22.0,frozen-all-competitions,0.6054182367199964,0.45615615803148596,0.42,0.5519369847165237,11
25-26-efl-cup-manchester-city-vs-newcastle-united,15,efl-cup,2026-01-13 20:00:00+00:00,2026-01-13 23:00:00+00:00,,43.0,1970.85,0.0,2.0,22.0,frozen-all-competitions,0.6449934026971973,0.45615615803148596,0.42,0.7209475570812447,11
25-26-efl-cup-arsenal-vs-chelsea,1,efl-cup,2026-01-14 20:00:00+00:00,2026-01-14 23:00:00+00:00,,8.0,1831.1,3.0,2.0,22.0,frozen-all-competitions,0.5887723389870892,0.3958052965155654,0.42,0.5430873102943334,11
25-26-efl-cup-arsenal-vs-chelsea,7,efl-cup,2026-01-14 20:00:00+00:00,2026-01-14 23:00:00+00:00,,3.0,2063.76,2.0,3.0,22.0,frozen-all-competitions,0.6656338728502943,0.45615615803148596,0.42,0.8123470392100409,11
25-26-prem-manchester-united-vs-manchester-city,13,prem,2026-01-17 12:30:00+00:00,2026-01-17 15:30:00+00:00,,1.0,1824.43,0.0,2.0,22.0,frozen-all-competitions,0.7988709927642228,1.3033033086613885,0.5420710675355365,0.5338785664424741,11
25-26-prem-manchester-united-vs-manchester-city,14,prem,2026-01-17 12:30:00+00:00,2026-01-17 15:30:00+00:00,,43.0,1982.9,2.0,0.0,22.0,frozen-all-competitions,0.8291462706585533,1.3033033086613885,0.5420710675355365,0.7342143991795439,11
25-26-prem-chelsea-vs-brentford,5,prem,2026-01-17 15:00:00+00:00,2026-01-17 18:00:00+00:00,,8.0,1882.61,0.0,2.0,22.0,frozen-all-competitions,0.8255483344759609,1.3995652918257622,0.5420710675355365,0.6127637391692846,11
25-26-prem-chelsea-vs-brentford,7,prem,2026-01-17 15:00:00+00:00,2026-01-17 18:00:00+00:00,,94.0,1841.53,2.0,0.0,22.0,frozen-all-competitions,0.8026278956273037,1.3033033086613885,0.5420710675355365,0.5574260358282805,11
25-26-prem-leeds-united-vs-fulham,10,prem,2026-01-17 15:00:00+00:00,2026-01-17 18:00:00+00:00,,2.0,1751.15,0.0,1.0,22.0,frozen-all-competitions,0.7820990056345013,1.3033033086613885,0.5420710675355365,0.4325661566621888,11
25-26-prem-leeds-united-vs-fulham,11,prem,2026-01-17 15:00:00+00:00,2026-01-17 18:00:00+00:00,,54.0,1809.49,1.0,0.0,22.0,frozen-all-competitions,0.7955242393889691,1.3033033086613885,0.5420710675355365,0.5131775033120113,11
25-26-prem-liverpool-vs-burnley,3,prem,2026-01-17 15:00:00+00:00,2026-01-17 18:00:00+00:00,,14.0,1940.72,1.0,1.0,22.0,frozen-all-competitions,0.8358542493764981,1.3995652918257622,0.5420710675355365,0.6860631392153494,11
25-26-prem-liverpool-vs-burnley,12,prem,2026-01-17 15:00:00+00:00,2026-01-17 18:00:00+00:00,,90.0,1687.71,1.0,1.0,22.0,frozen-all-competitions,0.7675064674848511,1.3033033086613885,0.5420710675355365,0.3489101224179199,11
25-26-prem-sunderland-vs-crystal-palace,8,prem,2026-01-17 15:00:00+00:00,2026-01-17 18:00:00+00:00,,56.0,1680.29,1.0,2.0,22.0,frozen-all-competitions,0.7469960291774638,1.20097875115889,0.5420710675355365,0.339604867176351,11
25-26-prem-sunderland-vs-crystal-palace,17,prem,2026-01-17 15:00:00+00:00,2026-01-17 18:00:00+00:00,,31.0,1799.6,2.0,1.0,22.0,frozen-all-competitions,0.7932812778837954,1.3033033086613885,0.5420710675355365,0.49944444467306787,11
25-26-prem-tottenham-hotspur-vs-west-ham-united,18,prem,2026-01-17 15:00:00+00:00,2026-01-17 18:00:00+00:00,,21.0,1699.84,1.0,2.0,22.0,frozen-all-competitions,0.7868441993898521,1.3995652918257622,0.5420710675355365,0.36437054513165706,11
25-26-prem-tottenham-hotspur-vs-west-ham-united,19,prem,2026-01-17 15:00:00+00:00,2026-01-17 18:00:00+00:00,,6.0,1803.93,2.0,1.0,22.0,frozen-all-competitions,0.8095508681896338,1.3995652918257622,0.5420710675355365,0.5054581165139044,11
25-26-prem-nottingham-forest-vs-arsenal,1,prem,2026-01-17 17:30:00+00:00,2026-01-17 20:30:00+00:00,,17.0,1767.03,0.0,0.0,22.0,frozen-all-competitions,0.7553364494175366,1.1308722757587584,0.5420710675355365,0.4543359312331715,11
25-26-prem-nottingham-forest-vs-arsenal,16,prem,2026-01-17 17:30:00+00:00,2026-01-17 20:30:00+00:00,,3.0,2052.35,0.0,0.0,22.0,frozen-all-competitions,0.8194112339057467,1.167800310359887,0.5420710675355365,0.8024922612352242,11
25-26-prem-wolverhampton-wanderers-vs-newcastle-united,15,prem,2026-01-18 14:00:00+00:00,2026-01-18 17:00:00+00:00,,39.0,1666.98,0.0,0.0,22.0,frozen-all-competitions,0.7628913650685547,1.3033033086613885,0.5420710675355365,0.3232228549210944,11
25-26-prem-wolverhampton-wanderers-vs-newcastle-united,20,prem,2026-01-18 14:00:00+00:00,2026-01-18 17:00:00+00:00,,4.0,1876.21,0.0,0.0,22.0,frozen-all-competitions,0.8243251568274873,1.3995652918257622,0.5420710675355365,0.6042938961472232,11
25-26-prem-aston-villa-vs-everton,2,prem,2026-01-18 16:30:00+00:00,2026-01-18 19:30:00+00:00,,11.0,1796.48,0.0,1.0,22.0,frozen-all-competitions,0.7925697939266634,1.3033033086613885,0.5420710675355365,0.49511126690579343,11
25-26-prem-aston-villa-vs-everton,9,prem,2026-01-18 16:30:00+00:00,2026-01-18 19:30:00+00:00,,7.0,1923.92,1.0,0.0,22.0,frozen-all-competitions,0.8192086445438826,1.3033033086613885,0.5420710675355365,0.6656207963820767,11
25-26-prem-brighton-hove-albion-vs-afc-bournemouth,4,prem,2026-01-19 20:00:00+00:00,2026-01-19 23:00:00+00:00,,36.0,1838.92,1.0,1.0,22.0,frozen-all-competitions,0.8020601345462568,1.3033033086613885,0.5420710675355365,0.5538459348538832,11
25-26-prem-brighton-hove-albion-vs-afc-bournemouth,6,prem,2026-01-19 20:00:00+00:00,2026-01-19 23:00:00+00:00,,91.0,1799.18,1.0,1.0,22.0,frozen-all-competitions,0.7931856032502768,1.3033033086613885,0.5420710675355365,0.4988611130807287,11
25-26-champions-league-manchester-city-vs-bodø/glimt,13,champions-league,2026-01-20 17:45:00+00:00,2026-01-20 20:45:00+00:00,,nan,,1.0,3.0,23.0,frozen-all-competitions,0.7299420657976172,1.0743286619708203,0.42,0.5,11
25-26-champions-league-arsenal-vs-inter,1,champions-league,2026-01-20 20:00:00+00:00,2026-01-20 23:00:00+00:00,,nan,,3.0,1.0,23.0,frozen-all-competitions,0.7299420657976172,1.0743286619708203,0.42,0.5,11
25-26-champions-league-borussia-dortmund-vs-tottenham-hotspur,18,champions-league,2026-01-20 20:00:00+00:00,2026-01-20 23:00:00+00:00,,nan,,2.0,0.0,23.0,frozen-all-competitions,0.7397644137491378,1.1247444539938043,0.42,0.5,11
25-26-champions-league-liverpool-vs-marseille,12,champions-league,2026-01-21 20:00:00+00:00,2026-01-21 23:00:00+00:00,,nan,,3.0,0.0,23.0,frozen-all-competitions,0.7299420657976172,1.0743286619708203,0.42,0.5,11
25-26-champions-league-pafos-fc-vs-chelsea,7,champions-league,2026-01-21 20:00:00+00:00,2026-01-21 23:00:00+00:00,,nan,,1.0,0.0,23.0,frozen-all-competitions,0.7299420657976172,1.0743286619708203,0.42,0.5,11
25-26-champions-league-psv-eindhoven-vs-newcastle-united,15,champions-league,2026-01-21 20:00:00+00:00,2026-01-21 23:00:00+00:00,,nan,,3.0,0.0,23.0,frozen-all-competitions,0.7299420657976172,1.0743286619708203,0.42,0.5,11
25-26-europa-league-aston-villa-vs-fenerbahçe,2,europa-league,2026-01-22 17:45:00+00:00,2026-01-22 20:45:00+00:00,,nan,,1.0,0.0,23.0,frozen-all-competitions,0.6764402262054129,0.8174602172519209,0.42,0.5,11
25-26-europa-league-nottingham-forest-vs-braga,16,europa-league,2026-01-22 20:00:00+00:00,2026-01-22 23:00:00+00:00,,nan,,0.0,1.0,23.0,frozen-all-competitions,0.6764402262054129,0.8174602172519209,0.42,0.5,11
25-26-prem-west-ham-united-vs-sunderland,17,prem,2026-01-24 12:30:00+00:00,2026-01-24 15:30:00+00:00,,21.0,1716.78,1.0,3.0,23.0,frozen-all-competitions,0.7784280280321461,1.3033033086613885,0.5667933236980176,0.38643243851533127,11
25-26-prem-west-ham-united-vs-sunderland,19,prem,2026-01-24 12:30:00+00:00,2026-01-24 15:30:00+00:00,,56.0,1695.04,3.0,1.0,23.0,frozen-all-competitions,0.7899419693346204,1.3995652918257622,0.5667933236980176,0.35821704165539053,11
25-26-prem-burnley-vs-tottenham-hotspur,3,prem,2026-01-24 15:00:00+00:00,2026-01-24 18:00:00+00:00,,6.0,1807.61,2.0,2.0,23.0,frozen-all-competitions,0.814107895653624,1.3995652918257622,0.5667933236980176,0.5105678703977976,11
25-26-prem-burnley-vs-tottenham-hotspur,18,prem,2026-01-24 15:00:00+00:00,2026-01-24 18:00:00+00:00,,90.0,1699.84,2.0,2.0,23.0,frozen-all-competitions,0.7909612209308772,1.3995652918257622,0.5667933236980176,0.36437054513165706,11
25-26-prem-fulham-vs-brighton-hove-albion,6,prem,2026-01-24 15:00:00+00:00,2026-01-24 18:00:00+00:00,,54.0,1806.5,1.0,2.0,23.0,frozen-all-competitions,0.7988501822465292,1.3033033086613885,0.5667933236980176,0.5090267968778818,11
25-26-prem-fulham-vs-brighton-hove-albion,10,prem,2026-01-24 15:00:00+00:00,2026-01-24 18:00:00+00:00,,36.0,1841.15,2.0,1.0,23.0,frozen-all-competitions,0.8064337299233811,1.3033033086613885,0.5667933236980176,0.5569051570121927,11
25-26-prem-manchester-city-vs-wolverhampton-wanderers,13,prem,2026-01-24 15:00:00+00:00,2026-01-24 18:00:00+00:00,,39.0,1676.03,2.0,0.0,23.0,frozen-all-competitions,0.7693090811515855,1.3033033086613885,0.5667933236980176,0.33431738153143686,11
25-26-prem-manchester-city-vs-wolverhampton-wanderers,20,prem,2026-01-24 15:00:00+00:00,2026-01-24 18:00:00+00:00,,43.0,1953.93,0.0,2.0,23.0,frozen-all-competitions,0.8413101164973565,1.3995652918257622,0.5667933236980176,0.7016498443446509,11
25-26-prem-afc-bournemouth-vs-liverpool,4,prem,2026-01-24 17:30:00+00:00,2026-01-24 20:30:00+00:00,,14.0,1948.88,3.0,2.0,23.0,frozen-all-competitions,0.8271898121549993,1.3033033086613885,0.5667933236980176,0.6957437431903312,11
25-26-prem-afc-bournemouth-vs-liverpool,12,prem,2026-01-24 17:30:00+00:00,2026-01-24 20:30:00+00:00,,91.0,1806.9,2.0,3.0,23.0,frozen-all-competitions,0.7989394079391133,1.3033033086613885,0.5667933236980176,0.5095821599910888,11
25-26-prem-brentford-vs-nottingham-forest,5,prem,2026-01-25 14:00:00+00:00,2026-01-25 17:00:00+00:00,,17.0,1769.28,0.0,2.0,23.0,frozen-all-competitions,0.8059326964052367,1.3995652918257622,0.5667933236980176,0.45743659563224226,11
25-26-prem-brentford-vs-nottingham-forest,16,prem,2026-01-25 14:00:00+00:00,2026-01-25 17:00:00+00:00,,94.0,1838.74,2.0,0.0,23.0,frozen-all-competitions,0.7838410863012331,1.167800310359887,0.5667933236980176,0.5535988209530971,11
25-26-prem-crystal-palace-vs-chelsea,7,prem,2026-01-25 14:00:00+00:00,2026-01-25 17:00:00+00:00,,31.0,1794.81,3.0,1.0,23.0,frozen-all-competitions,0.7962288020181113,1.3033033086613885,0.5667933236980176,0.49279216601915315,11
25-26-prem-crystal-palace-vs-chelsea,8,prem,2026-01-25 14:00:00+00:00,2026-01-25 17:00:00+00:00,,8.0,1896.35,1.0,3.0,23.0,frozen-all-competitions,0.8019434187142161,1.20097875115889,0.5667933236980176,0.6307132263477957,11
25-26-prem-newcastle-united-vs-aston-villa,2,prem,2026-01-25 14:00:00+00:00,2026-01-25 17:00:00+00:00,,4.0,1884.41,2.0,0.0,23.0,frozen-all-competitions,0.8153613206512831,1.3033033086613885,0.5667933236980176,0.6151338901384884,11
25-26-prem-newcastle-united-vs-aston-villa,15,prem,2026-01-25 14:00:00+00:00,2026-01-25 17:00:00+00:00,,7.0,1920.99,0.0,2.0,23.0,frozen-all-competitions,0.8223111368725688,1.3033033086613885,0.5667933236980176,0.6619881422203275,11
25-26-prem-arsenal-vs-manchester-united,1,prem,2026-01-25 16:30:00+00:00,2026-01-25 19:30:00+00:00,,1.0,1844.18,2.0,3.0,23.0,frozen-all-competitions,0.7788057715705525,1.1308722757587584,0.5667933236980176,0.561054907647874,11
25-26-prem-arsenal-vs-manchester-united,14,prem,2026-01-25 16:30:00+00:00,2026-01-25 19:30:00+00:00,,3.0,2061.98,3.0,2.0,23.0,frozen-all-competitions,0.8430278453165067,1.3033033086613885,0.5667933236980176,0.8108349254000846,11
25-26-prem-everton-vs-leeds-united,9,prem,2026-01-26 20:00:00+00:00,2026-01-26 23:00:00+00:00,,2.0,1764.09,1.0,1.0,23.0,frozen-all-competitions,0.7892459856330977,1.3033033086613885,0.5667933236980176,0.4502897640550614,11
25-26-prem-everton-vs-leeds-united,11,prem,2026-01-26 20:00:00+00:00,2026-01-26 23:00:00+00:00,,11.0,1814.36,1.0,1.0,23.0,frozen-all-competitions,0.8005971131371573,1.3033033086613885,0.5667933236980176,0.5199338731480256,11
25-26-champions-league-chelsea-vs-napoli,7,champions-league,2026-01-28 20:00:00+00:00,2026-01-28 23:00:00+00:00,,nan,,3.0,2.0,24.0,frozen-all-competitions,0.7299420657976172,1.0743286619708203,0.42,0.5,11
25-26-champions-league-galatasaray-vs-manchester-city,13,champions-league,2026-01-28 20:00:00+00:00,2026-01-28 23:00:00+00:00,,nan,,2.0,0.0,24.0,frozen-all-competitions,0.7299420657976172,1.0743286619708203,0.42,0.5,11
25-26-champions-league-kairat-almaty-vs-arsenal,1,champions-league,2026-01-28 20:00:00+00:00,2026-01-28 23:00:00+00:00,,nan,,3.0,2.0,24.0,frozen-all-competitions,0.7299420657976172,1.0743286619708203,0.42,0.5,11
25-26-champions-league-newcastle-united-vs-paris-saint-germain,15,champions-league,2026-01-28 20:00:00+00:00,2026-01-28 23:00:00+00:00,,nan,,1.0,1.0,24.0,frozen-all-competitions,0.7299420657976172,1.0743286619708203,0.42,0.5,11
25-26-champions-league-qarabag-fk-vs-liverpool,12,champions-league,2026-01-28 20:00:00+00:00,2026-01-28 23:00:00+00:00,,nan,,6.0,0.0,24.0,frozen-all-competitions,0.7299420657976172,1.0743286619708203,0.42,0.5,11
25-26-champions-league-tottenham-hotspur-vs-eintracht-frankfurt,18,champions-league,2026-01-28 20:00:00+00:00,2026-01-28 23:00:00+00:00,,nan,,2.0,0.0,24.0,frozen-all-competitions,0.7397644137491378,1.1247444539938043,0.42,0.5,11
25-26-europa-league-ferencvaros-vs-nottingham-forest,16,europa-league,2026-01-29 20:00:00+00:00,2026-01-29 23:00:00+00:00,,nan,,4.0,0.0,24.0,frozen-all-competitions,0.6764402262054129,0.8174602172519209,0.42,0.5,11
25-26-prem-brighton-hove-albion-vs-everton,6,prem,2026-01-31 15:00:00+00:00,2026-01-31 18:00:00+00:00,,11.0,1820.12,1.0,1.0,24.0,frozen-all-competitions,0.805855657464381,1.3033033086613885,0.5920840313849418,0.5279153852946339,11
25-26-prem-brighton-hove-albion-vs-everton,9,prem,2026-01-31 15:00:00+00:00,2026-01-31 18:00:00+00:00,,36.0,1842.34,1.0,1.0,24.0,frozen-all-competitions,0.8106014913440325,1.3033033086613885,0.5920840313849418,0.5585359072723858,11
25-26-prem-leeds-united-vs-arsenal,1,prem,2026-01-31 15:00:00+00:00,2026-01-31 18:00:00+00:00,,2.0,1775.71,4.0,0.0,24.0,frozen-all-competitions,0.7666107110408182,1.1308722757587584,0.5920840313849418,0.4663149903923404,11
25-26-prem-leeds-united-vs-arsenal,11,prem,2026-01-31 15:00:00+00:00,2026-01-31 18:00:00+00:00,,3.0,2056.45,0.0,4.0,24.0,frozen-all-competitions,0.845725973493953,1.3033033086613885,0.5920840313849418,0.8060776446246638,11
25-26-prem-wolverhampton-wanderers-vs-afc-bournemouth,4,prem,2026-01-31 15:00:00+00:00,2026-01-31 18:00:00+00:00,,39.0,1682.27,2.0,0.0,24.0,frozen-all-competitions,0.7751221998667307,1.3033033086613885,0.5920840313849418,0.34207620997698374,11
25-26-prem-wolverhampton-wanderers-vs-afc-bournemouth,20,prem,2026-01-31 15:00:00+00:00,2026-01-31 18:00:00+00:00,,91.0,1825.76,0.0,2.0,24.0,frozen-all-competitions,0.8216206255005564,1.3995652918257622,0.5920840313849418,0.5357168394846953,11
25-26-prem-chelsea-vs-west-ham-united,7,prem,2026-01-31 17:30:00+00:00,2026-01-31 20:30:00+00:00,,21.0,1734.27,3.0,2.0,24.0,frozen-all-competitions,0.786691513019189,1.3033033086613885,0.5920840313849418,0.4097094395275481,11
25-26-prem-chelsea-vs-west-ham-united,19,prem,2026-01-31 17:30:00+00:00,2026-01-31 20:30:00+00:00,,8.0,1922.71,2.0,3.0,24.0,frozen-all-competitions,0.8396696672095326,1.3995652918257622,0.5920840313849418,0.6641229711023396,11
25-26-prem-liverpool-vs-newcastle-united,12,prem,2026-01-31 20:00:00+00:00,2026-01-31 23:00:00+00:00,,4.0,1885.6,4.0,1.0,24.0,frozen-all-competitions,0.8193700242806605,1.3033033086613885,0.5920840313849418,0.616697836151916,11
25-26-prem-liverpool-vs-newcastle-united,15,prem,2026-01-31 20:00:00+00:00,2026-01-31 23:00:00+00:00,,14.0,1949.25,1.0,4.0,24.0,frozen-all-competitions,0.8308363194470956,1.3033033086613885,0.5920840313849418,0.6961786970459424,11
25-26-prem-aston-villa-vs-brentford,2,prem,2026-02-01 14:00:00+00:00,2026-02-01 17:00:00+00:00,,94.0,1831.43,0.0,1.0,24.0,frozen-all-competitions,0.8082888304591969,1.3033033086613885,0.5920840313849418,0.5435422039534249,11
25-26-prem-aston-villa-vs-brentford,5,prem,2026-02-01 14:00:00+00:00,2026-02-01 17:00:00+00:00,,7.0,1942.46,1.0,0.0,24.0,frozen-all-competitions,0.842876816984047,1.3995652918257622,0.5920840313849418,0.6881413966361206,11
25-26-prem-manchester-united-vs-fulham,10,prem,2026-02-01 14:00:00+00:00,2026-02-01 17:00:00+00:00,,1.0,1867.16,2.0,3.0,24.0,frozen-all-competitions,0.8157174504542448,1.3033033086613885,0.5920840313849418,0.5922105181117064,11
25-26-prem-manchester-united-vs-fulham,14,prem,2026-02-01 14:00:00+00:00,2026-02-01 17:00:00+00:00,,54.0,1822.68,3.0,2.0,24.0,frozen-all-competitions,0.8064093683952,1.3033033086613885,0.5920840313849418,0.531458391556317,11
25-26-prem-nottingham-forest-vs-crystal-palace,8,prem,2026-02-01 14:00:00+00:00,2026-02-01 17:00:00+00:00,,17.0,1796.75,1.0,1.0,24.0,frozen-all-competitions,0.7839014938736575,1.20097875115889,0.5920840313849418,0.49548623373558937,11
25-26-prem-nottingham-forest-vs-crystal-palace,16,prem,2026-02-01 14:00:00+00:00,2026-02-01 17:00:00+00:00,,31.0,1793.58,1.0,1.0,24.0,frozen-all-competitions,0.7774674889317001,1.167800310359887,0.5920840313849418,0.491084278462331,11
25-26-prem-tottenham-hotspur-vs-manchester-city,13,prem,2026-02-01 16:30:00+00:00,2026-02-01 19:30:00+00:00,,6.0,1824.88,2.0,2.0,24.0,frozen-all-competitions,0.806883861789633,1.3033033086613885,0.5920840313849418,0.5345006440375722,11
25-26-prem-tottenham-hotspur-vs-manchester-city,18,prem,2026-02-01 16:30:00+00:00,2026-02-01 19:30:00+00:00,,43.0,1967.46,2.0,2.0,24.0,frozen-all-competitions,0.8466795652788466,1.3995652918257622,0.5920840313849418,0.7171429067061911,11
25-26-prem-sunderland-vs-burnley,3,prem,2026-02-02 20:00:00+00:00,2026-02-02 23:00:00+00:00,,56.0,1694.92,0.0,3.0,24.0,frozen-all-competitions,0.7940827219396246,1.3995652918257622,0.5920840313849418,0.35806379108479747,11
25-26-prem-sunderland-vs-burnley,17,prem,2026-02-02 20:00:00+00:00,2026-02-02 23:00:00+00:00,,90.0,1710.05,3.0,0.0,24.0,frozen-all-competitions,0.7812547191631827,1.3033033086613885,0.5920840313849418,0.3776059498273014,11
25-26-efl-cup-chelsea-vs-arsenal,1,efl-cup,2026-02-03 20:00:00+00:00,2026-02-03 23:00:00+00:00,,8.0,1831.1,1.0,0.0,25.0,frozen-all-competitions,0.6127514388385319,0.3958052965155654,0.52,0.5430873102943334,11
25-26-efl-cup-chelsea-vs-arsenal,7,efl-cup,2026-02-03 20:00:00+00:00,2026-02-03 23:00:00+00:00,,3.0,2063.76,0.0,1.0,25.0,frozen-all-competitions,0.6875098476819613,0.45615615803148596,0.52,0.8123470392100409,11
25-26-efl-cup-newcastle-united-vs-manchester-city,13,efl-cup,2026-02-04 20:00:00+00:00,2026-02-04 23:00:00+00:00,,4.0,1837.53,3.0,1.0,25.0,frozen-all-competitions,0.6290382580849628,0.45615615803148596,0.52,0.5519369847165237,11
25-26-efl-cup-newcastle-united-vs-manchester-city,15,efl-cup,2026-02-04 20:00:00+00:00,2026-02-04 23:00:00+00:00,,43.0,1970.85,1.0,3.0,25.0,frozen-all-competitions,0.667545316019988,0.45615615803148596,0.52,0.7209475570812447,11
25-26-prem-leeds-united-vs-nottingham-forest,11,prem,2026-02-06 20:00:00+00:00,2026-02-06 23:00:00+00:00,,17.0,1795.25,3.0,1.0,25.0,frozen-all-competitions,0.8044963151870449,1.3033033086613885,0.6179306895170573,0.49340316059532313,11
25-26-prem-leeds-united-vs-nottingham-forest,16,prem,2026-02-06 20:00:00+00:00,2026-02-06 23:00:00+00:00,,2.0,1769.64,1.0,3.0,25.0,frozen-all-competitions,0.7762011449888943,1.167800310359887,0.6179306895170573,0.4579330144385355,11
25-26-prem-manchester-united-vs-tottenham-hotspur,14,prem,2026-02-07 12:30:00+00:00,2026-02-07 15:30:00+00:00,,6.0,1827.5,2.0,0.0,25.0,frozen-all-competitions,0.8114339004734711,1.3033033086613885,0.6179306895170573,0.5381203259055926,11
25-26-prem-manchester-united-vs-tottenham-hotspur,18,prem,2026-02-07 12:30:00+00:00,2026-02-07 15:30:00+00:00,,1.0,1872.81,0.0,2.0,25.0,frozen-all-competitions,0.8344175022763786,1.3995652918257622,0.6179306895170573,0.5997683517154572,11
25-26-prem-afc-bournemouth-vs-aston-villa,2,prem,2026-02-07 15:00:00+00:00,2026-02-07 18:00:00+00:00,,91.0,1833.76,1.0,1.0,25.0,frozen-all-competitions,0.8127510623985355,1.3033033086613885,0.6179306895170573,0.5467519194791481,11
25-26-prem-afc-bournemouth-vs-aston-villa,4,prem,2026-02-07 15:00:00+00:00,2026-02-07 18:00:00+00:00,,7.0,1930.51,1.0,1.0,25.0,frozen-all-competitions,0.8313118582589422,1.3033033086613885,0.6179306895170573,0.6737193118835301,11
25-26-prem-arsenal-vs-sunderland,1,prem,2026-02-07 15:00:00+00:00,2026-02-07 18:00:00+00:00,,56.0,1707.78,3.0,0.0,25.0,frozen-all-competitions,0.7546280326337593,1.1308722757587584,0.6179306895170573,0.37464669722182836,11
25-26-prem-arsenal-vs-sunderland,17,prem,2026-02-07 15:00:00+00:00,2026-02-07 18:00:00+00:00,,3.0,2062.52,0.0,3.0,25.0,frozen-all-competitions,0.8497355752688246,1.3033033086613885,0.6179306895170573,0.8112946413154656,11
25-26-prem-burnley-vs-west-ham-united,3,prem,2026-02-07 15:00:00+00:00,2026-02-07 18:00:00+00:00,,21.0,1731.5,0.0,2.0,25.0,frozen-all-competitions,0.8058847820353038,1.3995652918257622,0.6179306895170573,0.4059929108121701,11
25-26-prem-burnley-vs-west-ham-united,19,prem,2026-02-07 15:00:00+00:00,2026-02-07 18:00:00+00:00,,90.0,1697.18,2.0,0.0,25.0,frozen-all-competitions,0.7987420819393781,1.3995652918257622,0.6179306895170573,0.3609548513095414,11
25-26-prem-fulham-vs-everton,9,prem,2026-02-07 15:00:00+00:00,2026-02-07 18:00:00+00:00,,54.0,1817.03,2.0,1.0,25.0,frozen-all-competitions,0.8092075346790042,1.3033033086613885,0.6179306895170573,0.5236351500384039,11
25-26-prem-fulham-vs-everton,10,prem,2026-02-07 15:00:00+00:00,2026-02-07 18:00:00+00:00,,11.0,1822.26,1.0,2.0,25.0,frozen-all-competitions,0.8103231560140924,1.3033033086613885,0.6179306895170573,0.5308773249722337,11
25-26-prem-wolverhampton-wanderers-vs-chelsea,7,prem,2026-02-07 15:00:00+00:00,2026-02-07 18:00:00+00:00,,39.0,1674.27,3.0,1.0,25.0,frozen-all-competitions,0.7940709073853476,1.3995652918257622,0.6179306895170573,0.33214488100169437,11
25-26-prem-wolverhampton-wanderers-vs-chelsea,20,prem,2026-02-07 15:00:00+00:00,2026-02-07 18:00:00+00:00,,8.0,1925.49,1.0,3.0,25.0,frozen-all-competitions,0.8435727721148824,1.3995652918257622,0.6179306895170573,0.6675592866207927,11
25-26-prem-newcastle-united-vs-brentford,5,prem,2026-02-07 17:30:00+00:00,2026-02-07 20:30:00+00:00,,4.0,1876.72,3.0,2.0,25.0,frozen-all-competitions,0.8351351046681993,1.3995652918257622,0.6179306895170573,0.6049712101007394,11
25-26-prem-newcastle-united-vs-brentford,15,prem,2026-02-07 17:30:00+00:00,2026-02-07 20:30:00+00:00,,94.0,1843.37,2.0,3.0,25.0,frozen-all-competitions,0.8288419888729304,1.3995652918257622,0.6179306895170573,0.5599463796115337,11
25-26-prem-brighton-hove-albion-vs-crystal-palace,6,prem,2026-02-08 14:00:00+00:00,2026-02-08 17:00:00+00:00,,31.0,1795.08,0.0,1.0,25.0,frozen-all-competitions,0.8044591831901993,1.3033033086613885,0.6179306895170573,0.49316709207315557,11
25-26-prem-brighton-hove-albion-vs-crystal-palace,8,prem,2026-02-08 14:00:00+00:00,2026-02-08 17:00:00+00:00,,36.0,1840.2,1.0,0.0,25.0,frozen-all-competitions,0.7981081337093342,1.20097875115889,0.6179306895170573,0.5556024148191652,11
25-26-prem-liverpool-vs-manchester-city,12,prem,2026-02-08 16:30:00+00:00,2026-02-08 19:30:00+00:00,,43.0,1964.84,1.0,2.0,25.0,frozen-all-competitions,0.8369100920351314,1.3033033086613885,0.6179306895170573,0.7141810182704915,11
25-26-prem-liverpool-vs-manchester-city,13,prem,2026-02-08 16:30:00+00:00,2026-02-08 19:30:00+00:00,,14.0,1958.14,2.0,1.0,25.0,frozen-all-competitions,0.8358621118451264,1.3033033086613885,0.6179306895170573,0.7065228073205501,11
25-26-prem-chelsea-vs-leeds-united,7,prem,2026-02-10 19:30:00+00:00,2026-02-10 22:30:00+00:00,,2.0,1780.19,2.0,2.0,26.0,frozen-all-competitions,0.8200078578667233,1.3995652918257622,0.6443215873117765,0.4725138487169606,11
25-26-prem-chelsea-vs-leeds-united,11,prem,2026-02-10 19:30:00+00:00,2026-02-10 22:30:00+00:00,,8.0,1930.44,2.0,2.0,26.0,frozen-all-competitions,0.834968648969441,1.3033033086613885,0.6443215873117765,0.6736338199309425,11
25-26-prem-everton-vs-afc-bournemouth,4,prem,2026-02-10 19:30:00+00:00,2026-02-10 22:30:00+00:00,,11.0,1831.61,2.0,1.0,26.0,frozen-all-competitions,0.8162905903217935,1.3033033086613885,0.6443215873117765,0.543790297206698,11
25-26-prem-everton-vs-afc-bournemouth,9,prem,2026-02-10 19:30:00+00:00,2026-02-10 22:30:00+00:00,,91.0,1835.06,1.0,2.0,26.0,frozen-all-competitions,0.8170019482973097,1.3033033086613885,0.6443215873117765,0.5485410772294629,11
25-26-prem-tottenham-hotspur-vs-newcastle-united,15,prem,2026-02-10 19:30:00+00:00,2026-02-10 22:30:00+00:00,,6.0,1819.66,2.0,1.0,26.0,frozen-all-competitions,0.8279496706681635,1.3995652918257622,0.6443215873117765,0.5272784427778971,11
25-26-prem-tottenham-hotspur-vs-newcastle-united,18,prem,2026-02-10 19:30:00+00:00,2026-02-10 22:30:00+00:00,,4.0,1866.62,1.0,2.0,26.0,frozen-all-competitions,0.8369043168858411,1.3995652918257622,0.6443215873117765,0.5914858265216152,11
25-26-prem-west-ham-united-vs-manchester-united,14,prem,2026-02-10 20:15:00+00:00,2026-02-10 23:15:00+00:00,,21.0,1743.59,1.0,1.0,26.0,frozen-all-competitions,0.7973660423971706,1.3033033086613885,0.6443215873117765,0.42228776579555116,11
25-26-prem-west-ham-united-vs-manchester-united,19,prem,2026-02-10 20:15:00+00:00,2026-02-10 23:15:00+00:00,,1.0,1880.65,1.0,1.0,26.0,frozen-all-competitions,0.8394395156392317,1.3995652918257622,0.6443215873117765,0.6101768255274216,11
25-26-prem-aston-villa-vs-brighton-hove-albion,2,prem,2026-02-11 19:30:00+00:00,2026-02-11 22:30:00+00:00,,36.0,1829.52,1.0,0.0,26.0,frozen-all-competitions,0.8158580190322611,1.3033033086613885,0.6443215873117765,0.5409083518223816,11
25-26-prem-aston-villa-vs-brighton-hove-albion,6,prem,2026-02-11 19:30:00+00:00,2026-02-11 22:30:00+00:00,,7.0,1929.21,0.0,1.0,26.0,frozen-all-competitions,0.8347612861225066,1.3033033086613885,0.6443215873117765,0.6721297239839247,11
25-26-prem-manchester-city-vs-fulham,10,prem,2026-02-11 19:30:00+00:00,2026-02-11 22:30:00+00:00,,43.0,1973.92,0.0,3.0,26.0,frozen-all-competitions,0.8418410610220031,1.3033033086613885,0.6443215873117765,0.724365866515061,11
25-26-prem-manchester-city-vs-fulham,13,prem,2026-02-11 19:30:00+00:00,2026-02-11 22:30:00+00:00,,54.0,1807.68,3.0,0.0,26.0,frozen-all-competitions,0.8112709869490486,1.3033033086613885,0.6443215873117765,0.5106650487883524,11
25-26-prem-nottingham-forest-vs-wolverhampton-wanderers,16,prem,2026-02-11 19:30:00+00:00,2026-02-11 22:30:00+00:00,,39.0,1669.32,0.0,0.0,26.0,frozen-all-competitions,0.7573480866539181,1.167800310359887,0.6443215873117765,0.32607311289886964,11
25-26-prem-nottingham-forest-vs-wolverhampton-wanderers,20,prem,2026-02-11 19:30:00+00:00,2026-02-11 22:30:00+00:00,,17.0,1784.7,0.0,0.0,26.0,frozen-all-competitions,0.8209283257775692,1.3995652918257622,0.6443215873117765,0.4787627850337259,11
25-26-prem-crystal-palace-vs-burnley,3,prem,2026-02-11 19:40:00+00:00,2026-02-11 22:40:00+00:00,,31.0,1805.77,3.0,2.0,26.0,frozen-all-competitions,0.8251879932860616,1.3995652918257622,0.6443215873117765,0.5080132027309969,11
25-26-prem-crystal-palace-vs-burnley,8,prem,2026-02-11 19:40:00+00:00,2026-02-11 22:40:00+00:00,,90.0,1685.09,2.0,3.0,26.0,frozen-all-competitions,0.7669039853048801,1.20097875115889,0.6443215873117765,0.34561082400829013,11
25-26-prem-sunderland-vs-liverpool,12,prem,2026-02-11 20:15:00+00:00,2026-02-11 23:15:00+00:00,,56.0,1705.73,1.0,0.0,26.0,frozen-all-competitions,0.7891163411494028,1.3033033086613885,0.6443215873117765,0.37198226637540965,11
25-26-prem-sunderland-vs-liverpool,17,prem,2026-02-11 20:15:00+00:00,2026-02-11 23:15:00+00:00,,14.0,1949.06,0.0,1.0,26.0,frozen-all-competitions,0.8380215184612428,1.3033033086613885,0.6443215873117765,0.6959553861319142,11
25-26-prem-brentford-vs-arsenal,1,prem,2026-02-12 20:00:00+00:00,2026-02-12 23:00:00+00:00,,94.0,1853.47,1.0,1.0,26.0,frozen-all-competitions,0.7939524210882961,1.1308722757587584,0.6443215873117765,0.5737225656066126,11
25-26-prem-brentford-vs-arsenal,5,prem,2026-02-12 20:00:00+00:00,2026-02-12 23:00:00+00:00,,3.0,2064.57,1.0,1.0,26.0,frozen-all-competitions,0.8649374200498754,1.3995652918257622,0.6443215873117765,0.8130320521980132,11
fa-fotmob-5135174,2,fa-cup,2026-02-14 17:45:00+00:00,2026-02-14 20:45:00+00:00,4,Newcastle United,,,,,fotmob-fa,0.6762993905563164,0.7168168197637638,0.52,0.5,11
fa-fotmob-5135174,15,fa-cup,2026-02-14 17:45:00+00:00,2026-02-14 20:45:00+00:00,4,Aston Villa,,,,,fotmob-fa,0.6877799911265077,0.7697609105041693,0.52,0.5,11
fa-fotmob-5135162,12,fa-cup,2026-02-14 20:00:00+00:00,2026-02-14 23:00:00+00:00,4,Brighton & Hove Albion,,,,,fotmob-fa,0.6762993905563164,0.7168168197637638,0.52,0.5,11
fa-fotmob-5135163,17,fa-cup,2026-02-15 14:00:00+00:00,2026-02-15 17:00:00+00:00,4,Oxford United,,,,,fotmob-fa,0.6762993905563164,0.7168168197637638,0.52,0.5,11
fa-fotmob-5135176,5,fa-cup,2026-02-16 19:30:00+00:00,2026-02-16 22:30:00+00:00,4,Macclesfield FC,,,,,fotmob-fa,0.6877799911265077,0.7697609105041693,0.52,0.5,11
25-26-prem-wolverhampton-wanderers-vs-arsenal,1,prem,2026-02-18 20:00:00+00:00,2026-02-18 23:00:00+00:00,,39.0,1669.32,2.0,2.0,26.0,frozen-all-competitions,0.7504974234509362,1.1308722757587584,0.6443215873117765,0.32607311289886964,11
25-26-prem-wolverhampton-wanderers-vs-arsenal,20,prem,2026-02-18 20:00:00+00:00,2026-02-18 23:00:00+00:00,,3.0,2064.57,2.0,2.0,26.0,frozen-all-competitions,0.8649374200498754,1.3995652918257622,0.6443215873117765,0.8130320521980132,11
25-26-prem-aston-villa-vs-leeds-united,2,prem,2026-02-21 15:00:00+00:00,2026-02-21 18:00:00+00:00,,2.0,1780.19,1.0,1.0,27.0,frozen-all-competitions,0.8095459970121398,1.3033033086613885,0.6712457243547598,0.4725138487169606,11
25-26-prem-aston-villa-vs-leeds-united,11,prem,2026-02-21 15:00:00+00:00,2026-02-21 18:00:00+00:00,,7.0,1929.21,1.0,1.0,27.0,frozen-all-competitions,0.8384416695638535,1.3033033086613885,0.6712457243547598,0.6721297239839247,11
25-26-prem-brentford-vs-brighton-hove-albion,5,prem,2026-02-21 15:00:00+00:00,2026-02-21 18:00:00+00:00,,36.0,1829.52,0.0,2.0,27.0,frozen-all-competitions,0.8336499612341661,1.3995652918257622,0.6712457243547598,0.5409083518223816,11
25-26-prem-brentford-vs-brighton-hove-albion,6,prem,2026-02-21 15:00:00+00:00,2026-02-21 18:00:00+00:00,,94.0,1853.47,2.0,0.0,27.0,frozen-all-competitions,0.8246639567742422,1.3033033086613885,0.6712457243547598,0.5737225656066126,11
25-26-prem-chelsea-vs-burnley,3,prem,2026-02-21 15:00:00+00:00,2026-02-21 18:00:00+00:00,,8.0,1930.44,1.0,1.0,27.0,frozen-all-competitions,0.8512507626606551,1.3995652918257622,0.6712457243547598,0.6736338199309425,11
25-26-prem-chelsea-vs-burnley,7,prem,2026-02-21 15:00:00+00:00,2026-02-21 18:00:00+00:00,,90.0,1685.09,1.0,1.0,27.0,frozen-all-competitions,0.8047768609076045,1.3995652918257622,0.6712457243547598,0.34561082400829013,11
25-26-prem-west-ham-united-vs-afc-bournemouth,4,prem,2026-02-21 17:30:00+00:00,2026-02-21 20:30:00+00:00,,21.0,1743.59,0.0,0.0,27.0,frozen-all-competitions,0.8016814564622144,1.3033033086613885,0.6712457243547598,0.42228776579555116,11
25-26-prem-west-ham-united-vs-afc-bournemouth,19,prem,2026-02-21 17:30:00+00:00,2026-02-21 20:30:00+00:00,,91.0,1835.06,0.0,0.0,27.0,frozen-all-competitions,0.8347057561890804,1.3995652918257622,0.6712457243547598,0.5485410772294629,11
25-26-prem-manchester-city-vs-newcastle-united,13,prem,2026-02-21 20:00:00+00:00,2026-02-21 23:00:00+00:00,,4.0,1866.62,2.0,1.0,27.0,frozen-all-competitions,0.8272176112549228,1.3033033086613885,0.6712457243547598,0.5914858265216152,11
25-26-prem-manchester-city-vs-newcastle-united,15,prem,2026-02-21 20:00:00+00:00,2026-02-21 23:00:00+00:00,,43.0,1973.92,1.0,2.0,27.0,frozen-all-competitions,0.8575608054201584,1.3995652918257622,0.6712457243547598,0.724365866515061,11
25-26-prem-crystal-palace-vs-wolverhampton-wanderers,8,prem,2026-02-22 14:00:00+00:00,2026-02-22 17:00:00+00:00,,39.0,1669.32,1.0,0.0,27.0,frozen-all-competitions,0.7682217955072483,1.20097875115889,0.6712457243547598,0.32607311289886964,11
25-26-prem-crystal-palace-vs-wolverhampton-wanderers,20,prem,2026-02-22 14:00:00+00:00,2026-02-22 17:00:00+00:00,,31.0,1805.77,0.0,1.0,27.0,frozen-all-competitions,0.8290379342428889,1.3995652918257622,0.6712457243547598,0.5080132027309969,11
25-26-prem-nottingham-forest-vs-liverpool,12,prem,2026-02-22 14:00:00+00:00,2026-02-22 17:00:00+00:00,,17.0,1784.7,1.0,0.0,27.0,frozen-all-competitions,0.8105076027902743,1.3033033086613885,0.6712457243547598,0.4787627850337259,11
25-26-prem-nottingham-forest-vs-liverpool,16,prem,2026-02-22 14:00:00+00:00,2026-02-22 17:00:00+00:00,,14.0,1949.06,0.0,1.0,27.0,frozen-all-competitions,0.8227369036393666,1.167800310359887,0.6712457243547598,0.6959553861319142,11
25-26-prem-sunderland-vs-fulham,10,prem,2026-02-22 14:00:00+00:00,2026-02-22 17:00:00+00:00,,56.0,1705.73,3.0,1.0,27.0,frozen-all-competitions,0.7935619595067149,1.3033033086613885,0.6712457243547598,0.37198226637540965,11
25-26-prem-sunderland-vs-fulham,17,prem,2026-02-22 14:00:00+00:00,2026-02-22 17:00:00+00:00,,54.0,1807.68,1.0,3.0,27.0,frozen-all-competitions,0.8153588455374783,1.3033033086613885,0.6712457243547598,0.5106650487883524,11
25-26-prem-tottenham-hotspur-vs-arsenal,1,prem,2026-02-22 16:30:00+00:00,2026-02-22 19:30:00+00:00,,6.0,1819.66,4.0,1.0,27.0,frozen-all-competitions,0.7907407818393264,1.1308722757587584,0.6712457243547598,0.5272784427778971,11
25-26-prem-tottenham-hotspur-vs-arsenal,18,prem,2026-02-22 16:30:00+00:00,2026-02-22 19:30:00+00:00,,3.0,2064.57,1.0,4.0,27.0,frozen-all-competitions,0.8680519259234427,1.3995652918257622,0.6712457243547598,0.8130320521980132,11
25-26-prem-everton-vs-manchester-united,9,prem,2026-02-23 20:00:00+00:00,2026-02-23 23:00:00+00:00,,1.0,1880.65,0.0,1.0,27.0,frozen-all-competitions,0.8298727738901932,1.3033033086613885,0.6712457243547598,0.6101768255274216,11
25-26-prem-everton-vs-manchester-united,14,prem,2026-02-23 20:00:00+00:00,2026-02-23 23:00:00+00:00,,11.0,1831.61,1.0,0.0,27.0,frozen-all-competitions,0.8202938083427962,1.3033033086613885,0.6712457243547598,0.543790297206698,11
25-26-prem-wolverhampton-wanderers-vs-aston-villa,2,prem,2026-02-27 20:00:00+00:00,2026-02-27 23:00:00+00:00,,39.0,1669.32,0.0,2.0,28.0,frozen-all-competitions,0.790521072370308,1.3033033086613885,0.6986927415521238,0.32607311289886964,11
25-26-prem-wolverhampton-wanderers-vs-aston-villa,20,prem,2026-02-27 20:00:00+00:00,2026-02-27 23:00:00+00:00,,7.0,1929.21,2.0,0.0,28.0,frozen-all-competitions,0.8545058858478483,1.3995652918257622,0.6986927415521238,0.6721297239839247,11
25-26-prem-afc-bournemouth-vs-sunderland,4,prem,2026-02-28 12:30:00+00:00,2026-02-28 15:30:00+00:00,,56.0,1705.73,1.0,1.0,28.0,frozen-all-competitions,0.7980221500895491,1.3033033086613885,0.6986927415521238,0.37198226637540965,11
25-26-prem-afc-bournemouth-vs-sunderland,17,prem,2026-02-28 12:30:00+00:00,2026-02-28 15:30:00+00:00,,91.0,1835.06,1.0,1.0,28.0,frozen-all-competitions,0.8249912961871896,1.3033033086613885,0.6986927415521238,0.5485410772294629,11
25-26-prem-burnley-vs-brentford,3,prem,2026-02-28 15:00:00+00:00,2026-02-28 18:00:00+00:00,,94.0,1853.47,3.0,4.0,28.0,frozen-all-competitions,0.8418397078007588,1.3995652918257622,0.6986927415521238,0.5737225656066126,11
25-26-prem-burnley-vs-brentford,5,prem,2026-02-28 15:00:00+00:00,2026-02-28 18:00:00+00:00,,90.0,1685.09,4.0,3.0,28.0,frozen-all-competitions,0.8090530513085217,1.3995652918257622,0.6986927415521238,0.34561082400829013,11
25-26-prem-liverpool-vs-west-ham-united,12,prem,2026-02-28 15:00:00+00:00,2026-02-28 18:00:00+00:00,,21.0,1743.59,5.0,2.0,28.0,frozen-all-competitions,0.8060091053146613,1.3033033086613885,0.6986927415521238,0.42228776579555116,11
25-26-prem-liverpool-vs-west-ham-united,19,prem,2026-02-28 15:00:00+00:00,2026-02-28 18:00:00+00:00,,14.0,1949.06,2.0,5.0,28.0,frozen-all-competitions,0.8574430775837274,1.3995652918257622,0.6986927415521238,0.6959553861319142,11
25-26-prem-newcastle-united-vs-everton,9,prem,2026-02-28 15:00:00+00:00,2026-02-28 18:00:00+00:00,,4.0,1866.62,3.0,2.0,28.0,frozen-all-competitions,0.8311054149501663,1.3033033086613885,0.6986927415521238,0.5914858265216152,11
25-26-prem-newcastle-united-vs-everton,15,prem,2026-02-28 15:00:00+00:00,2026-02-28 18:00:00+00:00,,11.0,1831.61,2.0,3.0,28.0,frozen-all-competitions,0.837813461437823,1.3995652918257622,0.6986927415521238,0.543790297206698,11
25-26-prem-leeds-united-vs-manchester-city,11,prem,2026-02-28 17:30:00+00:00,2026-02-28 20:30:00+00:00,,43.0,1973.92,0.0,1.0,28.0,frozen-all-competitions,0.8489464777400328,1.3033033086613885,0.6986927415521238,0.724365866515061,11
25-26-prem-leeds-united-vs-manchester-city,13,prem,2026-02-28 17:30:00+00:00,2026-02-28 20:30:00+00:00,,2.0,1780.19,1.0,0.0,28.0,frozen-all-competitions,0.8137419008519798,1.3033033086613885,0.6986927415521238,0.4725138487169606,11
25-26-prem-brighton-hove-albion-vs-nottingham-forest,6,prem,2026-03-01 14:00:00+00:00,2026-03-01 17:00:00+00:00,,17.0,1784.7,2.0,1.0,28.0,frozen-all-competitions,0.8146871709283217,1.3033033086613885,0.6986927415521238,0.4787627850337259,11
25-26-prem-brighton-hove-albion-vs-nottingham-forest,16,prem,2026-03-01 14:00:00+00:00,2026-03-01 17:00:00+00:00,,36.0,1829.52,1.0,2.0,28.0,frozen-all-competitions,0.8033557532269703,1.167800310359887,0.6986927415521238,0.5409083518223816,11
25-26-prem-fulham-vs-tottenham-hotspur,10,prem,2026-03-01 14:00:00+00:00,2026-03-01 17:00:00+00:00,,6.0,1819.66,2.0,1.0,28.0,frozen-all-competitions,0.8219001390807339,1.3033033086613885,0.6986927415521238,0.5272784427778971,11
25-26-prem-fulham-vs-tottenham-hotspur,18,prem,2026-03-01 14:00:00+00:00,2026-03-01 17:00:00+00:00,,54.0,1807.68,1.0,2.0,28.0,frozen-all-competitions,0.8332618168580946,1.3995652918257622,0.6986927415521238,0.5106650487883524,11
25-26-prem-manchester-united-vs-crystal-palace,8,prem,2026-03-01 14:00:00+00:00,2026-03-01 17:00:00+00:00,,1.0,1880.65,1.0,2.0,28.0,frozen-all-competitions,0.8190387265310327,1.20097875115889,0.6986927415521238,0.6101768255274216,11
25-26-prem-manchester-united-vs-crystal-palace,14,prem,2026-03-01 14:00:00+00:00,2026-03-01 17:00:00+00:00,,31.0,1805.77,2.0,1.0,28.0,frozen-all-competitions,0.8190625781296889,1.3033033086613885,0.6986927415521238,0.5080132027309969,11
25-26-prem-arsenal-vs-chelsea,1,prem,2026-03-01 16:30:00+00:00,2026-03-01 19:30:00+00:00,,8.0,1930.44,2.0,1.0,28.0,frozen-all-competitions,0.8180510868385914,1.1308722757587584,0.6986927415521238,0.6736338199309425,11
25-26-prem-arsenal-vs-chelsea,7,prem,2026-03-01 16:30:00+00:00,2026-03-01 19:30:00+00:00,,3.0,2064.57,1.0,2.0,28.0,frozen-all-competitions,0.8711640128901279,1.3995652918257622,0.6986927415521238,0.8130320521980132,11
25-26-prem-afc-bournemouth-vs-brentford,4,prem,2026-03-03 19:30:00+00:00,2026-03-03 22:30:00+00:00,,94.0,1853.47,0.0,0.0,29.0,frozen-all-competitions,0.8325319113385831,1.3033033086613885,0.7266528611296659,0.5737225656066126,11
25-26-prem-afc-bournemouth-vs-brentford,5,prem,2026-03-03 19:30:00+00:00,2026-03-03 22:30:00+00:00,,91.0,1835.06,0.0,0.0,29.0,frozen-all-competitions,0.8422093190467411,1.3995652918257622,0.7266528611296659,0.5485410772294629,11
25-26-prem-everton-vs-burnley,3,prem,2026-03-03 19:30:00+00:00,2026-03-03 22:30:00+00:00,,11.0,1831.61,0.0,2.0,29.0,frozen-all-competitions,0.8415769477777564,1.3995652918257622,0.7266528611296659,0.543790297206698,11
25-26-prem-everton-vs-burnley,9,prem,2026-03-03 19:30:00+00:00,2026-03-03 22:30:00+00:00,,90.0,1685.09,2.0,0.0,29.0,frozen-all-competitions,0.7982780962931562,1.3033033086613885,0.7266528611296659,0.34561082400829013,11
25-26-prem-leeds-united-vs-sunderland,11,prem,2026-03-03 19:30:00+00:00,2026-03-03 22:30:00+00:00,,56.0,1705.73,0.0,1.0,29.0,frozen-all-competitions,0.8024913089308552,1.3033033086613885,0.7266528611296659,0.37198226637540965,11
25-26-prem-leeds-united-vs-sunderland,17,prem,2026-03-03 19:30:00+00:00,2026-03-03 22:30:00+00:00,,2.0,1780.19,1.0,0.0,29.0,frozen-all-competitions,0.8179425817560478,1.3033033086613885,0.7266528611296659,0.4725138487169606,11
25-26-prem-wolverhampton-wanderers-vs-liverpool,12,prem,2026-03-03 20:15:00+00:00,2026-03-03 23:15:00+00:00,,39.0,1669.32,1.0,2.0,29.0,frozen-all-competitions,0.7951135941944799,1.3033033086613885,0.7266528611296659,0.32607311289886964,11
25-26-prem-wolverhampton-wanderers-vs-liverpool,20,prem,2026-03-03 20:15:00+00:00,2026-03-03 23:15:00+00:00,,14.0,1949.06,2.0,1.0,29.0,frozen-all-competitions,0.8608267301499434,1.3995652918257622,0.7266528611296659,0.6959553861319142,11
25-26-prem-aston-villa-vs-chelsea,2,prem,2026-03-04 19:30:00+00:00,2026-03-04 22:30:00+00:00,,8.0,1930.44,1.0,4.0,29.0,frozen-all-competitions,0.8460030268025298,1.3033033086613885,0.7266528611296659,0.6736338199309425,11
25-26-prem-aston-villa-vs-chelsea,7,prem,2026-03-04 19:30:00+00:00,2026-03-04 22:30:00+00:00,,7.0,1929.21,4.0,1.0,29.0,frozen-all-competitions,0.8579477042254997,1.3995652918257622,0.7266528611296659,0.6721297239839247,11
25-26-prem-brighton-hove-albion-vs-arsenal,1,prem,2026-03-04 19:30:00+00:00,2026-03-04 22:30:00+00:00,,36.0,1829.52,1.0,0.0,29.0,frozen-all-competitions,0.8019351891981598,1.1308722757587584,0.7266528611296659,0.5409083518223816,11
25-26-prem-brighton-hove-albion-vs-arsenal,6,prem,2026-03-04 19:30:00+00:00,2026-03-04 22:30:00+00:00,,3.0,2064.57,0.0,1.0,29.0,frozen-all-competitions,0.8633017360199208,1.3033033086613885,0.7266528611296659,0.8130320521980132,11
25-26-prem-fulham-vs-west-ham-united,10,prem,2026-03-04 19:30:00+00:00,2026-03-04 22:30:00+00:00,,21.0,1743.59,0.0,1.0,29.0,frozen-all-competitions,0.8103435376455498,1.3033033086613885,0.7266528611296659,0.42228776579555116,11
25-26-prem-fulham-vs-west-ham-united,19,prem,2026-03-04 19:30:00+00:00,2026-03-04 22:30:00+00:00,,54.0,1807.68,1.0,0.0,29.0,frozen-all-competitions,0.8371103878686692,1.3995652918257622,0.7266528611296659,0.5106650487883524,11
25-26-prem-manchester-city-vs-nottingham-forest,13,prem,2026-03-04 19:30:00+00:00,2026-03-04 22:30:00+00:00,,17.0,1784.7,2.0,2.0,29.0,frozen-all-competitions,0.8188712784178832,1.3033033086613885,0.7266528611296659,0.4787627850337259,11
25-26-prem-manchester-city-vs-nottingham-forest,16,prem,2026-03-04 19:30:00+00:00,2026-03-04 22:30:00+00:00,,43.0,1973.92,2.0,2.0,29.0,frozen-all-competitions,0.834632196315858,1.167800310359887,0.7266528611296659,0.724365866515061,11
25-26-prem-newcastle-united-vs-manchester-united,14,prem,2026-03-04 20:15:00+00:00,2026-03-04 23:15:00+00:00,,4.0,1866.62,1.0,2.0,29.0,frozen-all-competitions,0.8349939027269111,1.3033033086613885,0.7266528611296659,0.5914858265216152,11
25-26-prem-newcastle-united-vs-manchester-united,15,prem,2026-03-04 20:15:00+00:00,2026-03-04 23:15:00+00:00,,1.0,1880.65,2.0,1.0,29.0,frozen-all-competitions,0.8502285816130365,1.3995652918257622,0.7266528611296659,0.6101768255274216,11
25-26-prem-tottenham-hotspur-vs-crystal-palace,8,prem,2026-03-05 20:00:00+00:00,2026-03-05 23:00:00+00:00,,6.0,1819.66,3.0,1.0,29.0,frozen-all-competitions,0.810752946260651,1.20097875115889,0.7266528611296659,0.5272784427778971,11
25-26-prem-tottenham-hotspur-vs-crystal-palace,18,prem,2026-03-05 20:00:00+00:00,2026-03-05 23:00:00+00:00,,31.0,1805.77,1.0,3.0,29.0,frozen-all-competitions,0.8367484678609811,1.3995652918257622,0.7266528611296659,0.5080132027309969,11
fa-fotmob-5186383,12,fa-cup,2026-03-06 20:00:00+00:00,2026-03-06 23:00:00+00:00,5,Wolverhampton Wanderers,,,,,fotmob-fa,0.7019951680191567,0.7168168197637638,0.64,0.5,11
fa-fotmob-5186380,15,fa-cup,2026-03-07 20:00:00+00:00,2026-03-07 23:00:00+00:00,5,Manchester City,,,,,fotmob-fa,0.7129512351547782,0.7697609105041693,0.64,0.5,11
25-26-prem-burnley-vs-afc-bournemouth,3,prem,2026-03-14 15:00:00+00:00,2026-03-14 18:00:00+00:00,,91.0,1835.06,0.0,0.0,30.0,frozen-all-competitions,0.8459552350993307,1.3995652918257622,0.7551168342096326,0.5485410772294629,11
25-26-prem-burnley-vs-afc-bournemouth,4,prem,2026-03-14 15:00:00+00:00,2026-03-14 18:00:00+00:00,,90.0,1685.09,0.0,0.0,30.0,frozen-all-competitions,0.8028227630508565,1.3033033086613885,0.7551168342096326,0.34561082400829013,11
25-26-prem-sunderland-vs-brighton-hove-albion,6,prem,2026-03-14 15:00:00+00:00,2026-03-14 18:00:00+00:00,,56.0,1705.73,1.0,0.0,30.0,frozen-all-competitions,0.8069640080448969,1.3033033086613885,0.7551168342096326,0.37198226637540965,11
25-26-prem-sunderland-vs-brighton-hove-albion,17,prem,2026-03-14 15:00:00+00:00,2026-03-14 18:00:00+00:00,,36.0,1829.52,0.0,1.0,30.0,frozen-all-competitions,0.8319245120803036,1.3033033086613885,0.7551168342096326,0.5409083518223816,11
25-26-prem-arsenal-vs-everton,1,prem,2026-03-14 17:30:00+00:00,2026-03-14 20:30:00+00:00,,11.0,1831.61,2.0,0.0,30.0,frozen-all-competitions,0.8068669425227354,1.1308722757587584,0.7551168342096326,0.543790297206698,11
25-26-prem-arsenal-vs-everton,9,prem,2026-03-14 17:30:00+00:00,2026-03-14 20:30:00+00:00,,3.0,2064.57,0.0,2.0,30.0,frozen-all-competitions,0.8666262191314864,1.3033033086613885,0.7551168342096326,0.8130320521980132,11
25-26-prem-chelsea-vs-newcastle-united,7,prem,2026-03-14 17:30:00+00:00,2026-03-14 20:30:00+00:00,,4.0,1866.62,0.0,1.0,30.0,frozen-all-competitions,0.8514688166347686,1.3995652918257622,0.7551168342096326,0.5914858265216152,11
25-26-prem-chelsea-vs-newcastle-united,15,prem,2026-03-14 17:30:00+00:00,2026-03-14 20:30:00+00:00,,8.0,1930.44,1.0,0.0,30.0,frozen-all-competitions,0.8615609858264486,1.3995652918257622,0.7551168342096326,0.6736338199309425,11
25-26-prem-west-ham-united-vs-manchester-city,13,prem,2026-03-14 20:00:00+00:00,2026-03-14 23:00:00+00:00,,21.0,1743.59,1.0,1.0,30.0,frozen-all-competitions,0.8146794823181616,1.3033033086613885,0.7551168342096326,0.42228776579555116,11
25-26-prem-west-ham-united-vs-manchester-city,19,prem,2026-03-14 20:00:00+00:00,2026-03-14 23:00:00+00:00,,43.0,1973.92,1.0,1.0,30.0,frozen-all-competitions,0.8675017386473964,1.3995652918257622,0.7551168342096326,0.724365866515061,11
25-26-prem-crystal-palace-vs-leeds-united,8,prem,2026-03-15 14:00:00+00:00,2026-03-15 17:00:00+00:00,,2.0,1780.19,0.0,0.0,30.0,frozen-all-competitions,0.8066845570207933,1.20097875115889,0.7551168342096326,0.4725138487169606,11
25-26-prem-crystal-palace-vs-leeds-united,11,prem,2026-03-15 14:00:00+00:00,2026-03-15 17:00:00+00:00,,31.0,1805.77,0.0,0.0,30.0,frozen-all-competitions,0.827274558897856,1.3033033086613885,0.7551168342096326,0.5080132027309969,11
25-26-prem-manchester-united-vs-aston-villa,2,prem,2026-03-15 14:00:00+00:00,2026-03-15 17:00:00+00:00,,1.0,1880.65,1.0,3.0,30.0,frozen-all-competitions,0.8413886709626274,1.3033033086613885,0.7551168342096326,0.6101768255274216,11
25-26-prem-manchester-united-vs-aston-villa,14,prem,2026-03-15 14:00:00+00:00,2026-03-15 17:00:00+00:00,,7.0,1929.21,3.0,1.0,30.0,frozen-all-competitions,0.8494827407392908,1.3033033086613885,0.7551168342096326,0.6721297239839247,11
25-26-prem-nottingham-forest-vs-fulham,10,prem,2026-03-15 14:00:00+00:00,2026-03-15 17:00:00+00:00,,17.0,1784.7,0.0,0.0,30.0,frozen-all-competitions,0.8230548326076437,1.3033033086613885,0.7551168342096326,0.4787627850337259,11
25-26-prem-nottingham-forest-vs-fulham,16,prem,2026-03-15 14:00:00+00:00,2026-03-15 17:00:00+00:00,,54.0,1807.68,0.0,0.0,30.0,frozen-all-competitions,0.8074588494447786,1.167800310359887,0.7551168342096326,0.5106650487883524,11
25-26-prem-liverpool-vs-tottenham-hotspur,12,prem,2026-03-15 16:30:00+00:00,2026-03-15 19:30:00+00:00,,6.0,1819.66,1.0,1.0,30.0,frozen-all-competitions,0.8300100632844385,1.3033033086613885,0.7551168342096326,0.5272784427778971,11
25-26-prem-liverpool-vs-tottenham-hotspur,18,prem,2026-03-15 16:30:00+00:00,2026-03-15 19:30:00+00:00,,14.0,1949.06,1.0,1.0,30.0,frozen-all-competitions,0.8642019368465643,1.3995652918257622,0.7551168342096326,0.6959553861319142,11
25-26-prem-brentford-vs-wolverhampton-wanderers,5,prem,2026-03-16 20:00:00+00:00,2026-03-16 23:00:00+00:00,,39.0,1669.32,2.0,2.0,30.0,frozen-all-competitions,0.8146866279852009,1.3995652918257622,0.7551168342096326,0.32607311289886964,11
25-26-prem-brentford-vs-wolverhampton-wanderers,20,prem,2026-03-16 20:00:00+00:00,2026-03-16 23:00:00+00:00,,94.0,1853.47,2.0,2.0,30.0,frozen-all-competitions,0.8492082490637598,1.3995652918257622,0.7551168342096326,0.5737225656066126,11
25-26-prem-afc-bournemouth-vs-manchester-united,4,prem,2026-03-20 20:00:00+00:00,2026-03-20 23:00:00+00:00,,1.0,1880.65,2.0,2.0,31.0,frozen-all-competitions,0.8452152686311267,1.3033033086613885,0.7840758947771869,0.6101768255274216,11
25-26-prem-afc-bournemouth-vs-manchester-united,14,prem,2026-03-20 20:00:00+00:00,2026-03-20 23:00:00+00:00,,91.0,1835.06,2.0,2.0,31.0,frozen-all-competitions,0.8369790446125397,1.3033033086613885,0.7840758947771869,0.5485410772294629,11
25-26-prem-brighton-hove-albion-vs-liverpool,6,prem,2026-03-21 12:45:00+00:00,2026-03-21 15:45:00+00:00,,14.0,1949.06,2.0,1.0,31.0,frozen-all-competitions,0.8561081319762299,1.3033033086613885,0.7840758947771869,0.6959553861319142,11
25-26-prem-brighton-hove-albion-vs-liverpool,12,prem,2026-03-21 12:45:00+00:00,2026-03-21 15:45:00+00:00,,36.0,1829.52,1.0,2.0,31.0,frozen-all-competitions,0.835934915950441,1.3033033086613885,0.7840758947771869,0.5409083518223816,11
25-26-prem-fulham-vs-burnley,3,prem,2026-03-21 15:00:00+00:00,2026-03-21 18:00:00+00:00,,54.0,1807.68,1.0,3.0,31.0,frozen-all-competitions,0.8447896326403148,1.3995652918257622,0.7840758947771869,0.5106650487883524,11
25-26-prem-fulham-vs-burnley,10,prem,2026-03-21 15:00:00+00:00,2026-03-21 18:00:00+00:00,,90.0,1685.09,3.0,1.0,31.0,frozen-all-competitions,0.80736676920761,1.3033033086613885,0.7840758947771869,0.34561082400829013,11
25-26-prem-everton-vs-chelsea,7,prem,2026-03-21 17:30:00+00:00,2026-03-21 20:30:00+00:00,,11.0,1831.61,0.0,3.0,31.0,frozen-all-competitions,0.8490835839405823,1.3995652918257622,0.7840758947771869,0.543790297206698,11
25-26-prem-everton-vs-chelsea,9,prem,2026-03-21 17:30:00+00:00,2026-03-21 20:30:00+00:00,,8.0,1930.44,3.0,0.0,31.0,frozen-all-competitions,0.8533364888282418,1.3033033086613885,0.7840758947771869,0.6736338199309425,11
25-26-prem-leeds-united-vs-brentford,5,prem,2026-03-21 20:00:00+00:00,2026-03-21 23:00:00+00:00,,2.0,1780.19,0.0,0.0,31.0,frozen-all-competitions,0.8397211868343221,1.3995652918257622,0.7840758947771869,0.4725138487169606,11
25-26-prem-leeds-united-vs-brentford,11,prem,2026-03-21 20:00:00+00:00,2026-03-21 23:00:00+00:00,,94.0,1853.47,0.0,0.0,31.0,frozen-all-competitions,0.8403858470047167,1.3033033086613885,0.7840758947771869,0.5737225656066126,11
25-26-prem-newcastle-united-vs-sunderland,15,prem,2026-03-22 12:00:00+00:00,2026-03-22 15:00:00+00:00,,56.0,1705.73,1.0,2.0,31.0,frozen-all-competitions,0.8257244497199105,1.3995652918257622,0.7840758947771869,0.37198226637540965,11
25-26-prem-newcastle-united-vs-sunderland,17,prem,2026-03-22 12:00:00+00:00,2026-03-22 15:00:00+00:00,,4.0,1866.62,2.0,1.0,31.0,frozen-all-competitions,0.84275418387713,1.3033033086613885,0.7840758947771869,0.5914858265216152,11
25-26-prem-aston-villa-vs-west-ham-united,2,prem,2026-03-22 14:15:00+00:00,2026-03-22 17:15:00+00:00,,21.0,1743.59,2.0,0.0,31.0,frozen-all-competitions,0.8190118464618042,1.3033033086613885,0.7840758947771869,0.42228776579555116,11
25-26-prem-aston-villa-vs-west-ham-united,19,prem,2026-03-22 14:15:00+00:00,2026-03-22 17:15:00+00:00,,7.0,1929.21,0.0,2.0,31.0,frozen-all-competitions,0.8648032512899599,1.3995652918257622,0.7840758947771869,0.6721297239839247,11
25-26-prem-tottenham-hotspur-vs-nottingham-forest,16,prem,2026-03-22 14:15:00+00:00,2026-03-22 17:15:00+00:00,,6.0,1819.66,3.0,0.0,31.0,frozen-all-competitions,0.8144448613132435,1.167800310359887,0.7840758947771869,0.5272784427778971,11
25-26-prem-tottenham-hotspur-vs-nottingham-forest,18,prem,2026-03-22 14:15:00+00:00,2026-03-22 17:15:00+00:00,,17.0,1784.7,0.0,3.0,31.0,frozen-all-competitions,0.8405604437575686,1.3995652918257622,0.7840758947771869,0.4787627850337259,11
fa-fotmob-5231047,12,fa-cup,2026-04-04 11:45:00+00:00,2026-04-04 14:45:00+00:00,Quarter-Finals,Manchester City,,,,,fotmob-fa,0.7715028837541779,0.7168168197637638,1.0,0.5,11
25-26-prem-west-ham-united-vs-wolverhampton-wanderers,19,prem,2026-04-10 19:00:00+00:00,2026-04-10 22:00:00+00:00,,39.0,1669.32,4.0,0.0,32.0,frozen-all-competitions,0.8233425987657443,1.3995652918257622,0.8135217190687032,0.32607311289886964,11
25-26-prem-west-ham-united-vs-wolverhampton-wanderers,20,prem,2026-04-10 19:00:00+00:00,2026-04-10 22:00:00+00:00,,21.0,1743.59,0.0,4.0,32.0,frozen-all-competitions,0.8369045995719981,1.3995652918257622,0.8135217190687032,0.42228776579555116,11
25-26-prem-arsenal-vs-afc-bournemouth,1,prem,2026-04-11 11:30:00+00:00,2026-04-11 14:30:00+00:00,,91.0,1835.06,1.0,2.0,32.0,frozen-all-competitions,0.8165184021987747,1.1308722757587584,0.8135217190687032,0.5485410772294629,11
25-26-prem-arsenal-vs-afc-bournemouth,4,prem,2026-04-11 11:30:00+00:00,2026-04-11 14:30:00+00:00,,3.0,2064.57,2.0,1.0,32.0,frozen-all-competitions,0.8732335999443162,1.3033033086613885,0.8135217190687032,0.8130320521980132,11
25-26-prem-brentford-vs-everton,5,prem,2026-04-11 14:00:00+00:00,2026-04-11 17:00:00+00:00,,11.0,1831.61,2.0,2.0,32.0,frozen-all-competitions,0.852818133575178,1.3995652918257622,0.8135217190687032,0.543790297206698,11
25-26-prem-brentford-vs-everton,9,prem,2026-04-11 14:00:00+00:00,2026-04-11 17:00:00+00:00,,94.0,1853.47,2.0,2.0,32.0,frozen-all-competitions,0.8442961601534033,1.3033033086613885,0.8135217190687032,0.5737225656066126,11
25-26-prem-burnley-vs-brighton-hove-albion,3,prem,2026-04-11 14:00:00+00:00,2026-04-11 17:00:00+00:00,,36.0,1829.52,0.0,2.0,32.0,frozen-all-competitions,0.8524560256800486,1.3995652918257622,0.8135217190687032,0.5409083518223816,11
25-26-prem-burnley-vs-brighton-hove-albion,6,prem,2026-04-11 14:00:00+00:00,2026-04-11 17:00:00+00:00,,90.0,1685.09,2.0,0.0,32.0,frozen-all-competitions,0.8119049492745808,1.3033033086613885,0.8135217190687032,0.34561082400829013,11
25-26-prem-liverpool-vs-fulham,10,prem,2026-04-11 16:30:00+00:00,2026-04-11 19:30:00+00:00,,14.0,1949.06,0.0,2.0,32.0,frozen-all-competitions,0.8596975767835303,1.3033033086613885,0.8135217190687032,0.6959553861319142,11
25-26-prem-liverpool-vs-fulham,12,prem,2026-04-11 16:30:00+00:00,2026-04-11 19:30:00+00:00,,54.0,1807.68,2.0,0.0,32.0,frozen-all-competitions,0.8358255142463685,1.3033033086613885,0.8135217190687032,0.5106650487883524,11
25-26-prem-crystal-palace-vs-newcastle-united,8,prem,2026-04-12 13:00:00+00:00,2026-04-12 16:00:00+00:00,,4.0,1866.62,2.0,1.0,32.0,frozen-all-competitions,0.8328533905497966,1.20097875115889,0.8135217190687032,0.5914858265216152,11
25-26-prem-crystal-palace-vs-newcastle-united,15,prem,2026-04-12 13:00:00+00:00,2026-04-12 16:00:00+00:00,,31.0,1805.77,1.0,2.0,32.0,frozen-all-competitions,0.8482704965318647,1.3995652918257622,0.8135217190687032,0.5080132027309969,11
25-26-prem-nottingham-forest-vs-aston-villa,2,prem,2026-04-12 13:00:00+00:00,2026-04-12 16:00:00+00:00,,17.0,1784.7,1.0,1.0,32.0,frozen-all-competitions,0.8314008174251617,1.3033033086613885,0.8135217190687032,0.4787627850337259,11
25-26-prem-nottingham-forest-vs-aston-villa,16,prem,2026-04-12 13:00:00+00:00,2026-04-12 16:00:00+00:00,,7.0,1929.21,1.0,1.0,32.0,frozen-all-competitions,0.8393570192169323,1.167800310359887,0.8135217190687032,0.6721297239839247,11
25-26-prem-sunderland-vs-tottenham-hotspur,17,prem,2026-04-12 13:00:00+00:00,2026-04-12 16:00:00+00:00,,6.0,1819.66,1.0,0.0,32.0,frozen-all-competitions,0.8380925242563573,1.3033033086613885,0.8135217190687032,0.5272784427778971,11
25-26-prem-sunderland-vs-tottenham-hotspur,18,prem,2026-04-12 13:00:00+00:00,2026-04-12 16:00:00+00:00,,56.0,1705.73,0.0,1.0,32.0,frozen-all-competitions,0.8299212536110461,1.3995652918257622,0.8135217190687032,0.37198226637540965,11
25-26-prem-chelsea-vs-manchester-city,7,prem,2026-04-12 15:30:00+00:00,2026-04-12 18:30:00+00:00,,43.0,1973.92,0.0,3.0,32.0,frozen-all-competitions,0.8740720484679297,1.3995652918257622,0.8135217190687032,0.724365866515061,11
25-26-prem-chelsea-vs-manchester-city,13,prem,2026-04-12 15:30:00+00:00,2026-04-12 18:30:00+00:00,,8.0,1930.44,3.0,0.0,32.0,frozen-all-competitions,0.8569835233698365,1.3033033086613885,0.8135217190687032,0.6736338199309425,11
25-26-prem-manchester-united-vs-leeds-united,11,prem,2026-04-13 19:00:00+00:00,2026-04-13 22:00:00+00:00,,1.0,1880.65,2.0,1.0,32.0,frozen-all-competitions,0.8490285225446661,1.3033033086613885,0.8135217190687032,0.6101768255274216,11
25-26-prem-manchester-united-vs-leeds-united,14,prem,2026-04-13 19:00:00+00:00,2026-04-13 22:00:00+00:00,,2.0,1780.19,1.0,2.0,32.0,frozen-all-competitions,0.83052306728278,1.3033033086613885,0.8135217190687032,0.4725138487169606,11
25-26-prem-brentford-vs-fulham,5,prem,2026-04-18 11:30:00+00:00,2026-04-18 14:30:00+00:00,,54.0,1801.05,0.0,0.0,33.0,frozen-all-competitions,0.8512539503006742,1.3995652918257622,0.8434463895874107,0.5014583291980271,11
25-26-prem-brentford-vs-fulham,10,prem,2026-04-18 11:30:00+00:00,2026-04-18 14:30:00+00:00,,94.0,1833.07,0.0,0.0,33.0,frozen-all-competitions,0.8445594115234573,1.3033033086613885,0.8434463895874107,0.5458017957097588,11
25-26-prem-leeds-united-vs-wolverhampton-wanderers,11,prem,2026-04-18 14:00:00+00:00,2026-04-18 17:00:00+00:00,,39.0,1684.17,3.0,0.0,33.0,frozen-all-competitions,0.8162591406372042,1.3033033086613885,0.8434463895874107,0.3444557887183113,11
25-26-prem-leeds-united-vs-wolverhampton-wanderers,20,prem,2026-04-18 14:00:00+00:00,2026-04-18 17:00:00+00:00,,2.0,1789.25,0.0,3.0,33.0,frozen-all-competitions,0.8491673788185058,1.3995652918257622,0.8434463895874107,0.4850738806510752,11
25-26-prem-newcastle-united-vs-afc-bournemouth,4,prem,2026-04-18 14:00:00+00:00,2026-04-18 17:00:00+00:00,,4.0,1827.16,2.0,1.0,33.0,frozen-all-competitions,0.8434863527013996,1.3033033086613885,0.8434463895874107,0.5376508148721534,11
25-26-prem-newcastle-united-vs-afc-bournemouth,15,prem,2026-04-18 14:00:00+00:00,2026-04-18 17:00:00+00:00,,91.0,1849.21,1.0,2.0,33.0,frozen-all-competitions,0.8594750042162487,1.3995652918257622,0.8434463895874107,0.5679246823294244,11
25-26-prem-tottenham-hotspur-vs-brighton-hove-albion,6,prem,2026-04-18 16:30:00+00:00,2026-04-18 19:30:00+00:00,,6.0,1750.36,2.0,2.0,33.0,frozen-all-competitions,0.8289549601898821,1.3033033086613885,0.8434463895874107,0.4314892125970421,11
25-26-prem-tottenham-hotspur-vs-brighton-hove-albion,18,prem,2026-04-18 16:30:00+00:00,2026-04-18 19:30:00+00:00,,36.0,1852.34,2.0,2.0,33.0,frozen-all-competitions,0.8599889529245799,1.3995652918257622,0.8434463895874107,0.5721865351375136,11
25-26-prem-chelsea-vs-manchester-united,7,prem,2026-04-18 19:00:00+00:00,2026-04-18 22:00:00+00:00,,1.0,1881.36,0.0,1.0,33.0,frozen-all-competitions,0.8646108536221113,1.3995652918257622,0.8434463895874107,0.6111146465120098,11
25-26-prem-chelsea-vs-manchester-united,14,prem,2026-04-18 19:00:00+00:00,2026-04-18 22:00:00+00:00,,8.0,1852.26,1.0,0.0,33.0,frozen-all-competitions,0.8479777408746763,1.3033033086613885,0.8434463895874107,0.5720777364913304,11
25-26-prem-aston-villa-vs-sunderland,2,prem,2026-04-19 13:00:00+00:00,2026-04-19 16:00:00+00:00,,56.0,1713.23,4.0,3.0,33.0,frozen-all-competitions,0.8217891643206192,1.3033033086613885,0.8434463895874107,0.38176685334409755,11
25-26-prem-aston-villa-vs-sunderland,17,prem,2026-04-19 13:00:00+00:00,2026-04-19 16:00:00+00:00,,7.0,1899.11,3.0,4.0,33.0,frozen-all-competitions,0.8558236406962493,1.3033033086613885,0.8434463895874107,0.634277361833823,11
25-26-prem-everton-vs-liverpool,9,prem,2026-04-19 13:00:00+00:00,2026-04-19 16:00:00+00:00,,14.0,1925.59,1.0,2.0,33.0,frozen-all-competitions,0.8598967007654289,1.3033033086613885,0.8434463895874107,0.6676825661891943,11
25-26-prem-everton-vs-liverpool,12,prem,2026-04-19 13:00:00+00:00,2026-04-19 16:00:00+00:00,,11.0,1829.23,2.0,1.0,33.0,frozen-all-competitions,0.8438632121344783,1.3033033086613885,0.8434463895874107,0.5405082439444473,11
25-26-prem-nottingham-forest-vs-burnley,3,prem,2026-04-19 13:00:00+00:00,2026-04-19 16:00:00+00:00,,17.0,1808.82,1.0,4.0,33.0,frozen-all-competitions,0.852614917594095,1.3995652918257622,0.8434463895874107,0.5122475495675137,11
25-26-prem-nottingham-forest-vs-burnley,16,prem,2026-04-19 13:00:00+00:00,2026-04-19 16:00:00+00:00,,90.0,1666.23,4.0,1.0,33.0,frozen-all-competitions,0.7914286876926903,1.167800310359887,0.8434463895874107,0.32231206942662205,11
25-26-prem-manchester-city-vs-arsenal,1,prem,2026-04-19 15:30:00+00:00,2026-04-19 18:30:00+00:00,,43.0,1966.49,1.0,2.0,33.0,frozen-all-competitions,0.8442724393553152,1.1308722757587584,0.8434463895874107,0.7160484982264894,11
25-26-prem-manchester-city-vs-arsenal,13,prem,2026-04-19 15:30:00+00:00,2026-04-19 18:30:00+00:00,,3.0,2044.21,2.0,1.0,33.0,frozen-all-competitions,0.8745690842187209,1.3033033086613885,0.8434463895874107,0.795226456480221,11
25-26-prem-crystal-palace-vs-west-ham-united,8,prem,2026-04-20 19:00:00+00:00,2026-04-20 22:00:00+00:00,,21.0,1759.28,0.0,0.0,33.0,frozen-all-competitions,0.8157943568402911,1.20097875115889,0.8434463895874107,0.44368440938278364,11
25-26-prem-crystal-palace-vs-west-ham-united,19,prem,2026-04-20 19:00:00+00:00,2026-04-20 22:00:00+00:00,,31.0,1810.98,0.0,0.0,33.0,frozen-all-competitions,0.8529912216216411,1.3995652918257622,0.8434463895874107,0.51524527298808,11
25-26-prem-brighton-hove-albion-vs-chelsea,6,prem,2026-04-21 19:00:00+00:00,2026-04-21 22:00:00+00:00,,8.0,1852.26,3.0,0.0,33.0,frozen-all-competitions,0.8479777408746763,1.3033033086613885,0.8434463895874107,0.5720777364913304,11
25-26-prem-brighton-hove-albion-vs-chelsea,7,prem,2026-04-21 19:00:00+00:00,2026-04-21 22:00:00+00:00,,36.0,1852.34,0.0,3.0,33.0,frozen-all-competitions,0.8599889529245799,1.3995652918257622,0.8434463895874107,0.5721865351375136,11
25-26-prem-afc-bournemouth-vs-leeds-united,4,prem,2026-04-22 19:00:00+00:00,2026-04-22 22:00:00+00:00,,2.0,1789.25,2.0,2.0,33.0,frozen-all-competitions,0.8364192976846074,1.3033033086613885,0.8434463895874107,0.4850738806510752,11
25-26-prem-afc-bournemouth-vs-leeds-united,11,prem,2026-04-22 19:00:00+00:00,2026-04-22 22:00:00+00:00,,91.0,1849.21,2.0,2.0,33.0,frozen-all-competitions,0.8474415904087417,1.3033033086613885,0.8434463895874107,0.5679246823294244,11
25-26-prem-burnley-vs-manchester-city,3,prem,2026-04-22 19:00:00+00:00,2026-04-22 22:00:00+00:00,,43.0,1966.49,0.0,1.0,33.0,frozen-all-competitions,0.8764312063185723,1.3995652918257622,0.8434463895874107,0.7160484982264894,11
25-26-prem-burnley-vs-manchester-city,13,prem,2026-04-22 19:00:00+00:00,2026-04-22 22:00:00+00:00,,90.0,1666.23,1.0,0.0,33.0,frozen-all-competitions,0.8129147374528846,1.3033033086613885,0.8434463895874107,0.32231206942662205,11
25-26-prem-sunderland-vs-nottingham-forest,16,prem,2026-04-24 19:00:00+00:00,2026-04-24 22:00:00+00:00,,56.0,1735.93,5.0,0.0,34.0,frozen-all-competitions,0.8105494527469542,1.167800310359887,0.8738423630897332,0.41194165487365186,11
25-26-prem-sunderland-vs-nottingham-forest,17,prem,2026-04-24 19:00:00+00:00,2026-04-24 22:00:00+00:00,,17.0,1822.17,0.0,5.0,34.0,frozen-all-competitions,0.8465635076166608,1.3033033086613885,0.8738423630897332,0.530752799756924,11
25-26-prem-fulham-vs-aston-villa,2,prem,2026-04-25 11:30:00+00:00,2026-04-25 14:30:00+00:00,,54.0,1813.1,0.0,1.0,34.0,frozen-all-competitions,0.8449240951995343,1.3033033086613885,0.8738423630897332,0.5181864179637028,11
25-26-prem-fulham-vs-aston-villa,10,prem,2026-04-25 11:30:00+00:00,2026-04-25 14:30:00+00:00,,7.0,1920.97,1.0,0.0,34.0,frozen-all-competitions,0.8628432905837302,1.3033033086613885,0.8738423630897332,0.661963279568216,11
25-26-prem-liverpool-vs-crystal-palace,8,prem,2026-04-25 14:00:00+00:00,2026-04-25 17:00:00+00:00,,14.0,1910.8,1.0,3.0,34.0,frozen-all-competitions,0.8486469627479437,1.20097875115889,0.8738423630897332,0.64920705542685,11
25-26-prem-liverpool-vs-crystal-palace,12,prem,2026-04-25 14:00:00+00:00,2026-04-25 17:00:00+00:00,,31.0,1803.82,3.0,1.0,34.0,frozen-all-competitions,0.843228814933089,1.3033033086613885,0.8738423630897332,0.5053053564369799,11
25-26-prem-west-ham-united-vs-everton,9,prem,2026-04-25 14:00:00+00:00,2026-04-25 17:00:00+00:00,,21.0,1768.8,1.0,2.0,34.0,frozen-all-competitions,0.8367060013763334,1.3033033086613885,0.8738423630897332,0.4567748355181423,11
25-26-prem-west-ham-united-vs-everton,19,prem,2026-04-25 14:00:00+00:00,2026-04-25 17:00:00+00:00,,11.0,1803.43,2.0,1.0,34.0,frozen-all-competitions,0.8554709239193784,1.3995652918257622,0.8738423630897332,0.5047637447411489,11
25-26-prem-wolverhampton-wanderers-vs-tottenham-hotspur,18,prem,2026-04-25 14:00:00+00:00,2026-04-25 17:00:00+00:00,,39.0,1679.69,1.0,0.0,34.0,frozen-all-competitions,0.8337256621753889,1.3995652918257622,0.8738423630897332,0.33885768934258703,11
25-26-prem-wolverhampton-wanderers-vs-tottenham-hotspur,20,prem,2026-04-25 14:00:00+00:00,2026-04-25 17:00:00+00:00,,6.0,1777.31,0.0,1.0,34.0,frozen-all-competitions,0.8509327341572985,1.3995652918257622,0.8738423630897332,0.46852777455844163,11
25-26-prem-arsenal-vs-newcastle-united,1,prem,2026-04-25 16:30:00+00:00,2026-04-25 19:30:00+00:00,,4.0,1837.53,1.0,0.0,34.0,frozen-all-competitions,0.8258723576036918,1.1308722757587584,0.8738423630897332,0.5519369847165237,11
25-26-prem-arsenal-vs-newcastle-united,15,prem,2026-04-25 16:30:00+00:00,2026-04-25 19:30:00+00:00,,3.0,2063.76,0.0,1.0,34.0,frozen-all-competitions,0.8895108809902192,1.3995652918257622,0.8738423630897332,0.8123470392100409,11
25-26-prem-manchester-united-vs-brentford,5,prem,2026-04-27 19:00:00+00:00,2026-04-27 22:00:00+00:00,,1.0,1915.32,1.0,2.0,34.0,frozen-all-competitions,0.8730624440041992,1.3995652918257622,0.8738423630897332,0.654904145965638,11
25-26-prem-manchester-united-vs-brentford,14,prem,2026-04-27 19:00:00+00:00,2026-04-27 22:00:00+00:00,,94.0,1836.59,2.0,1.0,34.0,frozen-all-competitions,0.8491296263209112,1.3033033086613885,0.8738423630897332,0.5506451684073327,11
25-26-prem-leeds-united-vs-burnley,3,prem,2026-05-01 19:00:00+00:00,2026-05-01 22:00:00+00:00,,2.0,1797.39,1.0,3.0,35.0,frozen-all-competitions,0.8582271643824456,1.3995652918257622,0.9047024419961067,0.49637506351168564,11
25-26-prem-leeds-united-vs-burnley,11,prem,2026-05-01 19:00:00+00:00,2026-05-01 22:00:00+00:00,,90.0,1666.34,3.0,1.0,35.0,frozen-all-competitions,0.8220723377891664,1.3033033086613885,0.9047024419961067,0.32244556708484295,11
25-26-prem-brentford-vs-west-ham-united,5,prem,2026-05-02 14:00:00+00:00,2026-05-02 17:00:00+00:00,,21.0,1768.8,3.0,0.0,35.0,frozen-all-competitions,0.8533401865661056,1.3995652918257622,0.9047024419961067,0.4567748355181423,11
25-26-prem-brentford-vs-west-ham-united,19,prem,2026-05-02 14:00:00+00:00,2026-05-02 17:00:00+00:00,,94.0,1836.59,0.0,3.0,35.0,frozen-all-competitions,0.8647029027610603,1.3995652918257622,0.9047024419961067,0.5506451684073327,11
25-26-prem-newcastle-united-vs-brighton-hove-albion,6,prem,2026-05-02 14:00:00+00:00,2026-05-02 17:00:00+00:00,,4.0,1837.53,1.0,3.0,35.0,frozen-all-competitions,0.8532024880636695,1.3033033086613885,0.9047024419961067,0.5519369847165237,11
25-26-prem-newcastle-united-vs-brighton-hove-albion,15,prem,2026-05-02 14:00:00+00:00,2026-05-02 17:00:00+00:00,,36.0,1842.01,3.0,1.0,35.0,frozen-all-competitions,0.8655708039443543,1.3995652918257622,0.9047024419961067,0.5580838073776806,11
25-26-prem-wolverhampton-wanderers-vs-sunderland,17,prem,2026-05-02 14:00:00+00:00,2026-05-02 17:00:00+00:00,,39.0,1679.69,1.0,1.0,35.0,frozen-all-competitions,0.824460253355569,1.3033033086613885,0.9047024419961067,0.33885768934258703,11
25-26-prem-wolverhampton-wanderers-vs-sunderland,20,prem,2026-05-02 14:00:00+00:00,2026-05-02 17:00:00+00:00,,56.0,1735.93,1.0,1.0,35.0,frozen-all-competitions,0.8476399370996801,1.3995652918257622,0.9047024419961067,0.41194165487365186,11
25-26-prem-arsenal-vs-fulham,1,prem,2026-05-02 16:30:00+00:00,2026-05-02 19:30:00+00:00,,54.0,1813.1,3.0,0.0,35.0,frozen-all-competitions,0.8254562930068474,1.1308722757587584,0.9047024419961067,0.5181864179637028,11
25-26-prem-arsenal-vs-fulham,10,prem,2026-05-02 16:30:00+00:00,2026-05-02 19:30:00+00:00,,3.0,2063.76,0.0,3.0,35.0,frozen-all-competitions,0.882917483421771,1.3033033086613885,0.9047024419961067,0.8123470392100409,11
25-26-prem-afc-bournemouth-vs-crystal-palace,4,prem,2026-05-03 13:00:00+00:00,2026-05-03 16:00:00+00:00,,31.0,1803.82,3.0,0.0,35.0,frozen-all-competitions,0.8472652570000423,1.3033033086613885,0.9047024419961067,0.5053053564369799,11
25-26-prem-afc-bournemouth-vs-crystal-palace,8,prem,2026-05-03 13:00:00+00:00,2026-05-03 16:00:00+00:00,,91.0,1871.97,0.0,3.0,35.0,frozen-all-competitions,0.84609925700149,1.20097875115889,0.9047024419961067,0.5986476159962777,11
25-26-prem-manchester-united-vs-liverpool,12,prem,2026-05-03 14:30:00+00:00,2026-05-03 17:30:00+00:00,,1.0,1915.32,2.0,3.0,35.0,frozen-all-competitions,0.8656357597972674,1.3033033086613885,0.9047024419961067,0.654904145965638,11
25-26-prem-manchester-united-vs-liverpool,14,prem,2026-05-03 14:30:00+00:00,2026-05-03 17:30:00+00:00,,14.0,1910.8,3.0,2.0,35.0,frozen-all-competitions,0.8649717470160286,1.3033033086613885,0.9047024419961067,0.64920705542685,11
25-26-prem-aston-villa-vs-tottenham-hotspur,2,prem,2026-05-03 18:00:00+00:00,2026-05-03 21:00:00+00:00,,6.0,1777.31,1.0,2.0,35.0,frozen-all-competitions,0.8424449669068725,1.3033033086613885,0.9047024419961067,0.46852777455844163,11
25-26-prem-aston-villa-vs-tottenham-hotspur,18,prem,2026-05-03 18:00:00+00:00,2026-05-03 21:00:00+00:00,,7.0,1920.97,2.0,1.0,35.0,frozen-all-competitions,0.8772057104071913,1.3995652918257622,0.9047024419961067,0.661963279568216,11
25-26-prem-chelsea-vs-nottingham-forest,7,prem,2026-05-04 14:00:00+00:00,2026-05-04 17:00:00+00:00,,17.0,1822.17,1.0,3.0,35.0,frozen-all-competitions,0.8623587296734078,1.3995652918257622,0.9047024419961067,0.530752799756924,11
25-26-prem-chelsea-vs-nottingham-forest,16,prem,2026-05-04 14:00:00+00:00,2026-05-04 17:00:00+00:00,,8.0,1831.1,3.0,1.0,35.0,frozen-all-competitions,0.8341860472768594,1.167800310359887,0.9047024419961067,0.5430873102943334,11
25-26-prem-everton-vs-manchester-city,9,prem,2026-05-04 19:00:00+00:00,2026-05-04 22:00:00+00:00,,43.0,1970.85,3.0,3.0,35.0,frozen-all-competitions,0.8731335216121666,1.3033033086613885,0.9047024419961067,0.7209475570812447,11
25-26-prem-everton-vs-manchester-city,13,prem,2026-05-04 19:00:00+00:00,2026-05-04 22:00:00+00:00,,11.0,1803.43,3.0,3.0,35.0,frozen-all-competitions,0.8471951555581136,1.3033033086613885,0.9047024419961067,0.5047637447411489,11
25-26-prem-liverpool-vs-chelsea,7,prem,2026-05-09 11:30:00+00:00,2026-05-09 14:30:00+00:00,,14.0,1910.8,1.0,1.0,36.0,frozen-all-competitions,0.8791910760068742,1.3995652918257622,0.9360197487691808,0.64920705542685,11
25-26-prem-liverpool-vs-chelsea,12,prem,2026-05-09 11:30:00+00:00,2026-05-09 14:30:00+00:00,,8.0,1831.1,1.0,1.0,36.0,frozen-all-competitions,0.8559942423857043,1.3033033086613885,0.9360197487691808,0.5430873102943334,11
25-26-prem-brighton-hove-albion-vs-wolverhampton-wanderers,6,prem,2026-05-09 14:00:00+00:00,2026-05-09 17:00:00+00:00,,39.0,1679.69,3.0,0.0,36.0,frozen-all-competitions,0.8289467130276649,1.3033033086613885,0.9360197487691808,0.33885768934258703,11
25-26-prem-brighton-hove-albion-vs-wolverhampton-wanderers,20,prem,2026-05-09 14:00:00+00:00,2026-05-09 17:00:00+00:00,,36.0,1842.01,0.0,3.0,36.0,frozen-all-competitions,0.8691732846030378,1.3995652918257622,0.9360197487691808,0.5580838073776806,11
25-26-prem-fulham-vs-afc-bournemouth,4,prem,2026-05-09 14:00:00+00:00,2026-05-09 17:00:00+00:00,,54.0,1813.1,1.0,0.0,36.0,frozen-all-competitions,0.8528974651153876,1.3033033086613885,0.9360197487691808,0.5181864179637028,11
25-26-prem-fulham-vs-afc-bournemouth,10,prem,2026-05-09 14:00:00+00:00,2026-05-09 17:00:00+00:00,,91.0,1871.97,0.0,1.0,36.0,frozen-all-competitions,0.8627085257295646,1.3033033086613885,0.9360197487691808,0.5986476159962777,11
25-26-prem-sunderland-vs-manchester-united,14,prem,2026-05-09 14:00:00+00:00,2026-05-09 17:00:00+00:00,,56.0,1735.93,0.0,0.0,36.0,frozen-all-competitions,0.8390619066515779,1.3033033086613885,0.9360197487691808,0.41194165487365186,11
25-26-prem-sunderland-vs-manchester-united,17,prem,2026-05-09 14:00:00+00:00,2026-05-09 17:00:00+00:00,,1.0,1915.32,0.0,0.0,36.0,frozen-all-competitions,0.8692367627182044,1.3033033086613885,0.9360197487691808,0.654904145965638,11
25-26-prem-manchester-city-vs-brentford,5,prem,2026-05-09 16:30:00+00:00,2026-05-09 19:30:00+00:00,,43.0,1970.85,0.0,3.0,36.0,frozen-all-competitions,0.886606038988076,1.3995652918257622,0.9360197487691808,0.7209475570812447,11
25-26-prem-manchester-city-vs-brentford,13,prem,2026-05-09 16:30:00+00:00,2026-05-09 19:30:00+00:00,,94.0,1836.59,3.0,0.0,36.0,frozen-all-competitions,0.856923380870708,1.3033033086613885,0.9360197487691808,0.5506451684073327,11
25-26-prem-burnley-vs-aston-villa,2,prem,2026-05-10 13:00:00+00:00,2026-05-10 16:00:00+00:00,,90.0,1666.34,2.0,2.0,36.0,frozen-all-competitions,0.8266069926174022,1.3033033086613885,0.9360197487691808,0.32244556708484295,11
25-26-prem-burnley-vs-aston-villa,3,prem,2026-05-10 13:00:00+00:00,2026-05-10 16:00:00+00:00,,7.0,1920.97,2.0,2.0,36.0,frozen-all-competitions,0.8805394269094973,1.3995652918257622,0.9360197487691808,0.661963279568216,11
25-26-prem-crystal-palace-vs-everton,8,prem,2026-05-10 13:00:00+00:00,2026-05-10 16:00:00+00:00,,11.0,1803.43,2.0,2.0,36.0,frozen-all-competitions,0.8377745837357795,1.20097875115889,0.9360197487691808,0.5047637447411489,11
25-26-prem-crystal-palace-vs-everton,9,prem,2026-05-10 13:00:00+00:00,2026-05-10 16:00:00+00:00,,31.0,1803.82,2.0,2.0,36.0,frozen-all-competitions,0.8512740063099653,1.3033033086613885,0.9360197487691808,0.5053053564369799,11
25-26-prem-nottingham-forest-vs-newcastle-united,15,prem,2026-05-10 13:00:00+00:00,2026-05-10 16:00:00+00:00,,17.0,1822.17,1.0,1.0,36.0,frozen-all-competitions,0.8660339661227096,1.3995652918257622,0.9360197487691808,0.530752799756924,11
25-26-prem-nottingham-forest-vs-newcastle-united,16,prem,2026-05-10 13:00:00+00:00,2026-05-10 16:00:00+00:00,,4.0,1837.53,1.0,1.0,36.0,frozen-all-competitions,0.8396676141120799,1.167800310359887,0.9360197487691808,0.5519369847165237,11
25-26-prem-west-ham-united-vs-arsenal,1,prem,2026-05-10 15:30:00+00:00,2026-05-10 18:30:00+00:00,,21.0,1768.8,1.0,0.0,36.0,frozen-all-competitions,0.821077809855514,1.1308722757587584,0.9360197487691808,0.4567748355181423,11
25-26-prem-west-ham-united-vs-arsenal,19,prem,2026-05-10 15:30:00+00:00,2026-05-10 18:30:00+00:00,,3.0,2063.76,0.0,1.0,36.0,frozen-all-competitions,0.8954753793864512,1.3995652918257622,0.9360197487691808,0.8123470392100409,11
25-26-prem-tottenham-hotspur-vs-leeds-united,11,prem,2026-05-11 19:00:00+00:00,2026-05-11 22:00:00+00:00,,6.0,1777.31,1.0,1.0,36.0,frozen-all-competitions,0.8465573194394245,1.3033033086613885,0.9360197487691808,0.46852777455844163,11
25-26-prem-tottenham-hotspur-vs-leeds-united,18,prem,2026-05-11 19:00:00+00:00,2026-05-11 22:00:00+00:00,,2.0,1797.39,1.0,1.0,36.0,frozen-all-competitions,0.8619950654645008,1.3995652918257622,0.9360197487691808,0.49637506351168564,11
25-26-prem-manchester-city-vs-crystal-palace,8,prem,2026-05-13 19:00:00+00:00,2026-05-13 22:00:00+00:00,,43.0,1970.85,0.0,3.0,36.0,frozen-all-competitions,0.8650573645988112,1.20097875115889,0.9360197487691808,0.7209475570812447,11
25-26-prem-manchester-city-vs-crystal-palace,13,prem,2026-05-13 19:00:00+00:00,2026-05-13 22:00:00+00:00,,31.0,1803.82,3.0,0.0,36.0,frozen-all-competitions,0.8512740063099653,1.3033033086613885,0.9360197487691808,0.5053053564369799,11
25-26-prem-aston-villa-vs-liverpool,2,prem,2026-05-15 19:00:00+00:00,2026-05-15 22:00:00+00:00,,14.0,1910.8,4.0,2.0,37.0,frozen-all-competitions,0.8721716683313367,1.3033033086613885,0.9677877028747499,0.64920705542685,11
25-26-prem-aston-villa-vs-liverpool,12,prem,2026-05-15 19:00:00+00:00,2026-05-15 22:00:00+00:00,,7.0,1920.97,2.0,4.0,37.0,frozen-all-competitions,0.8735870984731114,1.3033033086613885,0.9677877028747499,0.661963279568216,11
25-26-prem-manchester-united-vs-nottingham-forest,14,prem,2026-05-17 11:30:00+00:00,2026-05-17 14:30:00+00:00,,17.0,1822.17,3.0,2.0,37.0,frozen-all-competitions,0.8583732328512358,1.3033033086613885,0.9677877028747499,0.530752799756924,11
25-26-prem-manchester-united-vs-nottingham-forest,16,prem,2026-05-17 11:30:00+00:00,2026-05-17 14:30:00+00:00,,1.0,1915.32,2.0,3.0,37.0,frozen-all-competitions,0.8569876060756098,1.167800310359887,0.9677877028747499,0.654904145965638,11
25-26-prem-brentford-vs-crystal-palace,5,prem,2026-05-17 14:00:00+00:00,2026-05-17 17:00:00+00:00,,31.0,1803.82,2.0,2.0,37.0,frozen-all-competitions,0.8667655713009204,1.3995652918257622,0.9677877028747499,0.5053053564369799,11
25-26-prem-brentford-vs-crystal-palace,8,prem,2026-05-17 14:00:00+00:00,2026-05-17 17:00:00+00:00,,94.0,1836.59,2.0,2.0,37.0,frozen-all-competitions,0.8480530340746478,1.20097875115889,0.9677877028747499,0.5506451684073327,11
25-26-prem-everton-vs-sunderland,9,prem,2026-05-17 14:00:00+00:00,2026-05-17 17:00:00+00:00,,56.0,1735.93,1.0,3.0,37.0,frozen-all-competitions,0.8433056886560302,1.3033033086613885,0.9677877028747499,0.41194165487365186,11
25-26-prem-everton-vs-sunderland,17,prem,2026-05-17 14:00:00+00:00,2026-05-17 17:00:00+00:00,,11.0,1803.43,3.0,1.0,37.0,frozen-all-competitions,0.855184257212114,1.3033033086613885,0.9677877028747499,0.5047637447411489,11
25-26-prem-leeds-united-vs-brighton-hove-albion,6,prem,2026-05-17 14:00:00+00:00,2026-05-17 17:00:00+00:00,,2.0,1797.39,0.0,1.0,37.0,frozen-all-competitions,0.8541422696505279,1.3033033086613885,0.9677877028747499,0.49637506351168564,11
25-26-prem-leeds-united-vs-brighton-hove-albion,11,prem,2026-05-17 14:00:00+00:00,2026-05-17 17:00:00+00:00,,36.0,1842.01,1.0,0.0,37.0,frozen-all-competitions,0.8616633949329093,1.3033033086613885,0.9677877028747499,0.5580838073776806,11
25-26-prem-wolverhampton-wanderers-vs-fulham,10,prem,2026-05-17 14:00:00+00:00,2026-05-17 17:00:00+00:00,,39.0,1679.69,1.0,1.0,37.0,frozen-all-competitions,0.8334042640944513,1.3033033086613885,0.9677877028747499,0.33885768934258703,11
25-26-prem-wolverhampton-wanderers-vs-fulham,20,prem,2026-05-17 14:00:00+00:00,2026-05-17 17:00:00+00:00,,54.0,1813.1,1.0,1.0,37.0,frozen-all-competitions,0.8682461001538999,1.3995652918257622,0.9677877028747499,0.5181864179637028,11
25-26-prem-newcastle-united-vs-west-ham-united,15,prem,2026-05-17 16:30:00+00:00,2026-05-17 19:30:00+00:00,,21.0,1768.8,3.0,1.0,37.0,frozen-all-competitions,0.8610606971242925,1.3995652918257622,0.9677877028747499,0.4567748355181423,11
25-26-prem-newcastle-united-vs-west-ham-united,19,prem,2026-05-17 16:30:00+00:00,2026-05-17 19:30:00+00:00,,4.0,1837.53,1.0,3.0,37.0,frozen-all-competitions,0.8720592362427739,1.3995652918257622,0.9677877028747499,0.5519369847165237,11
25-26-prem-arsenal-vs-burnley,1,prem,2026-05-18 19:00:00+00:00,2026-05-18 22:00:00+00:00,,90.0,1666.34,1.0,0.0,37.0,frozen-all-competitions,0.8055116725957403,1.1308722757587584,0.9677877028747499,0.32244556708484295,11
25-26-prem-arsenal-vs-burnley,3,prem,2026-05-18 19:00:00+00:00,2026-05-18 22:00:00+00:00,,3.0,2063.76,0.0,1.0,37.0,frozen-all-competitions,0.8984116980333349,1.3995652918257622,0.9677877028747499,0.8123470392100409,11
25-26-prem-afc-bournemouth-vs-manchester-city,4,prem,2026-05-19 18:30:00+00:00,2026-05-19 21:30:00+00:00,,43.0,1970.85,1.0,1.0,37.0,frozen-all-competitions,0.8799586413007948,1.3033033086613885,0.9677877028747499,0.7209475570812447,11
25-26-prem-afc-bournemouth-vs-manchester-city,13,prem,2026-05-19 18:30:00+00:00,2026-05-19 21:30:00+00:00,,91.0,1871.97,1.0,1.0,37.0,frozen-all-competitions,0.8664280315979855,1.3033033086613885,0.9677877028747499,0.5986476159962777,11
25-26-prem-chelsea-vs-tottenham-hotspur,7,prem,2026-05-19 19:15:00+00:00,2026-05-19 22:15:00+00:00,,6.0,1777.31,2.0,1.0,37.0,frozen-all-competitions,0.8624608045131793,1.3995652918257622,0.9677877028747499,0.46852777455844163,11
25-26-prem-chelsea-vs-tottenham-hotspur,18,prem,2026-05-19 19:15:00+00:00,2026-05-19 22:15:00+00:00,,8.0,1831.1,1.0,2.0,37.0,frozen-all-competitions,0.8710686057464754,1.3995652918257622,0.9677877028747499,0.5430873102943334,11
25-26-prem-brighton-hove-albion-vs-manchester-united,6,prem,2026-05-24 15:00:00+00:00,2026-05-24 18:00:00+00:00,,1.0,1915.32,0.0,3.0,38.0,frozen-all-competitions,0.876338826938593,1.3033033086613885,1.0,0.654904145965638,11
25-26-prem-brighton-hove-albion-vs-manchester-united,14,prem,2026-05-24 15:00:00+00:00,2026-05-24 18:00:00+00:00,,36.0,1842.01,3.0,0.0,38.0,frozen-all-competitions,0.8654585458041093,1.3033033086613885,1.0,0.5580838073776806,11
25-26-prem-burnley-vs-wolverhampton-wanderers,3,prem,2026-05-24 15:00:00+00:00,2026-05-24 18:00:00+00:00,,39.0,1679.69,1.0,1.0,38.0,frozen-all-competitions,0.8504866439736071,1.3995652918257622,1.0,0.33885768934258703,11
25-26-prem-burnley-vs-wolverhampton-wanderers,20,prem,2026-05-24 15:00:00+00:00,2026-05-24 18:00:00+00:00,,90.0,1666.34,1.0,1.0,38.0,frozen-all-competitions,0.8483876663881189,1.3995652918257622,1.0,0.32244556708484295,11
25-26-prem-crystal-palace-vs-arsenal,1,prem,2026-05-24 15:00:00+00:00,2026-05-24 18:00:00+00:00,,31.0,1803.82,2.0,1.0,38.0,frozen-all-competitions,0.8370141559283978,1.1308722757587584,1.0,0.5053053564369799,11
25-26-prem-crystal-palace-vs-arsenal,8,prem,2026-05-24 15:00:00+00:00,2026-05-24 18:00:00+00:00,,3.0,2063.76,1.0,2.0,38.0,frozen-all-competitions,0.88218911609874,1.20097875115889,1.0,0.8123470392100409,11
25-26-prem-fulham-vs-newcastle-united,10,prem,2026-05-24 15:00:00+00:00,2026-05-24 18:00:00+00:00,,4.0,1837.53,2.0,0.0,38.0,frozen-all-competitions,0.8647412002653846,1.3033033086613885,1.0,0.5519369847165237,11
25-26-prem-fulham-vs-newcastle-united,15,prem,2026-05-24 15:00:00+00:00,2026-05-24 18:00:00+00:00,,54.0,1813.1,0.0,2.0,38.0,frozen-all-competitions,0.8718875102900682,1.3995652918257622,1.0,0.5181864179637028,11
25-26-prem-liverpool-vs-brentford,5,prem,2026-05-24 15:00:00+00:00,2026-05-24 18:00:00+00:00,,14.0,1910.8,1.0,1.0,38.0,frozen-all-competitions,0.8858235124540714,1.3995652918257622,1.0,0.64920705542685,11
25-26-prem-liverpool-vs-brentford,12,prem,2026-05-24 15:00:00+00:00,2026-05-24 18:00:00+00:00,,94.0,1836.59,1.0,1.0,38.0,frozen-all-competitions,0.864590033241898,1.3033033086613885,1.0,0.5506451684073327,11
25-26-prem-manchester-city-vs-aston-villa,2,prem,2026-05-24 15:00:00+00:00,2026-05-24 18:00:00+00:00,,43.0,1970.85,2.0,1.0,38.0,frozen-all-competitions,0.8833198428125942,1.3033033086613885,1.0,0.7209475570812447,11
25-26-prem-manchester-city-vs-aston-villa,13,prem,2026-05-24 15:00:00+00:00,2026-05-24 18:00:00+00:00,,7.0,1920.97,1.0,2.0,38.0,frozen-all-competitions,0.877101788732039,1.3033033086613885,1.0,0.661963279568216,11
25-26-prem-nottingham-forest-vs-afc-bournemouth,4,prem,2026-05-24 15:00:00+00:00,2026-05-24 18:00:00+00:00,,17.0,1822.17,1.0,1.0,38.0,frozen-all-competitions,0.8622442161089666,1.3033033086613885,1.0,0.530752799756924,11
25-26-prem-nottingham-forest-vs-afc-bournemouth,16,prem,2026-05-24 15:00:00+00:00,2026-05-24 18:00:00+00:00,,91.0,1871.97,1.0,1.0,38.0,frozen-all-competitions,0.854015379632932,1.167800310359887,1.0,0.5986476159962777,11
25-26-prem-sunderland-vs-chelsea,7,prem,2026-05-24 15:00:00+00:00,2026-05-24 18:00:00+00:00,,56.0,1735.93,1.0,2.0,38.0,frozen-all-competitions,0.859543903791728,1.3995652918257622,1.0,0.41194165487365186,11
25-26-prem-sunderland-vs-chelsea,17,prem,2026-05-24 15:00:00+00:00,2026-05-24 18:00:00+00:00,,8.0,1831.1,2.0,1.0,38.0,frozen-all-competitions,0.8637027630805398,1.3033033086613885,1.0,0.5430873102943334,11
25-26-prem-tottenham-hotspur-vs-everton,9,prem,2026-05-24 15:00:00+00:00,2026-05-24 18:00:00+00:00,,6.0,1777.31,0.0,1.0,38.0,frozen-all-competitions,0.8546852363688303,1.3033033086613885,1.0,0.46852777455844163,11
25-26-prem-tottenham-hotspur-vs-everton,18,prem,2026-05-24 15:00:00+00:00,2026-05-24 18:00:00+00:00,,11.0,1803.43,1.0,0.0,38.0,frozen-all-competitions,0.8703807030470061,1.3995652918257622,1.0,0.5047637447411489,11
25-26-prem-west-ham-united-vs-leeds-united,11,prem,2026-05-24 15:00:00+00:00,2026-05-24 18:00:00+00:00,,21.0,1768.8,0.0,3.0,38.0,frozen-all-competitions,0.8532194469349574,1.3033033086613885,1.0,0.4567748355181423,11
25-26-prem-west-ham-united-vs-leeds-united,19,prem,2026-05-24 15:00:00+00:00,2026-05-24 18:00:00+00:00,,2.0,1797.39,3.0,0.0,38.0,frozen-all-competitions,0.8694313636413565,1.3995652918257622,1.0,0.49637506351168564,11
