fixture_uuid,gw,team_id,team,player_uuid,player,pos,expected_role,y,minutes,p_start,xmins,xi_selected_map,xi_assigned_role,xi_formation,actual_start,start_abs_error,minute_error,minute_abs_error,error_bucket,actual_formation,actual_role_posthoc,slot_role,position_role,role_confidence,disagreement,role_match,abs_min_error
4366c228-7c85-5d35-8048-663446bd1b28,25,16,nottingham-forest,a493cdaf-9cab-5479-8687-9533f241460c,Stefan Ortega Moreno,GK,UNKNOWN,1,90.0,0.0016493782216714,0.1387611912526153,0.0,UNKNOWN,UNKNOWN,1.0,0.9983506217783286,-89.86123880874739,89.86123880874739,LOW_PSTART_STARTED,4-2-3-1,GK,GK,GK,structural,False,0.0,89.86123880874739
10d060ee-1672-5636-98a1-8b9e8f3f850d,29,17,sunderland,6a84c769-ac8f-5aa6-b83b-8d51625d8b35,Melker Ellborg,GK,UNKNOWN,1,90.0,0.0017832701518747,0.1490262842002695,0.0,UNKNOWN,UNKNOWN,1.0,0.9982167298481253,-89.85097371579973,89.85097371579973,LOW_PSTART_STARTED,4-2-3-1,GK,GK,GK,structural,False,0.0,89.85097371579973
bd6a2d47-5dc1-5837-8700-c916a4a9191c,33,20,wolverhampton-wanderers,2fa40b7b-3ae8-5f1c-9520-aa9d58b7aee5,Daniel Bentley,GK,UNKNOWN,1,90.0,0.002183453501661,0.1802951743219096,0.0,UNKNOWN,UNKNOWN,1.0,0.997816546498339,-89.81970482567809,89.81970482567809,LOW_PSTART_STARTED,3-4-2-1,GK,GK,GK,structural,False,0.0,89.81970482567809
6f555168-6fa4-5bdb-ad1e-d646c8e0f78a,24,2,aston-villa,75f6d292-641f-53ef-a822-a86d1d9c8086,Douglas Luiz Soares de Paulo,MID,UNKNOWN,1,90.0,0.0015109602073748,0.2838785448822482,0.0,UNKNOWN,UNKNOWN,1.0,0.9984890397926252,-89.71612145511776,89.71612145511776,LOW_PSTART_STARTED,4-2-3-1,RDM,RDM,LDM,structural,True,0.0,89.71612145511776
dc1d8946-e5da-5a50-b228-61e8601bc305,23,13,manchester-city,607bc478-1de3-5627-b97c-8cc0c015b3e0,Marc Guéhi,DEF,UNKNOWN,1,90.0,0.0043792272693237,0.4471784318759293,0.0,UNKNOWN,UNKNOWN,1.0,0.9956207727306763,-89.55282156812407,89.55282156812407,LOW_PSTART_STARTED,4-1-4-1,LCB,LCB,LCB,structural,False,0.0,89.55282156812407
6f555168-6fa4-5bdb-ad1e-d646c8e0f78a,24,2,aston-villa,5dd58b2f-23b6-55e3-b59d-5617a42d6de1,Tammy Abraham,FWD,UNKNOWN,1,90.0,0.0020898851399006,0.7382154359641033,0.0,UNKNOWN,UNKNOWN,1.0,0.9979101148600994,-89.26178456403589,89.26178456403589,LOW_PSTART_STARTED,4-2-3-1,ST,ST,ST,structural,False,0.0,89.26178456403589
800418ef-112a-5f8a-9aae-e47025aa529d,25,19,west-ham-united,b9aca1a6-3e7e-50d1-85c7-bc4c6432da09,Axel Disasi,DEF,UNKNOWN,1,90.0,0.0033787122976272,1.0264533274661076,0.0,UNKNOWN,UNKNOWN,1.0,0.9966212877023728,-88.9735466725339,88.9735466725339,LOW_PSTART_STARTED,4-4-1-1,LCB,LCB,LCB,structural,False,0.0,88.9735466725339
1d93b2bc-9b09-5ae2-aa5b-82d56694fa9c,22,18,tottenham-hotspur,d64982ba-72ef-52d6-b8fe-3706499963ab,Conor Gallagher,MID,UNKNOWN,1,90.0,0.0033012738495973,1.0548274703182372,0.0,UNKNOWN,UNKNOWN,1.0,0.9966987261504027,-88.94517252968177,88.94517252968177,LOW_PSTART_STARTED,4-2-3-1,RDM,RDM,RDM,structural,False,0.0,88.94517252968177
0d6a442b-e1f2-53f3-a9a8-0b75c19465d8,38,8,crystal-palace,fb5999b1-7357-5d65-94c6-bba6bff6ac3a,Rio Cardines,MID,UNKNOWN,1,90.0,0.0135196101419438,1.1082957018237178,0.0,UNKNOWN,UNKNOWN,1.0,0.9864803898580562,-88.89170429817628,88.89170429817628,LOW_PSTART_STARTED,3-4-2-1,LWB,LWB,RCM,structural,True,0.0,88.89170429817628
f5b8d4db-d7b4-5da2-a157-94fd8af41961,25,20,wolverhampton-wanderers,ef5625b9-1910-5982-85f1-1966467ad375,Adam Armstrong,FWD,UNKNOWN,1,90.0,0.0038455223083806,1.1232748754680704,0.0,UNKNOWN,UNKNOWN,1.0,0.9961544776916194,-88.87672512453193,88.87672512453193,LOW_PSTART_STARTED,4-2-3-1,LAM,LAM,LAM,structural,False,0.0,88.87672512453193
0d6a442b-e1f2-53f3-a9a8-0b75c19465d8,38,1,arsenal,eeb9fc59-f254-555c-b473-e81a697d50ea,Kepa Arrizabalaga,GK,UNKNOWN,1,90.0,0.0160677084281908,1.3063064169048846,0.0,UNKNOWN,UNKNOWN,1.0,0.9839322915718092,-88.69369358309511,88.69369358309511,LOW_PSTART_STARTED,4-2-3-1,GK,GK,GK,structural,False,0.0,88.69369358309511
dfe891e4-ce71-5e78-94ea-cee9d70885e6,36,3,burnley,63254645-c19e-5669-ae4c-6995093f3b92,Max Weiß,GK,UNKNOWN,1,90.0,0.0162295574170063,1.319566027026971,0.0,UNKNOWN,UNKNOWN,1.0,0.9837704425829937,-88.68043397297303,88.68043397297303,LOW_PSTART_STARTED,4-2-3-1,GK,GK,GK,structural,False,0.0,88.68043397297303
95efeb72-d689-58fb-a022-ffad47516d80,35,16,nottingham-forest,95d64f2a-d4e8-52d7-b6b5-d4388ee086e2,James McAtee,MID,CAM,1,90.0,0.0226941150245088,2.246948609166965,0.0,UNKNOWN,UNKNOWN,1.0,0.9773058849754912,-87.75305139083304,87.75305139083304,LOW_PSTART_STARTED,4-4-2,LW,LW,LW,structural,False,0.0,87.75305139083304
ecd48097-3a63-58b6-a353-65332e720c42,32,18,tottenham-hotspur,227cf32e-d062-5df9-8908-cb5491836ff8,Antonín Kinsky,GK,UNKNOWN,1,90.0,0.0316999470095761,2.562661606675602,0.0,UNKNOWN,UNKNOWN,1.0,0.9683000529904239,-87.4373383933244,87.4373383933244,LOW_PSTART_STARTED,4-3-3,GK,GK,GK,structural,False,0.0,87.4373383933244
09eed520-5d17-51e8-8b91-f6b3a3579507,31,5,brentford,2a5fa9ad-82a2-52c4-bba0-61a641eb0d07,Ethan Pinnock,DEF,LCB,1,90.0,0.0343053756845406,2.567745606587493,0.0,UNKNOWN,UNKNOWN,1.0,0.9656946243154594,-87.4322543934125,87.4322543934125,LOW_PSTART_STARTED,5-3-2,CB,CB,CB,structural,False,0.0,87.4322543934125
17a9d946-6355-53b8-baf6-c49011bd1d69,30,8,crystal-palace,41c51b76-9927-5c91-821a-99eed1686fa9,Walter Benítez,GK,UNKNOWN,1,90.0,0.0330964190529767,2.631239381268249,0.0,UNKNOWN,UNKNOWN,1.0,0.9669035809470233,-87.36876061873176,87.36876061873176,LOW_PSTART_STARTED,3-4-2-1,GK,GK,GK,structural,False,0.0,87.36876061873176
fd338246-8ad6-503a-aaa4-7c8328aae763,31,18,tottenham-hotspur,b29e3c1f-f8e8-5b6a-a5de-fbd51d039e55,Cristian Romero,DEF,RCB,1,90.0,0.0883284696874808,2.9204823702867446,0.0,UNKNOWN,UNKNOWN,1.0,0.9116715303125192,-87.07951762971325,87.07951762971325,LOW_PSTART_STARTED,4-4-2,LCB,LCB,RCB,structural,True,0.0,87.07951762971325
10d060ee-1672-5636-98a1-8b9e8f3f850d,29,17,sunderland,98e68e85-52f1-5832-b572-18ffcbfa3d40,Luke O'Nien,DEF,UNKNOWN,1,90.0,0.0310182371490827,3.064881473149328,0.0,UNKNOWN,UNKNOWN,1.0,0.9689817628509173,-86.93511852685067,86.93511852685067,LOW_PSTART_STARTED,4-2-3-1,RB,RB,RB,structural,False,0.0,86.93511852685067
7018cf67-a775-5040-9faf-510b2df80879,35,9,everton,e9f5aa44-1c52-51c9-85a6-b079a6b78080,Merlin Röhl,MID,RDM,1,90.0,0.032765499570157,3.505582522070137,0.0,UNKNOWN,UNKNOWN,1.0,0.967234500429843,-86.49441747792986,86.49441747792986,LOW_PSTART_STARTED,4-2-3-1,RAM,RAM,RAM,structural,False,0.0,86.49441747792986
ec96ab00-9497-5a3e-b3ca-317abf912d08,26,3,burnley,8538fec0-f5e3-5124-9d3e-6b46fded6164,Joe Worrall,DEF,RCB,1,90.0,0.0329568351893528,3.8151588416970608,0.0,UNKNOWN,UNKNOWN,1.0,0.9670431648106472,-86.18484115830294,86.18484115830294,LOW_PSTART_STARTED,3-4-2-1,CB,CB,RCB,structural,True,0.0,86.18484115830294
f2500cd6-3213-514b-bc50-11600f2a02df,24,18,tottenham-hotspur,f0bfb35e-c09e-553b-a545-fec85a6cd62d,Radu Dragusin,DEF,UNKNOWN,1,90.0,0.0292395259462533,3.956514177764257,0.0,UNKNOWN,UNKNOWN,1.0,0.9707604740537467,-86.04348582223574,86.04348582223574,LOW_PSTART_STARTED,3-4-2-1,LCB,LCB,LCB,structural,False,0.0,86.04348582223574
e1b64232-1ee4-522c-b106-e651d9eba4ea,38,13,manchester-city,a71d684a-cc48-5dab-9f2a-addd0208884c,Rúben Gato Alves Dias,DEF,RCB,1,90.0,0.0391999793604945,4.038279599682927,0.0,UNKNOWN,UNKNOWN,1.0,0.9608000206395055,-85.96172040031708,85.96172040031708,LOW_PSTART_STARTED,4-2-2-2,LCB,LCB,LCB,structural,False,0.0,85.96172040031708
97b2d8d5-ad23-581e-a7ba-80ed12ecc351,23,9,everton,d0fb5815-b17b-56d0-869e-d0e8910ab751,Idrissa Gueye,MID,LDM,1,90.0,0.0544576187050415,4.963018689715353,0.0,UNKNOWN,UNKNOWN,1.0,0.9455423812949585,-85.03698131028465,85.03698131028465,LOW_PSTART_STARTED,4-2-3-1,RDM,RDM,LDM,structural,True,0.0,85.03698131028465
82942d44-0127-5fda-9351-a16d844fb795,35,2,aston-villa,cb53d8d9-b190-5b1f-adab-60f5562d5d10,Victor Lindelöf,DEF,LCB,1,90.0,0.0460504228649252,4.979916783273971,0.0,UNKNOWN,UNKNOWN,1.0,0.9539495771350748,-85.02008321672602,85.02008321672602,LOW_PSTART_STARTED,4-2-3-1,RCB,RCB,RCB,structural,False,0.0,85.02008321672602
e1b64232-1ee4-522c-b106-e651d9eba4ea,38,13,manchester-city,a5ac6603-1c8f-569d-acdb-bba58bd047c8,Nico González,MID,CM,1,90.0,0.040982661157757,5.158665750193868,0.0,UNKNOWN,UNKNOWN,1.0,0.959017338842243,-84.84133424980614,84.84133424980614,LOW_PSTART_STARTED,4-2-2-2,RDM,RDM,LDM,structural,True,0.0,84.84133424980614
bd6a2d47-5dc1-5837-8700-c916a4a9191c,33,20,wolverhampton-wanderers,970e8a65-ee1a-5d1a-94d7-82973dc0b1dc,Toti António Gomes,DEF,LCB,1,90.0,0.0591974354847329,5.371632617947393,0.0,UNKNOWN,UNKNOWN,1.0,0.9408025645152671,-84.6283673820526,84.6283673820526,LOW_PSTART_STARTED,3-4-2-1,CB,CB,RCB,structural,True,0.0,84.6283673820526
30cc90ed-8f7d-5817-97c3-29b9acd76a4c,24,20,wolverhampton-wanderers,94f8d943-9301-57ef-ac78-91de92b9eb41,Emmanuel Agbadou,DEF,CB,1,90.0,0.0570753080566713,5.499878447810545,0.0,UNKNOWN,UNKNOWN,1.0,0.9429246919433287,-84.50012155218946,84.50012155218946,LOW_PSTART_STARTED,3-5-2,LCB,LCB,LCB,structural,False,0.0,84.50012155218946
0d6a442b-e1f2-53f3-a9a8-0b75c19465d8,38,8,crystal-palace,234b9ca0-1d3a-52c1-ae12-d422a588485e,Justin Devenny,MID,LWB,1,90.0,0.0543631416228954,5.546910583695747,0.0,UNKNOWN,UNKNOWN,1.0,0.9456368583771046,-84.45308941630425,84.45308941630425,LOW_PSTART_STARTED,3-4-2-1,RAM,RAM,RAM,structural,False,0.0,84.45308941630425
14980272-dff9-5025-a8ef-deeed283d4ce,33,14,manchester-united,3da0d46a-b47e-5811-9668-ebfa18ca336a,Ayden Heaven,DEF,CB,1,90.0,0.062770033237219,6.071230914641525,0.0,UNKNOWN,UNKNOWN,1.0,0.937229966762781,-83.92876908535848,83.92876908535848,LOW_PSTART_STARTED,4-2-3-1,LCB,LCB,LCB,structural,False,0.0,83.92876908535848
9d7e2609-879a-5940-b916-fce719c34570,32,11,leeds-united,2151f057-0065-57a0-87e5-2a434738b8d1,Gabriel Gudmundsson,DEF,LWB,1,90.0,0.1104261742079841,6.290249858873679,0.0,UNKNOWN,UNKNOWN,1.0,0.8895738257920159,-83.70975014112632,83.70975014112632,LOW_PSTART_STARTED,3-4-1-2,UNOBSERVED_BENCH,,,,,0.0,83.70975014112632
006f69f1-9b0e-551d-bed7-448d3b640101,22,14,manchester-united,65910bcc-31a9-56bb-ba12-74e687cd31ec,Amad Diallo,MID,RWB,1,90.0,0.0680423851333677,6.32563323688762,0.0,UNKNOWN,UNKNOWN,1.0,0.9319576148666323,-83.67436676311237,83.67436676311237,LOW_PSTART_STARTED,4-2-3-1,RAM,RAM,RAM,structural,False,0.0,83.67436676311237
97b2d8d5-ad23-581e-a7ba-80ed12ecc351,23,9,everton,dea12abc-e8dd-5839-b626-0cb7e72e9a26,Iliman Ndiaye,MID,RAM,1,90.0,0.0695632192970835,6.3335940518408895,0.0,UNKNOWN,UNKNOWN,1.0,0.9304367807029165,-83.66640594815911,83.66640594815911,LOW_PSTART_STARTED,4-2-3-1,LAM,LAM,LAM,structural,False,0.0,83.66640594815911
17a9d946-6355-53b8-baf6-c49011bd1d69,30,8,crystal-palace,4e797913-6f5e-54d0-807d-555d7ec82308,Jefferson Lerma Solís,MID,RCB,1,90.0,0.1138019950754927,6.47104644718973,0.0,UNKNOWN,UNKNOWN,1.0,0.8861980049245073,-83.52895355281026,83.52895355281026,LOW_PSTART_STARTED,3-4-2-1,LCM,LCM,LCM,structural,False,0.0,83.52895355281026
47e684ca-483b-5eca-8ec1-c94a86f9452a,28,5,brentford,2f4a5cd6-8238-5ff2-9cac-0239ae561506,Hákon Valdimarsson,GK,UNKNOWN,1,90.0,0.0836438284717354,6.608067007067647,0.0,UNKNOWN,UNKNOWN,1.0,0.9163561715282647,-83.39193299293235,83.39193299293235,LOW_PSTART_STARTED,4-2-3-1,GK,GK,GK,structural,False,0.0,83.39193299293235
9ee83c24-99b9-5f01-a681-62d4f49c858d,34,14,manchester-united,85474434-c2d2-5904-bdbc-d8e7b1e46db0,Harry Maguire,DEF,LCB,1,90.0,0.0951666134848174,7.537438296060323,0.0,UNKNOWN,UNKNOWN,1.0,0.9048333865151826,-82.46256170393968,82.46256170393968,LOW_PSTART_STARTED,4-2-3-1,RCB,RCB,RCB,structural,False,0.0,82.46256170393968
52ecb34c-b2fd-592c-b014-dc770fdef03b,29,19,west-ham-united,46d563a5-35c2-5766-ad22-b778921da81d,Jean-Clair Todibo,DEF,LCB,1,90.0,0.090492670312161,8.210004293882944,0.0,UNKNOWN,UNKNOWN,1.0,0.909507329687839,-81.78999570611705,81.78999570611705,LOW_PSTART_STARTED,4-4-2,RCB,RCB,RCB,structural,False,0.0,81.78999570611705
0d6a442b-e1f2-53f3-a9a8-0b75c19465d8,38,8,crystal-palace,09b6a6ee-2109-55b8-8083-5b532f8d0c96,Nathaniel Clyne,DEF,RWB,1,90.0,0.0863134726914881,8.33856878509747,0.0,UNKNOWN,UNKNOWN,1.0,0.9136865273085119,-81.66143121490254,81.66143121490254,LOW_PSTART_STARTED,3-4-2-1,RCB,RCB,RCB,structural,False,0.0,81.66143121490254
006f69f1-9b0e-551d-bed7-448d3b640101,22,14,manchester-united,85474434-c2d2-5904-bdbc-d8e7b1e46db0,Harry Maguire,DEF,CB,1,90.0,0.1126188170652023,8.454286687532482,0.0,UNKNOWN,UNKNOWN,1.0,0.8873811829347977,-81.54571331246751,81.54571331246751,LOW_PSTART_STARTED,4-2-3-1,RCB,RCB,RCB,structural,False,0.0,81.54571331246751
0a9d6243-8e34-53a1-aac3-295adbb204df,29,6,brighton-hove-albion,e951e717-39ca-59bd-bf7f-6e59ece9fd54,Georginio Rutter,MID,CAM,1,90.0,0.0982281555195944,8.64026834209987,0.0,UNKNOWN,UNKNOWN,1.0,0.9017718444804056,-81.35973165790013,81.35973165790013,LOW_PSTART_STARTED,4-2-3-1,ST,ST,ST,structural,False,0.0,81.35973165790013
800418ef-112a-5f8a-9aae-e47025aa529d,25,3,burnley,9d1de056-bbbd-54d4-a192-06c57ccb0fd6,Hannibal Mejbri,MID,CAM,1,90.0,0.0722354594792867,8.672912473102004,0.0,UNKNOWN,UNKNOWN,1.0,0.9277645405207133,-81.327087526898,81.327087526898,LOW_PSTART_STARTED,4-5-1,RCM,RCM,RCM,structural,False,0.0,81.327087526898
7c80f6d1-598d-5dcc-b7e4-44865b2ed593,23,10,fulham,bf6c1651-0779-512e-9c37-3b8ac8c14714,Alex Iwobi,MID,LAM,1,87.0,0.0869117437348479,6.9715855708952335,0.0,UNKNOWN,UNKNOWN,1.0,0.9130882562651521,-80.02841442910477,80.02841442910477,LOW_PSTART_STARTED,4-2-3-1,RDM,RDM,RDM,structural,False,0.0,80.02841442910477
ee2e6f43-96fc-5070-b018-615238c06305,32,2,aston-villa,cb53d8d9-b190-5b1f-adab-60f5562d5d10,Victor Lindelöf,DEF,LCB,1,90.0,0.1104446581063849,11.078011889330734,0.0,UNKNOWN,UNKNOWN,1.0,0.8895553418936151,-78.92198811066926,78.92198811066926,LOW_PSTART_STARTED,4-2-3-1,RCB,RCB,RCB,structural,False,0.0,78.92198811066926
de9a09f3-6021-5322-bb75-a6a0dc72d91d,22,8,crystal-palace,4e797913-6f5e-54d0-807d-555d7ec82308,Jefferson Lerma Solís,MID,RCB,1,90.0,0.1533081120331647,11.116036565766205,0.0,UNKNOWN,UNKNOWN,1.0,0.8466918879668353,-78.88396343423379,78.88396343423379,LOW_PSTART_STARTED,3-4-2-1,LCB,LCB,LCB,structural,False,0.0,78.88396343423379
0d6a442b-e1f2-53f3-a9a8-0b75c19465d8,38,8,crystal-palace,0fa345a4-e26c-50d4-8f35-8b13aa9d7c09,Will Hughes,MID,LCM,1,90.0,0.1679237079365109,11.134476596591552,0.0,UNKNOWN,UNKNOWN,1.0,0.8320762920634891,-78.86552340340845,78.86552340340845,LOW_PSTART_STARTED,3-4-2-1,RCM,RCM,RWB,structural,True,0.0,78.86552340340845
ba89faf8-3800-548a-951b-e5d7ed60ed05,37,7,chelsea,653dcb32-98a1-5bdb-afc4-4dcee772c921,Pedro Lomba Neto,MID,LAM,1,88.0,0.0914589696467675,9.245889659076903,1.0,LAM,4-2-3-1,1.0,0.9085410303532325,-78.75411034092309,78.75411034092309,LOW_PSTART_STARTED,4-2-3-1,RAM,RAM,RAM,structural,False,0.0,78.75411034092309
e20ba8da-5c02-58df-ad17-3223c3c83acf,28,7,chelsea,c1d2c6e2-92b5-5eb7-abc2-bfb9ba6fffa1,Mamadou Sarr,DEF,UNKNOWN,1,89.0,0.1039434774636529,10.257880752949344,0.0,UNKNOWN,UNKNOWN,1.0,0.896056522536347,-78.74211924705065,78.74211924705065,LOW_PSTART_STARTED,4-3-3,LCB,LCB,LCB,structural,False,0.0,78.74211924705065
7729aaf4-dd5e-5f38-a0a4-430fccf34c7c,30,17,sunderland,eeb782c9-d515-562b-b132-d07e7ac988fa,Chris Rigg,MID,RAM,1,90.0,0.1806178627174808,11.42292551832914,0.0,UNKNOWN,UNKNOWN,1.0,0.8193821372825192,-78.57707448167086,78.57707448167086,LOW_PSTART_STARTED,4-1-4-1,RW,RW,RW,structural,False,0.0,78.57707448167086
25988556-93c6-5dfd-b380-96f4dd98805b,36,13,manchester-city,cffb76ef-9edc-5e36-95cd-8c4ce7623f4e,Nathan Aké,DEF,LB,1,90.0,0.1183105757224559,11.470667017851529,0.0,UNKNOWN,UNKNOWN,1.0,0.8816894242775442,-78.52933298214847,78.52933298214847,LOW_PSTART_STARTED,4-2-3-1,LCB,LCB,LCB,structural,False,0.0,78.52933298214847
25abf903-06d4-5b30-9573-1ca6d4317c79,36,14,manchester-united,6a3d319d-e848-56e0-bc06-707ee4149c24,Mason Mount,MID,LAM,1,90.0,0.0909433142709727,11.638171298960351,0.0,UNKNOWN,UNKNOWN,1.0,0.9090566857290273,-78.36182870103966,78.36182870103966,LOW_PSTART_STARTED,4-2-3-1,RDM,RDM,RDM,structural,False,0.0,78.36182870103966
092fe1c5-46c7-5bc7-a34b-822cf838d6ab,36,13,manchester-city,a8873d13-747b-51b1-97e7-d8505b4f0084,Sávio 'Savinho' Moreira de Oliveira,MID,LW,1,90.0,0.0835472289081046,11.935869142023144,0.0,UNKNOWN,UNKNOWN,1.0,0.9164527710918954,-78.06413085797686,78.06413085797686,LOW_PSTART_STARTED,4-2-2-2,RAM,RAM,RAM,structural,False,0.0,78.06413085797686
085aaeeb-84d3-58e5-8616-6a821bcd07d0,25,15,newcastle-united,50df4a11-59ff-5eba-85dd-aaca25ba3cd2,Bruno Guimarães Rodriguez Moura,MID,RCM,1,90.0,0.1201441544921849,12.026604308807562,1.0,RCM,4-3-3,1.0,0.8798558455078151,-77.97339569119244,77.97339569119244,LOW_PSTART_STARTED,4-3-3,CM,CM,CM,structural,False,0.0,77.97339569119244
4fe9f44c-bfba-5934-849a-d84876aa86e8,32,15,newcastle-united,36a8b089-9a84-5fa6-ae4a-59a2994b9494,Lewis Miley,MID,RB,1,90.0,0.1267480079450463,12.337593151089028,0.0,UNKNOWN,UNKNOWN,1.0,0.8732519920549537,-77.66240684891098,77.66240684891098,LOW_PSTART_STARTED,4-3-3,RCM,RCM,RCM,structural,False,0.0,77.66240684891098
1ce6ee26-3057-5ae0-a140-416d1bd98ae2,35,8,crystal-palace,234b9ca0-1d3a-52c1-ae12-d422a588485e,Justin Devenny,MID,RWB,1,90.0,0.0992788289833248,12.382030869691691,0.0,UNKNOWN,UNKNOWN,1.0,0.9007211710166751,-77.61796913030831,77.61796913030831,LOW_PSTART_STARTED,3-4-3,LWB,LWB,RCM,structural,True,0.0,77.61796913030831
5c86a947-9f04-5f6a-8730-ff79513f254e,35,15,newcastle-united,133b6e37-92c1-5dc9-a4dd-a5f957768626,Joelinton Cássio Apolinário de Lira,MID,LCM,1,90.0,0.1067161804511456,12.478951102561693,0.0,UNKNOWN,UNKNOWN,1.0,0.8932838195488544,-77.5210488974383,77.5210488974383,LOW_PSTART_STARTED,4-2-3-1,LAM,LAM,LDM,structural,True,0.0,77.5210488974383
006f69f1-9b0e-551d-bed7-448d3b640101,22,14,manchester-united,06edf8b9-4201-50b7-b9f9-2e6a7842f113,Kobbie Mainoo,MID,UNKNOWN,1,90.0,0.1122574640099167,12.908763646588753,0.0,UNKNOWN,UNKNOWN,1.0,0.8877425359900833,-77.09123635341125,77.09123635341125,LOW_PSTART_STARTED,4-2-3-1,LDM,LDM,CAM,structural,True,0.0,77.09123635341125
f5b8d4db-d7b4-5da2-a157-94fd8af41961,25,20,wolverhampton-wanderers,15d02b2c-303d-5403-b3ee-c1bb398578ae,Angel Gomes,MID,UNKNOWN,1,78.0,0.0040745902699474,1.18020641576886,0.0,UNKNOWN,UNKNOWN,1.0,0.9959254097300526,-76.81979358423114,76.81979358423114,LOW_PSTART_STARTED,4-2-3-1,LDM,LDM,CAM,structural,True,0.0,76.81979358423114
ecd48097-3a63-58b6-a353-65332e720c42,32,17,sunderland,53bfdbe9-b833-5ee6-b24f-4b838a2a0fa6,Nordi Mukiele,DEF,RB,1,81.0,0.2197088651546438,4.532804140979542,0.0,UNKNOWN,UNKNOWN,1.0,0.7802911348453562,-76.46719585902046,76.46719585902046,MAP_XI_FALSE_NEGATIVE,4-2-3-1,RCB,RCB,RB,structural,True,0.0,76.46719585902046
5556a528-cdc7-5a14-8fd1-7f9b7820b711,32,3,burnley,0db48051-eb1a-516f-b185-a0846d6f83e1,Hjalmar Ekdal,DEF,CB,1,90.0,0.1464873428955168,13.885105292253462,0.0,UNKNOWN,UNKNOWN,1.0,0.8535126571044832,-76.11489470774654,76.11489470774654,LOW_PSTART_STARTED,4-2-3-1,RCB,RCB,RCB,structural,False,0.0,76.11489470774654
e0ceee79-211e-5422-8a48-170a59ad8497,36,19,west-ham-united,46d563a5-35c2-5766-ad22-b778921da81d,Jean-Clair Todibo,DEF,LCB,1,90.0,0.1368387692786484,14.481662225473784,0.0,UNKNOWN,UNKNOWN,1.0,0.8631612307213516,-75.51833777452622,75.51833777452622,LOW_PSTART_STARTED,3-4-2-1,RCB,RCB,RCB,structural,False,0.0,75.51833777452622
31ef1d95-b095-52ae-918e-26ed91e99a77,29,7,chelsea,4ef46620-e339-50a5-9169-d9c6d85f3a47,Alejandro Garnacho,MID,LAM,1,90.0,0.2239903753843026,14.587068883563926,1.0,LAM,4-2-3-1,1.0,0.7760096246156973,-75.41293111643607,75.41293111643607,MINUTE_ERROR_45PLUS,4-3-3,LW,LW,LW,structural,False,0.0,75.41293111643607
dcb932a5-b690-59b8-8026-5a592284f9a8,38,7,chelsea,46f70fd6-45f6-55b9-884d-24feb13db9c3,Levi Colwill,DEF,LCB,1,90.0,0.051684201328127,15.149949483121215,0.0,UNKNOWN,UNKNOWN,1.0,0.948315798671873,-74.85005051687878,74.85005051687878,LOW_PSTART_STARTED,3-4-1-2,CB,CB,CB,structural,False,0.0,74.85005051687878
5e1fcbbc-fc52-5596-a3cd-5663e323f785,33,10,fulham,a9c228ea-04e0-5861-b004-a8719101c698,Tom Cairney,MID,LCM,1,80.0,0.0411728030466102,5.179613019568475,0.0,UNKNOWN,UNKNOWN,1.0,0.9588271969533898,-74.82038698043152,74.82038698043152,LOW_PSTART_STARTED,4-2-3-1,UNOBSERVED_BENCH,,,,,0.0,74.82038698043152
7769decc-98b9-5b54-a4a3-fc4aa47199e9,35,1,arsenal,0f08cbfd-21a3-57ae-9b9f-8692d62a6a24,Leandro Trossard,MID,LW,1,90.0,0.1538290489665826,15.193659054758374,0.0,UNKNOWN,UNKNOWN,1.0,0.8461709510334174,-74.80634094524163,74.80634094524163,LOW_PSTART_STARTED,4-2-3-1,LAM,LAM,LAM,structural,False,0.0,74.80634094524163
c7bf9b15-363a-5871-9b7f-a786725d7ed3,25,8,crystal-palace,b6fb865b-2ea3-5f14-9db7-b2b1c2d82003,Jørgen Strand Larsen,FWD,UNKNOWN,1,90.0,0.0097062001669772,15.57216239870016,0.0,UNKNOWN,UNKNOWN,1.0,0.9902937998330228,-74.42783760129984,74.42783760129984,LOW_PSTART_STARTED,3-4-2-1,ST,ST,ST,structural,False,0.0,74.42783760129984
95efeb72-d689-58fb-a022-ffad47516d80,35,16,nottingham-forest,df240c75-117c-5865-8931-093b55e8d7fd,Luca Netz,DEF,UNKNOWN,1,90.0,0.1260381797257367,15.678344009013458,0.0,UNKNOWN,UNKNOWN,1.0,0.8739618202742633,-74.32165599098654,74.32165599098654,LOW_PSTART_STARTED,4-4-2,LB,LB,LB,structural,False,0.0,74.32165599098654
c7bf9b15-363a-5871-9b7f-a786725d7ed3,25,6,brighton-hove-albion,8336ddce-f2ef-5ef6-8084-2f36c38c78c2,Olivier Boscagli,DEF,LB,1,90.0,0.1662785017745163,16.04063243783352,0.0,UNKNOWN,UNKNOWN,1.0,0.8337214982254837,-73.95936756216648,73.95936756216648,LOW_PSTART_STARTED,4-2-3-1,LCB,LCB,LCB,structural,False,0.0,73.95936756216648
c843cd2e-5dfa-5148-ae4c-944a685f95dc,26,15,newcastle-united,fa7d8081-617d-5e86-a227-d01a088e1f55,Joe Willock,MID,LCM,1,87.0,0.1970035727124051,13.354851150670168,0.0,UNKNOWN,UNKNOWN,1.0,0.8029964272875949,-73.64514884932983,73.64514884932983,LOW_PSTART_STARTED,4-3-3,RCM,RCM,RCM,structural,False,0.0,73.64514884932983
579fdcbf-5156-533a-8f5f-a9226e3d60d1,26,2,aston-villa,c462a624-2653-5229-87c5-bd5b685f0e3c,Lamare Bogarde,DEF,RDM,1,90.0,0.2548959124123025,16.476942604481334,0.0,UNKNOWN,UNKNOWN,1.0,0.7451040875876975,-73.52305739551866,73.52305739551866,MAP_XI_FALSE_NEGATIVE,4-2-3-1,RB,RB,RB,structural,False,0.0,73.52305739551866
c843cd2e-5dfa-5148-ae4c-944a685f95dc,26,15,newcastle-united,49545ac1-d9f9-5a0a-b1f5-5bbeeb1bb7f6,Anthony Gordon,MID,LW,1,87.0,0.1363047779350902,13.550194036842576,0.0,UNKNOWN,UNKNOWN,1.0,0.8636952220649098,-73.44980596315743,73.44980596315743,LOW_PSTART_STARTED,4-3-3,ST,ST,ST,structural,False,0.0,73.44980596315742
239ea4cb-1b2e-5d4d-91ca-19aaa3980d39,23,2,aston-villa,492c6463-bf4e-50f7-a6c1-23e8693ceea0,Amadou Onana,MID,LDM,1,88.0,0.2278007165887537,14.73420096552032,0.0,UNKNOWN,UNKNOWN,1.0,0.7721992834112463,-73.26579903447968,73.26579903447968,MAP_XI_FALSE_NEGATIVE,4-2-3-1,RDM,RDM,RDM,structural,False,0.0,73.26579903447968
95efeb72-d689-58fb-a022-ffad47516d80,35,16,nottingham-forest,b741dff8-c470-5246-a88a-18fd87c23462,Dilane Bakwa,MID,RAM,1,79.0,0.0816457216203397,5.841339058274954,0.0,UNKNOWN,UNKNOWN,1.0,0.9183542783796603,-73.15866094172505,73.15866094172505,LOW_PSTART_STARTED,4-4-2,RW,RW,RW,structural,False,0.0,73.15866094172505
fef47b9a-ab98-50c0-a72f-57c356ba1514,29,18,tottenham-hotspur,9e042355-866c-5b17-9097-0d84e263ecf3,Kevin Danso,DEF,RCB,1,90.0,0.1900964903512614,17.17225728893814,0.0,UNKNOWN,UNKNOWN,1.0,0.8099035096487386,-72.82774271106186,72.82774271106186,LOW_PSTART_STARTED,3-4-2-1,CB,CB,LCM,structural,True,0.0,72.82774271106186
092fe1c5-46c7-5bc7-a34b-822cf838d6ab,36,13,manchester-city,8f8bfbcb-af82-5a5c-952d-234afde668ad,Rayan Aït-Nouri,DEF,LB,1,90.0,0.2119057470768082,17.475806740601378,0.0,UNKNOWN,UNKNOWN,1.0,0.7880942529231918,-72.52419325939863,72.52419325939863,MAP_XI_FALSE_NEGATIVE,4-2-2-2,LAM,LAM,LAM,structural,False,0.0,72.52419325939863
0cd96418-d40d-591e-8b10-b423d657377d,33,3,burnley,f5da0015-9c1c-5ba2-a447-9fc51ceed482,Josh Laurent,MID,RCB,1,86.0,0.0957647876964743,13.514304334797078,0.0,UNKNOWN,UNKNOWN,1.0,0.9042352123035257,-72.48569566520293,72.48569566520293,LOW_PSTART_STARTED,5-4-1,LCM,LCM,LCM,structural,False,0.0,72.48569566520293
7769decc-98b9-5b54-a4a3-fc4aa47199e9,35,1,arsenal,8bac1cb7-1c33-563a-9137-8a394efb10f5,Myles Lewis-Skelly,DEF,LB,1,90.0,0.1497821473428067,17.587827763427804,0.0,UNKNOWN,UNKNOWN,1.0,0.8502178526571933,-72.41217223657219,72.41217223657219,LOW_PSTART_STARTED,4-2-3-1,LDM,LDM,LDM,structural,False,0.0,72.41217223657219
f2500cd6-3213-514b-bc50-11600f2a02df,24,18,tottenham-hotspur,8e00491e-df3c-59d8-8196-500825daf087,João Palhinha Gonçalves,MID,RDM,1,90.0,0.1506223778660258,17.62651512319585,0.0,UNKNOWN,UNKNOWN,1.0,0.8493776221339742,-72.37348487680416,72.37348487680416,LOW_PSTART_STARTED,3-4-2-1,RCB,RCB,RCB,structural,False,0.0,72.37348487680416
e1b64232-1ee4-522c-b106-e651d9eba4ea,38,13,manchester-city,138e28b4-ff6e-5598-bbd5-0b255b509b73,Tijjani Reijnders,MID,RCM,1,76.0,0.0457293125138263,3.7120231428354096,0.0,UNKNOWN,UNKNOWN,1.0,0.9542706874861737,-72.2879768571646,72.2879768571646,LOW_PSTART_STARTED,4-2-2-2,ST,ST,ST,structural,False,0.0,72.2879768571646
1e0e866b-bb70-545e-b6dc-8a8424b208c6,23,12,liverpool,5ac01d0b-69fc-5dea-acd4-ecdaec724a83,Mohamed Salah,MID,RAM,1,90.0,0.1348175366072448,18.14841318754584,0.0,UNKNOWN,UNKNOWN,1.0,0.8651824633927552,-71.85158681245416,71.85158681245416,LOW_PSTART_STARTED,4-2-2-2,ST,ST,ST,structural,False,0.0,71.85158681245416
622cfd32-fefc-538b-92e0-7c761e8052b4,30,15,newcastle-united,8385a2b5-f514-5b12-aa58-82c05b0c3586,Jacob Ramsey,MID,RCM,1,90.0,0.3508539222515566,18.181100185942192,1.0,RCM,4-3-3,1.0,0.6491460777484435,-71.8188998140578,71.8188998140578,MINUTE_ERROR_45PLUS,4-2-3-1,LDM,LDM,LDM,structural,False,0.0,71.8188998140578
3670426a-a771-510e-9762-2f3db0f13f12,27,11,leeds-united,9066de74-0bf4-5c6d-8a3f-3b977b735a67,Anton Stach,MID,LCM,1,82.0,0.1261807712620282,10.765465217956397,0.0,UNKNOWN,UNKNOWN,1.0,0.8738192287379718,-71.2345347820436,71.2345347820436,LOW_PSTART_STARTED,5-4-1,RW,RW,RW,structural,False,0.0,71.2345347820436
4969d7af-c9d1-5c54-8620-d87f0b49cff8,36,7,chelsea,932d386d-f372-53de-a37f-381a73a67e07,Jorrel Hato,DEF,LCB,1,90.0,0.1874850643791263,19.43800568578501,0.0,UNKNOWN,UNKNOWN,1.0,0.8125149356208737,-70.56199431421499,70.56199431421499,LOW_PSTART_STARTED,4-2-3-1,LB,LB,LB,structural,False,0.0,70.56199431421499
1b47cbbf-a45e-55fb-ad9b-c13fd7e12a53,35,17,sunderland,483fd668-a74d-5c5c-9111-a023961f914b,Chemsdine Talbi,MID,LW,1,90.0,0.1439431083892196,20.06004564515374,0.0,UNKNOWN,UNKNOWN,1.0,0.8560568916107805,-69.93995435484626,69.93995435484626,LOW_PSTART_STARTED,4-2-3-1,LAM,LAM,CAM,structural,True,0.0,69.93995435484626
35e69758-b8a6-5f8b-9c26-dc2813d81978,34,12,liverpool,7a5568a1-0d6a-5388-9fe2-daf7af01c339,Freddie Woodman,GK,UNKNOWN,1,90.0,0.1687102066449334,20.24019550614436,0.0,UNKNOWN,UNKNOWN,1.0,0.8312897933550666,-69.75980449385564,69.75980449385564,LOW_PSTART_STARTED,4-2-3-1,GK,GK,GK,structural,False,0.0,69.75980449385564
7729aaf4-dd5e-5f38-a0a4-430fccf34c7c,30,17,sunderland,483fd668-a74d-5c5c-9111-a023961f914b,Chemsdine Talbi,MID,LAM,1,84.0,0.1688794810769537,14.325240186614169,0.0,UNKNOWN,UNKNOWN,1.0,0.8311205189230463,-69.67475981338583,69.67475981338583,LOW_PSTART_STARTED,4-1-4-1,LW,LW,LW,structural,False,0.0,69.67475981338583
c24850ac-b48a-5ac5-91e3-bc422c2e52a4,27,18,tottenham-hotspur,44d564d8-1d6f-5d92-906d-972644650a55,Yves Bissouma,MID,LCM,1,90.0,0.3236486772068387,20.467881324625665,0.0,UNKNOWN,UNKNOWN,1.0,0.6763513227931612,-69.53211867537433,69.53211867537433,MAP_XI_FALSE_NEGATIVE,3-5-2,CM,CM,CM,structural,False,0.0,69.53211867537433
579fdcbf-5156-533a-8f5f-a9226e3d60d1,26,6,brighton-hove-albion,b0761079-7e99-5095-aa38-877404766193,Jack Hinshelwood,MID,LDM,1,90.0,0.2443199391446492,20.588609500621565,0.0,UNKNOWN,UNKNOWN,1.0,0.7556800608553508,-69.41139049937843,69.41139049937843,MAP_XI_FALSE_NEGATIVE,4-3-3,LCM,LCM,LCM,structural,False,0.0,69.41139049937843
9403bea8-f4be-5480-8cc6-7a1e94097a3f,23,18,tottenham-hotspur,1ffce999-e957-5580-a533-b5ad7d8de028,Dominic Solanke,FWD,UNKNOWN,1,90.0,0.1864302097830027,20.94829246186204,0.0,UNKNOWN,UNKNOWN,1.0,0.8135697902169973,-69.05170753813796,69.05170753813796,LOW_PSTART_STARTED,3-4-2-1,ST,ST,ST,structural,False,0.0,69.05170753813796
0d6a442b-e1f2-53f3-a9a8-0b75c19465d8,38,1,arsenal,70c234df-f148-59b3-b1f9-6d390e9cf562,Noni Madueke,MID,RW,1,83.0,0.1085021494903568,14.045079324130691,0.0,UNKNOWN,UNKNOWN,1.0,0.8914978505096431,-68.9549206758693,68.9549206758693,LOW_PSTART_STARTED,4-2-3-1,RAM,RAM,RAM,structural,False,0.0,68.9549206758693
4366c228-7c85-5d35-8048-663446bd1b28,25,16,nottingham-forest,368ba0e1-be00-5ed2-af7e-82ca90752b95,Zach Abbott,DEF,UNKNOWN,1,75.0,0.0563242692556076,6.146405294051892,0.0,UNKNOWN,UNKNOWN,1.0,0.9436757307443924,-68.85359470594811,68.85359470594811,LOW_PSTART_STARTED,4-2-3-1,RB,RB,RB,structural,False,0.0,68.85359470594811
7c80f6d1-598d-5dcc-b7e4-44865b2ed593,23,6,brighton-hove-albion,de6b06be-d7b4-506e-9177-df5cf336214a,Yasin Ayari,MID,RDM,1,90.0,0.2248548855052492,21.30339389865135,0.0,UNKNOWN,UNKNOWN,1.0,0.7751451144947508,-68.69660610134865,68.69660610134865,MAP_XI_FALSE_NEGATIVE,4-3-3,RCM,RCM,RCM,structural,False,0.0,68.69660610134865
6087d963-451a-5a7b-b016-d3853de520ea,22,11,leeds-united,474896af-e9ef-5bb3-b82b-79c2fb8c891e,Jayden Bogle,DEF,RB,1,80.0,0.1036293550769872,11.440422033733968,0.0,UNKNOWN,UNKNOWN,1.0,0.8963706449230128,-68.55957796626603,68.55957796626603,LOW_PSTART_STARTED,3-5-2,RWB,RWB,RWB,structural,False,0.0,68.55957796626603
d810d3c3-dec2-50fb-85ae-1b4d0b80559f,27,19,west-ham-united,9fd390de-abdd-53c9-abf5-63b5a6ec3423,Soungoutou Magassa,MID,RDM,1,83.0,0.2219532635999445,14.846469973307318,0.0,UNKNOWN,UNKNOWN,1.0,0.7780467364000555,-68.15353002669268,68.15353002669268,MAP_XI_FALSE_NEGATIVE,4-5-1,RCM,RCM,LCM,structural,True,0.0,68.15353002669268
5556a528-cdc7-5a14-8fd1-7f9b7820b711,32,3,burnley,c59d2c13-36a9-56b4-b9fc-1462e5df19fc,Florentino Ibrain Morris Luís,MID,LCM,1,81.0,0.183366705837005,12.901241593304556,0.0,UNKNOWN,UNKNOWN,1.0,0.816633294162995,-68.09875840669544,68.09875840669544,LOW_PSTART_STARTED,4-2-3-1,LDM,LDM,CAM,structural,True,0.0,68.09875840669544
c7bf9b15-363a-5871-9b7f-a786725d7ed3,25,6,brighton-hove-albion,f941023a-8afb-5610-bf89-e6cc352c84c9,Harry Howell,MID,UNKNOWN,1,70.0,0.0270116847905962,2.165084149656764,0.0,UNKNOWN,UNKNOWN,1.0,0.9729883152094038,-67.83491585034324,67.83491585034324,LOW_PSTART_STARTED,4-2-3-1,RAM,RAM,RAM,structural,False,0.0,67.83491585034324
25abf903-06d4-5b30-9573-1ca6d4317c79,36,14,manchester-united,c2bb5215-da9d-515a-81f0-604c302f3078,Noussair Mazraoui,DEF,RCB,1,90.0,0.151969337720398,22.197854931951653,0.0,UNKNOWN,UNKNOWN,1.0,0.848030662279602,-67.80214506804835,67.80214506804835,LOW_PSTART_STARTED,4-2-3-1,RB,RB,RB,structural,False,0.0,67.80214506804835
3b0bba38-af04-5460-b39f-e5c32eaf27ff,36,16,nottingham-forest,6c75a09d-abcd-5e49-80c0-b7bb0873304d,Jair Paula da Cunha Filho,DEF,RCB,1,90.0,0.2473620066966826,22.388508131345446,0.0,UNKNOWN,UNKNOWN,1.0,0.7526379933033174,-67.61149186865455,67.61149186865455,MAP_XI_FALSE_NEGATIVE,3-4-2-1,CB,CB,RCB,structural,True,0.0,67.61149186865455
7c80f6d1-598d-5dcc-b7e4-44865b2ed593,23,6,brighton-hove-albion,8336ddce-f2ef-5ef6-8084-2f36c38c78c2,Olivier Boscagli,DEF,LCB,1,87.0,0.184472570138254,19.49749235442816,0.0,UNKNOWN,UNKNOWN,1.0,0.815527429861746,-67.50250764557184,67.50250764557184,LOW_PSTART_STARTED,4-3-3,LB,LB,LB,structural,False,0.0,67.50250764557184
cf2cfda2-d007-5839-984a-e3c0650fa9de,23,7,chelsea,762fd3f4-3f85-52c7-b5be-8c0c563cf25f,Andrey Nascimento dos Santos,MID,LDM,1,90.0,0.4979795550236428,22.621423452135883,0.0,UNKNOWN,UNKNOWN,1.0,0.5020204449763572,-67.37857654786411,67.37857654786411,MAP_XI_FALSE_NEGATIVE,4-2-3-1,RDM,RDM,RDM,structural,False,0.0,67.37857654786411
ba89faf8-3800-548a-951b-e5d7ed60ed05,37,7,chelsea,9998e641-8e7f-5837-8d46-ad335b484a00,Josh Acheampong,DEF,RCB,1,73.0,0.0539249639393536,5.894923833591427,0.0,UNKNOWN,UNKNOWN,1.0,0.9460750360606464,-67.10507616640857,67.10507616640857,LOW_PSTART_STARTED,4-2-3-1,RB,RB,RB,structural,False,0.0,67.10507616640857
97b2d8d5-ad23-581e-a7ba-80ed12ecc351,23,11,leeds-united,a8678248-1555-5a99-8bcd-6ec2a944ea53,Sebastiaan Bornauw,DEF,RCB,1,84.0,0.1543345256474632,17.17210275171719,0.0,UNKNOWN,UNKNOWN,1.0,0.8456654743525368,-66.82789724828281,66.82789724828281,LOW_PSTART_STARTED,3-4-2-1,CB,CB,CB,structural,False,0.0,66.82789724828281
14980272-dff9-5025-a8ef-deeed283d4ce,33,7,chelsea,5b51fc3a-1f45-56e1-9ecc-0bda87474227,Enzo Fernández,MID,CAM,1,87.0,0.213814059129188,20.43645523717314,0.0,UNKNOWN,UNKNOWN,1.0,0.7861859408708121,-66.56354476282687,66.56354476282687,MAP_XI_FALSE_NEGATIVE,4-2-3-1,LDM,LDM,LDM,structural,False,0.0,66.56354476282687
98cff3cf-1de8-5696-a0e6-f4967eacc3c6,34,2,aston-villa,c462a624-2653-5229-87c5-bd5b685f0e3c,Lamare Bogarde,DEF,RB,1,73.0,0.0471874633106432,6.4463536307403295,0.0,UNKNOWN,UNKNOWN,1.0,0.9528125366893568,-66.55364636925967,66.55364636925967,LOW_PSTART_STARTED,4-2-3-1,RDM,RDM,RDM,structural,False,0.0,66.55364636925967
dc1d8946-e5da-5a50-b228-61e8601bc305,23,13,manchester-city,7ba3294a-acf2-50da-ba1c-626fce42c1dc,Omar Marmoush,MID,LW,1,73.0,0.082659555409761,6.674974090041416,0.0,UNKNOWN,UNKNOWN,1.0,0.917340444590239,-66.32502590995858,66.32502590995858,LOW_PSTART_STARTED,4-1-4-1,ST,ST,ST,structural,False,0.0,66.32502590995858
4366c228-7c85-5d35-8048-663446bd1b28,25,11,leeds-united,e5ce8638-ef71-56e5-ae05-c0e425118aa3,James Justin,DEF,RWB,1,90.0,0.4148022456483921,23.72738117358148,0.0,UNKNOWN,UNKNOWN,1.0,0.5851977543516079,-66.27261882641852,66.27261882641852,MAP_XI_FALSE_NEGATIVE,3-4-2-1,RCB,RCB,RCB,structural,False,0.0,66.27261882641852
9d7e2609-879a-5940-b916-fce719c34570,32,14,manchester-united,1bf5a1f9-7275-56b5-888b-e1417d195339,Manuel Ugarte,MID,RDM,1,90.0,0.2101979969230785,23.843954077603694,0.0,UNKNOWN,UNKNOWN,1.0,0.7898020030769215,-66.1560459223963,66.1560459223963,MAP_XI_FALSE_NEGATIVE,4-2-3-1,UNOBSERVED_BENCH,,,,,0.0,66.1560459223963
03ba7107-f9dd-5a5e-8bcd-9aa4919ff36d,22,9,everton,e9f5aa44-1c52-51c9-85a6-b079a6b78080,Merlin Röhl,MID,CAM,1,90.0,0.1925714444038658,24.443713282952,0.0,UNKNOWN,UNKNOWN,1.0,0.8074285555961342,-65.55628671704801,65.55628671704801,LOW_PSTART_STARTED,4-2-3-1,RDM,RDM,CAM,structural,True,0.0,65.556286717048
6a84969a-7d59-589c-94a0-d71eb1a266ff,26,20,wolverhampton-wanderers,ebd46261-67a5-56cc-9b55-02bde7f16bba,Jean-Ricner Bellegarde,MID,LW,1,83.0,0.2268007991940185,17.74536817803981,0.0,UNKNOWN,UNKNOWN,1.0,0.7731992008059815,-65.25463182196019,65.25463182196019,MAP_XI_FALSE_NEGATIVE,3-4-2-1,RAM,RAM,LCM,structural,True,0.0,65.25463182196019
e07812fd-53bd-5cff-a85b-94bea63806fe,30,5,brentford,c5c12262-4fce-5d62-89d5-5e4ae2679565,Keane Lewis-Potter,DEF,LAM,1,90.0,0.3427619087239438,24.822904869518005,0.0,UNKNOWN,UNKNOWN,1.0,0.6572380912760563,-65.177095130482,65.177095130482,MAP_XI_FALSE_NEGATIVE,4-1-4-1,LB,LB,LB,structural,False,0.0,65.177095130482
35e69758-b8a6-5f8b-9c26-dc2813d81978,34,8,crystal-palace,73fbac33-4713-58ec-b9bd-242dfec592a2,Adam Wharton,MID,RCM,1,90.0,0.2235345076093176,25.01588924722164,1.0,RCM,3-4-2-1,1.0,0.7764654923906824,-64.98411075277836,64.98411075277836,MINUTE_ERROR_45PLUS,3-4-2-1,LCM,LCM,RCM,structural,True,0.0,64.98411075277836
d9ace39d-a5ca-5496-84cb-231df913a305,25,2,aston-villa,492c6463-bf4e-50f7-a6c1-23e8693ceea0,Amadou Onana,MID,LDM,1,90.0,0.2436072203275436,25.159013730686688,0.0,UNKNOWN,UNKNOWN,1.0,0.7563927796724564,-64.8409862693133,64.8409862693133,MAP_XI_FALSE_NEGATIVE,4-2-3-1,RDM,RDM,RDM,structural,False,0.0,64.8409862693133
4fe9f44c-bfba-5934-849a-d84876aa86e8,32,15,newcastle-united,c7d912b7-acf9-59e7-a5a7-c7e64aed18da,Sandro Tonali,MID,CM,1,90.0,0.2615948454426292,25.32356788464331,0.0,UNKNOWN,UNKNOWN,1.0,0.7384051545573709,-64.67643211535669,64.67643211535669,MAP_XI_FALSE_NEGATIVE,4-3-3,LCM,LCM,CM,structural,True,0.0,64.67643211535669
d810d3c3-dec2-50fb-85ae-1b4d0b80559f,27,4,afc-bournemouth,0f8b78a8-3315-50f5-8b1d-435ce1fc41ac,Tyler Adams,MID,RDM,1,65.0,0.0682237334239226,0.4144152923151041,0.0,UNKNOWN,UNKNOWN,1.0,0.9317762665760774,-64.5855847076849,64.5855847076849,LOW_PSTART_STARTED,4-2-3-1,LDM,LDM,LDM,structural,False,0.0,64.5855847076849
006f69f1-9b0e-551d-bed7-448d3b640101,22,14,manchester-united,be977983-b55e-52b9-96d5-b98b8b42edbb,Bryan Mbeumo,MID,RAM,1,70.0,0.0612024645235348,5.581331093007333,1.0,RAM,3-4-2-1,1.0,0.9387975354764652,-64.41866890699266,64.41866890699266,LOW_PSTART_STARTED,4-2-3-1,ST,ST,ST,structural,False,0.0,64.41866890699266
f2500cd6-3213-514b-bc50-11600f2a02df,24,18,tottenham-hotspur,976cba43-39e3-5bd2-a17b-74524487c441,Archie Gray,MID,LDM,1,90.0,0.3855794906736077,25.722605800240444,1.0,LDM,4-2-3-1,1.0,0.6144205093263924,-64.27739419975956,64.27739419975956,MINUTE_ERROR_45PLUS,3-4-2-1,RWB,RWB,RWB,structural,False,0.0,64.27739419975956
57b20b8b-c663-5991-a397-771f728fd27c,33,1,arsenal,ef53aa3a-f5fe-5a12-9743-66a2adc7f069,Kai Havertz,FWD,CAM,1,90.0,0.2871407072418746,26.060639465791773,0.0,UNKNOWN,UNKNOWN,1.0,0.7128592927581254,-63.93936053420823,63.93936053420823,MAP_XI_FALSE_NEGATIVE,4-3-3,ST,ST,ST,structural,False,0.0,63.93936053420823
1ce47acb-bab6-57a0-b8fc-b4936d9f71f7,31,19,west-ham-united,ad87488c-769c-5325-bce6-63daff9b32a3,Pablo Felipe Pereira de Jesus,FWD,CAM,1,90.0,0.3770084757181469,26.22380297476527,0.0,UNKNOWN,UNKNOWN,1.0,0.6229915242818531,-63.77619702523473,63.77619702523473,MAP_XI_FALSE_NEGATIVE,4-3-3,LW,LW,LW,structural,False,0.0,63.77619702523473
ecd48097-3a63-58b6-a353-65332e720c42,32,18,tottenham-hotspur,3a736c36-502e-5f12-a3a0-3a915cdfdf76,Randal Kolo Muani,FWD,ST,1,90.0,0.3628233714079606,26.80570366945064,0.0,UNKNOWN,UNKNOWN,1.0,0.6371766285920394,-63.19429633054936,63.19429633054936,MAP_XI_FALSE_NEGATIVE,4-3-3,RW,RW,RW,structural,False,0.0,63.19429633054936
112601d1-209f-5611-b63b-01d0992c4ddd,26,7,chelsea,9998e641-8e7f-5837-8d46-ad335b484a00,Josh Acheampong,DEF,RB,1,78.0,0.1681455457463831,14.902207289585082,0.0,UNKNOWN,UNKNOWN,1.0,0.8318544542536169,-63.09779271041492,63.09779271041492,LOW_PSTART_STARTED,4-2-3-1,RCB,RCB,RCB,structural,False,0.0,63.09779271041492
4969d7af-c9d1-5c54-8620-d87f0b49cff8,36,7,chelsea,46f70fd6-45f6-55b9-884d-24feb13db9c3,Levi Colwill,DEF,UNKNOWN,1,90.0,0.2249650111524326,27.39154678104105,0.0,UNKNOWN,UNKNOWN,1.0,0.7750349888475674,-62.60845321895894,62.60845321895894,MAP_XI_FALSE_NEGATIVE,4-2-3-1,LCB,LCB,LCB,structural,False,0.0,62.60845321895895
58063874-83a0-58d3-88f4-272c896d19f4,37,11,leeds-united,a8678248-1555-5a99-8bcd-6ec2a944ea53,Sebastiaan Bornauw,DEF,RCB,1,90.0,0.3949700375298418,27.760792473281207,0.0,UNKNOWN,UNKNOWN,1.0,0.6050299624701583,-62.23920752671879,62.23920752671879,MAP_XI_FALSE_NEGATIVE,3-5-2,LCB,LCB,LCB,structural,False,0.0,62.23920752671879
99445e05-228b-5b5b-b1fd-ade1bcefe99a,33,18,tottenham-hotspur,c99e7187-586e-5722-8e10-93fd50f92627,Xavi Simons,MID,CAM,1,90.0,0.305246160046948,27.84247583223581,0.0,UNKNOWN,UNKNOWN,1.0,0.694753839953052,-62.157524167764194,62.157524167764194,MAP_XI_FALSE_NEGATIVE,4-3-3,LW,LW,LW,structural,False,0.0,62.157524167764194
52ecb34c-b2fd-592c-b014-dc770fdef03b,29,10,fulham,09be2cb2-a90e-562f-8a53-32294044e02f,Samuel Chukwueze,MID,LAM,1,90.0,0.3579638688234767,27.88426433435844,1.0,LAM,4-2-3-1,1.0,0.6420361311765233,-62.11573566564156,62.11573566564156,MINUTE_ERROR_45PLUS,4-2-3-1,RAM,RAM,CAM,structural,True,0.0,62.11573566564156
99445e05-228b-5b5b-b1fd-ade1bcefe99a,33,18,tottenham-hotspur,27ff0ef1-a31f-5e26-bb7d-035a4248bad2,Rodrigo Bentancur,MID,RDM,1,66.0,0.0445595950139221,4.014913542868625,0.0,UNKNOWN,UNKNOWN,1.0,0.9554404049860779,-61.98508645713137,61.98508645713137,LOW_PSTART_STARTED,4-3-3,CM,CM,CM,structural,False,0.0,61.98508645713137
6a84969a-7d59-589c-94a0-d71eb1a266ff,26,1,arsenal,4c3f279c-cb21-57c6-9d58-3decef97625e,Bukayo Saka,MID,RW,1,72.0,0.0822171513759277,10.21209491326295,0.0,UNKNOWN,UNKNOWN,1.0,0.9177828486240723,-61.78790508673705,61.78790508673705,LOW_PSTART_STARTED,4-2-3-1,CAM,CAM,CAM,structural,False,0.0,61.78790508673705
df7ba6cc-31bb-5cbf-8a2f-b79c5249f90f,26,17,sunderland,a213c4ca-4778-5981-91eb-7708f7294de0,Nilson Angulo,MID,UNKNOWN,1,79.0,0.0990035838703795,17.340955845921016,0.0,UNKNOWN,UNKNOWN,1.0,0.9009964161296204,-61.65904415407898,61.65904415407898,LOW_PSTART_STARTED,4-2-3-1,LAM,LAM,LAM,structural,False,0.0,61.659044154078984
1ce6ee26-3057-5ae0-a140-416d1bd98ae2,35,8,crystal-palace,4e797913-6f5e-54d0-807d-555d7ec82308,Jefferson Lerma Solís,MID,LCM,1,90.0,0.2992295142815778,28.5516831512896,0.0,UNKNOWN,UNKNOWN,1.0,0.7007704857184223,-61.448316848710405,61.448316848710405,MAP_XI_FALSE_NEGATIVE,3-4-3,RCM,RCM,LCM,structural,True,0.0,61.448316848710405
7769decc-98b9-5b54-a4a3-fc4aa47199e9,35,10,fulham,c04d1727-85e9-5596-a2b4-b5341c1ffb6a,Harrison Reed,MID,UNKNOWN,1,63.0,0.0147318792472078,1.7167018470445945,0.0,UNKNOWN,UNKNOWN,1.0,0.9852681207527922,-61.2832981529554,61.2832981529554,LOW_PSTART_STARTED,4-2-3-1,RDM,RDM,RDM,structural,False,0.0,61.2832981529554
318ad40d-b456-558d-bca7-c9fa1aed3f94,29,13,manchester-city,f717009d-d433-5fa0-9cf5-1e081478a8f1,Phil Foden,MID,LCM,1,76.0,0.1661585265741755,14.89520468733893,0.0,UNKNOWN,UNKNOWN,1.0,0.8338414734258245,-61.10479531266107,61.10479531266107,LOW_PSTART_STARTED,4-1-3-2,RAM,RAM,CAM,structural,True,0.0,61.10479531266107
798085e6-30c4-5023-9459-9ecd515df77f,26,9,everton,7af4896b-be30-5d5e-9119-e9efade2cada,Jarrad Branthwaite,DEF,LB,1,90.0,0.2815672784906603,29.23379517275797,0.0,UNKNOWN,UNKNOWN,1.0,0.7184327215093397,-60.76620482724204,60.76620482724204,MAP_XI_FALSE_NEGATIVE,4-2-3-1,LCB,LCB,LCB,structural,False,0.0,60.766204827242035
8f269e69-30e8-524b-8bbd-2a4eba3eecb6,31,3,burnley,9d1de056-bbbd-54d4-a192-06c57ccb0fd6,Hannibal Mejbri,MID,LCM,1,17.0,0.8758796999856959,77.7196966331922,1.0,LCM,3-4-2-1,1.0,0.12412030001430407,60.7196966331922,60.7196966331922,MINUTE_ERROR_45PLUS,4-2-3-1,CAM,CAM,CAM,structural,False,0.0,60.7196966331922
16495e99-1e75-5b2f-a337-1dfde9ddfe08,33,6,brighton-hove-albion,2158389c-94df-554d-8089-885e17fa9cbe,Carlos Baleba,MID,RDM,1,90.0,0.2875748044608014,29.641690732911307,0.0,UNKNOWN,UNKNOWN,1.0,0.7124251955391986,-60.35830926708869,60.35830926708869,MAP_XI_FALSE_NEGATIVE,4-2-3-1,LDM,LDM,RDM,structural,True,0.0,60.35830926708869
ecd48097-3a63-58b6-a353-65332e720c42,32,18,tottenham-hotspur,d64982ba-72ef-52d6-b8fe-3706499963ab,Conor Gallagher,MID,RCM,1,84.0,0.3224436534302635,23.674310226673384,1.0,RW,4-4-2,1.0,0.6775563465697365,-60.325689773326616,60.325689773326616,MINUTE_ERROR_45PLUS,4-3-3,LCM,LCM,LCM,structural,False,0.0,60.325689773326616
3b0bba38-af04-5460-b39f-e5c32eaf27ff,36,15,newcastle-united,19517dba-f8bc-5da6-921a-eec76cc74b58,Lewis Hall,DEF,LB,1,90.0,0.5029669261198764,29.680890528028836,1.0,LB,4-3-3,1.0,0.49703307388012363,-60.31910947197117,60.31910947197117,MINUTE_ERROR_45PLUS,4-2-3-1,RB,RB,RB,structural,False,0.0,60.31910947197116
6a84969a-7d59-589c-94a0-d71eb1a266ff,26,20,wolverhampton-wanderers,00cc549f-a9f0-54b0-8cbc-ef47c7f8251b,André Trindade da Costa Neto,MID,CM,1,90.0,0.2971256316876121,29.690417518914167,1.0,CM,3-5-2,1.0,0.7028743683123879,-60.30958248108583,60.30958248108583,MINUTE_ERROR_45PLUS,3-4-2-1,LCM,LCM,RWB,structural,True,0.0,60.30958248108583
31402e57-7c34-5b2c-8688-d29a2831522e,37,16,nottingham-forest,68e23e27-5010-5c05-a3bd-23e48be32b93,Morgan Gibbs-White,MID,CAM,1,90.0,0.2593889084935528,29.71104176599863,1.0,CAM,4-2-3-1,1.0,0.7406110915064472,-60.28895823400137,60.28895823400137,MINUTE_ERROR_45PLUS,4-4-2,LW,LW,LW,structural,False,0.0,60.28895823400137
506fe9f4-c4a7-57b8-9b66-23314b429f92,24,17,sunderland,cde7eda9-ac09-5cd3-abff-bd8116cd4a4e,Reinildo Mandava,DEF,LB,1,90.0,0.5958962241423165,29.720772423121204,1.0,LB,4-4-2,1.0,0.40410377585768353,-60.2792275768788,60.2792275768788,MINUTE_ERROR_45PLUS,5-4-1,LWB,LWB,LWB,structural,False,0.0,60.279227576878796
622cfd32-fefc-538b-92e0-7c761e8052b4,30,15,newcastle-united,b5144153-3ffb-56d4-89c7-cf4cc50a101e,Jacob Murphy,MID,RW,1,77.0,0.1598622165807095,16.766961892346917,0.0,UNKNOWN,UNKNOWN,1.0,0.8401377834192905,-60.23303810765309,60.23303810765309,LOW_PSTART_STARTED,4-2-3-1,RAM,RAM,RDM,structural,True,0.0,60.23303810765309
e1b64232-1ee4-522c-b106-e651d9eba4ea,38,13,manchester-city,cffb76ef-9edc-5e36-95cd-8c4ce7623f4e,Nathan Aké,DEF,LCB,1,76.0,0.0916864620395534,15.844528222605948,0.0,UNKNOWN,UNKNOWN,1.0,0.9083135379604466,-60.155471777394055,60.155471777394055,LOW_PSTART_STARTED,4-2-2-2,LB,LB,LB,structural,False,0.0,60.155471777394055
006f69f1-9b0e-551d-bed7-448d3b640101,22,13,manchester-city,cffb76ef-9edc-5e36-95cd-8c4ce7623f4e,Nathan Aké,DEF,LCB,1,90.0,0.3278745791428127,29.874420616788814,0.0,UNKNOWN,UNKNOWN,1.0,0.6721254208571873,-60.12557938321118,60.12557938321118,MAP_XI_FALSE_NEGATIVE,4-1-4-1,LB,LB,LB,structural,False,0.0,60.12557938321119
dec351fa-176e-54ff-a391-5e41f9eeee09,37,10,fulham,bf6c1651-0779-512e-9c37-3b8ac8c14714,Alex Iwobi,MID,RDM,1,66.0,0.1220422468620363,5.874803407058399,0.0,UNKNOWN,UNKNOWN,1.0,0.8779577531379636,-60.1251965929416,60.1251965929416,LOW_PSTART_STARTED,4-2-3-1,LAM,LAM,CAM,structural,True,0.0,60.1251965929416
73cbcb0c-704f-544b-98be-2945eb6c0891,24,9,everton,4788a762-a8dd-587b-88ad-eb1d2f51ec12,Harrison Armstrong,MID,CAM,1,79.0,0.2911575597072355,19.080000022207656,0.0,UNKNOWN,UNKNOWN,1.0,0.7088424402927644,-59.91999997779234,59.91999997779234,MAP_XI_FALSE_NEGATIVE,4-2-3-1,RAM,RAM,RAM,structural,False,0.0,59.919999977792344
5766fb4a-8b72-52a7-9737-b231937d4d3c,30,18,tottenham-hotspur,f0bfb35e-c09e-553b-a545-fec85a6cd62d,Radu Dragusin,DEF,RCB,1,90.0,0.2524515026496006,30.24607947424168,0.0,UNKNOWN,UNKNOWN,1.0,0.7475484973503994,-59.75392052575832,59.75392052575832,MAP_XI_FALSE_NEGATIVE,4-4-2,LCB,LCB,LCB,structural,False,0.0,59.75392052575832
dfe891e4-ce71-5e78-94ea-cee9d70885e6,36,3,burnley,032150f9-1246-5989-8ac4-532f1e3bce74,Lesley Ugochukwu,MID,RCM,1,78.0,0.1714423748815695,18.394415845409924,1.0,RCM,3-4-3,1.0,0.8285576251184306,-59.60558415459008,59.60558415459008,LOW_PSTART_STARTED,4-2-3-1,LDM,LDM,LDM,structural,False,0.0,59.605584154590076
01b894d5-057a-530b-917f-9397231a3249,22,4,afc-bournemouth,e51ce209-cf65-5a91-b162-98b8d46e6d71,Amine Adli,MID,RAM,1,78.0,0.1728129513052496,18.4356843033276,0.0,UNKNOWN,UNKNOWN,1.0,0.8271870486947503,-59.5643156966724,59.5643156966724,LOW_PSTART_STARTED,4-2-3-1,LAM,LAM,LAM,structural,False,0.0,59.564315696672395
97b2d8d5-ad23-581e-a7ba-80ed12ecc351,23,11,leeds-united,9066de74-0bf4-5c6d-8a3f-3b977b735a67,Anton Stach,MID,LCM,1,84.0,0.2750226788680628,24.57732990538617,0.0,UNKNOWN,UNKNOWN,1.0,0.7249773211319372,-59.42267009461384,59.42267009461384,MAP_XI_FALSE_NEGATIVE,3-4-2-1,RAM,RAM,RWB,structural,True,0.0,59.422670094613835
df7ba6cc-31bb-5cbf-8a2f-b79c5249f90f,26,12,liverpool,e294bf9c-b850-58e2-8e18-b24687408f28,Wataru Endo,MID,UNKNOWN,1,68.0,0.0748775924139502,8.872593726287604,0.0,UNKNOWN,UNKNOWN,1.0,0.9251224075860498,-59.1274062737124,59.1274062737124,LOW_PSTART_STARTED,4-2-3-1,RB,RB,RB,structural,False,0.0,59.127406273712396
3886cdbf-b8bc-5850-8a2a-d84384ac71f7,32,19,west-ham-united,ef1caf6e-67a5-53c4-afb0-2523323cbfe4,Crysencio Summerville,MID,LW,1,77.0,0.1919804713177424,17.93140175055767,1.0,LW,4-4-2,1.0,0.8080195286822576,-59.06859824944233,59.06859824944233,LOW_PSTART_STARTED,4-2-3-1,LAM,LAM,LAM,structural,False,0.0,59.06859824944233
006f69f1-9b0e-551d-bed7-448d3b640101,22,14,manchester-united,8b26f624-9357-5669-9698-f5fda36d4e75,Bruno Borges Fernandes,MID,LCM,1,90.0,0.5125943448971648,30.93934637213163,1.0,LCM,3-4-2-1,1.0,0.4874056551028352,-59.06065362786837,59.06065362786837,MINUTE_ERROR_45PLUS,4-2-3-1,CAM,CAM,LAM,structural,True,0.0,59.06065362786837
94338b30-8c36-517f-8821-7e38666f86c7,27,9,everton,9cb12f76-aa67-5f6a-9571-1925e3cbe9ef,Tim Iroegbunam,MID,RDM,1,78.0,0.1768115170807365,19.11119553254985,0.0,UNKNOWN,UNKNOWN,1.0,0.8231884829192635,-58.88880446745015,58.88880446745015,LOW_PSTART_STARTED,4-2-3-1,LDM,LDM,LDM,structural,False,0.0,58.88880446745015
8b19f294-8fed-5a60-8498-f5c9c1b8d138,24,15,newcastle-united,fa7d8081-617d-5e86-a227-d01a088e1f55,Joe Willock,MID,RCM,1,72.0,0.1496331115951886,13.188321841279093,0.0,UNKNOWN,UNKNOWN,1.0,0.8503668884048114,-58.81167815872091,58.81167815872091,LOW_PSTART_STARTED,4-3-3,LCM,LCM,LCM,structural,False,0.0,58.81167815872091
081f5491-2f1e-5422-bb74-cd9ec55d87c9,26,13,manchester-city,f717009d-d433-5fa0-9cf5-1e081478a8f1,Phil Foden,MID,LCM,1,70.0,0.1708445108121878,11.621868681704871,0.0,UNKNOWN,UNKNOWN,1.0,0.8291554891878122,-58.37813131829513,58.37813131829513,LOW_PSTART_STARTED,4-1-3-2,RAM,RAM,CAM,structural,True,0.0,58.37813131829513
f82cddfd-b545-5509-9c99-a1ae615e0130,38,20,wolverhampton-wanderers,15d02b2c-303d-5403-b3ee-c1bb398578ae,Angel Gomes,MID,CAM,1,65.0,0.0635558933138388,7.248466133184274,0.0,UNKNOWN,UNKNOWN,1.0,0.9364441066861612,-57.75153386681573,57.75153386681573,LOW_PSTART_STARTED,3-4-2-1,LCM,LCM,RCM,structural,True,0.0,57.75153386681573
7018cf67-a775-5040-9faf-510b2df80879,35,13,manchester-city,a5ac6603-1c8f-569d-acdb-bba58bd047c8,Nico González,MID,CM,1,74.0,0.1106841400662444,16.357365996554336,0.0,UNKNOWN,UNKNOWN,1.0,0.8893158599337556,-57.642634003445664,57.642634003445664,LOW_PSTART_STARTED,4-2-3-1,RDM,RDM,RDM,structural,False,0.0,57.642634003445664
039b583c-5bdc-51f2-8934-ef0b7746978e,31,7,chelsea,932d386d-f372-53de-a37f-381a73a67e07,Jorrel Hato,DEF,LB,1,90.0,0.293368893550305,32.56597187340047,0.0,UNKNOWN,UNKNOWN,1.0,0.7066311064496951,-57.43402812659953,57.43402812659953,MAP_XI_FALSE_NEGATIVE,4-2-3-1,LCB,LCB,LCB,structural,False,0.0,57.43402812659953
7771779b-354a-5626-9f0f-129de4d443ba,24,1,arsenal,ef53aa3a-f5fe-5a12-9743-66a2adc7f069,Kai Havertz,FWD,UNKNOWN,1,60.0,0.0306060353904006,2.607563400820734,0.0,UNKNOWN,UNKNOWN,1.0,0.9693939646095994,-57.39243659917926,57.39243659917926,LOW_PSTART_STARTED,4-2-3-1,CAM,CAM,CAM,structural,False,0.0,57.39243659917926
94fcf566-2f2f-5764-a094-bd41afb36a13,28,15,newcastle-united,133b6e37-92c1-5dc9-a4dd-a5f957768626,Joelinton Cássio Apolinário de Lira,MID,LCM,1,90.0,0.527104150647873,32.685529077185095,1.0,LCM,4-3-3,1.0,0.47289584935212703,-57.314470922814905,57.314470922814905,MINUTE_ERROR_45PLUS,4-3-3,LW,LW,LW,structural,False,0.0,57.314470922814905
0d6a442b-e1f2-53f3-a9a8-0b75c19465d8,38,1,arsenal,3bb649d5-6bd9-5f6f-ab96-003ed40fb0e5,Max Dowman,MID,UNKNOWN,1,61.0,0.0225668786410191,3.836066054917868,0.0,UNKNOWN,UNKNOWN,1.0,0.9774331213589809,-57.163933945082135,57.163933945082135,LOW_PSTART_STARTED,4-2-3-1,CAM,CAM,CAM,structural,False,0.0,57.163933945082135
70cc935f-f357-52d9-b752-3a2a21e28e41,30,2,aston-villa,3f25f3e8-deb4-5121-abaf-e0c9f890735f,John McGinn,MID,RAM,1,60.0,0.096602929997374,3.1432582233805357,0.0,UNKNOWN,UNKNOWN,1.0,0.903397070002626,-56.856741776619465,56.856741776619465,LOW_PSTART_STARTED,4-2-3-1,CAM,CAM,RAM,structural,True,0.0,56.856741776619465
b5ed6c3e-25b0-50e3-8e36-86250fd00a0b,30,3,burnley,f5da0015-9c1c-5ba2-a447-9fc51ceed482,Josh Laurent,MID,RCB,1,87.0,0.4066348128920516,30.242637395674627,0.0,UNKNOWN,UNKNOWN,1.0,0.5933651871079484,-56.75736260432537,56.75736260432537,MAP_XI_FALSE_NEGATIVE,4-2-3-1,RDM,RDM,LDM,structural,True,0.0,56.75736260432537
f0affde3-2d1e-534c-9399-e7418e760196,37,17,sunderland,a213c4ca-4778-5981-91eb-7708f7294de0,Nilson Angulo,MID,RAM,1,76.0,0.1901144091753523,20.2838038906049,0.0,UNKNOWN,UNKNOWN,1.0,0.8098855908246477,-55.7161961093951,55.7161961093951,LOW_PSTART_STARTED,4-2-3-1,LAM,LAM,LAM,structural,False,0.0,55.7161961093951
0d6a442b-e1f2-53f3-a9a8-0b75c19465d8,38,1,arsenal,7844404e-dd2c-5f68-9390-675ab60be346,Martín Zubimendi Ibáñez,MID,CM,1,90.0,0.3091823224231821,34.52168740785274,0.0,UNKNOWN,UNKNOWN,1.0,0.6908176775768179,-55.47831259214726,55.47831259214726,MAP_XI_FALSE_NEGATIVE,4-2-3-1,RB,RB,RB,structural,False,0.0,55.47831259214726
ebb30294-ec65-5a92-a141-2fa11e9b549c,30,19,west-ham-united,ad87488c-769c-5325-bce6-63daff9b32a3,Pablo Felipe Pereira de Jesus,FWD,CAM,1,63.0,0.0834951143704523,7.647280061321945,0.0,UNKNOWN,UNKNOWN,1.0,0.9165048856295477,-55.35271993867806,55.35271993867806,LOW_PSTART_STARTED,3-4-2-1,LAM,LAM,LCM,structural,True,0.0,55.35271993867806
039b583c-5bdc-51f2-8934-ef0b7746978e,31,7,chelsea,653dcb32-98a1-5bdb-afc4-4dcee772c921,Pedro Lomba Neto,MID,RAM,1,69.0,0.1417955433441698,13.92461484549262,0.0,UNKNOWN,UNKNOWN,1.0,0.8582044566558302,-55.07538515450738,55.07538515450738,LOW_PSTART_STARTED,4-2-3-1,LAM,LAM,LAM,structural,False,0.0,55.07538515450738
de92aec0-17cd-521d-ae3d-f425ab7e09dd,34,15,newcastle-united,8385a2b5-f514-5b12-aa58-82c05b0c3586,Jacob Ramsey,MID,LCM,1,90.0,0.4728513480790751,34.97111802065926,0.0,UNKNOWN,UNKNOWN,1.0,0.527148651920925,-55.02888197934074,55.02888197934074,MAP_XI_FALSE_NEGATIVE,4-1-4-1,LW,LW,LW,structural,False,0.0,55.02888197934074
1c02d8a1-3fe4-50a6-a833-13460c80973f,34,20,wolverhampton-wanderers,5c50ad44-fb04-5cd7-9d1f-513b77683809,Pedro Cardoso de Lima,DEF,UNKNOWN,1,85.0,0.284108742109504,30.009838943337996,0.0,UNKNOWN,UNKNOWN,1.0,0.715891257890496,-54.990161056662,54.990161056662,MAP_XI_FALSE_NEGATIVE,3-4-2-1,RWB,RWB,RWB,structural,False,0.0,54.990161056662004
5766fb4a-8b72-52a7-9737-b231937d4d3c,30,12,liverpool,0ffc6ec2-ca3e-5db4-8ebf-a8eba45464b9,Joseph Gomez,DEF,RB,1,90.0,0.3452385310048755,35.132129568016694,0.0,UNKNOWN,UNKNOWN,1.0,0.6547614689951244,-54.867870431983306,54.867870431983306,MAP_XI_FALSE_NEGATIVE,4-2-3-1,RCB,RCB,RCB,structural,False,0.0,54.867870431983306
73cbcb0c-704f-544b-98be-2945eb6c0891,24,9,everton,7af4896b-be30-5d5e-9119-e9efade2cada,Jarrad Branthwaite,DEF,UNKNOWN,1,88.0,0.3245512657824793,33.27243129037225,0.0,UNKNOWN,UNKNOWN,1.0,0.6754487342175207,-54.72756870962775,54.72756870962775,MAP_XI_FALSE_NEGATIVE,4-2-3-1,LB,LB,LB,structural,False,0.0,54.72756870962775
70cc935f-f357-52d9-b752-3a2a21e28e41,30,2,aston-villa,7a546fa7-fe3d-5862-a0fc-4542c4583e9e,Ross Barkley,MID,UNKNOWN,1,81.0,0.1471239533896787,26.43713547167004,0.0,UNKNOWN,UNKNOWN,1.0,0.8528760466103213,-54.56286452832996,54.56286452832996,LOW_PSTART_STARTED,4-2-3-1,LDM,LDM,RDM,structural,True,0.0,54.56286452832996
092fe1c5-46c7-5bc7-a34b-822cf838d6ab,36,13,manchester-city,4238fdb0-cf75-58c4-b3b5-1e9939c55fc1,Joško Gvardiol,DEF,LCB,1,57.0,0.0402006303601456,2.505139771433509,0.0,UNKNOWN,UNKNOWN,1.0,0.9597993696398543,-54.494860228566495,54.494860228566495,LOW_PSTART_STARTED,4-2-2-2,LB,LB,LB,structural,False,0.0,54.494860228566495
d9ace39d-a5ca-5496-84cb-231df913a305,25,4,afc-bournemouth,0832a3fd-b90b-54b3-8f2a-3ce07cc7b6bc,Rayan Vitor Simplício Rocha,MID,UNKNOWN,1,86.0,0.1947890146802734,31.60470747302849,0.0,UNKNOWN,UNKNOWN,1.0,0.8052109853197266,-54.39529252697151,54.39529252697151,LOW_PSTART_STARTED,4-2-3-1,RAM,RAM,RAM,structural,False,0.0,54.39529252697151
ba89faf8-3800-548a-951b-e5d7ed60ed05,37,7,chelsea,762fd3f4-3f85-52c7-b5be-8c0c563cf25f,Andrey Nascimento dos Santos,MID,LDM,1,90.0,0.4695861622107863,35.70737592725432,0.0,UNKNOWN,UNKNOWN,1.0,0.5304138377892137,-54.29262407274568,54.29262407274568,MAP_XI_FALSE_NEGATIVE,4-2-3-1,RDM,RDM,RDM,structural,False,0.0,54.29262407274568
ca09b971-bf08-55a8-9cf4-b93f3c0604e1,36,11,leeds-united,6b487d4a-07ef-5c9e-b3e0-8bc10e69d873,Daniel James,MID,RW,1,62.0,0.0975495101830759,7.855009867145636,0.0,UNKNOWN,UNKNOWN,1.0,0.9024504898169241,-54.14499013285436,54.14499013285436,LOW_PSTART_STARTED,3-5-2,RWB,RWB,RWB,structural,False,0.0,54.14499013285436
6a84969a-7d59-589c-94a0-d71eb1a266ff,26,1,arsenal,4a30d43b-d2c4-514a-8544-4ba07f51e68a,Gabriel Martinelli Silva,MID,LW,1,90.0,0.7004520856251628,35.98790039792909,0.0,UNKNOWN,UNKNOWN,1.0,0.2995479143748372,-54.01209960207091,54.01209960207091,MAP_XI_FALSE_NEGATIVE,4-2-3-1,LAM,LAM,LAM,structural,False,0.0,54.01209960207091
dcb932a5-b690-59b8-8026-5a592284f9a8,38,7,chelsea,972fc541-f01f-51fc-b746-5238f72285d7,Malo Gusto,DEF,RB,1,84.0,0.3151994291050392,30.251387103299727,1.0,RB,4-2-3-1,1.0,0.6848005708949608,-53.74861289670027,53.74861289670027,MINUTE_ERROR_45PLUS,3-4-1-2,RWB,RWB,RWB,structural,False,0.0,53.74861289670027
6c5986e0-8dbe-5289-99bb-f5fdd49bf3bf,28,17,sunderland,483fd668-a74d-5c5c-9111-a023961f914b,Chemsdine Talbi,MID,LAM,1,68.0,0.1601950194260264,14.413108084192167,0.0,UNKNOWN,UNKNOWN,1.0,0.8398049805739736,-53.58689191580783,53.58689191580783,LOW_PSTART_STARTED,4-2-3-1,RAM,RAM,RAM,structural,False,0.0,53.58689191580783
14980272-dff9-5025-a8ef-deeed283d4ce,33,14,manchester-united,c2bb5215-da9d-515a-81f0-604c302f3078,Noussair Mazraoui,DEF,RB,1,90.0,0.4133780562775121,36.42574548204372,0.0,UNKNOWN,UNKNOWN,1.0,0.5866219437224879,-53.57425451795629,53.57425451795629,MAP_XI_FALSE_NEGATIVE,4-2-3-1,RCB,RCB,RCB,structural,False,0.0,53.57425451795628
622cfd32-fefc-538b-92e0-7c761e8052b4,30,15,newcastle-united,d7693e44-9092-592e-b518-8da97eaf9fdf,Harvey Barnes,MID,LW,1,90.0,0.6276606953822859,36.42936803301995,1.0,LW,4-3-3,1.0,0.37233930461771414,-53.57063196698005,53.57063196698005,MINUTE_ERROR_45PLUS,4-2-3-1,LAM,LAM,LAM,structural,False,0.0,53.57063196698005
de9a09f3-6021-5322-bb75-a6a0dc72d91d,22,17,sunderland,e5098785-f2ed-5b29-af5e-f569a62ab2c0,Noah Sadiki,MID,LCM,1,90.0,0.4132332748189922,36.47986622245563,0.0,UNKNOWN,UNKNOWN,1.0,0.5867667251810078,-53.52013377754437,53.52013377754437,MAP_XI_FALSE_NEGATIVE,4-2-3-1,LDM,LDM,LDM,structural,False,0.0,53.52013377754437
de92aec0-17cd-521d-ae3d-f425ab7e09dd,34,15,newcastle-united,7d97f99a-8163-5c05-a74a-5dd9794bd812,Dan Burn,DEF,LCB,1,90.0,0.3325258124158849,36.69072650455443,0.0,UNKNOWN,UNKNOWN,1.0,0.667474187584115,-53.30927349544557,53.30927349544557,MAP_XI_FALSE_NEGATIVE,4-1-4-1,LB,LB,LB,structural,False,0.0,53.30927349544557
25988556-93c6-5dfd-b380-96f4dd98805b,36,5,brentford,e9e9ef49-852e-55b1-9544-097415eb392b,Aaron Hickey,DEF,LB,1,60.0,0.1167768638980825,7.10267152044358,0.0,UNKNOWN,UNKNOWN,1.0,0.8832231361019175,-52.89732847955642,52.89732847955642,LOW_PSTART_STARTED,4-4-2,LCM,LCM,LCM,structural,False,0.0,52.89732847955642
f82cddfd-b545-5509-9c99-a1ae615e0130,38,3,burnley,956e0ed0-2170-56bf-913d-61d007270278,Bashir Humphreys,DEF,RCB,1,90.0,0.4371031113633825,37.12871837756016,0.0,UNKNOWN,UNKNOWN,1.0,0.5628968886366175,-52.87128162243984,52.87128162243984,MAP_XI_FALSE_NEGATIVE,4-2-3-1,LCB,LCB,LCB,structural,False,0.0,52.87128162243984
6b1ba362-3ee7-5a51-8722-835e7613942b,32,7,chelsea,653dcb32-98a1-5bdb-afc4-4dcee772c921,Pedro Lomba Neto,MID,RAM,1,90.0,0.5156932703437545,37.56819675849362,1.0,LAM,4-2-3-1,1.0,0.48430672965624555,-52.43180324150638,52.43180324150638,MINUTE_ERROR_45PLUS,4-2-3-1,LAM,LAM,LAM,structural,False,0.0,52.43180324150638
092fe1c5-46c7-5bc7-a34b-822cf838d6ab,36,8,crystal-palace,0fa345a4-e26c-50d4-8f35-8b13aa9d7c09,Will Hughes,MID,LCM,1,59.0,0.0880328495164487,6.58714862160571,0.0,UNKNOWN,UNKNOWN,1.0,0.9119671504835513,-52.41285137839429,52.41285137839429,LOW_PSTART_STARTED,5-4-1,RCM,RCM,RCM,structural,False,0.0,52.41285137839429
b5ed6c3e-25b0-50e3-8e36-86250fd00a0b,30,3,burnley,4156c194-ad00-5d9c-aa4d-5f67c7deba01,James Ward-Prowse,MID,RCM,1,90.0,0.3518028827633852,37.686344358196486,0.0,UNKNOWN,UNKNOWN,1.0,0.6481971172366148,-52.31365564180352,52.31365564180352,MAP_XI_FALSE_NEGATIVE,4-2-3-1,LDM,LDM,RDM,structural,True,0.0,52.313655641803514
7c80f6d1-598d-5dcc-b7e4-44865b2ed593,23,6,brighton-hove-albion,2158389c-94df-554d-8089-885e17fa9cbe,Carlos Baleba,MID,RDM,1,80.0,0.3423818227770206,27.76965247443237,1.0,RDM,4-2-3-1,1.0,0.6576181772229794,-52.23034752556764,52.23034752556764,MINUTE_ERROR_45PLUS,4-3-3,CM,CM,CM,structural,False,0.0,52.23034752556763
ae89dde2-06e5-5c3d-88d1-b18a3afac874,38,6,brighton-hove-albion,a5750705-f098-5007-84b9-214a2063f4c8,James Milner,MID,RDM,1,58.0,0.0571315680527224,5.784070159003456,0.0,UNKNOWN,UNKNOWN,1.0,0.9428684319472775,-52.215929840996544,52.215929840996544,LOW_PSTART_STARTED,4-2-3-1,LDM,LDM,LDM,structural,False,0.0,52.215929840996544
085aaeeb-84d3-58e5-8616-6a821bcd07d0,25,5,brentford,c5c12262-4fce-5d62-89d5-5e4ae2679565,Keane Lewis-Potter,DEF,RAM,1,79.0,0.2785840717503745,26.847681650216288,0.0,UNKNOWN,UNKNOWN,1.0,0.7214159282496255,-52.15231834978371,52.15231834978371,MAP_XI_FALSE_NEGATIVE,4-2-3-1,LAM,LAM,RAM,structural,True,0.0,52.15231834978371
bd6a2d47-5dc1-5837-8700-c916a4a9191c,33,11,leeds-united,3b36fb97-62ec-53b8-882c-bd6a01550f8c,Tanaka Ao,MID,RCM,1,90.0,0.4369944223448275,37.89914329974163,1.0,RCM,3-5-2,1.0,0.5630055776551726,-52.10085670025837,52.10085670025837,MINUTE_ERROR_45PLUS,3-4-2-1,LCM,LCM,LWB,structural,True,0.0,52.10085670025837
9d7e2609-879a-5940-b916-fce719c34570,32,14,manchester-united,c2bb5215-da9d-515a-81f0-604c302f3078,Noussair Mazraoui,DEF,RB,1,69.0,0.1202458650787345,16.96421242190432,0.0,UNKNOWN,UNKNOWN,1.0,0.8797541349212655,-52.03578757809568,52.03578757809568,LOW_PSTART_STARTED,4-2-3-1,UNOBSERVED_BENCH,,,,,0.0,52.03578757809568
e1b64232-1ee4-522c-b106-e651d9eba4ea,38,2,aston-villa,cb53d8d9-b190-5b1f-adab-60f5562d5d10,Victor Lindelöf,DEF,LCB,1,72.0,0.3913539939039847,20.25149207267925,0.0,UNKNOWN,UNKNOWN,1.0,0.6086460060960153,-51.74850792732075,51.74850792732075,MAP_XI_FALSE_NEGATIVE,4-2-3-1,RCB,RCB,RCB,structural,False,0.0,51.74850792732075
ebb30294-ec65-5a92-a141-2fa11e9b549c,30,13,manchester-city,692da677-7071-5b72-89bc-cc722ba518e2,Nico O'Reilly,DEF,LB,1,90.0,0.5028574305869883,38.40211320720303,0.0,UNKNOWN,UNKNOWN,1.0,0.4971425694130117,-51.59788679279697,51.59788679279697,MAP_XI_FALSE_NEGATIVE,4-1-3-2,LAM,LAM,LAM,structural,False,0.0,51.59788679279697
c6221f70-6420-50cb-a8d9-aba5294bf856,22,12,liverpool,69b2f335-365b-5201-b36b-babf799e628a,Curtis Jones,MID,LDM,1,86.0,0.3850458440281398,34.5825794646036,0.0,UNKNOWN,UNKNOWN,1.0,0.6149541559718602,-51.4174205353964,51.4174205353964,MAP_XI_FALSE_NEGATIVE,4-2-3-1,CAM,CAM,LDM,structural,True,0.0,51.4174205353964
dd5772bc-85d8-5010-9a4b-eeb87df0c6be,33,12,liverpool,69b2f335-365b-5201-b36b-babf799e628a,Curtis Jones,MID,LDM,1,90.0,0.3642082218199889,39.042641872701246,0.0,UNKNOWN,UNKNOWN,1.0,0.6357917781800111,-50.957358127298754,50.957358127298754,MAP_XI_FALSE_NEGATIVE,4-2-3-1,RB,RB,RB,structural,False,0.0,50.957358127298754
ecd48097-3a63-58b6-a353-65332e720c42,32,17,sunderland,40b6a84e-8e7e-529b-8b4e-a2979b1bc8e4,Enzo Le Fée,MID,CAM,1,90.0,0.3896425530880245,39.50794107555221,0.0,UNKNOWN,UNKNOWN,1.0,0.6103574469119755,-50.49205892444779,50.49205892444779,MAP_XI_FALSE_NEGATIVE,4-2-3-1,LAM,LAM,LDM,structural,True,0.0,50.49205892444779
622cfd32-fefc-538b-92e0-7c761e8052b4,30,15,newcastle-united,a5e7c659-813a-5a36-8fb6-3f0f74e37c40,Nick Woltemade,FWD,ST,1,66.0,0.2434356080556703,15.699596962605204,0.0,UNKNOWN,UNKNOWN,1.0,0.7565643919443297,-50.3004030373948,50.3004030373948,MAP_XI_FALSE_NEGATIVE,4-2-3-1,CAM,CAM,CAM,structural,False,0.0,50.300403037394794
30c97f8c-6a92-5b8d-9bc1-bf166aff4f6a,33,11,leeds-united,3b36fb97-62ec-53b8-882c-bd6a01550f8c,Tanaka Ao,MID,RCM,1,88.0,0.4369944223448275,37.89914329974163,1.0,RCM,3-5-2,1.0,0.5630055776551726,-50.10085670025837,50.10085670025837,MINUTE_ERROR_45PLUS,3-4-2-1,LCM,LCM,LCM,structural,False,0.0,50.10085670025837
0d6a442b-e1f2-53f3-a9a8-0b75c19465d8,38,1,arsenal,985b9a31-a1a8-56e4-8ff5-61888deeb760,Piero Hincapié,DEF,LB,1,90.0,0.3993742634675946,39.90223586312826,0.0,UNKNOWN,UNKNOWN,1.0,0.6006257365324055,-50.09776413687174,50.09776413687174,MAP_XI_FALSE_NEGATIVE,4-2-3-1,LCB,LCB,LCB,structural,False,0.0,50.09776413687174
506fe9f4-c4a7-57b8-9b66-23314b429f92,24,17,sunderland,2e06beff-d060-52c5-b090-ef85e142bc03,Trai Hume,DEF,RB,1,90.0,0.668190535265553,39.97904336536476,1.0,RW,4-4-2,1.0,0.33180946473444695,-50.02095663463524,50.02095663463524,MINUTE_ERROR_45PLUS,5-4-1,RWB,RWB,RCB,structural,True,0.0,50.02095663463524
4e3797d6-a1bb-50e5-9754-8c9a138c6c48,29,20,wolverhampton-wanderers,15d02b2c-303d-5403-b3ee-c1bb398578ae,Angel Gomes,MID,RCM,1,59.0,0.1174605537994995,9.032383218406196,0.0,UNKNOWN,UNKNOWN,1.0,0.8825394462005005,-49.96761678159381,49.96761678159381,LOW_PSTART_STARTED,3-5-1-1,CAM,CAM,LCM,structural,True,0.0,49.967616781593804
318ad40d-b456-558d-bca7-c9fa1aed3f94,29,16,nottingham-forest,77dbedf3-49eb-53ec-8cc5-c1d344c47ca2,Neco Williams,DEF,LB,1,89.0,0.6586512844825005,39.039668840902976,1.0,LB,4-2-3-1,1.0,0.34134871551749946,-49.960331159097024,49.960331159097024,MINUTE_ERROR_45PLUS,5-3-2,LWB,LWB,LWB,structural,False,0.0,49.960331159097024
54675f42-95ba-5491-a3fd-06557d576830,31,12,liverpool,e1be452d-eabb-5030-8f89-d3b48d85fedb,Florian Wirtz,MID,CAM,1,90.0,0.6336723988137807,40.18655408479749,1.0,CAM,4-2-3-1,1.0,0.3663276011862193,-49.81344591520251,49.81344591520251,MINUTE_ERROR_45PLUS,4-3-1-2,LCM,LCM,CAM,structural,True,0.0,49.81344591520251
dfe891e4-ce71-5e78-94ea-cee9d70885e6,36,3,burnley,9d1de056-bbbd-54d4-a192-06c57ccb0fd6,Hannibal Mejbri,MID,LCM,1,68.0,0.4862332500628032,18.234081965517326,0.0,UNKNOWN,UNKNOWN,1.0,0.5137667499371967,-49.765918034482674,49.765918034482674,MAP_XI_FALSE_NEGATIVE,4-2-3-1,CAM,CAM,CAM,structural,False,0.0,49.765918034482674
318ad40d-b456-558d-bca7-c9fa1aed3f94,29,16,nottingham-forest,a2afe8eb-9890-541f-9258-8202cd512f1f,Nicolás Domínguez,MID,LAM,1,63.0,0.1735288481273264,13.253754290130765,0.0,UNKNOWN,UNKNOWN,1.0,0.8264711518726736,-49.74624570986924,49.74624570986924,LOW_PSTART_STARTED,5-3-2,RCM,RCM,RCM,structural,False,0.0,49.746245709869235
10d060ee-1672-5636-98a1-8b9e8f3f850d,29,17,sunderland,a213c4ca-4778-5981-91eb-7708f7294de0,Nilson Angulo,MID,LAM,1,87.0,0.3843726632312874,37.50622579041453,0.0,UNKNOWN,UNKNOWN,1.0,0.6156273367687126,-49.49377420958547,49.49377420958547,MAP_XI_FALSE_NEGATIVE,4-2-3-1,RAM,RAM,RAM,structural,False,0.0,49.49377420958547
d123315a-55ef-56e3-b21e-2aa9ff130593,23,1,arsenal,985b9a31-a1a8-56e4-8ff5-61888deeb760,Piero Hincapié,DEF,LCB,1,57.0,0.1071402554674603,7.530445453231239,1.0,LB,4-3-3,1.0,0.8928597445325397,-49.46955454676876,49.46955454676876,LOW_PSTART_STARTED,4-3-3,LB,LB,LB,structural,False,0.0,49.46955454676876
94ee8d5f-04da-5a31-92b9-3e1fbea7f464,27,20,wolverhampton-wanderers,ebd46261-67a5-56cc-9b55-02bde7f16bba,Jean-Ricner Bellegarde,MID,RAM,1,86.0,0.3618143488393276,36.91089741843904,0.0,UNKNOWN,UNKNOWN,1.0,0.6381856511606724,-49.08910258156096,49.08910258156096,MAP_XI_FALSE_NEGATIVE,3-4-2-1,RCM,RCM,RCM,structural,False,0.0,49.08910258156096
798085e6-30c4-5023-9459-9ecd515df77f,26,4,afc-bournemouth,9b794fd2-1f1b-52a8-bb5e-459a0ac2702e,Alex Tóth,MID,UNKNOWN,1,57.0,0.0468373509203423,7.956668747116073,0.0,UNKNOWN,UNKNOWN,1.0,0.9531626490796576,-49.04333125288393,49.04333125288393,LOW_PSTART_STARTED,4-2-3-1,CAM,CAM,CAM,structural,False,0.0,49.04333125288393
e793b103-c5db-5d62-9227-c3f3b84c30aa,26,19,west-ham-united,a0539466-bf5c-5202-baf7-336484f9a7c3,Freddie Potts,MID,CM,1,79.0,0.3806511158026613,29.966842737462294,0.0,UNKNOWN,UNKNOWN,1.0,0.6193488841973387,-49.033157262537706,49.033157262537706,MAP_XI_FALSE_NEGATIVE,4-2-3-1,LDM,LDM,LDM,structural,False,0.0,49.033157262537706
25988556-93c6-5dfd-b380-96f4dd98805b,36,13,manchester-city,138e28b4-ff6e-5598-bbd5-0b255b509b73,Tijjani Reijnders,MID,RCM,1,59.0,0.1418799776242765,9.99557792751166,0.0,UNKNOWN,UNKNOWN,1.0,0.8581200223757235,-49.00442207248834,49.00442207248834,LOW_PSTART_STARTED,4-2-3-1,RDM,RDM,RDM,structural,False,0.0,49.00442207248834
006f69f1-9b0e-551d-bed7-448d3b640101,22,13,manchester-city,66ce5aaa-c0e9-5462-8a78-fae312616872,Antoine Semenyo,MID,UNKNOWN,1,90.0,0.4526528833890069,41.16202614016773,0.0,UNKNOWN,UNKNOWN,1.0,0.5473471166109931,-48.83797385983227,48.83797385983227,MAP_XI_FALSE_NEGATIVE,4-1-4-1,RW,RW,RW,structural,False,0.0,48.83797385983227
b301f28c-fc51-5c77-a542-a88c0f632cb3,38,4,afc-bournemouth,9b794fd2-1f1b-52a8-bb5e-459a0ac2702e,Alex Tóth,MID,CAM,1,56.0,0.0844643064529872,7.646365372868253,0.0,UNKNOWN,UNKNOWN,1.0,0.9155356935470128,-48.35363462713175,48.35363462713175,LOW_PSTART_STARTED,4-2-3-1,RDM,RDM,RDM,structural,False,0.0,48.35363462713175
99445e05-228b-5b5b-b1fd-ade1bcefe99a,33,18,tottenham-hotspur,44d564d8-1d6f-5d92-906d-972644650a55,Yves Bissouma,MID,CM,1,56.0,0.0572265811657659,7.646837232535567,0.0,UNKNOWN,UNKNOWN,1.0,0.942773418834234,-48.35316276746443,48.35316276746443,LOW_PSTART_STARTED,4-3-3,LCM,LCM,LCM,structural,False,0.0,48.35316276746443
6b1ba362-3ee7-5a51-8722-835e7613942b,32,13,manchester-city,dfca7131-f158-5eea-ba5e-b71b5a3655b2,Jérémy Doku,MID,LW,1,75.0,0.2348304843116576,26.748406307560632,1.0,LW,4-4-2,1.0,0.7651695156883425,-48.25159369243937,48.25159369243937,MINUTE_ERROR_45PLUS,4-2-3-1,LAM,LAM,LAM,structural,False,0.0,48.25159369243937
1ce6ee26-3057-5ae0-a140-416d1bd98ae2,35,8,crystal-palace,e0417b35-b1b1-5957-8ee5-7996c5db5cb0,Brennan Johnson,MID,LAM,1,90.0,0.5724806740910582,41.839070908426685,0.0,UNKNOWN,UNKNOWN,1.0,0.4275193259089418,-48.16092909157332,48.16092909157332,MAP_XI_FALSE_NEGATIVE,3-4-3,RW,RW,ST,structural,True,0.0,48.160929091573315
9403bea8-f4be-5480-8cc6-7a1e94097a3f,23,18,tottenham-hotspur,44d564d8-1d6f-5d92-906d-972644650a55,Yves Bissouma,MID,UNKNOWN,1,77.0,0.2762224785685325,28.892399618863827,0.0,UNKNOWN,UNKNOWN,1.0,0.7237775214314675,-48.10760038113617,48.10760038113617,MAP_XI_FALSE_NEGATIVE,3-4-2-1,LCM,LCM,LWB,structural,True,0.0,48.10760038113617
7313aaff-81b0-56c8-87cc-36234384a14a,31,17,sunderland,98e68e85-52f1-5832-b572-18ffcbfa3d40,Luke O'Nien,DEF,RB,1,90.0,0.3840828647673316,42.29384986372187,0.0,UNKNOWN,UNKNOWN,1.0,0.6159171352326684,-47.70615013627813,47.70615013627813,MAP_XI_FALSE_NEGATIVE,4-1-4-1,RCB,RCB,RCB,structural,False,0.0,47.70615013627813
dfe891e4-ce71-5e78-94ea-cee9d70885e6,36,3,burnley,93153394-38ee-5f40-9adb-90f4f3307e4e,Lucas Pires Silva,DEF,LWB,1,90.0,0.4122691887290822,42.415942712670365,1.0,LWB,3-4-3,1.0,0.5877308112709179,-47.58405728732964,47.58405728732964,MINUTE_ERROR_45PLUS,4-2-3-1,LB,LB,LB,structural,False,0.0,47.584057287329635
82942d44-0127-5fda-9351-a16d844fb795,35,2,aston-villa,c462a624-2653-5229-87c5-bd5b685f0e3c,Lamare Bogarde,DEF,RB,1,90.0,0.5366029738704349,42.541132804523976,0.0,UNKNOWN,UNKNOWN,1.0,0.4633970261295651,-47.45886719547602,47.45886719547602,MAP_XI_FALSE_NEGATIVE,4-2-3-1,RDM,RDM,RDM,structural,False,0.0,47.458867195476024
ca09b971-bf08-55a8-9cf4-b93f3c0604e1,36,18,tottenham-hotspur,3a736c36-502e-5f12-a3a0-3a915cdfdf76,Randal Kolo Muani,FWD,ST,1,90.0,0.594206773892786,42.995675649438326,1.0,RAM,4-2-3-1,1.0,0.405793226107214,-47.00432435056168,47.00432435056168,MINUTE_ERROR_45PLUS,4-2-3-1,RAM,RAM,RAM,structural,False,0.0,47.004324350561674
092fe1c5-46c7-5bc7-a34b-822cf838d6ab,36,13,manchester-city,f717009d-d433-5fa0-9cf5-1e081478a8f1,Phil Foden,MID,LCM,1,81.0,0.3545848365016451,34.06098501524134,0.0,UNKNOWN,UNKNOWN,1.0,0.6454151634983549,-46.93901498475866,46.93901498475866,MAP_XI_FALSE_NEGATIVE,4-2-2-2,RDM,RDM,RDM,structural,False,0.0,46.93901498475866
1d93b2bc-9b09-5ae2-aa5b-82d56694fa9c,22,19,west-ham-united,ad87488c-769c-5325-bce6-63daff9b32a3,Pablo Felipe Pereira de Jesus,FWD,UNKNOWN,1,78.0,0.3075081149867428,31.191420063685392,0.0,UNKNOWN,UNKNOWN,1.0,0.6924918850132572,-46.80857993631461,46.80857993631461,MAP_XI_FALSE_NEGATIVE,4-4-1-1,CAM,CAM,LCM,structural,True,0.0,46.80857993631461
457d30c3-d5ec-5fbc-9e3e-b071192ded0c,30,1,arsenal,70c234df-f148-59b3-b1f9-6d390e9cf562,Noni Madueke,MID,RW,1,60.0,0.1740478693357725,13.460972821516227,0.0,UNKNOWN,UNKNOWN,1.0,0.8259521306642275,-46.53902717848377,46.53902717848377,LOW_PSTART_STARTED,4-2-3-1,LAM,LAM,LAM,structural,False,0.0,46.53902717848377
3b0bba38-af04-5460-b39f-e5c32eaf27ff,36,15,newcastle-united,a5e7c659-813a-5a36-8fb6-3f0f74e37c40,Nick Woltemade,FWD,ST,1,60.0,0.1072602831788268,13.645416855130945,0.0,UNKNOWN,UNKNOWN,1.0,0.8927397168211733,-46.35458314486905,46.35458314486905,LOW_PSTART_STARTED,4-2-3-1,CAM,CAM,CAM,structural,False,0.0,46.35458314486905
94338b30-8c36-517f-8821-7e38666f86c7,27,14,manchester-united,85474434-c2d2-5904-bdbc-d8e7b1e46db0,Harry Maguire,DEF,RCB,1,90.0,0.6242871546623401,43.84771511445644,1.0,RCB,4-2-3-1,1.0,0.3757128453376599,-46.15228488554356,46.15228488554356,MINUTE_ERROR_45PLUS,4-2-3-1,LCB,LCB,LCB,structural,False,0.0,46.15228488554356
dfe891e4-ce71-5e78-94ea-cee9d70885e6,36,3,burnley,c59d2c13-36a9-56b4-b9fc-1462e5df19fc,Florentino Ibrain Morris Luís,MID,LCM,1,86.0,0.374654714289352,40.04721938437779,1.0,LCM,3-4-3,1.0,0.6253452857106481,-45.95278061562221,45.95278061562221,MINUTE_ERROR_45PLUS,4-2-3-1,RDM,RDM,RDM,structural,False,0.0,45.95278061562221
87451d9e-587c-5a4c-96ac-324aa773296b,25,1,arsenal,ef53aa3a-f5fe-5a12-9743-66a2adc7f069,Kai Havertz,FWD,CAM,1,66.0,0.330721475449775,20.210464248257303,0.0,UNKNOWN,UNKNOWN,1.0,0.6692785245502251,-45.78953575174269,45.78953575174269,MAP_XI_FALSE_NEGATIVE,4-3-3,RCM,RCM,CM,structural,True,0.0,45.7895357517427
9d7e2609-879a-5940-b916-fce719c34570,32,11,leeds-united,8e67ff00-ad19-5384-8c44-acf0faf97249,Noah Okafor,MID,ST,1,73.0,0.2713518900172252,27.33437997177761,0.0,UNKNOWN,UNKNOWN,1.0,0.7286481099827748,-45.66562002822239,45.66562002822239,MAP_XI_FALSE_NEGATIVE,3-4-1-2,UNOBSERVED_BENCH,,,,,0.0,45.66562002822239
dcb932a5-b690-59b8-8026-5a592284f9a8,38,17,sunderland,2e06beff-d060-52c5-b090-ef85e142bc03,Trai Hume,DEF,LB,1,90.0,0.585002559485722,45.01853114405537,1.0,RAM,4-2-3-1,1.0,0.414997440514278,-44.98146885594463,44.98146885594463,MINUTE_ERROR_30PLUS,4-2-3-1,RAM,RAM,RAM,structural,False,0.0,44.98146885594463
9bd2ffae-fc89-5d81-90f1-964fb8e98ceb,38,11,leeds-united,c550c5c9-6be9-5d60-a724-ed8b1d333548,Brenden Aaronson,MID,ST,1,90.0,0.6600991817405154,45.02861723459717,0.0,UNKNOWN,UNKNOWN,1.0,0.3399008182594846,-44.97138276540283,44.97138276540283,MAP_XI_FALSE_NEGATIVE,3-5-2,RCM,RCM,RCM,structural,False,0.0,44.97138276540283
7d478ee4-036e-5700-9dcd-a71ec1f2326a,27,6,brighton-hove-albion,a5750705-f098-5007-84b9-214a2063f4c8,James Milner,MID,LDM,1,89.0,0.3758778130604174,44.40683585848903,0.0,UNKNOWN,UNKNOWN,1.0,0.6241221869395825,-44.59316414151097,44.59316414151097,MAP_XI_FALSE_NEGATIVE,4-3-3,CM,CM,CM,structural,False,0.0,44.59316414151097
17a9d946-6355-53b8-baf6-c49011bd1d69,30,8,crystal-palace,e0417b35-b1b1-5957-8ee5-7996c5db5cb0,Brennan Johnson,MID,LAM,1,79.0,0.396415634554823,34.470923639487054,0.0,UNKNOWN,UNKNOWN,1.0,0.603584365445177,-44.52907636051295,44.52907636051295,MAP_XI_FALSE_NEGATIVE,3-4-2-1,RWB,RWB,RAM,structural,True,0.0,44.529076360512946
a32f57c7-b17f-5880-9c2f-5b6dca9ce31f,36,10,fulham,a9c228ea-04e0-5861-b004-a8719101c698,Tom Cairney,MID,LCM,1,75.0,0.2787067437272086,30.51441260327209,0.0,UNKNOWN,UNKNOWN,1.0,0.7212932562727914,-44.48558739672791,44.48558739672791,MAP_XI_FALSE_NEGATIVE,4-2-3-1,LDM,LDM,RDM,structural,True,0.0,44.48558739672791
8b19f294-8fed-5a60-8498-f5c9c1b8d138,24,15,newcastle-united,8385a2b5-f514-5b12-aa58-82c05b0c3586,Jacob Ramsey,MID,LCM,1,90.0,0.5058040716171059,45.61222271825344,0.0,UNKNOWN,UNKNOWN,1.0,0.49419592838289406,-44.387777281746565,44.387777281746565,MAP_XI_FALSE_NEGATIVE,4-3-3,RCM,RCM,RCM,structural,False,0.0,44.38777728174656
498f1104-1511-5cef-8345-ce9c66768ec7,37,13,manchester-city,52ef863c-3a3d-510c-ac26-a4176d6b98ff,Mateo Kovacic,MID,UNKNOWN,1,55.0,0.0561920799137779,10.612484508953557,0.0,UNKNOWN,UNKNOWN,1.0,0.943807920086222,-44.38751549104644,44.38751549104644,LOW_PSTART_STARTED,4-1-4-1,LCM,LCM,DM,structural,True,0.0,44.38751549104644
1d93b2bc-9b09-5ae2-aa5b-82d56694fa9c,22,18,tottenham-hotspur,658b9548-4dbd-5b98-890b-0bb35c8a5625,Wilson Odobert,MID,LAM,1,89.0,0.4873274408945315,44.75347956162744,0.0,UNKNOWN,UNKNOWN,1.0,0.5126725591054685,-44.24652043837256,44.24652043837256,MAP_XI_FALSE_NEGATIVE,4-2-3-1,RAM,RAM,RAM,structural,False,0.0,44.24652043837256
1f5f3541-628d-5710-ae0c-dc82c8ae86d8,24,8,crystal-palace,a5346cce-0d2c-5baf-97da-d70579ec7aa9,Chadi Riad Dnanou,DEF,UNKNOWN,1,60.0,0.1520646452097252,15.79458109811224,0.0,UNKNOWN,UNKNOWN,1.0,0.8479353547902748,-44.20541890188776,44.20541890188776,LOW_PSTART_STARTED,3-4-2-1,LCB,LCB,LCB,structural,False,0.0,44.20541890188776
dec351fa-176e-54ff-a391-5e41f9eeee09,37,10,fulham,ef856b2c-4200-58fa-8d76-23913677f5ba,Oscar Bobb,MID,LAM,1,78.0,0.4500375025432886,33.923797332095646,0.0,UNKNOWN,UNKNOWN,1.0,0.5499624974567114,-44.076202667904354,44.076202667904354,MAP_XI_FALSE_NEGATIVE,4-2-3-1,RAM,RAM,RAM,structural,False,0.0,44.076202667904354
95efeb72-d689-58fb-a022-ffad47516d80,35,7,chelsea,33ac99dd-6169-5c59-bc88-cc17620c7707,Jesse Derry,MID,UNKNOWN,1,45.0,0.0127766700561571,1.052740605575177,0.0,UNKNOWN,UNKNOWN,1.0,0.9872233299438429,-43.947259394424826,43.947259394424826,LOW_PSTART_STARTED,4-2-3-1,LAM,LAM,LAM,structural,False,0.0,43.947259394424826
16495e99-1e75-5b2f-a337-1dfde9ddfe08,33,7,chelsea,f8666db2-925c-5357-81ba-263e71b165b3,Roméo Lavia,MID,RDM,1,72.0,0.3261615683962895,28.07680197754297,0.0,UNKNOWN,UNKNOWN,1.0,0.6738384316037105,-43.92319802245703,43.92319802245703,MAP_XI_FALSE_NEGATIVE,4-4-1-1,RCM,RCM,RCM,structural,False,0.0,43.92319802245703
e0ceee79-211e-5422-8a48-170a59ad8497,36,19,west-ham-united,35ad91b8-a753-5dab-beac-21a352e5cb13,Aaron Wan-Bissaka,DEF,RB,1,90.0,0.498976817888063,46.13188614591068,0.0,UNKNOWN,UNKNOWN,1.0,0.5010231821119371,-43.86811385408932,43.86811385408932,MAP_XI_FALSE_NEGATIVE,3-4-2-1,RWB,RWB,RWB,structural,False,0.0,43.86811385408932
b18a9593-998b-5025-9442-b11f2c52f46c,33,3,burnley,b7ff49f3-d1e0-5e63-b004-29bee7a1f2ea,Kyle Walker,DEF,RWB,1,90.0,0.4638006730051781,46.29874951448664,1.0,RWB,3-4-2-1,1.0,0.536199326994822,-43.70125048551336,43.70125048551336,MINUTE_ERROR_30PLUS,4-2-3-1,RB,RB,RB,structural,False,0.0,43.70125048551336
09eed520-5d17-51e8-8b91-f6b3a3579507,31,11,leeds-united,c550c5c9-6be9-5d60-a724-ed8b1d333548,Brenden Aaronson,MID,LW,1,68.0,0.4124862935623667,24.424324606983877,0.0,UNKNOWN,UNKNOWN,1.0,0.5875137064376332,-43.57567539301613,43.57567539301613,MAP_XI_FALSE_NEGATIVE,3-4-1-2,CAM,CAM,RWB,structural,True,0.0,43.57567539301613
798085e6-30c4-5023-9459-9ecd515df77f,26,9,everton,3c785544-9ef9-55d3-b726-bcbf136d1d05,Tyrique George,MID,UNKNOWN,1,61.0,0.1498989480135624,17.485596327194255,0.0,UNKNOWN,UNKNOWN,1.0,0.8501010519864376,-43.51440367280574,43.51440367280574,LOW_PSTART_STARTED,4-2-3-1,LAM,LAM,LAM,structural,False,0.0,43.51440367280574
0d6a442b-e1f2-53f3-a9a8-0b75c19465d8,38,1,arsenal,47160bb8-b2e7-5eb8-8ca4-64757268e9ba,Christian Nørgaard,MID,UNKNOWN,1,45.0,0.0147105715290285,1.6418146162977614,0.0,UNKNOWN,UNKNOWN,1.0,0.9852894284709715,-43.35818538370224,43.35818538370224,LOW_PSTART_STARTED,4-2-3-1,RDM,RDM,RDM,structural,False,0.0,43.358185383702235
e07812fd-53bd-5cff-a85b-94bea63806fe,30,5,brentford,d3c7337d-334b-58de-b6a2-e7e1ce9a18ea,Jordan Henderson,MID,RDM,1,90.0,0.6954722771262298,46.88060390737081,1.0,RDM,4-2-3-1,1.0,0.30452772287377017,-43.11939609262919,43.11939609262919,MINUTE_ERROR_30PLUS,4-1-4-1,DM,DM,DM,structural,False,0.0,43.11939609262919
b4ec0cde-d0bf-5e52-a05a-625335240554,37,15,newcastle-united,a5e7c659-813a-5a36-8fb6-3f0f74e37c40,Nick Woltemade,FWD,ST,1,74.0,0.4424994951879853,30.928375154227343,0.0,UNKNOWN,UNKNOWN,1.0,0.5575005048120147,-43.071624845772654,43.071624845772654,MAP_XI_FALSE_NEGATIVE,4-2-3-1,CAM,CAM,CAM,structural,False,0.0,43.07162484577266
c843cd2e-5dfa-5148-ae4c-944a685f95dc,26,15,newcastle-united,7d97f99a-8163-5c05-a74a-5dd9794bd812,Dan Burn,DEF,LCB,1,90.0,0.4973332595733207,47.00789194880033,0.0,UNKNOWN,UNKNOWN,1.0,0.5026667404266794,-42.99210805119967,42.99210805119967,MAP_XI_FALSE_NEGATIVE,4-3-3,LB,LB,LB,structural,False,0.0,42.99210805119967
e1b64232-1ee4-522c-b106-e651d9eba4ea,38,2,aston-villa,958d771e-00a9-59f9-a094-b799d8712588,Andrés García,DEF,UNKNOWN,1,45.0,0.0231879882906142,2.135896182523344,0.0,UNKNOWN,UNKNOWN,1.0,0.9768120117093858,-42.86410381747665,42.86410381747665,LOW_PSTART_STARTED,4-2-3-1,RB,RB,RB,structural,False,0.0,42.86410381747665
7729aaf4-dd5e-5f38-a0a4-430fccf34c7c,30,17,sunderland,66bc60f5-fa76-5fa0-a7ca-b9f126393376,Granit Xhaka,MID,RDM,1,90.0,0.5083686421199487,47.71163891254928,1.0,RDM,4-2-3-1,1.0,0.4916313578800513,-42.28836108745072,42.28836108745072,MINUTE_ERROR_30PLUS,4-1-4-1,DM,DM,DM,structural,False,0.0,42.28836108745072
31402e57-7c34-5b2c-8688-d29a2831522e,37,16,nottingham-forest,a2afe8eb-9890-541f-9258-8202cd512f1f,Nicolás Domínguez,MID,LAM,1,69.0,0.2810804684594861,26.831634525619084,0.0,UNKNOWN,UNKNOWN,1.0,0.7189195315405139,-42.16836547438092,42.16836547438092,MAP_XI_FALSE_NEGATIVE,4-4-2,RCM,RCM,LCM,structural,True,0.0,42.16836547438092
8b19f294-8fed-5a60-8498-f5c9c1b8d138,24,15,newcastle-united,49545ac1-d9f9-5a0a-b1f5-5bbeeb1bb7f6,Anthony Gordon,MID,LW,1,90.0,0.7349976499424604,47.83427561504134,1.0,LW,4-3-3,1.0,0.2650023500575396,-42.16572438495866,42.16572438495866,MINUTE_ERROR_30PLUS,4-3-3,ST,ST,ST,structural,False,0.0,42.16572438495866
3b0bba38-af04-5460-b39f-e5c32eaf27ff,36,16,nottingham-forest,c708e3fc-c1ec-575e-9376-9578775d41dc,Igor Jesus Maciel da Cruz,FWD,ST,1,82.0,0.5019544757308707,39.88433589231772,1.0,ST,4-2-3-1,1.0,0.4980455242691293,-42.115664107682285,42.115664107682285,MINUTE_ERROR_30PLUS,3-4-2-1,LAM,LAM,LAM,structural,False,0.0,42.11566410768228
03ba7107-f9dd-5a5e-8bcd-9aa4919ff36d,22,2,aston-villa,c462a624-2653-5229-87c5-bd5b685f0e3c,Lamare Bogarde,DEF,RB,1,72.0,0.25530745738404,29.96118362908205,0.0,UNKNOWN,UNKNOWN,1.0,0.7446925426159601,-42.03881637091795,42.03881637091795,MAP_XI_FALSE_NEGATIVE,4-2-3-1,RDM,RDM,RDM,structural,False,0.0,42.03881637091795
c24850ac-b48a-5ac5-91e3-bc422c2e52a4,27,1,arsenal,4c3f279c-cb21-57c6-9d58-3decef97625e,Bukayo Saka,MID,RW,1,90.0,0.602803753724209,48.02101163767745,1.0,RW,4-3-3,1.0,0.397196246275791,-41.97898836232255,41.97898836232255,MINUTE_ERROR_30PLUS,4-2-3-1,RAM,RAM,RAM,structural,False,0.0,41.97898836232255
82942d44-0127-5fda-9351-a16d844fb795,35,18,tottenham-hotspur,3a736c36-502e-5f12-a3a0-3a915cdfdf76,Randal Kolo Muani,FWD,ST,1,66.0,0.337281298301165,24.157354578681502,1.0,RW,4-4-2,1.0,0.662718701698835,-41.842645421318494,41.842645421318494,MINUTE_ERROR_30PLUS,4-2-3-1,RAM,RAM,RAM,structural,False,0.0,41.842645421318494
e0ceee79-211e-5422-8a48-170a59ad8497,36,1,arsenal,a8d1cfeb-4f1e-53fc-a90a-4610ccf746c6,Declan Rice,MID,LCM,1,90.0,0.7209687921755172,48.22458274568447,1.0,LDM,4-2-3-1,1.0,0.27903120782448276,-41.775417254315535,41.775417254315535,MINUTE_ERROR_30PLUS,4-2-3-1,RDM,RDM,RDM,structural,False,0.0,41.77541725431553
b18a9593-998b-5025-9442-b11f2c52f46c,33,16,nottingham-forest,b741dff8-c470-5246-a88a-18fd87c23462,Dilane Bakwa,MID,LW,1,45.0,0.0325024845138006,3.374689749922732,0.0,UNKNOWN,UNKNOWN,1.0,0.9674975154861994,-41.62531025007727,41.62531025007727,LOW_PSTART_STARTED,4-2-3-1,RAM,RAM,RAM,structural,False,0.0,41.62531025007727
9403bea8-f4be-5480-8cc6-7a1e94097a3f,23,18,tottenham-hotspur,d4c29433-6018-52a2-83a9-429997023fab,Pedro Porro,DEF,RB,1,45.0,0.9493159401076336,86.37571499171955,1.0,RB,4-2-3-1,1.0,0.05068405989236635,41.37571499171955,41.37571499171955,MINUTE_ERROR_30PLUS,3-4-2-1,RWB,RWB,RWB,structural,False,0.0,41.37571499171955
0b043207-694b-5497-889e-86b53e170e1a,38,18,tottenham-hotspur,2eec990a-7277-5fb6-b8c8-10423fefbb47,Djed Spence,DEF,LB,1,90.0,0.4510605878276781,48.74555495677887,0.0,UNKNOWN,UNKNOWN,1.0,0.5489394121723219,-41.25444504322113,41.25444504322113,MAP_XI_FALSE_NEGATIVE,4-2-3-1,RAM,RAM,RAM,structural,False,0.0,41.25444504322113
5c86a947-9f04-5f6a-8730-ff79513f254e,35,15,newcastle-united,50df4a11-59ff-5eba-85dd-aaca25ba3cd2,Bruno Guimarães Rodriguez Moura,MID,RCM,1,90.0,0.6021052247486988,48.765634848849984,1.0,RCM,4-3-3,1.0,0.39789477525130124,-41.234365151150016,41.234365151150016,MINUTE_ERROR_30PLUS,4-2-3-1,RDM,RDM,CAM,structural,True,0.0,41.234365151150016
0e68800a-19f1-5423-a940-7747c367f85b,27,13,manchester-city,70198e6a-5cf9-5344-a2c0-f1b71dfeeb5f,Bernardo Veiga de Carvalho e Silva,MID,RCM,1,90.0,0.6592043999686246,48.85028917903216,1.0,RCM,4-4-2,1.0,0.34079560003137543,-41.14971082096784,41.14971082096784,MINUTE_ERROR_30PLUS,4-1-3-2,CAM,CAM,CAM,structural,False,0.0,41.14971082096784
5e1fcbbc-fc52-5596-a3cd-5663e323f785,33,10,fulham,aa82079f-0382-5b01-bb3b-9224650f408b,Sasa Lukic,MID,RDM,1,90.0,0.644684757159318,48.903027089687,0.0,UNKNOWN,UNKNOWN,1.0,0.35531524284068206,-41.096972910313,41.096972910313,MAP_XI_FALSE_NEGATIVE,4-2-3-1,UNOBSERVED_BENCH,,,,,0.0,41.096972910313
7771779b-354a-5626-9f0f-129de4d443ba,24,1,arsenal,985b9a31-a1a8-56e4-8ff5-61888deeb760,Piero Hincapié,DEF,LCB,1,74.0,0.5651232498213109,32.91779294053239,1.0,LB,4-3-3,1.0,0.4348767501786891,-41.08220705946761,41.08220705946761,MINUTE_ERROR_30PLUS,4-2-3-1,LB,LB,LB,structural,False,0.0,41.08220705946761
f2500cd6-3213-514b-bc50-11600f2a02df,24,18,tottenham-hotspur,b29e3c1f-f8e8-5b6a-a5de-fbd51d039e55,Cristian Romero,DEF,RCB,1,45.0,0.9532957293472656,86.0696980642399,1.0,RCB,4-2-3-1,1.0,0.046704270652734414,41.0696980642399,41.0696980642399,MINUTE_ERROR_30PLUS,3-4-2-1,CB,CB,CB,structural,False,0.0,41.0696980642399
506fe9f4-c4a7-57b8-9b66-23314b429f92,24,17,sunderland,627a9a22-f6d8-553e-9594-316391089ebc,Habib Diarra,MID,RCM,1,79.0,0.3330232237861156,38.14165185287322,0.0,UNKNOWN,UNKNOWN,1.0,0.6669767762138844,-40.858348147126776,40.858348147126776,MAP_XI_FALSE_NEGATIVE,5-4-1,RW,RW,RW,structural,False,0.0,40.85834814712678
1c02d8a1-3fe4-50a6-a833-13460c80973f,34,18,tottenham-hotspur,44d564d8-1d6f-5d92-906d-972644650a55,Yves Bissouma,MID,LCM,1,61.0,0.270082448722602,20.355719812636345,0.0,UNKNOWN,UNKNOWN,1.0,0.729917551277398,-40.644280187363655,40.644280187363655,MAP_XI_FALSE_NEGATIVE,4-2-3-1,LDM,LDM,LDM,structural,False,0.0,40.644280187363655
5766fb4a-8b72-52a7-9737-b231937d4d3c,30,18,tottenham-hotspur,229e2aab-318b-5964-bc2e-1b5fcbac0a02,João Victor de Souza Menezes,DEF,LWB,1,55.0,0.2534625795692778,14.538917976344525,0.0,UNKNOWN,UNKNOWN,1.0,0.7465374204307222,-40.46108202365548,40.46108202365548,MAP_XI_FALSE_NEGATIVE,4-4-2,RW,RW,RW,structural,False,0.0,40.46108202365548
1ce47acb-bab6-57a0-b8fc-b4936d9f71f7,31,19,west-ham-united,a0539466-bf5c-5202-baf7-336484f9a7c3,Freddie Potts,MID,LDM,1,45.0,0.0378595225936015,4.633060416083126,0.0,UNKNOWN,UNKNOWN,1.0,0.9621404774063985,-40.36693958391688,40.36693958391688,LOW_PSTART_STARTED,4-3-3,CM,CM,CM,structural,False,0.0,40.366939583916874
0b043207-694b-5497-889e-86b53e170e1a,38,18,tottenham-hotspur,8e00491e-df3c-59d8-8196-500825daf087,João Palhinha Gonçalves,MID,RDM,1,90.0,0.6276621148548259,49.83726048178004,1.0,RDM,4-2-3-1,1.0,0.3723378851451741,-40.16273951821996,40.16273951821996,MINUTE_ERROR_30PLUS,4-2-3-1,LDM,LDM,RDM,structural,True,0.0,40.16273951821996
3a30f4e1-3142-58d9-9e6c-52cb2fb9f8b8,27,12,liverpool,69b2f335-365b-5201-b36b-babf799e628a,Curtis Jones,MID,LDM,1,82.0,0.388876315755258,42.04038066106155,0.0,UNKNOWN,UNKNOWN,1.0,0.6111236842447421,-39.95961933893845,39.95961933893845,MAP_XI_FALSE_NEGATIVE,4-2-3-1,CAM,CAM,RDM,structural,True,0.0,39.95961933893845
f5b8d4db-d7b4-5da2-a157-94fd8af41961,25,20,wolverhampton-wanderers,1af989ce-689b-54c9-b0af-f7cc033bb301,Matt Doherty,DEF,RCB,1,45.0,0.0575349102361668,5.0663249674803215,0.0,UNKNOWN,UNKNOWN,1.0,0.9424650897638331,-39.93367503251968,39.93367503251968,LOW_PSTART_STARTED,4-2-3-1,RB,RB,RB,structural,False,0.0,39.93367503251968
5556a528-cdc7-5a14-8fd1-7f9b7820b711,32,3,burnley,4156c194-ad00-5d9c-aa4d-5f67c7deba01,James Ward-Prowse,MID,LDM,1,90.0,0.517080368437623,50.07781926459222,0.0,UNKNOWN,UNKNOWN,1.0,0.48291963156237705,-39.92218073540778,39.92218073540778,MAP_XI_FALSE_NEGATIVE,4-2-3-1,RDM,RDM,LDM,structural,True,0.0,39.92218073540778
7771779b-354a-5626-9f0f-129de4d443ba,24,1,arsenal,7844404e-dd2c-5f68-9390-675ab60be346,Martín Zubimendi Ibáñez,MID,CM,1,90.0,0.5769872644844287,50.11384058973528,1.0,CM,4-3-3,1.0,0.4230127355155713,-39.886159410264725,39.886159410264725,MINUTE_ERROR_30PLUS,4-2-3-1,RDM,RDM,RDM,structural,False,0.0,39.88615941026472
09eed520-5d17-51e8-8b91-f6b3a3579507,31,5,brentford,9a8ecf00-4990-5980-88ac-7e6f3426cc04,Yegor Yarmoliuk,MID,RDM,1,90.0,0.5936535352571919,50.150340792192985,0.0,UNKNOWN,UNKNOWN,1.0,0.4063464647428081,-39.849659207807015,39.849659207807015,MAP_XI_FALSE_NEGATIVE,5-3-2,RCM,RCM,RCM,structural,False,0.0,39.849659207807015
4fe9f44c-bfba-5934-849a-d84876aa86e8,32,8,crystal-palace,4e797913-6f5e-54d0-807d-555d7ec82308,Jefferson Lerma Solís,MID,LCM,1,90.0,0.5453195568191136,50.1670379725488,0.0,UNKNOWN,UNKNOWN,1.0,0.4546804431808864,-39.8329620274512,39.8329620274512,MAP_XI_FALSE_NEGATIVE,3-4-3,RCM,RCM,LCM,structural,True,0.0,39.8329620274512
0e68800a-19f1-5423-a940-7747c367f85b,27,15,newcastle-united,8385a2b5-f514-5b12-aa58-82c05b0c3586,Jacob Ramsey,MID,LCM,1,90.0,0.6458764836704185,50.3320396952962,1.0,LCM,4-3-3,1.0,0.3541235163295815,-39.66796030470381,39.66796030470381,MINUTE_ERROR_30PLUS,4-3-3,RCM,RCM,LCM,structural,True,0.0,39.6679603047038
57b20b8b-c663-5991-a397-771f728fd27c,33,1,arsenal,b565eaae-40d9-5a94-8063-106bd85084b9,Cristhian Mosquera,DEF,RCB,1,73.0,0.3950962945404111,33.4247640932751,0.0,UNKNOWN,UNKNOWN,1.0,0.6049037054595889,-39.5752359067249,39.5752359067249,MAP_XI_FALSE_NEGATIVE,4-3-3,RB,RB,RB,structural,False,0.0,39.5752359067249
4fe9f44c-bfba-5934-849a-d84876aa86e8,32,8,crystal-palace,1e4afd94-5426-54f5-893e-eea93b538667,Yéremy Pino Santos,MID,LAM,1,75.0,0.3733319970766698,35.44660254999094,1.0,LAM,3-4-2-1,1.0,0.6266680029233302,-39.55339745000906,39.55339745000906,MINUTE_ERROR_30PLUS,3-4-3,LW,LW,LW,structural,False,0.0,39.55339745000906
7313aaff-81b0-56c8-87cc-36234384a14a,31,15,newcastle-united,133b6e37-92c1-5dc9-a4dd-a5f957768626,Joelinton Cássio Apolinário de Lira,MID,LCM,1,90.0,0.4658607477377889,50.492972576673175,1.0,LCM,4-4-2,1.0,0.534139252262211,-39.507027423326825,39.507027423326825,MINUTE_ERROR_30PLUS,4-2-3-1,RDM,RDM,RDM,structural,False,0.0,39.507027423326825
7729aaf4-dd5e-5f38-a0a4-430fccf34c7c,30,6,brighton-hove-albion,f6f6439f-07ed-5fba-988d-36a0c8ad3580,Yankuba Minteh,MID,RAM,1,75.0,0.4958352610534738,35.62348084680559,1.0,RAM,4-2-3-1,1.0,0.5041647389465262,-39.37651915319441,39.37651915319441,MINUTE_ERROR_30PLUS,4-2-3-1,LAM,LAM,LAM,structural,False,0.0,39.37651915319441
ca09b971-bf08-55a8-9cf4-b93f3c0604e1,36,18,tottenham-hotspur,27ff0ef1-a31f-5e26-bb7d-035a4248bad2,Rodrigo Bentancur,MID,RDM,1,80.0,0.5861106396508861,40.807676713037786,1.0,LDM,4-2-3-1,1.0,0.41388936034911394,-39.19232328696221,39.19232328696221,MINUTE_ERROR_30PLUS,4-2-3-1,LDM,LDM,LDM,structural,False,0.0,39.192323286962214
5766fb4a-8b72-52a7-9737-b231937d4d3c,30,12,liverpool,debd2971-955d-5acb-b321-caec89c7ad6d,Rio Ngumoha,MID,UNKNOWN,1,63.0,0.1567300104853702,23.9557350716779,0.0,UNKNOWN,UNKNOWN,1.0,0.8432699895146298,-39.0442649283221,39.0442649283221,LOW_PSTART_STARTED,4-2-3-1,LAM,LAM,LAM,structural,False,0.0,39.0442649283221
579fdcbf-5156-533a-8f5f-a9226e3d60d1,26,6,brighton-hove-albion,bec3b39e-5fff-5ae4-a7ba-ba525d5b3911,Diego Gómez,MID,CAM,1,80.0,0.4448265639420905,41.03104185202853,0.0,UNKNOWN,UNKNOWN,1.0,0.5551734360579095,-38.96895814797147,38.96895814797147,MAP_XI_FALSE_NEGATIVE,4-3-3,RW,RW,RW,structural,False,0.0,38.96895814797147
8dde84af-e5b8-502a-977d-f16249e0c5a0,26,1,arsenal,70c234df-f148-59b3-b1f9-6d390e9cf562,Noni Madueke,MID,RW,1,69.0,0.4059625809439681,30.04058236572527,1.0,RW,4-3-3,1.0,0.5940374190560319,-38.95941763427473,38.95941763427473,MINUTE_ERROR_30PLUS,4-2-3-1,RAM,RAM,RAM,structural,False,0.0,38.95941763427473
df7ba6cc-31bb-5cbf-8a2f-b79c5249f90f,26,17,sunderland,e5098785-f2ed-5b29-af5e-f569a62ab2c0,Noah Sadiki,MID,LCM,1,90.0,0.703142896472682,51.067639778412,1.0,LCM,4-4-2,1.0,0.296857103527318,-38.932360221588006,38.932360221588006,MINUTE_ERROR_30PLUS,4-2-3-1,RDM,RDM,RDM,structural,False,0.0,38.932360221588
6087d963-451a-5a7b-b016-d3853de520ea,22,10,fulham,ada8c7db-805e-5910-b00a-946e17af3218,Ryan Sessegnon,MID,LB,1,64.0,0.233679706925465,25.216968697907443,0.0,UNKNOWN,UNKNOWN,1.0,0.766320293074535,-38.78303130209255,38.78303130209255,MAP_XI_FALSE_NEGATIVE,4-2-3-1,RAM,RAM,RAM,structural,False,0.0,38.78303130209255
1c02d8a1-3fe4-50a6-a833-13460c80973f,34,20,wolverhampton-wanderers,bc4b8805-6f13-565d-a977-295468e6a0cb,Rodrigo Martins Gomes,DEF,RWB,1,70.0,0.3087401585665298,31.4984484004226,0.0,UNKNOWN,UNKNOWN,1.0,0.6912598414334702,-38.50155159957741,38.50155159957741,MAP_XI_FALSE_NEGATIVE,3-4-2-1,RAM,RAM,RAM,structural,False,0.0,38.5015515995774
1ce47acb-bab6-57a0-b8fc-b4936d9f71f7,31,2,aston-villa,3f25f3e8-deb4-5121-abaf-e0c9f890735f,John McGinn,MID,RAM,1,66.0,0.4275659500127826,27.596061860126685,1.0,RAM,4-2-3-1,1.0,0.5724340499872174,-38.40393813987332,38.40393813987332,MINUTE_ERROR_30PLUS,4-2-3-1,CAM,CAM,CAM,structural,False,0.0,38.40393813987332
b28efaf8-9f88-581f-b35a-177aca0f37a6,32,4,afc-bournemouth,c0582007-f657-5440-9f24-83c1666418bb,Junior Kroupi,FWD,CAM,1,84.0,0.4448990116046449,45.60042228973608,1.0,CAM,4-2-3-1,1.0,0.555100988395355,-38.39957771026392,38.39957771026392,MINUTE_ERROR_30PLUS,4-2-3-1,LAM,LAM,CAM,structural,True,0.0,38.39957771026392
d123315a-55ef-56e3-b21e-2aa9ff130593,23,14,manchester-united,e037fafa-e08a-50a4-8014-a43e6c2d13a4,Carlos Henrique Casimiro,MID,RCM,1,90.0,0.639933143613068,51.7464640663401,1.0,RCM,3-4-2-1,1.0,0.36006685638693203,-38.2535359336599,38.2535359336599,MINUTE_ERROR_30PLUS,4-2-3-1,RDM,RDM,RDM,structural,False,0.0,38.2535359336599
7c80f6d1-598d-5dcc-b7e4-44865b2ed593,23,6,brighton-hove-albion,bec3b39e-5fff-5ae4-a7ba-ba525d5b3911,Diego Gómez,MID,CAM,1,80.0,0.5869021757038758,41.75296961566874,0.0,UNKNOWN,UNKNOWN,1.0,0.4130978242961242,-38.24703038433126,38.24703038433126,MAP_XI_FALSE_NEGATIVE,4-3-3,RW,RW,RW,structural,False,0.0,38.24703038433126
9bd2ffae-fc89-5d81-90f1-964fb8e98ceb,38,19,west-ham-united,bafec5b4-70cd-5296-82ed-5f50f9b35506,Tomas Soucek,MID,RCM,1,90.0,0.6825776969667319,51.78968753623544,1.0,RCM,4-4-2,1.0,0.3174223030332681,-38.210312463764566,38.210312463764566,MINUTE_ERROR_30PLUS,4-2-3-1,RDM,RDM,RDM,structural,False,0.0,38.21031246376456
ebb30294-ec65-5a92-a141-2fa11e9b549c,30,19,west-ham-united,46d563a5-35c2-5766-ad22-b778921da81d,Jean-Clair Todibo,DEF,LCB,1,90.0,0.5757572053131346,51.9750079645078,0.0,UNKNOWN,UNKNOWN,1.0,0.42424279468686543,-38.0249920354922,38.0249920354922,MAP_XI_FALSE_NEGATIVE,3-4-2-1,RCB,RCB,RCB,structural,False,0.0,38.0249920354922
3670426a-a771-510e-9762-2f3db0f13f12,27,2,aston-villa,fc551cf2-132e-5dac-a9b5-aaeb090b32b5,Leon Bailey,MID,UNKNOWN,1,60.0,0.1171525069050741,22.042812681753635,0.0,UNKNOWN,UNKNOWN,1.0,0.8828474930949259,-37.95718731824637,37.95718731824637,LOW_PSTART_STARTED,4-2-3-1,RAM,RAM,RAM,structural,False,0.0,37.95718731824637
fe5e3103-d0cf-58a8-83c4-58f211edd29a,23,17,sunderland,2e06beff-d060-52c5-b090-ef85e142bc03,Trai Hume,DEF,RB,1,45.0,0.8971252231158863,82.93156027729331,1.0,RAM,4-2-3-1,1.0,0.10287477688411373,37.93156027729332,37.93156027729332,MINUTE_ERROR_30PLUS,4-4-2,RW,RW,RW,structural,False,0.0,37.931560277293315
6b1ba362-3ee7-5a51-8722-835e7613942b,32,13,manchester-city,6f380ed1-cc12-5a44-847a-217354668a1e,Rodrigo Hernandez,MID,DM,1,90.0,0.5376753386028301,52.253537282526864,0.0,UNKNOWN,UNKNOWN,1.0,0.4623246613971699,-37.746462717473136,37.746462717473136,MAP_XI_FALSE_NEGATIVE,4-2-3-1,LDM,LDM,RDM,structural,True,0.0,37.746462717473136
6a84969a-7d59-589c-94a0-d71eb1a266ff,26,20,wolverhampton-wanderers,15d02b2c-303d-5403-b3ee-c1bb398578ae,Angel Gomes,MID,LDM,1,21.0,0.69652897039013,58.68455093744219,0.0,UNKNOWN,UNKNOWN,1.0,0.30347102960987005,37.68455093744219,37.68455093744219,MAP_XI_FALSE_NEGATIVE,3-4-2-1,RCM,RCM,CB,structural,True,0.0,37.68455093744219
506fe9f4-c4a7-57b8-9b66-23314b429f92,24,17,sunderland,483fd668-a74d-5c5c-9111-a023961f914b,Chemsdine Talbi,MID,RW,1,79.0,0.4295938864365203,41.32820044666194,0.0,UNKNOWN,UNKNOWN,1.0,0.5704061135634797,-37.67179955333806,37.67179955333806,MAP_XI_FALSE_NEGATIVE,5-4-1,LW,LW,LW,structural,False,0.0,37.67179955333806
b18a9593-998b-5025-9442-b11f2c52f46c,33,16,nottingham-forest,c648214a-7d9c-5efe-aa6f-da16039cd486,Omari Hutchinson,MID,RAM,1,87.0,0.6419453762901742,49.33485898526824,1.0,RAM,4-2-3-1,1.0,0.35805462370982577,-37.66514101473176,37.66514101473176,MINUTE_ERROR_30PLUS,4-2-3-1,LAM,LAM,CAM,structural,True,0.0,37.66514101473176
728090a6-8bed-5bb5-ba22-55caa5d0f65a,37,5,brentford,f10b2a81-0b74-578a-872a-ded3a4da9ea0,Mikkel Damsgaard,MID,CAM,1,90.0,0.7109727416664936,52.47121267206276,1.0,CAM,4-2-3-1,1.0,0.2890272583335064,-37.52878732793724,37.52878732793724,MINUTE_ERROR_30PLUS,4-2-3-1,LAM,LAM,LAM,structural,False,0.0,37.52878732793724
b05d8bbc-90bb-57d4-a3ff-25dce53593e4,37,1,arsenal,b565eaae-40d9-5a94-8063-106bd85084b9,Cristhian Mosquera,DEF,RCB,1,90.0,0.6053054323041918,52.8649241918292,0.0,UNKNOWN,UNKNOWN,1.0,0.39469456769580824,-37.1350758081708,37.1350758081708,MAP_XI_FALSE_NEGATIVE,4-3-3,RB,RB,RB,structural,False,0.0,37.1350758081708
0cd96418-d40d-591e-8b10-b423d657377d,33,13,manchester-city,692da677-7071-5b72-89bc-cc722ba518e2,Nico O'Reilly,DEF,LB,1,90.0,0.7723887347457055,52.88639227580337,1.0,LB,4-4-2,1.0,0.22761126525429454,-37.11360772419663,37.11360772419663,MINUTE_ERROR_30PLUS,4-2-3-1,LDM,LDM,LDM,structural,False,0.0,37.11360772419663
0d6a442b-e1f2-53f3-a9a8-0b75c19465d8,38,8,crystal-palace,4e797913-6f5e-54d0-807d-555d7ec82308,Jefferson Lerma Solís,MID,LCM,1,90.0,0.5151081195780864,52.89723257456356,0.0,UNKNOWN,UNKNOWN,1.0,0.48489188042191356,-37.10276742543644,37.10276742543644,MAP_XI_FALSE_NEGATIVE,3-4-2-1,CB,CB,CB,structural,False,0.0,37.10276742543644
4969d7af-c9d1-5c54-8620-d87f0b49cff8,36,12,liverpool,abc5ff85-af28-52a6-899e-59f93406af42,Jeremie Frimpong,DEF,RB,1,90.0,0.6078047709318967,52.93096845497598,0.0,UNKNOWN,UNKNOWN,1.0,0.39219522906810333,-37.06903154502402,37.06903154502402,MAP_XI_FALSE_NEGATIVE,4-2-3-1,RAM,RAM,RAM,structural,False,0.0,37.06903154502402
7c7ef9d4-1e3b-5684-8a5f-8f641b36aa9d,24,14,manchester-united,be977983-b55e-52b9-96d5-b98b8b42edbb,Bryan Mbeumo,MID,RAM,1,90.0,0.7781855290102587,53.20927927838024,1.0,RAM,3-4-2-1,1.0,0.22181447098974127,-36.79072072161976,36.79072072161976,MINUTE_ERROR_30PLUS,4-2-3-1,ST,ST,ST,structural,False,0.0,36.79072072161976
5c73e3e5-e8ce-57af-9da1-880c34ac7495,34,16,nottingham-forest,fc1d6631-4455-5cd1-be3d-3748e604ca74,Ibrahim Sangaré,MID,RDM,1,45.0,0.906948728193046,81.76416270940969,1.0,RDM,4-2-3-1,1.0,0.09305127180695405,36.76416270940969,36.76416270940969,MINUTE_ERROR_30PLUS,4-4-2,RCM,RCM,RCM,structural,False,0.0,36.76416270940969
de9a09f3-6021-5322-bb75-a6a0dc72d91d,22,17,sunderland,e65af070-c3e5-52d5-a47d-80432c274dc7,Romaine Mundle,MID,UNKNOWN,1,87.0,0.496277794775075,50.23923042091247,0.0,UNKNOWN,UNKNOWN,1.0,0.5037222052249251,-36.76076957908753,36.76076957908753,MAP_XI_FALSE_NEGATIVE,4-2-3-1,LAM,LAM,LAM,structural,False,0.0,36.76076957908753
3a27d648-a23e-5b47-aa0b-a8ecf1d098b4,25,18,tottenham-hotspur,e85a3c19-e5b4-542c-b4a1-85edbb700d53,Pape Matar Sarr,MID,LDM,1,90.0,0.5628850932357065,53.390970205667614,0.0,UNKNOWN,UNKNOWN,1.0,0.43711490676429354,-36.60902979433239,36.60902979433239,MAP_XI_FALSE_NEGATIVE,4-3-3,LCM,LCM,LCM,structural,False,0.0,36.609029794332386
ec96ab00-9497-5a3e-b3ca-317abf912d08,26,8,crystal-palace,4e797913-6f5e-54d0-807d-555d7ec82308,Jefferson Lerma Solís,MID,LCM,1,45.0,0.8810343585624753,81.51445840013432,1.0,LCB,3-4-2-1,1.0,0.11896564143752475,36.51445840013432,36.51445840013432,MINUTE_ERROR_30PLUS,3-4-2-1,RCB,RCB,RCB,structural,False,0.0,36.514458400134316
ecd48097-3a63-58b6-a353-65332e720c42,32,18,tottenham-hotspur,99c5358b-6b7a-567b-a6ef-22541e365423,Lucas Bergvall,MID,CAM,1,60.0,0.2733629417120173,23.508625232944425,0.0,UNKNOWN,UNKNOWN,1.0,0.7266370582879826,-36.491374767055575,36.491374767055575,MAP_XI_FALSE_NEGATIVE,4-3-3,RCM,RCM,RCM,structural,False,0.0,36.491374767055575
6b1ba362-3ee7-5a51-8722-835e7613942b,32,7,chelsea,c92d55cb-06d1-553d-aad7-f64c0de898a5,Moisés Caicedo Corozo,MID,LDM,1,81.0,0.5771997066120953,44.973347423659455,1.0,RDM,4-2-3-1,1.0,0.4228002933879047,-36.026652576340545,36.026652576340545,MINUTE_ERROR_30PLUS,4-2-3-1,RDM,RDM,LDM,structural,True,0.0,36.026652576340545
b05d8bbc-90bb-57d4-a3ff-25dce53593e4,37,1,arsenal,4c3f279c-cb21-57c6-9d58-3decef97625e,Bukayo Saka,MID,RAM,1,90.0,0.6892899272939016,54.14343159319567,1.0,RAM,4-2-3-1,1.0,0.3107100727060984,-35.856568406804335,35.856568406804335,MINUTE_ERROR_30PLUS,4-3-3,RW,RW,RW,structural,False,0.0,35.85656840680433
ecd48097-3a63-58b6-a353-65332e720c42,32,17,sunderland,98e68e85-52f1-5832-b572-18ffcbfa3d40,Luke O'Nien,DEF,RCB,1,90.0,0.5315947666464105,54.25179130203713,0.0,UNKNOWN,UNKNOWN,1.0,0.4684052333535895,-35.74820869796287,35.74820869796287,MAP_XI_FALSE_NEGATIVE,4-2-3-1,RB,RB,RCB,structural,True,0.0,35.74820869796287
b301f28c-fc51-5c77-a542-a88c0f632cb3,38,16,nottingham-forest,fc1d6631-4455-5cd1-be3d-3748e604ca74,Ibrahim Sangaré,MID,RDM,1,64.0,0.4788209567660371,28.411292462163917,1.0,RDM,4-2-3-1,1.0,0.5211790432339629,-35.588707537836086,35.588707537836086,MINUTE_ERROR_30PLUS,4-4-2,RCM,RCM,RCM,structural,False,0.0,35.588707537836086
52ecb34c-b2fd-592c-b014-dc770fdef03b,29,10,fulham,a9c228ea-04e0-5861-b004-a8719101c698,Tom Cairney,MID,LCM,1,60.0,0.2096554094514004,24.5017762152936,0.0,UNKNOWN,UNKNOWN,1.0,0.7903445905485996,-35.498223784706404,35.498223784706404,MAP_XI_FALSE_NEGATIVE,4-2-3-1,LDM,LDM,LDM,structural,False,0.0,35.4982237847064
73cbcb0c-704f-544b-98be-2945eb6c0891,24,6,brighton-hove-albion,2158389c-94df-554d-8089-885e17fa9cbe,Carlos Baleba,MID,RDM,1,90.0,0.6344272181843653,54.51150571190168,1.0,RDM,4-2-3-1,1.0,0.3655727818156347,-35.48849428809832,35.48849428809832,MINUTE_ERROR_30PLUS,4-3-3,CM,CM,RCM,structural,True,0.0,35.48849428809832
b4ec0cde-d0bf-5e52-a05a-625335240554,37,15,newcastle-united,8385a2b5-f514-5b12-aa58-82c05b0c3586,Jacob Ramsey,MID,LCM,1,90.0,0.5040334712180574,54.6872222684672,0.0,UNKNOWN,UNKNOWN,1.0,0.4959665287819426,-35.3127777315328,35.3127777315328,MAP_XI_FALSE_NEGATIVE,4-2-3-1,LAM,LAM,LDM,structural,True,0.0,35.3127777315328
17a9d946-6355-53b8-baf6-c49011bd1d69,30,8,crystal-palace,0fa345a4-e26c-50d4-8f35-8b13aa9d7c09,Will Hughes,MID,LCM,1,59.0,0.3075641995375842,23.6944409259844,0.0,UNKNOWN,UNKNOWN,1.0,0.6924358004624158,-35.3055590740156,35.3055590740156,MAP_XI_FALSE_NEGATIVE,3-4-2-1,RCM,RCM,RWB,structural,True,0.0,35.305559074015605
0cd96418-d40d-591e-8b10-b423d657377d,33,3,burnley,62a712a2-a9c6-5298-94c6-5bdfca8f45ab,Quilindschy Hartman,DEF,LB,1,90.0,0.6686325310143076,54.86357563434069,0.0,UNKNOWN,UNKNOWN,1.0,0.33136746898569236,-35.13642436565932,35.13642436565932,MAP_XI_FALSE_NEGATIVE,5-4-1,LWB,LWB,LWB,structural,False,0.0,35.13642436565931
ee2e6f43-96fc-5070-b018-615238c06305,32,2,aston-villa,7a546fa7-fe3d-5862-a0fc-4542c4583e9e,Ross Barkley,MID,LDM,1,76.0,0.4533449888418822,40.89837838479181,0.0,UNKNOWN,UNKNOWN,1.0,0.5466550111581179,-35.10162161520819,35.10162161520819,MAP_XI_FALSE_NEGATIVE,4-2-3-1,CAM,CAM,CAM,structural,False,0.0,35.10162161520819
7eb9f651-a02f-59cf-843e-8b905b79f98c,38,15,newcastle-united,7d97f99a-8163-5c05-a74a-5dd9794bd812,Dan Burn,DEF,LB,1,83.0,0.462476778004442,47.947639943305205,0.0,UNKNOWN,UNKNOWN,1.0,0.537523221995558,-35.052360056694795,35.052360056694795,MAP_XI_FALSE_NEGATIVE,3-5-2,LCB,LCB,LCB,structural,False,0.0,35.052360056694795
b5ed6c3e-25b0-50e3-8e36-86250fd00a0b,30,3,burnley,9d1de056-bbbd-54d4-a192-06c57ccb0fd6,Hannibal Mejbri,MID,LCM,1,90.0,0.7422775879634814,55.024238077208125,0.0,UNKNOWN,UNKNOWN,1.0,0.2577224120365186,-34.975761922791875,34.975761922791875,MAP_XI_FALSE_NEGATIVE,4-2-3-1,CAM,CAM,CAM,structural,False,0.0,34.975761922791875
7771779b-354a-5626-9f0f-129de4d443ba,24,11,leeds-united,e5ce8638-ef71-56e5-ae05-c0e425118aa3,James Justin,DEF,RWB,1,45.0,0.8780148626413001,79.97164224153184,0.0,UNKNOWN,UNKNOWN,1.0,0.12198513735869987,34.97164224153184,34.97164224153184,MAP_XI_FALSE_NEGATIVE,3-4-2-1,RCB,RCB,RCB,structural,False,0.0,34.97164224153184
092fe1c5-46c7-5bc7-a34b-822cf838d6ab,36,8,crystal-palace,1e4afd94-5426-54f5-893e-eea93b538667,Yéremy Pino Santos,MID,LAM,1,59.0,0.2824508793405001,24.033309326087505,1.0,LAM,3-4-2-1,1.0,0.7175491206594999,-34.966690673912495,34.966690673912495,MINUTE_ERROR_30PLUS,5-4-1,LW,LW,LCM,structural,True,0.0,34.966690673912495
7771779b-354a-5626-9f0f-129de4d443ba,24,1,arsenal,70c234df-f148-59b3-b1f9-6d390e9cf562,Noni Madueke,MID,RW,1,60.0,0.284226343479761,25.07714019812908,0.0,UNKNOWN,UNKNOWN,1.0,0.715773656520239,-34.92285980187093,34.92285980187093,MAP_XI_FALSE_NEGATIVE,4-2-3-1,RAM,RAM,RAM,structural,False,0.0,34.92285980187092
b301f28c-fc51-5c77-a542-a88c0f632cb3,38,16,nottingham-forest,6c75a09d-abcd-5e49-80c0-b7bb0873304d,Jair Paula da Cunha Filho,DEF,RCB,1,62.0,0.2478123825202204,27.08865848855027,0.0,UNKNOWN,UNKNOWN,1.0,0.7521876174797796,-34.911341511449734,34.911341511449734,MAP_XI_FALSE_NEGATIVE,4-4-2,RB,RB,RB,structural,False,0.0,34.911341511449734
e1b64232-1ee4-522c-b106-e651d9eba4ea,38,13,manchester-city,a8873d13-747b-51b1-97e7-d8505b4f0084,Sávio 'Savinho' Moreira de Oliveira,MID,RAM,1,90.0,0.4971140344401386,55.11668764289931,0.0,UNKNOWN,UNKNOWN,1.0,0.5028859655598614,-34.88331235710069,34.88331235710069,MAP_XI_FALSE_NEGATIVE,4-2-2-2,LAM,LAM,LAM,structural,False,0.0,34.88331235710069
1f5f3541-628d-5710-ae0c-dc82c8ae86d8,24,8,crystal-palace,0fa345a4-e26c-50d4-8f35-8b13aa9d7c09,Will Hughes,MID,LCM,1,90.0,0.5470403425474124,55.151617943438126,1.0,LCM,3-4-2-1,1.0,0.4529596574525876,-34.848382056561874,34.848382056561874,MINUTE_ERROR_30PLUS,3-4-2-1,RCM,RCM,RCM,structural,False,0.0,34.848382056561874
e1b64232-1ee4-522c-b106-e651d9eba4ea,38,13,manchester-city,f717009d-d433-5fa0-9cf5-1e081478a8f1,Phil Foden,MID,LCM,1,90.0,0.5695253089984127,55.420773140647,0.0,UNKNOWN,UNKNOWN,1.0,0.4304746910015873,-34.579226859353,34.579226859353,MAP_XI_FALSE_NEGATIVE,4-2-2-2,ST,ST,ST,structural,False,0.0,34.579226859353
9403bea8-f4be-5480-8cc6-7a1e94097a3f,23,3,burnley,208bc81b-07bb-5202-9b86-f6535ba1a7a7,Maxime Esteve,DEF,LCB,1,90.0,0.7424501547028568,55.613171060252114,1.0,LCB,3-4-3,1.0,0.2575498452971432,-34.386828939747886,34.386828939747886,MINUTE_ERROR_30PLUS,3-4-2-1,CB,CB,CB,structural,False,0.0,34.386828939747886
1e0e866b-bb70-545e-b6dc-8a8424b208c6,23,4,afc-bournemouth,e51ce209-cf65-5a91-b162-98b8d46e6d71,Amine Adli,MID,RAM,1,90.0,0.6722386237204492,55.61989113120684,1.0,LAM,4-2-3-1,1.0,0.3277613762795508,-34.38010886879316,34.38010886879316,MINUTE_ERROR_30PLUS,4-2-3-1,LAM,LAM,LAM,structural,False,0.0,34.38010886879316
dc1d8946-e5da-5a50-b228-61e8601bc305,23,20,wolverhampton-wanderers,e2213bab-7401-5edc-9994-4eb0772f48ef,João Victor Gomes da Silva,MID,LCM,1,90.0,0.7409888103318293,55.69548249225527,1.0,RCM,3-5-2,1.0,0.2590111896681707,-34.304517507744734,34.304517507744734,MINUTE_ERROR_30PLUS,3-5-2,RCM,RCM,RCM,structural,False,0.0,34.30451750774473
89e2194a-5d18-5d77-8037-92733cd9c97f,22,7,chelsea,3655e646-d6d9-51ce-a14d-bed863d96c3c,Reece James,DEF,RDM,1,84.0,0.460613436568597,49.79004449119448,1.0,RDM,4-2-3-1,1.0,0.539386563431403,-34.20995550880552,34.20995550880552,MINUTE_ERROR_30PLUS,4-2-3-1,RB,RB,RB,structural,False,0.0,34.20995550880552
765085cb-7964-5516-8303-f380c3d19685,27,17,sunderland,225f5e34-6fc2-5816-9440-78853ac977df,Djiamgone Jocelin Ta Bi,MID,UNKNOWN,1,38.0,0.0474573098323676,3.807492145947139,0.0,UNKNOWN,UNKNOWN,1.0,0.9525426901676324,-34.19250785405286,34.19250785405286,LOW_PSTART_STARTED,4-1-4-1,RW,RW,RW,structural,False,0.0,34.19250785405286
dec351fa-176e-54ff-a391-5e41f9eeee09,37,20,wolverhampton-wanderers,9ac5d5a9-74b6-578c-8e14-559019eb509d,Mateus Mané,FWD,LAM,1,90.0,0.6136578565724328,55.83000120771331,1.0,LAM,3-4-2-1,1.0,0.38634214342756723,-34.16999879228669,34.16999879228669,MINUTE_ERROR_30PLUS,4-2-3-1,CAM,CAM,CAM,structural,False,0.0,34.16999879228669
89e2194a-5d18-5d77-8037-92733cd9c97f,22,5,brentford,e5d36ad0-dba5-56c7-a5d2-b091b2fa1b0d,Mathias Jensen,MID,CAM,1,90.0,0.7013974244600677,55.88523165705177,0.0,UNKNOWN,UNKNOWN,1.0,0.2986025755399323,-34.11476834294823,34.11476834294823,MAP_XI_FALSE_NEGATIVE,4-2-3-1,RAM,RAM,RAM,structural,False,0.0,34.11476834294823
e2562928-63eb-5b52-9e4c-94f8ddca3e11,24,7,chelsea,481b07c4-b805-52cf-a0ee-593af134790d,Cole Palmer,MID,CAM,1,90.0,0.6094520148462494,55.93896646050578,1.0,CAM,4-2-3-1,1.0,0.39054798515375055,-34.06103353949422,34.06103353949422,MINUTE_ERROR_30PLUS,4-1-4-1,RCM,RCM,RCM,structural,False,0.0,34.06103353949422
53a5b9eb-ba57-5a74-9126-31f1c9776a9b,38,5,brentford,e5d36ad0-dba5-56c7-a5d2-b091b2fa1b0d,Mathias Jensen,MID,LDM,1,82.0,0.6698366320606846,47.96867851978504,1.0,LDM,4-2-3-1,1.0,0.33016336793931544,-34.03132148021496,34.03132148021496,MINUTE_ERROR_30PLUS,4-2-3-1,CAM,CAM,CAM,structural,False,0.0,34.03132148021496
a0ae96c4-499d-5d2a-9cc8-6d59f1b73917,26,16,nottingham-forest,1551c664-1407-507c-a3f7-41b9bc63a0f8,Lorenzo Lucca,FWD,UNKNOWN,1,70.0,0.3279579118096388,36.03083262487954,0.0,UNKNOWN,UNKNOWN,1.0,0.6720420881903613,-33.969167375120456,33.969167375120456,MAP_XI_FALSE_NEGATIVE,4-2-3-1,ST,ST,ST,structural,False,0.0,33.96916737512046
6a84969a-7d59-589c-94a0-d71eb1a266ff,26,1,arsenal,70c234df-f148-59b3-b1f9-6d390e9cf562,Noni Madueke,MID,RW,1,64.0,0.4059625809439681,30.04058236572527,1.0,RW,4-3-3,1.0,0.5940374190560319,-33.95941763427473,33.95941763427473,MINUTE_ERROR_30PLUS,4-2-3-1,RAM,RAM,RAM,structural,False,0.0,33.95941763427473
5c86a947-9f04-5f6a-8730-ff79513f254e,35,6,brighton-hove-albion,2158389c-94df-554d-8089-885e17fa9cbe,Carlos Baleba,MID,RDM,1,79.0,0.4676780299669283,45.08870235495781,1.0,RDM,4-2-3-1,1.0,0.5323219700330717,-33.91129764504219,33.91129764504219,MINUTE_ERROR_30PLUS,4-2-3-1,LDM,LDM,RDM,structural,True,0.0,33.91129764504219
6c5986e0-8dbe-5289-99bb-f5fdd49bf3bf,28,17,sunderland,66bc60f5-fa76-5fa0-a7ca-b9f126393376,Granit Xhaka,MID,RDM,1,75.0,0.4118401573619903,41.11526524707816,1.0,RDM,4-2-3-1,1.0,0.5881598426380097,-33.88473475292184,33.88473475292184,MINUTE_ERROR_30PLUS,4-2-3-1,LDM,LDM,RDM,structural,True,0.0,33.88473475292184
fd338246-8ad6-503a-aaa4-7c8328aae763,31,18,tottenham-hotspur,c13afcac-5201-5504-affd-a886825266d4,Micky van de Ven,DEF,LCB,1,45.0,0.2566711925072073,11.227994413010595,1.0,LCB,4-4-2,1.0,0.7433288074927926,-33.77200558698941,33.77200558698941,MINUTE_ERROR_30PLUS,4-4-2,LB,LB,LB,structural,False,0.0,33.77200558698941
b1b0e185-0108-508b-aa08-e3732938787f,35,12,liverpool,abc5ff85-af28-52a6-899e-59f93406af42,Jeremie Frimpong,DEF,RB,1,74.0,0.4377674310376987,40.5236519537912,0.0,UNKNOWN,UNKNOWN,1.0,0.5622325689623013,-33.4763480462088,33.4763480462088,MAP_XI_FALSE_NEGATIVE,4-2-2-2,RAM,RAM,RAM,structural,False,0.0,33.4763480462088
0cd96418-d40d-591e-8b10-b423d657377d,33,13,manchester-city,dfca7131-f158-5eea-ba5e-b71b5a3655b2,Jérémy Doku,MID,LW,1,90.0,0.690502745655403,56.54764906070695,1.0,LW,4-4-2,1.0,0.30949725434459696,-33.45235093929305,33.45235093929305,MINUTE_ERROR_30PLUS,4-2-3-1,LAM,LAM,LAM,structural,False,0.0,33.45235093929305
23d8d932-ae60-5392-87a5-f4a01d1afc17,33,8,crystal-palace,e0417b35-b1b1-5957-8ee5-7996c5db5cb0,Brennan Johnson,MID,LAM,1,77.0,0.5272011351340319,43.70771961922341,0.0,UNKNOWN,UNKNOWN,1.0,0.4727988648659681,-33.2922803807766,33.2922803807766,MAP_XI_FALSE_NEGATIVE,3-4-2-1,RAM,RAM,ST,structural,True,0.0,33.29228038077659
bdf85bea-b20c-50f1-8dd7-c1351c7015e0,28,10,fulham,ef856b2c-4200-58fa-8d76-23913677f5ba,Oscar Bobb,MID,UNKNOWN,1,74.0,0.4714408137888915,40.74795482492268,0.0,UNKNOWN,UNKNOWN,1.0,0.5285591862111085,-33.25204517507732,33.25204517507732,MAP_XI_FALSE_NEGATIVE,4-2-3-1,LAM,LAM,LAM,structural,False,0.0,33.25204517507732
c6221f70-6420-50cb-a8d9-aba5294bf856,22,12,liverpool,abc5ff85-af28-52a6-899e-59f93406af42,Jeremie Frimpong,DEF,RAM,1,90.0,0.5902232855670682,56.89060316755013,0.0,UNKNOWN,UNKNOWN,1.0,0.40977671443293184,-33.10939683244987,33.10939683244987,MAP_XI_FALSE_NEGATIVE,4-2-3-1,RB,RB,RB,structural,False,0.0,33.10939683244987
0d6a442b-e1f2-53f3-a9a8-0b75c19465d8,38,8,crystal-palace,9a90c10b-4796-5eda-a505-8db9bc21605d,Ismaïla Sarr,MID,RAM,1,45.0,0.8223680598631786,78.09313244079087,1.0,RAM,3-4-2-1,1.0,0.17763194013682138,33.09313244079087,33.09313244079087,MINUTE_ERROR_30PLUS,3-4-2-1,LAM,LAM,LWB,structural,True,0.0,33.09313244079087
dec351fa-176e-54ff-a391-5e41f9eeee09,37,20,wolverhampton-wanderers,3a3da8a7-b40c-5129-bab5-9c920e3a58ab,David Møller Wolfe,DEF,LWB,1,84.0,0.5438244638357257,51.10582834635012,0.0,UNKNOWN,UNKNOWN,1.0,0.4561755361642743,-32.89417165364988,32.89417165364988,MAP_XI_FALSE_NEGATIVE,4-2-3-1,LB,LB,LB,structural,False,0.0,32.89417165364988
97b2d8d5-ad23-581e-a7ba-80ed12ecc351,23,11,leeds-united,474896af-e9ef-5bb3-b82b-79c2fb8c891e,Jayden Bogle,DEF,RB,1,90.0,0.6996824610922228,57.1433814499982,1.0,RWB,3-5-2,1.0,0.30031753890777724,-32.8566185500018,32.8566185500018,MINUTE_ERROR_30PLUS,3-4-2-1,RWB,RWB,RAM,structural,True,0.0,32.8566185500018
457d30c3-d5ec-5fbc-9e3e-b071192ded0c,30,1,arsenal,ef53aa3a-f5fe-5a12-9743-66a2adc7f069,Kai Havertz,FWD,RCM,1,60.0,0.2665584685756955,27.242576867395563,0.0,UNKNOWN,UNKNOWN,1.0,0.7334415314243046,-32.75742313260444,32.75742313260444,MAP_XI_FALSE_NEGATIVE,4-2-3-1,ST,ST,ST,structural,False,0.0,32.75742313260444
1f5f3541-628d-5710-ae0c-dc82c8ae86d8,24,16,nottingham-forest,18a6f100-002a-5b0b-8366-87056d767a12,Callum Hudson-Odoi,MID,LAM,1,45.0,0.8762323538683545,77.60176675017973,1.0,LAM,4-2-3-1,1.0,0.12376764613164548,32.601766750179735,32.601766750179735,MINUTE_ERROR_30PLUS,4-2-3-1,RAM,RAM,RDM,structural,True,0.0,32.601766750179735
8f269e69-30e8-524b-8bbd-2a4eba3eecb6,31,3,burnley,fada1568-55fd-5aec-8b69-9db9bcbee6ae,Lyle Foster,FWD,ST,1,77.0,0.4993974159785581,44.46299586483005,0.0,UNKNOWN,UNKNOWN,1.0,0.5006025840214419,-32.53700413516995,32.53700413516995,MAP_XI_FALSE_NEGATIVE,4-2-3-1,RAM,RAM,RAM,structural,False,0.0,32.53700413516995
53a5b9eb-ba57-5a74-9126-31f1c9776a9b,38,12,liverpool,3662a836-64ae-524d-ac5d-6c64245981a2,Cody Gakpo,MID,LAM,1,90.0,0.736538272848233,57.50839077178934,1.0,ST,4-2-3-1,1.0,0.26346172715176697,-32.49160922821066,32.49160922821066,MINUTE_ERROR_30PLUS,4-2-3-1,ST,ST,ST,structural,False,0.0,32.49160922821066
31402e57-7c34-5b2c-8688-d29a2831522e,37,14,manchester-united,be977983-b55e-52b9-96d5-b98b8b42edbb,Bryan Mbeumo,MID,RAM,1,79.0,0.5346772965240111,46.89158106207418,0.0,UNKNOWN,UNKNOWN,1.0,0.4653227034759889,-32.10841893792582,32.10841893792582,MAP_XI_FALSE_NEGATIVE,4-2-3-1,ST,ST,ST,structural,False,0.0,32.10841893792582
94338b30-8c36-517f-8821-7e38666f86c7,27,9,everton,4788a762-a8dd-587b-88ad-eb1d2f51ec12,Harrison Armstrong,MID,CAM,1,72.0,0.4201905984216938,39.99821050098355,0.0,UNKNOWN,UNKNOWN,1.0,0.5798094015783062,-32.00178949901645,32.00178949901645,MAP_XI_FALSE_NEGATIVE,4-2-3-1,LAM,LAM,LAM,structural,False,0.0,32.00178949901645
89e2194a-5d18-5d77-8037-92733cd9c97f,22,7,chelsea,c92d55cb-06d1-553d-aad7-f64c0de898a5,Moisés Caicedo Corozo,MID,LDM,1,90.0,0.6341086703879096,58.00740322657248,0.0,UNKNOWN,UNKNOWN,1.0,0.36589132961209037,-31.99259677342752,31.99259677342752,MAP_XI_FALSE_NEGATIVE,4-2-3-1,RDM,RDM,LDM,structural,True,0.0,31.992596773427522
1e6f4756-7e43-5162-a518-806522137b05,29,3,burnley,c59d2c13-36a9-56b4-b9fc-1462e5df19fc,Florentino Ibrain Morris Luís,MID,LCM,1,56.0,0.3695574799014424,24.23129346469462,1.0,LCM,3-4-2-1,1.0,0.6304425200985576,-31.76870653530538,31.76870653530538,MINUTE_ERROR_30PLUS,3-4-2-1,RCM,RCM,LCM,structural,True,0.0,31.76870653530538
092fe1c5-46c7-5bc7-a34b-822cf838d6ab,36,13,manchester-city,66ce5aaa-c0e9-5462-8a78-fae312616872,Antoine Semenyo,MID,RAM,1,90.0,0.7942205072932828,58.23354017986336,1.0,RAM,4-2-3-1,1.0,0.20577949270671725,-31.76645982013664,31.76645982013664,MINUTE_ERROR_30PLUS,4-2-2-2,ST,ST,ST,structural,False,0.0,31.76645982013664
1f5f3541-628d-5710-ae0c-dc82c8ae86d8,24,8,crystal-palace,e0417b35-b1b1-5957-8ee5-7996c5db5cb0,Brennan Johnson,MID,RAM,1,90.0,0.7363320827515037,58.24891864136819,0.0,UNKNOWN,UNKNOWN,1.0,0.26366791724849625,-31.751081358631808,31.751081358631808,MAP_XI_FALSE_NEGATIVE,3-4-2-1,LAM,LAM,ST,structural,True,0.0,31.751081358631808
6087d963-451a-5a7b-b016-d3853de520ea,22,11,leeds-united,80984ab9-f368-5f6c-be67-3ca8dc321a4e,Joe Rodon,DEF,RCB,1,90.0,0.6481722205403294,58.36559827406232,1.0,RCB,3-5-2,1.0,0.3518277794596706,-31.63440172593769,31.63440172593769,MINUTE_ERROR_30PLUS,3-5-2,CB,CB,CB,structural,False,0.0,31.63440172593768
f2500cd6-3213-514b-bc50-11600f2a02df,24,18,tottenham-hotspur,95129b97-e678-584a-9c78-bc2d29fd7dfa,Destiny Udogie,DEF,LB,1,90.0,0.5959771801085657,58.424006138997726,0.0,UNKNOWN,UNKNOWN,1.0,0.4040228198914343,-31.575993861002274,31.575993861002274,MAP_XI_FALSE_NEGATIVE,3-4-2-1,LWB,LWB,LWB,structural,False,0.0,31.575993861002274
1ce6ee26-3057-5ae0-a140-416d1bd98ae2,35,4,afc-bournemouth,0f8b78a8-3315-50f5-8b1d-435ce1fc41ac,Tyler Adams,MID,RDM,1,68.0,0.3280043770878463,36.58155087372657,0.0,UNKNOWN,UNKNOWN,1.0,0.6719956229121538,-31.41844912627343,31.41844912627343,MAP_XI_FALSE_NEGATIVE,4-2-3-1,LDM,LDM,RDM,structural,True,0.0,31.41844912627343
94fcf566-2f2f-5764-a094-bd41afb36a13,28,15,newcastle-united,8385a2b5-f514-5b12-aa58-82c05b0c3586,Jacob Ramsey,MID,LCM,1,45.0,0.8509448037550617,76.3732369735648,1.0,RCM,4-3-3,1.0,0.14905519624493835,31.3732369735648,31.3732369735648,MINUTE_ERROR_30PLUS,4-3-3,RCM,RCM,RCM,structural,False,0.0,31.3732369735648
d123315a-55ef-56e3-b21e-2aa9ff130593,23,14,manchester-united,85474434-c2d2-5904-bdbc-d8e7b1e46db0,Harry Maguire,DEF,CB,1,90.0,0.6491756947376713,58.70512699181278,1.0,CB,3-4-2-1,1.0,0.35082430526232866,-31.294873008187217,31.294873008187217,MINUTE_ERROR_30PLUS,4-2-3-1,RCB,RCB,RCB,structural,False,0.0,31.294873008187217
95efeb72-d689-58fb-a022-ffad47516d80,35,7,chelsea,f8666db2-925c-5357-81ba-263e71b165b3,Roméo Lavia,MID,RCM,1,57.0,0.2863925556047206,25.766525408304567,0.0,UNKNOWN,UNKNOWN,1.0,0.7136074443952793,-31.233474591695437,31.233474591695437,MAP_XI_FALSE_NEGATIVE,4-2-3-1,RDM,RDM,RDM,structural,False,0.0,31.233474591695433
35e69758-b8a6-5f8b-9c26-dc2813d81978,34,8,crystal-palace,d7ab42eb-50da-5a3f-a583-fdf38b0d2cfe,Daichi Kamada,MID,LCM,1,90.0,0.5478314685100736,58.76975291779996,0.0,UNKNOWN,UNKNOWN,1.0,0.4521685314899264,-31.23024708220004,31.23024708220004,MAP_XI_FALSE_NEGATIVE,3-4-2-1,RCM,RCM,LCM,structural,True,0.0,31.230247082200037
579fdcbf-5156-533a-8f5f-a9226e3d60d1,26,2,aston-villa,75f6d292-641f-53ef-a822-a86d1d9c8086,Douglas Luiz Soares de Paulo,MID,RDM,1,83.0,0.6382552706690438,51.85207193140347,1.0,RDM,4-2-3-1,1.0,0.36174472933095625,-31.147928068596528,31.147928068596528,MINUTE_ERROR_30PLUS,4-2-3-1,LDM,LDM,LDM,structural,False,0.0,31.147928068596528
4fe9f44c-bfba-5934-849a-d84876aa86e8,32,8,crystal-palace,0f20e713-a3d1-5036-b0b2-e9f32d1bc66f,Jaydee Canvot,DEF,RCB,1,90.0,0.6905605661677786,59.00016180815419,1.0,LCB,3-4-2-1,1.0,0.3094394338322214,-30.99983819184581,30.99983819184581,MINUTE_ERROR_30PLUS,3-4-3,LCB,LCB,LCB,structural,False,0.0,30.99983819184581
498f1104-1511-5cef-8345-ce9c66768ec7,37,4,afc-bournemouth,0f8b78a8-3315-50f5-8b1d-435ce1fc41ac,Tyler Adams,MID,RDM,1,90.0,0.7832490604237017,59.03850658932341,0.0,UNKNOWN,UNKNOWN,1.0,0.21675093957629832,-30.9614934106766,30.9614934106766,MAP_XI_FALSE_NEGATIVE,4-2-3-1,LDM,LDM,LDM,structural,False,0.0,30.96149341067659
95efeb72-d689-58fb-a022-ffad47516d80,35,7,chelsea,481b07c4-b805-52cf-a0ee-593af134790d,Cole Palmer,MID,CAM,1,90.0,0.6462045060410804,59.04223360609381,1.0,CAM,4-2-3-1,1.0,0.3537954939589196,-30.95776639390619,30.95776639390619,MINUTE_ERROR_30PLUS,4-2-3-1,RAM,RAM,RAM,structural,False,0.0,30.95776639390619
f82cddfd-b545-5509-9c99-a1ae615e0130,38,3,burnley,c59d2c13-36a9-56b4-b9fc-1462e5df19fc,Florentino Ibrain Morris Luís,MID,LCM,1,90.0,0.6981094584094126,59.2112733356084,1.0,LCM,3-4-2-1,1.0,0.30189054159058737,-30.7887266643916,30.7887266643916,MINUTE_ERROR_30PLUS,4-2-3-1,RDM,RDM,RDM,structural,False,0.0,30.788726664391604
e0ceee79-211e-5422-8a48-170a59ad8497,36,1,arsenal,8bac1cb7-1c33-563a-9137-8a394efb10f5,Myles Lewis-Skelly,DEF,LB,1,90.0,0.6361669970612354,59.2645624030087,0.0,UNKNOWN,UNKNOWN,1.0,0.36383300293876464,-30.735437596991297,30.735437596991297,MAP_XI_FALSE_NEGATIVE,4-2-3-1,LDM,LDM,LDM,structural,False,0.0,30.735437596991297
57b20b8b-c663-5991-a397-771f728fd27c,33,13,manchester-city,dfca7131-f158-5eea-ba5e-b71b5a3655b2,Jérémy Doku,MID,LW,1,87.0,0.690502745655403,56.54764906070695,1.0,LW,4-4-2,1.0,0.30949725434459696,-30.452350939293048,30.452350939293048,MINUTE_ERROR_30PLUS,4-2-3-1,LAM,LAM,LAM,structural,False,0.0,30.452350939293048
9ee83c24-99b9-5f01-a681-62d4f49c858d,34,14,manchester-united,3da0d46a-b47e-5811-9668-ebfa18ca336a,Ayden Heaven,DEF,CB,1,90.0,0.6397395321939825,59.54838454234043,0.0,UNKNOWN,UNKNOWN,1.0,0.3602604678060175,-30.45161545765957,30.45161545765957,MAP_XI_FALSE_NEGATIVE,4-2-3-1,LCB,LCB,LCB,structural,False,0.0,30.45161545765957
ca09b971-bf08-55a8-9cf4-b93f3c0604e1,36,11,leeds-united,9066de74-0bf4-5c6d-8a3f-3b977b735a67,Anton Stach,MID,LCM,1,90.0,0.8405222142205274,59.77842348956777,1.0,RCM,3-5-2,1.0,0.15947778577947258,-30.22157651043223,30.22157651043223,MINUTE_ERROR_30PLUS,3-5-2,RCM,RCM,RCM,structural,False,0.0,30.22157651043223
579fdcbf-5156-533a-8f5f-a9226e3d60d1,26,6,brighton-hove-albion,2158389c-94df-554d-8089-885e17fa9cbe,Carlos Baleba,MID,RDM,1,21.0,0.6410942472050527,51.11841040698991,1.0,RDM,4-2-3-1,1.0,0.3589057527949473,30.11841040698991,30.11841040698991,MINUTE_ERROR_30PLUS,4-3-3,CM,CM,RCM,structural,True,0.0,30.11841040698991
73cbcb0c-704f-544b-98be-2945eb6c0891,24,6,brighton-hove-albion,e951e717-39ca-59bd-bf7f-6e59ece9fd54,Georginio Rutter,MID,CAM,1,59.0,0.2762842827238045,29.099853693311672,0.0,UNKNOWN,UNKNOWN,1.0,0.7237157172761954,-29.900146306688328,29.900146306688328,MAP_XI_FALSE_NEGATIVE,4-3-3,RW,RW,RW,structural,False,0.0,29.900146306688328
5e1fcbbc-fc52-5596-a3cd-5663e323f785,33,10,fulham,ada8c7db-805e-5910-b00a-946e17af3218,Ryan Sessegnon,MID,LB,1,80.0,0.4444614274210521,50.14977318692464,0.0,UNKNOWN,UNKNOWN,1.0,0.5555385725789479,-29.85022681307536,29.85022681307536,MAP_XI_FALSE_NEGATIVE,4-2-3-1,UNOBSERVED_BENCH,,,,,0.0,29.85022681307536
e20ba8da-5c02-58df-ad17-3223c3c83acf,28,7,chelsea,481b07c4-b805-52cf-a0ee-593af134790d,Cole Palmer,MID,CAM,1,85.0,0.7006266513426764,55.18168183436672,1.0,CAM,4-2-3-1,1.0,0.29937334865732357,-29.818318165633286,29.818318165633286,OK,4-3-3,LW,LW,LW,structural,False,0.0,29.81831816563328
ebb30294-ec65-5a92-a141-2fa11e9b549c,30,19,west-ham-united,a4b84834-eb21-54ba-be68-660ea3815e93,Konstantinos Mavropanos,DEF,RCB,1,90.0,0.6255463372033381,60.2286503037017,1.0,RCB,4-4-2,1.0,0.3744536627966619,-29.7713496962983,29.7713496962983,OK,3-4-2-1,CB,CB,CB,structural,False,0.0,29.7713496962983
47e684ca-483b-5eca-8ec1-c94a86f9452a,28,3,burnley,4156c194-ad00-5d9c-aa4d-5f67c7deba01,James Ward-Prowse,MID,UNKNOWN,1,74.0,0.4069374436837305,44.50525393026945,0.0,UNKNOWN,UNKNOWN,1.0,0.5930625563162695,-29.494746069730557,29.494746069730557,MAP_XI_FALSE_NEGATIVE,3-4-2-1,RCM,RCM,RCM,structural,False,0.0,29.494746069730553
5766fb4a-8b72-52a7-9737-b231937d4d3c,30,12,liverpool,3662a836-64ae-524d-ac5d-6c64245981a2,Cody Gakpo,MID,LAM,1,82.0,0.7531732274178518,52.61507455279222,1.0,LAM,4-2-3-1,1.0,0.24682677258214825,-29.384925447207777,29.384925447207777,OK,4-2-3-1,ST,ST,ST,structural,False,0.0,29.384925447207777
8a8173fc-ec21-5f23-879c-3fb3c88918a2,27,3,burnley,b7ff49f3-d1e0-5e63-b004-29bee7a1f2ea,Kyle Walker,DEF,RWB,1,45.0,0.8248161377555857,74.29584847035183,1.0,RWB,3-4-2-1,1.0,0.1751838622444143,29.295848470351828,29.295848470351828,OK,3-4-2-1,RCB,RCB,RCB,structural,False,0.0,29.295848470351828
7d478ee4-036e-5700-9dcd-a71ec1f2326a,27,6,brighton-hove-albion,a07371ec-857a-5545-8632-0e982ad6b1be,Kaoru Mitoma,MID,LAM,1,90.0,0.7061390413118779,60.808929850710754,1.0,LAM,4-2-3-1,1.0,0.2938609586881221,-29.19107014928925,29.19107014928925,OK,4-3-3,LW,LW,LW,structural,False,0.0,29.191070149289246
fef47b9a-ab98-50c0-a72f-57c356ba1514,29,18,tottenham-hotspur,229e2aab-318b-5964-bc2e-1b5fcbac0a02,João Victor de Souza Menezes,DEF,UNKNOWN,1,42.0,0.1093758060163746,12.809075443990128,0.0,UNKNOWN,UNKNOWN,1.0,0.8906241939836254,-29.190924556009872,29.190924556009872,LOW_PSTART_STARTED,3-4-2-1,LWB,LWB,LAM,structural,True,0.0,29.190924556009872
622cfd32-fefc-538b-92e0-7c761e8052b4,30,15,newcastle-united,fa7d8081-617d-5e86-a227-d01a088e1f55,Joe Willock,MID,RCM,1,76.0,0.6345263196500412,46.99190878588922,0.0,UNKNOWN,UNKNOWN,1.0,0.36547368034995875,-29.008091214110777,29.008091214110777,MAP_XI_FALSE_NEGATIVE,4-2-3-1,RDM,RDM,RAM,structural,True,0.0,29.008091214110777
0b043207-694b-5497-889e-86b53e170e1a,38,9,everton,9cb12f76-aa67-5f6a-9571-1925e3cbe9ef,Tim Iroegbunam,MID,RDM,1,83.0,0.6742781908154567,54.04198916810472,1.0,RDM,4-2-3-1,1.0,0.3257218091845433,-28.95801083189528,28.95801083189528,OK,4-2-3-1,LDM,LDM,LDM,structural,False,0.0,28.95801083189528
112601d1-209f-5611-b63b-01d0992c4ddd,26,11,leeds-united,c550c5c9-6be9-5d60-a724-ed8b1d333548,Brenden Aaronson,MID,RCM,1,90.0,0.7655932786045458,61.11334156090273,1.0,RCM,3-5-2,1.0,0.23440672139545415,-28.886658439097268,28.886658439097268,OK,5-4-1,LW,LW,LCM,structural,True,0.0,28.886658439097268
039b583c-5bdc-51f2-8934-ef0b7746978e,31,7,chelsea,f8666db2-925c-5357-81ba-263e71b165b3,Roméo Lavia,MID,LDM,1,56.0,0.3416118785184571,27.12101279391674,0.0,UNKNOWN,UNKNOWN,1.0,0.6583881214815429,-28.87898720608326,28.87898720608326,MAP_XI_FALSE_NEGATIVE,4-2-3-1,RDM,RDM,RDM,structural,False,0.0,28.87898720608326
8a8173fc-ec21-5f23-879c-3fb3c88918a2,27,7,chelsea,762fd3f4-3f85-52c7-b5be-8c0c563cf25f,Andrey Nascimento dos Santos,MID,RDM,1,90.0,0.7463308439030548,61.259134537015946,0.0,UNKNOWN,UNKNOWN,1.0,0.2536691560969452,-28.74086546298405,28.74086546298405,MAP_XI_FALSE_NEGATIVE,4-2-3-1,LDM,LDM,LDM,structural,False,0.0,28.740865462984054
498f1104-1511-5cef-8345-ce9c66768ec7,37,13,manchester-city,66ce5aaa-c0e9-5462-8a78-fae312616872,Antoine Semenyo,MID,RAM,1,55.0,0.9315180470253356,83.69060031729964,1.0,RAM,4-2-3-1,1.0,0.06848195297466442,28.69060031729964,28.69060031729964,OK,4-1-4-1,RW,RW,RW,structural,False,0.0,28.69060031729964
94ee8d5f-04da-5a31-92b9-3e1fbea7f464,27,20,wolverhampton-wanderers,00cc549f-a9f0-54b0-8cbc-ef47c7f8251b,André Trindade da Costa Neto,MID,CM,1,90.0,0.6546358628099556,61.33858365408543,1.0,CM,3-5-2,1.0,0.34536413719004444,-28.661416345914567,28.661416345914567,OK,3-4-2-1,LCM,LCM,LCM,structural,False,0.0,28.661416345914567
b28efaf8-9f88-581f-b35a-177aca0f37a6,32,1,arsenal,4a30d43b-d2c4-514a-8544-4ba07f51e68a,Gabriel Martinelli Silva,MID,LW,1,53.0,0.2125139043319118,24.44406615115527,0.0,UNKNOWN,UNKNOWN,1.0,0.7874860956680882,-28.55593384884473,28.55593384884473,MAP_XI_FALSE_NEGATIVE,4-2-3-1,LAM,LAM,LAM,structural,False,0.0,28.55593384884473
1c02d8a1-3fe4-50a6-a833-13460c80973f,34,18,tottenham-hotspur,d64982ba-72ef-52d6-b8fe-3706499963ab,Conor Gallagher,MID,RCM,1,90.0,0.788376432050032,61.73905402198091,1.0,RCM,4-4-2,1.0,0.21162356794996795,-28.260945978019087,28.260945978019087,OK,4-2-3-1,CAM,CAM,CAM,structural,False,0.0,28.260945978019087
7313aaff-81b0-56c8-87cc-36234384a14a,31,15,newcastle-united,428099b1-d444-5523-9c48-66ebf6956cc2,Anthony Elanga,MID,RW,1,64.0,0.3573974010662049,35.795792337526336,1.0,RW,4-4-2,1.0,0.6426025989337951,-28.204207662473664,28.204207662473664,OK,4-2-3-1,RAM,RAM,RAM,structural,False,0.0,28.204207662473664
de92aec0-17cd-521d-ae3d-f425ab7e09dd,34,15,newcastle-united,50df4a11-59ff-5eba-85dd-aaca25ba3cd2,Bruno Guimarães Rodriguez Moura,MID,RCM,1,74.0,0.4604566425497219,45.99265552106749,1.0,RCM,4-3-3,1.0,0.5395433574502781,-28.00734447893251,28.00734447893251,OK,4-1-4-1,LCM,LCM,LCM,structural,False,0.0,28.00734447893251
e2562928-63eb-5b52-9e4c-94f8ddca3e11,24,7,chelsea,4ef46620-e339-50a5-9169-d9c6d85f3a47,Alejandro Garnacho,MID,LAM,1,45.0,0.2633906953167238,17.032392966825213,1.0,LAM,4-2-3-1,1.0,0.7366093046832762,-27.967607033174787,27.967607033174787,OK,4-1-4-1,LW,LW,LW,structural,False,0.0,27.967607033174787
f82cddfd-b545-5509-9c99-a1ae615e0130,38,20,wolverhampton-wanderers,e3545d57-5636-57c9-a5ad-35a839d1f8bd,Hwang Hee-chan,MID,ST,1,90.0,0.7656191669190442,62.09047120349361,0.0,UNKNOWN,UNKNOWN,1.0,0.2343808330809558,-27.909528796506397,27.909528796506397,MAP_XI_FALSE_NEGATIVE,3-4-2-1,LAM,LAM,LAM,structural,False,0.0,27.909528796506393
1e6f4756-7e43-5162-a518-806522137b05,29,3,burnley,032150f9-1246-5989-8ac4-532f1e3bce74,Lesley Ugochukwu,MID,RCM,1,82.0,0.803746831538403,54.097781515513056,1.0,RCM,3-4-2-1,1.0,0.19625316846159702,-27.902218484486944,27.902218484486944,OK,3-4-2-1,RAM,RAM,RCM,structural,True,0.0,27.902218484486944
10d060ee-1672-5636-98a1-8b9e8f3f850d,29,17,sunderland,d7a7fcda-2a3c-55c2-80be-adc778736b39,Lutsharel Geertruida,DEF,RB,1,54.0,0.8330005821707231,81.69475467251084,0.0,UNKNOWN,UNKNOWN,1.0,0.16699941782927685,27.69475467251084,27.69475467251084,MAP_XI_FALSE_NEGATIVE,4-2-3-1,RDM,RDM,RDM,structural,False,0.0,27.69475467251084
4366c228-7c85-5d35-8048-663446bd1b28,25,16,nottingham-forest,a2afe8eb-9890-541f-9258-8202cd512f1f,Nicolás Domínguez,MID,LAM,1,53.0,0.4572273890726115,25.452189976823497,0.0,UNKNOWN,UNKNOWN,1.0,0.5427726109273885,-27.547810023176503,27.547810023176503,MAP_XI_FALSE_NEGATIVE,4-2-3-1,RAM,RAM,RDM,structural,True,0.0,27.547810023176503
ecd48097-3a63-58b6-a353-65332e720c42,32,17,sunderland,eeb782c9-d515-562b-b132-d07e7ac988fa,Chris Rigg,MID,RW,1,81.0,0.5700292837135531,53.547564835310375,1.0,RW,4-4-2,1.0,0.4299707162864469,-27.452435164689625,27.452435164689625,OK,4-2-3-1,RAM,RAM,RAM,structural,False,0.0,27.452435164689625
87451d9e-587c-5a4c-96ac-324aa773296b,25,17,sunderland,627a9a22-f6d8-553e-9594-316391089ebc,Habib Diarra,MID,RW,1,90.0,0.743846080224906,62.57277821434997,1.0,RCM,4-4-2,1.0,0.25615391977509405,-27.427221785650037,27.427221785650037,OK,4-2-3-1,CAM,CAM,CAM,structural,False,0.0,27.427221785650033
03ba7107-f9dd-5a5e-8bcd-9aa4919ff36d,22,9,everton,4788a762-a8dd-587b-88ad-eb1d2f51ec12,Harrison Armstrong,MID,RCM,1,90.0,0.7081866862517461,62.60171785680093,0.0,UNKNOWN,UNKNOWN,1.0,0.2918133137482539,-27.39828214319908,27.39828214319908,MAP_XI_FALSE_NEGATIVE,4-2-3-1,CAM,CAM,LAM,structural,True,0.0,27.39828214319907
6c5986e0-8dbe-5289-99bb-f5fdd49bf3bf,28,4,afc-bournemouth,0f8b78a8-3315-50f5-8b1d-435ce1fc41ac,Tyler Adams,MID,LDM,1,61.0,0.5155772295372205,33.63370090304892,1.0,LDM,4-2-3-1,1.0,0.4844227704627795,-27.36629909695108,27.36629909695108,OK,4-2-3-1,RDM,RDM,LDM,structural,True,0.0,27.36629909695108
e2562928-63eb-5b52-9e4c-94f8ddca3e11,24,7,chelsea,932d386d-f372-53de-a37f-381a73a67e07,Jorrel Hato,DEF,LCB,1,45.0,0.1103847595206445,17.688143587688806,0.0,UNKNOWN,UNKNOWN,1.0,0.8896152404793555,-27.311856412311197,27.311856412311197,LOW_PSTART_STARTED,4-1-4-1,LB,LB,LB,structural,False,0.0,27.311856412311194
fe5e3103-d0cf-58a8-83c4-58f211edd29a,23,17,sunderland,e65af070-c3e5-52d5-a47d-80432c274dc7,Romaine Mundle,MID,LAM,1,45.0,0.7621349036715639,72.22738081720314,1.0,LAM,4-2-3-1,1.0,0.2378650963284361,27.22738081720314,27.22738081720314,OK,4-4-2,LW,LW,LW,structural,False,0.0,27.22738081720314
99445e05-228b-5b5b-b1fd-ade1bcefe99a,33,6,brighton-hove-albion,f6f6439f-07ed-5fba-988d-36a0c8ad3580,Yankuba Minteh,MID,RAM,1,90.0,0.7516844154815872,62.95462256083994,1.0,LAM,4-2-3-1,1.0,0.24831558451841285,-27.045377439160063,27.045377439160063,OK,4-2-3-1,LAM,LAM,CAM,structural,True,0.0,27.045377439160063
112601d1-209f-5611-b63b-01d0992c4ddd,26,7,chelsea,762fd3f4-3f85-52c7-b5be-8c0c563cf25f,Andrey Nascimento dos Santos,MID,RDM,1,78.0,0.5725506719562068,50.97055390722401,0.0,UNKNOWN,UNKNOWN,1.0,0.4274493280437932,-27.02944609277599,27.02944609277599,MAP_XI_FALSE_NEGATIVE,4-2-3-1,LDM,LDM,LDM,structural,False,0.0,27.02944609277599
b4ec0cde-d0bf-5e52-a05a-625335240554,37,15,newcastle-united,c7d912b7-acf9-59e7-a5a7-c7e64aed18da,Sandro Tonali,MID,CM,1,52.0,0.8665011734516401,78.9501046362784,1.0,CM,4-3-3,1.0,0.13349882654835987,26.9501046362784,26.9501046362784,OK,4-2-3-1,LDM,LDM,LAM,structural,True,0.0,26.950104636278397
7d478ee4-036e-5700-9dcd-a71ec1f2326a,27,5,brentford,e9e9ef49-852e-55b1-9544-097415eb392b,Aaron Hickey,DEF,LB,1,44.0,0.1799066445489479,17.201502448115058,0.0,UNKNOWN,UNKNOWN,1.0,0.8200933554510521,-26.798497551884942,26.798497551884942,LOW_PSTART_STARTED,4-2-3-1,RB,RB,RB,structural,False,0.0,26.798497551884942
e2562928-63eb-5b52-9e4c-94f8ddca3e11,24,7,chelsea,c92d55cb-06d1-553d-aad7-f64c0de898a5,Moisés Caicedo Corozo,MID,LDM,1,90.0,0.843149937119471,63.3671754375619,1.0,RDM,4-2-3-1,1.0,0.15685006288052905,-26.632824562438103,26.632824562438103,OK,4-1-4-1,DM,DM,DM,structural,False,0.0,26.632824562438103
31402e57-7c34-5b2c-8688-d29a2831522e,37,16,nottingham-forest,c648214a-7d9c-5efe-aa6f-da16039cd486,Omari Hutchinson,MID,RAM,1,69.0,0.4779022053790074,42.52320075859943,1.0,RAM,4-2-3-1,1.0,0.5220977946209926,-26.47679924140057,26.47679924140057,OK,4-4-2,RW,RW,RW,structural,False,0.0,26.47679924140057
ae89dde2-06e5-5c3d-88d1-b18a3afac874,38,6,brighton-hove-albion,b4dab7b7-e19a-5e09-89be-21a334277de4,Maxim De Cuyper,DEF,LB,1,45.0,0.7744177941924937,71.46877873113802,0.0,UNKNOWN,UNKNOWN,1.0,0.22558220580750632,26.468778731138016,26.468778731138016,MAP_XI_FALSE_NEGATIVE,4-2-3-1,LAM,LAM,LAM,structural,False,0.0,26.468778731138016
7729aaf4-dd5e-5f38-a0a4-430fccf34c7c,30,6,brighton-hove-albion,bec3b39e-5fff-5ae4-a7ba-ba525d5b3911,Diego Gómez,MID,RW,1,90.0,0.7998159901082158,63.55065543066939,0.0,UNKNOWN,UNKNOWN,1.0,0.2001840098917842,-26.449344569330613,26.449344569330613,MAP_XI_FALSE_NEGATIVE,4-2-3-1,RAM,RAM,RAM,structural,False,0.0,26.449344569330613
7d478ee4-036e-5700-9dcd-a71ec1f2326a,27,6,brighton-hove-albion,b0761079-7e99-5095-aa38-877404766193,Jack Hinshelwood,MID,LCM,1,90.0,0.6849118857963203,63.608651981838015,0.0,UNKNOWN,UNKNOWN,1.0,0.31508811420367966,-26.391348018161985,26.391348018161985,MAP_XI_FALSE_NEGATIVE,4-3-3,RCM,RCM,RCM,structural,False,0.0,26.391348018161985
8f269e69-30e8-524b-8bbd-2a4eba3eecb6,31,10,fulham,f0504a37-2a31-5f04-8704-2c307c2384cd,Sander Berge,MID,LDM,1,90.0,0.7599434427316832,63.87534645241459,1.0,LDM,4-2-3-1,1.0,0.24005655726831676,-26.12465354758541,26.12465354758541,OK,4-2-3-1,RDM,RDM,RDM,structural,False,0.0,26.12465354758541
0cd96418-d40d-591e-8b10-b423d657377d,33,13,manchester-city,eebb4710-6fe9-53e9-81e0-a650547126a0,Rayan Cherki,MID,RAM,1,90.0,0.7762801370985848,63.91462657290379,0.0,UNKNOWN,UNKNOWN,1.0,0.2237198629014152,-26.085373427096208,26.085373427096208,MAP_XI_FALSE_NEGATIVE,4-2-3-1,CAM,CAM,CAM,structural,False,0.0,26.085373427096208
01b894d5-057a-530b-917f-9397231a3249,22,4,afc-bournemouth,c0582007-f657-5440-9f24-83c1666418bb,Junior Kroupi,FWD,ST,1,71.0,0.6641818268063323,44.935681332633976,0.0,UNKNOWN,UNKNOWN,1.0,0.3358181731936677,-26.064318667366024,26.064318667366024,MAP_XI_FALSE_NEGATIVE,4-2-3-1,CAM,CAM,CAM,structural,False,0.0,26.064318667366024
c24850ac-b48a-5ac5-91e3-bc422c2e52a4,27,18,tottenham-hotspur,8e00491e-df3c-59d8-8196-500825daf087,João Palhinha Gonçalves,MID,RDM,1,81.0,0.5839855268364061,54.98182078513669,1.0,RDM,4-2-3-1,1.0,0.41601447316359386,-26.01817921486331,26.01817921486331,OK,3-5-2,RCB,RCB,RCB,structural,False,0.0,26.01817921486331
94338b30-8c36-517f-8821-7e38666f86c7,27,9,everton,7af4896b-be30-5d5e-9119-e9efade2cada,Jarrad Branthwaite,DEF,LCB,1,90.0,0.6838217883374526,64.2712268956945,0.0,UNKNOWN,UNKNOWN,1.0,0.31617821166254745,-25.728773104305503,25.728773104305503,MAP_XI_FALSE_NEGATIVE,4-2-3-1,LB,LB,LB,structural,False,0.0,25.728773104305503
085aaeeb-84d3-58e5-8616-6a821bcd07d0,25,15,newcastle-united,d7693e44-9092-592e-b518-8da97eaf9fdf,Harvey Barnes,MID,RW,1,90.0,0.8320128360179541,64.32194769064192,0.0,UNKNOWN,UNKNOWN,1.0,0.16798716398204594,-25.67805230935808,25.67805230935808,MAP_XI_FALSE_NEGATIVE,4-3-3,LW,LW,LW,structural,False,0.0,25.67805230935808
4366c228-7c85-5d35-8048-663446bd1b28,25,11,leeds-united,8e67ff00-ad19-5384-8c44-acf0faf97249,Noah Okafor,MID,ST,1,81.0,0.6560567805437555,55.441314847245614,1.0,ST,3-5-2,1.0,0.3439432194562445,-25.558685152754386,25.558685152754386,OK,3-4-2-1,LAM,LAM,LAM,structural,False,0.0,25.558685152754386
0e68800a-19f1-5423-a940-7747c367f85b,27,15,newcastle-united,a5e7c659-813a-5a36-8fb6-3f0f74e37c40,Nick Woltemade,FWD,ST,1,59.0,0.3710727256536702,33.577909484449464,1.0,ST,4-3-3,1.0,0.6289272743463298,-25.422090515550536,25.422090515550536,OK,4-3-3,LCM,LCM,CM,structural,True,0.0,25.422090515550536
c6221f70-6420-50cb-a8d9-aba5294bf856,22,3,burnley,f01a999e-cac7-5aa8-a867-4257d2382021,Jaidon Anthony,MID,LW,1,90.0,0.7700027795466874,64.58522471397902,1.0,LW,3-4-3,1.0,0.2299972204533126,-25.414775286020983,25.414775286020983,OK,3-4-2-1,LAM,LAM,LAM,structural,False,0.0,25.414775286020983
dc1d8946-e5da-5a50-b228-61e8601bc305,23,13,manchester-city,70198e6a-5cf9-5344-a2c0-f1b71dfeeb5f,Bernardo Veiga de Carvalho e Silva,MID,RCM,1,90.0,0.7223689938612935,64.68442858058633,1.0,RCM,4-3-3,1.0,0.2776310061387065,-25.315571419413672,25.315571419413672,OK,4-1-4-1,LCM,LCM,DM,structural,True,0.0,25.315571419413672
e0ceee79-211e-5422-8a48-170a59ad8497,36,19,west-ham-united,17b6a342-b02c-5f36-a340-abadc722db36,El Hadji Malick Diouf,DEF,LB,1,90.0,0.8510909791157432,64.69324815994042,1.0,LB,4-4-2,1.0,0.14890902088425684,-25.306751840059576,25.306751840059576,OK,3-4-2-1,LWB,LWB,LWB,structural,False,0.0,25.306751840059576
7c7ef9d4-1e3b-5684-8a5f-8f641b36aa9d,24,10,fulham,bf6c1651-0779-512e-9c37-3b8ac8c14714,Alex Iwobi,MID,LAM,1,90.0,0.7452882270248458,64.91979681621139,0.0,UNKNOWN,UNKNOWN,1.0,0.25471177297515424,-25.08020318378861,25.08020318378861,MAP_XI_FALSE_NEGATIVE,4-2-3-1,RDM,RDM,LDM,structural,True,0.0,25.080203183788612
6b1ba362-3ee7-5a51-8722-835e7613942b,32,13,manchester-city,66ce5aaa-c0e9-5462-8a78-fae312616872,Antoine Semenyo,MID,ST,1,90.0,0.8552640967835307,64.98360412419355,1.0,RW,4-4-2,1.0,0.14473590321646934,-25.01639587580645,25.01639587580645,OK,4-2-3-1,RAM,RAM,RAM,structural,False,0.0,25.016395875806452
16495e99-1e75-5b2f-a337-1dfde9ddfe08,33,7,chelsea,c92d55cb-06d1-553d-aad7-f64c0de898a5,Moisés Caicedo Corozo,MID,RDM,1,90.0,0.7939261502356797,65.04189659029129,1.0,RDM,4-2-3-1,1.0,0.2060738497643203,-24.958103409708716,24.958103409708716,OK,4-4-1-1,LCM,LCM,RCB,structural,True,0.0,24.958103409708713
7771779b-354a-5626-9f0f-129de4d443ba,24,1,arsenal,0f08cbfd-21a3-57ae-9b9f-8692d62a6a24,Leandro Trossard,MID,LW,1,80.0,0.6354679176322823,55.07966151434814,1.0,LW,4-3-3,1.0,0.3645320823677177,-24.92033848565186,24.92033848565186,OK,4-2-3-1,LAM,LAM,LAM,structural,False,0.0,24.92033848565186
9d7e2609-879a-5940-b916-fce719c34570,32,11,leeds-united,c550c5c9-6be9-5d60-a724-ed8b1d333548,Brenden Aaronson,MID,LW,1,85.0,0.899132063606465,60.098529870091866,0.0,UNKNOWN,UNKNOWN,1.0,0.10086793639353497,-24.90147012990813,24.90147012990813,MAP_XI_FALSE_NEGATIVE,3-4-1-2,ST,ST,CAM,structural,True,0.0,24.901470129908134
94fcf566-2f2f-5764-a094-bd41afb36a13,28,15,newcastle-united,49545ac1-d9f9-5a0a-b1f5-5bbeeb1bb7f6,Anthony Gordon,MID,LW,1,85.0,0.7603292129722097,60.13872979502395,1.0,LW,4-3-3,1.0,0.23967078702779032,-24.86127020497605,24.86127020497605,OK,4-3-3,ST,ST,ST,structural,False,0.0,24.86127020497605
7313aaff-81b0-56c8-87cc-36234384a14a,31,15,newcastle-united,8385a2b5-f514-5b12-aa58-82c05b0c3586,Jacob Ramsey,MID,RCM,1,90.0,0.7546127951701979,65.18246774936806,1.0,RCM,4-4-2,1.0,0.24538720482980214,-24.817532250631945,24.817532250631945,OK,4-2-3-1,LDM,LDM,LDM,structural,False,0.0,24.817532250631942
5556a528-cdc7-5a14-8fd1-7f9b7820b711,32,6,brighton-hove-albion,f6f6439f-07ed-5fba-988d-36a0c8ad3580,Yankuba Minteh,MID,RAM,1,79.0,0.6310968037514559,54.210767888250864,1.0,RAM,4-2-3-1,1.0,0.36890319624854406,-24.789232111749136,24.789232111749136,OK,4-2-3-1,LAM,LAM,LAM,structural,False,0.0,24.789232111749136
37e41f76-f980-5cb3-9fc3-a71eeebed4f1,28,8,crystal-palace,0f20e713-a3d1-5036-b0b2-e9f32d1bc66f,Jaydee Canvot,DEF,RCB,1,90.0,0.698686603013352,65.2792864879802,0.0,UNKNOWN,UNKNOWN,1.0,0.30131339698664805,-24.7207135120198,24.7207135120198,MAP_XI_FALSE_NEGATIVE,3-4-2-1,LCB,LCB,CB,structural,True,0.0,24.7207135120198
8a8173fc-ec21-5f23-879c-3fb3c88918a2,27,7,chelsea,653dcb32-98a1-5bdb-afc4-4dcee772c921,Pedro Lomba Neto,MID,RAM,1,87.0,0.5740909180765039,62.31657141610712,1.0,LAM,4-2-3-1,1.0,0.4259090819234961,-24.683428583892884,24.683428583892884,OK,4-2-3-1,LAM,LAM,LAM,structural,False,0.0,24.683428583892884
79323fcf-ead5-5ef9-b1be-d211787d4251,29,14,manchester-united,c2bb5215-da9d-515a-81f0-604c302f3078,Noussair Mazraoui,DEF,RCB,1,84.0,0.6946499449590638,59.33301314476292,0.0,UNKNOWN,UNKNOWN,1.0,0.30535005504093615,-24.66698685523708,24.66698685523708,MAP_XI_FALSE_NEGATIVE,4-2-3-1,RB,RB,RB,structural,False,0.0,24.666986855237077
1e0e866b-bb70-545e-b6dc-8a8424b208c6,23,12,liverpool,0ffc6ec2-ca3e-5db4-8ebf-a8eba45464b9,Joseph Gomez,DEF,RB,1,33.0,0.1567427207592503,8.363752255860977,0.0,UNKNOWN,UNKNOWN,1.0,0.8432572792407497,-24.636247744139023,24.636247744139023,LOW_PSTART_STARTED,4-2-2-2,RCB,RCB,RCB,structural,False,0.0,24.636247744139023
57b20b8b-c663-5991-a397-771f728fd27c,33,1,arsenal,70c234df-f148-59b3-b1f9-6d390e9cf562,Noni Madueke,MID,RAM,1,45.0,0.3425805346190018,20.480030850617453,1.0,RAM,4-2-3-1,1.0,0.6574194653809982,-24.519969149382547,24.519969149382547,OK,4-3-3,RW,RW,RW,structural,False,0.0,24.519969149382547
f0affde3-2d1e-534c-9399-e7418e760196,37,17,sunderland,2e06beff-d060-52c5-b090-ef85e142bc03,Trai Hume,DEF,LB,1,59.0,0.9156064804173808,83.4069514080405,1.0,RAM,4-2-3-1,1.0,0.0843935195826192,24.4069514080405,24.4069514080405,OK,4-2-3-1,RAM,RAM,RDM,structural,True,0.0,24.4069514080405
3a27d648-a23e-5b47-aa0b-a8ecf1d098b4,25,18,tottenham-hotspur,658b9548-4dbd-5b98-890b-0bb35c8a5625,Wilson Odobert,MID,RAM,1,31.0,0.53410999350613,55.25705541442058,1.0,RAM,4-2-3-1,1.0,0.46589000649387,24.257055414420584,24.257055414420584,OK,4-3-3,RW,RW,RW,structural,False,0.0,24.257055414420577
57b20b8b-c663-5991-a397-771f728fd27c,33,13,manchester-city,70198e6a-5cf9-5344-a2c0-f1b71dfeeb5f,Bernardo Veiga de Carvalho e Silva,MID,CAM,1,90.0,0.7392525556174177,65.92279630726419,1.0,RCM,4-4-2,1.0,0.26074744438258235,-24.077203692735807,24.077203692735807,OK,4-2-3-1,RDM,RDM,LDM,structural,True,0.0,24.077203692735807
0cd96418-d40d-591e-8b10-b423d657377d,33,13,manchester-city,70198e6a-5cf9-5344-a2c0-f1b71dfeeb5f,Bernardo Veiga de Carvalho e Silva,MID,CAM,1,90.0,0.7392525556174177,65.92279630726419,1.0,RCM,4-4-2,1.0,0.26074744438258235,-24.077203692735807,24.077203692735807,OK,4-2-3-1,RDM,RDM,RDM,structural,False,0.0,24.077203692735807
cd31646e-3d5b-5b6b-97a2-0f706664986c,35,11,leeds-united,8e67ff00-ad19-5384-8c44-acf0faf97249,Noah Okafor,MID,LAM,1,64.0,0.5728267481768062,39.942051783826166,1.0,LAM,3-4-2-1,1.0,0.42717325182319377,-24.057948216173838,24.057948216173838,OK,3-5-2,ST,ST,ST,structural,False,0.0,24.057948216173834
58063874-83a0-58d3-88f4-272c896d19f4,37,6,brighton-hove-albion,2158389c-94df-554d-8089-885e17fa9cbe,Carlos Baleba,MID,RDM,1,81.0,0.7248372554537565,57.0308862979522,1.0,RDM,4-2-3-1,1.0,0.27516274454624345,-23.9691137020478,23.9691137020478,OK,4-2-3-1,LDM,LDM,LDM,structural,False,0.0,23.9691137020478
7729aaf4-dd5e-5f38-a0a4-430fccf34c7c,30,17,sunderland,e5098785-f2ed-5b29-af5e-f569a62ab2c0,Noah Sadiki,MID,LDM,1,90.0,0.7331149438127441,66.07732255179818,1.0,LDM,4-2-3-1,1.0,0.2668850561872559,-23.922677448201824,23.922677448201824,OK,4-1-4-1,LCM,LCM,LCM,structural,False,0.0,23.922677448201824
bdf85bea-b20c-50f1-8dd7-c1351c7015e0,28,18,tottenham-hotspur,8e00491e-df3c-59d8-8196-500825daf087,João Palhinha Gonçalves,MID,RDM,1,90.0,0.7583861663048299,66.28352047023229,0.0,UNKNOWN,UNKNOWN,1.0,0.2416138336951701,-23.71647952976771,23.71647952976771,MAP_XI_FALSE_NEGATIVE,4-4-2,LCM,LCM,LCM,structural,False,0.0,23.71647952976771
5c86a947-9f04-5f6a-8730-ff79513f254e,35,15,newcastle-united,b5144153-3ffb-56d4-89c7-cf4cc50a101e,Jacob Murphy,MID,RW,1,67.0,0.5103427067546032,43.365571140548205,1.0,RW,4-3-3,1.0,0.48965729324539675,-23.634428859451795,23.634428859451795,OK,4-2-3-1,RAM,RAM,RAM,structural,False,0.0,23.634428859451795
7313aaff-81b0-56c8-87cc-36234384a14a,31,15,newcastle-united,fe525ab5-78d1-5766-a583-9b76113d2d57,Sven Botman,DEF,LCB,1,53.0,0.8411148342345237,76.57006030322394,1.0,LCB,4-4-2,1.0,0.1588851657654763,23.57006030322394,23.57006030322394,OK,4-2-3-1,RCB,RCB,RCB,structural,False,0.0,23.57006030322394
b301f28c-fc51-5c77-a542-a88c0f632cb3,38,16,nottingham-forest,c648214a-7d9c-5efe-aa6f-da16039cd486,Omari Hutchinson,MID,RAM,1,77.0,0.6859506146865433,53.46248649169179,1.0,RAM,4-2-3-1,1.0,0.3140493853134567,-23.53751350830821,23.53751350830821,OK,4-4-2,RW,RW,RW,structural,False,0.0,23.53751350830821
8a75a887-d709-591e-8651-c5160a6f23f9,29,4,afc-bournemouth,8ddc00f8-7aec-56e5-a5ba-d916b5ee5129,Marcus Tavernier,MID,CAM,1,90.0,0.8102894034784109,66.62959646523568,0.0,UNKNOWN,UNKNOWN,1.0,0.18971059652158906,-23.37040353476432,23.37040353476432,MAP_XI_FALSE_NEGATIVE,4-2-3-1,LAM,LAM,LAM,structural,False,0.0,23.37040353476432
3a30f4e1-3142-58d9-9e6c-52cb2fb9f8b8,27,12,liverpool,b8cff13d-168c-5c65-ad52-99b0426b08f2,Dominik Szoboszlai,MID,RAM,1,90.0,0.740635410670561,66.71728847208314,1.0,RB,4-2-3-1,1.0,0.25936458932943895,-23.28271152791686,23.28271152791686,OK,4-2-3-1,RB,RB,RCB,structural,True,0.0,23.28271152791686
cd31646e-3d5b-5b6b-97a2-0f706664986c,35,11,leeds-united,9066de74-0bf4-5c6d-8a3f-3b977b735a67,Anton Stach,MID,LCM,1,71.0,0.5279309689519454,47.73215609328591,1.0,LCM,3-4-2-1,1.0,0.47206903104805464,-23.26784390671409,23.26784390671409,OK,3-5-2,RCM,RCM,RCM,structural,False,0.0,23.26784390671409
25988556-93c6-5dfd-b380-96f4dd98805b,36,5,brentford,e4c8a2d7-919b-5751-8fe8-5d4c55df8256,Kevin Schade,MID,LAM,1,90.0,0.8247706287938318,66.79652349330483,1.0,LAM,4-2-3-1,1.0,0.17522937120616822,-23.203476506695168,23.203476506695168,OK,4-4-2,ST,ST,ST,structural,False,0.0,23.203476506695168
b18a9593-998b-5025-9442-b11f2c52f46c,33,3,burnley,c59d2c13-36a9-56b4-b9fc-1462e5df19fc,Florentino Ibrain Morris Luís,MID,LCM,1,82.0,0.7062877512976362,58.83281797468006,1.0,LCM,3-4-2-1,1.0,0.2937122487023638,-23.16718202531994,23.16718202531994,OK,4-2-3-1,LDM,LDM,LAM,structural,True,0.0,23.16718202531994
9fb7fb28-1745-597c-aab4-27fb0e6c5383,28,11,leeds-united,9066de74-0bf4-5c6d-8a3f-3b977b735a67,Anton Stach,MID,LCM,1,90.0,0.8117712754484143,66.89789798429413,0.0,UNKNOWN,UNKNOWN,1.0,0.18822872455158568,-23.102102015705867,23.102102015705867,MAP_XI_FALSE_NEGATIVE,5-4-1,RW,RW,RW,structural,False,0.0,23.102102015705867
0a9d6243-8e34-53a1-aac3-295adbb204df,29,1,arsenal,a8d1cfeb-4f1e-53fc-a90a-4610ccf746c6,Declan Rice,MID,LCM,1,90.0,0.8690875482343917,66.99689339858575,1.0,LCM,4-3-3,1.0,0.13091245176560828,-23.003106601414245,23.003106601414245,OK,4-2-3-1,LDM,LDM,LDM,structural,False,0.0,23.003106601414245
79323fcf-ead5-5ef9-b1be-d211787d4251,29,14,manchester-united,85474434-c2d2-5904-bdbc-d8e7b1e46db0,Harry Maguire,DEF,RCB,1,90.0,0.7874319680584572,66.9975425762754,1.0,LCB,4-2-3-1,1.0,0.21256803194154283,-23.002457423724596,23.002457423724596,OK,4-2-3-1,LCB,LCB,LCB,structural,False,0.0,23.002457423724593
bdf85bea-b20c-50f1-8dd7-c1351c7015e0,28,18,tottenham-hotspur,c99e7187-586e-5722-8e10-93fd50f92627,Xavi Simons,MID,CAM,1,57.0,0.8802205239046583,79.9391363222554,0.0,UNKNOWN,UNKNOWN,1.0,0.11977947609534167,22.939136322255397,22.939136322255397,MAP_XI_FALSE_NEGATIVE,4-4-2,LW,LW,LW,structural,False,0.0,22.939136322255393
ec96ab00-9497-5a3e-b3ca-317abf912d08,26,3,burnley,9d1de056-bbbd-54d4-a192-06c57ccb0fd6,Hannibal Mejbri,MID,RCM,1,82.0,0.6299317818858584,59.08906728609119,0.0,UNKNOWN,UNKNOWN,1.0,0.3700682181141416,-22.910932713908807,22.910932713908807,MAP_XI_FALSE_NEGATIVE,3-4-2-1,LCM,LCM,LWB,structural,True,0.0,22.910932713908807
0cd96418-d40d-591e-8b10-b423d657377d,33,3,burnley,0db48051-eb1a-516f-b185-a0846d6f83e1,Hjalmar Ekdal,DEF,RCB,1,90.0,0.7406129977909042,67.11875948816794,1.0,CB,3-4-2-1,1.0,0.25938700220909583,-22.88124051183206,22.88124051183206,OK,5-4-1,CB,CB,CB,structural,False,0.0,22.88124051183206
17a9d946-6355-53b8-baf6-c49011bd1d69,30,11,leeds-united,e5ce8638-ef71-56e5-ae05-c0e425118aa3,James Justin,DEF,RCB,1,90.0,0.8913696268854602,67.12247056419828,0.0,UNKNOWN,UNKNOWN,1.0,0.10863037311453982,-22.87752943580172,22.87752943580172,MAP_XI_FALSE_NEGATIVE,3-4-1-2,RWB,RWB,LCM,structural,True,0.0,22.87752943580172
318ad40d-b456-558d-bca7-c9fa1aed3f94,29,16,nottingham-forest,dfe46c71-1b4e-5387-a3a0-4accc6dc5b39,Olu Aina,DEF,RB,1,90.0,0.8171441760944748,67.16594627526979,1.0,RB,4-2-3-1,1.0,0.18285582390552524,-22.83405372473021,22.83405372473021,OK,5-3-2,RWB,RWB,RCB,structural,True,0.0,22.83405372473021
47e684ca-483b-5eca-8ec1-c94a86f9452a,28,3,burnley,f5da0015-9c1c-5ba2-a447-9fc51ceed482,Josh Laurent,MID,RCB,1,45.0,0.7819742366707914,67.8175687389587,1.0,RCB,3-4-2-1,1.0,0.21802576332920864,22.8175687389587,22.8175687389587,OK,3-4-2-1,RWB,RWB,RWB,structural,False,0.0,22.8175687389587
94ee8d5f-04da-5a31-92b9-3e1fbea7f464,27,20,wolverhampton-wanderers,ef5625b9-1910-5982-85f1-1966467ad375,Adam Armstrong,FWD,ST,1,62.0,0.9317690935151062,84.71994760945645,1.0,ST,3-5-2,1.0,0.06823090648489383,22.71994760945645,22.71994760945645,OK,3-4-2-1,RAM,RAM,RAM,structural,False,0.0,22.719947609456455
b301f28c-fc51-5c77-a542-a88c0f632cb3,38,16,nottingham-forest,89ca84c0-8f48-5f1a-913d-799d45f1691e,Elliot Anderson,MID,LDM,1,64.0,0.9397807340572328,86.7069128294575,1.0,LDM,4-2-3-1,1.0,0.060219265942767164,22.70691282945749,22.70691282945749,OK,4-4-2,LCM,LCM,LCM,structural,False,0.0,22.706912829457494
7c80f6d1-598d-5dcc-b7e4-44865b2ed593,23,6,brighton-hove-albion,a07371ec-857a-5545-8632-0e982ad6b1be,Kaoru Mitoma,MID,LAM,1,90.0,0.6972850418148538,67.44136196221181,1.0,LAM,4-2-3-1,1.0,0.30271495818514615,-22.558638037788185,22.558638037788185,OK,4-3-3,LW,LW,LW,structural,False,0.0,22.558638037788185
3d697222-511a-5186-8b43-b412dd31f564,28,6,brighton-hove-albion,bec3b39e-5fff-5ae4-a7ba-ba525d5b3911,Diego Gómez,MID,RW,1,85.0,0.795478672921975,62.523010450435685,1.0,RW,4-3-3,1.0,0.20452132707802495,-22.476989549564315,22.476989549564315,OK,4-2-3-1,RAM,RAM,RAM,structural,False,0.0,22.476989549564315
73cbcb0c-704f-544b-98be-2945eb6c0891,24,9,everton,dea12abc-e8dd-5839-b626-0cb7e72e9a26,Iliman Ndiaye,MID,RAM,1,90.0,0.7490942583113293,67.54858705140606,1.0,RAM,4-2-3-1,1.0,0.25090574168867075,-22.45141294859394,22.45141294859394,OK,4-2-3-1,LAM,LAM,LAM,structural,False,0.0,22.45141294859394
f82cddfd-b545-5509-9c99-a1ae615e0130,38,3,burnley,032150f9-1246-5989-8ac4-532f1e3bce74,Lesley Ugochukwu,MID,RCM,1,74.0,0.6495711017250577,51.57567329801334,1.0,RCM,3-4-2-1,1.0,0.3504288982749423,-22.424326701986654,22.424326701986654,OK,4-2-3-1,LDM,LDM,LDM,structural,False,0.0,22.424326701986658
7c7ef9d4-1e3b-5684-8a5f-8f641b36aa9d,24,14,manchester-united,65910bcc-31a9-56bb-ba12-74e687cd31ec,Amad Diallo,MID,RWB,1,90.0,0.770081380642774,67.5768799998254,1.0,RWB,3-4-2-1,1.0,0.22991861935722602,-22.42312000017461,22.42312000017461,OK,4-2-3-1,RAM,RAM,RAM,structural,False,0.0,22.423120000174606
3ee1da64-d7ba-53cf-918f-e24fe92a6eb6,22,16,nottingham-forest,18a6f100-002a-5b0b-8366-87056d767a12,Callum Hudson-Odoi,MID,LAM,1,90.0,0.7268965783443511,67.59305460008729,1.0,LAM,4-2-3-1,1.0,0.27310342165564894,-22.406945399912715,22.406945399912715,OK,4-2-3-1,RAM,RAM,CAM,structural,True,0.0,22.406945399912715
7313aaff-81b0-56c8-87cc-36234384a14a,31,15,newcastle-united,a5e7c659-813a-5a36-8fb6-3f0f74e37c40,Nick Woltemade,FWD,ST,1,64.0,0.6051071226144218,41.61191833613636,1.0,ST,4-4-2,1.0,0.3948928773855782,-22.388081663863645,22.388081663863645,OK,4-2-3-1,CAM,CAM,CAM,structural,False,0.0,22.388081663863638
30cc90ed-8f7d-5817-97c3-29b9acd76a4c,24,20,wolverhampton-wanderers,bc4b8805-6f13-565d-a977-295468e6a0cb,Rodrigo Martins Gomes,DEF,LW,1,70.0,0.4362924792085718,47.65821914084901,0.0,UNKNOWN,UNKNOWN,1.0,0.5637075207914282,-22.341780859150987,22.341780859150987,MAP_XI_FALSE_NEGATIVE,3-5-2,RWB,RWB,RWB,structural,False,0.0,22.341780859150987
3886cdbf-b8bc-5850-8a2a-d84384ac71f7,32,20,wolverhampton-wanderers,15d02b2c-303d-5403-b3ee-c1bb398578ae,Angel Gomes,MID,RCM,1,60.0,0.2482776268881011,37.67806370386578,0.0,UNKNOWN,UNKNOWN,1.0,0.7517223731118989,-22.32193629613422,22.32193629613422,MAP_XI_FALSE_NEGATIVE,3-5-1-1,CAM,CAM,CAM,structural,False,0.0,22.32193629613422
de9a09f3-6021-5322-bb75-a6a0dc72d91d,22,8,crystal-palace,234b9ca0-1d3a-52c1-ae12-d422a588485e,Justin Devenny,MID,RAM,1,90.0,0.6970332244611989,67.74420000639962,0.0,UNKNOWN,UNKNOWN,1.0,0.30296677553880114,-22.255799993600377,22.255799993600377,MAP_XI_FALSE_NEGATIVE,3-4-2-1,RWB,RWB,RWB,structural,False,0.0,22.255799993600377
09eed520-5d17-51e8-8b91-f6b3a3579507,31,5,brentford,e4c8a2d7-919b-5751-8fe8-5d4c55df8256,Kevin Schade,MID,LAM,1,76.0,0.683017717918325,53.75275980614657,1.0,LAM,4-2-3-1,1.0,0.316982282081675,-22.24724019385343,22.24724019385343,OK,5-3-2,ST,ST,ST,structural,False,0.0,22.24724019385343
b5ed6c3e-25b0-50e3-8e36-86250fd00a0b,30,4,afc-bournemouth,0832a3fd-b90b-54b3-8f2a-3ce07cc7b6bc,Rayan Vitor Simplício Rocha,MID,RAM,1,86.0,0.7967550485613581,63.93130239970596,1.0,RAM,4-2-3-1,1.0,0.20324495143864185,-22.06869760029404,22.06869760029404,OK,4-2-3-1,LAM,LAM,LAM,structural,False,0.0,22.068697600294037
3a27d648-a23e-5b47-aa0b-a8ecf1d098b4,25,18,tottenham-hotspur,976cba43-39e3-5bd2-a17b-74524487c441,Archie Gray,MID,LDM,1,90.0,0.7177193322683997,68.03421399222468,1.0,LDM,4-2-3-1,1.0,0.2822806677316003,-21.96578600777532,21.96578600777532,OK,4-3-3,RB,RB,RB,structural,False,0.0,21.96578600777532
ecd48097-3a63-58b6-a353-65332e720c42,32,17,sunderland,e5098785-f2ed-5b29-af5e-f569a62ab2c0,Noah Sadiki,MID,LCM,1,90.0,0.7545397371324122,68.03903718361067,1.0,LCM,4-4-2,1.0,0.24546026286758782,-21.960962816389326,21.960962816389326,OK,4-2-3-1,RDM,RDM,LAM,structural,True,0.0,21.960962816389326
5766fb4a-8b72-52a7-9737-b231937d4d3c,30,12,liverpool,abc5ff85-af28-52a6-899e-59f93406af42,Jeremie Frimpong,DEF,RB,1,63.0,0.52985679055426,41.04759766337239,1.0,RB,4-2-3-1,1.0,0.47014320944573995,-21.952402336627607,21.952402336627607,OK,4-2-3-1,RAM,RAM,RAM,structural,False,0.0,21.952402336627607
081f5491-2f1e-5422-bb74-cd9ec55d87c9,26,13,manchester-city,70198e6a-5cf9-5344-a2c0-f1b71dfeeb5f,Bernardo Veiga de Carvalho e Silva,MID,RCM,1,59.0,0.8655030293181113,80.94942734814809,1.0,RCM,4-4-2,1.0,0.1344969706818887,21.94942734814809,21.94942734814809,OK,4-1-3-2,CAM,CAM,RAM,structural,True,0.0,21.94942734814809
dfe891e4-ce71-5e78-94ea-cee9d70885e6,36,3,burnley,7271dade-6e34-5b7d-850a-ff0969f7a26e,Loum Tchaouna,MID,RW,1,90.0,0.7483686271066698,68.05481168302268,1.0,RW,3-4-3,1.0,0.25163137289333015,-21.945188316977323,21.945188316977323,OK,4-2-3-1,RAM,RAM,RAM,structural,False,0.0,21.945188316977323
39b8a542-1ee7-5117-ab73-ee2227c88c33,33,15,newcastle-united,8385a2b5-f514-5b12-aa58-82c05b0c3586,Jacob Ramsey,MID,RCM,1,61.0,0.3702792254261088,39.09002808875879,0.0,UNKNOWN,UNKNOWN,1.0,0.6297207745738912,-21.90997191124121,21.90997191124121,MAP_XI_FALSE_NEGATIVE,4-3-3,LCM,LCM,LCM,structural,False,0.0,21.909971911241207
d123315a-55ef-56e3-b21e-2aa9ff130593,23,14,manchester-united,be977983-b55e-52b9-96d5-b98b8b42edbb,Bryan Mbeumo,MID,RAM,1,68.0,0.6565627353959729,46.11929034617419,1.0,RAM,3-4-2-1,1.0,0.3434372646040271,-21.88070965382581,21.88070965382581,OK,4-2-3-1,ST,ST,ST,structural,False,0.0,21.88070965382581
02c1a42f-1cb3-5453-a3e8-cca6c129d901,33,17,sunderland,53bfdbe9-b833-5ee6-b24f-4b838a2a0fa6,Nordi Mukiele,DEF,RCB,1,90.0,0.8409920354396513,68.17042919380059,1.0,RB,4-2-3-1,1.0,0.1590079645603487,-21.829570806199413,21.829570806199413,OK,4-2-3-1,RB,RB,RB,structural,False,0.0,21.829570806199413
ecd48097-3a63-58b6-a353-65332e720c42,32,17,sunderland,66bc60f5-fa76-5fa0-a7ca-b9f126393376,Granit Xhaka,MID,RDM,1,90.0,0.7011267062740278,68.21985476734264,0.0,UNKNOWN,UNKNOWN,1.0,0.29887329372597216,-21.78014523265736,21.78014523265736,MAP_XI_FALSE_NEGATIVE,4-2-3-1,LDM,LDM,RDM,structural,True,0.0,21.78014523265736
0e68800a-19f1-5423-a940-7747c367f85b,27,15,newcastle-united,7d97f99a-8163-5c05-a74a-5dd9794bd812,Dan Burn,DEF,LB,1,90.0,0.7469971118238861,68.24036128645498,0.0,UNKNOWN,UNKNOWN,1.0,0.25300288817611394,-21.759638713545016,21.759638713545016,MAP_XI_FALSE_NEGATIVE,4-3-3,LCB,LCB,LCB,structural,False,0.0,21.759638713545016
b05d8bbc-90bb-57d4-a3ff-25dce53593e4,37,3,burnley,9d1de056-bbbd-54d4-a192-06c57ccb0fd6,Hannibal Mejbri,MID,LCM,1,69.0,0.6223655677062775,47.271054450332784,0.0,UNKNOWN,UNKNOWN,1.0,0.3776344322937225,-21.728945549667216,21.728945549667216,MAP_XI_FALSE_NEGATIVE,4-2-3-1,CAM,CAM,CAM,structural,False,0.0,21.728945549667216
10d060ee-1672-5636-98a1-8b9e8f3f850d,29,11,leeds-united,474896af-e9ef-5bb3-b82b-79c2fb8c891e,Jayden Bogle,DEF,RWB,1,83.0,0.7825082204202213,61.28178286232716,1.0,RWB,3-5-2,1.0,0.21749177957977872,-21.71821713767284,21.71821713767284,OK,4-5-1,RW,RW,RW,structural,False,0.0,21.718217137672838
47e684ca-483b-5eca-8ec1-c94a86f9452a,28,3,burnley,956e0ed0-2170-56bf-913d-61d007270278,Bashir Humphreys,DEF,LCB,1,90.0,0.7516533953708304,68.38822665774214,0.0,UNKNOWN,UNKNOWN,1.0,0.24834660462916958,-21.611773342257862,21.611773342257862,MAP_XI_FALSE_NEGATIVE,3-4-2-1,RCB,RCB,RCB,structural,False,0.0,21.611773342257862
13a06bbe-773c-5050-a81a-5cecf3bc57eb,25,9,everton,4788a762-a8dd-587b-88ad-eb1d2f51ec12,Harrison Armstrong,MID,CAM,1,68.0,0.5742205661158304,46.39294497725681,0.0,UNKNOWN,UNKNOWN,1.0,0.4257794338841696,-21.60705502274319,21.60705502274319,MAP_XI_FALSE_NEGATIVE,4-2-3-1,LAM,LAM,CAM,structural,True,0.0,21.60705502274319
728090a6-8bed-5bb5-ba22-55caa5d0f65a,37,5,brentford,e5d36ad0-dba5-56c7-a5d2-b091b2fa1b0d,Mathias Jensen,MID,LDM,1,62.0,0.9129936750686048,83.32469544674406,1.0,LDM,4-2-3-1,1.0,0.08700632493139515,21.32469544674406,21.32469544674406,OK,4-2-3-1,CAM,CAM,CAM,structural,False,0.0,21.32469544674406
f2500cd6-3213-514b-bc50-11600f2a02df,24,18,tottenham-hotspur,3a736c36-502e-5f12-a3a0-3a915cdfdf76,Randal Kolo Muani,FWD,ST,1,67.0,0.4034179320918187,45.775190414956526,1.0,ST,4-2-3-1,1.0,0.5965820679081812,-21.224809585043477,21.224809585043477,OK,3-4-2-1,RAM,RAM,ST,structural,True,0.0,21.224809585043474
3b0bba38-af04-5460-b39f-e5c32eaf27ff,36,16,nottingham-forest,df240c75-117c-5865-8931-093b55e8d7fd,Luca Netz,DEF,LB,1,82.0,0.6311149722500315,60.79088259911504,0.0,UNKNOWN,UNKNOWN,1.0,0.36888502774996845,-21.209117400884963,21.209117400884963,MAP_XI_FALSE_NEGATIVE,3-4-2-1,LWB,LWB,LWB,structural,False,0.0,21.209117400884963
c843cd2e-5dfa-5148-ae4c-944a685f95dc,26,18,tottenham-hotspur,44d564d8-1d6f-5d92-906d-972644650a55,Yves Bissouma,MID,LCM,1,45.0,0.2400428205233536,23.8076720523878,0.0,UNKNOWN,UNKNOWN,1.0,0.7599571794766464,-21.1923279476122,21.1923279476122,MAP_XI_FALSE_NEGATIVE,4-3-3,CM,CM,RCM,structural,True,0.0,21.1923279476122
800418ef-112a-5f8a-9aae-e47025aa529d,25,19,west-ham-united,7464bba2-d459-5382-a1a5-4bc52ebe7af2,Callum Wilson,FWD,ST,1,56.0,0.2949822118282798,34.819693314302214,1.0,ST,4-4-2,1.0,0.7050177881717202,-21.180306685697783,21.180306685697783,OK,4-4-1-1,CAM,CAM,ST,structural,True,0.0,21.180306685697786
ebb30294-ec65-5a92-a141-2fa11e9b549c,30,19,west-ham-united,17b6a342-b02c-5f36-a340-abadc722db36,El Hadji Malick Diouf,DEF,LB,1,90.0,0.7499653342422223,68.92381467392919,1.0,LB,4-4-2,1.0,0.25003466575777766,-21.076185326070814,21.076185326070814,OK,3-4-2-1,LWB,LWB,LWB,structural,False,0.0,21.076185326070814
47e684ca-483b-5eca-8ec1-c94a86f9452a,28,3,burnley,f33e474a-8556-5f17-915d-49956a1c0f64,Jacob Bruun Larsen,MID,LW,1,45.0,0.3039061779044412,24.03327399075669,0.0,UNKNOWN,UNKNOWN,1.0,0.6960938220955588,-20.966726009243303,20.966726009243303,MAP_XI_FALSE_NEGATIVE,3-4-2-1,RAM,RAM,ST,structural,True,0.0,20.96672600924331
622cfd32-fefc-538b-92e0-7c761e8052b4,30,7,chelsea,5b51fc3a-1f45-56e1-9ecc-0bda87474227,Enzo Fernández,MID,LDM,1,90.0,0.8316581935914364,69.04194314782528,1.0,LDM,4-2-3-1,1.0,0.16834180640856355,-20.95805685217472,20.95805685217472,OK,4-2-3-1,CAM,CAM,RDM,structural,True,0.0,20.95805685217472
99445e05-228b-5b5b-b1fd-ade1bcefe99a,33,18,tottenham-hotspur,3a736c36-502e-5f12-a3a0-3a915cdfdf76,Randal Kolo Muani,FWD,ST,1,56.0,0.813689557087241,76.70054457897923,1.0,RW,4-4-2,1.0,0.186310442912759,20.700544578979237,20.700544578979237,OK,4-3-3,RW,RW,RW,structural,False,0.0,20.700544578979233
54675f42-95ba-5491-a3fd-06557d576830,31,12,liverpool,3662a836-64ae-524d-ac5d-6c64245981a2,Cody Gakpo,MID,LAM,1,90.0,0.8433595082280934,69.40131545063127,1.0,LAM,4-2-3-1,1.0,0.15664049177190664,-20.598684549368727,20.598684549368727,OK,4-3-1-2,ST,ST,ST,structural,False,0.0,20.598684549368727
02c1a42f-1cb3-5453-a3e8-cca6c129d901,33,17,sunderland,98e68e85-52f1-5832-b572-18ffcbfa3d40,Luke O'Nien,DEF,RB,1,90.0,0.7290816435106937,69.63543465266956,0.0,UNKNOWN,UNKNOWN,1.0,0.2709183564893063,-20.36456534733044,20.36456534733044,MAP_XI_FALSE_NEGATIVE,4-2-3-1,RCB,RCB,RCB,structural,False,0.0,20.36456534733044
e793b103-c5db-5d62-9227-c3f3b84c30aa,26,14,manchester-united,e037fafa-e08a-50a4-8014-a43e6c2d13a4,Carlos Henrique Casimiro,MID,RCM,1,90.0,0.8177848210545381,69.72867896765634,1.0,RDM,4-2-3-1,1.0,0.1822151789454619,-20.271321032343664,20.271321032343664,OK,4-2-3-1,LDM,LDM,RDM,structural,True,0.0,20.271321032343664
02c1a42f-1cb3-5453-a3e8-cca6c129d901,33,2,aston-villa,77f6a9da-b2d4-5034-84c5-2580945368b8,Morgan Rogers,MID,CAM,1,90.0,0.8932863293936129,69.79639134426765,1.0,CAM,4-2-3-1,1.0,0.10671367060638715,-20.203608655732356,20.203608655732356,OK,4-2-3-1,LAM,LAM,LAM,structural,False,0.0,20.203608655732353
4366c228-7c85-5d35-8048-663446bd1b28,25,11,leeds-united,c550c5c9-6be9-5d60-a724-ed8b1d333548,Brenden Aaronson,MID,RCM,1,77.0,0.7615608553850359,56.88583998398423,0.0,UNKNOWN,UNKNOWN,1.0,0.23843914461496407,-20.114160016015774,20.114160016015774,MAP_XI_FALSE_NEGATIVE,3-4-2-1,RAM,RAM,RAM,structural,False,0.0,20.114160016015767
57b20b8b-c663-5991-a397-771f728fd27c,33,13,manchester-city,eebb4710-6fe9-53e9-81e0-a650547126a0,Rayan Cherki,MID,RAM,1,84.0,0.7762801370985848,63.91462657290379,0.0,UNKNOWN,UNKNOWN,1.0,0.2237198629014152,-20.085373427096208,20.085373427096208,MAP_XI_FALSE_NEGATIVE,4-2-3-1,CAM,CAM,CAM,structural,False,0.0,20.085373427096208
cd31646e-3d5b-5b6b-97a2-0f706664986c,35,11,leeds-united,e5ce8638-ef71-56e5-ae05-c0e425118aa3,James Justin,DEF,RCB,1,90.0,0.7625420006216517,69.96619327273558,0.0,UNKNOWN,UNKNOWN,1.0,0.23745799937834833,-20.03380672726442,20.03380672726442,MAP_XI_FALSE_NEGATIVE,3-5-2,LWB,LWB,LWB,structural,False,0.0,20.03380672726442
3d697222-511a-5186-8b43-b412dd31f564,28,6,brighton-hove-albion,a5750705-f098-5007-84b9-214a2063f4c8,James Milner,MID,CM,1,85.0,0.5913536069806249,65.20659008478987,1.0,CM,4-3-3,1.0,0.4086463930193751,-19.79340991521013,19.79340991521013,OK,4-2-3-1,RDM,RDM,RDM,structural,False,0.0,19.793409915210134
765085cb-7964-5516-8303-f380c3d19685,27,17,sunderland,a213c4ca-4778-5981-91eb-7708f7294de0,Nilson Angulo,MID,LAM,1,69.0,0.5389082349275067,49.29527268937754,1.0,LAM,4-2-3-1,1.0,0.4610917650724933,-19.70472731062246,19.70472731062246,OK,4-1-4-1,LW,LW,LCM,structural,True,0.0,19.70472731062246
112601d1-209f-5611-b63b-01d0992c4ddd,26,11,leeds-united,e5ce8638-ef71-56e5-ae05-c0e425118aa3,James Justin,DEF,RCB,1,90.0,0.8110436716695693,70.38669023226842,1.0,RCB,3-5-2,1.0,0.18895632833043075,-19.61330976773158,19.61330976773158,OK,5-4-1,RWB,RWB,RWB,structural,False,0.0,19.61330976773158
3b0bba38-af04-5460-b39f-e5c32eaf27ff,36,15,newcastle-united,133b6e37-92c1-5dc9-a4dd-a5f957768626,Joelinton Cássio Apolinário de Lira,MID,LCM,1,90.0,0.7675897010107785,70.39476139498477,1.0,LCM,4-3-3,1.0,0.2324102989892215,-19.60523860501523,19.60523860501523,OK,4-2-3-1,LAM,LAM,LAM,structural,False,0.0,19.60523860501523
081f5491-2f1e-5422-bb74-cd9ec55d87c9,26,13,manchester-city,66ce5aaa-c0e9-5462-8a78-fae312616872,Antoine Semenyo,MID,RW,1,90.0,0.7806264705586055,70.46125209963638,1.0,RW,4-4-2,1.0,0.21937352944139454,-19.538747900363617,19.538747900363617,OK,4-1-3-2,ST,ST,ST,structural,False,0.0,19.538747900363617
8dde84af-e5b8-502a-977d-f16249e0c5a0,26,5,brentford,c5c12262-4fce-5d62-89d5-5e4ae2679565,Keane Lewis-Potter,DEF,RAM,1,72.0,0.5847811147813865,52.55236069929497,0.0,UNKNOWN,UNKNOWN,1.0,0.4152188852186135,-19.447639300705028,19.447639300705028,MAP_XI_FALSE_NEGATIVE,4-2-3-1,LAM,LAM,LAM,structural,False,0.0,19.447639300705028
b5ed6c3e-25b0-50e3-8e36-86250fd00a0b,30,4,afc-bournemouth,8ddc00f8-7aec-56e5-a5ba-d916b5ee5129,Marcus Tavernier,MID,CAM,1,90.0,0.7668808555362485,70.56408561486762,0.0,UNKNOWN,UNKNOWN,1.0,0.23311914446375148,-19.435914385132374,19.435914385132374,MAP_XI_FALSE_NEGATIVE,4-2-3-1,RAM,RAM,CAM,structural,True,0.0,19.435914385132378
b05d8bbc-90bb-57d4-a3ff-25dce53593e4,37,1,arsenal,79caa72c-19b1-5ed2-9eea-49bec88916b3,Eberechi Eze,MID,CAM,1,72.0,0.6714710440956794,52.571014339816365,1.0,CAM,4-2-3-1,1.0,0.32852895590432063,-19.428985660183635,19.428985660183635,OK,4-3-3,LCM,LCM,LCM,structural,False,0.0,19.428985660183635
8a8173fc-ec21-5f23-879c-3fb3c88918a2,27,7,chelsea,c92d55cb-06d1-553d-aad7-f64c0de898a5,Moisés Caicedo Corozo,MID,LDM,1,90.0,0.7766892722881173,70.67860862371697,1.0,RDM,4-2-3-1,1.0,0.22331072771188265,-19.32139137628303,19.32139137628303,OK,4-2-3-1,RDM,RDM,RDM,structural,False,0.0,19.32139137628303
c6221f70-6420-50cb-a8d9-aba5294bf856,22,3,burnley,145d420f-bb1d-5646-81b9-1baf31260fb4,Marcus Edwards,MID,RW,1,89.0,0.7047316987636035,69.72463706647352,1.0,RW,3-4-3,1.0,0.29526830123639647,-19.27536293352648,19.27536293352648,OK,3-4-2-1,RAM,RAM,RAM,structural,False,0.0,19.27536293352648
fd338246-8ad6-503a-aaa4-7c8328aae763,31,18,tottenham-hotspur,d4c29433-6018-52a2-83a9-429997023fab,Pedro Porro,DEF,RB,1,90.0,0.7961996965863906,70.73866763809434,1.0,RB,4-4-2,1.0,0.20380030341360944,-19.26133236190566,19.26133236190566,OK,4-4-2,RW,RW,RW,structural,False,0.0,19.26133236190566
03ba7107-f9dd-5a5e-8bcd-9aa4919ff36d,22,9,everton,513a08ed-3905-5e99-98a3-849492c9d389,Dwight McNeil,MID,LAM,1,90.0,0.8178177747163483,70.93943991578186,1.0,CAM,4-2-3-1,1.0,0.1821822252836517,-19.06056008421814,19.06056008421814,OK,4-2-3-1,RAM,RAM,RAM,structural,False,0.0,19.06056008421814
4969d7af-c9d1-5c54-8620-d87f0b49cff8,36,7,chelsea,762fd3f4-3f85-52c7-b5be-8c0c563cf25f,Andrey Nascimento dos Santos,MID,LDM,1,62.0,0.5717165739325484,43.11225792706594,1.0,LDM,4-2-3-1,1.0,0.4282834260674516,-18.88774207293406,18.88774207293406,OK,4-2-3-1,RDM,RDM,RDM,structural,False,0.0,18.88774207293406
239ea4cb-1b2e-5d4d-91ca-19aaa3980d39,23,15,newcastle-united,36a8b089-9a84-5fa6-ae4a-59a2994b9494,Lewis Miley,MID,RB,1,90.0,0.7338773216018998,71.1220684844262,1.0,RB,4-3-3,1.0,0.2661226783981002,-18.87793151557381,18.87793151557381,OK,4-3-3,RCM,RCM,RCM,structural,False,0.0,18.877931515573806
b05d8bbc-90bb-57d4-a3ff-25dce53593e4,37,3,burnley,93153394-38ee-5f40-9adb-90f4f3307e4e,Lucas Pires Silva,DEF,LWB,1,90.0,0.7570331898031527,71.13270798176227,1.0,LWB,3-4-2-1,1.0,0.2429668101968473,-18.86729201823773,18.86729201823773,OK,4-2-3-1,LB,LB,LB,structural,False,0.0,18.867292018237734
3a27d648-a23e-5b47-aa0b-a8ecf1d098b4,25,14,manchester-united,e037fafa-e08a-50a4-8014-a43e6c2d13a4,Carlos Henrique Casimiro,MID,RCM,1,86.0,0.8847379146957587,67.19558594036675,1.0,RDM,4-2-3-1,1.0,0.11526208530424131,-18.804414059633245,18.804414059633245,OK,4-2-3-1,RDM,RDM,RDM,structural,False,0.0,18.804414059633245
f82cddfd-b545-5509-9c99-a1ae615e0130,38,20,wolverhampton-wanderers,bc4b8805-6f13-565d-a977-295468e6a0cb,Rodrigo Martins Gomes,DEF,RAM,1,81.0,0.6702888117870364,62.2301814975485,1.0,RAM,3-4-2-1,1.0,0.32971118821296364,-18.7698185024515,18.7698185024515,OK,3-4-2-1,RWB,RWB,RWB,structural,False,0.0,18.7698185024515
875862ec-2f61-5965-8e94-d3ed55e4bf3f,32,5,brentford,c5c12262-4fce-5d62-89d5-5e4ae2679565,Keane Lewis-Potter,DEF,LAM,1,90.0,0.7578070022641458,71.25637170199145,0.0,UNKNOWN,UNKNOWN,1.0,0.24219299773585423,-18.743628298008545,18.743628298008545,MAP_XI_FALSE_NEGATIVE,4-2-3-1,LB,LB,LB,structural,False,0.0,18.743628298008545
765085cb-7964-5516-8303-f380c3d19685,27,10,fulham,f0504a37-2a31-5f04-8704-2c307c2384cd,Sander Berge,MID,LDM,1,90.0,0.8391743127298499,71.29354421560978,1.0,LDM,4-2-3-1,1.0,0.16082568727015012,-18.70645578439021,18.70645578439021,OK,4-2-3-1,RDM,RDM,LDM,structural,True,0.0,18.706455784390215
c24850ac-b48a-5ac5-91e3-bc422c2e52a4,27,18,tottenham-hotspur,f0bfb35e-c09e-553b-a545-fec85a6cd62d,Radu Dragusin,DEF,RCB,1,90.0,0.71587669694735,71.45775489499052,0.0,UNKNOWN,UNKNOWN,1.0,0.28412330305265,-18.542245105009485,18.542245105009485,MAP_XI_FALSE_NEGATIVE,3-5-2,CB,CB,CB,structural,False,0.0,18.542245105009485
7769decc-98b9-5b54-a4a3-fc4aa47199e9,35,1,arsenal,a8d1cfeb-4f1e-53fc-a90a-4610ccf746c6,Declan Rice,MID,LCM,1,63.0,0.9028752949117752,81.46581565957902,1.0,LCM,4-3-3,1.0,0.0971247050882248,18.46581565957902,18.46581565957902,OK,4-2-3-1,RDM,RDM,RDM,structural,False,0.0,18.46581565957902
94fcf566-2f2f-5764-a094-bd41afb36a13,28,9,everton,7af4896b-be30-5d5e-9119-e9efade2cada,Jarrad Branthwaite,DEF,LB,1,90.0,0.7742245676538306,71.551497976276,0.0,UNKNOWN,UNKNOWN,1.0,0.22577543234616937,-18.448502023724004,18.448502023724004,MAP_XI_FALSE_NEGATIVE,4-2-3-1,LCB,LCB,LCB,structural,False,0.0,18.448502023724004
97b2d8d5-ad23-581e-a7ba-80ed12ecc351,23,11,leeds-united,e5ce8638-ef71-56e5-ae05-c0e425118aa3,James Justin,DEF,RWB,1,90.0,0.7766321530672768,71.60309890552507,0.0,UNKNOWN,UNKNOWN,1.0,0.22336784693272316,-18.396901094474927,18.396901094474927,MAP_XI_FALSE_NEGATIVE,3-4-2-1,LWB,LWB,LWB,structural,False,0.0,18.396901094474927
a0ae96c4-499d-5d2a-9cc8-6d59f1b73917,26,20,wolverhampton-wanderers,15d02b2c-303d-5403-b3ee-c1bb398578ae,Angel Gomes,MID,LDM,1,77.0,0.69652897039013,58.68455093744219,0.0,UNKNOWN,UNKNOWN,1.0,0.30347102960987005,-18.31544906255781,18.31544906255781,MAP_XI_FALSE_NEGATIVE,3-4-1-2,RCM,RCM,RCM,structural,False,0.0,18.31544906255781
23d8d932-ae60-5392-87a5-f4a01d1afc17,33,8,crystal-palace,0fa345a4-e26c-50d4-8f35-8b13aa9d7c09,Will Hughes,MID,LCM,1,58.0,0.5332302235425478,39.70895546887386,1.0,LCM,3-4-2-1,1.0,0.4667697764574522,-18.29104453112614,18.29104453112614,OK,3-4-2-1,RCM,RCM,RCM,structural,False,0.0,18.29104453112614
6b1ba362-3ee7-5a51-8722-835e7613942b,32,13,manchester-city,70198e6a-5cf9-5344-a2c0-f1b71dfeeb5f,Bernardo Veiga de Carvalho e Silva,MID,CAM,1,80.0,0.7191546218725211,61.73081828533655,1.0,RCM,4-4-2,1.0,0.2808453781274789,-18.269181714663453,18.269181714663453,OK,4-2-3-1,RDM,RDM,LDM,structural,True,0.0,18.269181714663453
8a8173fc-ec21-5f23-879c-3fb3c88918a2,27,3,burnley,9d1de056-bbbd-54d4-a192-06c57ccb0fd6,Hannibal Mejbri,MID,RCM,1,90.0,0.85930151096689,71.93151235002365,0.0,UNKNOWN,UNKNOWN,1.0,0.14069848903311,-18.068487649976348,18.068487649976348,MAP_XI_FALSE_NEGATIVE,3-4-2-1,LCM,LCM,LWB,structural,True,0.0,18.068487649976348
39b8a542-1ee7-5117-ab73-ee2227c88c33,33,15,newcastle-united,36a8b089-9a84-5fa6-ae4a-59a2994b9494,Lewis Miley,MID,RCM,1,90.0,0.7946171278245557,71.95136022694537,1.0,RCM,4-3-3,1.0,0.20538287217544426,-18.04863977305463,18.04863977305463,OK,4-3-3,CM,CM,CM,structural,False,0.0,18.04863977305463
d123315a-55ef-56e3-b21e-2aa9ff130593,23,1,arsenal,1a956dd6-5231-5dd8-954b-7236c855bc20,Gabriel Fernando de Jesus,FWD,UNKNOWN,1,57.0,0.3036230736883427,38.9554302925819,0.0,UNKNOWN,UNKNOWN,1.0,0.6963769263116573,-18.0445697074181,18.0445697074181,MAP_XI_FALSE_NEGATIVE,4-3-3,ST,ST,ST,structural,False,0.0,18.0445697074181
7d478ee4-036e-5700-9dcd-a71ec1f2326a,27,5,brentford,c5c12262-4fce-5d62-89d5-5e4ae2679565,Keane Lewis-Potter,DEF,LAM,1,45.0,0.8253579742325735,62.73259695587381,1.0,LAM,4-2-3-1,1.0,0.1746420257674265,17.73259695587381,17.73259695587381,OK,4-2-3-1,RAM,RAM,RAM,structural,False,0.0,17.73259695587381
622cfd32-fefc-538b-92e0-7c761e8052b4,30,7,chelsea,3655e646-d6d9-51ce-a14d-bed863d96c3c,Reece James,DEF,RB,1,90.0,0.7881410367073445,72.28134226835734,0.0,UNKNOWN,UNKNOWN,1.0,0.21185896329265552,-17.718657731642665,17.718657731642665,MAP_XI_FALSE_NEGATIVE,4-2-3-1,RDM,RDM,CAM,structural,True,0.0,17.718657731642665
7313aaff-81b0-56c8-87cc-36234384a14a,31,17,sunderland,66bc60f5-fa76-5fa0-a7ca-b9f126393376,Granit Xhaka,MID,RDM,1,90.0,0.7555320256560112,72.42139234105585,1.0,RDM,4-2-3-1,1.0,0.24446797434398881,-17.57860765894415,17.57860765894415,OK,4-1-4-1,DM,DM,DM,structural,False,0.0,17.57860765894415
b28efaf8-9f88-581f-b35a-177aca0f37a6,32,1,arsenal,ef53aa3a-f5fe-5a12-9743-66a2adc7f069,Kai Havertz,FWD,ST,1,53.0,0.4595794315574139,35.45047675802753,0.0,UNKNOWN,UNKNOWN,1.0,0.5404205684425861,-17.549523241972473,17.549523241972473,MAP_XI_FALSE_NEGATIVE,4-2-3-1,CAM,CAM,LDM,structural,True,0.0,17.549523241972473
d123315a-55ef-56e3-b21e-2aa9ff130593,23,14,manchester-united,65910bcc-31a9-56bb-ba12-74e687cd31ec,Amad Diallo,MID,RWB,1,87.0,0.7699375378657606,69.58630657670604,1.0,RWB,3-4-2-1,1.0,0.23006246213423942,-17.413693423293964,17.413693423293964,OK,4-2-3-1,RAM,RAM,RAM,structural,False,0.0,17.413693423293964
006f69f1-9b0e-551d-bed7-448d3b640101,22,14,manchester-united,e037fafa-e08a-50a4-8014-a43e6c2d13a4,Carlos Henrique Casimiro,MID,RCM,1,80.0,0.830125244724452,62.63987474641857,1.0,RCM,3-4-2-1,1.0,0.16987475527554796,-17.36012525358143,17.36012525358143,OK,4-2-3-1,RDM,RDM,RDM,structural,False,0.0,17.36012525358143
dec351fa-176e-54ff-a391-5e41f9eeee09,37,20,wolverhampton-wanderers,e3545d57-5636-57c9-a5ad-35a839d1f8bd,Hwang Hee-chan,MID,ST,1,78.0,0.6629278585744551,60.663115631559286,0.0,UNKNOWN,UNKNOWN,1.0,0.33707214142554487,-17.336884368440714,17.336884368440714,MAP_XI_FALSE_NEGATIVE,4-2-3-1,LAM,LAM,LAM,structural,False,0.0,17.336884368440714
de92aec0-17cd-521d-ae3d-f425ab7e09dd,34,15,newcastle-united,c7d912b7-acf9-59e7-a5a7-c7e64aed18da,Sandro Tonali,MID,CM,1,90.0,0.8402500953297439,72.9641614081475,1.0,CM,4-3-3,1.0,0.15974990467025607,-17.035838591852496,17.035838591852496,OK,4-1-4-1,DM,DM,DM,structural,False,0.0,17.035838591852496
9fb7fb28-1745-597c-aab4-27fb0e6c5383,28,13,manchester-city,66ce5aaa-c0e9-5462-8a78-fae312616872,Antoine Semenyo,MID,RAM,1,90.0,0.8439443463416032,73.05510162010566,1.0,RW,4-4-2,1.0,0.1560556536583968,-16.94489837989434,16.94489837989434,OK,4-1-3-2,ST,ST,ST,structural,False,0.0,16.94489837989434
ecd48097-3a63-58b6-a353-65332e720c42,32,18,tottenham-hotspur,e8c63dd8-d5d3-5d3c-9ca3-16081a763f80,Richarlison de Andrade,FWD,ST,1,60.0,0.5396530641321213,43.156696617461215,1.0,ST,4-4-2,1.0,0.46034693586787867,-16.843303382538785,16.843303382538785,OK,4-3-3,LW,LW,LW,structural,False,0.0,16.843303382538785
f2500cd6-3213-514b-bc50-11600f2a02df,24,13,manchester-city,66ce5aaa-c0e9-5462-8a78-fae312616872,Antoine Semenyo,MID,RW,1,90.0,0.8119533355765511,73.16031688449164,1.0,RW,4-3-3,1.0,0.18804666442344886,-16.839683115508365,16.839683115508365,OK,4-1-3-2,ST,ST,ST,structural,False,0.0,16.839683115508365
765085cb-7964-5516-8303-f380c3d19685,27,17,sunderland,2e06beff-d060-52c5-b090-ef85e142bc03,Trai Hume,DEF,RB,1,90.0,0.8919253413014047,73.16852809199558,1.0,RAM,4-2-3-1,1.0,0.10807465869859534,-16.831471908004417,16.831471908004417,OK,4-1-4-1,LB,LB,LB,structural,False,0.0,16.831471908004417
94338b30-8c36-517f-8821-7e38666f86c7,27,14,manchester-united,e037fafa-e08a-50a4-8014-a43e6c2d13a4,Carlos Henrique Casimiro,MID,RCM,1,90.0,0.8150973552343339,73.19009241544649,1.0,RDM,4-2-3-1,1.0,0.1849026447656661,-16.809907584553514,16.809907584553514,OK,4-2-3-1,RDM,RDM,RDM,structural,False,0.0,16.809907584553514
c843cd2e-5dfa-5148-ae4c-944a685f95dc,26,15,newcastle-united,50df4a11-59ff-5eba-85dd-aaca25ba3cd2,Bruno Guimarães Rodriguez Moura,MID,RCM,1,90.0,0.8038613240802074,73.34547598696241,1.0,RCM,4-3-3,1.0,0.19613867591979262,-16.654524013037587,16.654524013037587,OK,4-3-3,CM,CM,CM,structural,False,0.0,16.654524013037587
622cfd32-fefc-538b-92e0-7c761e8052b4,30,7,chelsea,481b07c4-b805-52cf-a0ee-593af134790d,Cole Palmer,MID,CAM,1,90.0,0.863072538238201,73.42306860863114,1.0,CAM,4-2-3-1,1.0,0.13692746176179904,-16.57693139136886,16.57693139136886,OK,4-2-3-1,RAM,RAM,RAM,structural,False,0.0,16.57693139136886
dc1d8946-e5da-5a50-b228-61e8601bc305,23,20,wolverhampton-wanderers,9ac5d5a9-74b6-578c-8e14-559019eb509d,Mateus Mané,FWD,LCM,1,90.0,0.7819578382845666,73.5596181670136,1.0,LCM,3-5-2,1.0,0.21804216171543345,-16.440381832986404,16.440381832986404,OK,3-5-2,ST,ST,ST,structural,False,0.0,16.440381832986404
6b1ba362-3ee7-5a51-8722-835e7613942b,32,13,manchester-city,eebb4710-6fe9-53e9-81e0-a650547126a0,Rayan Cherki,MID,RAM,1,75.0,0.5932048259162813,58.64090126539256,0.0,UNKNOWN,UNKNOWN,1.0,0.4067951740837187,-16.359098734607443,16.359098734607443,MAP_XI_FALSE_NEGATIVE,4-2-3-1,CAM,CAM,CAM,structural,False,0.0,16.359098734607443
09eed520-5d17-51e8-8b91-f6b3a3579507,31,5,brentford,d3c7337d-334b-58de-b6a2-e7e1ce9a18ea,Jordan Henderson,MID,RDM,1,90.0,0.8140153042761704,73.68132299654911,1.0,RDM,4-2-3-1,1.0,0.18598469572382959,-16.318677003450887,16.318677003450887,OK,5-3-2,CM,CM,CM,structural,False,0.0,16.318677003450887
de92aec0-17cd-521d-ae3d-f425ab7e09dd,34,15,newcastle-united,36a8b089-9a84-5fa6-ae4a-59a2994b9494,Lewis Miley,MID,RCM,1,90.0,0.8134029956269023,73.8020769305757,0.0,UNKNOWN,UNKNOWN,1.0,0.18659700437309767,-16.197923069424306,16.197923069424306,MAP_XI_FALSE_NEGATIVE,4-1-4-1,RB,RB,RB,structural,False,0.0,16.197923069424306
dfe7f7c9-2226-54fe-8291-e1c23b5bb5fd,23,5,brentford,e5d36ad0-dba5-56c7-a5d2-b091b2fa1b0d,Mathias Jensen,MID,CAM,1,90.0,0.8063322364870358,73.82318155347276,0.0,UNKNOWN,UNKNOWN,1.0,0.19366776351296422,-16.176818446527236,16.176818446527236,MAP_XI_FALSE_NEGATIVE,4-2-3-1,RAM,RAM,RAM,structural,False,0.0,16.176818446527236
ec96ab00-9497-5a3e-b3ca-317abf912d08,26,8,crystal-palace,5cde41a6-f4dd-545d-93c5-e931c1be6f72,Evann Guessand,MID,UNKNOWN,1,57.0,0.3939369760312341,40.85150715600627,0.0,UNKNOWN,UNKNOWN,1.0,0.6060630239687659,-16.14849284399373,16.14849284399373,MAP_XI_FALSE_NEGATIVE,3-4-2-1,LAM,LAM,LAM,structural,False,0.0,16.14849284399373
25988556-93c6-5dfd-b380-96f4dd98805b,36,13,manchester-city,70198e6a-5cf9-5344-a2c0-f1b71dfeeb5f,Bernardo Veiga de Carvalho e Silva,MID,CAM,1,90.0,0.7852804416774811,73.85527620196632,1.0,RDM,4-2-3-1,1.0,0.21471955832251888,-16.14472379803368,16.14472379803368,OK,4-2-3-1,LDM,LDM,LDM,structural,False,0.0,16.14472379803368
e20ba8da-5c02-58df-ad17-3223c3c83acf,28,7,chelsea,c92d55cb-06d1-553d-aad7-f64c0de898a5,Moisés Caicedo Corozo,MID,RDM,1,90.0,0.8124454675697343,73.86118998107665,1.0,RDM,4-2-3-1,1.0,0.18755453243026565,-16.13881001892335,16.13881001892335,OK,4-3-3,RCM,RCM,RCM,structural,False,0.0,16.13881001892335
9fb7fb28-1745-597c-aab4-27fb0e6c5383,28,13,manchester-city,692da677-7071-5b72-89bc-cc722ba518e2,Nico O'Reilly,DEF,LB,1,69.0,0.9190481574018572,85.11592398871994,1.0,LB,4-4-2,1.0,0.08095184259814281,16.115923988719942,16.115923988719942,OK,4-1-3-2,LAM,LAM,LAM,structural,False,0.0,16.115923988719942
1c02d8a1-3fe4-50a6-a833-13460c80973f,34,18,tottenham-hotspur,c99e7187-586e-5722-8e10-93fd50f92627,Xavi Simons,MID,LW,1,62.0,0.8476246070054508,78.0819264676992,1.0,LW,4-4-2,1.0,0.15237539299454916,16.081926467699205,16.081926467699205,OK,4-2-3-1,LAM,LAM,LAM,structural,False,0.0,16.081926467699205
ee2e6f43-96fc-5070-b018-615238c06305,32,16,nottingham-forest,8eec947b-c2ae-53d6-99f9-096b7744098a,Murillo Santiago Costa dos Santos,DEF,LCB,1,90.0,0.8203751059834564,73.92720084128733,1.0,LCB,4-2-3-1,1.0,0.17962489401654358,-16.07279915871267,16.07279915871267,OK,4-2-3-1,RCB,RCB,LCB,structural,True,0.0,16.07279915871267
ba89faf8-3800-548a-951b-e5d7ed60ed05,37,7,chelsea,932d386d-f372-53de-a37f-381a73a67e07,Jorrel Hato,DEF,LB,1,90.0,0.8142055912101639,73.92871281916868,1.0,LCB,4-2-3-1,1.0,0.1857944087898361,-16.07128718083132,16.07128718083132,OK,4-2-3-1,LCB,LCB,LCB,structural,False,0.0,16.07128718083132
7d478ee4-036e-5700-9dcd-a71ec1f2326a,27,6,brighton-hove-albion,bec3b39e-5fff-5ae4-a7ba-ba525d5b3911,Diego Gómez,MID,CAM,1,75.0,0.6983366025041678,58.93967447363461,0.0,UNKNOWN,UNKNOWN,1.0,0.30166339749583215,-16.06032552636539,16.06032552636539,MAP_XI_FALSE_NEGATIVE,4-3-3,RW,RW,RW,structural,False,0.0,16.06032552636539
f82cddfd-b545-5509-9c99-a1ae615e0130,38,3,burnley,93153394-38ee-5f40-9adb-90f4f3307e4e,Lucas Pires Silva,DEF,LWB,1,90.0,0.7934941571953366,73.97542621346768,1.0,LWB,3-4-2-1,1.0,0.20650584280466344,-16.024573786532315,16.024573786532315,OK,4-2-3-1,LB,LB,LB,structural,False,0.0,16.024573786532315
b5ed6c3e-25b0-50e3-8e36-86250fd00a0b,30,3,burnley,b7ff49f3-d1e0-5e63-b004-29bee7a1f2ea,Kyle Walker,DEF,RWB,1,90.0,0.8268840447282951,73.99231175202094,1.0,RWB,3-4-2-1,1.0,0.17311595527170487,-16.00768824797906,16.00768824797906,OK,4-2-3-1,RB,RB,RB,structural,False,0.0,16.00768824797906
e1b64232-1ee4-522c-b106-e651d9eba4ea,38,13,manchester-city,70198e6a-5cf9-5344-a2c0-f1b71dfeeb5f,Bernardo Veiga de Carvalho e Silva,MID,CAM,1,58.0,0.5072174256077726,42.0103317733259,1.0,RDM,4-2-3-1,1.0,0.4927825743922274,-15.989668226674098,15.989668226674098,OK,4-2-2-2,LDM,LDM,RDM,structural,True,0.0,15.989668226674098
b18a9593-998b-5025-9442-b11f2c52f46c,33,3,burnley,032150f9-1246-5989-8ac4-532f1e3bce74,Lesley Ugochukwu,MID,RCM,1,75.0,0.6982708725862642,59.07288192631184,1.0,RCM,3-4-2-1,1.0,0.3017291274137358,-15.927118073688156,15.927118073688156,OK,4-2-3-1,CAM,CAM,LDM,structural,True,0.0,15.927118073688163
ae89dde2-06e5-5c3d-88d1-b18a3afac874,38,14,manchester-united,be977983-b55e-52b9-96d5-b98b8b42edbb,Bryan Mbeumo,MID,RAM,1,73.0,0.6499701806357738,57.17945268194133,1.0,ST,4-2-3-1,1.0,0.35002981936422617,-15.820547318058672,15.820547318058672,OK,4-2-3-1,ST,ST,ST,structural,False,0.0,15.820547318058672
31ef1d95-b095-52ae-918e-26ed91e99a77,29,7,chelsea,481b07c4-b805-52cf-a0ee-593af134790d,Cole Palmer,MID,CAM,1,84.0,0.7847636919328347,68.18050667004684,1.0,CAM,4-2-3-1,1.0,0.21523630806716532,-15.81949332995316,15.81949332995316,OK,4-3-3,RW,RW,RW,structural,False,0.0,15.819493329953161
c843cd2e-5dfa-5148-ae4c-944a685f95dc,26,18,tottenham-hotspur,658b9548-4dbd-5b98-890b-0bb35c8a5625,Wilson Odobert,MID,RAM,1,34.0,0.2599038102424095,18.21713453656354,1.0,RAM,4-2-3-1,1.0,0.7400961897575905,-15.782865463436458,15.782865463436458,OK,4-3-3,RW,RW,RW,structural,False,0.0,15.782865463436458
bdf85bea-b20c-50f1-8dd7-c1351c7015e0,28,18,tottenham-hotspur,d64982ba-72ef-52d6-b8fe-3706499963ab,Conor Gallagher,MID,RCM,1,57.0,0.6188786043710811,41.33889934946652,1.0,RCM,3-5-2,1.0,0.3811213956289189,-15.661100650533484,15.661100650533484,OK,4-4-2,RW,RW,RW,structural,False,0.0,15.661100650533477
3b0bba38-af04-5460-b39f-e5c32eaf27ff,36,16,nottingham-forest,b741dff8-c470-5246-a88a-18fd87c23462,Dilane Bakwa,MID,RW,1,63.0,0.5810589853898191,47.34107665191278,0.0,UNKNOWN,UNKNOWN,1.0,0.41894101461018085,-15.65892334808722,15.65892334808722,MAP_XI_FALSE_NEGATIVE,3-4-2-1,RAM,RAM,RAM,structural,False,0.0,15.658923348087221
498f1104-1511-5cef-8345-ce9c66768ec7,37,13,manchester-city,70198e6a-5cf9-5344-a2c0-f1b71dfeeb5f,Bernardo Veiga de Carvalho e Silva,MID,CAM,1,55.0,0.8324693390563499,70.63985721121443,1.0,LDM,4-2-3-1,1.0,0.1675306609436501,15.639857211214434,15.639857211214434,OK,4-1-4-1,RCM,RCM,RCM,structural,False,0.0,15.639857211214434
3886cdbf-b8bc-5850-8a2a-d84384ac71f7,32,19,west-ham-united,79420363-80f0-5eb5-bef5-e1e31f62877c,Mateus Gonçalo Espanha Fernandes,MID,LCM,1,84.0,0.6760833197870182,68.43507810447231,1.0,LCM,4-4-2,1.0,0.3239166802129818,-15.56492189552769,15.56492189552769,OK,4-2-3-1,LDM,LDM,LDM,structural,False,0.0,15.56492189552769
8f269e69-30e8-524b-8bbd-2a4eba3eecb6,31,3,burnley,f5da0015-9c1c-5ba2-a447-9fc51ceed482,Josh Laurent,MID,RCB,1,90.0,0.8257317566313858,74.51568327935792,1.0,RCB,3-4-2-1,1.0,0.17426824336861424,-15.484316720642084,15.484316720642084,OK,4-2-3-1,LDM,LDM,LDM,structural,False,0.0,15.484316720642084
25988556-93c6-5dfd-b380-96f4dd98805b,36,5,brentford,f10b2a81-0b74-578a-872a-ded3a4da9ea0,Mikkel Damsgaard,MID,CAM,1,68.0,0.9201490836231002,83.38237446111206,1.0,CAM,4-2-3-1,1.0,0.07985091637689978,15.382374461112065,15.382374461112065,OK,4-4-2,LW,LW,LW,structural,False,0.0,15.382374461112065
b1b0e185-0108-508b-aa08-e3732938787f,35,14,manchester-united,85474434-c2d2-5904-bdbc-d8e7b1e46db0,Harry Maguire,DEF,LCB,1,90.0,0.8294547312114559,74.69202635356824,1.0,LCB,4-2-3-1,1.0,0.17054526878854415,-15.307973646431762,15.307973646431762,OK,4-2-3-1,RCB,RCB,RCB,structural,False,0.0,15.307973646431762
3a27d648-a23e-5b47-aa0b-a8ecf1d098b4,25,14,manchester-united,be977983-b55e-52b9-96d5-b98b8b42edbb,Bryan Mbeumo,MID,RAM,1,86.0,0.8068563764121297,70.72176126745558,1.0,RAM,4-2-3-1,1.0,0.1931436235878703,-15.278238732544423,15.278238732544423,OK,4-2-3-1,LAM,LAM,CAM,structural,True,0.0,15.278238732544423
7c7ef9d4-1e3b-5684-8a5f-8f641b36aa9d,24,14,manchester-united,8b26f624-9357-5669-9698-f5fda36d4e75,Bruno Borges Fernandes,MID,LCM,1,90.0,0.8324445138429943,74.74036611269764,1.0,LCM,3-4-2-1,1.0,0.16755548615700566,-15.259633887302355,15.259633887302355,OK,4-2-3-1,CAM,CAM,CAM,structural,False,0.0,15.259633887302357
dcb932a5-b690-59b8-8026-5a592284f9a8,38,7,chelsea,3d33e637-0658-5cc2-964e-b281c5cdf9fc,Marc Cucurella Saseta,DEF,LB,1,90.0,0.8135690918145253,74.78116677560676,1.0,LB,4-2-3-1,1.0,0.1864309081854747,-15.218833224393236,15.218833224393236,OK,3-4-1-2,LWB,LWB,LWB,structural,False,0.0,15.218833224393236
6a84969a-7d59-589c-94a0-d71eb1a266ff,26,20,wolverhampton-wanderers,ef5625b9-1910-5982-85f1-1966467ad375,Adam Armstrong,FWD,LAM,1,90.0,0.7950242393448426,74.78450838563857,0.0,UNKNOWN,UNKNOWN,1.0,0.20497576065515744,-15.215491614361426,15.215491614361426,MAP_XI_FALSE_NEGATIVE,3-4-2-1,ST,ST,RAM,structural,True,0.0,15.215491614361426
a0ae96c4-499d-5d2a-9cc8-6d59f1b73917,26,20,wolverhampton-wanderers,ef5625b9-1910-5982-85f1-1966467ad375,Adam Armstrong,FWD,LAM,1,90.0,0.7950242393448426,74.78450838563857,0.0,UNKNOWN,UNKNOWN,1.0,0.20497576065515744,-15.215491614361426,15.215491614361426,MAP_XI_FALSE_NEGATIVE,3-4-1-2,ST,ST,CAM,structural,True,0.0,15.215491614361426
6c5986e0-8dbe-5289-99bb-f5fdd49bf3bf,28,17,sunderland,e5098785-f2ed-5b29-af5e-f569a62ab2c0,Noah Sadiki,MID,LCM,1,90.0,0.8325516655155917,74.81251481226305,0.0,UNKNOWN,UNKNOWN,1.0,0.16744833448440832,-15.187485187736954,15.187485187736954,MAP_XI_FALSE_NEGATIVE,4-2-3-1,RDM,RDM,LDM,structural,True,0.0,15.187485187736954
875862ec-2f61-5965-8e94-d3ed55e4bf3f,32,5,brentford,e5d36ad0-dba5-56c7-a5d2-b091b2fa1b0d,Mathias Jensen,MID,CAM,1,90.0,0.7968270528768207,74.9020103584673,1.0,CAM,4-2-3-1,1.0,0.20317294712317935,-15.097989641532706,15.097989641532706,OK,4-2-3-1,LDM,LDM,LDM,structural,False,0.0,15.097989641532706
1f5f3541-628d-5710-ae0c-dc82c8ae86d8,24,8,crystal-palace,1e4afd94-5426-54f5-893e-eea93b538667,Yéremy Pino Santos,MID,LAM,1,90.0,0.7681101516006813,74.92437033762899,1.0,LAM,3-4-2-1,1.0,0.2318898483993187,-15.075629662371014,15.075629662371014,OK,3-4-2-1,ST,ST,LAM,structural,True,0.0,15.075629662371014
01b894d5-057a-530b-917f-9397231a3249,22,6,brighton-hove-albion,8c21213e-5c0e-56d3-81ae-b95f9e5b7c53,Brajan Gruda,MID,CAM,1,65.0,0.496358401191886,49.95661773536199,0.0,UNKNOWN,UNKNOWN,1.0,0.503641598808114,-15.043382264638012,15.043382264638012,MAP_XI_FALSE_NEGATIVE,4-2-3-1,RAM,RAM,RAM,structural,False,0.0,15.043382264638012
039b583c-5bdc-51f2-8934-ef0b7746978e,31,7,chelsea,481b07c4-b805-52cf-a0ee-593af134790d,Cole Palmer,MID,CAM,1,90.0,0.826630143968936,74.96245941920229,1.0,RAM,4-2-3-1,1.0,0.17336985603106403,-15.03754058079771,15.03754058079771,OK,4-2-3-1,RAM,RAM,RAM,structural,False,0.0,15.03754058079771
57b20b8b-c663-5991-a397-771f728fd27c,33,1,arsenal,7844404e-dd2c-5f68-9390-675ab60be346,Martín Zubimendi Ibáñez,MID,RDM,1,83.0,0.8026390592751496,68.02900899979288,1.0,RDM,4-2-3-1,1.0,0.19736094072485044,-14.97099100020712,14.97099100020712,OK,4-3-3,CM,CM,RCM,structural,True,0.0,14.970991000207121
622cfd32-fefc-538b-92e0-7c761e8052b4,30,15,newcastle-united,49545ac1-d9f9-5a0a-b1f5-5bbeeb1bb7f6,Anthony Gordon,MID,LW,1,90.0,0.8890784300994273,75.04711159722346,1.0,ST,4-3-3,1.0,0.11092156990057267,-14.952888402776535,14.952888402776535,OK,4-2-3-1,ST,ST,ST,structural,False,0.0,14.952888402776537
d123315a-55ef-56e3-b21e-2aa9ff130593,23,14,manchester-united,8b26f624-9357-5669-9698-f5fda36d4e75,Bruno Borges Fernandes,MID,LCM,1,90.0,0.8631294835421525,75.08072985056718,1.0,LCM,3-4-2-1,1.0,0.13687051645784754,-14.91927014943282,14.91927014943282,OK,4-2-3-1,CAM,CAM,LAM,structural,True,0.0,14.919270149432819
3b0bba38-af04-5460-b39f-e5c32eaf27ff,36,16,nottingham-forest,a2afe8eb-9890-541f-9258-8202cd512f1f,Nicolás Domínguez,MID,LAM,1,45.0,0.2908526598437529,30.10636732059659,0.0,UNKNOWN,UNKNOWN,1.0,0.7091473401562471,-14.89363267940341,14.89363267940341,MAP_XI_FALSE_NEGATIVE,3-4-2-1,RCM,RCM,RWB,structural,True,0.0,14.89363267940341
800418ef-112a-5f8a-9aae-e47025aa529d,25,3,burnley,145d420f-bb1d-5646-81b9-1baf31260fb4,Marcus Edwards,MID,RAM,1,66.0,0.6263625836666247,51.12883684762078,1.0,RAM,3-4-2-1,1.0,0.3736374163333753,-14.871163152379218,14.871163152379218,OK,4-5-1,RW,RW,RW,structural,False,0.0,14.871163152379218
506fe9f4-c4a7-57b8-9b66-23314b429f92,24,17,sunderland,e5098785-f2ed-5b29-af5e-f569a62ab2c0,Noah Sadiki,MID,LCM,1,90.0,0.8347287091589792,75.21762567880242,1.0,LCM,4-4-2,1.0,0.16527129084102077,-14.78237432119758,14.78237432119758,OK,5-4-1,RCM,RCM,RCM,structural,False,0.0,14.78237432119758
6df41fb2-db8a-58dc-bcef-43cc5f79f6d1,25,13,manchester-city,66ce5aaa-c0e9-5462-8a78-fae312616872,Antoine Semenyo,MID,RW,1,90.0,0.8343069775218876,75.23007899675643,1.0,RW,4-3-3,1.0,0.16569302247811235,-14.769921003243567,14.769921003243567,OK,4-1-3-2,RAM,RAM,CAM,structural,True,0.0,14.769921003243567
cf2cfda2-d007-5839-984a-e3c0650fa9de,23,7,chelsea,5b51fc3a-1f45-56e1-9ecc-0bda87474227,Enzo Fernández,MID,LDM,1,90.0,0.884476416521237,75.23830538044993,1.0,LDM,4-2-3-1,1.0,0.11552358347876301,-14.76169461955007,14.76169461955007,OK,4-2-3-1,CAM,CAM,CAM,structural,False,0.0,14.76169461955007
70cc935f-f357-52d9-b752-3a2a21e28e41,30,14,manchester-united,85474434-c2d2-5904-bdbc-d8e7b1e46db0,Harry Maguire,DEF,RCB,1,90.0,0.8402864231562202,75.2386312879883,1.0,LCB,4-2-3-1,1.0,0.15971357684377985,-14.761368712011702,14.761368712011702,OK,4-2-3-1,LCB,LCB,LCB,structural,False,0.0,14.761368712011702
e793b103-c5db-5d62-9227-c3f3b84c30aa,26,14,manchester-united,be977983-b55e-52b9-96d5-b98b8b42edbb,Bryan Mbeumo,MID,RAM,1,90.0,0.8726738628469815,75.31740450724354,1.0,RAM,4-2-3-1,1.0,0.12732613715301855,-14.682595492756462,14.682595492756462,OK,4-2-3-1,LAM,LAM,LAM,structural,False,0.0,14.682595492756462
506fe9f4-c4a7-57b8-9b66-23314b429f92,24,3,burnley,208bc81b-07bb-5202-9b86-f6535ba1a7a7,Maxime Esteve,DEF,LCB,1,90.0,0.85305785958106,75.35446723579814,1.0,CB,3-4-2-1,1.0,0.14694214041894005,-14.64553276420186,14.64553276420186,OK,3-4-2-1,CB,CB,LCB,structural,True,0.0,14.64553276420186
cf2cfda2-d007-5839-984a-e3c0650fa9de,23,8,crystal-palace,4e797913-6f5e-54d0-807d-555d7ec82308,Jefferson Lerma Solís,MID,RCB,1,90.0,0.8257281403835582,75.39388517881154,1.0,LCB,3-4-2-1,1.0,0.17427185961644176,-14.606114821188456,14.606114821188456,OK,3-4-2-1,LCM,LCM,ST,structural,True,0.0,14.606114821188456
9d7e2609-879a-5940-b916-fce719c34570,32,11,leeds-united,5a70a2e2-7a8a-554e-9ac0-d3c00ac6383f,Pascal Struijk,DEF,LCB,1,90.0,0.9077224752292654,75.44920152701225,1.0,LCB,3-5-2,1.0,0.09227752477073459,-14.55079847298775,14.55079847298775,OK,3-4-1-2,RCB,RCB,LCB,structural,True,0.0,14.55079847298775
3b0bba38-af04-5460-b39f-e5c32eaf27ff,36,15,newcastle-united,50df4a11-59ff-5eba-85dd-aaca25ba3cd2,Bruno Guimarães Rodriguez Moura,MID,RCM,1,90.0,0.8303708776972817,75.46966600496404,1.0,RCM,4-3-3,1.0,0.16962912230271832,-14.53033399503596,14.53033399503596,OK,4-2-3-1,LDM,LDM,LDM,structural,False,0.0,14.53033399503596
dfe891e4-ce71-5e78-94ea-cee9d70885e6,36,3,burnley,b7ff49f3-d1e0-5e63-b004-29bee7a1f2ea,Kyle Walker,DEF,RWB,1,90.0,0.8167449902498242,75.55758013837178,1.0,RWB,3-4-3,1.0,0.18325500975017583,-14.442419861628224,14.442419861628224,OK,4-2-3-1,RB,RB,RB,structural,False,0.0,14.442419861628224
c24850ac-b48a-5ac5-91e3-bc422c2e52a4,27,18,tottenham-hotspur,c99e7187-586e-5722-8e10-93fd50f92627,Xavi Simons,MID,CAM,1,90.0,0.833411990501532,75.81467491911458,1.0,CAM,4-2-3-1,1.0,0.16658800949846797,-14.18532508088542,14.18532508088542,OK,3-5-2,ST,ST,ST,structural,False,0.0,14.18532508088542
f5b8d4db-d7b4-5da2-a157-94fd8af41961,25,20,wolverhampton-wanderers,e3545d57-5636-57c9-a5ad-35a839d1f8bd,Hwang Hee-chan,MID,ST,1,42.0,0.7888986813959171,56.17945687626946,1.0,ST,3-5-2,1.0,0.21110131860408288,14.179456876269462,14.179456876269462,OK,4-2-3-1,RAM,RAM,RDM,structural,True,0.0,14.179456876269462
73cbcb0c-704f-544b-98be-2945eb6c0891,24,6,brighton-hove-albion,a07371ec-857a-5545-8632-0e982ad6b1be,Kaoru Mitoma,MID,LAM,1,90.0,0.812826577157924,75.84255492568684,1.0,LAM,4-2-3-1,1.0,0.18717342284207605,-14.15744507431316,14.15744507431316,OK,4-3-3,LW,LW,LW,structural,False,0.0,14.15744507431316
e793b103-c5db-5d62-9227-c3f3b84c30aa,26,14,manchester-united,46c2018f-f80f-532e-b144-ef688e9f44eb,Luke Shaw,DEF,LCB,1,90.0,0.8662210146170928,75.86272434320304,1.0,LB,4-2-3-1,1.0,0.13377898538290722,-14.13727565679696,14.13727565679696,OK,4-2-3-1,LB,LB,LB,structural,False,0.0,14.137275656796959
6087d963-451a-5a7b-b016-d3853de520ea,22,11,leeds-united,e5ce8638-ef71-56e5-ae05-c0e425118aa3,James Justin,DEF,RWB,1,90.0,0.8276111410308693,75.90346390121834,1.0,RWB,3-5-2,1.0,0.1723888589691307,-14.096536098781655,14.096536098781655,OK,3-5-2,RCB,RCB,RCB,structural,False,0.0,14.096536098781655
c24850ac-b48a-5ac5-91e3-bc422c2e52a4,27,18,tottenham-hotspur,2eec990a-7277-5fb6-b8c8-10423fefbb47,Djed Spence,DEF,LB,1,90.0,0.8195306864207869,75.91225561897635,1.0,LB,4-2-3-1,1.0,0.18046931357921314,-14.087744381023654,14.087744381023654,OK,3-5-2,LWB,LWB,LWB,structural,False,0.0,14.087744381023654
02c1a42f-1cb3-5453-a3e8-cca6c129d901,33,2,aston-villa,7a546fa7-fe3d-5862-a0fc-4542c4583e9e,Ross Barkley,MID,LDM,1,69.0,0.6464126149549357,54.95175014551399,0.0,UNKNOWN,UNKNOWN,1.0,0.35358738504506426,-14.04824985448601,14.04824985448601,MAP_XI_FALSE_NEGATIVE,4-2-3-1,CAM,CAM,CAM,structural,False,0.0,14.04824985448601
01b894d5-057a-530b-917f-9397231a3249,22,4,afc-bournemouth,8ddc00f8-7aec-56e5-a5ba-d916b5ee5129,Marcus Tavernier,MID,CAM,1,70.0,0.9579947847938,84.02148579938986,1.0,LAM,4-2-3-1,1.0,0.04200521520620004,14.021485799389865,14.021485799389865,OK,4-2-3-1,RAM,RAM,RAM,structural,False,0.0,14.021485799389865
16495e99-1e75-5b2f-a337-1dfde9ddfe08,33,7,chelsea,3d33e637-0658-5cc2-964e-b281c5cdf9fc,Marc Cucurella Saseta,DEF,LB,1,90.0,0.827367211719112,75.97865494598476,1.0,LB,4-2-3-1,1.0,0.17263278828088802,-14.021345054015242,14.021345054015242,OK,4-4-1-1,LW,LW,LW,structural,False,0.0,14.021345054015242
765085cb-7964-5516-8303-f380c3d19685,27,17,sunderland,e5098785-f2ed-5b29-af5e-f569a62ab2c0,Noah Sadiki,MID,LCM,1,90.0,0.8638523861988676,76.0278379508262,1.0,RDM,4-2-3-1,1.0,0.13614761380113238,-13.972162049173804,13.972162049173804,OK,4-1-4-1,DM,DM,DM,structural,False,0.0,13.972162049173804
bdf85bea-b20c-50f1-8dd7-c1351c7015e0,28,18,tottenham-hotspur,976cba43-39e3-5bd2-a17b-74524487c441,Archie Gray,MID,LDM,1,90.0,0.8168078593330157,76.0751974417438,1.0,RWB,3-5-2,1.0,0.1831921406669843,-13.924802558256204,13.924802558256204,OK,4-4-2,LB,LB,LB,structural,False,0.0,13.924802558256204
42e4a271-71e1-5966-a539-bf677d41e025,28,19,west-ham-united,9fd390de-abdd-53c9-abf5-63b5a6ec3423,Soungoutou Magassa,MID,RCM,1,75.0,0.7141380947660706,61.08985502155159,1.0,RCM,4-4-2,1.0,0.2858619052339294,-13.910144978448416,13.910144978448416,OK,4-5-1,LCM,LCM,CM,structural,True,0.0,13.910144978448407
b4ec0cde-d0bf-5e52-a05a-625335240554,37,19,west-ham-united,b9aca1a6-3e7e-50d1-85c7-bc4c6432da09,Axel Disasi,DEF,LCB,1,90.0,0.8900557577352586,76.11433958006263,1.0,LCB,4-4-2,1.0,0.10994424226474142,-13.885660419937366,13.885660419937366,OK,3-4-2-1,RCB,RCB,CB,structural,True,0.0,13.885660419937366
95efeb72-d689-58fb-a022-ffad47516d80,35,7,chelsea,c92d55cb-06d1-553d-aad7-f64c0de898a5,Moisés Caicedo Corozo,MID,RDM,1,90.0,0.8424576502076202,76.28926792416085,1.0,RDM,4-2-3-1,1.0,0.1575423497923798,-13.710732075839148,13.710732075839148,OK,4-2-3-1,LDM,LDM,LDM,structural,False,0.0,13.710732075839147
fe5e3103-d0cf-58a8-83c4-58f211edd29a,23,19,west-ham-united,bafec5b4-70cd-5296-82ed-5f50f9b35506,Tomas Soucek,MID,RDM,1,90.0,0.7839883366941323,76.30340605293377,1.0,RCM,4-4-2,1.0,0.21601166330586774,-13.696593947066232,13.696593947066232,OK,4-4-1-1,RCM,RCM,RW,structural,True,0.0,13.696593947066233
7771779b-354a-5626-9f0f-129de4d443ba,24,1,arsenal,a8d1cfeb-4f1e-53fc-a90a-4610ccf746c6,Declan Rice,MID,LCM,1,90.0,0.8456955279226038,76.34216058879134,1.0,LCM,4-3-3,1.0,0.15430447207739617,-13.657839411208656,13.657839411208656,OK,4-2-3-1,LDM,LDM,LDM,structural,False,0.0,13.657839411208656
b05d8bbc-90bb-57d4-a3ff-25dce53593e4,37,1,arsenal,a8d1cfeb-4f1e-53fc-a90a-4610ccf746c6,Declan Rice,MID,LCM,1,90.0,0.8714335556306911,76.36620830119925,1.0,LDM,4-2-3-1,1.0,0.12856644436930886,-13.63379169880075,13.63379169880075,OK,4-3-3,CM,CM,CM,structural,False,0.0,13.63379169880075
fef47b9a-ab98-50c0-a72f-57c356ba1514,29,18,tottenham-hotspur,8e00491e-df3c-59d8-8196-500825daf087,João Palhinha Gonçalves,MID,RDM,1,90.0,0.8011643668535339,76.47111195546573,0.0,UNKNOWN,UNKNOWN,1.0,0.19883563314646613,-13.52888804453427,13.52888804453427,MAP_XI_FALSE_NEGATIVE,3-4-2-1,RCM,RCM,CB,structural,True,0.0,13.52888804453427
82942d44-0127-5fda-9351-a16d844fb795,35,18,tottenham-hotspur,d64982ba-72ef-52d6-b8fe-3706499963ab,Conor Gallagher,MID,RCM,1,90.0,0.8514931370812334,76.48121497638277,1.0,RCM,4-4-2,1.0,0.14850686291876658,-13.518785023617228,13.518785023617228,OK,4-2-3-1,CAM,CAM,CAM,structural,False,0.0,13.518785023617227
e793b103-c5db-5d62-9227-c3f3b84c30aa,26,19,west-ham-united,bafec5b4-70cd-5296-82ed-5f50f9b35506,Tomas Soucek,MID,RCM,1,90.0,0.7874734288350068,76.49080254624121,1.0,RCM,4-4-2,1.0,0.21252657116499318,-13.509197453758787,13.509197453758787,OK,4-2-3-1,CAM,CAM,CAM,structural,False,0.0,13.509197453758787
09eed520-5d17-51e8-8b91-f6b3a3579507,31,11,leeds-united,e5ce8638-ef71-56e5-ae05-c0e425118aa3,James Justin,DEF,RCB,1,90.0,0.8552107400307328,76.5005339276922,0.0,UNKNOWN,UNKNOWN,1.0,0.14478925996926717,-13.499466072307795,13.499466072307795,MAP_XI_FALSE_NEGATIVE,3-4-1-2,LWB,LWB,LWB,structural,False,0.0,13.499466072307797
0cd96418-d40d-591e-8b10-b423d657377d,33,3,burnley,4156c194-ad00-5d9c-aa4d-5f67c7deba01,James Ward-Prowse,MID,RDM,1,90.0,0.831983752892517,76.59534780872973,0.0,UNKNOWN,UNKNOWN,1.0,0.16801624710748297,-13.404652191270271,13.404652191270271,MAP_XI_FALSE_NEGATIVE,5-4-1,RCM,RCM,RCM,structural,False,0.0,13.404652191270273
c24850ac-b48a-5ac5-91e3-bc422c2e52a4,27,18,tottenham-hotspur,976cba43-39e3-5bd2-a17b-74524487c441,Archie Gray,MID,LDM,1,90.0,0.8259893112129537,76.64040317010532,1.0,LDM,4-2-3-1,1.0,0.17401068878704629,-13.359596829894684,13.359596829894684,OK,3-5-2,RWB,RWB,RWB,structural,False,0.0,13.359596829894684
3d697222-511a-5186-8b43-b412dd31f564,28,6,brighton-hove-albion,b0761079-7e99-5095-aa38-877404766193,Jack Hinshelwood,MID,LCM,1,90.0,0.8354599128202264,76.65448427852671,1.0,RCM,4-3-3,1.0,0.16454008717977364,-13.34551572147329,13.34551572147329,OK,4-2-3-1,CAM,CAM,CAM,structural,False,0.0,13.34551572147329
b4ec0cde-d0bf-5e52-a05a-625335240554,37,19,west-ham-united,35ad91b8-a753-5dab-beac-21a352e5cb13,Aaron Wan-Bissaka,DEF,RB,1,62.0,0.809288134561721,75.33812270110208,1.0,RB,4-4-2,1.0,0.190711865438279,13.33812270110208,13.33812270110208,OK,3-4-2-1,RWB,RWB,RWB,structural,False,0.0,13.33812270110208
9fb7fb28-1745-597c-aab4-27fb0e6c5383,28,13,manchester-city,70198e6a-5cf9-5344-a2c0-f1b71dfeeb5f,Bernardo Veiga de Carvalho e Silva,MID,RCM,1,90.0,0.8394162685105846,76.68410257737456,1.0,RCM,4-4-2,1.0,0.1605837314894154,-13.31589742262544,13.31589742262544,OK,4-1-3-2,CAM,CAM,RAM,structural,True,0.0,13.31589742262544
7729aaf4-dd5e-5f38-a0a4-430fccf34c7c,30,17,sunderland,627a9a22-f6d8-553e-9594-316391089ebc,Habib Diarra,MID,CAM,1,90.0,0.8300577066982809,76.69740454350749,1.0,CAM,4-2-3-1,1.0,0.16994229330171906,-13.302595456492512,13.302595456492512,OK,4-1-4-1,RCM,RCM,RCM,structural,False,0.0,13.302595456492512
c843cd2e-5dfa-5148-ae4c-944a685f95dc,26,18,tottenham-hotspur,f0bfb35e-c09e-553b-a545-fec85a6cd62d,Radu Dragusin,DEF,LCB,1,90.0,0.7666473745151142,76.72292880876067,0.0,UNKNOWN,UNKNOWN,1.0,0.23335262548488578,-13.27707119123933,13.27707119123933,MAP_XI_FALSE_NEGATIVE,4-3-3,RCB,RCB,RCB,structural,False,0.0,13.27707119123933
d123315a-55ef-56e3-b21e-2aa9ff130593,23,14,manchester-united,8d2526be-436d-5cc9-ac87-685d6e1cc27c,Diogo Dalot Teixeira,DEF,LWB,1,90.0,0.8235412333096833,76.74814300980623,1.0,LWB,3-4-2-1,1.0,0.17645876669031668,-13.251856990193772,13.251856990193772,OK,4-2-3-1,RB,RB,RB,structural,False,0.0,13.251856990193772
6c5986e0-8dbe-5289-99bb-f5fdd49bf3bf,28,17,sunderland,d7a7fcda-2a3c-55c2-80be-adc778736b39,Lutsharel Geertruida,DEF,LDM,1,90.0,0.9351343207130862,76.82893837126186,1.0,LDM,4-2-3-1,1.0,0.06486567928691378,-13.171061628738144,13.171061628738144,OK,4-2-3-1,RB,RB,RB,structural,False,0.0,13.171061628738144
70cc935f-f357-52d9-b752-3a2a21e28e41,30,14,manchester-united,be977983-b55e-52b9-96d5-b98b8b42edbb,Bryan Mbeumo,MID,RAM,1,74.0,0.789785203476409,60.87259912175073,1.0,RAM,4-2-3-1,1.0,0.21021479652359099,-13.127400878249269,13.127400878249269,OK,4-2-3-1,ST,ST,ST,structural,False,0.0,13.127400878249269
dc1d8946-e5da-5a50-b228-61e8601bc305,23,20,wolverhampton-wanderers,762b7b12-29aa-5f0f-aef0-ca1bf2237692,Jhon Arias,MID,RW,1,45.0,0.4697237792937997,31.88132292178708,0.0,UNKNOWN,UNKNOWN,1.0,0.5302762207062003,-13.11867707821292,13.11867707821292,MAP_XI_FALSE_NEGATIVE,3-5-2,LCM,LCM,LCM,structural,False,0.0,13.118677078212919
dfe7f7c9-2226-54fe-8291-e1c23b5bb5fd,23,16,nottingham-forest,a2afe8eb-9890-541f-9258-8202cd512f1f,Nicolás Domínguez,MID,LDM,1,60.0,0.8091522880031222,73.11421652253543,0.0,UNKNOWN,UNKNOWN,1.0,0.19084771199687778,13.114216522535427,13.114216522535427,MAP_XI_FALSE_NEGATIVE,4-2-3-1,LAM,LAM,LDM,structural,True,0.0,13.114216522535429
ca09b971-bf08-55a8-9cf4-b93f3c0604e1,36,11,leeds-united,e5ce8638-ef71-56e5-ae05-c0e425118aa3,James Justin,DEF,RCB,1,90.0,0.8416307208237255,76.92630764435431,1.0,LWB,3-5-2,1.0,0.15836927917627452,-13.07369235564569,13.07369235564569,OK,3-5-2,LWB,LWB,LWB,structural,False,0.0,13.07369235564569
e793b103-c5db-5d62-9227-c3f3b84c30aa,26,14,manchester-united,06edf8b9-4201-50b7-b9f9-2e6a7842f113,Kobbie Mainoo,MID,LDM,1,90.0,0.8344414113798053,76.93250603370473,1.0,LDM,4-2-3-1,1.0,0.16555858862019468,-13.067493966295274,13.067493966295274,OK,4-2-3-1,RDM,RDM,LDM,structural,True,0.0,13.067493966295274
bf65d025-43dc-57fa-842e-f2c6a2eb4f8c,30,16,nottingham-forest,68e23e27-5010-5c05-a3bd-23e48be32b93,Morgan Gibbs-White,MID,CAM,1,73.0,0.9430419653889004,86.06524394894439,1.0,CAM,4-2-3-1,1.0,0.056958034611099606,13.065243948944383,13.065243948944383,OK,4-2-3-1,LAM,LAM,LAM,structural,False,0.0,13.065243948944385
54675f42-95ba-5491-a3fd-06557d576830,31,6,brighton-hove-albion,f6f6439f-07ed-5fba-988d-36a0c8ad3580,Yankuba Minteh,MID,RAM,1,75.0,0.7704383341863628,61.96383564119116,1.0,RAM,4-2-3-1,1.0,0.22956166581363724,-13.03616435880884,13.03616435880884,OK,4-2-3-1,LAM,LAM,LAM,structural,False,0.0,13.03616435880884
94fcf566-2f2f-5764-a094-bd41afb36a13,28,15,newcastle-united,a5e7c659-813a-5a36-8fb6-3f0f74e37c40,Nick Woltemade,FWD,ST,1,55.0,0.6337935371450408,41.96843464274708,1.0,ST,4-3-3,1.0,0.36620646285495917,-13.031565357252925,13.031565357252925,OK,4-3-3,LCM,LCM,LCM,structural,False,0.0,13.031565357252923
d123315a-55ef-56e3-b21e-2aa9ff130593,23,14,manchester-united,46c2018f-f80f-532e-b144-ef688e9f44eb,Luke Shaw,DEF,LCB,1,90.0,0.8430583886026711,77.05995837201434,1.0,LCB,3-4-2-1,1.0,0.15694161139732887,-12.940041627985664,12.940041627985664,OK,4-2-3-1,LB,LB,LB,structural,False,0.0,12.940041627985664
ca09b971-bf08-55a8-9cf4-b93f3c0604e1,36,11,leeds-united,c550c5c9-6be9-5d60-a724-ed8b1d333548,Brenden Aaronson,MID,RAM,1,62.0,0.4777017635987398,49.099963058765255,0.0,UNKNOWN,UNKNOWN,1.0,0.5222982364012603,-12.900036941234744,12.900036941234744,MAP_XI_FALSE_NEGATIVE,3-5-2,ST,ST,ST,structural,False,0.0,12.900036941234745
bdf85bea-b20c-50f1-8dd7-c1351c7015e0,28,18,tottenham-hotspur,44d564d8-1d6f-5d92-906d-972644650a55,Yves Bissouma,MID,CM,1,79.0,0.7455818246167034,66.12380981156994,1.0,CM,3-5-2,1.0,0.2544181753832966,-12.876190188430058,12.876190188430058,OK,4-4-2,RCM,RCM,RCM,structural,False,0.0,12.876190188430058
4fe9f44c-bfba-5934-849a-d84876aa86e8,32,15,newcastle-united,133b6e37-92c1-5dc9-a4dd-a5f957768626,Joelinton Cássio Apolinário de Lira,MID,LCM,1,83.0,0.725525389112056,70.12731492654419,1.0,LCM,4-4-2,1.0,0.274474610887944,-12.872685073455813,12.872685073455813,OK,4-3-3,CM,CM,LCM,structural,True,0.0,12.872685073455813
b28efaf8-9f88-581f-b35a-177aca0f37a6,32,1,arsenal,70c234df-f148-59b3-b1f9-6d390e9cf562,Noni Madueke,MID,RW,1,53.0,0.6503843297857225,40.16044947853327,0.0,UNKNOWN,UNKNOWN,1.0,0.34961567021427753,-12.839550521466734,12.839550521466734,MAP_XI_FALSE_NEGATIVE,4-2-3-1,RAM,RAM,RAM,structural,False,0.0,12.839550521466727
e07812fd-53bd-5cff-a85b-94bea63806fe,30,5,brentford,e4c8a2d7-919b-5751-8fe8-5d4c55df8256,Kevin Schade,MID,LAM,1,67.0,0.8803320912099478,79.82534812449585,1.0,LAM,4-2-3-1,1.0,0.11966790879005218,12.825348124495846,12.825348124495846,OK,4-1-4-1,LW,LW,LW,structural,False,0.0,12.825348124495846
cf2cfda2-d007-5839-984a-e3c0650fa9de,23,7,chelsea,653dcb32-98a1-5bdb-afc4-4dcee772c921,Pedro Lomba Neto,MID,RAM,1,73.0,0.9238189952739752,85.82028152041303,1.0,RAM,4-2-3-1,1.0,0.07618100472602485,12.820281520413031,12.820281520413031,OK,4-2-3-1,LAM,LAM,LAM,structural,False,0.0,12.820281520413033
16495e99-1e75-5b2f-a337-1dfde9ddfe08,33,7,chelsea,653dcb32-98a1-5bdb-afc4-4dcee772c921,Pedro Lomba Neto,MID,LAM,1,90.0,0.8657427104427916,77.22833229946069,1.0,LAM,4-2-3-1,1.0,0.1342572895572084,-12.77166770053931,12.77166770053931,OK,4-4-1-1,RW,RW,ST,structural,True,0.0,12.77166770053931
3670426a-a771-510e-9762-2f3db0f13f12,27,11,leeds-united,80984ab9-f368-5f6c-be67-3ca8dc321a4e,Joe Rodon,DEF,RCB,1,90.0,0.8573530763993428,77.25998937632575,1.0,RCB,3-5-2,1.0,0.14264692360065723,-12.740010623674252,12.740010623674252,OK,5-4-1,CB,CB,RCB,structural,True,0.0,12.740010623674252
57b20b8b-c663-5991-a397-771f728fd27c,33,13,manchester-city,6f380ed1-cc12-5a44-847a-217354668a1e,Rodrigo Hernandez,MID,DM,1,87.0,0.7842553144534187,74.2693152544559,0.0,UNKNOWN,UNKNOWN,1.0,0.21574468554658133,-12.730684745544096,12.730684745544096,MAP_XI_FALSE_NEGATIVE,4-2-3-1,LDM,LDM,RDM,structural,True,0.0,12.730684745544096
dfe891e4-ce71-5e78-94ea-cee9d70885e6,36,2,aston-villa,cb53d8d9-b190-5b1f-adab-60f5562d5d10,Victor Lindelöf,DEF,LCB,1,73.0,0.6646645093898074,60.31321697258244,0.0,UNKNOWN,UNKNOWN,1.0,0.33533549061019263,-12.686783027417562,12.686783027417562,MAP_XI_FALSE_NEGATIVE,4-2-3-1,RDM,RDM,RDM,structural,False,0.0,12.686783027417562
081f5491-2f1e-5422-bb74-cd9ec55d87c9,26,10,fulham,bf6c1651-0779-512e-9c37-3b8ac8c14714,Alex Iwobi,MID,RDM,1,90.0,0.858841451560774,77.35259441473508,1.0,RDM,4-2-3-1,1.0,0.14115854843922604,-12.64740558526492,12.64740558526492,OK,4-2-3-1,LDM,LDM,LDM,structural,False,0.0,12.64740558526492
7c80f6d1-598d-5dcc-b7e4-44865b2ed593,23,6,brighton-hove-albion,962c06ed-3fb4-5908-98c9-be26b5491e6c,Ferdi Kadioglu,DEF,LB,1,90.0,0.8344085054218614,77.39189680315283,1.0,LB,4-2-3-1,1.0,0.1655914945781386,-12.608103196847168,12.608103196847168,OK,4-3-3,RB,RB,RB,structural,False,0.0,12.608103196847168
cf2cfda2-d007-5839-984a-e3c0650fa9de,23,7,chelsea,fbe43cca-fb14-5420-94d6-3e253d5e57f2,Trevoh Chalobah,DEF,LCB,1,90.0,0.8594933662763097,77.39538669548459,1.0,LCB,4-2-3-1,1.0,0.14050663372369032,-12.60461330451541,12.60461330451541,OK,4-2-3-1,RCB,RCB,RCB,structural,False,0.0,12.60461330451541
37e41f76-f980-5cb3-9fc3-a71eeebed4f1,28,14,manchester-united,85474434-c2d2-5904-bdbc-d8e7b1e46db0,Harry Maguire,DEF,RCB,1,84.0,0.8116699308072862,71.4328431525099,0.0,UNKNOWN,UNKNOWN,1.0,0.18833006919271378,-12.567156847490097,12.567156847490097,MAP_XI_FALSE_NEGATIVE,4-2-3-1,LCB,LCB,LCB,structural,False,0.0,12.567156847490097
3886cdbf-b8bc-5850-8a2a-d84384ac71f7,32,20,wolverhampton-wanderers,ebd46261-67a5-56cc-9b55-02bde7f16bba,Jean-Ricner Bellegarde,MID,RAM,1,60.0,0.5388760460531771,47.437979494568914,1.0,RCM,3-5-2,1.0,0.46112395394682293,-12.562020505431086,12.562020505431086,OK,3-5-1-1,RCM,RCM,RCM,structural,False,0.0,12.562020505431086
3418c353-5740-5e88-81c0-761343aedea4,32,12,liverpool,3662a836-64ae-524d-ac5d-6c64245981a2,Cody Gakpo,MID,LAM,1,90.0,0.8482093952152796,77.45522117781987,1.0,LAM,4-2-3-1,1.0,0.1517906047847204,-12.544778822180136,12.544778822180136,OK,4-2-3-1,ST,ST,ST,structural,False,0.0,12.544778822180135
09eed520-5d17-51e8-8b91-f6b3a3579507,31,5,brentford,c5c12262-4fce-5d62-89d5-5e4ae2679565,Keane Lewis-Potter,DEF,LAM,1,90.0,0.837571795849177,77.4634958522641,0.0,UNKNOWN,UNKNOWN,1.0,0.16242820415082304,-12.536504147735895,12.536504147735895,MAP_XI_FALSE_NEGATIVE,5-3-2,LWB,LWB,LWB,structural,False,0.0,12.536504147735897
fd338246-8ad6-503a-aaa4-7c8328aae763,31,18,tottenham-hotspur,2eec990a-7277-5fb6-b8c8-10423fefbb47,Djed Spence,DEF,LB,1,45.0,0.735605492623083,57.51278622761762,1.0,LB,4-4-2,1.0,0.26439450737691705,12.512786227617624,12.512786227617624,OK,4-4-2,RB,RB,RB,structural,False,0.0,12.512786227617617
ec96ab00-9497-5a3e-b3ca-317abf912d08,26,8,crystal-palace,39a54236-bfd4-52f7-8b23-eeb8ca167d6d,Chris Richards,DEF,RCB,1,90.0,0.8593296836449957,77.51843425249463,1.0,RCB,3-4-2-1,1.0,0.14067031635500427,-12.481565747505371,12.481565747505371,OK,3-4-2-1,LCB,LCB,LCB,structural,False,0.0,12.481565747505371
94338b30-8c36-517f-8821-7e38666f86c7,27,9,everton,d0fb5815-b17b-56d0-869e-d0e8910ab751,Idrissa Gueye,MID,LDM,1,90.0,0.8619515828958988,77.52314016848399,1.0,LDM,4-2-3-1,1.0,0.1380484171041012,-12.476859831516007,12.476859831516007,OK,4-2-3-1,RDM,RDM,RAM,structural,True,0.0,12.476859831516009
cd31646e-3d5b-5b6b-97a2-0f706664986c,35,3,burnley,f01a999e-cac7-5aa8-a867-4257d2382021,Jaidon Anthony,MID,LAM,1,90.0,0.8862694655683657,77.56565167206088,1.0,LAM,3-4-2-1,1.0,0.11373053443163428,-12.43434832793912,12.43434832793912,OK,5-4-1,LW,LW,LW,structural,False,0.0,12.43434832793912
5e1fcbbc-fc52-5596-a3cd-5663e323f785,33,5,brentford,c5c12262-4fce-5d62-89d5-5e4ae2679565,Keane Lewis-Potter,DEF,LB,1,90.0,0.8444652583007839,77.57164996398726,1.0,LB,4-2-3-1,1.0,0.1555347416992161,-12.428350036012745,12.428350036012745,OK,4-2-3-1,UNOBSERVED_BENCH,,,,,0.0,12.428350036012745
95efeb72-d689-58fb-a022-ffad47516d80,35,7,chelsea,fbe43cca-fb14-5420-94d6-3e253d5e57f2,Trevoh Chalobah,DEF,LCB,1,90.0,0.8508452248174179,77.60993603010465,1.0,LCB,4-2-3-1,1.0,0.14915477518258213,-12.390063969895351,12.390063969895351,OK,4-2-3-1,RCB,RCB,RCB,structural,False,0.0,12.390063969895351
5c86a947-9f04-5f6a-8730-ff79513f254e,35,15,newcastle-united,7d97f99a-8163-5c05-a74a-5dd9794bd812,Dan Burn,DEF,LCB,1,90.0,0.8403596987168763,77.61556249064073,0.0,UNKNOWN,UNKNOWN,1.0,0.15964030128312368,-12.384437509359271,12.384437509359271,MAP_XI_FALSE_NEGATIVE,4-2-3-1,LB,LB,LB,structural,False,0.0,12.384437509359273
7c80f6d1-598d-5dcc-b7e4-44865b2ed593,23,10,fulham,e2d4248d-32fc-5ca0-8ae6-6abd3c22634e,Timothy Castagne,DEF,RWB,1,90.0,0.8279074351978862,77.64644518663306,1.0,RB,4-2-3-1,1.0,0.17209256480211377,-12.35355481336694,12.35355481336694,OK,4-2-3-1,RB,RB,RB,structural,False,0.0,12.35355481336694
54675f42-95ba-5491-a3fd-06557d576830,31,12,liverpool,b02dbbb7-35b6-53d3-be68-f7c1b2c4e70f,Ryan Gravenberch,MID,RDM,1,90.0,0.9101541054179306,77.67528047243948,1.0,RDM,4-2-3-1,1.0,0.08984589458206937,-12.324719527560518,12.324719527560518,OK,4-3-1-2,CM,CM,CM,structural,False,0.0,12.324719527560518
dc1d8946-e5da-5a50-b228-61e8601bc305,23,13,manchester-city,138e28b4-ff6e-5598-bbd5-0b255b509b73,Tijjani Reijnders,MID,LCM,1,60.0,0.4570601354573792,47.68178576763134,0.0,UNKNOWN,UNKNOWN,1.0,0.5429398645426208,-12.31821423236866,12.31821423236866,MAP_XI_FALSE_NEGATIVE,4-1-4-1,RCM,RCM,RCM,structural,False,0.0,12.31821423236866
f9e40dc0-3f7f-564f-aecb-0459ee9f4389,31,14,manchester-united,be977983-b55e-52b9-96d5-b98b8b42edbb,Bryan Mbeumo,MID,RAM,1,70.0,0.774552365611904,57.6823768331422,0.0,UNKNOWN,UNKNOWN,1.0,0.225447634388096,-12.3176231668578,12.3176231668578,MAP_XI_FALSE_NEGATIVE,4-2-3-1,ST,ST,ST,structural,False,0.0,12.3176231668578
4e3797d6-a1bb-50e5-9754-8c9a138c6c48,29,20,wolverhampton-wanderers,9ac5d5a9-74b6-578c-8e14-559019eb509d,Mateus Mané,FWD,LCM,1,69.0,0.8856553191130649,81.27709297599112,1.0,LCM,3-5-2,1.0,0.11434468088693506,12.277092975991124,12.277092975991124,OK,3-5-1-1,RCM,RCM,ST,structural,True,0.0,12.277092975991124
31de2a73-94e2-5e1f-829e-f19990739961,28,20,wolverhampton-wanderers,ebd46261-67a5-56cc-9b55-02bde7f16bba,Jean-Ricner Bellegarde,MID,RCM,1,80.0,0.75945353051512,67.77064600124147,1.0,RCM,3-5-2,1.0,0.24054646948488,-12.229353998758526,12.229353998758526,OK,3-4-2-1,RAM,RAM,RAM,structural,False,0.0,12.229353998758526
b1b0e185-0108-508b-aa08-e3732938787f,35,12,liverpool,69b2f335-365b-5201-b36b-babf799e628a,Curtis Jones,MID,LDM,1,90.0,0.8579356861315128,77.77127777279158,0.0,UNKNOWN,UNKNOWN,1.0,0.14206431386848717,-12.228722227208422,12.228722227208422,MAP_XI_FALSE_NEGATIVE,4-2-2-2,RB,RB,RB,structural,False,0.0,12.228722227208422
457d30c3-d5ec-5fbc-9e3e-b071192ded0c,30,1,arsenal,a8d1cfeb-4f1e-53fc-a90a-4610ccf746c6,Declan Rice,MID,LCM,1,90.0,0.8777194859572177,77.82298662944255,1.0,LDM,4-2-3-1,1.0,0.12228051404278228,-12.177013370557448,12.177013370557448,OK,4-2-3-1,LDM,LDM,LDM,structural,False,0.0,12.177013370557447
10d060ee-1672-5636-98a1-8b9e8f3f850d,29,17,sunderland,e5098785-f2ed-5b29-af5e-f569a62ab2c0,Noah Sadiki,MID,LCM,1,90.0,0.8649054128182205,77.89281411709547,1.0,LCM,4-4-2,1.0,0.13509458718177947,-12.107185882904531,12.107185882904531,OK,4-2-3-1,LDM,LDM,LDM,structural,False,0.0,12.107185882904531
4969d7af-c9d1-5c54-8620-d87f0b49cff8,36,7,chelsea,481b07c4-b805-52cf-a0ee-593af134790d,Cole Palmer,MID,CAM,1,90.0,0.8627006313323949,77.89934047200477,1.0,RAM,4-2-3-1,1.0,0.13729936866760506,-12.100659527995234,12.100659527995234,OK,4-2-3-1,RAM,RAM,RAM,structural,False,0.0,12.100659527995234
622cfd32-fefc-538b-92e0-7c761e8052b4,30,7,chelsea,c92d55cb-06d1-553d-aad7-f64c0de898a5,Moisés Caicedo Corozo,MID,RDM,1,60.0,0.7912748924290834,72.09101712376616,1.0,RDM,4-2-3-1,1.0,0.20872510757091656,12.091017123766164,12.091017123766164,OK,4-2-3-1,LDM,LDM,LDM,structural,False,0.0,12.091017123766164
dd5772bc-85d8-5010-9a4b-eeb87df0c6be,33,12,liverpool,b02dbbb7-35b6-53d3-be68-f7c1b2c4e70f,Ryan Gravenberch,MID,RDM,1,90.0,0.7954323499109364,77.92976080896126,1.0,RDM,4-2-3-1,1.0,0.20456765008906364,-12.070239191038738,12.070239191038738,OK,4-2-3-1,LDM,LDM,LDM,structural,False,0.0,12.070239191038738
6b1ba362-3ee7-5a51-8722-835e7613942b,32,7,chelsea,932d386d-f372-53de-a37f-381a73a67e07,Jorrel Hato,DEF,LB,1,90.0,0.8479776221448342,78.01822080963622,0.0,UNKNOWN,UNKNOWN,1.0,0.1520223778551658,-11.98177919036378,11.98177919036378,MAP_XI_FALSE_NEGATIVE,4-2-3-1,LCB,LCB,LCB,structural,False,0.0,11.981779190363781
1e0e866b-bb70-545e-b6dc-8a8424b208c6,23,12,liverpool,e1be452d-eabb-5030-8f89-d3b48d85fedb,Florian Wirtz,MID,CAM,1,90.0,0.8557448182351279,78.02237493696106,1.0,CAM,4-2-3-1,1.0,0.14425518176487206,-11.977625063038944,11.977625063038944,OK,4-2-2-2,LAM,LAM,RAM,structural,True,0.0,11.977625063038943
3a27d648-a23e-5b47-aa0b-a8ecf1d098b4,25,14,manchester-united,65910bcc-31a9-56bb-ba12-74e687cd31ec,Amad Diallo,MID,RWB,1,90.0,0.8681614340809797,78.05136247532252,0.0,UNKNOWN,UNKNOWN,1.0,0.13183856591902032,-11.94863752467748,11.94863752467748,MAP_XI_FALSE_NEGATIVE,4-2-3-1,RAM,RAM,RAM,structural,False,0.0,11.94863752467748
9403bea8-f4be-5480-8cc6-7a1e94097a3f,23,3,burnley,f01a999e-cac7-5aa8-a867-4257d2382021,Jaidon Anthony,MID,LW,1,90.0,0.8372874585264154,78.06663631983776,1.0,LW,3-4-3,1.0,0.1627125414735846,-11.933363680162245,11.933363680162245,OK,3-4-2-1,LAM,LAM,LAM,structural,False,0.0,11.933363680162245
e0ceee79-211e-5422-8a48-170a59ad8497,36,19,west-ham-united,ef1caf6e-67a5-53c4-afb0-2523323cbfe4,Crysencio Summerville,MID,LW,1,90.0,0.8910336714548162,78.1183039928728,1.0,LW,4-4-2,1.0,0.10896632854518384,-11.881696007127204,11.881696007127204,OK,3-4-2-1,LAM,LAM,LAM,structural,False,0.0,11.881696007127204
039b583c-5bdc-51f2-8934-ef0b7746978e,31,9,everton,d0fb5815-b17b-56d0-869e-d0e8910ab751,Idrissa Gueye,MID,LDM,1,90.0,0.8715164113560186,78.1289698365961,1.0,LDM,4-2-3-1,1.0,0.12848358864398135,-11.8710301634039,11.8710301634039,OK,4-2-3-1,RDM,RDM,RDM,structural,False,0.0,11.871030163403901
7eb9f651-a02f-59cf-843e-8b905b79f98c,38,15,newcastle-united,19517dba-f8bc-5da6-921a-eec76cc74b58,Lewis Hall,DEF,LB,1,90.0,0.8445605486891251,78.14564414241548,1.0,LB,4-4-2,1.0,0.1554394513108749,-11.854355857584522,11.854355857584522,OK,3-5-2,LWB,LWB,LWB,structural,False,0.0,11.854355857584522
8dde84af-e5b8-502a-977d-f16249e0c5a0,26,1,arsenal,79caa72c-19b1-5ed2-9eea-49bec88916b3,Eberechi Eze,MID,RCM,1,45.0,0.4687555118021606,33.19791413417195,0.0,UNKNOWN,UNKNOWN,1.0,0.5312444881978394,-11.802085865828047,11.802085865828047,MAP_XI_FALSE_NEGATIVE,4-2-3-1,CAM,CAM,RDM,structural,True,0.0,11.802085865828047
02c1a42f-1cb3-5453-a3e8-cca6c129d901,33,17,sunderland,eeb782c9-d515-562b-b132-d07e7ac988fa,Chris Rigg,MID,RW,1,62.0,0.5869667641750927,50.238325686410015,1.0,RAM,4-2-3-1,1.0,0.41303323582490725,-11.761674313589983,11.761674313589983,OK,4-2-3-1,RAM,RAM,RAM,structural,False,0.0,11.761674313589985
dcb932a5-b690-59b8-8026-5a592284f9a8,38,17,sunderland,98e68e85-52f1-5832-b572-18ffcbfa3d40,Luke O'Nien,DEF,RCB,1,90.0,0.8263855754971305,78.25644081423756,0.0,UNKNOWN,UNKNOWN,1.0,0.17361442450286946,-11.743559185762436,11.743559185762436,MAP_XI_FALSE_NEGATIVE,4-2-3-1,LCB,LCB,LCB,structural,False,0.0,11.743559185762436
09eed520-5d17-51e8-8b91-f6b3a3579507,31,5,brentford,3dabd7b1-0f28-5272-86ae-4c5392e1aa45,Sepp van den Berg,DEF,LCB,1,90.0,0.8317838768942373,78.28005942190366,1.0,LCB,4-2-3-1,1.0,0.16821612310576273,-11.719940578096342,11.719940578096342,OK,5-3-2,RCB,RCB,RCB,structural,False,0.0,11.719940578096342
7eb9f651-a02f-59cf-843e-8b905b79f98c,38,10,fulham,ef856b2c-4200-58fa-8d76-23913677f5ba,Oscar Bobb,MID,LAM,1,71.0,0.6583473769687638,59.28298872479383,0.0,UNKNOWN,UNKNOWN,1.0,0.3416526230312362,-11.717011275206175,11.717011275206175,MAP_XI_FALSE_NEGATIVE,4-2-3-1,RAM,RAM,RAM,structural,False,0.0,11.717011275206168
73cbcb0c-704f-544b-98be-2945eb6c0891,24,6,brighton-hove-albion,eb26516f-9061-5a83-a316-5cd4bef43df5,Pascal Groß,MID,LDM,1,90.0,0.8657481429732893,78.28956149708114,0.0,UNKNOWN,UNKNOWN,1.0,0.13425185702671072,-11.710438502918862,11.710438502918862,MAP_XI_FALSE_NEGATIVE,4-3-3,LCM,LCM,LCM,structural,False,0.0,11.710438502918862
dcb932a5-b690-59b8-8026-5a592284f9a8,38,17,sunderland,53bfdbe9-b833-5ee6-b24f-4b838a2a0fa6,Nordi Mukiele,DEF,RB,1,90.0,0.8698051525324069,78.33517545755555,1.0,RCB,4-2-3-1,1.0,0.13019484746759313,-11.66482454244445,11.66482454244445,OK,4-2-3-1,RCB,RCB,RCB,structural,False,0.0,11.66482454244445
3a27d648-a23e-5b47-aa0b-a8ecf1d098b4,25,14,manchester-united,1b9763d0-3c26-574c-9903-2c98b8431990,Matheus Santos Carneiro Da Cunha,MID,LAM,1,74.0,0.7974550784007254,62.34509305619666,1.0,LAM,4-2-3-1,1.0,0.20254492159927462,-11.65490694380334,11.65490694380334,OK,4-2-3-1,ST,ST,ST,structural,False,0.0,11.65490694380334
dec351fa-176e-54ff-a391-5e41f9eeee09,37,20,wolverhampton-wanderers,e2213bab-7401-5edc-9994-4eb0772f48ef,João Victor Gomes da Silva,MID,LCM,1,90.0,0.8812849617491522,78.38127860808501,1.0,LCM,3-4-2-1,1.0,0.11871503825084784,-11.618721391914988,11.618721391914988,OK,4-2-3-1,RDM,RDM,RDM,structural,False,0.0,11.618721391914988
7eb9f651-a02f-59cf-843e-8b905b79f98c,38,15,newcastle-united,fe525ab5-78d1-5766-a583-9b76113d2d57,Sven Botman,DEF,LCB,1,90.0,0.8646654661802445,78.44450918027158,1.0,LCB,4-4-2,1.0,0.13533453381975546,-11.55549081972842,11.55549081972842,OK,3-5-2,CB,CB,CB,structural,False,0.0,11.55549081972842
e20ba8da-5c02-58df-ad17-3223c3c83acf,28,7,chelsea,653dcb32-98a1-5bdb-afc4-4dcee772c921,Pedro Lomba Neto,MID,RAM,1,69.0,0.8948922131605394,80.53979421454375,1.0,RAM,4-2-3-1,1.0,0.10510778683946065,11.539794214543749,11.539794214543749,OK,4-3-3,RW,RW,RW,structural,False,0.0,11.539794214543747
875862ec-2f61-5965-8e94-d3ed55e4bf3f,32,5,brentford,3dabd7b1-0f28-5272-86ae-4c5392e1aa45,Sepp van den Berg,DEF,LCB,1,90.0,0.8405138565478435,78.47302131819828,1.0,LCB,4-2-3-1,1.0,0.1594861434521565,-11.526978681801722,11.526978681801722,OK,4-2-3-1,RCB,RCB,RCB,structural,False,0.0,11.526978681801722
5c73e3e5-e8ce-57af-9da1-880c34ac7495,34,16,nottingham-forest,c648214a-7d9c-5efe-aa6f-da16039cd486,Omari Hutchinson,MID,RAM,1,66.0,0.8873374273929805,77.52177475743903,1.0,RAM,4-2-3-1,1.0,0.1126625726070195,11.521774757439031,11.521774757439031,OK,4-4-2,RW,RW,RW,structural,False,0.0,11.521774757439033
ee2e6f43-96fc-5070-b018-615238c06305,32,16,nottingham-forest,95a48a1c-ec3e-52d7-9657-44491739dede,Nikola Milenković,DEF,RCB,1,90.0,0.8605559514496832,78.49160410365333,1.0,RCB,4-2-3-1,1.0,0.13944404855031678,-11.50839589634667,11.50839589634667,OK,4-2-3-1,LCB,LCB,RCB,structural,True,0.0,11.50839589634667
318ad40d-b456-558d-bca7-c9fa1aed3f94,29,13,manchester-city,eebb4710-6fe9-53e9-81e0-a650547126a0,Rayan Cherki,MID,RAM,1,81.0,0.71373974225823,69.50735977310738,0.0,UNKNOWN,UNKNOWN,1.0,0.28626025774177,-11.492640226892618,11.492640226892618,MAP_XI_FALSE_NEGATIVE,4-1-3-2,LAM,LAM,LAM,structural,False,0.0,11.492640226892618
13a06bbe-773c-5050-a81a-5cecf3bc57eb,25,10,fulham,bf6c1651-0779-512e-9c37-3b8ac8c14714,Alex Iwobi,MID,LAM,1,90.0,0.8747648790754283,78.51167453317821,1.0,RDM,4-2-3-1,1.0,0.12523512092457167,-11.488325466821792,11.488325466821792,OK,4-2-3-1,RDM,RDM,RDM,structural,False,0.0,11.488325466821792
dcb932a5-b690-59b8-8026-5a592284f9a8,38,7,chelsea,653dcb32-98a1-5bdb-afc4-4dcee772c921,Pedro Lomba Neto,MID,LAM,1,64.0,0.8501014383281742,75.48766126640137,1.0,LAM,4-2-3-1,1.0,0.1498985616718258,11.487661266401377,11.487661266401377,OK,3-4-1-2,ST,ST,ST,structural,False,0.0,11.487661266401375
ba89faf8-3800-548a-951b-e5d7ed60ed05,37,18,tottenham-hotspur,8e00491e-df3c-59d8-8196-500825daf087,João Palhinha Gonçalves,MID,RDM,1,68.0,0.8548187872461492,79.42858880120077,1.0,RDM,4-2-3-1,1.0,0.14518121275385076,11.428588801200776,11.428588801200776,OK,4-2-3-1,LDM,LDM,LDM,structural,False,0.0,11.428588801200775
3886cdbf-b8bc-5850-8a2a-d84384ac71f7,32,19,west-ham-united,bafec5b4-70cd-5296-82ed-5f50f9b35506,Tomas Soucek,MID,RCM,1,90.0,0.9234524276086744,78.64158024082032,1.0,RCM,4-4-2,1.0,0.07654757239132559,-11.358419759179682,11.358419759179682,OK,4-2-3-1,RDM,RDM,RDM,structural,False,0.0,11.358419759179682
8b19f294-8fed-5a60-8498-f5c9c1b8d138,24,15,newcastle-united,d7693e44-9092-592e-b518-8da97eaf9fdf,Harvey Barnes,MID,RW,1,72.0,0.9124246459585892,83.32912127114292,1.0,RW,4-3-3,1.0,0.08757535404141081,11.329121271142924,11.329121271142924,OK,4-3-3,LW,LW,LW,structural,False,0.0,11.329121271142924
800418ef-112a-5f8a-9aae-e47025aa529d,25,3,burnley,93153394-38ee-5f40-9adb-90f4f3307e4e,Lucas Pires Silva,DEF,LWB,1,90.0,0.8692561945551794,78.68420142462821,1.0,LWB,3-4-2-1,1.0,0.13074380544482056,-11.315798575371788,11.315798575371788,OK,4-5-1,LB,LB,LB,structural,False,0.0,11.315798575371787
47e684ca-483b-5eca-8ec1-c94a86f9452a,28,5,brentford,e5d36ad0-dba5-56c7-a5d2-b091b2fa1b0d,Mathias Jensen,MID,CAM,1,90.0,0.8537277757202291,78.72187539691008,1.0,CAM,4-2-3-1,1.0,0.14627222427977093,-11.27812460308992,11.27812460308992,OK,4-2-3-1,LDM,LDM,LDM,structural,False,0.0,11.278124603089921
9403bea8-f4be-5480-8cc6-7a1e94097a3f,23,18,tottenham-hotspur,c99e7187-586e-5722-8e10-93fd50f92627,Xavi Simons,MID,CAM,1,90.0,0.8663269666072135,78.72612697076993,1.0,CAM,4-2-3-1,1.0,0.13367303339278647,-11.273873029230074,11.273873029230074,OK,3-4-2-1,LAM,LAM,LAM,structural,False,0.0,11.273873029230074
8a75a887-d709-591e-8651-c5160a6f23f9,29,5,brentford,e5d36ad0-dba5-56c7-a5d2-b091b2fa1b0d,Mathias Jensen,MID,CAM,1,90.0,0.8499992489135323,78.84194207527445,0.0,UNKNOWN,UNKNOWN,1.0,0.1500007510864677,-11.158057924725554,11.158057924725554,MAP_XI_FALSE_NEGATIVE,4-2-3-1,LDM,LDM,LDM,structural,False,0.0,11.158057924725554
3b0bba38-af04-5460-b39f-e5c32eaf27ff,36,16,nottingham-forest,77dbedf3-49eb-53ec-8cc5-c1d344c47ca2,Neco Williams,DEF,LB,1,90.0,0.8196557260993599,78.92685515612027,1.0,LB,4-2-3-1,1.0,0.18034427390064012,-11.073144843879732,11.073144843879732,OK,3-4-2-1,RWB,RWB,LCM,structural,True,0.0,11.073144843879732
94ee8d5f-04da-5a31-92b9-3e1fbea7f464,27,8,crystal-palace,39a54236-bfd4-52f7-8b23-eeb8ca167d6d,Chris Richards,DEF,RCB,1,90.0,0.8764033861685628,78.93965296780658,1.0,LCB,3-4-2-1,1.0,0.12359661383143716,-11.06034703219342,11.06034703219342,OK,3-4-2-1,CB,CB,CB,structural,False,0.0,11.06034703219342
bd6a2d47-5dc1-5837-8700-c916a4a9191c,33,20,wolverhampton-wanderers,00cc549f-a9f0-54b0-8cbc-ef47c7f8251b,André Trindade da Costa Neto,MID,CM,1,90.0,0.8557214414243369,78.97769160622897,1.0,CM,3-5-2,1.0,0.14427855857566307,-11.022308393771027,11.022308393771027,OK,3-4-2-1,RCM,RCM,CB,structural,True,0.0,11.022308393771027
e20ba8da-5c02-58df-ad17-3223c3c83acf,28,1,arsenal,4c3f279c-cb21-57c6-9d58-3decef97625e,Bukayo Saka,MID,RW,1,90.0,0.8748969224468388,78.9926294476689,1.0,RW,4-3-3,1.0,0.1251030775531612,-11.007370552331096,11.007370552331096,OK,4-2-3-1,RAM,RAM,RAM,structural,False,0.0,11.007370552331096
112601d1-209f-5611-b63b-01d0992c4ddd,26,11,leeds-united,80984ab9-f368-5f6c-be67-3ca8dc321a4e,Joe Rodon,DEF,RCB,1,90.0,0.8769642513989594,79.02284606636111,1.0,CB,3-5-2,1.0,0.1230357486010406,-10.977153933638888,10.977153933638888,OK,5-4-1,LCB,LCB,LCB,structural,False,0.0,10.977153933638888
bd6a2d47-5dc1-5837-8700-c916a4a9191c,33,11,leeds-united,8e67ff00-ad19-5384-8c44-acf0faf97249,Noah Okafor,MID,ST,1,66.0,0.7091480143147043,55.0289167427601,1.0,ST,3-5-2,1.0,0.2908519856852957,-10.971083257239895,10.971083257239895,OK,3-4-2-1,LAM,LAM,LAM,structural,False,0.0,10.971083257239897
16495e99-1e75-5b2f-a337-1dfde9ddfe08,33,7,chelsea,932d386d-f372-53de-a37f-381a73a67e07,Jorrel Hato,DEF,LCB,1,90.0,0.8567191157716312,79.04763784563227,1.0,LCB,4-2-3-1,1.0,0.14328088422836882,-10.952362154367734,10.952362154367734,OK,4-4-1-1,LB,LB,LB,structural,False,0.0,10.952362154367734
112601d1-209f-5611-b63b-01d0992c4ddd,26,11,leeds-united,82e95b4b-22b2-59a9-b33b-e199df378fe3,Ethan Ampadu,MID,CM,1,90.0,0.8772612222547693,79.0506335609583,1.0,CM,3-5-2,1.0,0.12273877774523068,-10.949366439041697,10.949366439041697,OK,5-4-1,RCM,RCM,RCM,structural,False,0.0,10.949366439041697
10d060ee-1672-5636-98a1-8b9e8f3f850d,29,11,leeds-united,2151f057-0065-57a0-87e5-2a434738b8d1,Gabriel Gudmundsson,DEF,LWB,1,83.0,0.8380945794114808,72.05612041927542,1.0,LWB,3-5-2,1.0,0.1619054205885192,-10.943879580724584,10.943879580724584,OK,4-5-1,LB,LB,LB,structural,False,0.0,10.943879580724584
7eb9f651-a02f-59cf-843e-8b905b79f98c,38,15,newcastle-united,b5144153-3ffb-56d4-89c7-cf4cc50a101e,Jacob Murphy,MID,RW,1,45.0,0.4059437886271131,34.08374091938334,1.0,RW,4-4-2,1.0,0.5940562113728869,-10.916259080616662,10.916259080616662,OK,3-5-2,RWB,RWB,RWB,structural,False,0.0,10.916259080616662
6087d963-451a-5a7b-b016-d3853de520ea,22,10,fulham,e2d4248d-32fc-5ca0-8ae6-6abd3c22634e,Timothy Castagne,DEF,RWB,1,90.0,0.8492111753265696,79.08406399561596,0.0,UNKNOWN,UNKNOWN,1.0,0.15078882467343036,-10.915936004384037,10.915936004384037,MAP_XI_FALSE_NEGATIVE,4-2-3-1,RB,RB,RB,structural,False,0.0,10.915936004384037
f5b8d4db-d7b4-5da2-a157-94fd8af41961,25,20,wolverhampton-wanderers,a8aed2e6-b0b5-5558-b149-fc0c412d9844,Santiago Bueno,DEF,CB,1,90.0,0.8949722928633869,79.12141967044363,1.0,CB,3-5-2,1.0,0.10502770713661314,-10.878580329556373,10.878580329556373,OK,4-2-3-1,LCB,LCB,LCB,structural,False,0.0,10.878580329556371
5c86a947-9f04-5f6a-8730-ff79513f254e,35,15,newcastle-united,c7d912b7-acf9-59e7-a5a7-c7e64aed18da,Sandro Tonali,MID,CM,1,90.0,0.8726671589687892,79.12209345019573,1.0,CM,4-3-3,1.0,0.12733284103121079,-10.877906549804266,10.877906549804266,OK,4-2-3-1,LDM,LDM,RDM,structural,True,0.0,10.877906549804266
9d7e2609-879a-5940-b916-fce719c34570,32,11,leeds-united,43ae6b5e-3989-58fb-8540-6a539dd06218,Jaka Bijol,DEF,CB,1,90.0,0.8620606547547992,79.12650780508721,1.0,CB,3-5-2,1.0,0.1379393452452008,-10.873492194912783,10.873492194912783,OK,3-4-1-2,LCB,LCB,CB,structural,True,0.0,10.873492194912785
0d6a442b-e1f2-53f3-a9a8-0b75c19465d8,38,1,arsenal,b565eaae-40d9-5a94-8063-106bd85084b9,Cristhian Mosquera,DEF,RB,1,90.0,0.8411937473888103,79.14204472501967,1.0,RB,4-4-2,1.0,0.15880625261118975,-10.857955274980329,10.857955274980329,OK,4-2-3-1,RCB,RCB,RCB,structural,False,0.0,10.857955274980327
b4ec0cde-d0bf-5e52-a05a-625335240554,37,19,west-ham-united,17b6a342-b02c-5f36-a340-abadc722db36,El Hadji Malick Diouf,DEF,LB,1,90.0,0.8869472450593332,79.15330919863597,1.0,LB,4-4-2,1.0,0.1130527549406668,-10.846690801364034,10.846690801364034,OK,3-4-2-1,LWB,LWB,LWB,structural,False,0.0,10.846690801364034
73cbcb0c-704f-544b-98be-2945eb6c0891,24,6,brighton-hove-albion,de6b06be-d7b4-506e-9177-df5cf336214a,Yasin Ayari,MID,RDM,1,90.0,0.8746240775329801,79.20764319170546,1.0,LDM,4-2-3-1,1.0,0.1253759224670199,-10.792356808294542,10.792356808294542,OK,4-3-3,RCM,RCM,CM,structural,True,0.0,10.792356808294542
bdf85bea-b20c-50f1-8dd7-c1351c7015e0,28,18,tottenham-hotspur,f0bfb35e-c09e-553b-a545-fec85a6cd62d,Radu Dragusin,DEF,CB,1,89.0,0.8158646334093421,78.22114312235311,1.0,CB,3-5-2,1.0,0.18413536659065788,-10.778856877646888,10.778856877646888,OK,4-4-2,RCB,RCB,RCB,structural,False,0.0,10.778856877646888
b4ec0cde-d0bf-5e52-a05a-625335240554,37,15,newcastle-united,50df4a11-59ff-5eba-85dd-aaca25ba3cd2,Bruno Guimarães Rodriguez Moura,MID,RCM,1,90.0,0.8627908819024671,79.22548645365758,1.0,RCM,4-3-3,1.0,0.1372091180975329,-10.77451354634242,10.77451354634242,OK,4-2-3-1,RDM,RDM,RDM,structural,False,0.0,10.774513546342419
37e41f76-f980-5cb3-9fc3-a71eeebed4f1,28,8,crystal-palace,e0417b35-b1b1-5957-8ee5-7996c5db5cb0,Brennan Johnson,MID,RAM,1,57.0,0.4278708353465719,46.22634319664379,0.0,UNKNOWN,UNKNOWN,1.0,0.5721291646534281,-10.77365680335621,10.77365680335621,MAP_XI_FALSE_NEGATIVE,3-4-2-1,LAM,LAM,LAM,structural,False,0.0,10.77365680335621
3b0bba38-af04-5460-b39f-e5c32eaf27ff,36,15,newcastle-united,c7d912b7-acf9-59e7-a5a7-c7e64aed18da,Sandro Tonali,MID,CM,1,90.0,0.8710294140769923,79.24156184953404,1.0,CM,4-3-3,1.0,0.1289705859230077,-10.758438150465963,10.758438150465963,OK,4-2-3-1,RDM,RDM,RDM,structural,False,0.0,10.758438150465963
b05d8bbc-90bb-57d4-a3ff-25dce53593e4,37,3,burnley,b7ff49f3-d1e0-5e63-b004-29bee7a1f2ea,Kyle Walker,DEF,RWB,1,90.0,0.8649286139427792,79.28814630949114,1.0,RWB,3-4-2-1,1.0,0.1350713860572208,-10.71185369050886,10.71185369050886,OK,4-2-3-1,RB,RB,RB,structural,False,0.0,10.71185369050886
c843cd2e-5dfa-5148-ae4c-944a685f95dc,26,18,tottenham-hotspur,976cba43-39e3-5bd2-a17b-74524487c441,Archie Gray,MID,LDM,1,90.0,0.8575816491747174,79.32156741737434,1.0,LDM,4-2-3-1,1.0,0.14241835082528265,-10.67843258262566,10.67843258262566,OK,4-3-3,RB,RB,RB,structural,False,0.0,10.67843258262566
ebb30294-ec65-5a92-a141-2fa11e9b549c,30,13,manchester-city,66ce5aaa-c0e9-5462-8a78-fae312616872,Antoine Semenyo,MID,ST,1,74.0,0.9409710303071712,84.67375429070773,1.0,RW,4-4-2,1.0,0.05902896969282878,10.673754290707734,10.673754290707734,OK,4-1-3-2,RAM,RAM,RAM,structural,False,0.0,10.673754290707734
d9ace39d-a5ca-5496-84cb-231df913a305,25,4,afc-bournemouth,6caa4dfe-3a1a-5c7f-84ef-7342cdfb5745,Lewis Cook,MID,LDM,1,90.0,0.8697432714760425,79.40307180233015,1.0,LDM,4-2-3-1,1.0,0.13025672852395753,-10.596928197669854,10.596928197669854,OK,4-2-3-1,RDM,RDM,CAM,structural,True,0.0,10.596928197669854
7d478ee4-036e-5700-9dcd-a71ec1f2326a,27,5,brentford,9c63b373-5b16-5d1a-8ee1-2b35708a7892,Dango Ouattara,MID,RAM,1,90.0,0.8596477473676081,79.40430589522732,1.0,RAM,4-2-3-1,1.0,0.14035225263239193,-10.595694104772676,10.595694104772676,OK,4-2-3-1,LAM,LAM,CAM,structural,True,0.0,10.595694104772676
006f69f1-9b0e-551d-bed7-448d3b640101,22,14,manchester-united,46c2018f-f80f-532e-b144-ef688e9f44eb,Luke Shaw,DEF,LCB,1,90.0,0.8726107368000433,79.42814461743642,1.0,LCB,3-4-2-1,1.0,0.1273892631999567,-10.571855382563584,10.571855382563584,OK,4-2-3-1,LB,LB,LB,structural,False,0.0,10.571855382563584
318ad40d-b456-558d-bca7-c9fa1aed3f94,29,16,nottingham-forest,fc1d6631-4455-5cd1-be3d-3748e604ca74,Ibrahim Sangaré,MID,RDM,1,90.0,0.8798971167601378,79.44476644461392,1.0,RDM,4-2-3-1,1.0,0.12010288323986218,-10.55523355538608,10.55523355538608,OK,5-3-2,CM,CM,CM,structural,False,0.0,10.555233555386081
4969d7af-c9d1-5c54-8620-d87f0b49cff8,36,12,liverpool,3662a836-64ae-524d-ac5d-6c64245981a2,Cody Gakpo,MID,LAM,1,76.0,0.9569093871660098,86.53400657027166,1.0,LAM,4-2-3-1,1.0,0.04309061283399018,10.534006570271655,10.534006570271655,OK,4-2-3-1,ST,ST,ST,structural,False,0.0,10.534006570271657
875862ec-2f61-5965-8e94-d3ed55e4bf3f,32,9,everton,dea12abc-e8dd-5839-b626-0cb7e72e9a26,Iliman Ndiaye,MID,RAM,1,90.0,0.9002302205585718,79.46705658994556,1.0,LAM,4-2-3-1,1.0,0.09976977944142817,-10.532943410054443,10.532943410054443,OK,4-2-3-1,LAM,LAM,LAM,structural,False,0.0,10.532943410054443
e07812fd-53bd-5cff-a85b-94bea63806fe,30,20,wolverhampton-wanderers,9ac5d5a9-74b6-578c-8e14-559019eb509d,Mateus Mané,FWD,LCM,1,45.0,0.7217814370607658,55.490537477358885,1.0,LCM,3-5-2,1.0,0.2782185629392342,10.490537477358885,10.490537477358885,OK,3-4-2-1,LAM,LAM,LAM,structural,False,0.0,10.490537477358885
fe5e3103-d0cf-58a8-83c4-58f211edd29a,23,17,sunderland,e5098785-f2ed-5b29-af5e-f569a62ab2c0,Noah Sadiki,MID,LCM,1,90.0,0.8834679947791348,79.54699173237479,1.0,LDM,4-2-3-1,1.0,0.11653200522086515,-10.453008267625208,10.453008267625208,OK,4-4-2,RCM,RCM,RCM,structural,False,0.0,10.453008267625208
01b894d5-057a-530b-917f-9397231a3249,22,6,brighton-hove-albion,bec3b39e-5fff-5ae4-a7ba-ba525d5b3911,Diego Gómez,MID,LAM,1,65.0,0.6887218190762032,54.59497345479338,1.0,LDM,4-2-3-1,1.0,0.3112781809237968,-10.405026545206615,10.405026545206615,OK,4-2-3-1,CAM,CAM,RDM,structural,True,0.0,10.405026545206617
5766fb4a-8b72-52a7-9737-b231937d4d3c,30,18,tottenham-hotspur,976cba43-39e3-5bd2-a17b-74524487c441,Archie Gray,MID,RWB,1,90.0,0.8634567340318069,79.61745686408474,1.0,LDM,4-2-3-1,1.0,0.1365432659681931,-10.382543135915256,10.382543135915256,OK,4-4-2,RCM,RCM,RCM,structural,False,0.0,10.382543135915256
7769decc-98b9-5b54-a4a3-fc4aa47199e9,35,10,fulham,aa82079f-0382-5b01-bb3b-9224650f408b,Sasa Lukic,MID,RDM,1,90.0,0.8523236816351957,79.61949406750708,1.0,RDM,4-2-3-1,1.0,0.14767631836480433,-10.380505932492923,10.380505932492923,OK,4-2-3-1,LDM,LDM,LDM,structural,False,0.0,10.380505932492923
e07812fd-53bd-5cff-a85b-94bea63806fe,30,20,wolverhampton-wanderers,00cc549f-a9f0-54b0-8cbc-ef47c7f8251b,André Trindade da Costa Neto,MID,CM,1,90.0,0.8715273674584633,79.65615425875308,1.0,CM,3-5-2,1.0,0.12847263254153674,-10.343845741246923,10.343845741246923,OK,3-4-2-1,RCM,RCM,RWB,structural,True,0.0,10.343845741246923
9fb7fb28-1745-597c-aab4-27fb0e6c5383,28,11,leeds-united,80984ab9-f368-5f6c-be67-3ca8dc321a4e,Joe Rodon,DEF,RCB,1,86.0,0.8397366294318025,75.65771328086956,1.0,RCB,3-5-2,1.0,0.1602633705681975,-10.342286719130442,10.342286719130442,OK,5-4-1,CB,CB,CB,structural,False,0.0,10.342286719130442
cf2cfda2-d007-5839-984a-e3c0650fa9de,23,7,chelsea,c92d55cb-06d1-553d-aad7-f64c0de898a5,Moisés Caicedo Corozo,MID,RDM,1,72.0,0.9099250507245916,82.33441186217149,1.0,RDM,4-2-3-1,1.0,0.09007494927540838,10.334411862171493,10.334411862171493,OK,4-2-3-1,LDM,LDM,LDM,structural,False,0.0,10.334411862171493
bd6a2d47-5dc1-5837-8700-c916a4a9191c,33,20,wolverhampton-wanderers,15d02b2c-303d-5403-b3ee-c1bb398578ae,Angel Gomes,MID,CAM,1,37.0,0.5353467385763951,47.33202373731022,0.0,UNKNOWN,UNKNOWN,1.0,0.46465326142360486,10.332023737310225,10.332023737310225,MAP_XI_FALSE_NEGATIVE,3-4-2-1,LAM,LAM,RAM,structural,True,0.0,10.332023737310223
09eed520-5d17-51e8-8b91-f6b3a3579507,31,5,brentford,e5d36ad0-dba5-56c7-a5d2-b091b2fa1b0d,Mathias Jensen,MID,CAM,1,90.0,0.8605338984234633,79.71795402201322,1.0,LDM,4-2-3-1,1.0,0.13946610157653672,-10.282045977986783,10.282045977986783,OK,5-3-2,LCM,LCM,LCM,structural,False,0.0,10.282045977986783
ca09b971-bf08-55a8-9cf4-b93f3c0604e1,36,11,leeds-united,82e95b4b-22b2-59a9-b33b-e199df378fe3,Ethan Ampadu,MID,RCM,1,90.0,0.8855366108781663,79.7469431446431,1.0,CM,3-5-2,1.0,0.11446338912183374,-10.253056855356904,10.253056855356904,OK,3-5-2,CM,CM,CM,structural,False,0.0,10.253056855356903
8f269e69-30e8-524b-8bbd-2a4eba3eecb6,31,10,fulham,bf6c1651-0779-512e-9c37-3b8ac8c14714,Alex Iwobi,MID,RDM,1,90.0,0.8858459857387988,79.76020120776205,1.0,RDM,4-2-3-1,1.0,0.1141540142612012,-10.239798792237949,10.239798792237949,OK,4-2-3-1,LDM,LDM,LDM,structural,False,0.0,10.239798792237949
c24850ac-b48a-5ac5-91e3-bc422c2e52a4,27,1,arsenal,0f08cbfd-21a3-57ae-9b9f-8692d62a6a24,Leandro Trossard,MID,LW,1,75.0,0.7451615425709555,64.7630244173933,1.0,LW,4-3-3,1.0,0.25483845742904454,-10.236975582606703,10.236975582606703,OK,4-2-3-1,LAM,LAM,LAM,structural,False,0.0,10.236975582606703
3670426a-a771-510e-9762-2f3db0f13f12,27,11,leeds-united,e5ce8638-ef71-56e5-ae05-c0e425118aa3,James Justin,DEF,RWB,1,90.0,0.8841835620171598,79.77287246548583,0.0,UNKNOWN,UNKNOWN,1.0,0.11581643798284025,-10.227127534514167,10.227127534514167,MAP_XI_FALSE_NEGATIVE,5-4-1,RCB,RCB,CB,structural,True,0.0,10.227127534514167
a0ae96c4-499d-5d2a-9cc8-6d59f1b73917,26,20,wolverhampton-wanderers,9ac5d5a9-74b6-578c-8e14-559019eb509d,Mateus Mané,FWD,LCM,1,90.0,0.8608693005977038,79.78885370423107,1.0,LCM,3-5-2,1.0,0.13913069940229617,-10.211146295768929,10.211146295768929,OK,3-4-1-2,CAM,CAM,ST,structural,True,0.0,10.211146295768927
6a84969a-7d59-589c-94a0-d71eb1a266ff,26,20,wolverhampton-wanderers,9ac5d5a9-74b6-578c-8e14-559019eb509d,Mateus Mané,FWD,LCM,1,90.0,0.8608693005977038,79.78885370423107,1.0,LCM,3-5-2,1.0,0.13913069940229617,-10.211146295768929,10.211146295768929,OK,3-4-2-1,LAM,LAM,LAM,structural,False,0.0,10.211146295768927
c24850ac-b48a-5ac5-91e3-bc422c2e52a4,27,1,arsenal,a8d1cfeb-4f1e-53fc-a90a-4610ccf746c6,Declan Rice,MID,LCM,1,90.0,0.8827408766817806,79.80251134276594,1.0,LCM,4-3-3,1.0,0.11725912331821942,-10.19748865723406,10.19748865723406,OK,4-2-3-1,LDM,LDM,LDM,structural,False,0.0,10.19748865723406
579fdcbf-5156-533a-8f5f-a9226e3d60d1,26,6,brighton-hove-albion,eb26516f-9061-5a83-a316-5cd4bef43df5,Pascal Groß,MID,LCM,1,90.0,0.8532913941629126,79.81206279514728,1.0,LDM,4-2-3-1,1.0,0.14670860583708745,-10.187937204852716,10.187937204852716,OK,4-3-3,RCM,RCM,CM,structural,True,0.0,10.187937204852716
457d30c3-d5ec-5fbc-9e3e-b071192ded0c,30,9,everton,36a20aea-e0e7-507c-ab6e-6740c5c56568,Jake O'Brien,DEF,RB,1,90.0,0.8803285721080133,79.82200218179618,1.0,RB,4-2-3-1,1.0,0.1196714278919867,-10.17799781820382,10.17799781820382,OK,4-2-3-1,RCB,RCB,RCB,structural,False,0.0,10.17799781820382
e793b103-c5db-5d62-9227-c3f3b84c30aa,26,19,west-ham-united,4e68227a-9577-5c26-99fa-8a519b052582,Jarrod Bowen,FWD,RW,1,89.0,0.875233197768574,78.83111597357959,1.0,RW,4-4-2,1.0,0.124766802231426,-10.168884026420416,10.168884026420416,OK,4-2-3-1,RAM,RAM,RAM,structural,False,0.0,10.168884026420415
112601d1-209f-5611-b63b-01d0992c4ddd,26,11,leeds-united,474896af-e9ef-5bb3-b82b-79c2fb8c891e,Jayden Bogle,DEF,RWB,1,90.0,0.8793045523203317,79.84547127148495,1.0,RWB,3-5-2,1.0,0.12069544767966833,-10.154528728515048,10.154528728515048,OK,5-4-1,RW,RW,RW,structural,False,0.0,10.154528728515047
a0ae96c4-499d-5d2a-9cc8-6d59f1b73917,26,20,wolverhampton-wanderers,e2213bab-7401-5edc-9994-4eb0772f48ef,João Victor Gomes da Silva,MID,RCM,1,90.0,0.8708183208302203,79.84896557060071,1.0,RCM,3-5-2,1.0,0.12918167916977974,-10.151034429399289,10.151034429399289,OK,3-4-1-2,LCM,LCM,LCM,structural,False,0.0,10.151034429399289
f5b8d4db-d7b4-5da2-a157-94fd8af41961,25,20,wolverhampton-wanderers,87fd1c0a-a5f8-5f19-b233-de67537cdeb2,Hugo Bueno López,DEF,LWB,1,90.0,0.899055910584926,79.87433728716539,1.0,LWB,3-5-2,1.0,0.10094408941507405,-10.125662712834613,10.125662712834613,OK,4-2-3-1,LB,LB,LB,structural,False,0.0,10.125662712834611
b1b0e185-0108-508b-aa08-e3732938787f,35,12,liverpool,b8cff13d-168c-5c65-ad52-99b0426b08f2,Dominik Szoboszlai,MID,CAM,1,90.0,0.8885752349722124,80.01305395899473,1.0,RB,4-2-3-1,1.0,0.11142476502778764,-9.986946041005268,9.986946041005268,OK,4-2-2-2,ST,ST,ST,structural,False,0.0,9.986946041005268
d9ace39d-a5ca-5496-84cb-231df913a305,25,2,aston-villa,75f6d292-641f-53ef-a822-a86d1d9c8086,Douglas Luiz Soares de Paulo,MID,RDM,1,76.0,0.7197677834416782,66.02113497066715,1.0,RDM,4-2-3-1,1.0,0.28023221655832176,-9.978865029332852,9.978865029332852,OK,4-2-3-1,LDM,LDM,LDM,structural,False,0.0,9.978865029332852
7c7ef9d4-1e3b-5684-8a5f-8f641b36aa9d,24,14,manchester-united,46c2018f-f80f-532e-b144-ef688e9f44eb,Luke Shaw,DEF,LCB,1,90.0,0.8801481694379124,80.03604173896649,1.0,LCB,3-4-2-1,1.0,0.11985183056208759,-9.963958261033511,9.963958261033511,OK,4-2-3-1,LB,LB,LB,structural,False,0.0,9.963958261033511
b05d8bbc-90bb-57d4-a3ff-25dce53593e4,37,3,burnley,032150f9-1246-5989-8ac4-532f1e3bce74,Lesley Ugochukwu,MID,RCM,1,70.0,0.7224317543699664,60.06803977783019,1.0,RCM,3-4-2-1,1.0,0.27756824563003357,-9.931960222169812,9.931960222169812,OK,4-2-3-1,LDM,LDM,LDM,structural,False,0.0,9.931960222169813
87451d9e-587c-5a4c-96ac-324aa773296b,25,17,sunderland,2e06beff-d060-52c5-b090-ef85e142bc03,Trai Hume,DEF,RB,1,84.0,0.8266391928124238,74.08800867957703,1.0,RW,4-4-2,1.0,0.17336080718757618,-9.91199132042297,9.91199132042297,OK,4-2-3-1,RAM,RAM,RAM,structural,False,0.0,9.91199132042297
1d93b2bc-9b09-5ae2-aa5b-82d56694fa9c,22,19,west-ham-united,bafec5b4-70cd-5296-82ed-5f50f9b35506,Tomas Soucek,MID,RDM,1,90.0,0.8415202674115225,80.12351378051852,1.0,RDM,4-2-3-1,1.0,0.15847973258847747,-9.876486219481478,9.876486219481478,OK,4-4-1-1,RCM,RCM,RCM,structural,False,0.0,9.876486219481478
f9e40dc0-3f7f-564f-aecb-0459ee9f4389,31,4,afc-bournemouth,8ddc00f8-7aec-56e5-a5ba-d916b5ee5129,Marcus Tavernier,MID,RAM,1,90.0,0.8811808617967255,80.13177289687388,0.0,UNKNOWN,UNKNOWN,1.0,0.1188191382032745,-9.868227103126117,9.868227103126117,MAP_XI_FALSE_NEGATIVE,4-2-3-1,CAM,CAM,CAM,structural,False,0.0,9.868227103126117
006f69f1-9b0e-551d-bed7-448d3b640101,22,14,manchester-united,8d2526be-436d-5cc9-ac87-685d6e1cc27c,Diogo Dalot Teixeira,DEF,LWB,1,90.0,0.8707687820069734,80.18269651538859,1.0,RWB,3-4-2-1,1.0,0.12923121799302661,-9.817303484611417,9.817303484611417,OK,4-2-3-1,RB,RB,RB,structural,False,0.0,9.817303484611415
6df41fb2-db8a-58dc-bcef-43cc5f79f6d1,25,13,manchester-city,70198e6a-5cf9-5344-a2c0-f1b71dfeeb5f,Bernardo Veiga de Carvalho e Silva,MID,RCM,1,90.0,0.889567768726302,80.23184555749897,1.0,RCM,4-3-3,1.0,0.11043223127369795,-9.768154442501029,9.768154442501029,OK,4-1-3-2,CAM,CAM,RAM,structural,True,0.0,9.768154442501029
02c1a42f-1cb3-5453-a3e8-cca6c129d901,33,17,sunderland,e5098785-f2ed-5b29-af5e-f569a62ab2c0,Noah Sadiki,MID,LCM,1,90.0,0.8908124907353911,80.23255684596434,1.0,LDM,4-2-3-1,1.0,0.10918750926460885,-9.76744315403566,9.76744315403566,OK,4-2-3-1,LDM,LDM,LDM,structural,False,0.0,9.76744315403566
31ef1d95-b095-52ae-918e-26ed91e99a77,29,7,chelsea,c92d55cb-06d1-553d-aad7-f64c0de898a5,Moisés Caicedo Corozo,MID,RDM,1,90.0,0.8826568917891249,80.26304731188466,1.0,RDM,4-2-3-1,1.0,0.11734310821087512,-9.736952688115338,9.736952688115338,OK,4-3-3,CM,CM,CM,structural,False,0.0,9.736952688115338
7771779b-354a-5626-9f0f-129de4d443ba,24,11,leeds-united,80984ab9-f368-5f6c-be67-3ca8dc321a4e,Joe Rodon,DEF,RCB,1,90.0,0.8911387359754498,80.28635447731905,1.0,RCB,3-5-2,1.0,0.10886126402455021,-9.713645522680949,9.713645522680949,OK,3-4-2-1,CB,CB,CB,structural,False,0.0,9.713645522680949
4366c228-7c85-5d35-8048-663446bd1b28,25,11,leeds-united,82e95b4b-22b2-59a9-b33b-e199df378fe3,Ethan Ampadu,MID,CM,1,90.0,0.8914586409496312,80.3189850576389,1.0,CM,3-5-2,1.0,0.10854135905036877,-9.681014942361102,9.681014942361102,OK,3-4-2-1,RCM,RCM,RCM,structural,False,0.0,9.681014942361102
dc1d8946-e5da-5a50-b228-61e8601bc305,23,13,manchester-city,eebb4710-6fe9-53e9-81e0-a650547126a0,Rayan Cherki,MID,RAM,1,72.0,0.863492700866915,81.65199760296403,0.0,UNKNOWN,UNKNOWN,1.0,0.136507299133085,9.65199760296403,9.65199760296403,MAP_XI_FALSE_NEGATIVE,4-1-4-1,LW,LW,LW,structural,False,0.0,9.65199760296403
318ad40d-b456-558d-bca7-c9fa1aed3f94,29,16,nottingham-forest,89ca84c0-8f48-5f1a-913d-799d45f1691e,Elliot Anderson,MID,LDM,1,90.0,0.8959128183478116,80.37402287548461,1.0,LDM,4-2-3-1,1.0,0.10408718165218844,-9.625977124515387,9.625977124515387,OK,5-3-2,LCM,LCM,LCM,structural,False,0.0,9.625977124515387
70cc935f-f357-52d9-b752-3a2a21e28e41,30,2,aston-villa,77f6a9da-b2d4-5034-84c5-2580945368b8,Morgan Rogers,MID,CAM,1,90.0,0.8844380178177847,80.4214802069485,1.0,CAM,4-2-3-1,1.0,0.11556198218221525,-9.578519793051498,9.578519793051498,OK,4-2-3-1,RAM,RAM,CAM,structural,True,0.0,9.578519793051498
6c5986e0-8dbe-5289-99bb-f5fdd49bf3bf,28,17,sunderland,2e06beff-d060-52c5-b090-ef85e142bc03,Trai Hume,DEF,RB,1,90.0,0.8773144332585788,80.42989930017836,1.0,RAM,4-2-3-1,1.0,0.12268556674142117,-9.570100699821635,9.570100699821635,OK,4-2-3-1,LB,LB,LB,structural,False,0.0,9.570100699821637
6df41fb2-db8a-58dc-bcef-43cc5f79f6d1,25,13,manchester-city,692da677-7071-5b72-89bc-cc722ba518e2,Nico O'Reilly,DEF,LB,1,90.0,0.8381147631540055,80.43378161805934,1.0,LB,4-3-3,1.0,0.16188523684599454,-9.566218381940658,9.566218381940658,OK,4-1-3-2,LAM,LAM,LAM,structural,False,0.0,9.566218381940658
e0ceee79-211e-5422-8a48-170a59ad8497,36,19,west-ham-united,4e68227a-9577-5c26-99fa-8a519b052582,Jarrod Bowen,FWD,RW,1,90.0,0.915936495898327,80.43822301465362,1.0,RW,4-4-2,1.0,0.08406350410167296,-9.561776985346384,9.561776985346384,OK,3-4-2-1,RAM,RAM,ST,structural,True,0.0,9.561776985346384
b4ec0cde-d0bf-5e52-a05a-625335240554,37,19,west-ham-united,ef1caf6e-67a5-53c4-afb0-2523323cbfe4,Crysencio Summerville,MID,LW,1,90.0,0.8939880769478573,80.52090154513692,1.0,LW,4-4-2,1.0,0.10601192305214269,-9.479098454863076,9.479098454863076,OK,3-4-2-1,LAM,LAM,LAM,structural,False,0.0,9.479098454863077
506fe9f4-c4a7-57b8-9b66-23314b429f92,24,17,sunderland,3e322311-2a0b-53fc-a8b7-22ecd116c42e,Daniel Ballard,DEF,RCB,1,90.0,0.8811103995876051,80.60789319040134,1.0,RCB,4-4-2,1.0,0.11888960041239494,-9.392106809598658,9.392106809598658,OK,5-4-1,CB,CB,CB,structural,False,0.0,9.392106809598658
7771779b-354a-5626-9f0f-129de4d443ba,24,11,leeds-united,82e95b4b-22b2-59a9-b33b-e199df378fe3,Ethan Ampadu,MID,CM,1,90.0,0.8948527060840484,80.63153740499764,1.0,CM,3-5-2,1.0,0.10514729391595157,-9.368462595002356,9.368462595002356,OK,3-4-2-1,RCM,RCM,RCM,structural,False,0.0,9.368462595002356
039b583c-5bdc-51f2-8934-ef0b7746978e,31,9,everton,dea12abc-e8dd-5839-b626-0cb7e72e9a26,Iliman Ndiaye,MID,RAM,1,88.0,0.8732534910005167,78.63743352974521,1.0,LAM,4-2-3-1,1.0,0.12674650899948325,-9.36256647025479,9.36256647025479,OK,4-2-3-1,LAM,LAM,LAM,structural,False,0.0,9.36256647025479
3b0bba38-af04-5460-b39f-e5c32eaf27ff,36,16,nottingham-forest,89ca84c0-8f48-5f1a-913d-799d45f1691e,Elliot Anderson,MID,LDM,1,90.0,0.8286618551258028,80.63852230153611,1.0,LDM,4-2-3-1,1.0,0.17133814487419718,-9.361477698463888,9.361477698463888,OK,3-4-2-1,LCM,LCM,RCM,structural,True,0.0,9.361477698463887
bd6a2d47-5dc1-5837-8700-c916a4a9191c,33,20,wolverhampton-wanderers,a8aed2e6-b0b5-5558-b149-fc0c412d9844,Santiago Bueno,DEF,CB,1,90.0,0.8943561906815212,80.69768706513523,1.0,CB,3-5-2,1.0,0.10564380931847883,-9.302312934864773,9.302312934864773,OK,3-4-2-1,RCB,RCB,RCM,structural,True,0.0,9.302312934864773
7313aaff-81b0-56c8-87cc-36234384a14a,31,17,sunderland,627a9a22-f6d8-553e-9594-316391089ebc,Habib Diarra,MID,CAM,1,84.0,0.8000011730265103,74.72918820567543,1.0,CAM,4-2-3-1,1.0,0.1999988269734897,-9.270811794324572,9.270811794324572,OK,4-1-4-1,RCM,RCM,RCM,structural,False,0.0,9.270811794324572
fef47b9a-ab98-50c0-a72f-57c356ba1514,29,18,tottenham-hotspur,976cba43-39e3-5bd2-a17b-74524487c441,Archie Gray,MID,LDM,1,90.0,0.8753168324355595,80.73782676170437,0.0,UNKNOWN,UNKNOWN,1.0,0.12468316756444053,-9.262173238295633,9.262173238295633,MAP_XI_FALSE_NEGATIVE,3-4-2-1,RWB,RWB,RWB,structural,False,0.0,9.262173238295631
e20ba8da-5c02-58df-ad17-3223c3c83acf,28,1,arsenal,7844404e-dd2c-5f68-9390-675ab60be346,Martín Zubimendi Ibáñez,MID,CM,1,90.0,0.8065024261112496,80.83402021638697,1.0,CM,4-3-3,1.0,0.19349757388875044,-9.165979783613023,9.165979783613023,OK,4-2-3-1,RDM,RDM,CAM,structural,True,0.0,9.165979783613025
e20ba8da-5c02-58df-ad17-3223c3c83acf,28,7,chelsea,fbe43cca-fb14-5420-94d6-3e253d5e57f2,Trevoh Chalobah,DEF,LCB,1,90.0,0.898212028391859,80.88630116269199,1.0,LCB,4-2-3-1,1.0,0.10178797160814101,-9.113698837308007,9.113698837308007,OK,4-3-3,RCB,RCB,RCB,structural,False,0.0,9.113698837308007
081f5491-2f1e-5422-bb74-cd9ec55d87c9,26,13,manchester-city,692da677-7071-5b72-89bc-cc722ba518e2,Nico O'Reilly,DEF,LB,1,90.0,0.8467249211366888,80.91190329737124,1.0,LB,4-4-2,1.0,0.15327507886331115,-9.08809670262876,9.08809670262876,OK,4-1-3-2,LAM,LAM,LAM,structural,False,0.0,9.08809670262876
6f555168-6fa4-5bdb-ad1e-d646c8e0f78a,24,2,aston-villa,c462a624-2653-5229-87c5-bd5b685f0e3c,Lamare Bogarde,DEF,RDM,1,45.0,0.3791795682739249,35.98013056988252,0.0,UNKNOWN,UNKNOWN,1.0,0.620820431726075,-9.01986943011748,9.01986943011748,MAP_XI_FALSE_NEGATIVE,4-2-3-1,LDM,LDM,RDM,structural,True,0.0,9.019869430117481
cd31646e-3d5b-5b6b-97a2-0f706664986c,35,3,burnley,956e0ed0-2170-56bf-913d-61d007270278,Bashir Humphreys,DEF,RCB,1,75.0,0.8032861019166841,66.02163657601069,1.0,RCB,3-4-2-1,1.0,0.19671389808331585,-8.978363423989308,8.978363423989308,OK,5-4-1,LCB,LCB,LWB,structural,True,0.0,8.978363423989308
c843cd2e-5dfa-5148-ae4c-944a685f95dc,26,18,tottenham-hotspur,c99e7187-586e-5722-8e10-93fd50f92627,Xavi Simons,MID,CAM,1,90.0,0.8920065109532316,81.05392270288095,1.0,CAM,4-2-3-1,1.0,0.10799348904676842,-8.946077297119047,8.946077297119047,OK,4-3-3,LW,LW,LW,structural,False,0.0,8.946077297119047
ee2e6f43-96fc-5070-b018-615238c06305,32,2,aston-villa,77f6a9da-b2d4-5034-84c5-2580945368b8,Morgan Rogers,MID,CAM,1,77.0,0.8603524949026014,68.09712886291706,1.0,CAM,4-2-3-1,1.0,0.13964750509739865,-8.90287113708294,8.90287113708294,OK,4-2-3-1,LAM,LAM,LAM,structural,False,0.0,8.90287113708294
b4ec0cde-d0bf-5e52-a05a-625335240554,37,19,west-ham-united,4e68227a-9577-5c26-99fa-8a519b052582,Jarrod Bowen,FWD,RW,1,90.0,0.8970609905988368,81.10020858766543,1.0,RW,4-4-2,1.0,0.10293900940116318,-8.899791412334565,8.899791412334565,OK,3-4-2-1,RAM,RAM,RAM,structural,False,0.0,8.899791412334565
4573eab6-7249-598b-9af6-d00c7d62f223,36,20,wolverhampton-wanderers,ef5625b9-1910-5982-85f1-1966467ad375,Adam Armstrong,FWD,ST,1,90.0,0.8931608301183539,81.11152781529336,1.0,ST,3-5-2,1.0,0.1068391698816461,-8.888472184706643,8.888472184706643,OK,3-4-2-1,RAM,RAM,RAM,structural,False,0.0,8.888472184706643
10d060ee-1672-5636-98a1-8b9e8f3f850d,29,11,leeds-united,9066de74-0bf4-5c6d-8a3f-3b977b735a67,Anton Stach,MID,LCM,1,90.0,0.9062388596542786,81.11666665039463,1.0,RCM,3-5-2,1.0,0.09376114034572136,-8.883333349605365,8.883333349605365,OK,4-5-1,RCM,RCM,RCM,structural,False,0.0,8.883333349605365
3418c353-5740-5e88-81c0-761343aedea4,32,12,liverpool,b8cff13d-168c-5c65-ad52-99b0426b08f2,Dominik Szoboszlai,MID,CAM,1,90.0,0.9009206193552476,81.13687999960845,1.0,RB,4-2-3-1,1.0,0.09907938064475241,-8.863120000391547,8.863120000391547,OK,4-2-3-1,RDM,RDM,RDM,structural,False,0.0,8.863120000391547
57b20b8b-c663-5991-a397-771f728fd27c,33,1,arsenal,a8d1cfeb-4f1e-53fc-a90a-4610ccf746c6,Declan Rice,MID,LDM,1,90.0,0.899429005462571,81.15104632875726,1.0,LDM,4-2-3-1,1.0,0.10057099453742901,-8.84895367124274,8.84895367124274,OK,4-3-3,LCM,LCM,LCM,structural,False,0.0,8.84895367124274
7771779b-354a-5626-9f0f-129de4d443ba,24,11,leeds-united,9066de74-0bf4-5c6d-8a3f-3b977b735a67,Anton Stach,MID,LCM,1,80.0,0.8389903505056,71.2076205360994,1.0,LCM,3-5-2,1.0,0.1610096494944,-8.792379463900602,8.792379463900602,OK,3-4-2-1,RAM,RAM,LAM,structural,True,0.0,8.792379463900602
c6221f70-6420-50cb-a8d9-aba5294bf856,22,12,liverpool,e1be452d-eabb-5030-8f89-d3b48d85fedb,Florian Wirtz,MID,CAM,1,90.0,0.9138788788146704,81.21808586361573,1.0,CAM,4-2-3-1,1.0,0.08612112118532955,-8.781914136384273,8.781914136384273,OK,4-2-3-1,RAM,RAM,RAM,structural,False,0.0,8.781914136384273
3ee1da64-d7ba-53cf-918f-e24fe92a6eb6,22,16,nottingham-forest,a2afe8eb-9890-541f-9258-8202cd512f1f,Nicolás Domínguez,MID,LDM,1,88.0,0.8823452069417645,79.22484263532881,1.0,LDM,4-2-3-1,1.0,0.11765479305823545,-8.775157364671188,8.775157364671188,OK,4-2-3-1,LAM,LAM,LAM,structural,False,0.0,8.775157364671188
dfe7f7c9-2226-54fe-8291-e1c23b5bb5fd,23,5,brentford,bb04fd88-02f4-5b58-a126-01b07e773bd8,Nathan Collins,DEF,RCB,1,90.0,0.8760734362033584,81.24534372053839,1.0,LCB,4-2-3-1,1.0,0.12392656379664158,-8.754656279461614,8.754656279461614,OK,4-2-3-1,LCB,LCB,LCB,structural,False,0.0,8.754656279461614
4fe9f44c-bfba-5934-849a-d84876aa86e8,32,15,newcastle-united,49545ac1-d9f9-5a0a-b1f5-5bbeeb1bb7f6,Anthony Gordon,MID,ST,1,70.0,0.8885928763658852,78.71585459578907,1.0,ST,4-4-2,1.0,0.11140712363411476,8.715854595789068,8.715854595789068,OK,4-3-3,LW,LW,LW,structural,False,0.0,8.715854595789068
dec351fa-176e-54ff-a391-5e41f9eeee09,37,20,wolverhampton-wanderers,00cc549f-a9f0-54b0-8cbc-ef47c7f8251b,André Trindade da Costa Neto,MID,RCM,1,90.0,0.8938367034492145,81.31259566004366,1.0,RCM,3-4-2-1,1.0,0.10616329655078549,-8.687404339956345,8.687404339956345,OK,4-2-3-1,LDM,LDM,LDM,structural,False,0.0,8.687404339956345
457d30c3-d5ec-5fbc-9e3e-b071192ded0c,30,1,arsenal,4c3f279c-cb21-57c6-9d58-3decef97625e,Bukayo Saka,MID,RW,1,90.0,0.8914209421600293,81.31900283293832,1.0,RAM,4-2-3-1,1.0,0.10857905783997068,-8.680997167061676,8.680997167061676,OK,4-2-3-1,RAM,RAM,RAM,structural,False,0.0,8.680997167061676
3d697222-511a-5186-8b43-b412dd31f564,28,6,brighton-hove-albion,eb26516f-9061-5a83-a316-5cd4bef43df5,Pascal Groß,MID,LCM,1,90.0,0.8760243547748906,81.3497195973187,1.0,LCM,4-3-3,1.0,0.1239756452251094,-8.650280402681304,8.650280402681304,OK,4-2-3-1,LDM,LDM,LAM,structural,True,0.0,8.650280402681304
e793b103-c5db-5d62-9227-c3f3b84c30aa,26,14,manchester-united,8b26f624-9357-5669-9698-f5fda36d4e75,Bruno Borges Fernandes,MID,LCM,1,90.0,0.9035505688743928,81.36702006800795,1.0,CAM,4-2-3-1,1.0,0.09644943112560722,-8.632979931992054,8.632979931992054,OK,4-2-3-1,CAM,CAM,CAM,structural,False,0.0,8.632979931992054
97b2d8d5-ad23-581e-a7ba-80ed12ecc351,23,11,leeds-united,c550c5c9-6be9-5d60-a724-ed8b1d333548,Brenden Aaronson,MID,RCM,1,84.0,0.8179960989875164,75.36730540883636,1.0,RCM,3-5-2,1.0,0.18200390101248365,-8.632694591163641,8.632694591163641,OK,3-4-2-1,LAM,LAM,LAM,structural,False,0.0,8.632694591163641
fef47b9a-ab98-50c0-a72f-57c356ba1514,29,8,crystal-palace,39a54236-bfd4-52f7-8b23-eeb8ca167d6d,Chris Richards,DEF,RCB,1,90.0,0.903100047673231,81.38749391855099,1.0,RCB,3-4-2-1,1.0,0.09689995232676896,-8.612506081449013,8.612506081449013,OK,3-4-2-1,CB,CB,RCB,structural,True,0.0,8.612506081449013
f0affde3-2d1e-534c-9399-e7418e760196,37,17,sunderland,53bfdbe9-b833-5ee6-b24f-4b838a2a0fa6,Nordi Mukiele,DEF,RB,1,90.0,0.9040512373068006,81.40234628504943,1.0,RCB,4-2-3-1,1.0,0.09594876269319941,-8.597653714950567,8.597653714950567,OK,4-2-3-1,RCB,RCB,RCB,structural,False,0.0,8.597653714950567
b05d8bbc-90bb-57d4-a3ff-25dce53593e4,37,3,burnley,c59d2c13-36a9-56b4-b9fc-1462e5df19fc,Florentino Ibrain Morris Luís,MID,LCM,1,77.0,0.7432273714274192,68.40463920319638,1.0,LCM,3-4-2-1,1.0,0.25677262857258076,-8.595360796803618,8.595360796803618,OK,4-2-3-1,RDM,RDM,RDM,structural,False,0.0,8.595360796803618
3b0bba38-af04-5460-b39f-e5c32eaf27ff,36,15,newcastle-united,b5144153-3ffb-56d4-89c7-cf4cc50a101e,Jacob Murphy,MID,RW,1,60.0,0.6690758746961812,51.410675718957954,1.0,RW,4-3-3,1.0,0.33092412530381876,-8.589324281042046,8.589324281042046,OK,4-2-3-1,RAM,RAM,RAM,structural,False,0.0,8.589324281042046
39b8a542-1ee7-5117-ab73-ee2227c88c33,33,15,newcastle-united,c7d912b7-acf9-59e7-a5a7-c7e64aed18da,Sandro Tonali,MID,CM,1,85.0,0.8396763743814992,76.4149053866802,1.0,CM,4-3-3,1.0,0.16032362561850078,-8.585094613319797,8.585094613319797,OK,4-3-3,RCM,RCM,RCM,structural,False,0.0,8.585094613319797
31ef1d95-b095-52ae-918e-26ed91e99a77,29,7,chelsea,3655e646-d6d9-51ce-a14d-bed863d96c3c,Reece James,DEF,RB,1,90.0,0.896916113225809,81.424202496408,1.0,RB,4-2-3-1,1.0,0.103083886774191,-8.575797503592,8.575797503592,OK,4-3-3,RCM,RCM,RCM,structural,False,0.0,8.575797503592
506fe9f4-c4a7-57b8-9b66-23314b429f92,24,17,sunderland,40b6a84e-8e7e-529b-8b4e-a2979b1bc8e4,Enzo Le Fée,MID,CAM,1,90.0,0.8936695967985052,81.44160579789136,1.0,LW,4-4-2,1.0,0.10633040320149478,-8.558394202108644,8.558394202108644,OK,5-4-1,LCM,LCM,LCM,structural,False,0.0,8.558394202108644
b05d8bbc-90bb-57d4-a3ff-25dce53593e4,37,1,arsenal,0f08cbfd-21a3-57ae-9b9f-8692d62a6a24,Leandro Trossard,MID,LAM,1,90.0,0.8932576970441126,81.4636964414033,1.0,LAM,4-2-3-1,1.0,0.10674230295588738,-8.5363035585967,8.5363035585967,OK,4-3-3,LW,LW,LW,structural,False,0.0,8.5363035585967
0a9d6243-8e34-53a1-aac3-295adbb204df,29,1,arsenal,4c3f279c-cb21-57c6-9d58-3decef97625e,Bukayo Saka,MID,RW,1,90.0,0.8886778213640272,81.47224790071823,1.0,RW,4-3-3,1.0,0.11132217863597282,-8.52775209928177,8.52775209928177,OK,4-2-3-1,RAM,RAM,RAM,structural,False,0.0,8.52775209928177
df7ba6cc-31bb-5cbf-8a2f-b79c5249f90f,26,17,sunderland,40b6a84e-8e7e-529b-8b4e-a2979b1bc8e4,Enzo Le Fée,MID,CAM,1,90.0,0.8874575574224762,81.47413723192372,1.0,LW,4-4-2,1.0,0.11254244257752377,-8.52586276807628,8.52586276807628,OK,4-2-3-1,LDM,LDM,LDM,structural,False,0.0,8.52586276807628
0b043207-694b-5497-889e-86b53e170e1a,38,9,everton,dea12abc-e8dd-5839-b626-0cb7e72e9a26,Iliman Ndiaye,MID,LAM,1,90.0,0.9051169476420526,81.49050772753193,1.0,LAM,4-2-3-1,1.0,0.09488305235794736,-8.509492272468066,8.509492272468066,OK,4-2-3-1,CAM,CAM,RAM,structural,True,0.0,8.509492272468066
42e4a271-71e1-5966-a539-bf677d41e025,28,19,west-ham-united,79420363-80f0-5eb5-bef5-e1e31f62877c,Mateus Gonçalo Espanha Fernandes,MID,LCM,1,90.0,0.8710258991769376,81.50282871662337,1.0,LCM,4-4-2,1.0,0.12897410082306238,-8.49717128337663,8.49717128337663,OK,4-5-1,CM,CM,LCM,structural,True,0.0,8.49717128337663
1e6f4756-7e43-5162-a518-806522137b05,29,9,everton,dea12abc-e8dd-5839-b626-0cb7e72e9a26,Iliman Ndiaye,MID,RAM,1,90.0,0.9049683977930804,81.52755696002659,1.0,RAM,4-2-3-1,1.0,0.09503160220691964,-8.472443039973413,8.472443039973413,OK,4-2-3-1,LAM,LAM,LAM,structural,False,0.0,8.472443039973413
fe5e3103-d0cf-58a8-83c4-58f211edd29a,23,19,west-ham-united,4e68227a-9577-5c26-99fa-8a519b052582,Jarrod Bowen,FWD,RAM,1,90.0,0.9006216937209331,81.53056306449817,1.0,RW,4-4-2,1.0,0.09937830627906685,-8.469436935501832,8.469436935501832,OK,4-4-1-1,RW,RW,ST,structural,True,0.0,8.469436935501832
c7bf9b15-363a-5871-9b7f-a786725d7ed3,25,8,crystal-palace,39a54236-bfd4-52f7-8b23-eeb8ca167d6d,Chris Richards,DEF,RCB,1,90.0,0.9059160735607856,81.59445713840722,1.0,RCB,3-4-2-1,1.0,0.09408392643921437,-8.405542861592778,8.405542861592778,OK,3-4-2-1,LCB,LCB,LCB,structural,False,0.0,8.405542861592778
b1b0e185-0108-508b-aa08-e3732938787f,35,12,liverpool,e1be452d-eabb-5030-8f89-d3b48d85fedb,Florian Wirtz,MID,CAM,1,90.0,0.9158635008400134,81.60368103597021,1.0,CAM,4-2-3-1,1.0,0.08413649915998656,-8.396318964029788,8.396318964029788,OK,4-2-2-2,ST,ST,ST,structural,False,0.0,8.396318964029788
bf65d025-43dc-57fa-842e-f2c6a2eb4f8c,30,16,nottingham-forest,a2afe8eb-9890-541f-9258-8202cd512f1f,Nicolás Domínguez,MID,LAM,1,45.0,0.5199630163847981,36.6135395248008,0.0,UNKNOWN,UNKNOWN,1.0,0.48003698361520186,-8.3864604751992,8.3864604751992,MAP_XI_FALSE_NEGATIVE,4-2-3-1,CAM,CAM,RDM,structural,True,0.0,8.3864604751992
35e69758-b8a6-5f8b-9c26-dc2813d81978,34,12,liverpool,69b2f335-365b-5201-b36b-babf799e628a,Curtis Jones,MID,LDM,1,86.0,0.8401038951341349,77.6159270190768,0.0,UNKNOWN,UNKNOWN,1.0,0.15989610486586514,-8.384072980923193,8.384072980923193,MAP_XI_FALSE_NEGATIVE,4-2-3-1,RB,RB,RB,structural,False,0.0,8.384072980923193
79323fcf-ead5-5ef9-b1be-d211787d4251,29,15,newcastle-united,49545ac1-d9f9-5a0a-b1f5-5bbeeb1bb7f6,Anthony Gordon,MID,LW,1,84.0,0.8915513787100052,75.64140373248199,1.0,LW,4-3-3,1.0,0.10844862128999477,-8.35859626751801,8.35859626751801,OK,4-3-3,ST,ST,ST,structural,False,0.0,8.35859626751801
4366c228-7c85-5d35-8048-663446bd1b28,25,11,leeds-united,80984ab9-f368-5f6c-be67-3ca8dc321a4e,Joe Rodon,DEF,RCB,1,90.0,0.9069852715491884,81.69625312280901,1.0,RCB,3-5-2,1.0,0.0930147284508116,-8.303746877190989,8.303746877190989,OK,3-4-2-1,CB,CB,CB,structural,False,0.0,8.303746877190989
9fb7fb28-1745-597c-aab4-27fb0e6c5383,28,11,leeds-united,c550c5c9-6be9-5d60-a724-ed8b1d333548,Brenden Aaronson,MID,RCM,1,64.0,0.7170459795197421,55.70221488763245,1.0,RCM,3-5-2,1.0,0.28295402048025786,-8.29778511236755,8.29778511236755,OK,5-4-1,LW,LW,LW,structural,False,0.0,8.29778511236755
8dde84af-e5b8-502a-977d-f16249e0c5a0,26,1,arsenal,a8d1cfeb-4f1e-53fc-a90a-4610ccf746c6,Declan Rice,MID,LCM,1,90.0,0.9060877497166536,81.74200114279338,1.0,LCM,4-3-3,1.0,0.09391225028334638,-8.257998857206616,8.257998857206616,OK,4-2-3-1,LDM,LDM,LDM,structural,False,0.0,8.257998857206616
6a84969a-7d59-589c-94a0-d71eb1a266ff,26,1,arsenal,a8d1cfeb-4f1e-53fc-a90a-4610ccf746c6,Declan Rice,MID,LCM,1,90.0,0.9060877497166536,81.74200114279338,1.0,LCM,4-3-3,1.0,0.09391225028334638,-8.257998857206616,8.257998857206616,OK,4-2-3-1,LDM,LDM,LDM,structural,False,0.0,8.257998857206616
1b47cbbf-a45e-55fb-ad9b-c13fd7e12a53,35,20,wolverhampton-wanderers,ef5625b9-1910-5982-85f1-1966467ad375,Adam Armstrong,FWD,ST,1,90.0,0.9038663421833368,81.79998793802567,1.0,ST,3-4-2-1,1.0,0.09613365781666317,-8.200012061974334,8.200012061974334,OK,3-4-2-1,LAM,LAM,ST,structural,True,0.0,8.200012061974334
cd31646e-3d5b-5b6b-97a2-0f706664986c,35,3,burnley,4156c194-ad00-5d9c-aa4d-5f67c7deba01,James Ward-Prowse,MID,RDM,1,64.0,0.7653730442837495,72.16030839898215,0.0,UNKNOWN,UNKNOWN,1.0,0.23462695571625047,8.160308398982153,8.160308398982153,MAP_XI_FALSE_NEGATIVE,5-4-1,LCM,LCM,LCM,structural,False,0.0,8.160308398982153
7018cf67-a775-5040-9faf-510b2df80879,35,13,manchester-city,eebb4710-6fe9-53e9-81e0-a650547126a0,Rayan Cherki,MID,RAM,1,90.0,0.8866368869574264,81.84799777751705,1.0,CAM,4-2-3-1,1.0,0.11336311304257363,-8.152002222482949,8.152002222482949,OK,4-2-3-1,CAM,CAM,CAM,structural,False,0.0,8.152002222482949
e07812fd-53bd-5cff-a85b-94bea63806fe,30,5,brentford,3dabd7b1-0f28-5272-86ae-4c5392e1aa45,Sepp van den Berg,DEF,LCB,1,90.0,0.8878891244862464,81.85203550773662,1.0,LCB,4-2-3-1,1.0,0.11211087551375365,-8.147964492263384,8.147964492263384,OK,4-1-4-1,RCB,RCB,RCB,structural,False,0.0,8.147964492263384
25988556-93c6-5dfd-b380-96f4dd98805b,36,5,brentford,e5d36ad0-dba5-56c7-a5d2-b091b2fa1b0d,Mathias Jensen,MID,LDM,1,90.0,0.8947187775546709,81.86403035018594,1.0,LDM,4-2-3-1,1.0,0.10528122244532911,-8.135969649814058,8.135969649814058,OK,4-4-2,RCM,RCM,RCM,structural,False,0.0,8.135969649814058
ec96ab00-9497-5a3e-b3ca-317abf912d08,26,3,burnley,956e0ed0-2170-56bf-913d-61d007270278,Bashir Humphreys,DEF,LCB,1,90.0,0.8637456218213789,81.8717460311435,1.0,LCB,3-4-2-1,1.0,0.13625437817862107,-8.128253968856498,8.128253968856498,OK,3-4-2-1,LWB,LWB,LCB,structural,True,0.0,8.128253968856498
ebb30294-ec65-5a92-a141-2fa11e9b549c,30,19,west-ham-united,35ad91b8-a753-5dab-beac-21a352e5cb13,Aaron Wan-Bissaka,DEF,RB,1,90.0,0.9070817914420796,81.87405610620971,1.0,RB,4-4-2,1.0,0.09291820855792043,-8.125943893790293,8.125943893790293,OK,3-4-2-1,RWB,RWB,RAM,structural,True,0.0,8.125943893790293
c6221f70-6420-50cb-a8d9-aba5294bf856,22,12,liverpool,b8cff13d-168c-5c65-ad52-99b0426b08f2,Dominik Szoboszlai,MID,CAM,1,90.0,0.909997650902878,81.94868413326492,1.0,RAM,4-2-3-1,1.0,0.09000234909712201,-8.05131586673508,8.05131586673508,OK,4-2-3-1,LDM,LDM,CAM,structural,True,0.0,8.05131586673508
25abf903-06d4-5b30-9573-1ca6d4317c79,36,17,sunderland,40b6a84e-8e7e-529b-8b4e-a2979b1bc8e4,Enzo Le Fée,MID,LAM,1,90.0,0.9021886419700575,81.96020396737,1.0,LAM,4-2-3-1,1.0,0.09781135802994245,-8.039796032629994,8.039796032629994,OK,4-2-3-1,CAM,CAM,CAM,structural,False,0.0,8.039796032629994
cd31646e-3d5b-5b6b-97a2-0f706664986c,35,3,burnley,208bc81b-07bb-5202-9b86-f6535ba1a7a7,Maxime Esteve,DEF,LCB,1,90.0,0.9103849895241424,81.96414352382091,1.0,LCB,3-4-2-1,1.0,0.08961501047585763,-8.035856476179092,8.035856476179092,OK,5-4-1,CB,CB,CB,structural,False,0.0,8.035856476179092
5c86a947-9f04-5f6a-8730-ff79513f254e,35,15,newcastle-united,fa7d8081-617d-5e86-a227-d01a088e1f55,Joe Willock,MID,RCM,1,67.0,0.6664075293309852,58.99942384052829,0.0,UNKNOWN,UNKNOWN,1.0,0.33359247066901476,-8.000576159471706,8.000576159471706,MAP_XI_FALSE_NEGATIVE,4-2-3-1,CAM,CAM,LAM,structural,True,0.0,8.000576159471713
f2500cd6-3213-514b-bc50-11600f2a02df,24,13,manchester-city,70198e6a-5cf9-5344-a2c0-f1b71dfeeb5f,Bernardo Veiga de Carvalho e Silva,MID,RCM,1,87.0,0.8441119435047105,79.0020640752509,1.0,RCM,4-3-3,1.0,0.15588805649528947,-7.9979359247491,7.9979359247491,OK,4-1-3-2,CAM,CAM,CAM,structural,False,0.0,7.9979359247491
1b47cbbf-a45e-55fb-ad9b-c13fd7e12a53,35,17,sunderland,40b6a84e-8e7e-529b-8b4e-a2979b1bc8e4,Enzo Le Fée,MID,LAM,1,90.0,0.9037592881924994,82.00275565901738,1.0,LAM,4-2-3-1,1.0,0.0962407118075006,-7.997244340982618,7.997244340982618,OK,4-2-3-1,CAM,CAM,RAM,structural,True,0.0,7.997244340982618
30c97f8c-6a92-5b8d-9bc1-bf166aff4f6a,33,11,leeds-united,8e67ff00-ad19-5384-8c44-acf0faf97249,Noah Okafor,MID,ST,1,63.0,0.7091480143147043,55.0289167427601,1.0,ST,3-5-2,1.0,0.2908519856852957,-7.971083257239897,7.971083257239897,OK,3-4-2-1,LAM,LAM,ST,structural,True,0.0,7.971083257239897
08ddad76-4191-5baa-9d72-080d772df8a4,37,12,liverpool,69b2f335-365b-5201-b36b-babf799e628a,Curtis Jones,MID,RB,1,90.0,0.8750644569473452,82.08765684481743,1.0,RB,4-2-3-1,1.0,0.12493554305265475,-7.912343155182569,7.912343155182569,OK,4-2-3-1,RAM,RAM,RDM,structural,True,0.0,7.912343155182569
318ad40d-b456-558d-bca7-c9fa1aed3f94,29,16,nottingham-forest,95a48a1c-ec3e-52d7-9657-44491739dede,Nikola Milenković,DEF,RCB,1,90.0,0.902479504694092,82.10275702994797,1.0,RCB,4-2-3-1,1.0,0.097520495305908,-7.897242970052034,7.897242970052034,OK,5-3-2,CB,CB,CB,structural,False,0.0,7.897242970052034
800418ef-112a-5f8a-9aae-e47025aa529d,25,3,burnley,b7ff49f3-d1e0-5e63-b004-29bee7a1f2ea,Kyle Walker,DEF,RWB,1,90.0,0.9118972939978268,82.11094888375068,1.0,RWB,3-4-2-1,1.0,0.08810270600217318,-7.88905111624932,7.88905111624932,OK,4-5-1,RB,RB,RB,structural,False,0.0,7.88905111624932
0b043207-694b-5497-889e-86b53e170e1a,38,9,everton,444bfe5b-015a-5ec2-ac21-34fd780e0aa5,James Garner,MID,LDM,1,90.0,0.9055041068532608,82.13761816420389,1.0,LDM,4-2-3-1,1.0,0.09449589314673923,-7.862381835796114,7.862381835796114,OK,4-2-3-1,RDM,RDM,CAM,structural,True,0.0,7.862381835796114
1ce6ee26-3057-5ae0-a140-416d1bd98ae2,35,8,crystal-palace,0f20e713-a3d1-5036-b0b2-e9f32d1bc66f,Jaydee Canvot,DEF,LCB,1,90.0,0.904276663415348,82.14428179713823,1.0,LCB,3-4-2-1,1.0,0.09572333658465204,-7.855718202861766,7.855718202861766,OK,3-4-3,RCB,RCB,RCB,structural,False,0.0,7.855718202861766
b4ec0cde-d0bf-5e52-a05a-625335240554,37,15,newcastle-united,d7693e44-9092-592e-b518-8da97eaf9fdf,Harvey Barnes,MID,LW,1,74.0,0.6473314605442191,66.14639291857654,1.0,LW,4-3-3,1.0,0.3526685394557809,-7.853607081423462,7.853607081423462,OK,4-2-3-1,RAM,RAM,RAM,structural,False,0.0,7.853607081423462
bdf85bea-b20c-50f1-8dd7-c1351c7015e0,28,10,fulham,bf6c1651-0779-512e-9c37-3b8ac8c14714,Alex Iwobi,MID,LDM,1,89.0,0.9286320549867348,81.14894711235615,1.0,RDM,4-2-3-1,1.0,0.07136794501326515,-7.851052887643846,7.851052887643846,OK,4-2-3-1,RDM,RDM,LDM,structural,True,0.0,7.851052887643846
ca09b971-bf08-55a8-9cf4-b93f3c0604e1,36,18,tottenham-hotspur,d64982ba-72ef-52d6-b8fe-3706499963ab,Conor Gallagher,MID,RCM,1,90.0,0.9068140376557096,82.1504571155784,1.0,CAM,4-2-3-1,1.0,0.09318596234429044,-7.849542884421595,7.849542884421595,OK,4-2-3-1,CAM,CAM,CAM,structural,False,0.0,7.849542884421595
30c97f8c-6a92-5b8d-9bc1-bf166aff4f6a,33,4,afc-bournemouth,8ddc00f8-7aec-56e5-a5ba-d916b5ee5129,Marcus Tavernier,MID,CAM,1,90.0,0.9045028052555476,82.1769271426456,1.0,LAM,4-2-3-1,1.0,0.0954971947444524,-7.823072857354404,7.823072857354404,OK,4-2-3-1,LAM,LAM,LAM,structural,False,0.0,7.823072857354404
8f269e69-30e8-524b-8bbd-2a4eba3eecb6,31,3,burnley,4156c194-ad00-5d9c-aa4d-5f67c7deba01,James Ward-Prowse,MID,LDM,1,77.0,0.7083465098520908,69.20812181832481,0.0,UNKNOWN,UNKNOWN,1.0,0.2916534901479092,-7.791878181675187,7.791878181675187,MAP_XI_FALSE_NEGATIVE,4-2-3-1,RDM,RDM,RDM,structural,False,0.0,7.791878181675187
3a27d648-a23e-5b47-aa0b-a8ecf1d098b4,25,18,tottenham-hotspur,8e00491e-df3c-59d8-8196-500825daf087,João Palhinha Gonçalves,MID,RDM,1,79.0,0.7769629207605051,71.22804387037975,1.0,RDM,4-2-3-1,1.0,0.2230370792394949,-7.77195612962025,7.77195612962025,OK,4-3-3,CM,CM,CM,structural,False,0.0,7.77195612962025
73cbcb0c-704f-544b-98be-2945eb6c0891,24,9,everton,444bfe5b-015a-5ec2-ac21-34fd780e0aa5,James Garner,MID,LDM,1,90.0,0.907317783871382,82.23269991830533,1.0,LDM,4-2-3-1,1.0,0.09268221612861804,-7.767300081694671,7.767300081694671,OK,4-2-3-1,RDM,RDM,RDM,structural,False,0.0,7.767300081694671
4969d7af-c9d1-5c54-8620-d87f0b49cff8,36,7,chelsea,3d33e637-0658-5cc2-964e-b281c5cdf9fc,Marc Cucurella Saseta,DEF,LB,1,90.0,0.9054569032241364,82.2606486715383,1.0,LB,4-2-3-1,1.0,0.09454309677586359,-7.739351328461694,7.739351328461694,OK,4-2-3-1,LAM,LAM,LAM,structural,False,0.0,7.739351328461694
3a27d648-a23e-5b47-aa0b-a8ecf1d098b4,25,14,manchester-united,8b26f624-9357-5669-9698-f5fda36d4e75,Bruno Borges Fernandes,MID,LCM,1,90.0,0.913998078720684,82.26391704400395,1.0,CAM,4-2-3-1,1.0,0.08600192127931605,-7.736082955996054,7.736082955996054,OK,4-2-3-1,CAM,CAM,LAM,structural,True,0.0,7.736082955996054
31ef1d95-b095-52ae-918e-26ed91e99a77,29,2,aston-villa,c200ab96-c995-5e7a-a713-5bac0dc5b3fa,Emiliano Buendía Stati,MID,LAM,1,62.0,0.7079206689865671,54.30041263048807,1.0,LAM,4-2-3-1,1.0,0.29207933101343286,-7.6995873695119315,7.6995873695119315,OK,4-2-3-1,CAM,CAM,CAM,structural,False,0.0,7.6995873695119315
4366c228-7c85-5d35-8048-663446bd1b28,25,16,nottingham-forest,dfe46c71-1b4e-5387-a3a0-4accc6dc5b39,Olu Aina,DEF,RB,1,90.0,0.9141123106134604,82.30141773491593,1.0,RB,4-2-3-1,1.0,0.08588768938653957,-7.69858226508407,7.69858226508407,OK,4-2-3-1,LB,LB,LB,structural,False,0.0,7.69858226508407
30cc90ed-8f7d-5817-97c3-29b9acd76a4c,24,20,wolverhampton-wanderers,e2213bab-7401-5edc-9994-4eb0772f48ef,João Victor Gomes da Silva,MID,LCM,1,90.0,0.9288459457475337,82.30245373691959,1.0,RCM,3-5-2,1.0,0.07115405425246635,-7.697546263080412,7.697546263080412,OK,3-5-2,RCM,RCM,RCM,structural,False,0.0,7.697546263080412
89e2194a-5d18-5d77-8037-92733cd9c97f,22,7,chelsea,fbe43cca-fb14-5420-94d6-3e253d5e57f2,Trevoh Chalobah,DEF,LCB,1,90.0,0.9139356687571676,82.3106887832828,1.0,LCB,4-2-3-1,1.0,0.08606433124283241,-7.689311216717201,7.689311216717201,OK,4-2-3-1,RCB,RCB,RCB,structural,False,0.0,7.689311216717201
1b47cbbf-a45e-55fb-ad9b-c13fd7e12a53,35,20,wolverhampton-wanderers,00cc549f-a9f0-54b0-8cbc-ef47c7f8251b,André Trindade da Costa Neto,MID,CM,1,90.0,0.903819905640632,82.36506280679767,1.0,RCM,3-4-2-1,1.0,0.09618009435936803,-7.634937193202333,7.634937193202333,OK,3-4-2-1,RCM,RCM,RCM,structural,False,0.0,7.634937193202333
1c02d8a1-3fe4-50a6-a833-13460c80973f,34,20,wolverhampton-wanderers,e2213bab-7401-5edc-9994-4eb0772f48ef,João Victor Gomes da Silva,MID,LCM,1,90.0,0.9159387542129168,82.38927895365326,1.0,LCM,3-4-2-1,1.0,0.08406124578708318,-7.61072104634674,7.61072104634674,OK,3-4-2-1,RCM,RCM,RCM,structural,False,0.0,7.61072104634674
f5b8d4db-d7b4-5da2-a157-94fd8af41961,25,20,wolverhampton-wanderers,9ac5d5a9-74b6-578c-8e14-559019eb509d,Mateus Mané,FWD,LCM,1,90.0,0.8996774340515039,82.42687352205597,1.0,LCM,3-5-2,1.0,0.10032256594849609,-7.573126477944029,7.573126477944029,OK,4-2-3-1,CAM,CAM,RAM,structural,True,0.0,7.5731264779440295
e07812fd-53bd-5cff-a85b-94bea63806fe,30,5,brentford,f10b2a81-0b74-578a-872a-ded3a4da9ea0,Mikkel Damsgaard,MID,CAM,1,71.0,0.8424580838183267,78.53189062312907,1.0,CAM,4-2-3-1,1.0,0.15754191618167335,7.531890623129072,7.531890623129072,OK,4-1-4-1,LCM,LCM,LCM,structural,False,0.0,7.5318906231290725
e793b103-c5db-5d62-9227-c3f3b84c30aa,26,14,manchester-united,1b9763d0-3c26-574c-9903-2c98b8431990,Matheus Santos Carneiro Da Cunha,MID,LAM,1,68.0,0.7475083119502304,60.47676437304328,1.0,LAM,4-2-3-1,1.0,0.2524916880497696,-7.523235626956726,7.523235626956726,OK,4-2-3-1,ST,ST,ST,structural,False,0.0,7.523235626956719
4fe9f44c-bfba-5934-849a-d84876aa86e8,32,8,crystal-palace,e0417b35-b1b1-5957-8ee5-7996c5db5cb0,Brennan Johnson,MID,LAM,1,63.0,0.6060427656258167,55.48588938944465,0.0,UNKNOWN,UNKNOWN,1.0,0.3939572343741833,-7.514110610555349,7.514110610555349,MAP_XI_FALSE_NEGATIVE,3-4-3,RW,RW,RW,structural,False,0.0,7.514110610555349
0a9d6243-8e34-53a1-aac3-295adbb204df,29,6,brighton-hove-albion,b0761079-7e99-5095-aa38-877404766193,Jack Hinshelwood,MID,LCM,1,68.0,0.818841828481548,75.49093022973672,0.0,UNKNOWN,UNKNOWN,1.0,0.18115817151845204,7.490930229736719,7.490930229736719,MAP_XI_FALSE_NEGATIVE,4-2-3-1,CAM,CAM,CAM,structural,False,0.0,7.490930229736719
800418ef-112a-5f8a-9aae-e47025aa529d,25,3,burnley,956e0ed0-2170-56bf-913d-61d007270278,Bashir Humphreys,DEF,LCB,1,90.0,0.8853456023540633,82.5560292236104,1.0,LCB,3-4-2-1,1.0,0.11465439764593666,-7.443970776389605,7.443970776389605,OK,4-5-1,RCB,RCB,RCB,structural,False,0.0,7.443970776389605
cd31646e-3d5b-5b6b-97a2-0f706664986c,35,3,burnley,f5da0015-9c1c-5ba2-a447-9fc51ceed482,Josh Laurent,MID,RCB,1,53.0,0.6744679529593727,60.43710835620008,0.0,UNKNOWN,UNKNOWN,1.0,0.3255320470406273,7.437108356200078,7.437108356200078,MAP_XI_FALSE_NEGATIVE,5-4-1,RCM,RCM,RCM,structural,False,0.0,7.437108356200078
87451d9e-587c-5a4c-96ac-324aa773296b,25,17,sunderland,53bfdbe9-b833-5ee6-b24f-4b838a2a0fa6,Nordi Mukiele,DEF,RCB,1,90.0,0.9254232392026274,82.56737373156723,1.0,RB,4-4-2,1.0,0.07457676079737263,-7.43262626843277,7.43262626843277,OK,4-2-3-1,RB,RB,RB,structural,False,0.0,7.43262626843277
d810d3c3-dec2-50fb-85ae-1b4d0b80559f,27,19,west-ham-united,bafec5b4-70cd-5296-82ed-5f50f9b35506,Tomas Soucek,MID,RCM,1,71.0,0.8218506251688444,78.40121389326464,1.0,RCM,4-4-2,1.0,0.17814937483115556,7.401213893264639,7.401213893264639,OK,4-5-1,CM,CM,RCM,structural,True,0.0,7.401213893264639
1b47cbbf-a45e-55fb-ad9b-c13fd7e12a53,35,17,sunderland,2e06beff-d060-52c5-b090-ef85e142bc03,Trai Hume,DEF,LB,1,90.0,0.8908064472700732,82.61584101736383,1.0,LB,4-2-3-1,1.0,0.10919355272992681,-7.384158982636165,7.384158982636165,OK,4-2-3-1,RAM,RAM,RDM,structural,True,0.0,7.3841589826361655
1b47cbbf-a45e-55fb-ad9b-c13fd7e12a53,35,20,wolverhampton-wanderers,9ac5d5a9-74b6-578c-8e14-559019eb509d,Mateus Mané,FWD,LAM,1,90.0,0.861461043434353,82.63217729629886,1.0,LAM,3-4-2-1,1.0,0.13853895656564696,-7.367822703701137,7.367822703701137,OK,3-4-2-1,RAM,RAM,RAM,structural,False,0.0,7.367822703701137
25988556-93c6-5dfd-b380-96f4dd98805b,36,13,manchester-city,607bc478-1de3-5627-b97c-8cc0c015b3e0,Marc Guéhi,DEF,LCB,1,90.0,0.9176675482485744,82.63684667800692,1.0,LCB,4-2-3-1,1.0,0.08233245175142556,-7.363153321993082,7.363153321993082,OK,4-2-3-1,RCB,RCB,RCB,structural,False,0.0,7.363153321993082
08ddad76-4191-5baa-9d72-080d772df8a4,37,2,aston-villa,77f6a9da-b2d4-5034-84c5-2580945368b8,Morgan Rogers,MID,LAM,1,90.0,0.911881708139004,82.65101720713476,1.0,LAM,4-2-3-1,1.0,0.08811829186099596,-7.348982792865243,7.348982792865243,OK,4-2-3-1,CAM,CAM,CAM,structural,False,0.0,7.348982792865243
9403bea8-f4be-5480-8cc6-7a1e94097a3f,23,18,tottenham-hotspur,658b9548-4dbd-5b98-890b-0bb35c8a5625,Wilson Odobert,MID,LAM,1,90.0,0.9100175060430984,82.65269595108556,1.0,RAM,4-2-3-1,1.0,0.08998249395690161,-7.347304048914438,7.347304048914438,OK,3-4-2-1,RAM,RAM,RAM,structural,False,0.0,7.347304048914438
f2500cd6-3213-514b-bc50-11600f2a02df,24,18,tottenham-hotspur,c99e7187-586e-5722-8e10-93fd50f92627,Xavi Simons,MID,CAM,1,90.0,0.9122821405676615,82.67454305347773,1.0,CAM,4-2-3-1,1.0,0.08771785943233845,-7.325456946522266,7.325456946522266,OK,3-4-2-1,LAM,LAM,LAM,structural,False,0.0,7.325456946522266
0a9d6243-8e34-53a1-aac3-295adbb204df,29,6,brighton-hove-albion,eb26516f-9061-5a83-a316-5cd4bef43df5,Pascal Groß,MID,LCM,1,90.0,0.8939317120269186,82.67514185634232,1.0,LDM,4-2-3-1,1.0,0.10606828797308143,-7.3248581436576785,7.3248581436576785,OK,4-2-3-1,LDM,LDM,LDM,structural,False,0.0,7.3248581436576785
5c73e3e5-e8ce-57af-9da1-880c34ac7495,34,17,sunderland,e5098785-f2ed-5b29-af5e-f569a62ab2c0,Noah Sadiki,MID,LCM,1,90.0,0.9181559584893442,82.6800263208823,1.0,LDM,4-2-3-1,1.0,0.08184404151065583,-7.319973679117695,7.319973679117695,OK,4-2-3-1,LDM,LDM,LDM,structural,False,0.0,7.319973679117695
8a8173fc-ec21-5f23-879c-3fb3c88918a2,27,7,chelsea,5b51fc3a-1f45-56e1-9ecc-0bda87474227,Enzo Fernández,MID,LDM,1,90.0,0.8943523222473826,82.68396672484927,1.0,LDM,4-2-3-1,1.0,0.10564767775261741,-7.31603327515073,7.31603327515073,OK,4-2-3-1,CAM,CAM,RAM,structural,True,0.0,7.31603327515073
9d7e2609-879a-5940-b916-fce719c34570,32,11,leeds-united,82e95b4b-22b2-59a9-b33b-e199df378fe3,Ethan Ampadu,MID,RCM,1,90.0,0.9183861945063502,82.68923098340856,1.0,CM,3-5-2,1.0,0.08161380549364983,-7.310769016591436,7.310769016591436,OK,3-4-1-2,CAM,CAM,RCM,structural,True,0.0,7.310769016591436
10d060ee-1672-5636-98a1-8b9e8f3f850d,29,17,sunderland,40b6a84e-8e7e-529b-8b4e-a2979b1bc8e4,Enzo Le Fée,MID,CAM,1,90.0,0.9053996744010168,82.69635427844575,1.0,LW,4-4-2,1.0,0.09460032559898324,-7.303645721554247,7.303645721554247,OK,4-2-3-1,LAM,LAM,LAM,structural,False,0.0,7.303645721554247
8f269e69-30e8-524b-8bbd-2a4eba3eecb6,31,3,burnley,b7ff49f3-d1e0-5e63-b004-29bee7a1f2ea,Kyle Walker,DEF,RWB,1,86.0,0.8742217308638385,78.70531508565676,1.0,RWB,3-4-2-1,1.0,0.12577826913616152,-7.294684914343236,7.294684914343236,OK,4-2-3-1,RB,RB,RB,structural,False,0.0,7.294684914343236
1e6f4756-7e43-5162-a518-806522137b05,29,9,everton,d0fb5815-b17b-56d0-869e-d0e8910ab751,Idrissa Gueye,MID,LDM,1,86.0,0.8735623204894251,78.70974778576071,1.0,LDM,4-2-3-1,1.0,0.12643767951057494,-7.290252214239288,7.290252214239288,OK,4-2-3-1,RDM,RDM,RDM,structural,False,0.0,7.290252214239288
58063874-83a0-58d3-88f4-272c896d19f4,37,11,leeds-united,e5ce8638-ef71-56e5-ae05-c0e425118aa3,James Justin,DEF,RCB,1,90.0,0.9124680805848648,82.72271194370944,1.0,LWB,3-5-2,1.0,0.08753191941513516,-7.277288056290558,7.277288056290558,OK,3-5-2,LWB,LWB,LCM,structural,True,0.0,7.277288056290558
9403bea8-f4be-5480-8cc6-7a1e94097a3f,23,18,tottenham-hotspur,d64982ba-72ef-52d6-b8fe-3706499963ab,Conor Gallagher,MID,RDM,1,84.0,0.830127983744441,76.7663092810475,1.0,RDM,4-2-3-1,1.0,0.16987201625555903,-7.233690718952502,7.233690718952502,OK,3-4-2-1,RCM,RCM,RCM,structural,False,0.0,7.233690718952502
457d30c3-d5ec-5fbc-9e3e-b071192ded0c,30,9,everton,dea12abc-e8dd-5839-b626-0cb7e72e9a26,Iliman Ndiaye,MID,RAM,1,90.0,0.9193715444780198,82.77740002614418,1.0,LAM,4-2-3-1,1.0,0.08062845552198017,-7.222599973855821,7.222599973855821,OK,4-2-3-1,LAM,LAM,LAM,structural,False,0.0,7.2225999738558215
b5ed6c3e-25b0-50e3-8e36-86250fd00a0b,30,3,burnley,956e0ed0-2170-56bf-913d-61d007270278,Bashir Humphreys,DEF,LCB,1,90.0,0.8957297578882893,82.81442177374096,1.0,RCB,3-4-2-1,1.0,0.10427024211171065,-7.18557822625904,7.18557822625904,OK,4-2-3-1,RCB,RCB,RCB,structural,False,0.0,7.1855782262590395
09eed520-5d17-51e8-8b91-f6b3a3579507,31,11,leeds-united,82e95b4b-22b2-59a9-b33b-e199df378fe3,Ethan Ampadu,MID,CM,1,90.0,0.9206007438032088,82.88665950073862,1.0,CM,3-5-2,1.0,0.07939925619679122,-7.113340499261383,7.113340499261383,OK,3-4-1-2,RCM,RCM,RCM,structural,False,0.0,7.113340499261383
17a9d946-6355-53b8-baf6-c49011bd1d69,30,8,crystal-palace,0f20e713-a3d1-5036-b0b2-e9f32d1bc66f,Jaydee Canvot,DEF,RCB,1,79.0,0.7704589672837479,71.88977205617114,0.0,UNKNOWN,UNKNOWN,1.0,0.22954103271625215,-7.1102279438288605,7.1102279438288605,MAP_XI_FALSE_NEGATIVE,3-4-2-1,LCB,LCB,LCB,structural,False,0.0,7.1102279438288605
9d7e2609-879a-5940-b916-fce719c34570,32,11,leeds-united,e5ce8638-ef71-56e5-ae05-c0e425118aa3,James Justin,DEF,RCB,1,90.0,0.9150366316568884,82.90424086514048,1.0,LWB,3-5-2,1.0,0.08496336834311158,-7.09575913485952,7.09575913485952,OK,3-4-1-2,LWB,LWB,RCB,structural,True,0.0,7.09575913485952
30c97f8c-6a92-5b8d-9bc1-bf166aff4f6a,33,11,leeds-united,c550c5c9-6be9-5d60-a724-ed8b1d333548,Brenden Aaronson,MID,LW,1,83.0,0.906021527511418,75.97670703477633,0.0,UNKNOWN,UNKNOWN,1.0,0.09397847248858204,-7.023292965223675,7.023292965223675,MAP_XI_FALSE_NEGATIVE,3-4-2-1,RAM,RAM,LAM,structural,True,0.0,7.023292965223675
97b2d8d5-ad23-581e-a7ba-80ed12ecc351,23,11,leeds-united,82e95b4b-22b2-59a9-b33b-e199df378fe3,Ethan Ampadu,MID,CM,1,90.0,0.9216499012879202,82.99198618823655,1.0,CM,3-5-2,1.0,0.07835009871207976,-7.008013811763448,7.008013811763448,OK,3-4-2-1,RCM,RCM,RCM,structural,False,0.0,7.008013811763448
ae89dde2-06e5-5c3d-88d1-b18a3afac874,38,6,brighton-hove-albion,eb26516f-9061-5a83-a316-5cd4bef43df5,Pascal Groß,MID,LDM,1,90.0,0.8978685769252466,82.99820961417512,1.0,LDM,4-2-3-1,1.0,0.10213142307475342,-7.001790385824876,7.001790385824876,OK,4-2-3-1,RDM,RDM,RAM,structural,True,0.0,7.001790385824876
95efeb72-d689-58fb-a022-ffad47516d80,35,16,nottingham-forest,a2afe8eb-9890-541f-9258-8202cd512f1f,Nicolás Domínguez,MID,LAM,1,45.0,0.5389492146591076,38.02897509711873,0.0,UNKNOWN,UNKNOWN,1.0,0.4610507853408924,-6.971024902881268,6.971024902881268,MAP_XI_FALSE_NEGATIVE,4-4-2,LCM,LCM,LCM,structural,False,0.0,6.971024902881268
1e6f4756-7e43-5162-a518-806522137b05,29,3,burnley,956e0ed0-2170-56bf-913d-61d007270278,Bashir Humphreys,DEF,LCB,1,90.0,0.8970832110522888,83.05809493605041,0.0,UNKNOWN,UNKNOWN,1.0,0.10291678894771117,-6.941905063949591,6.941905063949591,MAP_XI_FALSE_NEGATIVE,3-4-2-1,RCB,RCB,RCB,structural,False,0.0,6.941905063949591
25988556-93c6-5dfd-b380-96f4dd98805b,36,5,brentford,9a8ecf00-4990-5980-88ac-7e6f3426cc04,Yegor Yarmoliuk,MID,RDM,1,78.0,0.9265439215247484,84.89318025551074,1.0,RDM,4-2-3-1,1.0,0.0734560784752516,6.893180255510742,6.893180255510742,OK,4-4-2,RW,RW,RW,structural,False,0.0,6.893180255510742
bf65d025-43dc-57fa-842e-f2c6a2eb4f8c,30,16,nottingham-forest,18a6f100-002a-5b0b-8366-87056d767a12,Callum Hudson-Odoi,MID,LAM,1,45.0,0.6025693927095032,51.88698257120952,1.0,LAM,4-2-3-1,1.0,0.39743060729049684,6.886982571209515,6.886982571209515,OK,4-2-3-1,RAM,RAM,RAM,structural,False,0.0,6.886982571209522
9fb7fb28-1745-597c-aab4-27fb0e6c5383,28,11,leeds-united,82e95b4b-22b2-59a9-b33b-e199df378fe3,Ethan Ampadu,MID,CM,1,90.0,0.9234023002262572,83.13417694850793,1.0,CM,3-5-2,1.0,0.07659769977374276,-6.865823051492072,6.865823051492072,OK,5-4-1,RCM,RCM,RCM,structural,False,0.0,6.865823051492072
ecd48097-3a63-58b6-a353-65332e720c42,32,18,tottenham-hotspur,976cba43-39e3-5bd2-a17b-74524487c441,Archie Gray,MID,RCM,1,60.0,0.7624870944616831,66.86119773552002,1.0,RCM,4-4-2,1.0,0.23751290553831694,6.861197735520022,6.861197735520022,OK,4-3-3,CM,CM,CM,structural,False,0.0,6.861197735520022
82942d44-0127-5fda-9351-a16d844fb795,35,2,aston-villa,77f6a9da-b2d4-5034-84c5-2580945368b8,Morgan Rogers,MID,CAM,1,90.0,0.9180822319283096,83.13968269403523,1.0,CAM,4-2-3-1,1.0,0.08191776807169038,-6.86031730596477,6.86031730596477,OK,4-2-3-1,LAM,LAM,LAM,structural,False,0.0,6.86031730596477
e0ceee79-211e-5422-8a48-170a59ad8497,36,19,west-ham-united,a4b84834-eb21-54ba-be68-660ea3815e93,Konstantinos Mavropanos,DEF,RCB,1,90.0,0.9153733472809474,83.1470548084155,1.0,RCB,4-4-2,1.0,0.08462665271905256,-6.852945191584496,6.852945191584496,OK,3-4-2-1,CB,CB,CB,structural,False,0.0,6.852945191584496
73cbcb0c-704f-544b-98be-2945eb6c0891,24,6,brighton-hove-albion,962c06ed-3fb4-5908-98c9-be26b5491e6c,Ferdi Kadioglu,DEF,LB,1,90.0,0.902982274191284,83.16033343821161,1.0,LB,4-2-3-1,1.0,0.09701772580871604,-6.839666561788391,6.839666561788391,OK,4-3-3,RB,RB,RCB,structural,True,0.0,6.839666561788391
de92aec0-17cd-521d-ae3d-f425ab7e09dd,34,1,arsenal,a8d1cfeb-4f1e-53fc-a90a-4610ccf746c6,Declan Rice,MID,LDM,1,90.0,0.9227449294191842,83.22666435708663,1.0,LCM,4-3-3,1.0,0.07725507058081582,-6.773335642913366,6.773335642913366,OK,4-3-3,LCM,LCM,LCM,structural,False,0.0,6.773335642913366
25abf903-06d4-5b30-9573-1ca6d4317c79,36,17,sunderland,53bfdbe9-b833-5ee6-b24f-4b838a2a0fa6,Nordi Mukiele,DEF,RB,1,90.0,0.92466643655588,83.23935936350036,1.0,RB,4-2-3-1,1.0,0.07533356344412001,-6.7606406364996445,6.7606406364996445,OK,4-2-3-1,RCB,RCB,RCB,structural,False,0.0,6.7606406364996445
006f69f1-9b0e-551d-bed7-448d3b640101,22,13,manchester-city,f717009d-d433-5fa0-9cf5-1e081478a8f1,Phil Foden,MID,LCM,1,45.0,0.673988451970004,51.67783685091712,1.0,LCM,4-3-3,1.0,0.326011548029996,6.677836850917124,6.677836850917124,OK,4-1-4-1,RCM,RCM,RCM,structural,False,0.0,6.677836850917117
112601d1-209f-5611-b63b-01d0992c4ddd,26,7,chelsea,5b51fc3a-1f45-56e1-9ecc-0bda87474227,Enzo Fernández,MID,LDM,1,90.0,0.9036094902496672,83.33071529537469,1.0,LDM,4-2-3-1,1.0,0.09639050975033281,-6.669284704625312,6.669284704625312,OK,4-2-3-1,LAM,LAM,LAM,structural,False,0.0,6.669284704625312
728090a6-8bed-5bb5-ba22-55caa5d0f65a,37,8,crystal-palace,0f20e713-a3d1-5036-b0b2-e9f32d1bc66f,Jaydee Canvot,DEF,LCB,1,90.0,0.9139970220011476,83.34113906558669,1.0,LCB,3-4-2-1,1.0,0.08600297799885237,-6.658860934413312,6.658860934413312,OK,3-4-2-1,RCB,RCB,RCB,structural,False,0.0,6.658860934413312
dec351fa-176e-54ff-a391-5e41f9eeee09,37,20,wolverhampton-wanderers,b6e20f32-3f8f-5d7f-b0b7-140bc97b69fe,Yerson Mosquera Valdelamar,DEF,RCB,1,90.0,0.9190591441985636,83.36067858989344,1.0,RCB,3-4-2-1,1.0,0.0809408558014364,-6.639321410106561,6.639321410106561,OK,4-2-3-1,RB,RB,RB,structural,False,0.0,6.639321410106561
4573eab6-7249-598b-9af6-d00c7d62f223,36,6,brighton-hove-albion,962c06ed-3fb4-5908-98c9-be26b5491e6c,Ferdi Kadioglu,DEF,LB,1,90.0,0.9095925901640244,83.36101407615377,1.0,LB,4-2-3-1,1.0,0.09040740983597562,-6.638985923846235,6.638985923846235,OK,4-2-3-1,RB,RB,RB,structural,False,0.0,6.638985923846235
6c5986e0-8dbe-5289-99bb-f5fdd49bf3bf,28,4,afc-bournemouth,559670b7-3af4-5c20-8ab5-783da9a99601,Alex Scott,MID,RDM,1,90.0,0.9115066748412184,83.36864671777366,1.0,RDM,4-2-3-1,1.0,0.08849332515878161,-6.631353282226343,6.631353282226343,OK,4-2-3-1,LDM,LDM,RDM,structural,True,0.0,6.631353282226343
87451d9e-587c-5a4c-96ac-324aa773296b,25,17,sunderland,40b6a84e-8e7e-529b-8b4e-a2979b1bc8e4,Enzo Le Fée,MID,CAM,1,90.0,0.9160279187478872,83.37828497383259,1.0,LW,4-4-2,1.0,0.08397208125211275,-6.621715026167408,6.621715026167408,OK,4-2-3-1,LDM,LDM,RDM,structural,True,0.0,6.621715026167408
9ee83c24-99b9-5f01-a681-62d4f49c858d,34,14,manchester-united,65910bcc-31a9-56bb-ba12-74e687cd31ec,Amad Diallo,MID,RAM,1,45.0,0.4418615296515064,38.38266533059816,0.0,UNKNOWN,UNKNOWN,1.0,0.5581384703484936,-6.617334669401842,6.617334669401842,MAP_XI_FALSE_NEGATIVE,4-2-3-1,LAM,LAM,LAM,structural,False,0.0,6.617334669401842
765085cb-7964-5516-8303-f380c3d19685,27,10,fulham,bf6c1651-0779-512e-9c37-3b8ac8c14714,Alex Iwobi,MID,RDM,1,87.0,0.892929845407186,80.39718639619765,1.0,RDM,4-2-3-1,1.0,0.10707015459281399,-6.602813603802346,6.602813603802346,OK,4-2-3-1,LDM,LDM,CAM,structural,True,0.0,6.602813603802346
7c80f6d1-598d-5dcc-b7e4-44865b2ed593,23,6,brighton-hove-albion,eb26516f-9061-5a83-a316-5cd4bef43df5,Pascal Groß,MID,LDM,1,87.0,0.8620252656587106,80.42317717365734,1.0,LDM,4-2-3-1,1.0,0.13797473434128937,-6.576822826342664,6.576822826342664,OK,4-3-3,LCM,LCM,LCM,structural,False,0.0,6.576822826342664
b301f28c-fc51-5c77-a542-a88c0f632cb3,38,16,nottingham-forest,68e23e27-5010-5c05-a3bd-23e48be32b93,Morgan Gibbs-White,MID,CAM,1,90.0,0.9142265242338784,83.45695266496335,1.0,CAM,4-2-3-1,1.0,0.0857734757661216,-6.543047335036647,6.543047335036647,OK,4-4-2,LW,LW,LW,structural,False,0.0,6.543047335036647
6c5986e0-8dbe-5289-99bb-f5fdd49bf3bf,28,4,afc-bournemouth,712d8210-33f4-517b-8ca4-275cccea49a1,David Brooks,MID,RAM,1,45.0,0.4435787164488101,38.47396275483724,0.0,UNKNOWN,UNKNOWN,1.0,0.5564212835511899,-6.526037245162762,6.526037245162762,MAP_XI_FALSE_NEGATIVE,4-2-3-1,LAM,LAM,LAM,structural,False,0.0,6.526037245162762
1c02d8a1-3fe4-50a6-a833-13460c80973f,34,20,wolverhampton-wanderers,00cc549f-a9f0-54b0-8cbc-ef47c7f8251b,André Trindade da Costa Neto,MID,CM,1,90.0,0.9172329712500628,83.47571335568855,1.0,RCM,3-4-2-1,1.0,0.08276702874993724,-6.524286644311445,6.524286644311445,OK,3-4-2-1,LCM,LCM,LCM,structural,False,0.0,6.524286644311445
94fcf566-2f2f-5764-a094-bd41afb36a13,28,9,everton,444bfe5b-015a-5ec2-ac21-34fd780e0aa5,James Garner,MID,LDM,1,90.0,0.9196269938716308,83.48157604842933,1.0,RDM,4-2-3-1,1.0,0.08037300612836917,-6.518423951570668,6.518423951570668,OK,4-2-3-1,RDM,RDM,RDM,structural,False,0.0,6.518423951570668
c24850ac-b48a-5ac5-91e3-bc422c2e52a4,27,1,arsenal,7844404e-dd2c-5f68-9390-675ab60be346,Martín Zubimendi Ibáñez,MID,CM,1,90.0,0.8609209919698719,83.48220224699104,1.0,CM,4-3-3,1.0,0.13907900803012807,-6.517797753008964,6.517797753008964,OK,4-2-3-1,RDM,RDM,RDM,structural,False,0.0,6.5177977530089635
dec351fa-176e-54ff-a391-5e41f9eeee09,37,20,wolverhampton-wanderers,a8aed2e6-b0b5-5558-b149-fc0c412d9844,Santiago Bueno,DEF,CB,1,90.0,0.9263800785392576,83.48776872611572,1.0,CB,3-4-2-1,1.0,0.07361992146074237,-6.512231273884282,6.512231273884282,OK,4-2-3-1,RCB,RCB,RCB,structural,False,0.0,6.512231273884282
b05d8bbc-90bb-57d4-a3ff-25dce53593e4,37,3,burnley,7271dade-6e34-5b7d-850a-ff0969f7a26e,Loum Tchaouna,MID,RW,1,81.0,0.8127537873455545,74.49056532700708,1.0,RAM,3-4-2-1,1.0,0.18724621265444552,-6.509434672992924,6.509434672992924,OK,4-2-3-1,RAM,RAM,RAM,structural,False,0.0,6.509434672992924
1c02d8a1-3fe4-50a6-a833-13460c80973f,34,18,tottenham-hotspur,3a736c36-502e-5f12-a3a0-3a915cdfdf76,Randal Kolo Muani,FWD,ST,1,45.0,0.5203688340946128,38.49873762903624,1.0,RW,4-4-2,1.0,0.47963116590538724,-6.501262370963765,6.501262370963765,OK,4-2-3-1,RAM,RAM,RAM,structural,False,0.0,6.501262370963758
42e4a271-71e1-5966-a539-bf677d41e025,28,12,liverpool,b8cff13d-168c-5c65-ad52-99b0426b08f2,Dominik Szoboszlai,MID,RB,1,90.0,0.927957411720616,83.5424135416595,1.0,RB,4-2-3-1,1.0,0.07204258827938403,-6.457586458340501,6.457586458340501,OK,4-2-3-1,CAM,CAM,CAM,structural,False,0.0,6.457586458340501
8a75a887-d709-591e-8651-c5160a6f23f9,29,5,brentford,3dabd7b1-0f28-5272-86ae-4c5392e1aa45,Sepp van den Berg,DEF,LCB,1,90.0,0.909322712665849,83.5468811001059,1.0,LCB,4-2-3-1,1.0,0.09067728733415104,-6.453118899894093,6.453118899894093,OK,4-2-3-1,RCB,RCB,RCB,structural,False,0.0,6.453118899894093
3a27d648-a23e-5b47-aa0b-a8ecf1d098b4,25,18,tottenham-hotspur,c99e7187-586e-5722-8e10-93fd50f92627,Xavi Simons,MID,CAM,1,90.0,0.9238513821889388,83.57617864549167,1.0,CAM,4-2-3-1,1.0,0.07614861781106119,-6.423821354508334,6.423821354508334,OK,4-3-3,LW,LW,LW,structural,False,0.0,6.423821354508334
8a8173fc-ec21-5f23-879c-3fb3c88918a2,27,7,chelsea,972fc541-f01f-51fc-b746-5238f72285d7,Malo Gusto,DEF,RB,1,79.0,0.8013794159053693,72.57774369856637,1.0,RB,4-2-3-1,1.0,0.19862058409463068,-6.4222563014336345,6.4222563014336345,OK,4-2-3-1,LB,LB,LB,structural,False,0.0,6.4222563014336345
cf2cfda2-d007-5839-984a-e3c0650fa9de,23,8,crystal-palace,39a54236-bfd4-52f7-8b23-eeb8ca167d6d,Chris Richards,DEF,RCB,1,90.0,0.9284204911670942,83.58270104755837,1.0,RCB,3-4-2-1,1.0,0.07157950883290576,-6.417298952441627,6.417298952441627,OK,3-4-2-1,LCB,LCB,LWB,structural,True,0.0,6.417298952441627
58063874-83a0-58d3-88f4-272c896d19f4,37,6,brighton-hove-albion,962c06ed-3fb4-5908-98c9-be26b5491e6c,Ferdi Kadioglu,DEF,LB,1,90.0,0.908904048674408,83.59391150801389,1.0,LB,4-2-3-1,1.0,0.091095951325592,-6.406088491986111,6.406088491986111,OK,4-2-3-1,RAM,RAM,RAM,structural,False,0.0,6.406088491986111
f2500cd6-3213-514b-bc50-11600f2a02df,24,13,manchester-city,692da677-7071-5b72-89bc-cc722ba518e2,Nico O'Reilly,DEF,LB,1,90.0,0.8916940255436682,83.61018332616517,1.0,LB,4-3-3,1.0,0.10830597445633183,-6.389816673834829,6.389816673834829,OK,4-1-3-2,LAM,LAM,LAM,structural,False,0.0,6.389816673834829
9bd2ffae-fc89-5d81-90f1-964fb8e98ceb,38,19,west-ham-united,ef1caf6e-67a5-53c4-afb0-2523323cbfe4,Crysencio Summerville,MID,LW,1,90.0,0.9271751549843156,83.62192734117835,1.0,LW,4-4-2,1.0,0.07282484501568443,-6.378072658821651,6.378072658821651,OK,4-2-3-1,LAM,LAM,LAM,structural,False,0.0,6.378072658821651
fef47b9a-ab98-50c0-a72f-57c356ba1514,29,18,tottenham-hotspur,d4c29433-6018-52a2-83a9-429997023fab,Pedro Porro,DEF,RB,1,73.0,0.7342855585782079,66.63122317524123,1.0,RB,4-4-2,1.0,0.2657144414217921,-6.368776824758768,6.368776824758768,OK,3-4-2-1,RCB,RCB,RCM,structural,True,0.0,6.368776824758768
73cbcb0c-704f-544b-98be-2945eb6c0891,24,9,everton,d0fb5815-b17b-56d0-869e-d0e8910ab751,Idrissa Gueye,MID,RDM,1,79.0,0.8064061619790753,72.6349657082521,1.0,RDM,4-2-3-1,1.0,0.19359383802092467,-6.365034291747904,6.365034291747904,OK,4-2-3-1,LDM,LDM,LDM,structural,False,0.0,6.365034291747904
0e68800a-19f1-5423-a940-7747c367f85b,27,15,newcastle-united,49545ac1-d9f9-5a0a-b1f5-5bbeeb1bb7f6,Anthony Gordon,MID,LW,1,77.0,0.8056546444666516,70.66943876010141,1.0,LW,4-3-3,1.0,0.19434535553334842,-6.330561239898586,6.330561239898586,OK,4-3-3,ST,ST,LW,structural,True,0.0,6.330561239898586
c7bf9b15-363a-5871-9b7f-a786725d7ed3,25,6,brighton-hove-albion,eb26516f-9061-5a83-a316-5cd4bef43df5,Pascal Groß,MID,LCM,1,90.0,0.9141407509728624,83.6698639230749,0.0,UNKNOWN,UNKNOWN,1.0,0.0858592490271376,-6.3301360769251005,6.3301360769251005,MAP_XI_FALSE_NEGATIVE,4-2-3-1,RDM,RDM,RDM,structural,False,0.0,6.3301360769251005
58063874-83a0-58d3-88f4-272c896d19f4,37,11,leeds-united,82e95b4b-22b2-59a9-b33b-e199df378fe3,Ethan Ampadu,MID,RCM,1,90.0,0.929361158071168,83.676102656727,1.0,CM,3-5-2,1.0,0.07063884192883196,-6.323897343273004,6.323897343273004,OK,3-5-2,CM,CM,CM,structural,False,0.0,6.3238973432730035
35e69758-b8a6-5f8b-9c26-dc2813d81978,34,12,liverpool,b8cff13d-168c-5c65-ad52-99b0426b08f2,Dominik Szoboszlai,MID,CAM,1,90.0,0.9293636941851252,83.68314171034292,1.0,RB,4-2-3-1,1.0,0.07063630581487479,-6.316858289657077,6.316858289657077,OK,4-2-3-1,RDM,RDM,RDM,structural,False,0.0,6.316858289657077
fd338246-8ad6-503a-aaa4-7c8328aae763,31,18,tottenham-hotspur,976cba43-39e3-5bd2-a17b-74524487c441,Archie Gray,MID,RWB,1,83.0,0.8241605670643386,76.7464537973445,1.0,RCM,4-4-2,1.0,0.1758394329356614,-6.2535462026555,6.2535462026555,OK,4-4-2,RCM,RCM,RCM,structural,False,0.0,6.2535462026554995
52ecb34c-b2fd-592c-b014-dc770fdef03b,29,10,fulham,bf6c1651-0779-512e-9c37-3b8ac8c14714,Alex Iwobi,MID,RDM,1,90.0,0.9428569008921855,83.7705578068929,1.0,RDM,4-2-3-1,1.0,0.057143099107814455,-6.229442193107104,6.229442193107104,OK,4-2-3-1,LAM,LAM,LAM,structural,False,0.0,6.229442193107104
89e2194a-5d18-5d77-8037-92733cd9c97f,22,5,brentford,bb04fd88-02f4-5b58-a126-01b07e773bd8,Nathan Collins,DEF,RCB,1,90.0,0.9126934900673648,83.80017067931038,1.0,RCB,4-2-3-1,1.0,0.08730650993263522,-6.1998293206896165,6.1998293206896165,OK,4-2-3-1,LCB,LCB,LCB,structural,False,0.0,6.1998293206896165
31402e57-7c34-5b2c-8688-d29a2831522e,37,16,nottingham-forest,77dbedf3-49eb-53ec-8cc5-c1d344c47ca2,Neco Williams,DEF,LB,1,90.0,0.8990348107813991,83.8100506587827,1.0,LB,4-2-3-1,1.0,0.10096518921860087,-6.1899493412173,6.1899493412173,OK,4-4-2,RB,RB,RB,structural,False,0.0,6.1899493412173
4e015d43-2cac-545a-a1a7-9b7b76e0b778,22,15,newcastle-united,d7693e44-9092-592e-b518-8da97eaf9fdf,Harvey Barnes,MID,LW,1,90.0,0.9190563087767964,83.82720911290563,1.0,RW,4-3-3,1.0,0.08094369122320355,-6.172790887094365,6.172790887094365,OK,4-3-3,RW,RW,RW,structural,False,0.0,6.172790887094365
54675f42-95ba-5491-a3fd-06557d576830,31,12,liverpool,b8cff13d-168c-5c65-ad52-99b0426b08f2,Dominik Szoboszlai,MID,CAM,1,90.0,0.9312219234563178,83.8478170322811,1.0,RB,4-2-3-1,1.0,0.06877807654368218,-6.1521829677189,6.1521829677189,OK,4-3-1-2,RCM,RCM,RCM,structural,False,0.0,6.1521829677189
765085cb-7964-5516-8303-f380c3d19685,27,17,sunderland,40b6a84e-8e7e-529b-8b4e-a2979b1bc8e4,Enzo Le Fée,MID,CAM,1,90.0,0.9244914216642665,83.85128187958051,1.0,CAM,4-2-3-1,1.0,0.07550857833573354,-6.148718120419488,6.148718120419488,OK,4-1-4-1,LCM,LCM,LW,structural,True,0.0,6.148718120419488
08ddad76-4191-5baa-9d72-080d772df8a4,37,12,liverpool,3662a836-64ae-524d-ac5d-6c64245981a2,Cody Gakpo,MID,LAM,1,73.0,0.837416323593213,66.86542698649325,1.0,LAM,4-2-3-1,1.0,0.16258367640678695,-6.134573013506753,6.134573013506753,OK,4-2-3-1,ST,ST,ST,structural,False,0.0,6.134573013506753
b4ec0cde-d0bf-5e52-a05a-625335240554,37,19,west-ham-united,a4b84834-eb21-54ba-be68-660ea3815e93,Konstantinos Mavropanos,DEF,RCB,1,90.0,0.9237405994301118,83.86660107174195,1.0,RCB,4-4-2,1.0,0.07625940056988822,-6.133398928258046,6.133398928258046,OK,3-4-2-1,CB,CB,RCB,structural,True,0.0,6.133398928258046
f82cddfd-b545-5509-9c99-a1ae615e0130,38,20,wolverhampton-wanderers,9ac5d5a9-74b6-578c-8e14-559019eb509d,Mateus Mané,FWD,LAM,1,90.0,0.9285608660868784,83.86972099087043,1.0,LAM,3-4-2-1,1.0,0.07143913391312162,-6.130279009129566,6.130279009129566,OK,3-4-2-1,RAM,RAM,ST,structural,True,0.0,6.130279009129566
94ee8d5f-04da-5a31-92b9-3e1fbea7f464,27,20,wolverhampton-wanderers,9ac5d5a9-74b6-578c-8e14-559019eb509d,Mateus Mané,FWD,LCM,1,90.0,0.9162866708512118,83.87052985611857,1.0,LCM,3-5-2,1.0,0.08371332914878815,-6.129470143881434,6.129470143881434,OK,3-4-2-1,LAM,LAM,LAM,structural,False,0.0,6.129470143881434
31de2a73-94e2-5e1f-829e-f19990739961,28,20,wolverhampton-wanderers,9ac5d5a9-74b6-578c-8e14-559019eb509d,Mateus Mané,FWD,LCM,1,90.0,0.918653901908165,83.88987393717295,1.0,LCM,3-5-2,1.0,0.08134609809183502,-6.1101260628270495,6.1101260628270495,OK,3-4-2-1,LAM,LAM,ST,structural,True,0.0,6.1101260628270495
dd5772bc-85d8-5010-9a4b-eeb87df0c6be,33,12,liverpool,b8cff13d-168c-5c65-ad52-99b0426b08f2,Dominik Szoboszlai,MID,CAM,1,90.0,0.9316958657272316,83.89261896131356,0.0,UNKNOWN,UNKNOWN,1.0,0.06830413427276838,-6.107381038686441,6.107381038686441,MAP_XI_FALSE_NEGATIVE,4-2-3-1,RDM,RDM,RDM,structural,False,0.0,6.107381038686441
f0affde3-2d1e-534c-9399-e7418e760196,37,9,everton,9cb12f76-aa67-5f6a-9571-1925e3cbe9ef,Tim Iroegbunam,MID,RDM,1,72.0,0.8420978402314654,78.07977678420501,1.0,RDM,4-2-3-1,1.0,0.1579021597685346,6.079776784205009,6.079776784205009,OK,4-2-3-1,LDM,LDM,LDM,structural,False,0.0,6.079776784205009
94fcf566-2f2f-5764-a094-bd41afb36a13,28,9,everton,dea12abc-e8dd-5839-b626-0cb7e72e9a26,Iliman Ndiaye,MID,RAM,1,90.0,0.9321092816775338,83.93249099284894,1.0,RAM,4-2-3-1,1.0,0.06789071832246618,-6.06750900715106,6.06750900715106,OK,4-2-3-1,LAM,LAM,LAM,structural,False,0.0,6.06750900715106
5e1fcbbc-fc52-5596-a3cd-5663e323f785,33,10,fulham,7f48ec5f-f934-516a-9c1f-84d42bd974ff,Emile Smith Rowe,MID,CAM,1,66.0,0.7419798847821351,59.9478109737525,1.0,CAM,4-2-3-1,1.0,0.25802011521786494,-6.052189026247497,6.052189026247497,OK,4-2-3-1,UNOBSERVED_BENCH,,,,,0.0,6.052189026247497
3670426a-a771-510e-9762-2f3db0f13f12,27,11,leeds-united,c550c5c9-6be9-5d60-a724-ed8b1d333548,Brenden Aaronson,MID,RCM,1,72.0,0.8648813483476887,78.02883929737163,1.0,RCM,3-5-2,1.0,0.1351186516523113,6.028839297371633,6.028839297371633,OK,5-4-1,LW,LW,LW,structural,False,0.0,6.028839297371633
f5b8d4db-d7b4-5da2-a157-94fd8af41961,25,7,chelsea,5b51fc3a-1f45-56e1-9ecc-0bda87474227,Enzo Fernández,MID,LDM,1,90.0,0.9130172014219124,84.00224293793849,1.0,LDM,4-2-3-1,1.0,0.08698279857808755,-5.99775706206151,5.99775706206151,OK,4-2-3-1,LAM,LAM,LAM,structural,False,0.0,5.99775706206151
6df41fb2-db8a-58dc-bcef-43cc5f79f6d1,25,12,liverpool,b8cff13d-168c-5c65-ad52-99b0426b08f2,Dominik Szoboszlai,MID,RAM,1,90.0,0.9330898253106324,84.00515932631127,1.0,RB,4-2-3-1,1.0,0.06691017468936755,-5.994840673688728,5.994840673688728,OK,4-2-3-1,RB,RB,RB,structural,False,0.0,5.994840673688728
798085e6-30c4-5023-9459-9ecd515df77f,26,9,everton,444bfe5b-015a-5ec2-ac21-34fd780e0aa5,James Garner,MID,LDM,1,90.0,0.9256002892782608,84.00563481269924,1.0,RDM,4-2-3-1,1.0,0.07439971072173923,-5.994365187300758,5.994365187300758,OK,4-2-3-1,RDM,RDM,RDM,structural,False,0.0,5.994365187300758
112601d1-209f-5611-b63b-01d0992c4ddd,26,7,chelsea,c92d55cb-06d1-553d-aad7-f64c0de898a5,Moisés Caicedo Corozo,MID,LDM,1,90.0,0.9325599027347072,84.01127023470514,1.0,RDM,4-2-3-1,1.0,0.06744009726529276,-5.988729765294863,5.988729765294863,OK,4-2-3-1,RDM,RDM,RDM,structural,False,0.0,5.988729765294863
e07812fd-53bd-5cff-a85b-94bea63806fe,30,5,brentford,9c63b373-5b16-5d1a-8ee1-2b35708a7892,Dango Ouattara,MID,RAM,1,84.0,0.9035718393294192,78.01829882492946,1.0,RAM,4-2-3-1,1.0,0.0964281606705808,-5.98170117507054,5.98170117507054,OK,4-1-4-1,RW,RW,RW,structural,False,0.0,5.98170117507054
25abf903-06d4-5b30-9573-1ca6d4317c79,36,17,sunderland,2e06beff-d060-52c5-b090-ef85e142bc03,Trai Hume,DEF,LB,1,89.0,0.8976590584539519,83.0252715385048,1.0,RAM,4-2-3-1,1.0,0.10234094154604811,-5.974728461495204,5.974728461495204,OK,4-2-3-1,RAM,RAM,RAM,structural,False,0.0,5.974728461495204
1e6f4756-7e43-5162-a518-806522137b05,29,9,everton,444bfe5b-015a-5ec2-ac21-34fd780e0aa5,James Garner,MID,RDM,1,90.0,0.9265162250592578,84.03045778322998,1.0,RDM,4-2-3-1,1.0,0.07348377494074221,-5.969542216770023,5.969542216770023,OK,4-2-3-1,LDM,LDM,LDM,structural,False,0.0,5.969542216770023
e2562928-63eb-5b52-9e4c-94f8ddca3e11,24,7,chelsea,fbe43cca-fb14-5420-94d6-3e253d5e57f2,Trevoh Chalobah,DEF,LCB,1,90.0,0.9337227743385734,84.05713448312854,1.0,RCB,4-2-3-1,1.0,0.06627722566142658,-5.942865516871464,5.942865516871464,OK,4-1-4-1,RCB,RCB,RCB,structural,False,0.0,5.942865516871464
58063874-83a0-58d3-88f4-272c896d19f4,37,6,brighton-hove-albion,eb26516f-9061-5a83-a316-5cd4bef43df5,Pascal Groß,MID,LDM,1,90.0,0.9141232367973646,84.06872422636368,1.0,LDM,4-2-3-1,1.0,0.08587676320263538,-5.931275773636315,5.931275773636315,OK,4-2-3-1,RDM,RDM,CAM,structural,True,0.0,5.931275773636315
3670426a-a771-510e-9762-2f3db0f13f12,27,11,leeds-united,82e95b4b-22b2-59a9-b33b-e199df378fe3,Ethan Ampadu,MID,CM,1,90.0,0.9338039744645622,84.07846878244072,1.0,CM,3-5-2,1.0,0.0661960255354378,-5.921531217559277,5.921531217559277,OK,5-4-1,RCM,RCM,RCM,structural,False,0.0,5.921531217559277
3b0bba38-af04-5460-b39f-e5c32eaf27ff,36,15,newcastle-united,7d97f99a-8163-5c05-a74a-5dd9794bd812,Dan Burn,DEF,LCB,1,90.0,0.9249124261806037,84.15991760603922,0.0,UNKNOWN,UNKNOWN,1.0,0.07508757381939635,-5.840082393960785,5.840082393960785,MAP_XI_FALSE_NEGATIVE,4-2-3-1,LB,LB,LB,structural,False,0.0,5.840082393960785
9bd2ffae-fc89-5d81-90f1-964fb8e98ceb,38,19,west-ham-united,4e68227a-9577-5c26-99fa-8a519b052582,Jarrod Bowen,FWD,RW,1,90.0,0.9308290682494874,84.16176562978609,1.0,RW,4-4-2,1.0,0.06917093175051259,-5.838234370213911,5.838234370213911,OK,4-2-3-1,RAM,RAM,RAM,structural,False,0.0,5.838234370213911
39b8a542-1ee7-5117-ab73-ee2227c88c33,33,4,afc-bournemouth,8ddc00f8-7aec-56e5-a5ba-d916b5ee5129,Marcus Tavernier,MID,CAM,1,88.0,0.9045028052555476,82.1769271426456,1.0,LAM,4-2-3-1,1.0,0.0954971947444524,-5.823072857354404,5.823072857354404,OK,4-2-3-1,LAM,LAM,LAM,structural,False,0.0,5.823072857354404
94338b30-8c36-517f-8821-7e38666f86c7,27,9,everton,444bfe5b-015a-5ec2-ac21-34fd780e0aa5,James Garner,MID,LDM,1,90.0,0.9310091893595304,84.22822217527293,1.0,RDM,4-2-3-1,1.0,0.06899081064046964,-5.771777824727067,5.771777824727067,OK,4-2-3-1,RB,RB,RB,structural,False,0.0,5.771777824727067
e793b103-c5db-5d62-9227-c3f3b84c30aa,26,19,west-ham-united,ef1caf6e-67a5-53c4-afb0-2523323cbfe4,Crysencio Summerville,MID,LW,1,89.0,0.91002814840497,83.23239310390747,1.0,LW,4-4-2,1.0,0.08997185159502996,-5.767606896092531,5.767606896092531,OK,4-2-3-1,LAM,LAM,LAM,structural,False,0.0,5.767606896092531
5556a528-cdc7-5a14-8fd1-7f9b7820b711,32,3,burnley,032150f9-1246-5989-8ac4-532f1e3bce74,Lesley Ugochukwu,MID,RCM,1,66.0,0.7419881535836148,71.76462255510026,1.0,RCM,3-4-2-1,1.0,0.2580118464163852,5.76462255510026,5.76462255510026,OK,4-2-3-1,CAM,CAM,RDM,structural,True,0.0,5.76462255510026
13a06bbe-773c-5050-a81a-5cecf3bc57eb,25,9,everton,444bfe5b-015a-5ec2-ac21-34fd780e0aa5,James Garner,MID,LDM,1,90.0,0.9310846267330852,84.24994937686938,1.0,LDM,4-2-3-1,1.0,0.06891537326691477,-5.750050623130619,5.750050623130619,OK,4-2-3-1,RDM,RDM,RDM,structural,False,0.0,5.750050623130619
1ce47acb-bab6-57a0-b8fc-b4936d9f71f7,31,2,aston-villa,77f6a9da-b2d4-5034-84c5-2580945368b8,Morgan Rogers,MID,CAM,1,76.0,0.8985583734983157,81.74194919923283,1.0,CAM,4-2-3-1,1.0,0.10144162650168431,5.741949199232835,5.741949199232835,OK,4-2-3-1,LAM,LAM,LAM,structural,False,0.0,5.741949199232835
16495e99-1e75-5b2f-a337-1dfde9ddfe08,33,6,brighton-hove-albion,eb26516f-9061-5a83-a316-5cd4bef43df5,Pascal Groß,MID,LDM,1,90.0,0.9172441043639432,84.27498373319695,1.0,LDM,4-2-3-1,1.0,0.08275589563605679,-5.725016266803053,5.725016266803053,OK,4-2-3-1,RDM,RDM,CAM,structural,True,0.0,5.725016266803053
1d93b2bc-9b09-5ae2-aa5b-82d56694fa9c,22,19,west-ham-united,4e68227a-9577-5c26-99fa-8a519b052582,Jarrod Bowen,FWD,RAM,1,90.0,0.9334181368260271,84.3023859384492,1.0,RAM,4-2-3-1,1.0,0.06658186317397286,-5.697614061550794,5.697614061550794,OK,4-4-1-1,RW,RW,CAM,structural,True,0.0,5.697614061550794
0e68800a-19f1-5423-a940-7747c367f85b,27,13,manchester-city,692da677-7071-5b72-89bc-cc722ba518e2,Nico O'Reilly,DEF,LB,1,90.0,0.9065823101362682,84.3501600741829,1.0,LB,4-4-2,1.0,0.09341768986373178,-5.649839925817105,5.649839925817105,OK,4-1-3-2,LAM,LAM,LAM,structural,False,0.0,5.649839925817105
e793b103-c5db-5d62-9227-c3f3b84c30aa,26,19,west-ham-united,79420363-80f0-5eb5-bef5-e1e31f62877c,Mateus Gonçalo Espanha Fernandes,MID,LCM,1,90.0,0.9150276084447562,84.39514340745762,1.0,LCM,4-4-2,1.0,0.08497239155524383,-5.604856592542376,5.604856592542376,OK,4-2-3-1,RDM,RDM,RDM,structural,False,0.0,5.604856592542376
c7bf9b15-363a-5871-9b7f-a786725d7ed3,25,6,brighton-hove-albion,a93b852e-6cc5-59da-a7e7-213f7dec5f1b,Lewis Dunk,DEF,LCB,1,90.0,0.9322165566509338,84.42371769839386,1.0,LCB,4-2-3-1,1.0,0.06778344334906616,-5.576282301606142,5.576282301606142,OK,4-2-3-1,RCB,RCB,RCB,structural,False,0.0,5.576282301606142
dcb932a5-b690-59b8-8026-5a592284f9a8,38,7,chelsea,c92d55cb-06d1-553d-aad7-f64c0de898a5,Moisés Caicedo Corozo,MID,LDM,1,84.0,0.863915819544822,78.45796738085885,1.0,LDM,4-2-3-1,1.0,0.136084180455178,-5.542032619141153,5.542032619141153,OK,3-4-1-2,RCM,RCM,RCM,structural,False,0.0,5.542032619141153
17a9d946-6355-53b8-baf6-c49011bd1d69,30,11,leeds-united,82e95b4b-22b2-59a9-b33b-e199df378fe3,Ethan Ampadu,MID,CM,1,90.0,0.9391462817037084,84.54407752040693,1.0,CM,3-5-2,1.0,0.0608537182962916,-5.45592247959307,5.45592247959307,OK,3-4-1-2,RCM,RCM,RWB,structural,True,0.0,5.45592247959307
f0affde3-2d1e-534c-9399-e7418e760196,37,9,everton,444bfe5b-015a-5ec2-ac21-34fd780e0aa5,James Garner,MID,LDM,1,90.0,0.9356082146216532,84.60200922542856,1.0,LDM,4-2-3-1,1.0,0.06439178537834678,-5.39799077457144,5.39799077457144,OK,4-2-3-1,RDM,RDM,RDM,structural,False,0.0,5.39799077457144
f5b8d4db-d7b4-5da2-a157-94fd8af41961,25,7,chelsea,fbe43cca-fb14-5420-94d6-3e253d5e57f2,Trevoh Chalobah,DEF,RCB,1,90.0,0.9398073432400988,84.6028308924144,1.0,LCB,4-2-3-1,1.0,0.06019265675990115,-5.397169107585597,5.397169107585597,OK,4-2-3-1,LCB,LCB,LCB,structural,False,0.0,5.397169107585597
3ee1da64-d7ba-53cf-918f-e24fe92a6eb6,22,1,arsenal,77962072-d0d7-5304-8c20-9a75adfd2936,Jurriën Timber,DEF,RB,1,90.0,0.9295617652589384,84.62733999813342,1.0,RB,4-3-3,1.0,0.07043823474106159,-5.372660001866578,5.372660001866578,OK,4-3-3,LB,LB,LB,structural,False,0.0,5.372660001866578
9403bea8-f4be-5480-8cc6-7a1e94097a3f,23,18,tottenham-hotspur,b29e3c1f-f8e8-5b6a-a5de-fbd51d039e55,Cristian Romero,DEF,RCB,1,90.0,0.936745131516661,84.66976494210824,1.0,RCB,4-2-3-1,1.0,0.06325486848333906,-5.3302350578917554,5.3302350578917554,OK,3-4-2-1,CB,CB,CB,structural,False,0.0,5.3302350578917554
87451d9e-587c-5a4c-96ac-324aa773296b,25,17,sunderland,483fd668-a74d-5c5c-9111-a023961f914b,Chemsdine Talbi,MID,LW,1,63.0,0.8342905708495766,68.29925615610068,0.0,UNKNOWN,UNKNOWN,1.0,0.16570942915042342,5.299256156100682,5.299256156100682,MAP_XI_FALSE_NEGATIVE,4-2-3-1,LAM,LAM,LDM,structural,True,0.0,5.299256156100682
31de2a73-94e2-5e1f-829e-f19990739961,28,20,wolverhampton-wanderers,00cc549f-a9f0-54b0-8cbc-ef47c7f8251b,André Trindade da Costa Neto,MID,CM,1,88.0,0.9066820709076612,82.707110037478,1.0,CM,3-5-2,1.0,0.09331792909233882,-5.292889962521997,5.292889962521997,OK,3-4-2-1,RCM,RCM,RCM,structural,False,0.0,5.292889962521997
fef47b9a-ab98-50c0-a72f-57c356ba1514,29,18,tottenham-hotspur,3a736c36-502e-5f12-a3a0-3a915cdfdf76,Randal Kolo Muani,FWD,ST,1,42.0,0.5172766216788202,36.712893207425104,0.0,UNKNOWN,UNKNOWN,1.0,0.48272337832117984,-5.287106792574896,5.287106792574896,MAP_XI_FALSE_NEGATIVE,3-4-2-1,RAM,RAM,RCB,structural,True,0.0,5.287106792574896
5e1fcbbc-fc52-5596-a3cd-5663e323f785,33,5,brentford,e5d36ad0-dba5-56c7-a5d2-b091b2fa1b0d,Mathias Jensen,MID,CAM,1,90.0,0.9297459583417642,84.740454566523,1.0,LDM,4-2-3-1,1.0,0.07025404165823579,-5.259545433477001,5.259545433477001,OK,4-2-3-1,LDM,LDM,LDM,structural,False,0.0,5.259545433477001
6c5986e0-8dbe-5289-99bb-f5fdd49bf3bf,28,17,sunderland,40b6a84e-8e7e-529b-8b4e-a2979b1bc8e4,Enzo Le Fée,MID,CAM,1,90.0,0.9351125424322216,84.77653006154102,1.0,CAM,4-2-3-1,1.0,0.06488745756777836,-5.223469938458976,5.223469938458976,OK,4-2-3-1,LAM,LAM,LAM,structural,False,0.0,5.223469938458976
c7bf9b15-363a-5871-9b7f-a786725d7ed3,25,6,brighton-hove-albion,962c06ed-3fb4-5908-98c9-be26b5491e6c,Ferdi Kadioglu,DEF,LB,1,90.0,0.9225173557770392,84.79492527696225,1.0,LB,4-2-3-1,1.0,0.0774826442229608,-5.205074723037754,5.205074723037754,OK,4-2-3-1,RB,RB,RB,structural,False,0.0,5.205074723037754
fe5e3103-d0cf-58a8-83c4-58f211edd29a,23,17,sunderland,40b6a84e-8e7e-529b-8b4e-a2979b1bc8e4,Enzo Le Fée,MID,CAM,1,90.0,0.9369493323030008,84.80548115573761,1.0,CAM,4-2-3-1,1.0,0.06305066769699919,-5.19451884426239,5.19451884426239,OK,4-4-2,LCM,LCM,LCM,structural,False,0.0,5.19451884426239
5766fb4a-8b72-52a7-9737-b231937d4d3c,30,18,tottenham-hotspur,4aecc997-ca9d-57ec-a854-3151849bde99,Mathys Tel,MID,LAM,1,74.0,0.8350759752894292,79.11908588006104,1.0,LAM,4-2-3-1,1.0,0.16492402471057077,5.119085880061036,5.119085880061036,OK,4-4-2,LW,LW,LCM,structural,True,0.0,5.119085880061036
085aaeeb-84d3-58e5-8616-6a821bcd07d0,25,15,newcastle-united,c7d912b7-acf9-59e7-a5a7-c7e64aed18da,Sandro Tonali,MID,CM,1,86.0,0.8938178214354705,80.88195152280787,1.0,CM,4-3-3,1.0,0.1061821785645295,-5.118048477192133,5.118048477192133,OK,4-3-3,RCM,RCM,RCM,structural,False,0.0,5.118048477192133
de92aec0-17cd-521d-ae3d-f425ab7e09dd,34,1,arsenal,79caa72c-19b1-5ed2-9eea-49bec88916b3,Eberechi Eze,MID,CAM,1,52.0,0.6521409345756938,57.08253881393903,0.0,UNKNOWN,UNKNOWN,1.0,0.3478590654243062,5.082538813939031,5.082538813939031,MAP_XI_FALSE_NEGATIVE,4-3-3,LW,LW,LW,structural,False,0.0,5.082538813939031
5c73e3e5-e8ce-57af-9da1-880c34ac7495,34,16,nottingham-forest,89ca84c0-8f48-5f1a-913d-799d45f1691e,Elliot Anderson,MID,LDM,1,90.0,0.9386838996791628,84.9237231751472,1.0,LDM,4-2-3-1,1.0,0.06131610032083723,-5.076276824852798,5.076276824852798,OK,4-4-2,LCM,LCM,LCM,structural,False,0.0,5.076276824852798
3886cdbf-b8bc-5850-8a2a-d84384ac71f7,32,19,west-ham-united,4e68227a-9577-5c26-99fa-8a519b052582,Jarrod Bowen,FWD,RW,1,90.0,0.938802105613271,84.93202496840513,1.0,RW,4-4-2,1.0,0.06119789438672896,-5.0679750315948695,5.0679750315948695,OK,4-2-3-1,RAM,RAM,RAM,structural,False,0.0,5.0679750315948695
6087d963-451a-5a7b-b016-d3853de520ea,22,11,leeds-united,c550c5c9-6be9-5d60-a724-ed8b1d333548,Brenden Aaronson,MID,RW,1,90.0,0.9437509807498276,84.96189283040957,1.0,RCM,3-5-2,1.0,0.05624901925017245,-5.0381071695904325,5.0381071695904325,OK,3-5-2,RCM,RCM,RCM,structural,False,0.0,5.0381071695904325
25abf903-06d4-5b30-9573-1ca6d4317c79,36,17,sunderland,483fd668-a74d-5c5c-9111-a023961f914b,Chemsdine Talbi,MID,LW,1,78.0,0.7857948256238594,72.98300555526461,0.0,UNKNOWN,UNKNOWN,1.0,0.21420517437614062,-5.0169944447353885,5.0169944447353885,MAP_XI_FALSE_NEGATIVE,4-2-3-1,LAM,LAM,LAM,structural,False,0.0,5.0169944447353885
f5b8d4db-d7b4-5da2-a157-94fd8af41961,25,20,wolverhampton-wanderers,e2213bab-7401-5edc-9994-4eb0772f48ef,João Victor Gomes da Silva,MID,RCM,1,90.0,0.9407423902210412,84.98962121120563,1.0,RCM,3-5-2,1.0,0.059257609778958775,-5.01037878879437,5.01037878879437,OK,4-2-3-1,RDM,RDM,LDM,structural,True,0.0,5.01037878879437
e2562928-63eb-5b52-9e4c-94f8ddca3e11,24,7,chelsea,5b51fc3a-1f45-56e1-9ecc-0bda87474227,Enzo Fernández,MID,LDM,1,90.0,0.9388170727315523,85.0449216132111,1.0,LDM,4-2-3-1,1.0,0.06118292726844765,-4.955078386788898,4.955078386788898,OK,4-1-4-1,LCM,LCM,LCM,structural,False,0.0,4.955078386788898
7771779b-354a-5626-9f0f-129de4d443ba,24,11,leeds-united,c550c5c9-6be9-5d60-a724-ed8b1d333548,Brenden Aaronson,MID,RCM,1,70.0,0.8686963841417341,74.94156616581232,1.0,RCM,3-5-2,1.0,0.1313036158582659,4.9415661658123184,4.9415661658123184,OK,3-4-2-1,LAM,LAM,RAM,structural,True,0.0,4.9415661658123184
58063874-83a0-58d3-88f4-272c896d19f4,37,6,brighton-hove-albion,f6f6439f-07ed-5fba-988d-36a0c8ad3580,Yankuba Minteh,MID,RAM,1,90.0,0.936326558479554,85.0602218786041,1.0,RAM,4-2-3-1,1.0,0.06367344152044596,-4.939778121395904,4.939778121395904,OK,4-2-3-1,LAM,LAM,LAM,structural,False,0.0,4.9397781213959036
0a9d6243-8e34-53a1-aac3-295adbb204df,29,1,arsenal,7844404e-dd2c-5f68-9390-675ab60be346,Martín Zubimendi Ibáñez,MID,CM,1,79.0,0.871017513272171,83.90951317091911,1.0,CM,4-3-3,1.0,0.12898248672782897,4.909513170919112,4.909513170919112,OK,4-2-3-1,RDM,RDM,RDM,structural,False,0.0,4.909513170919112
8a75a887-d709-591e-8651-c5160a6f23f9,29,4,afc-bournemouth,559670b7-3af4-5c20-8ab5-783da9a99601,Alex Scott,MID,RDM,1,90.0,0.9341710001608042,85.10683177327466,1.0,RDM,4-2-3-1,1.0,0.06582899983919577,-4.8931682267253365,4.8931682267253365,OK,4-2-3-1,CAM,CAM,CAM,structural,False,0.0,4.8931682267253365
cd31646e-3d5b-5b6b-97a2-0f706664986c,35,11,leeds-united,82e95b4b-22b2-59a9-b33b-e199df378fe3,Ethan Ampadu,MID,RCM,1,90.0,0.946243472161898,85.17881986083596,1.0,RCM,3-4-2-1,1.0,0.05375652783810203,-4.821180139164042,4.821180139164042,OK,3-5-2,CM,CM,CM,structural,False,0.0,4.821180139164042
ba89faf8-3800-548a-951b-e5d7ed60ed05,37,7,chelsea,5b51fc3a-1f45-56e1-9ecc-0bda87474227,Enzo Fernández,MID,CAM,1,90.0,0.9447576680347776,85.1800377303918,1.0,CAM,4-2-3-1,1.0,0.055242331965222435,-4.819962269608197,4.819962269608197,OK,4-2-3-1,LAM,LAM,LAM,structural,False,0.0,4.819962269608197
03ba7107-f9dd-5a5e-8bcd-9aa4919ff36d,22,2,aston-villa,77f6a9da-b2d4-5034-84c5-2580945368b8,Morgan Rogers,MID,LAM,1,90.0,0.9439518324584326,85.19166808622846,1.0,CAM,4-2-3-1,1.0,0.056048167541567384,-4.808331913771539,4.808331913771539,OK,4-2-3-1,CAM,CAM,CAM,structural,False,0.0,4.808331913771539
1d93b2bc-9b09-5ae2-aa5b-82d56694fa9c,22,19,west-ham-united,ef1caf6e-67a5-53c4-afb0-2523323cbfe4,Crysencio Summerville,MID,LAM,1,90.0,0.9370699858240598,85.21904609842527,1.0,LAM,4-2-3-1,1.0,0.06293001417594024,-4.780953901574733,4.780953901574733,OK,4-4-1-1,LW,LW,LW,structural,False,0.0,4.780953901574733
dcb932a5-b690-59b8-8026-5a592284f9a8,38,7,chelsea,5b51fc3a-1f45-56e1-9ecc-0bda87474227,Enzo Fernández,MID,CAM,1,90.0,0.9443014365969492,85.22635800136128,1.0,CAM,4-2-3-1,1.0,0.055698563403050794,-4.773641998638723,4.773641998638723,OK,3-4-1-2,LCM,LCM,LCM,structural,False,0.0,4.773641998638723
579fdcbf-5156-533a-8f5f-a9226e3d60d1,26,6,brighton-hove-albion,a07371ec-857a-5545-8632-0e982ad6b1be,Kaoru Mitoma,MID,LAM,1,80.0,0.7933510661339342,75.24940097409998,1.0,LAM,4-2-3-1,1.0,0.20664893386606575,-4.750599025900016,4.750599025900016,OK,4-3-3,LW,LW,LW,structural,False,0.0,4.750599025900016
d123315a-55ef-56e3-b21e-2aa9ff130593,23,14,manchester-united,fba35e22-cb10-554f-ad2e-e62d2b5a5da8,Patrick Dorgu,DEF,LWB,1,80.0,0.9355415166280276,84.72854120069007,1.0,LAM,3-4-2-1,1.0,0.06445848337197235,4.728541200690074,4.728541200690074,OK,4-2-3-1,LAM,LAM,LDM,structural,True,0.0,4.728541200690074
7eb9f651-a02f-59cf-843e-8b905b79f98c,38,15,newcastle-united,50df4a11-59ff-5eba-85dd-aaca25ba3cd2,Bruno Guimarães Rodriguez Moura,MID,RCM,1,65.0,0.7452442944374912,69.72473129891247,1.0,RCM,4-4-2,1.0,0.2547557055625088,4.724731298912474,4.724731298912474,OK,3-5-2,CM,CM,CM,structural,False,0.0,4.724731298912474
31ef1d95-b095-52ae-918e-26ed91e99a77,29,2,aston-villa,77f6a9da-b2d4-5034-84c5-2580945368b8,Morgan Rogers,MID,CAM,1,90.0,0.943450695238808,85.28710787079551,1.0,CAM,4-2-3-1,1.0,0.05654930476119202,-4.712892129204491,4.712892129204491,OK,4-2-3-1,LAM,LAM,LAM,structural,False,0.0,4.712892129204491
17a9d946-6355-53b8-baf6-c49011bd1d69,30,11,leeds-united,c550c5c9-6be9-5d60-a724-ed8b1d333548,Brenden Aaronson,MID,LW,1,45.0,0.6499051668776546,49.597576819540194,0.0,UNKNOWN,UNKNOWN,1.0,0.35009483312234535,4.597576819540194,4.597576819540194,MAP_XI_FALSE_NEGATIVE,3-4-1-2,CAM,CAM,ST,structural,True,0.0,4.597576819540194
1e0e866b-bb70-545e-b6dc-8a8424b208c6,23,12,liverpool,b8cff13d-168c-5c65-ad52-99b0426b08f2,Dominik Szoboszlai,MID,CAM,1,90.0,0.9486235414189588,85.41186665796803,1.0,RAM,4-2-3-1,1.0,0.05137645858104123,-4.588133342031966,4.588133342031966,OK,4-2-2-2,RAM,RAM,LAM,structural,True,0.0,4.588133342031966
c7bf9b15-363a-5871-9b7f-a786725d7ed3,25,8,crystal-palace,4e797913-6f5e-54d0-807d-555d7ec82308,Jefferson Lerma Solís,MID,LCM,1,90.0,0.9401510993891709,85.45442306935406,1.0,LCB,3-4-2-1,1.0,0.05984890061082915,-4.545576930645936,4.545576930645936,OK,3-4-2-1,RCB,RCB,RCB,structural,False,0.0,4.545576930645936
3a27d648-a23e-5b47-aa0b-a8ecf1d098b4,25,14,manchester-united,46c2018f-f80f-532e-b144-ef688e9f44eb,Luke Shaw,DEF,LCB,1,86.0,0.897980206742445,81.47290120654543,1.0,LB,4-2-3-1,1.0,0.10201979325755495,-4.52709879345457,4.52709879345457,OK,4-2-3-1,LB,LB,LB,structural,False,0.0,4.52709879345457
092fe1c5-46c7-5bc7-a34b-822cf838d6ab,36,8,crystal-palace,e0417b35-b1b1-5957-8ee5-7996c5db5cb0,Brennan Johnson,MID,LAM,1,74.0,0.7556652420382345,69.47757901958441,0.0,UNKNOWN,UNKNOWN,1.0,0.24433475796176551,-4.522420980415589,4.522420980415589,MAP_XI_FALSE_NEGATIVE,5-4-1,RW,RW,RW,structural,False,0.0,4.522420980415589
e2562928-63eb-5b52-9e4c-94f8ddca3e11,24,7,chelsea,102260dc-086e-540f-ac1b-5c571502d8d4,Jamie Bynoe-Gittens,MID,LAM,1,25.0,0.2338235852157578,20.555314308700986,0.0,UNKNOWN,UNKNOWN,1.0,0.7661764147842423,-4.444685691299018,4.444685691299018,MAP_XI_FALSE_NEGATIVE,4-1-4-1,RW,RW,RW,structural,False,0.0,4.444685691299014
1ce6ee26-3057-5ae0-a140-416d1bd98ae2,35,4,afc-bournemouth,8ddc00f8-7aec-56e5-a5ba-d916b5ee5129,Marcus Tavernier,MID,CAM,1,85.0,0.8894172247552357,80.57742775073613,1.0,LAM,4-2-3-1,1.0,0.11058277524476434,-4.422572249263865,4.422572249263865,OK,4-2-3-1,LAM,LAM,LAM,structural,False,0.0,4.422572249263865
875862ec-2f61-5965-8e94-d3ed55e4bf3f,32,9,everton,d0fb5815-b17b-56d0-869e-d0e8910ab751,Idrissa Gueye,MID,LDM,1,73.0,0.8597238475273883,77.40632068019171,1.0,RDM,4-2-3-1,1.0,0.14027615247261171,4.406320680191712,4.406320680191712,OK,4-2-3-1,RDM,RDM,RDM,structural,False,0.0,4.406320680191712
5766fb4a-8b72-52a7-9737-b231937d4d3c,30,12,liverpool,b8cff13d-168c-5c65-ad52-99b0426b08f2,Dominik Szoboszlai,MID,CAM,1,90.0,0.9508300326165476,85.60244911121377,1.0,CAM,4-2-3-1,1.0,0.04916996738345236,-4.397550888786228,4.397550888786228,OK,4-2-3-1,RB,RB,RB,structural,False,0.0,4.397550888786228
5c86a947-9f04-5f6a-8730-ff79513f254e,35,6,brighton-hove-albion,eb26516f-9061-5a83-a316-5cd4bef43df5,Pascal Groß,MID,LDM,1,90.0,0.9364254606756706,85.6049471387313,1.0,LDM,4-2-3-1,1.0,0.06357453932432944,-4.395052861268695,4.395052861268695,OK,4-2-3-1,RDM,RDM,LDM,structural,True,0.0,4.395052861268695
1e0e866b-bb70-545e-b6dc-8a8424b208c6,23,4,afc-bournemouth,102764c4-bb3d-515e-a161-665b3bc0daf5,Álex Jiménez Sánchez,DEF,RB,1,84.0,0.8659954979835347,79.65280919418667,1.0,RB,4-2-3-1,1.0,0.1340045020164653,-4.347190805813327,4.347190805813327,OK,4-2-3-1,RAM,RAM,RDM,structural,True,0.0,4.347190805813327
8a8173fc-ec21-5f23-879c-3fb3c88918a2,27,3,burnley,f5da0015-9c1c-5ba2-a447-9fc51ceed482,Josh Laurent,MID,RCB,1,77.0,0.8554850662678686,81.34135162786433,1.0,RCB,3-4-2-1,1.0,0.14451493373213142,4.341351627864327,4.341351627864327,OK,3-4-2-1,RWB,RWB,RAM,structural,True,0.0,4.341351627864327
e07812fd-53bd-5cff-a85b-94bea63806fe,30,5,brentford,e5d36ad0-dba5-56c7-a5d2-b091b2fa1b0d,Mathias Jensen,MID,CAM,1,90.0,0.9418926755993104,85.67272824911251,1.0,LDM,4-2-3-1,1.0,0.05810732440068955,-4.3272717508874905,4.3272717508874905,OK,4-1-4-1,RCM,RCM,RCM,structural,False,0.0,4.3272717508874905
fe5e3103-d0cf-58a8-83c4-58f211edd29a,23,17,sunderland,53bfdbe9-b833-5ee6-b24f-4b838a2a0fa6,Nordi Mukiele,DEF,RCB,1,82.0,0.9588580687226675,86.31131456530316,1.0,RB,4-2-3-1,1.0,0.041141931277332455,4.311314565303164,4.311314565303164,OK,4-4-2,RB,RB,RB,structural,False,0.0,4.311314565303164
457d30c3-d5ec-5fbc-9e3e-b071192ded0c,30,9,everton,444bfe5b-015a-5ec2-ac21-34fd780e0aa5,James Garner,MID,LDM,1,90.0,0.9482078605916294,85.70526859548207,1.0,RDM,4-2-3-1,1.0,0.051792139408370574,-4.294731404517933,4.294731404517933,OK,4-2-3-1,RB,RB,RB,structural,False,0.0,4.294731404517933
df7ba6cc-31bb-5cbf-8a2f-b79c5249f90f,26,17,sunderland,2e06beff-d060-52c5-b090-ef85e142bc03,Trai Hume,DEF,RB,1,79.0,0.8518892367134555,74.796804899297,1.0,RW,4-4-2,1.0,0.1481107632865445,-4.203195100702999,4.203195100702999,OK,4-2-3-1,RAM,RAM,RAM,structural,False,0.0,4.203195100702999
9d7e2609-879a-5940-b916-fce719c34570,32,14,manchester-united,65910bcc-31a9-56bb-ba12-74e687cd31ec,Amad Diallo,MID,RAM,1,69.0,0.7793151925406643,73.18404429969516,1.0,RAM,4-2-3-1,1.0,0.22068480745933572,4.18404429969516,4.18404429969516,OK,4-2-3-1,UNOBSERVED_BENCH,,,,,0.0,4.1840442996951595
8b19f294-8fed-5a60-8498-f5c9c1b8d138,24,12,liverpool,b8cff13d-168c-5c65-ad52-99b0426b08f2,Dominik Szoboszlai,MID,RAM,1,90.0,0.9535961895162998,85.8427092895353,1.0,RAM,4-2-3-1,1.0,0.046403810483700236,-4.157290710464693,4.157290710464693,OK,4-2-3-1,RB,RB,RB,structural,False,0.0,4.157290710464693
30cc90ed-8f7d-5817-97c3-29b9acd76a4c,24,4,afc-bournemouth,102764c4-bb3d-515e-a161-665b3bc0daf5,Álex Jiménez Sánchez,DEF,RB,1,85.0,0.9463620738828886,80.84314881393972,1.0,RAM,4-2-3-1,1.0,0.05363792611711138,-4.15685118606028,4.15685118606028,OK,4-2-3-1,RAM,RAM,RAM,structural,False,0.0,4.15685118606028
092fe1c5-46c7-5bc7-a34b-822cf838d6ab,36,13,manchester-city,70198e6a-5cf9-5344-a2c0-f1b71dfeeb5f,Bernardo Veiga de Carvalho e Silva,MID,CAM,1,78.0,0.7852804416774811,73.85527620196632,1.0,RDM,4-2-3-1,1.0,0.21471955832251888,-4.144723798033681,4.144723798033681,OK,4-2-2-2,LDM,LDM,LDM,structural,False,0.0,4.144723798033681
d9ace39d-a5ca-5496-84cb-231df913a305,25,4,afc-bournemouth,559670b7-3af4-5c20-8ab5-783da9a99601,Alex Scott,MID,RDM,1,90.0,0.9450851641473796,85.85855680822128,1.0,RDM,4-2-3-1,1.0,0.05491483585262036,-4.14144319177872,4.14144319177872,OK,4-2-3-1,LDM,LDM,LDM,structural,False,0.0,4.14144319177872
800418ef-112a-5f8a-9aae-e47025aa529d,25,3,burnley,032150f9-1246-5989-8ac4-532f1e3bce74,Lesley Ugochukwu,MID,RCM,1,78.0,0.8962880581309791,82.13606127522618,1.0,RCM,3-4-2-1,1.0,0.10371194186902088,4.136061275226183,4.136061275226183,OK,4-5-1,LCM,LCM,LCM,structural,False,0.0,4.136061275226183
dfe7f7c9-2226-54fe-8291-e1c23b5bb5fd,23,16,nottingham-forest,18a6f100-002a-5b0b-8366-87056d767a12,Callum Hudson-Odoi,MID,LAM,1,86.0,0.8948679362127677,81.8790634817142,1.0,LAM,4-2-3-1,1.0,0.10513206378723228,-4.120936518285802,4.120936518285802,OK,4-2-3-1,RAM,RAM,RAM,structural,False,0.0,4.120936518285802
5e1fcbbc-fc52-5596-a3cd-5663e323f785,33,5,brentford,3dabd7b1-0f28-5272-86ae-4c5392e1aa45,Sepp van den Berg,DEF,LCB,1,90.0,0.9444372945078736,85.89243273589804,1.0,RCB,4-2-3-1,1.0,0.055562705492126385,-4.107567264101959,4.107567264101959,OK,4-2-3-1,RCB,RCB,RCB,structural,False,0.0,4.107567264101959
836b6aa8-1074-5899-aa89-5cc8a995b88e,35,5,brentford,3dabd7b1-0f28-5272-86ae-4c5392e1aa45,Sepp van den Berg,DEF,LCB,1,90.0,0.9459917652032644,85.92763527666555,1.0,RCB,4-2-3-1,1.0,0.054008234796735555,-4.072364723334445,4.072364723334445,OK,4-2-3-1,RCB,RCB,RCB,structural,False,0.0,4.072364723334445
6a84969a-7d59-589c-94a0-d71eb1a266ff,26,1,arsenal,7844404e-dd2c-5f68-9390-675ab60be346,Martín Zubimendi Ibáñez,MID,CM,1,90.0,0.9250122685608778,85.99888565647294,1.0,CM,4-3-3,1.0,0.07498773143912218,-4.001114343527064,4.001114343527064,OK,4-2-3-1,RDM,RDM,RDM,structural,False,0.0,4.001114343527064
8dde84af-e5b8-502a-977d-f16249e0c5a0,26,1,arsenal,7844404e-dd2c-5f68-9390-675ab60be346,Martín Zubimendi Ibáñez,MID,CM,1,90.0,0.9250122685608778,85.99888565647294,1.0,CM,4-3-3,1.0,0.07498773143912218,-4.001114343527064,4.001114343527064,OK,4-2-3-1,RDM,RDM,CAM,structural,True,0.0,4.001114343527064
579fdcbf-5156-533a-8f5f-a9226e3d60d1,26,2,aston-villa,492c6463-bf4e-50f7-a6c1-23e8693ceea0,Amadou Onana,MID,LDM,1,74.0,0.7597138486005409,70.01722655537172,1.0,LDM,4-2-3-1,1.0,0.24028615139945908,-3.982773444628279,3.982773444628279,OK,4-2-3-1,RDM,RDM,RDM,structural,False,0.0,3.982773444628279
58063874-83a0-58d3-88f4-272c896d19f4,37,11,leeds-united,9066de74-0bf4-5c6d-8a3f-3b977b735a67,Anton Stach,MID,LCM,1,73.0,0.8731308577359801,76.9700392953175,1.0,RCM,3-5-2,1.0,0.1268691422640199,3.9700392953175054,3.9700392953175054,OK,3-5-2,RCM,RCM,RCM,structural,False,0.0,3.9700392953175054
9ee83c24-99b9-5f01-a681-62d4f49c858d,34,5,brentford,3dabd7b1-0f28-5272-86ae-4c5392e1aa45,Sepp van den Berg,DEF,LCB,1,90.0,0.9488997593188112,86.10364601524121,1.0,RCB,4-2-3-1,1.0,0.05110024068118879,-3.8963539847587896,3.8963539847587896,OK,4-2-3-1,RCB,RCB,RCB,structural,False,0.0,3.8963539847587896
dfe891e4-ce71-5e78-94ea-cee9d70885e6,36,2,aston-villa,77f6a9da-b2d4-5034-84c5-2580945368b8,Morgan Rogers,MID,CAM,1,90.0,0.9533431919961648,86.10692601185433,1.0,CAM,4-2-3-1,1.0,0.046656808003835204,-3.893073988145673,3.893073988145673,OK,4-2-3-1,LAM,LAM,LAM,structural,False,0.0,3.893073988145673
e20ba8da-5c02-58df-ad17-3223c3c83acf,28,7,chelsea,5b51fc3a-1f45-56e1-9ecc-0bda87474227,Enzo Fernández,MID,LDM,1,85.0,0.8692938139507401,81.10876767152583,1.0,LAM,4-2-3-1,1.0,0.13070618604925988,-3.891232328474175,3.891232328474175,OK,4-3-3,LCM,LCM,LCM,structural,False,0.0,3.8912323284741746
9bd2ffae-fc89-5d81-90f1-964fb8e98ceb,38,19,west-ham-united,79420363-80f0-5eb5-bef5-e1e31f62877c,Mateus Gonçalo Espanha Fernandes,MID,LCM,1,90.0,0.9422370096802176,86.15717307838918,1.0,LCM,4-4-2,1.0,0.05776299031978238,-3.842826921610822,3.842826921610822,OK,4-2-3-1,LDM,LDM,LDM,structural,False,0.0,3.842826921610822
54675f42-95ba-5491-a3fd-06557d576830,31,12,liverpool,d982f8cc-b7f6-5eef-880a-7588a8d9c761,Alexis Mac Allister,MID,LDM,1,90.0,0.9480611272018388,86.17851541364239,1.0,LDM,4-2-3-1,1.0,0.05193887279816123,-3.821484586357613,3.821484586357613,OK,4-3-1-2,CAM,CAM,LCM,structural,True,0.0,3.821484586357613
09eed520-5d17-51e8-8b91-f6b3a3579507,31,5,brentford,68341849-eb35-5296-a270-848df8393917,Michael Kayode,DEF,RB,1,90.0,0.9576179345475824,86.21095834556186,1.0,RB,4-2-3-1,1.0,0.04238206545241763,-3.7890416544381367,3.7890416544381367,OK,5-3-2,RWB,RWB,RWB,structural,False,0.0,3.7890416544381367
5c73e3e5-e8ce-57af-9da1-880c34ac7495,34,16,nottingham-forest,68e23e27-5010-5c05-a3bd-23e48be32b93,Morgan Gibbs-White,MID,CAM,1,90.0,0.9752789096772628,86.21459540018567,1.0,CAM,4-2-3-1,1.0,0.02472109032273717,-3.785404599814328,3.785404599814328,OK,4-4-2,LW,LW,LW,structural,False,0.0,3.7854045998143278
57b20b8b-c663-5991-a397-771f728fd27c,33,1,arsenal,79caa72c-19b1-5ed2-9eea-49bec88916b3,Eberechi Eze,MID,CAM,1,73.0,0.6663953039574063,69.2262061227407,1.0,CAM,4-2-3-1,1.0,0.3336046960425937,-3.773793877259294,3.773793877259294,OK,4-3-3,LW,LW,LW,structural,False,0.0,3.773793877259294
fd338246-8ad6-503a-aaa4-7c8328aae763,31,18,tottenham-hotspur,4aecc997-ca9d-57ec-a854-3151849bde99,Mathys Tel,MID,LAM,1,66.0,0.7434351658770839,62.24910445138247,0.0,UNKNOWN,UNKNOWN,1.0,0.2565648341229161,-3.7508955486175353,3.7508955486175353,MAP_XI_FALSE_NEGATIVE,4-4-2,LW,LW,LW,structural,False,0.0,3.750895548617528
006f69f1-9b0e-551d-bed7-448d3b640101,22,14,manchester-united,fba35e22-cb10-554f-ad2e-e62d2b5a5da8,Patrick Dorgu,DEF,LWB,1,90.0,0.9556889607392616,86.39089564452769,1.0,LWB,3-4-2-1,1.0,0.04431103926073843,-3.609104355472312,3.609104355472312,OK,4-2-3-1,LAM,LAM,LDM,structural,True,0.0,3.6091043554723115
5c73e3e5-e8ce-57af-9da1-880c34ac7495,34,16,nottingham-forest,6c75a09d-abcd-5e49-80c0-b7bb0873304d,Jair Paula da Cunha Filho,DEF,RCB,1,49.0,0.4956877903684767,52.571128281386,0.0,UNKNOWN,UNKNOWN,1.0,0.5043122096315233,3.5711282813859957,3.5711282813859957,MAP_XI_FALSE_NEGATIVE,4-4-2,LCB,LCB,LB,structural,True,0.0,3.5711282813860024
3670426a-a771-510e-9762-2f3db0f13f12,27,2,aston-villa,492c6463-bf4e-50f7-a6c1-23e8693ceea0,Amadou Onana,MID,LDM,1,60.0,0.8300120290635797,63.408863816388376,1.0,RDM,4-2-3-1,1.0,0.16998797093642026,3.408863816388376,3.408863816388376,OK,4-2-3-1,RDM,RDM,RDM,structural,False,0.0,3.4088638163883758
765085cb-7964-5516-8303-f380c3d19685,27,17,sunderland,627a9a22-f6d8-553e-9594-316391089ebc,Habib Diarra,MID,CAM,1,70.0,0.6983045580017047,66.64198268645445,0.0,UNKNOWN,UNKNOWN,1.0,0.30169544199829534,-3.3580173135455453,3.3580173135455453,MAP_XI_FALSE_NEGATIVE,4-1-4-1,RCM,RCM,RCM,structural,False,0.0,3.3580173135455453
cd31646e-3d5b-5b6b-97a2-0f706664986c,35,3,burnley,62a712a2-a9c6-5298-94c6-5bdfca8f45ab,Quilindschy Hartman,DEF,LB,1,64.0,0.7484036664513322,67.35648842231336,1.0,LWB,3-4-2-1,1.0,0.25159633354866784,3.3564884223133618,3.3564884223133618,OK,5-4-1,LWB,LWB,LCB,structural,True,0.0,3.3564884223133618
1e0e866b-bb70-545e-b6dc-8a8424b208c6,23,12,liverpool,3662a836-64ae-524d-ac5d-6c64245981a2,Cody Gakpo,MID,LAM,1,73.0,0.8662454905658726,69.7116653337287,1.0,LAM,4-2-3-1,1.0,0.13375450943412737,-3.2883346662712967,3.2883346662712967,OK,4-2-2-2,ST,ST,ST,structural,False,0.0,3.2883346662712967
de9a09f3-6021-5322-bb75-a6a0dc72d91d,22,17,sunderland,2e06beff-d060-52c5-b090-ef85e142bc03,Trai Hume,DEF,RB,1,90.0,0.9524798675393008,86.75515356895671,1.0,RB,4-2-3-1,1.0,0.047520132460699194,-3.2448464310432854,3.2448464310432854,OK,4-2-3-1,RAM,RAM,RAM,structural,False,0.0,3.2448464310432854
31402e57-7c34-5b2c-8688-d29a2831522e,37,16,nottingham-forest,89ca84c0-8f48-5f1a-913d-799d45f1691e,Elliot Anderson,MID,LDM,1,90.0,0.9406137478447234,86.78944114628169,1.0,LDM,4-2-3-1,1.0,0.0593862521552766,-3.210558853718311,3.210558853718311,OK,4-4-2,LCM,LCM,RCM,structural,True,0.0,3.210558853718311
87451d9e-587c-5a4c-96ac-324aa773296b,25,17,sunderland,e5098785-f2ed-5b29-af5e-f569a62ab2c0,Noah Sadiki,MID,LCM,1,70.0,0.8101464055168179,73.03030380538817,1.0,LCM,4-4-2,1.0,0.18985359448318206,3.030303805388172,3.030303805388172,OK,4-2-3-1,RDM,RDM,LAM,structural,True,0.0,3.030303805388172
9403bea8-f4be-5480-8cc6-7a1e94097a3f,23,18,tottenham-hotspur,2eec990a-7277-5fb6-b8c8-10423fefbb47,Djed Spence,DEF,LB,1,90.0,0.9368851222380614,87.0008022592687,1.0,LB,4-2-3-1,1.0,0.06311487776193858,-2.9991977407313044,2.9991977407313044,OK,3-4-2-1,LWB,LWB,LCM,structural,True,0.0,2.9991977407313044
c7bf9b15-363a-5871-9b7f-a786725d7ed3,25,6,brighton-hove-albion,2158389c-94df-554d-8089-885e17fa9cbe,Carlos Baleba,MID,RDM,1,70.0,0.7945912642633876,72.99004471885128,1.0,RDM,4-2-3-1,1.0,0.20540873573661245,2.99004471885128,2.99004471885128,OK,4-2-3-1,LDM,LDM,LDM,structural,False,0.0,2.99004471885128
de9a09f3-6021-5322-bb75-a6a0dc72d91d,22,17,sunderland,53bfdbe9-b833-5ee6-b24f-4b838a2a0fa6,Nordi Mukiele,DEF,RCB,1,90.0,0.96758449119623,87.09413489231319,1.0,RCB,4-2-3-1,1.0,0.03241550880376998,-2.9058651076868074,2.9058651076868074,OK,4-2-3-1,RB,RB,RB,structural,False,0.0,2.9058651076868074
08ddad76-4191-5baa-9d72-080d772df8a4,37,2,aston-villa,cb53d8d9-b190-5b1f-adab-60f5562d5d10,Victor Lindelöf,DEF,LCB,1,45.0,0.6275453617701726,47.86128315325578,0.0,UNKNOWN,UNKNOWN,1.0,0.3724546382298274,2.8612831532557834,2.8612831532557834,MAP_XI_FALSE_NEGATIVE,4-2-3-1,RDM,RDM,RDM,structural,False,0.0,2.8612831532557834
7018cf67-a775-5040-9faf-510b2df80879,35,13,manchester-city,70198e6a-5cf9-5344-a2c0-f1b71dfeeb5f,Bernardo Veiga de Carvalho e Silva,MID,CAM,1,86.0,0.8941584236030802,83.18258835101143,1.0,RDM,4-2-3-1,1.0,0.10584157639691982,-2.817411648988568,2.817411648988568,OK,4-2-3-1,LDM,LDM,LDM,structural,False,0.0,2.8174116489885677
6f555168-6fa4-5bdb-ad1e-d646c8e0f78a,24,5,brentford,e5d36ad0-dba5-56c7-a5d2-b091b2fa1b0d,Mathias Jensen,MID,RAM,1,75.0,0.8450739860690663,77.81200368657643,0.0,UNKNOWN,UNKNOWN,1.0,0.15492601393093375,2.812003686576432,2.812003686576432,MAP_XI_FALSE_NEGATIVE,4-2-3-1,CAM,CAM,RDM,structural,True,0.0,2.812003686576432
006f69f1-9b0e-551d-bed7-448d3b640101,22,13,manchester-city,70198e6a-5cf9-5344-a2c0-f1b71dfeeb5f,Bernardo Veiga de Carvalho e Silva,MID,RCM,1,79.0,0.87485408326561,81.79931121966048,1.0,RW,4-3-3,1.0,0.12514591673439002,2.799311219660481,2.799311219660481,OK,4-1-4-1,LCM,LCM,LCM,structural,False,0.0,2.7993112196604812
97b2d8d5-ad23-581e-a7ba-80ed12ecc351,23,9,everton,36a20aea-e0e7-507c-ab6e-6740c5c56568,Jake O'Brien,DEF,RB,1,90.0,0.9347251180966152,87.20294896802216,1.0,RB,4-2-3-1,1.0,0.06527488190338482,-2.797051031977844,2.797051031977844,OK,4-2-3-1,LCB,LCB,RCB,structural,True,0.0,2.797051031977844
35e69758-b8a6-5f8b-9c26-dc2813d81978,34,8,crystal-palace,e0417b35-b1b1-5957-8ee5-7996c5db5cb0,Brennan Johnson,MID,RAM,1,58.0,0.6438029042264873,55.28452151233922,0.0,UNKNOWN,UNKNOWN,1.0,0.35619709577351266,-2.715478487660782,2.715478487660782,MAP_XI_FALSE_NEGATIVE,3-4-2-1,LAM,LAM,ST,structural,True,0.0,2.715478487660782
ebb30294-ec65-5a92-a141-2fa11e9b549c,30,19,west-ham-united,4e68227a-9577-5c26-99fa-8a519b052582,Jarrod Bowen,FWD,RW,1,90.0,0.967822379400186,87.29524630355827,1.0,RW,4-4-2,1.0,0.032177620599813994,-2.704753696441728,2.704753696441728,OK,3-4-2-1,RAM,RAM,LAM,structural,True,0.0,2.7047536964417276
b5ed6c3e-25b0-50e3-8e36-86250fd00a0b,30,3,burnley,fada1568-55fd-5aec-8b69-9db9bcbee6ae,Lyle Foster,FWD,ST,1,65.0,0.6882147027598551,67.57591795883577,0.0,UNKNOWN,UNKNOWN,1.0,0.3117852972401449,2.575917958835774,2.575917958835774,MAP_XI_FALSE_NEGATIVE,4-2-3-1,RAM,RAM,RAM,structural,False,0.0,2.575917958835774
800418ef-112a-5f8a-9aae-e47025aa529d,25,3,burnley,c59d2c13-36a9-56b4-b9fc-1462e5df19fc,Florentino Ibrain Morris Luís,MID,LCM,1,45.0,0.6872309481346239,47.55760268971671,1.0,LCM,3-4-2-1,1.0,0.31276905186537607,2.5576026897167097,2.5576026897167097,OK,4-5-1,CM,CM,CM,structural,False,0.0,2.5576026897167097
01b894d5-057a-530b-917f-9397231a3249,22,6,brighton-hove-albion,b0761079-7e99-5095-aa38-877404766193,Jack Hinshelwood,MID,LDM,1,65.0,0.7236073160655593,67.48846587089474,0.0,UNKNOWN,UNKNOWN,1.0,0.2763926839344407,2.4884658708947427,2.4884658708947427,MAP_XI_FALSE_NEGATIVE,4-2-3-1,RDM,RDM,LDM,structural,True,0.0,2.4884658708947427
8dde84af-e5b8-502a-977d-f16249e0c5a0,26,1,arsenal,0f08cbfd-21a3-57ae-9b9f-8692d62a6a24,Leandro Trossard,MID,LW,1,80.0,0.8444941777406612,77.52565823223334,1.0,LW,4-3-3,1.0,0.15550582225933884,-2.47434176776666,2.47434176776666,OK,4-2-3-1,LAM,LAM,LAM,structural,False,0.0,2.47434176776666
6c5986e0-8dbe-5289-99bb-f5fdd49bf3bf,28,4,afc-bournemouth,c0582007-f657-5440-9f24-83c1666418bb,Junior Kroupi,FWD,CAM,1,80.0,0.8487551624754507,77.5441020634633,1.0,CAM,4-2-3-1,1.0,0.1512448375245493,-2.455897936536701,2.455897936536701,OK,4-2-3-1,ST,ST,ST,structural,False,0.0,2.455897936536701
498f1104-1511-5cef-8345-ce9c66768ec7,37,13,manchester-city,dfca7131-f158-5eea-ba5e-b71b5a3655b2,Jérémy Doku,MID,LAM,1,75.0,0.7535907904474801,72.72867939101718,1.0,LAM,4-2-3-1,1.0,0.24640920955251988,-2.271320608982819,2.271320608982819,OK,4-1-4-1,LW,LW,LW,structural,False,0.0,2.271320608982819
7c7ef9d4-1e3b-5684-8a5f-8f641b36aa9d,24,14,manchester-united,e037fafa-e08a-50a4-8014-a43e6c2d13a4,Carlos Henrique Casimiro,MID,RCM,1,74.0,0.8037093136911155,71.79752792210066,1.0,RCM,3-4-2-1,1.0,0.19629068630888447,-2.202472077899344,2.202472077899344,OK,4-2-3-1,RDM,RDM,RDM,structural,False,0.0,2.202472077899344
081f5491-2f1e-5422-bb74-cd9ec55d87c9,26,10,fulham,f0504a37-2a31-5f04-8704-2c307c2384cd,Sander Berge,MID,LDM,1,80.0,0.8871994930001548,82.15886916366878,1.0,LDM,4-2-3-1,1.0,0.11280050699984523,2.1588691636687827,2.1588691636687827,OK,4-2-3-1,RDM,RDM,RDM,structural,False,0.0,2.1588691636687827
0a9d6243-8e34-53a1-aac3-295adbb204df,29,1,arsenal,4a30d43b-d2c4-514a-8544-4ba07f51e68a,Gabriel Martinelli Silva,MID,LW,1,59.0,0.5831019621293366,61.038525190864334,0.0,UNKNOWN,UNKNOWN,1.0,0.4168980378706634,2.038525190864334,2.038525190864334,MAP_XI_FALSE_NEGATIVE,4-2-3-1,LAM,LAM,LAM,structural,False,0.0,2.038525190864334
52ecb34c-b2fd-592c-b014-dc770fdef03b,29,10,fulham,f0504a37-2a31-5f04-8704-2c307c2384cd,Sander Berge,MID,LDM,1,81.0,0.9006734218624678,83.02352494407775,1.0,LDM,4-2-3-1,1.0,0.0993265781375322,2.0235249440777494,2.0235249440777494,OK,4-2-3-1,RDM,RDM,RDM,structural,False,0.0,2.0235249440777494
e20ba8da-5c02-58df-ad17-3223c3c83acf,28,1,arsenal,0f08cbfd-21a3-57ae-9b9f-8692d62a6a24,Leandro Trossard,MID,LW,1,55.0,0.6143684687319021,52.994458084321366,1.0,LW,4-3-3,1.0,0.3856315312680979,-2.0055419156786343,2.0055419156786343,OK,4-2-3-1,LAM,LAM,LDM,structural,True,0.0,2.0055419156786343
0a9d6243-8e34-53a1-aac3-295adbb204df,29,6,brighton-hove-albion,bec3b39e-5fff-5ae4-a7ba-ba525d5b3911,Diego Gómez,MID,RW,1,76.0,0.9148170137612864,77.9748730925398,1.0,CAM,4-2-3-1,1.0,0.08518298623871357,1.974873092539795,1.974873092539795,OK,4-2-3-1,RAM,RAM,RAM,structural,False,0.0,1.974873092539795
03ba7107-f9dd-5a5e-8bcd-9aa4919ff36d,22,9,everton,36a20aea-e0e7-507c-ab6e-6740c5c56568,Jake O'Brien,DEF,RB,1,90.0,0.955208810502318,88.04724303007764,1.0,RB,4-2-3-1,1.0,0.044791189497682016,-1.952756969922362,1.952756969922362,OK,4-2-3-1,LCB,LCB,LCB,structural,False,0.0,1.952756969922362
6087d963-451a-5a7b-b016-d3853de520ea,22,10,fulham,7f48ec5f-f934-516a-9c1f-84d42bd974ff,Emile Smith Rowe,MID,CAM,1,76.0,0.8785000400395466,74.07901450052523,1.0,CAM,4-2-3-1,1.0,0.12149995996045337,-1.9209854994747677,1.9209854994747677,OK,4-2-3-1,LAM,LAM,LDM,structural,True,0.0,1.9209854994747673
0e68800a-19f1-5423-a940-7747c367f85b,27,15,newcastle-united,fa7d8081-617d-5e86-a227-d01a088e1f55,Joe Willock,MID,RCM,1,59.0,0.674044062129504,57.12580133904959,0.0,UNKNOWN,UNKNOWN,1.0,0.32595593787049604,-1.8741986609504124,1.8741986609504124,MAP_XI_FALSE_NEGATIVE,4-3-3,LW,LW,ST,structural,True,0.0,1.8741986609504124
0cd96418-d40d-591e-8b10-b423d657377d,33,3,burnley,f01a999e-cac7-5aa8-a867-4257d2382021,Jaidon Anthony,MID,LAM,1,86.0,0.9238606397000928,84.19690439537405,1.0,LAM,3-4-2-1,1.0,0.0761393602999072,-1.803095604625952,1.803095604625952,OK,5-4-1,LW,LW,LW,structural,False,0.0,1.8030956046259519
800418ef-112a-5f8a-9aae-e47025aa529d,25,3,burnley,f01a999e-cac7-5aa8-a867-4257d2382021,Jaidon Anthony,MID,LAM,1,65.0,0.7883837630052076,66.80112789532792,1.0,LAM,3-4-2-1,1.0,0.21161623699479237,1.801127895327923,1.801127895327923,OK,4-5-1,LW,LW,LW,structural,False,0.0,1.801127895327923
0e68800a-19f1-5423-a940-7747c367f85b,27,13,manchester-city,66ce5aaa-c0e9-5462-8a78-fae312616872,Antoine Semenyo,MID,ST,1,86.0,0.9354422209362956,84.2238204721694,1.0,RW,4-4-2,1.0,0.06455777906370441,-1.7761795278306067,1.7761795278306067,OK,4-1-3-2,RAM,RAM,RAM,structural,False,0.0,1.7761795278306067
10d060ee-1672-5636-98a1-8b9e8f3f850d,29,11,leeds-united,e5ce8638-ef71-56e5-ae05-c0e425118aa3,James Justin,DEF,RCB,1,73.0,0.8486431053294166,74.45347821948813,1.0,RCB,3-5-2,1.0,0.15135689467058344,1.453478219488133,1.453478219488133,OK,4-5-1,RB,RB,RB,structural,False,0.0,1.453478219488133
1ce6ee26-3057-5ae0-a140-416d1bd98ae2,35,8,crystal-palace,1e4afd94-5426-54f5-893e-eea93b538667,Yéremy Pino Santos,MID,LAM,1,45.0,0.5939540600779869,43.55978110145483,1.0,LAM,3-4-2-1,1.0,0.4060459399220131,-1.4402188985451687,1.4402188985451687,OK,3-4-3,LW,LW,LW,structural,False,0.0,1.4402188985451687
e20ba8da-5c02-58df-ad17-3223c3c83acf,28,1,arsenal,a8d1cfeb-4f1e-53fc-a90a-4610ccf746c6,Declan Rice,MID,LCM,1,75.0,0.8457316774674973,76.42615935822565,1.0,LCM,4-3-3,1.0,0.15426832253250267,1.4261593582256469,1.4261593582256469,OK,4-2-3-1,LDM,LDM,RDM,structural,True,0.0,1.4261593582256467
82942d44-0127-5fda-9351-a16d844fb795,35,18,tottenham-hotspur,27ff0ef1-a31f-5e26-bb7d-035a4248bad2,Rodrigo Bentancur,MID,RDM,1,66.0,0.7343172926291628,64.60428814091009,0.0,UNKNOWN,UNKNOWN,1.0,0.2656827073708372,-1.3957118590899142,1.3957118590899142,MAP_XI_FALSE_NEGATIVE,4-2-3-1,LDM,LDM,LDM,structural,False,0.0,1.3957118590899142
6087d963-451a-5a7b-b016-d3853de520ea,22,10,fulham,6cfbd227-d6d0-525d-810f-a1e929d406bf,Harry Wilson,MID,RAM,1,87.0,0.9561345467964044,85.62513134739714,1.0,RAM,4-2-3-1,1.0,0.043865453203595584,-1.3748686526028564,1.3748686526028564,OK,4-2-3-1,CAM,CAM,LAM,structural,True,0.0,1.3748686526028564
318ad40d-b456-558d-bca7-c9fa1aed3f94,29,16,nottingham-forest,68e23e27-5010-5c05-a3bd-23e48be32b93,Morgan Gibbs-White,MID,CAM,1,89.0,0.9578589949685474,87.73235585776513,1.0,CAM,4-2-3-1,1.0,0.04214100503145257,-1.2676441422348717,1.2676441422348717,OK,5-3-2,ST,ST,ST,structural,False,0.0,1.2676441422348717
c6221f70-6420-50cb-a8d9-aba5294bf856,22,3,burnley,208bc81b-07bb-5202-9b86-f6535ba1a7a7,Maxime Esteve,DEF,LCB,1,73.0,0.8333151064228231,74.23665092345153,1.0,LCB,3-4-3,1.0,0.16668489357717686,1.2366509234515348,1.2366509234515348,OK,3-4-2-1,CB,CB,CB,structural,False,0.0,1.2366509234515348
506fe9f4-c4a7-57b8-9b66-23314b429f92,24,3,burnley,f01a999e-cac7-5aa8-a867-4257d2382021,Jaidon Anthony,MID,LW,1,79.0,0.8706541124023601,80.21467805108627,1.0,LAM,3-4-2-1,1.0,0.12934588759763987,1.214678051086267,1.214678051086267,OK,3-4-2-1,LAM,LAM,ST,structural,True,0.0,1.214678051086267
8b19f294-8fed-5a60-8498-f5c9c1b8d138,24,12,liverpool,e1be452d-eabb-5030-8f89-d3b48d85fedb,Florian Wirtz,MID,LAM,1,86.0,0.9388024152083188,84.89128086495477,1.0,CAM,4-2-3-1,1.0,0.06119758479168125,-1.1087191350452343,1.1087191350452343,OK,4-2-3-1,CAM,CAM,CAM,structural,False,0.0,1.1087191350452343
bd6a2d47-5dc1-5837-8700-c916a4a9191c,33,11,leeds-united,c550c5c9-6be9-5d60-a724-ed8b1d333548,Brenden Aaronson,MID,LW,1,77.0,0.906021527511418,75.97670703477633,0.0,UNKNOWN,UNKNOWN,1.0,0.09397847248858204,-1.0232929652236749,1.0232929652236749,MAP_XI_FALSE_NEGATIVE,3-4-2-1,RAM,RAM,RAM,structural,False,0.0,1.0232929652236749
e20ba8da-5c02-58df-ad17-3223c3c83acf,28,7,chelsea,762fd3f4-3f85-52c7-b5be-8c0c563cf25f,Andrey Nascimento dos Santos,MID,LDM,1,74.0,0.8202046520505346,74.98160623249504,1.0,LDM,4-2-3-1,1.0,0.1797953479494654,0.9816062324950394,0.9816062324950394,OK,4-3-3,CM,CM,CM,structural,False,0.0,0.9816062324950394
8a8173fc-ec21-5f23-879c-3fb3c88918a2,27,3,burnley,956e0ed0-2170-56bf-913d-61d007270278,Bashir Humphreys,DEF,LCB,1,82.0,0.8659452171454465,81.02060954401594,1.0,LCB,3-4-2-1,1.0,0.13405478285455352,-0.9793904559840598,0.9793904559840598,OK,3-4-2-1,LWB,LWB,LCM,structural,True,0.0,0.9793904559840598
457d30c3-d5ec-5fbc-9e3e-b071192ded0c,30,1,arsenal,7844404e-dd2c-5f68-9390-675ab60be346,Martín Zubimendi Ibáñez,MID,CM,1,73.0,0.8355477877259765,73.88608094604876,1.0,RDM,4-2-3-1,1.0,0.1644522122740235,0.8860809460487644,0.8860809460487644,OK,4-2-3-1,RDM,RDM,RDM,structural,False,0.0,0.8860809460487644
5556a528-cdc7-5a14-8fd1-7f9b7820b711,32,3,burnley,956e0ed0-2170-56bf-913d-61d007270278,Bashir Humphreys,DEF,RCB,1,81.0,0.8563332380704328,80.16551117947783,1.0,RCB,3-4-2-1,1.0,0.14366676192956718,-0.8344888205221679,0.8344888205221679,OK,4-2-3-1,RB,RB,RB,structural,False,0.0,0.8344888205221679
cf2cfda2-d007-5839-984a-e3c0650fa9de,23,8,crystal-palace,e0417b35-b1b1-5957-8ee5-7996c5db5cb0,Brennan Johnson,MID,RAM,1,75.0,0.82916096165612,75.77731167359327,1.0,RAM,3-4-2-1,1.0,0.17083903834388003,0.7773116735932746,0.7773116735932746,OK,3-4-2-1,LAM,LAM,LAM,structural,False,0.0,0.7773116735932746
4e015d43-2cac-545a-a1a7-9b7b76e0b778,22,20,wolverhampton-wanderers,e2213bab-7401-5edc-9994-4eb0772f48ef,João Victor Gomes da Silva,MID,LCM,1,70.0,0.8106555196691166,70.66159606429689,1.0,LCM,3-5-2,1.0,0.18934448033088336,0.6615960642968872,0.6615960642968872,OK,3-5-2,RCM,RCM,RCM,structural,False,0.0,0.6615960642968872
0b043207-694b-5497-889e-86b53e170e1a,38,9,everton,1993b39f-9a1a-5805-bce4-6ff7cb40ebde,Kiernan Dewsbury-Hall,MID,CAM,1,83.0,0.9173456236318972,83.55304002900668,1.0,CAM,4-2-3-1,1.0,0.0826543763681028,0.5530400290066808,0.5530400290066808,OK,4-2-3-1,LAM,LAM,LAM,structural,False,0.0,0.5530400290066808
8a8173fc-ec21-5f23-879c-3fb3c88918a2,27,7,chelsea,481b07c4-b805-52cf-a0ee-593af134790d,Cole Palmer,MID,CAM,1,74.0,0.8336721868737186,73.46195364800882,1.0,CAM,4-2-3-1,1.0,0.16632781312628142,-0.5380463519911842,0.5380463519911842,OK,4-2-3-1,RAM,RAM,CAM,structural,True,0.0,0.5380463519911842
7313aaff-81b0-56c8-87cc-36234384a14a,31,15,newcastle-united,d7693e44-9092-592e-b518-8da97eaf9fdf,Harvey Barnes,MID,LW,1,75.0,0.8419804336202389,75.43798969528162,1.0,LW,4-4-2,1.0,0.1580195663797611,0.4379896952816153,0.4379896952816153,OK,4-2-3-1,LAM,LAM,LAM,structural,False,0.0,0.43798969528161535
31ef1d95-b095-52ae-918e-26ed91e99a77,29,7,chelsea,5b51fc3a-1f45-56e1-9ecc-0bda87474227,Enzo Fernández,MID,LDM,1,78.0,0.8798152548127692,78.3290544971273,1.0,LDM,4-2-3-1,1.0,0.12018474518723077,0.3290544971273021,0.3290544971273021,OK,4-3-3,LCM,LCM,LCM,structural,False,0.0,0.32905449712730217
94338b30-8c36-517f-8821-7e38666f86c7,27,14,manchester-united,be977983-b55e-52b9-96d5-b98b8b42edbb,Bryan Mbeumo,MID,RAM,1,77.0,0.8557632279918035,76.70779183925093,0.0,UNKNOWN,UNKNOWN,1.0,0.1442367720081965,-0.2922081607490696,0.2922081607490696,MAP_XI_FALSE_NEGATIVE,4-2-3-1,ST,ST,ST,structural,False,0.0,0.29220816074906963
