team,player_uuid,player,pos,expected_role,rows,base_mae,relative_rating_mae,delta_mae,delta_start_mae,avg_pstart_shift,max_abs_pstart_shift,helped_rows,hurt_rows
tottenham-hotspur,227cf32e-d062-5df9-8908-cb5491836ff8,Antonín Kinsky,GK,GK,6,19.119373458707628,14.306270980336436,-4.813102478371191,-0.05379033879344116,0.05379033879344116,0.10302240184527922,5,1
leeds-united,d921acea-ffba-515b-a957-12586c43f133,Karl Darlow,GK,GK,17,17.74748418391684,14.580447619289684,-3.167036564627155,-0.03534287178915365,0.03534287178915365,0.08668862000525801,16,1
aston-villa,75f6d292-641f-53ef-a822-a86d1d9c8086,Douglas Luiz Soares de Paulo,MID,RDM,2,20.56339654896469,17.665017530242192,-2.8983790187224976,-0.03717210074489902,0.03717210074489902,0.03818908444986446,2,0
west-ham-united,82a85fe5-3695-5749-b382-fb39650267e9,Mads Hermansen,GK,GK,17,17.315600206554194,15.12863855082132,-2.186961655732878,-0.024417496254851546,0.024889106018528503,0.07981027073630831,13,3
tottenham-hotspur,d64982ba-72ef-52d6-b8fe-3706499963ab,Conor Gallagher,MID,RDM,1,7.233690718952502,5.438062324748458,-1.7956283942040443,-0.023049277973235305,0.023049277973235305,0.023049277973235305,1,0
chelsea,412fc00b-6fb5-5606-bb30-04e075a83220,Robert Sánchez,GK,GK,17,23.22817207729871,21.45946306858269,-1.768709008716019,-0.022728988907099467,0.030427682822074774,0.0765765384549783,14,3
wolverhampton-wanderers,698f23fd-0fa1-5358-8bd3-2b8aef91e946,José Malheiro de Sá,GK,GK,17,26.922562863360074,25.225339547372442,-1.6972233159876344,-0.018935815981910936,0.03545782739757081,0.0828192879095398,13,4
brighton-hove-albion,a5750705-f098-5007-84b9-214a2063f4c8,James Milner,MID,CM,1,19.793409915210134,18.121086299105244,-1.6723236161048902,-0.02872177325371661,0.02872177325371661,0.02872177325371661,1,0
afc-bournemouth,0f8b78a8-3315-50f5-8b1d-435ce1fc41ac,Tyler Adams,MID,LDM,2,20.367808593483502,18.727554801254026,-1.6402537922294762,-0.025550659068986237,0.025550659068986237,0.03084131001350565,2,0
newcastle-united,00be15e9-135e-5a79-956f-cd70f121b4b0,Nick Pope,GK,GK,17,20.163981518043695,18.52903443266495,-1.6349470853787413,-0.018237831689663957,0.021088491877895382,0.05289523728570611,15,2
manchester-city,67859d1e-575f-5ae4-aa8d-8f36bd11696e,Gianluigi Donnarumma,GK,GK,17,14.502139936536528,12.93589263249666,-1.5662473040398677,-0.018522201669299097,0.02049337753897602,0.0536612562671952,16,1
leeds-united,8e67ff00-ad19-5384-8c44-acf0faf97249,Noah Okafor,MID,LAM,1,24.057948216173834,22.500131316126478,-1.5578169000473565,-0.02833457775041126,0.02833457775041126,0.02833457775041126,1,0
aston-villa,db76d454-818a-5043-8d04-22e24f696027,Emiliano Martínez Romero,GK,GK,17,23.63050620676803,22.079279170991942,-1.5512270357760873,-0.019053476838842377,0.026013702461673636,0.0713575864624239,15,2
everton,513a08ed-3905-5e99-98a3-849492c9d389,Dwight McNeil,MID,LAM,1,19.06056008421814,17.61730989922323,-1.443250184994909,-0.018209720409500196,0.018209720409500196,0.018209720409500196,1,0
sunderland,627a9a22-f6d8-553e-9594-316391089ebc,Habib Diarra,MID,RW,1,27.427221785650033,26.016809517067983,-1.41041226858205,-0.021992923512996754,0.021992923512996754,0.021992923512996754,1,0
manchester-united,63a30902-aa79-59d2-bbc6-903ff41e54dc,Senne Lammens,GK,GK,17,7.535867501607233,6.19602088097832,-1.339846620628912,-0.014946728890333353,0.014946728890333353,0.023140496849625936,17,0
arsenal,70c234df-f148-59b3-b1f9-6d390e9cf562,Noni Madueke,MID,RAM,1,24.519969149382547,23.20131437159784,-1.3186547777847082,-0.02607365324903277,0.026073653249032824,0.026073653249032824,1,0
brighton-hove-albion,9720eb96-9da3-5717-9ed4-45874361e243,Bart Verbruggen,GK,GK,17,7.02843813494479,5.717743955740946,-1.310694179203844,-0.01558210817464296,0.01558210817464296,0.03108023369603352,17,0
brentford,3cfeb2a8-cad5-5980-9946-aecc5eb2b011,Caoimhin Kelleher,GK,GK,17,13.632894745160769,12.357072400858376,-1.2758223443023926,-0.014499897152101864,0.016020282892510805,0.06465370550070004,16,1
nottingham-forest,5dfbea2f-beb3-54f9-ad39-1f8f81f8a323,Matz Sels,GK,GK,17,17.53308025464958,16.27246558225917,-1.260614672390414,-0.012842584231674786,0.03340066288190386,0.09020984254691489,13,4
crystal-palace,4e7d3349-c869-51f6-a9f2-e86405e21be5,Dean Henderson,GK,GK,17,12.911890216870574,11.688946783163745,-1.2229434337068303,-0.013898785244311337,0.015160916655318425,0.04729204078759608,16,1
fulham,83056bd2-b742-5b28-b32d-8ba4a3902c61,Bernd Leno,GK,GK,17,6.632792142515586,5.482702589759127,-1.1500895527564594,-0.013749983917114416,0.013749983917114416,0.023890490371326734,17,0
everton,57881605-ab70-5c0d-865f-433201de3f6f,Jordan Pickford,GK,GK,17,6.319987479320384,5.1764411198754265,-1.1435463594449577,-0.013635224378746503,0.013635224378746503,0.02297841920222754,17,0
sunderland,eeb782c9-d515-562b-b132-d07e7ac988fa,Chris Rigg,MID,RW,3,20.963996612190012,19.84820596456367,-1.1157906476263406,-0.013490087974654638,0.013490087974654638,0.018243806399124596,3,0
arsenal,9ac55e79-9cb2-5ac5-ae8c-6a2ebd620277,David Raya Martin,GK,GK,17,12.483155126177373,11.379887070378228,-1.103268055799145,-0.013050481944961598,0.014384107387435726,0.026650991217321063,16,1
afc-bournemouth,aec63649-ffe1-5e88-829b-d1e462e7e679,Đorđe Petrović,GK,GK,17,5.957232783993447,4.885356686187583,-1.0718760978058646,-0.012757996379045903,0.012757996379045903,0.020691170087701716,17,0
brentford,c5c12262-4fce-5d62-89d5-5e4ae2679565,Keane Lewis-Potter,DEF,LB,6,10.792418169406398,9.724236200616843,-1.068181968789555,-0.01328714475726367,0.01328714475726367,0.020868291393985383,6,0
afc-bournemouth,e51ce209-cf65-5a91-b162-98b8d46e6d71,Amine Adli,MID,RAM,2,46.97221228273278,45.93731480998151,-1.0348974727512683,-0.01358796532529194,0.013587965325291995,0.03916830806803229,1,1
newcastle-united,ef597ccf-9296-5f73-a908-245e5d67b0ef,Aaron Ramsdale,GK,GK,17,22.454163544961187,21.44521254255979,-1.0089510024013975,-0.01135166046778226,0.01698001806450125,0.07521941907231322,9,5
manchester-united,85474434-c2d2-5904-bdbc-d8e7b1e46db0,Harry Maguire,DEF,CB,2,56.42029316032736,55.415797240345476,-1.0044959199818884,-0.011141023287213947,0.01114102328721396,0.023424435940910926,1,1
manchester-city,66ce5aaa-c0e9-5462-8a78-fae312616872,Antoine Semenyo,MID,RW,4,15.699970463276557,14.855662101439826,-0.8443083618367311,-0.009448091680799797,0.009448091680799797,0.013956043642390226,4,0
leeds-united,a8678248-1555-5a99-8bcd-6ec2a944ea53,Sebastiaan Bornauw,DEF,LCB,1,66.94016787293057,66.09964769700524,-0.8405201759253345,-0.010648758451345497,-0.010648758451345497,0.010648758451345497,1,0
sunderland,a213c4ca-4778-5981-91eb-7708f7294de0,Nilson Angulo,MID,LAM,4,29.62870536126197,28.845981548048904,-0.7827238132130709,-0.012072069745215283,0.011019514794109564,0.04893455161103155,3,1
burnley,145d420f-bb1d-5646-81b9-1baf31260fb4,Marcus Edwards,MID,RW,1,19.27536293352648,18.49395699341251,-0.7814059401139701,-0.011382143436633019,0.011382143436633019,0.011382143436633019,1,0
wolverhampton-wanderers,ebd46261-67a5-56cc-9b55-02bde7f16bba,Jean-Ricner Bellegarde,MID,RCM,1,12.229353998758526,11.494053915721793,-0.7353000830367336,-0.00987171392678221,0.00987171392678221,0.00987171392678221,1,0
sunderland,17b0293a-a54d-554b-bdba-368217c87ad9,Robin Roefs,GK,GK,17,17.113404249467003,16.386424660726266,-0.7269795887407385,-0.008342101441202964,0.026135577086265432,0.08319592268071851,14,3
tottenham-hotspur,3a736c36-502e-5f12-a3a0-3a915cdfdf76,Randal Kolo Muani,FWD,RAM,2,24.216035048022373,23.508690319856637,-0.7073447281657366,-0.0021632220910268174,-0.011320416426248259,0.013483638517275076,2,0
brentford,e5d36ad0-dba5-56c7-a5d2-b091b2fa1b0d,Mathias Jensen,MID,RAM,1,2.812003686576432,2.2102067914967023,-0.6017968950797297,0.007787997316185846,-0.007787997316185846,0.007787997316185846,1,0
afc-bournemouth,0832a3fd-b90b-54b3-8f2a-3ce07cc7b6bc,Rayan Vitor Simplício Rocha,MID,RAM,13,12.428873879975566,11.8667970075803,-0.5620768723952648,-0.014477410390038794,0.01745879724004607,0.027712994761612042,10,3
arsenal,b565eaae-40d9-5a94-8063-106bd85084b9,Cristhian Mosquera,DEF,RB,1,10.857955274980327,10.296495206350386,-0.5614600686299411,-0.008214144323473782,0.008214144323473782,0.008214144323473782,1,0
afc-bournemouth,4bc72200-ef9d-5946-9969-8e93b001acb1,James Hill,DEF,RCB,17,9.111357295034406,8.551884487122827,-0.559472807911577,-0.0065136378976953955,0.0065136378976953955,0.015377790693194338,16,1
afc-bournemouth,c0582007-f657-5440-9f24-83c1666418bb,Junior Kroupi,FWD,CAM,16,21.468356099701023,20.919757189926234,-0.5485989097747881,-0.012008656490206791,0.018228556758368826,0.038230082141313904,11,5
manchester-united,06edf8b9-4201-50b7-b9f9-2e6a7842f113,Kobbie Mainoo,MID,LDM,16,22.952944810182295,22.41216944408475,-0.5407753660975416,-0.0077253847756247815,0.009392783272269356,0.03303306788283791,12,4
brighton-hove-albion,2158389c-94df-554d-8089-885e17fa9cbe,Carlos Baleba,MID,LDM,1,33.91472230575465,33.37961929689848,-0.5351030088561686,-0.007386510198276741,-0.007386510198276741,0.007386510198276741,1,0
manchester-city,607bc478-1de3-5627-b97c-8cc0c015b3e0,Marc Guéhi,DEF,LCB,15,15.614136912429347,15.10019205729404,-0.5139448551353041,-0.005763627895188043,0.005309676186639889,0.02657502634847675,10,3
leeds-united,3b36fb97-62ec-53b8-882c-bd6a01550f8c,Tanaka Ao,MID,RCM,13,21.63706693580305,21.124184683177337,-0.512882252625712,-0.008561918982832315,0.004527941538953709,0.04459452082557103,11,2
manchester-united,85474434-c2d2-5904-bdbc-d8e7b1e46db0,Harry Maguire,DEF,RCB,10,17.833207840129127,17.336064673294658,-0.49714316683446924,-0.008354518106432429,0.008354518106432429,0.018988079208759334,8,2
afc-bournemouth,5e18290b-6577-5a0a-9541-c1bab3c65004,Adam Smith,DEF,RB,17,29.944862174663285,29.454876059034973,-0.48998611562831457,-0.008662014380404724,-0.007384528000671461,0.03757174821909681,11,6
burnley,7271dade-6e34-5b7d-850a-ff0969f7a26e,Loum Tchaouna,MID,RAM,1,16.007365963048855,15.528326817315879,-0.4790391457329761,-0.006396692420294614,0.006396692420294614,0.006396692420294614,1,0
afc-bournemouth,6caa4dfe-3a1a-5c7f-84ef-7342cdfb5745,Lewis Cook,MID,LDM,17,16.118194839737686,15.664616260870666,-0.4535785788670183,-0.005074464886811901,0.00010138795901417216,0.03778204838843141,15,2
fulham,e2d4248d-32fc-5ca0-8ae6-6abd3c22634e,Timothy Castagne,DEF,RB,15,23.639172241298645,23.191563089997082,-0.4476091513015657,-0.005471696390837942,0.001979043969061243,0.02053447751174453,12,2
crystal-palace,607bc478-1de3-5627-b97c-8cc0c015b3e0,Marc Guéhi,DEF,LCB,1,84.1544524856272,83.72128225013175,-0.43317023549545297,-0.0048242524607944315,-0.0048242524607944315,0.0048242524607944315,1,0
fulham,89e2dbba-92fb-5ebc-867f-5c1a954b2881,Jorge Cuenca Barreno,DEF,LCB,17,20.6316281424679,20.204960289152375,-0.4266678533155232,-0.005604912564144965,-0.00021160011560501587,0.025584581805282225,16,1
fulham,184a3e3b-1fa2-5323-8175-88f9b20eb992,Calvin Bassey,DEF,LCB,17,17.06178087661476,16.640241132541757,-0.4215397440730027,-0.0050018576094592445,0.003282466464599155,0.029697849124507347,12,4
afc-bournemouth,d1024899-f7ef-5fdb-9ad0-62b5c6b72bd5,Veljko Milosavljevic,DEF,RCB,17,6.228494049783752,5.817733509256037,-0.41076054052771355,-0.004653494168595866,-0.004653494168595866,0.008965462022085119,17,0
afc-bournemouth,8ddc00f8-7aec-56e5-a5ba-d916b5ee5129,Marcus Tavernier,MID,LAM,3,10.328960397261204,9.927255521207679,-0.4017048760535242,-0.005125346240452651,0.005125346240452651,0.00662989980607398,3,0
afc-bournemouth,9b794fd2-1f1b-52a8-bb5e-459a0ac2702e,Alex Tóth,MID,CAM,12,12.99613550509577,12.594788611555776,-0.40134689353999514,-0.007715999611023314,-0.00884858663060456,0.01925400309110381,11,1
brentford,9c63b373-5b16-5d1a-8ee1-2b35708a7892,Dango Ouattara,MID,RAM,17,20.842693981628205,20.4492872383038,-0.393406743324408,-0.0048709320852314344,0.009667495598504034,0.041753277311785464,13,4
leeds-united,3b36fb97-62ec-53b8-882c-bd6a01550f8c,Tanaka Ao,MID,LCM,4,27.73825577249955,27.357264356415424,-0.38099141608412523,-0.012218684213840453,0.012218684213840453,0.02935153015238179,2,2
wolverhampton-wanderers,bc4b8805-6f13-565d-a977-295468e6a0cb,Rodrigo Martins Gomes,DEF,RAM,4,24.3993664628416,24.023409043728122,-0.3759574191134778,-0.007259092549646254,0.0033106282983849933,0.0245796090712036,2,2
aston-villa,91321184-4f36-5c7d-80ee-090e5416c822,Marco Bizot,GK,GK,17,32.142659937775676,31.773584762951078,-0.3690751748245992,-0.004354964114391443,-0.005076544995825714,0.009413708012206312,15,2
arsenal,985b9a31-a1a8-56e4-8ff5-61888deeb760,Piero Hincapié,DEF,LCB,3,42.75938333042126,42.397249474521125,-0.3621338559001283,-0.006126278410218178,0.011544176650572802,0.020992389895007305,2,1
newcastle-united,f60b2907-3c2e-5574-80f2-70b4f5078182,Kieran Trippier,DEF,RB,17,37.12576304450034,36.76480529965163,-0.3609577448487168,-0.0049304897642534025,0.00506925947058872,0.028033994514532395,10,5
aston-villa,5dd58b2f-23b6-55e3-b59d-5617a42d6de1,Tammy Abraham,FWD,ST,14,23.294174526009165,22.935399057311134,-0.3587754686980357,-0.005018156519543799,-0.005244291116710855,0.008910392159535818,13,1
liverpool,69b2f335-365b-5201-b36b-babf799e628a,Curtis Jones,MID,RB,3,8.234386819777436,7.882643402689406,-0.3517434170880307,-0.00573906966185785,0.00573906966185785,0.006177698543958554,3,0
tottenham-hotspur,f0bfb35e-c09e-553b-a545-fec85a6cd62d,Radu Dragusin,DEF,CB,1,10.778856877646888,10.437245816897274,-0.34161106074961367,-0.0053403024500982,0.0053403024500982,0.0053403024500982,1,0
everton,d0fb5815-b17b-56d0-869e-d0e8910ab751,Idrissa Gueye,MID,RDM,7,22.110970395345987,21.77082137339471,-0.3401490219512769,-0.003904729143978456,-0.002098824256034681,0.009600728965398209,5,2
crystal-palace,4e797913-6f5e-54d0-807d-555d7ec82308,Jefferson Lerma Solís,MID,RCB,6,39.625615718685204,39.289701512390884,-0.3359142062943145,-0.004368122250112461,-0.001094534203272925,0.02211868174995202,4,2
liverpool,b8cff13d-168c-5c65-ad52-99b0426b08f2,Dominik Szoboszlai,MID,RAM,4,30.108616936195407,29.772902333306803,-0.3357146028886042,-0.0037382923276987334,0.00461135494739906,0.015043274398528594,2,2
brentford,2a5fa9ad-82a2-52c4-bba0-61a641eb0d07,Ethan Pinnock,DEF,CB,7,9.768612675903427,9.433565063639085,-0.3350476122643407,-0.0037311104097270302,-0.0037311104097270302,0.014901353022453212,7,0
liverpool,5ac01d0b-69fc-5dea-acd4-ecdaec724a83,Mohamed Salah,MID,RAM,17,28.908142907931843,28.582085191331174,-0.32605771660067295,-0.005320570569561232,0.011058839251437956,0.03912341615371151,10,7
chelsea,ec2bf467-94f7-5b79-97a2-3632c0d199a8,Wesley Fofana,DEF,RCB,17,31.11628067267339,30.79522712087649,-0.32105355179690587,-0.005767946178418091,0.010242311409036937,0.0347497489894501,9,8
manchester-united,fba35e22-cb10-554f-ad2e-e62d2b5a5da8,Patrick Dorgu,DEF,LAM,15,19.07956093792372,18.775453147941654,-0.3041077899820705,-0.005164570697345715,-0.006297390377002622,0.013725562699315186,12,3
tottenham-hotspur,c99e7187-586e-5722-8e10-93fd50f92627,Xavi Simons,MID,LW,5,18.212509101959704,17.921565526584978,-0.29094357537472976,0.0009569936365201925,-0.004265203722186089,0.013055493396765705,2,3
manchester-united,1bf5a1f9-7275-56b5-888b-e1417d195339,Manuel Ugarte,MID,RDM,17,21.15530080892049,20.866620960587298,-0.2886798483331954,-0.004111005666073107,-0.004700179473408861,0.013978323992518749,14,3
leeds-united,8e67ff00-ad19-5384-8c44-acf0faf97249,Noah Okafor,MID,ST,16,25.60107382138323,25.312843537342136,-0.28823028404109363,-0.0040000146525638975,0.00043321913813640454,0.015425640587708345,12,4
leeds-united,9066de74-0bf4-5c6d-8a3f-3b977b735a67,Anton Stach,MID,RCM,1,58.35430774029555,58.07045259113744,-0.2838551491581143,-0.003832634792441225,-0.003832634792441225,0.003832634792441225,1,0
afc-bournemouth,0126b56d-12ca-5f44-ab39-66daa456359f,Bafodé Diakité,DEF,RCB,17,7.59941678021771,7.318456408407644,-0.28096037181006633,-0.005990984027403501,-0.005990984027403501,0.01963917785885294,16,1
sunderland,d7a7fcda-2a3c-55c2-80be-adc778736b39,Lutsharel Geertruida,DEF,LDM,7,23.625031914898766,23.34753625246998,-0.2774956624287905,0.0016136752522420336,0.0014540485416399645,0.01949916660295803,6,1
afc-bournemouth,6f535252-3c34-5ef4-9e4b-fee2b978a96c,Justin Kluivert,MID,CAM,17,7.949965006932259,7.677409287349874,-0.27255571958238506,-0.004053028421539545,-0.004053028421539545,0.032337098870761805,15,2
brentford,04c00d3c-a507-5c56-8464-e17ca313c99d,Rico Henry,DEF,LB,17,12.962510494708471,12.689961347493815,-0.2725491472146578,-0.001731091187841676,0.010281972396964725,0.037806625525980186,14,3
fulham,af777f5c-5e76-5ea9-8f99-a7a8459df650,Kenny Tete,DEF,RB,17,18.55201813458,18.28404942888305,-0.267968705696948,-0.0030140648836364152,0.002097449071819458,0.019787027981991834,13,4
liverpool,4b503a23-131b-5e74-983e-6d9f3f06f2dd,Milos Kerkez,DEF,LB,17,35.034731472043724,34.76840183271924,-0.26632963932447895,-0.00687154709784938,0.0037321093027910487,0.026355277826495715,8,9
brentford,2f4a5cd6-8238-5ff2-9cac-0239ae561506,Hákon Valdimarsson,GK,GK,10,6.75928878063191,6.494002321678506,-0.26528645895340364,-0.002958767937030836,-0.002958767937030836,0.014305730603073163,10,0
everton,513a08ed-3905-5e99-98a3-849492c9d389,Dwight McNeil,MID,RAM,16,21.38495445158063,21.119673411241276,-0.2652810403393562,-0.0045408247898727485,0.006920967684090336,0.03146228800432338,12,4
liverpool,b8cff13d-168c-5c65-ad52-99b0426b08f2,Dominik Szoboszlai,MID,RB,1,6.457586458340501,6.2012220908101625,-0.2563643675303382,-0.0028600705072260313,0.0028600705072260313,0.0028600705072260313,1,0
liverpool,debd2971-955d-5acb-b321-caec89c7ad6d,Rio Ngumoha,MID,LAM,8,24.873303855463273,24.617831284527103,-0.2554725709361729,-0.005274300209417883,-0.011715672992547626,0.03280150039390872,4,4
crystal-palace,12886371-5fae-5789-af23-d20764ecfe3e,Daniel Muñoz,DEF,RWB,17,35.67121859389571,35.4193432104004,-0.25187538349530975,-0.005031941389832821,0.006170966495800116,0.02907071660442917,11,6
liverpool,78c0a2b0-1177-5877-a879-cde3ee7544cd,Conor Bradley,DEF,RB,17,9.536818122803856,9.289527887779473,-0.24729023502438174,-0.0027149270833205126,-0.0027149270833205126,0.009479216333553309,16,1
newcastle-united,8385a2b5-f514-5b12-aa58-82c05b0c3586,Jacob Ramsey,MID,LCM,12,36.994768186536355,36.749279409281606,-0.24548877725474702,-0.002263687199184796,0.004008621720615546,0.030897325254344354,5,7
afc-bournemouth,bc22dc55-e6f1-5652-865d-afc8b20050e9,Enes Ünal,FWD,UNKNOWN,17,9.941509476450875,9.70344877185969,-0.23806070459118492,-0.005045886622631753,-0.005045886622631753,0.008470646968132406,14,3
everton,b429ad96-edac-5640-8304-cd7a0cf6d7fa,Michael Keane,DEF,LCB,17,39.55734200078663,39.324829685206,-0.2325123155806324,-0.002826766309321046,0.0054679466864944945,0.025739464427740222,12,5
brentford,e9e9ef49-852e-55b1-9544-097415eb392b,Aaron Hickey,DEF,LB,17,14.656062394066339,14.425448346340337,-0.2306140477260016,-0.0044296015744250145,-0.005473516180293517,0.012090653644727556,14,3
crystal-palace,234b9ca0-1d3a-52c1-ae12-d422a588485e,Justin Devenny,MID,LWB,4,54.354303269711735,54.12388583195644,-0.230417437755297,-0.0026964559044681743,-0.0032353204622757245,0.004542566565414852,3,1
fulham,9b9067ce-8398-553d-8496-d169d55e5396,Issa Diop,DEF,RCB,17,26.48875599382008,26.25940708899026,-0.2293489048298191,-0.002924659714562036,-0.002501930513203101,0.02877157054170132,13,4
fulham,c04d1727-85e9-5596-a2b4-b5341c1ffb6a,Harrison Reed,MID,RDM,3,10.748861543949376,10.520442039984102,-0.22841950396527588,-0.0037215912444706206,-0.0037215912444706206,0.005482202452444962,3,0
fulham,e2d4248d-32fc-5ca0-8ae6-6abd3c22634e,Timothy Castagne,DEF,RWB,2,11.634745408875489,11.407060022935987,-0.22768538593950183,-0.003184463613240318,0.003184463613240318,0.009361150266883,1,1
liverpool,e294bf9c-b850-58e2-8e18-b24687408f28,Wataru Endo,MID,UNKNOWN,5,36.91693162782311,36.69173668339227,-0.22519494443084126,-0.003876606243320947,-0.005410739824162379,0.016556617265774287,3,2
wolverhampton-wanderers,15d02b2c-303d-5403-b3ee-c1bb398578ae,Angel Gomes,MID,RCM,5,21.749717722643503,21.524864618793984,-0.22485310384952087,0.005121632087640904,0.004689234260246189,0.023086118697143387,1,2
brighton-hove-albion,bec3b39e-5fff-5ae4-a7ba-ba525d5b3911,Diego Gómez,MID,RAM,8,29.740845282792954,29.516020909934433,-0.22482437285852308,0.0007963869084297651,-0.0031995117720746633,0.012782648551411091,3,4
crystal-palace,41c51b76-9927-5c91-821a-99eed1686fa9,Walter Benítez,GK,UNKNOWN,9,14.337085188977884,14.114298808938166,-0.22278638003971757,-0.0028591340006665546,-0.003157856650841002,0.008526572110072211,8,1
brighton-hove-albion,e951e717-39ca-59bd-bf7f-6e59ece9fd54,Georginio Rutter,MID,CAM,8,44.82486340166367,44.60322898890198,-0.22163441276168983,-0.0036219372379500646,-0.0031508377955827005,0.012606456610311123,5,2
west-ham-united,b9aca1a6-3e7e-50d1-85c7-bc4c6432da09,Axel Disasi,DEF,LCB,13,7.938798550447377,7.721678132749587,-0.2171204176977896,-0.002763336715489963,0.002763336715489963,0.012031532391099664,12,1
chelsea,46f70fd6-45f6-55b9-884d-24feb13db9c3,Levi Colwill,DEF,LCB,2,69.59501689605699,69.37957274390118,-0.21544415215579704,-0.002926406570266049,-0.0032742179409773337,0.006200624511243369,1,1
liverpool,e294bf9c-b850-58e2-8e18-b24687408f28,Wataru Endo,MID,RB,12,4.6684211953551955,4.457832526988436,-0.2105886683667595,-0.003202594660190033,-0.003202594660190033,0.0100553124962533,12,0
leeds-united,542e61a7-899c-5785-91c5-c76ab1e53e2d,Lucas Estella Perri,GK,GK,17,16.431337839600197,16.22109818716237,-0.21023965243782664,-0.0023374800307581853,-0.0023374800307581853,0.03661580426055844,16,1
crystal-palace,73fbac33-4713-58ec-b9bd-242dfec592a2,Adam Wharton,MID,RCM,17,33.741145403745136,33.531459379198225,-0.20968602454690916,-0.0014011873940875598,-0.0036866421374890804,0.019010457664834612,11,6
everton,e9f5aa44-1c52-51c9-85a6-b079a6b78080,Merlin Röhl,MID,RDM,13,19.56282752617736,19.354214321580944,-0.20861320459641597,-0.002429265985574782,-0.002633715467631685,0.009083258748906586,12,1
fulham,ada8c7db-805e-5910-b00a-946e17af3218,Ryan Sessegnon,MID,LB,17,31.18259186694015,30.97680307986173,-0.20578878707842208,-0.003195524169844299,0.0023353081981373498,0.028931661825861266,11,6
afc-bournemouth,a64b9087-3727-58f9-8f2f-95b904b936bf,Ryan Christie,MID,LDM,17,18.24803776437003,18.042299150264075,-0.20573861410595415,-0.01088909504520718,0.008526733749010581,0.052476590324926575,9,8
wolverhampton-wanderers,ef5625b9-1910-5982-85f1-1966467ad375,Adam Armstrong,FWD,LAM,2,15.215491614361426,15.009831437221706,-0.20566017713971974,-0.0027705553704439057,0.0027705553704439057,0.0027705553704439057,2,0
sunderland,98e68e85-52f1-5832-b572-18ffcbfa3d40,Luke O'Nien,DEF,RB,3,34.19806351396579,33.99267568607821,-0.2053878278875819,-0.0024691122745282477,-0.000847926785688106,0.0049755585903245025,2,1
crystal-palace,9a90c10b-4796-5eda-a505-8db9bc21605d,Ismaïla Sarr,MID,RAM,17,25.38528323678864,25.18011364133926,-0.2051695954493815,-0.0029511087512576247,0.005229186811595701,0.01753938187121451,10,7
crystal-palace,41c51b76-9927-5c91-821a-99eed1686fa9,Walter Benítez,GK,GK,8,8.38313944508674,8.180524775441894,-0.20261466964484653,-0.002255718343858775,-0.002255718343858775,0.009929831585521798,8,0
tottenham-hotspur,3c77aa9b-7767-5636-9780-0d94d829b326,Guglielmo Vicario,GK,GK,17,12.856076189934887,12.653699169005158,-0.20237702092973078,-0.002647816544917849,0.012910705751635897,0.0695667614732215,12,5
leeds-united,a8678248-1555-5a99-8bcd-6ec2a944ea53,Sebastiaan Bornauw,DEF,RCB,16,23.59026036642209,23.38961111472833,-0.2006492516937615,-0.003623651326401489,-0.004993282027802824,0.012794535831062104,12,4
manchester-city,74dac327-64c8-5269-84db-4a4550f5f921,Abdukodir Khusanov,DEF,RCB,17,27.319240278499244,27.119326262707272,-0.19991401579197313,-0.002851489549646934,0.0037108303778077213,0.015300572970199156,11,6
tottenham-hotspur,2eec990a-7277-5fb6-b8c8-10423fefbb47,Djed Spence,DEF,LB,17,38.65889817320924,38.462852289058986,-0.19604588415025,-0.0012527613535932055,-0.0018089766069606947,0.014098650522807343,9,7
everton,d8394430-94ff-553e-be45-217705fee1db,Nathan Patterson,DEF,RB,17,12.852151734996065,12.65835719545753,-0.1937945395385347,-0.001589616057712343,-0.0033296930768779744,0.009240307378662882,16,1
leeds-united,015a7f1a-67ab-53dc-babc-333cf97f761f,Sean Longstaff,MID,RCM,17,19.84351566834019,19.650543142411717,-0.1929725259284685,-0.0031587792632920076,-0.0031587792632920076,0.03187250113256357,14,3
brighton-hove-albion,b0761079-7e99-5095-aa38-877404766193,Jack Hinshelwood,MID,LDM,5,25.908295743217316,25.715642160603245,-0.19265358261407056,-0.001141674528309708,-0.0015369806370666734,0.006955784567795886,4,0
newcastle-united,c9bc6786-f728-505a-9d48-33b1f2444d9f,William Osula,FWD,ST,17,17.668404387797437,17.475993051636106,-0.19241133616133207,-0.006367215484801594,0.005494929251124825,0.031036158204170716,9,7
arsenal,70c234df-f148-59b3-b1f9-6d390e9cf562,Noni Madueke,MID,RW,16,32.022274546137275,31.830470337750587,-0.19180420838669043,-0.004450507435757621,0.0037421380343674445,0.028132534447692426,9,7
afc-bournemouth,0cd772be-c8d3-5252-8b0a-47f4eeb619ac,Adrien Truffert,DEF,LB,17,6.830855908334504,6.64010221066083,-0.19075369767367412,-0.0022543960498042376,0.0022543960498042376,0.005308859964043622,15,2
liverpool,1f949251-9252-593a-a2f0-d26d1f7e776b,Hugo Ekitiké,FWD,ST,17,18.1777602145474,17.988070231996023,-0.18968998255138,-0.0047644926230276975,0.010436065729304113,0.04105018348738251,12,5
aston-villa,cb53d8d9-b190-5b1f-adab-60f5562d5d10,Victor Lindelöf,DEF,LCB,17,30.825203144595413,30.638082526689814,-0.18712061790560572,-0.001516149304388301,-0.0038796509319566188,0.011678410003208128,12,5
leeds-united,9066de74-0bf4-5c6d-8a3f-3b977b735a67,Anton Stach,MID,LCM,16,33.11731220029865,32.931262913118154,-0.1860492871804933,-0.0019131392826811124,-0.0038174693228895324,0.017241074852967442,9,7
brentford,e5d36ad0-dba5-56c7-a5d2-b091b2fa1b0d,Mathias Jensen,MID,LDM,5,14.181443332305644,13.996097450979278,-0.18534588132636998,-0.0029075077641579792,0.0029075077641579792,0.010039339723832308,5,0
brentford,2a5fa9ad-82a2-52c4-bba0-61a641eb0d07,Ethan Pinnock,DEF,LCB,10,14.42552264491169,14.240447192102659,-0.18507545280903293,-0.002538624887928988,-0.002846835557640106,0.007143520552748778,9,1
newcastle-united,49545ac1-d9f9-5a0a-b1f5-5bbeeb1bb7f6,Anthony Gordon,MID,ST,8,14.95103576808766,14.767269569594772,-0.18376619849288733,0.00021505843701726327,-0.005671451607674332,0.01445816084395446,5,1
everton,7af4896b-be30-5d5e-9119-e9efade2cada,Jarrad Branthwaite,DEF,LCB,11,26.621905644013903,26.44118082546222,-0.18072481855168387,-0.002073722239799468,-0.0010042787244657245,0.018514373641885573,7,4
west-ham-united,ad87488c-769c-5325-bce6-63daff9b32a3,Pablo Felipe Pereira de Jesus,FWD,UNKNOWN,1,46.80857993631461,46.63013674615158,-0.1784431901630299,-0.002639907914432582,0.002639907914432582,0.002639907914432582,1,0
wolverhampton-wanderers,ef5625b9-1910-5982-85f1-1966467ad375,Adam Armstrong,FWD,ST,11,19.64358041315464,19.4735068114962,-0.1700736016584398,-0.0028354982699965877,0.0028354982699965877,0.01721785803275344,6,5
afc-bournemouth,712d8210-33f4-517b-8ca4-275cccea49a1,David Brooks,MID,RAM,17,14.823656557262822,14.654480697099405,-0.16917586016341482,-0.009295239600993155,-0.014042155040706703,0.02477963022299412,11,6
manchester-united,f192bac3-5939-5751-bfc7-fc9da3a23532,Altay Bayindir,GK,GK,17,4.606176330849566,4.437827950670569,-0.16834838017899664,-0.0018723163573478691,-0.0018723163573478691,0.0031829561767091966,17,0
newcastle-united,428099b1-d444-5523-9c48-66ebf6956cc2,Anthony Elanga,MID,RW,17,22.307543455243405,22.146372784661743,-0.16117067058165796,-0.0025050041153578846,0.0072341181000253356,0.0246040728653395,10,5
brighton-hove-albion,bec3b39e-5fff-5ae4-a7ba-ba525d5b3911,Diego Gómez,MID,CAM,5,32.2820182561852,32.122211403471745,-0.1598068527134579,-0.002048732462206837,-0.002047721020699189,0.010994477819200044,3,2
manchester-united,65f4ba88-b61e-51b2-87e8-eed369448f75,Joshua Zirkzee,FWD,ST,17,11.432639517633023,11.272886636690242,-0.1597528809427829,-0.004347768421920656,-0.0048256882949063405,0.012063311680594768,15,2
brighton-hove-albion,2158389c-94df-554d-8089-885e17fa9cbe,Carlos Baleba,MID,RDM,16,28.234957357375055,28.075391934938793,-0.15956542243626315,-3.518831612525988e-05,0.002291055416805278,0.025168483583374368,7,9
leeds-united,444fa31b-486a-5e4b-94ca-7e00df06a41b,Joël Piroe,FWD,ST,17,7.1204436329474206,6.963975221734222,-0.15646841121319854,-0.003062788057113496,-0.003062788057113496,0.006707298035628417,15,2
fulham,ef856b2c-4200-58fa-8d76-23913677f5ba,Oscar Bobb,MID,LAM,10,15.34067289895392,15.184595928417934,-0.15607697053598707,-0.0036906026457022624,0.005951608121356916,0.051248691269694,5,5
liverpool,bb7d5990-008e-5f6d-871a-83ec4490dd2d,Alisson Ramses Becker,GK,GK,17,18.946693038932935,18.801827213309053,-0.14486582562388256,-0.0016243186402030837,0.012806620196310646,0.07496647591507499,13,4
brentford,2f4a5cd6-8238-5ff2-9cac-0239ae561506,Hákon Valdimarsson,GK,UNKNOWN,7,16.03814731474544,15.894470542017606,-0.1436767727278347,-0.0018437352475355934,-0.0022331302011652163,0.004792173228597513,6,1
liverpool,9e1945d4-3c6d-54ed-b8d0-6ba8f66541c2,Andrew Robertson,DEF,LB,17,35.48754571446797,35.34514654111294,-0.14239917335502697,-0.006994731653553454,-0.0022522325239763227,0.041911917569534496,9,8
leeds-united,6b487d4a-07ef-5c9e-b3e0-8bc10e69d873,Daniel James,MID,RWB,2,20.414706121348154,20.272601886051678,-0.1421042352964772,-0.0027329366440774217,-0.008813393980752482,0.011546330624829904,1,1
brighton-hove-albion,b0761079-7e99-5095-aa38-877404766193,Jack Hinshelwood,MID,LCM,3,15.742597989790665,15.603407832729216,-0.13919015706144933,-0.0034738208326479114,0.0034738208326479114,0.005076899585011008,2,1
tottenham-hotspur,229e2aab-318b-5964-bc2e-1b5fcbac0a02,João Victor de Souza Menezes,DEF,LWB,1,40.46108202365548,40.322427289762715,-0.13865473389276417,-0.00376936996359456,0.00376936996359456,0.00376936996359456,1,0
everton,fff05087-e912-5616-900c-dbab609d6cf8,Carlos Alcaraz,MID,CAM,17,7.761330137985055,7.624603946908309,-0.13672619107674674,-0.002558925490320427,-0.002558925490320427,0.004579672358963061,15,2
liverpool,b8d260b7-8922-5c13-b885-b00fbe91b80e,Virgil van Dijk,DEF,LCB,17,5.842338909470578,5.705786105118786,-0.13655280435179157,-0.0016145421415778376,0.0016145421415778376,0.004361768870508875,15,2
aston-villa,0af685cb-5dfb-5870-a8e7-c5f8568a71ad,Tyrone Mings,DEF,LCB,17,47.190217040896925,47.05399730419632,-0.13621973670059723,-0.0022549394253162,0.00799161092451202,0.03724543204757935,7,10
manchester-city,cffb76ef-9edc-5e36-95cd-8c4ce7623f4e,Nathan Aké,DEF,LB,14,19.462887440349807,19.328131545568162,-0.13475589478164235,-0.0015110844855727183,-0.0014191116685038853,0.010392263206865593,13,1
afc-bournemouth,9530e952-b482-54f0-b009-1c37b1deac4b,Remy Rees-Dottin,MID,UNKNOWN,17,1.6451819013760078,1.5107422508702046,-0.1344396505058032,-0.0017253162367524947,-0.0017253162367524947,0.0037530224915912,17,0
nottingham-forest,75f6d292-641f-53ef-a822-a86d1d9c8086,Douglas Luiz Soares de Paulo,MID,RDM,2,13.708605622686305,13.574300222734141,-0.1343053999521624,-0.002008333099675047,-0.002008333099675047,0.0024241538744324,2,0
manchester-united,6a3d319d-e848-56e0-bc06-707ee4149c24,Mason Mount,MID,RDM,2,48.38383906998408,48.25052420242393,-0.13331486756014144,-0.0016080598446653882,-0.011759165226970292,0.01336722507163568,1,1
liverpool,c0368969-bbd9-51aa-b3f8-938783260736,Alexander Isak,FWD,ST,17,15.688958651429308,15.557702613501192,-0.13125603792811502,0.002809199062799367,0.007597201937320177,0.05438880659606188,13,4
manchester-united,c2bb5215-da9d-515a-81f0-604c302f3078,Noussair Mazraoui,DEF,RCB,11,24.635905565878794,24.505174764778186,-0.13073080110060803,-0.00306317477742174,-0.006107310926275836,0.012123067456290548,8,3
manchester-city,8fc7e356-2dbb-50c9-8b7e-cc573f3855b4,James Trafford,GK,GK,17,16.349763915757958,16.219684907089857,-0.1300790086681011,-0.0014475521531257733,-0.00145430964330436,0.006194340610562898,13,3
brentford,4cf06c6b-b8c9-5159-90b0-88803e09c4a1,Fábio Freitas Gouveia Carvalho,MID,LAM,17,2.9762342194186506,2.8472168609537007,-0.12901735846495016,-0.001435316585654412,-0.001435316585654412,0.004645194319163909,17,0
manchester-united,914fa0d2-167c-55f6-8d3e-677d3abd15e0,Matthijs de Ligt,DEF,CB,17,3.6187881809605447,3.4906163719049452,-0.1281718090555995,-0.0014253073828838184,-0.0014253073828838184,0.0022727966984631004,17,0
fulham,a9c228ea-04e0-5861-b004-a8719101c698,Tom Cairney,MID,LCM,15,24.349448292149305,24.22604732584154,-0.1234009663077637,-0.0035308226935264783,-0.005364279453046117,0.010361199818812672,10,5
everton,3c785544-9ef9-55d3-b726-bcbf136d1d05,Tyrique George,MID,LAM,12,11.688934713680736,11.566811919695118,-0.12212279398561687,-0.005157396451375777,-0.005157396451375777,0.008773632487451805,9,3
tottenham-hotspur,976cba43-39e3-5bd2-a17b-74524487c441,Archie Gray,MID,RCM,7,15.562685045022802,15.44129599546068,-0.12138904956212253,0.0005804911251716334,-0.0018666525005733708,0.008565002690107515,5,1
chelsea,932d386d-f372-53de-a37f-381a73a67e07,Jorrel Hato,DEF,LCB,8,35.375209104129205,35.254079518835965,-0.12112958529324169,-0.002404935439306116,0.0005311994102656613,0.008526705921132915,5,3
crystal-palace,1f91ab10-338d-519d-85b9-048aa573cfc2,Eddie Nketiah,FWD,RAM,17,3.9158711274941878,3.7956564175021117,-0.12021470999207606,-0.001617662416639846,-0.001617662416639846,0.0039947855927727,17,0
arsenal,0f08cbfd-21a3-57ae-9b9f-8692d62a6a24,Leandro Trossard,MID,LAM,3,33.17129620668868,33.052212426245426,-0.11908378044325237,-0.0014890826488097215,0.0005997513048899469,0.0027673160318746337,3,0
nottingham-forest,dfe46c71-1b4e-5387-a3a0-4accc6dc5b39,Olu Aina,DEF,RB,17,19.696782927342056,19.578936750012197,-0.11784617732985758,-0.0013845532530265727,0.006053387982298697,0.027034807157269247,9,7
tottenham-hotspur,f0bfb35e-c09e-553b-a545-fec85a6cd62d,Radu Dragusin,DEF,RCB,3,51.296464495912495,51.17885911302181,-0.11760538289069682,-0.0015419944091916715,0.0015682958138717822,0.003759494151265308,2,0
burnley,5c63f6f0-ec6c-54a9-af70-5b6a64ee0287,Axel Tuanzebe,DEF,RCB,17,20.92739337855915,20.810310327721258,-0.11708305083789013,-0.0009105370702158541,0.0008073458665480826,0.012439281841305272,10,3
afc-bournemouth,464c329c-f48d-5c66-a598-3b786656039d,Julio Soler,DEF,UNKNOWN,17,1.7381920455040618,1.621211692677339,-0.11698035282672291,-0.001507166990713917,-0.001507166990713917,0.0037468798762900976,17,0
afc-bournemouth,8dce8133-b0b0-59f5-ade1-2292ed543482,Ben Winterburn,MID,UNKNOWN,17,1.365457199284976,1.2505056082988018,-0.11495159098617425,-0.0014745920818092526,-0.0014745920818092526,0.003753131713133795,17,0
afc-bournemouth,909664fe-31c5-508a-9d41-cef85b23ba93,Hamed Traorè,MID,UNKNOWN,17,1.3889590279915567,1.2740311625403136,-0.11492786545124307,-0.0014747504300958705,-0.0014747504300958705,0.003753290150366899,17,0
nottingham-forest,e46e6c45-efd0-538e-9f60-d68b8b3a42fe,Nicolò Savona,DEF,RB,17,8.202948302141033,8.08896675056521,-0.11398155157582325,-0.0013305704623603532,-0.0013305704623603532,0.004351923019191795,16,1
brentford,87151194-80fd-5b68-bbdf-f224a0c09158,Reiss Nelson,MID,UNKNOWN,17,9.559271680841036,9.446350221341904,-0.11292145949913177,-0.0023597401523796292,-0.0023597401523796292,0.01106172969829361,14,3
crystal-palace,0ceddf30-d182-564d-801e-0606074c20fd,Christantus Uche,FWD,UNKNOWN,17,7.010237267551553,6.899774257654527,-0.11046300989702648,-0.002107997113736153,-0.002107997113736153,0.008879260658538196,15,2
afc-bournemouth,483f8101-061d-5046-bf3f-4b213da9d8c0,Ben Doak,MID,UNKNOWN,17,4.7012223881540525,4.591377612679249,-0.10984477547480294,-0.0020786844385484123,-0.0020786844385484123,0.005674619545717505,14,3
arsenal,0f08cbfd-21a3-57ae-9b9f-8692d62a6a24,Leandro Trossard,MID,LW,14,24.5561669914001,24.446818191905816,-0.10934879949428224,0.004153260264120281,0.008735115203878678,0.0243796449701697,8,6
chelsea,f8666db2-925c-5357-81ba-263e71b165b3,Roméo Lavia,MID,RDM,6,20.229117117537868,20.12128227742335,-0.10783484011451853,-0.002071343397192768,-0.0029175677738592595,0.008465125154587083,5,1
afc-bournemouth,9b794fd2-1f1b-52a8-bb5e-459a0ac2702e,Alex Tóth,MID,UNKNOWN,4,19.746194719390346,19.640187291362963,-0.1060074280273855,-0.0017972616454162873,-0.00378646960360735,0.005600732437847103,2,2
aston-villa,fc551cf2-132e-5dac-a9b5-aaeb090b32b5,Leon Bailey,MID,RAM,11,21.030385849940583,20.92442840235443,-0.1059574475861544,-0.002496891847208209,-0.004631244986885848,0.009366092467973486,8,3
liverpool,b583437c-0e58-52e9-b157-bdf58f64c052,Treymaurice Nyoni,MID,UNKNOWN,17,3.7582759958595373,3.652601532960383,-0.10567446289915398,-0.002130067954433947,-0.002130067954433947,0.004286940348726703,14,3
fulham,c04d1727-85e9-5596-a2b4-b5341c1ffb6a,Harrison Reed,MID,UNKNOWN,14,10.129869991893575,10.024924250678607,-0.10494574121496776,-0.0014936531609022728,-0.001593271658676515,0.004502643425550207,12,2
arsenal,79caa72c-19b1-5ed2-9eea-49bec88916b3,Eberechi Eze,MID,CAM,11,21.383975722003303,21.279134488827257,-0.10484123317604728,-0.0018393097271403793,0.005520329329685093,0.026297594896799115,7,4
brentford,b984befd-344f-5d67-a3ff-50b9a56e45a2,Romelle Donovan,MID,UNKNOWN,17,5.515943536722274,5.41189280510231,-0.10405073161996416,-0.0018868160001586716,-0.0018868160001586716,0.004738072229644397,14,3
everton,1993b39f-9a1a-5805-bce4-6ff7cb40ebde,Kiernan Dewsbury-Hall,MID,CAM,17,13.022604166415439,12.918652152635957,-0.10395201377948252,-0.00279950706888874,0.002208800623658929,0.021196834990699687,11,6
fulham,b7c9efe9-e4ac-5f89-b85e-5170d8689598,Adama Traoré Diarra,MID,RAM,2,10.964602315522985,10.86182511427311,-0.10277720124987333,-0.001486085556463998,-0.001486085556463998,0.001728925626396094,2,0
burnley,148b32f1-d60d-5cdd-9ffe-a5938fcb8671,Martin Dubravka,GK,GK,17,14.02689676785928,13.92461078932975,-0.10228597852953125,-0.0018204902179757695,0.020039564391858028,0.07318031378521578,14,3
crystal-palace,4c10d440-b565-5bcf-ad55-059b98c84cb4,Borna Sosa,DEF,UNKNOWN,17,10.6454875957097,10.5434581947007,-0.10202940100900056,-0.0020971325125749324,-0.0020971325125749324,0.007519915582528375,15,2
nottingham-forest,a493cdaf-9cab-5479-8687-9533f241460c,Stefan Ortega Moreno,GK,GK,13,17.08886991089583,16.98805371155558,-0.1008161993402502,-0.0011177177158840806,0.012185745336095878,0.09437312866932313,10,3
brighton-hove-albion,8336ddce-f2ef-5ef6-8084-2f36c38c78c2,Olivier Boscagli,DEF,LCB,15,39.02324353422592,38.92246736066232,-0.10077617356359975,-0.0011449949148262398,0.0032728261026398436,0.011825984337729634,7,8
chelsea,4ef46620-e339-50a5-9169-d9c6d85f3a47,Alejandro Garnacho,MID,LAM,17,26.622507369212673,26.52191692833376,-0.10059044087890993,0.00022354508384696923,0.008374749109384445,0.02847009171913889,12,5
newcastle-united,d7693e44-9092-592e-b518-8da97eaf9fdf,Harvey Barnes,MID,LW,14,29.032132123369983,28.931799423815267,-0.10033269955471573,-0.0001307929046467926,-0.003869288417479716,0.013331031018667394,8,4
liverpool,a71659ac-51ab-555b-9916-b585f197aa60,Federico Chiesa,MID,RAM,17,8.729046008201722,8.629101980081975,-0.09994402811974655,-0.0065968511948402,-0.0065968511948402,0.012673032469681794,11,6
crystal-palace,234b9ca0-1d3a-52c1-ae12-d422a588485e,Justin Devenny,MID,RWB,12,21.841396818459277,21.74286402913403,-0.09853278932524523,-0.0010091639705450805,-0.0014389759410850203,0.01903129508481105,9,3
nottingham-forest,b741dff8-c470-5246-a88a-18fd87c23462,Dilane Bakwa,MID,LW,12,17.14125474451275,17.04785023856607,-0.09340450594668089,-0.0018572184388888757,-0.00196409936554735,0.003811131045510105,10,2
aston-villa,b95b9e81-9894-50ab-b2de-c2234cfde8c6,Youri Tielemans,MID,LDM,17,20.3021197308077,20.20879741931031,-0.09332231149738851,-0.001274016647048563,0.0006200147260537167,0.015758526332214196,12,5
sunderland,98e68e85-52f1-5832-b572-18ffcbfa3d40,Luke O'Nien,DEF,UNKNOWN,8,18.0356045986086,17.94306023725166,-0.092544361356939,-0.001234335532460995,-0.0013319638521913147,0.005602874901317806,7,1
chelsea,9998e641-8e7f-5837-8d46-ad335b484a00,Josh Acheampong,DEF,RCB,11,22.86442670847433,22.77263215696972,-0.09179455150461054,-0.0012694114426700237,-0.0015191036223892445,0.0034411860767447067,9,2
nottingham-forest,c648214a-7d9c-5efe-aa6f-da16039cd486,Omari Hutchinson,MID,RAM,17,24.33940704344266,24.247937579730003,-0.09146946371265742,0.00010008066436438942,0.014736764270865076,0.0377049899144099,7,10
nottingham-forest,95d64f2a-d4e8-52d7-b6b5-d4388ee086e2,James McAtee,MID,CAM,14,13.773723281941667,13.683366012819713,-0.09035726912195452,-0.001634914365573352,-0.0017040370057434218,0.005652332635744203,13,1
manchester-united,46c2018f-f80f-532e-b144-ef688e9f44eb,Luke Shaw,DEF,LB,12,21.655721134541484,21.567107921273703,-0.08861321326778082,-0.0022491267278897573,0.0022491267278897573,0.018603478311241206,7,5
aston-villa,c200ab96-c995-5e7a-a713-5bac0dc5b3fa,Emiliano Buendía Stati,MID,LAM,17,29.00507158121016,28.916842463900327,-0.08822911730983203,-0.001084253698909377,0.003158046572954575,0.021347989418447677,9,8
everton,5089139a-ace7-504b-b31a-2d0b1307e0de,Norberto Bercique Gomes Betuncal,FWD,ST,17,25.79966273806524,25.71177575674101,-0.08788698132423345,-0.0018810644070226257,0.002568695683175255,0.02719448020472981,9,8
liverpool,d4b5ff08-b86e-54fd-afa2-99a30a506fdf,Amara Nallo,DEF,UNKNOWN,17,1.3406305496379214,1.253214572397835,-0.08741597724008654,-0.001121655412659953,-0.001121655412659953,0.002576362830263003,17,0
fulham,09be2cb2-a90e-562f-8a53-32294044e02f,Samuel Chukwueze,MID,LAM,17,22.746613286559636,22.659934917980305,-0.08667836857933138,-0.00470760645247831,0.013878463386919391,0.05264465791574591,8,9
aston-villa,4fd83b82-ea8a-5022-96ec-5b210b9695b8,Boubacar Kamara,MID,RDM,17,8.66600382954581,8.581723138173865,-0.08428069137194442,-0.001027625302345056,-0.001027625302345056,0.019299621704883196,16,1
chelsea,762fd3f4-3f85-52c7-b5be-8c0c563cf25f,Andrey Nascimento dos Santos,MID,RDM,5,48.453148939991706,48.369255938516446,-0.08389300147526058,-0.0011230251818031168,-0.0018325520406127893,0.005515509682453512,3,2
nottingham-forest,368ba0e1-be00-5ed2-af7e-82ca90752b95,Zach Abbott,DEF,RB,13,10.79740383814132,10.714378420298873,-0.08302541784244928,-0.0011893136173452396,-0.001276778997536789,0.008016824642810172,11,2
brighton-hove-albion,241cebf3-67a3-5813-9b2f-43078d129f42,Danny Welbeck,FWD,ST,17,23.389212605253324,23.306617042166835,-0.08259556308648541,-0.0012547725820842978,0.00027020919030731075,0.022875009704731664,7,10
aston-villa,958d771e-00a9-59f9-a094-b799d8712588,Andrés García,DEF,UNKNOWN,17,6.862765331472472,6.780657944876894,-0.08210738659557915,-0.0011724204388243384,-0.0012284636434474097,0.0027225111884802006,15,2
liverpool,47656ec5-5c9b-52ed-a044-52efc69c5073,Calvin Ramsay,DEF,UNKNOWN,17,1.238561162611573,1.156575442342815,-0.08198572026875776,-0.0010519218366785705,-0.0010519218366785705,0.0018981441577496996,17,0
nottingham-forest,a2afe8eb-9890-541f-9258-8202cd512f1f,Nicolás Domínguez,MID,LDM,2,10.944686943603308,10.862706099773902,-0.08198084382940607,0.002678051524803382,-0.002678051524803382,0.0037405171520820124,1,1
chelsea,33ac99dd-6169-5c59-bc88-cc17620c7707,Jesse Derry,MID,LAM,3,3.3258361536951155,3.244504301802517,-0.08133185189259858,-0.001818167414428502,-0.001818167414428502,0.00390168314329431,2,0
burnley,7271dade-6e34-5b7d-850a-ff0969f7a26e,Loum Tchaouna,MID,RW,16,22.474393620692716,22.393232811897974,-0.08116080879474297,-0.0007520903924787934,0.001858141250315381,0.014166885360141102,9,7
liverpool,8cc196a8-778a-516d-b076-6538623993c0,Kieran Morrison,MID,UNKNOWN,17,1.2018044201650884,1.1207444438208798,-0.08105997634420875,-0.0010401005791482708,-0.0010401005791482708,0.0025489383266040014,17,0
manchester-city,66ce5aaa-c0e9-5462-8a78-fae312616872,Antoine Semenyo,MID,ST,4,11.74809628668018,11.667096228972031,-0.08100005770814889,-0.0013536276068166764,0.0013536276068166764,0.0031637992322129938,3,1
fulham,8d3a13d7-1211-5470-b576-b196e5e19318,Benjamin Lecomte,GK,UNKNOWN,17,2.42777778871546,2.3475567830898756,-0.08022100562558399,-0.00102966620781053,-0.00102966620781053,0.0028346414062681013,17,0
crystal-palace,b6fb865b-2ea3-5f14-9db7-b2b1c2d82003,Jørgen Strand Larsen,FWD,ST,13,19.464996312081254,19.385590135587734,-0.07940617649352405,-0.008624428635753864,0.013958361794258946,0.042123855770243024,6,7
chelsea,9998e641-8e7f-5837-8d46-ad335b484a00,Josh Acheampong,DEF,RB,6,23.350902159174343,23.271608076952123,-0.07929408222222041,-0.001511076152692914,-0.0012981452786959234,0.004425986836930407,5,1
aston-villa,d837c631-a257-5737-bc4d-ffd7f2b0021b,Donyell Malen,MID,ST,17,5.037495706129749,4.9589045866229995,-0.07859111950674946,-0.0014805812109839535,-0.0014805812109839535,0.0046244618930317005,17,0
newcastle-united,a5e7c659-813a-5a36-8fb6-3f0f74e37c40,Nick Woltemade,FWD,ST,17,26.88386963429557,26.806435003375828,-0.07743463091974565,-3.2488889089428346e-05,-0.0010852335345171178,0.013052978526956582,9,7
arsenal,4c3f279c-cb21-57c6-9d58-3decef97625e,Bukayo Saka,MID,RAM,7,35.82488251137564,35.747544967526274,-0.0773375438493696,-0.0018782401404937468,0.000306204259619719,0.013469848741390067,4,3
nottingham-forest,1551c664-1407-507c-a3f7-41b9bc63a0f8,Lorenzo Lucca,FWD,ST,12,10.50490876007528,10.427573978893752,-0.0773347811815267,-0.0013127592721363052,-0.0013127592721363052,0.005776420364764223,10,2
aston-villa,492c6463-bf4e-50f7-a6c1-23e8693ceea0,Amadou Onana,MID,RDM,11,23.75891725427109,23.68369417772379,-0.07522307654729846,0.0031957947381231213,0.003233548971435517,0.023732747106257307,7,4
nottingham-forest,86f15f9c-b65a-517d-92ff-a96318d5ae5b,Oleksandr Zinchenko,DEF,LB,17,4.866854200533542,4.791787540281114,-0.0750666602524268,-0.0008389668737257707,-0.0008389668737257707,0.0019989715522927,16,1
crystal-palace,0f20e713-a3d1-5036-b0b2-e9f32d1bc66f,Jaydee Canvot,DEF,RCB,10,32.76933817078085,32.69429933668833,-0.07503883409251629,-0.0020775916165811066,-0.006354805064252791,0.015874194989039137,5,5
west-ham-united,9fd390de-abdd-53c9-abf5-63b5a6ec3423,Soungoutou Magassa,MID,RCM,11,16.38080638158031,16.306324030549828,-0.07448235103048294,-0.001102877932310879,-0.0007130600776079348,0.002830203058407532,9,2
sunderland,483fd668-a74d-5c5c-9111-a023961f914b,Chemsdine Talbi,MID,LW,7,30.17317649001763,30.098858493907898,-0.07431799610973602,-0.00035786690113502406,0.0018752701731976431,0.008069023451375501,5,2
arsenal,8901f1b0-9efa-5490-859d-c7c80fe69b52,Mikel Merino,MID,ST,17,12.25689897339777,12.18291453977704,-0.07398443362072908,-0.0015432837533094269,-0.0015432837533094269,0.0035277818616945567,15,2
brentford,f7819d5a-97b7-5cd3-b00d-4a24f02de6d0,Kaye Furo,FWD,UNKNOWN,17,2.0570589475251384,1.9837454062778481,-0.07331354124729013,-0.0009467141652450881,-0.0009467141652450881,0.002509165937143898,13,0
crystal-palace,ed672a48-600c-5147-a36f-cae465e9604d,Ben Casey,FWD,UNKNOWN,17,1.6844499248817069,1.6111717126421248,-0.07327821223958217,-0.0009406057890924231,-0.0009406057890924231,0.0038561360683845997,17,0
brentford,5b43c35a-b3de-551b-9414-8d197b694796,Benjamin Arthur,DEF,UNKNOWN,17,1.6428513449196902,1.569641057896053,-0.07321028702363734,-0.0009394006329889765,-0.0009394006329889765,0.002638844404497298,17,0
manchester-city,7ba3294a-acf2-50da-ba1c-626fce42c1dc,Omar Marmoush,MID,ST,15,29.49762598946637,29.424432174153324,-0.07319381531304714,0.0018291796565101308,0.011991858063575873,0.030013897217428254,9,5
manchester-city,a8873d13-747b-51b1-97e7-d8505b4f0084,Sávio 'Savinho' Moreira de Oliveira,MID,RAM,2,21.648095752870383,21.57562801894449,-0.0724677339258939,-0.0008544490184725362,-0.0009794887141245379,0.0018339377325971018,1,0
brentford,f73bea41-d2c0-55f4-af54-36b47dcde7d3,Yunus Konak,MID,UNKNOWN,17,1.6126225559323308,1.5409442017007933,-0.07167835423153743,-0.0009197892589136468,-0.0009197892589136468,0.0026547683974645006,17,0
brighton-hove-albion,a5750705-f098-5007-84b9-214a2063f4c8,James Milner,MID,LDM,6,24.630878713294877,24.56064442549027,-0.07023428780460754,-0.0007923894925181904,0.00017081434777635232,0.002889611520883628,4,1
arsenal,ef53aa3a-f5fe-5a12-9743-66a2adc7f069,Kai Havertz,FWD,RCM,6,19.894549077109023,19.824452627371073,-0.07009644973795066,-0.0014918130787439365,-0.002786482436132396,0.005273356608803292,3,3
tottenham-hotspur,99c5358b-6b7a-567b-a6ef-22541e365423,Lucas Bergvall,MID,CAM,11,13.826294619789554,13.756490134273777,-0.06980448551577444,-0.0013936672110278492,-0.0010038038050839795,0.005413420787274692,7,2
manchester-united,6a3d319d-e848-56e0-bc06-707ee4149c24,Mason Mount,MID,LAM,15,12.95993567847637,12.890455208637963,-0.06948046983840835,-0.002985700547920086,-0.003467672193694543,0.008044986772773988,12,3
liverpool,a4f10188-4c42-55fd-b356-75102e031168,Giovanni Leoni,DEF,UNKNOWN,17,1.0043515432671104,0.935821086237926,-0.06853045702918426,-0.0008791477448558175,-0.0008791477448558175,0.0015980331905142975,17,0
liverpool,93048204-7621-5ffc-8c31-ed76da8f62f1,Wellity Lucky,DEF,UNKNOWN,17,1.0044909340069896,0.9359607239831655,-0.06853021002382424,-0.0008791456818899532,-0.0008791456818899532,0.0015980331903585991,17,0
crystal-palace,2fe22142-e11b-534b-ade6-80198c5e69d3,Joél Drakes-Thomas,MID,UNKNOWN,17,2.0383866244104865,1.9698808505599994,-0.0685057738504873,-0.0008898353145093529,-0.0008898353145093529,0.003554262224724998,17,0
crystal-palace,2d40ee20-eb53-5bab-a013-8138df2fa8d6,Kaden Rodney,MID,UNKNOWN,17,1.990834333549623,1.9226118373171397,-0.06822249623248329,-0.0008850148628318346,-0.0008850148628318346,0.003521888669723701,17,0
tottenham-hotspur,8e00491e-df3c-59d8-8196-500825daf087,João Palhinha Gonçalves,MID,RDM,17,30.559199468875672,30.491076747925582,-0.06812272095008191,3.2294373969748664e-06,-0.002845306110098994,0.005758416817105427,9,7
wolverhampton-wanderers,bc4b8805-6f13-565d-a977-295468e6a0cb,Rodrigo Martins Gomes,DEF,LW,3,18.77800927257692,18.71113417994381,-0.06687509263311127,-0.000325364651732415,0.0008727448846995606,0.0017971643046479913,2,0
brighton-hove-albion,a07371ec-857a-5545-8632-0e982ad6b1be,Kaoru Mitoma,MID,LAM,17,23.948141871614258,23.881514797407934,-0.06662707420632362,0.0018777169243932384,0.0008886370350043418,0.020975811270307204,9,8
fulham,eeeaf0ca-8ef0-5078-9750-c1da71cc70a6,Jonah Kusi-Asare,FWD,UNKNOWN,17,3.884170750658987,3.818065777553126,-0.0661049731058611,-0.0009438815894709583,-0.0009438815894709583,0.002474188754717291,16,1
brentford,4ec42b84-392d-57a7-92df-daad5757198d,Myles Peart-Harris,MID,UNKNOWN,17,1.7539935116981835,1.6882795411282323,-0.06571397056995139,-0.0008467266409236059,-0.0008467266409236059,0.0026556541655233037,17,0
liverpool,0a3fb5ab-e9ba-57b4-bc4d-2b8f0219b826,Jayden Danns,FWD,UNKNOWN,17,0.9576853858009341,0.8925109363802103,-0.06517444942072391,-0.0008361033720275882,-0.0008361033720275882,0.001521073229157701,17,0
leeds-united,72b4d47e-09d1-54dc-a733-48d72051bfd6,Jack Harrison,MID,LW,17,2.425947970678216,2.3615692331490012,-0.06437873752921472,-0.0009938804812870176,-0.0009938804812870176,0.0014743112614347131,17,0
tottenham-hotspur,e8c63dd8-d5d3-5d3c-9ca3-16081a763f80,Richarlison de Andrade,FWD,ST,17,22.472092795738973,22.407785286465067,-0.06430750927390406,0.0009052408375450774,0.0007357604462444519,0.013505991253272204,12,5
tottenham-hotspur,658b9548-4dbd-5b98-890b-0bb35c8a5625,Wilson Odobert,MID,LAM,2,25.7969122436435,25.733426849809533,-0.06348539383396812,-0.00018112809008480335,0.00018112809008480335,0.006286075938084834,1,1
crystal-palace,1e4afd94-5426-54f5-893e-eea93b538667,Yéremy Pino Santos,MID,LAM,17,26.786768213120425,26.7235352080687,-0.06323300505172531,0.0010055546326537953,0.006460703854911206,0.0221059548028687,9,7
newcastle-united,8385a2b5-f514-5b12-aa58-82c05b0c3586,Jacob Ramsey,MID,RCM,5,38.72370372470433,38.66099507440269,-0.06270865030163505,-0.0027094739510673317,0.0017985955342553872,0.011153154922454223,3,2
brentford,264b0f60-fa6c-50b7-8ef3-421507dcd83e,Luka Bentt,MID,UNKNOWN,15,1.5868954213281685,1.5241946568083682,-0.06270076451980021,-0.0008047565883093998,-0.0008047565883093998,0.002654721033312206,13,0
nottingham-forest,48738244-3ea2-5188-9df4-934c7ab97fe1,Ryan Yates,MID,RCM,17,16.939835774726607,16.877684857159398,-0.06215091756720899,-0.0023043897701724722,-0.0027430251948491052,0.013119895930673364,12,5
west-ham-united,e17b28b4-18e0-5316-b0b4-279fe412f5e5,Lucas Tolentino Coelho de Lima,MID,CAM,17,4.385171948220705,4.323102084523829,-0.06206986369687571,-0.001000784624636578,-0.001000784624636578,0.01804085829853641,6,4
leeds-united,c550c5c9-6be9-5d60-a724-ed8b1d333548,Brenden Aaronson,MID,RCM,6,12.816950603638029,12.755531764440883,-0.0614188391971453,0.0027792357682111892,-0.0027792357682111892,0.007374099751828345,4,2
crystal-palace,0fa345a4-e26c-50d4-8f35-8b13aa9d7c09,Will Hughes,MID,LCM,17,27.939379608520074,27.878288291804697,-0.0610913167153741,-0.0037444088019932967,0.003642519153498406,0.02479566859358362,9,8
crystal-palace,57b5b559-19a6-51a0-9c8d-8fcc78039b53,Romain Esse,MID,UNKNOWN,17,2.0768952588842287,2.015822977961369,-0.061072280922859434,-0.0007959677113476236,-0.0007959677113476236,0.0022224857807104995,17,0
brentford,cd93311b-58a9-510b-8120-ba03b92e7228,Frank Onyeka,MID,UNKNOWN,17,1.3818432690802083,1.3211212589371566,-0.0607220101430516,-0.0007791052465370825,-0.0007791052465370825,0.002656751648165999,17,0
brentford,d6b7449d-0441-5bbc-b84b-21746e1dad97,Gustavo Nunes Fernandes Gomes,MID,UNKNOWN,17,1.3700405899698684,1.3094347327300262,-0.060605857239842256,-0.0007775983471375531,-0.0007775983471375531,0.0026547696236323,17,0
arsenal,47160bb8-b2e7-5eb8-8ca4-64757268e9ba,Christian Nørgaard,MID,UNKNOWN,17,8.219394603898884,8.15900006475571,-0.060394539143172894,-0.0008472507922256612,-0.0008924637188102771,0.0036197980620852055,13,2
newcastle-united,f00c4421-dac8-5cde-9808-50d3e6144cb1,Yoane Wissa,FWD,ST,17,15.391517853510386,15.331415036282522,-0.06010281722786323,-0.0008486997892629235,-0.0004114784126660613,0.0061359593188645145,10,4
brighton-hove-albion,b4dab7b7-e19a-5e09-89be-21a334277de4,Maxim De Cuyper,DEF,LB,17,25.514293416751894,25.45419973009919,-0.060093686652704384,-0.00012722213300923145,0.00021190183385973415,0.00912678787402732,10,6
manchester-united,85474434-c2d2-5904-bdbc-d8e7b1e46db0,Harry Maguire,DEF,LCB,5,34.65286240986112,34.59313015716684,-0.05973225269427864,-0.0005398112145515333,0.0004027194145095947,0.00850904120748941,3,2
arsenal,8bac1cb7-1c33-563a-9137-8a394efb10f5,Myles Lewis-Skelly,DEF,LB,15,23.470472153135812,23.410878449992403,-0.05959370314340928,-0.0008016864756077805,-0.0019087480902166942,0.007610665329669919,11,3
newcastle-united,36a8b089-9a84-5fa6-ae4a-59a2994b9494,Lewis Miley,MID,RCM,2,17.12328142123947,17.064262373573627,-0.059019047665842095,-0.0006532932683038228,0.0006532932683038228,0.004310982714347156,1,1
chelsea,4448091c-aeb7-5ab3-a537-b2b547480e63,João Pedro Junqueira de Jesus,FWD,ST,17,29.74549753509843,29.68655069476087,-0.058946840337559835,0.003019580392924225,-0.007318853731926739,0.01682513884540282,8,9
nottingham-forest,b39a5856-0719-5cce-a0aa-88ad8472b760,Angus Gunn,GK,UNKNOWN,17,6.871743255378579,6.8132028833869285,-0.05854037199165038,-0.000847368640877875,-0.000847368640877875,0.009964391610140177,11,0
leeds-united,9e6b179b-c48c-55e2-a994-96c7b2b50d30,Sam Byram,DEF,UNKNOWN,17,1.7800106075441153,1.7216555956751052,-0.05835501186901014,-0.0007524509513263057,-0.0007524509513263057,0.002260334871199997,17,0
leeds-united,6b487d4a-07ef-5c9e-b3e0-8bc10e69d873,Daniel James,MID,RW,15,8.740767774824288,8.68253563260429,-0.058232142219997333,-0.001976334005645616,-0.0023519441699553184,0.008741010103380298,12,3
chelsea,c1d2c6e2-92b5-5eb7-abc2-bfb9ba6fffa1,Mamadou Sarr,DEF,LCB,10,10.673416219928638,10.615666380741727,-0.05774983918691148,-0.0008186397193686374,-0.0008186397193686374,0.004062469420148984,8,2
everton,56f5a725-392a-55e2-b14d-c367cb37e912,Adam Aznou,DEF,UNKNOWN,17,1.696645840637827,1.6393703150896386,-0.05727552554818853,-0.0007349668099143706,-0.0007349668099143706,0.002083174085950497,17,0
everton,9cb12f76-aa67-5f6a-9571-1925e3cbe9ef,Tim Iroegbunam,MID,RDM,17,33.024097436787386,32.96715060691867,-0.056946829868713716,-0.0032395206067810404,0.0011112825769293232,0.029277386159020702,10,7
nottingham-forest,95d64f2a-d4e8-52d7-b6b5-d4388ee086e2,James McAtee,MID,LW,3,25.993958220129,25.937334684321844,-0.05662353580714926,-0.0006523930230540228,-0.0006523930230540228,0.0012841645687989844,2,1
west-ham-united,a0539466-bf5c-5202-baf7-336484f9a7c3,Freddie Potts,MID,CM,12,14.148636022302343,14.092027388501164,-0.056608633801180086,-0.0008126744448539285,-0.0005628566202611554,0.006450926380198008,7,3
crystal-palace,fb5999b1-7357-5d65-94c6-bba6bff6ac3a,Rio Cardines,MID,UNKNOWN,17,6.682415750065223,6.625998884826764,-0.05641686523845885,-0.0007239194477711622,-0.0007567851312466707,0.0021182203350954,16,1
nottingham-forest,45407054-6d20-5e2f-99e1-2e3c19a4a991,John Victor Maciel Furtado,GK,GK,17,3.3526238056630624,3.296597776441999,-0.056026029221063436,-0.0007145954312459705,-0.0007145954312459705,0.001978259985682601,16,1
leeds-united,e5ce8638-ef71-56e5-ae05-c0e425118aa3,James Justin,DEF,RWB,5,28.792965159144224,28.737275597128484,-0.05568956201574053,0.0013740381006854374,-0.0013740381006854484,0.014168095814893311,2,3
manchester-city,dfca7131-f158-5eea-ba5e-b71b5a3655b2,Jérémy Doku,MID,LAM,5,24.318706907995995,24.2631770471181,-0.05552986087789406,-0.0006636898497913935,0.001969033191910818,0.007224269272860462,3,2
newcastle-united,50df4a11-59ff-5eba-85dd-aaca25ba3cd2,Bruno Guimarães Rodriguez Moura,MID,RCM,17,27.621580248930577,27.566438492754507,-0.05514175617606962,2.6098780724915814e-05,-0.0055439662915793605,0.021658521900882133,10,6
brentford,dc426f23-df1b-5d0d-9706-56cdf33051e4,Antoni Milambo,MID,CAM,17,1.2805164571380325,1.2254753628964397,-0.05504109424159264,-0.001225188326154841,-0.001225188326154841,0.004037154995720396,17,0
everton,4788a762-a8dd-587b-88ad-eb1d2f51ec12,Harrison Armstrong,MID,LAM,11,16.2822169487708,16.227315362373965,-0.05490158639683546,-0.0010442960132762053,-0.0010442960132762053,0.025951824698861925,9,2
nottingham-forest,6c75a09d-abcd-5e49-80c0-b7bb0873304d,Jair Paula da Cunha Filho,DEF,RCB,17,25.13890314073238,25.084067725484736,-0.054835415247650426,-0.0001035873787016717,-0.0015434987830800747,0.004613670734914199,12,5
manchester-united,c094683d-901c-5fc7-8141-a12b87dfd452,Jack Fletcher,MID,UNKNOWN,17,2.812812691320679,2.7583596992490165,-0.05445299207166241,-0.0007079261386896,-0.0007079261386896,0.0011980786441666003,17,0
everton,a53e2f5c-8466-576d-b1e1-bcf8ef8cf4fe,Elijah Campbell,DEF,UNKNOWN,17,1.5912428080944823,1.5374121924467978,-0.0538306156476843,-0.0006907497846810412,-0.0006907497846810412,0.0018636403454520972,17,0
tottenham-hotspur,b29e3c1f-f8e8-5b6a-a5de-fbd51d039e55,Cristian Romero,DEF,RCB,17,15.817344150064384,15.7641560018072,-0.05318814825718513,0.0013158141934331202,-0.00506323076188177,0.02191274336730531,8,7
aston-villa,c99bcd9a-7c5c-5af7-a7b7-c656aaa7b5c0,George Hemmings,MID,UNKNOWN,17,3.876276456962616,3.8232513593795336,-0.05302509758308226,-0.0007739518238990528,-0.0007739518238990528,0.003079846863509497,16,1
manchester-united,c25595b5-e2ff-574c-a81a-7781e0f7e21c,Bendito Mantato,MID,UNKNOWN,17,1.9580978912916276,1.9052262216319544,-0.05287166965967292,-0.000681570684454535,-0.000681570684454535,0.001173940144684603,17,0
aston-villa,10bf80fe-07e5-553b-a3ee-42780a276766,Jamaldeen Jimoh,MID,UNKNOWN,17,2.1360964594033263,2.083784611474429,-0.05231184792889715,-0.0006770881087417821,-0.0006770881087417821,0.0022071802930287987,17,0
everton,f91d8dc3-a6b9-50ae-8b60-4740532501f3,Reece Welch,DEF,UNKNOWN,17,1.5380474194693314,1.4860430915054241,-0.05200432796390725,-0.000667309098407571,-0.000667309098407571,0.001729338199366201,17,0
manchester-united,b0be752e-48b5-55b6-a5cc-4db545646b87,Tyler Fredricson,DEF,UNKNOWN,17,1.5401293655812671,1.4882619265075374,-0.051867439073729746,-0.0006662851888335582,-0.0006662851888335582,0.0011624623528806999,17,0
arsenal,985b9a31-a1a8-56e4-8ff5-61888deeb760,Piero Hincapié,DEF,LB,14,35.48679827717802,35.435821719135795,-0.05097655804222345,-0.0007801350388066933,-0.0029403326965103693,0.01780264505658402,6,8
arsenal,1a956dd6-5231-5dd8-954b-7236c855bc20,Gabriel Fernando de Jesus,FWD,ST,15,19.03898010806746,18.989039425850844,-0.04994068221661247,-0.001879752330694925,-0.0020543941221704376,0.006889405792565695,10,5
manchester-united,f06870d3-70b2-576f-aa34-548f7a56e5ff,Tyler Fletcher,MID,UNKNOWN,17,2.668740053950092,2.6192364910439676,-0.0495035629061243,-0.0007763950732138061,-0.0007763950732138061,0.0019557550560276027,12,1
crystal-palace,54c6bc18-644b-57b1-900c-ac250e976e83,Odsonne Edouard,FWD,UNKNOWN,17,1.2532056244478276,1.2037460712339725,-0.04945955321385506,-0.0006344294467873001,-0.0006344294467873001,0.0017936570988773964,17,0
manchester-united,3e1b1cbc-faad-5ea4-8f2a-48694f197d92,Shea Lacey,MID,UNKNOWN,17,4.000742352850273,3.9525577212327105,-0.048184631617562736,-0.0007500587616154816,-0.0007500587616154816,0.0011732791553542982,16,1
tottenham-hotspur,d64982ba-72ef-52d6-b8fe-3706499963ab,Conor Gallagher,MID,RCM,13,18.28380559575036,18.236831842736233,-0.046973753014126304,-0.0008580048612832262,0.0018131513888252028,0.02967850579363751,6,7
wolverhampton-wanderers,15d02b2c-303d-5403-b3ee-c1bb398578ae,Angel Gomes,MID,CAM,6,20.968222655962492,20.921643441796817,-0.04657921416567549,-0.001306376225502286,-0.0019937274244862385,0.004557297934927512,6,0
aston-villa,c3ed1064-989c-5d91-badd-450b776d7aa2,Harvey Elliott,MID,CAM,17,3.4842484651680796,3.4376781116815827,-0.046570353486497025,-0.0013868041743954815,-0.0013868041743954815,0.005152244116614801,16,1
manchester-united,56a3196e-0e47-5549-b09e-4059f2f52c05,André Onana,GK,UNKNOWN,17,1.2437637452544965,1.1972979440893583,-0.04646580116513842,-0.0005961445560478236,-0.0005961445560478236,0.0010509262345607048,17,0
manchester-city,ef856b2c-4200-58fa-8d76-23913677f5ba,Oscar Bobb,MID,RW,2,1.501087721106921,1.4557824555254366,-0.04530526558148451,-0.0007577357349079009,-0.0007577357349079009,0.0009110582926017997,2,0
chelsea,45e56d29-fbb6-5964-afdf-bc8805b99518,Ryan Kavuma-McQueen,MID,UNKNOWN,3,3.11079893219817,3.0659733138350127,-0.04482561836315724,-0.0005972196768096998,-0.0005972196768096998,0.0012935356846634008,2,0
newcastle-united,133b6e37-92c1-5dc9-a4dd-a5f957768626,Joelinton Cássio Apolinário de Lira,MID,LCM,17,33.87081609203591,33.82632567958983,-0.044490412446087126,-0.000357569103426512,-0.0010732949800101015,0.01319374247570182,9,6
manchester-united,b811a23d-b423-5518-bbf4-9c501dfa7e27,Tyrell Malacia,DEF,UNKNOWN,17,2.5788435122304394,2.534356519655404,-0.044486992575035925,-0.0007794845396867939,-0.0007794845396867939,0.0017520777245913985,15,2
liverpool,66e53a63-86c7-5b13-92b7-7f9d7f77e440,Ibrahima Konaté,DEF,RCB,17,23.872470729346613,23.82868622396605,-0.04378450538056497,-2.4907753741943525e-05,0.0004918444386823905,0.019987919522812092,6,11
leeds-united,2151f057-0065-57a0-87e5-2a434738b8d1,Gabriel Gudmundsson,DEF,LWB,17,34.83587712203859,34.792518825796606,-0.04335829624198982,0.0016979210532193732,-0.004656525668629983,0.008805265209300472,10,7
chelsea,d7143aed-fcb8-5af3-8721-72433dd889d7,Filip Jørgensen,GK,GK,17,22.101041828207645,22.05785344452884,-0.043188383678806626,-0.0005105680564282828,-0.0015373844019755875,0.008149900445916014,11,5
newcastle-united,36a8b089-9a84-5fa6-ae4a-59a2994b9494,Lewis Miley,MID,RB,15,28.558551041387645,28.515844014117643,-0.04270702726999828,-0.0004586794572759017,-0.0009604547274579179,0.0028782302665769643,8,4
everton,dea12abc-e8dd-5839-b626-0cb7e72e9a26,Iliman Ndiaye,MID,RAM,11,17.00845903161979,16.966361979464537,-0.04209705215524979,-0.00047442608156818213,0.00020684650925228913,0.007138433411965073,5,5
nottingham-forest,4c28754a-2719-5e29-8ce7-41731afbf204,Taiwo Awoniyi,FWD,ST,17,13.70202686053924,13.661022919759121,-0.04100394078011922,-0.001465132619134487,-0.0018147790368667012,0.005986659069288719,11,6
tottenham-hotspur,229e2aab-318b-5964-bc2e-1b5fcbac0a02,João Victor de Souza Menezes,DEF,UNKNOWN,6,19.017591468150545,18.976610489678112,-0.04098097847243213,-0.0006549308603062057,-0.0006517354786834863,0.004206256604200709,1,1
liverpool,e1be452d-eabb-5030-8f89-d3b48d85fedb,Florian Wirtz,MID,CAM,16,27.509722852120312,27.469572535725685,-0.040150316394626184,-0.00025720385823660083,-0.005340062347768109,0.020472726681337705,7,8
burnley,d32e1d40-cd0b-5139-ba7c-c76463a583d8,Zian Flemming,FWD,ST,17,23.40738002224088,23.367421034364142,-0.039958987876736456,-0.0004868082866424238,0.0008119450742292182,0.02325708540346,7,9
everton,449977b8-953f-5ce6-891f-263d4632e3d0,Mark Travers,GK,UNKNOWN,17,1.185453570859078,1.1463498670708387,-0.03910370378823928,-0.0005017048423635525,-0.0005017048423635525,0.0008601436192633011,17,0
chelsea,e193642b-a6b4-53a0-9d0e-1e71ab70a347,Shumaira Mheuka,FWD,UNKNOWN,2,8.264764497235692,8.225865153507284,-0.038899343728409086,-0.0005331543020601973,-0.0005331543020601973,0.0007495866049800001,2,0
aston-villa,c462a624-2653-5229-87c5-bd5b685f0e3c,Lamare Bogarde,DEF,RB,10,43.29226011806406,43.25403846635472,-0.03822165170933491,-0.0012639330738273252,-0.004687724377051428,0.008739310580869408,5,5
aston-villa,3f25f3e8-deb4-5121-abaf-e0c9f890735f,John McGinn,MID,RAM,17,28.152006156885857,28.114085910869345,-0.03792024601651544,-0.0006569089407440384,-0.003028135102661868,0.013293312673332836,10,7
brentford,f10b2a81-0b74-578a-872a-ded3a4da9ea0,Mikkel Damsgaard,MID,CAM,17,26.4535406077079,26.41570183700239,-0.03783877070550806,-0.003734941438329446,0.007354484087034487,0.030827181570791284,7,10
arsenal,eeb9fc59-f254-555c-b473-e81a697d50ea,Kepa Arrizabalaga,GK,UNKNOWN,17,7.788099954411686,7.750968605199851,-0.0371313492118349,-0.00047648453672866986,-0.0005258023752500709,0.0016655670321405053,13,1
chelsea,6538c4ff-2308-56ae-85e7-392fba76d555,Marc Guiu Paz,FWD,ST,17,5.798838077097002,5.763108615869537,-0.03572946122746529,-0.0005217225176555959,-0.0005217225176555959,0.0031213320982290127,12,2
brentford,5b437fb1-87e8-5470-a8b1-31f7023f6c2a,Josh Dasilva,MID,UNKNOWN,17,1.1741362184523254,1.138632841732034,-0.03550337672029157,-0.0004821101588206058,-0.0004821101588206058,0.003155566521254198,5,0
manchester-city,a8873d13-747b-51b1-97e7-d8505b4f0084,Sávio 'Savinho' Moreira de Oliveira,MID,LW,15,12.451367282003696,12.416696770562025,-0.03467051144167009,-0.0009514454198663664,-0.0008884233888578571,0.0034994623174303963,9,3
aston-villa,78a5fb9b-0cc3-5ca8-9c14-4b1df8bc2701,Alysson Edward Franco da Rocha dos Santos,MID,UNKNOWN,17,5.616372004968575,5.582307769354772,-0.03406423561380315,-0.0007539060231689811,-0.0007539060231689811,0.003286979494700887,11,1
aston-villa,f9c97a6f-e17d-5698-8c75-c663ad76efc9,Bradley Burrowes,MID,UNKNOWN,17,1.2229597345877237,1.1889951612161047,-0.033964573371619004,-0.00043582978161301757,-0.00043582978161301757,0.0007746631414327007,17,0
newcastle-united,b5144153-3ffb-56d4-89c7-cf4cc50a101e,Jacob Murphy,MID,RW,17,20.812957645455075,20.77901494940231,-0.033942696052762,-0.00060742005852102,0.0018527537556253988,0.017055973985918016,9,7
arsenal,4a30d43b-d2c4-514a-8544-4ba07f51e68a,Gabriel Martinelli Silva,MID,LW,11,18.48116043297772,18.447242176592773,-0.033918256384948234,-0.00018230225188132422,-0.002914351951274326,0.004792013312231613,6,5
brighton-hove-albion,f6f6439f-07ed-5fba-988d-36a0c8ad3580,Yankuba Minteh,MID,RAM,17,22.23339765229504,22.199534046144827,-0.033863606150210064,0.003635245394305378,0.0020140776339695,0.02083739913746631,7,10
brighton-hove-albion,e8f9ae6c-524f-581f-b52e-91657ed81bf5,Mats Wieffer,MID,RB,17,22.778162228997022,22.744922529840807,-0.03323969915621851,0.0010432806670880059,0.001213764867424474,0.020044347999172207,7,9
crystal-palace,0f20e713-a3d1-5036-b0b2-e9f32d1bc66f,Jaydee Canvot,DEF,LCB,7,20.18417348758208,20.150939434048528,-0.03323405353354555,-0.0004267088081996321,-0.00035265199284051363,0.00509614076306486,4,3
manchester-city,a71d684a-cc48-5dab-9f2a-addd0208884c,Rúben Gato Alves Dias,DEF,RCB,17,25.34135756023727,25.30827777903378,-0.033079781203488215,0.00021881905937429572,-0.00129008507755213,0.012477476520812297,10,6
arsenal,ef53aa3a-f5fe-5a12-9743-66a2adc7f069,Kai Havertz,FWD,UNKNOWN,3,21.844423852729363,21.812469194860984,-0.031954657868376625,-0.00041121287198386927,-0.00047718082837260034,0.0009414761165792013,2,0
nottingham-forest,df240c75-117c-5865-8931-093b55e8d7fd,Luca Netz,DEF,UNKNOWN,11,20.241707932232593,20.210611543792897,-0.031096388439694825,-0.0006123157964507392,-0.0010502276794990169,0.002641482511108406,7,4
tottenham-hotspur,1b5a9b51-4626-5901-8e54-14c32dbca29e,Ben Davies,DEF,LB,17,2.4194061303437335,2.3893393658266526,-0.030066764517080895,0.0001379531629177823,-0.0005137426024829877,0.005539414005906573,5,2
sunderland,d7a7fcda-2a3c-55c2-80be-adc778736b39,Lutsharel Geertruida,DEF,RB,10,30.621522317524004,30.59352317237566,-0.027999145148346293,0.0002472039081336877,-0.00136305443140666,0.008628944952085216,5,5
burnley,145d420f-bb1d-5646-81b9-1baf31260fb4,Marcus Edwards,MID,RAM,16,23.719160917044277,23.691600614470417,-0.027560302573862383,0.001186283347614264,0.010124081596283158,0.02304158328225908,9,6
arsenal,7844404e-dd2c-5f68-9390-675ab60be346,Martín Zubimendi Ibáñez,MID,RDM,2,15.134451319947772,15.107494899802287,-0.026956420145484827,-0.0007165236040364564,0.0007165236040364564,0.005037990615696986,1,1
arsenal,4e7e2452-fc18-56ea-affd-727b7b8276b6,Marli Salmon,DEF,UNKNOWN,17,1.726032779534289,1.69920189114619,-0.026830888388099185,-0.00034435153215389344,-0.00034435153215389344,0.000972297701285596,15,0
arsenal,234cf75e-2a33-5c20-84e6-e2da37e6e93e,Viktor Gyökeres,FWD,ST,17,26.077704682714657,26.05146493979088,-0.02623974292377628,0.0005213641723884643,0.0003853584495384088,0.008556231125804226,7,9
leeds-united,c86ca08c-b2a0-524b-91f4-254b65701bdd,Facundo Buonanotte,MID,UNKNOWN,17,4.274870091607452,4.248876432325626,-0.025993659281826065,-0.0009622888893453756,-0.0009622888893453756,0.004330952101530894,13,2
manchester-city,eebb4710-6fe9-53e9-81e0-a650547126a0,Rayan Cherki,MID,RAM,13,19.017778546560148,18.991841488213357,-0.025937058346790727,0.000556688519660735,-0.0032672581374823964,0.0086249389835934,5,8
manchester-city,83730675-676b-50b6-b1eb-8dac7bf1945f,Rico Lewis,DEF,RB,17,17.953372811874306,17.927440529955966,-0.025932281918339274,-0.0002983736647743904,-0.0011698188465361712,0.0076566966307389794,11,4
manchester-united,1b9763d0-3c26-574c-9903-2c98b8431990,Matheus Santos Carneiro Da Cunha,MID,LAM,17,23.895757886204144,23.87035887843042,-0.025399007773725155,0.0013944744187145027,-0.0034486470814273852,0.008051650054423098,8,9
nottingham-forest,f3622ce0-e53f-5501-815d-62c51a6d4fea,Felipe Rodrigues da Silva,DEF,LCB,17,21.595370155203614,21.57017010032734,-0.025200054876275073,-0.0009791063749623186,-3.584975240010094e-05,0.020366518770118636,11,6
manchester-city,7eb8003c-fda3-5fc5-8d67-ca7a0d89468c,John Stones,DEF,RCB,17,7.70542266648215,7.68066004518781,-0.02476262129434028,-0.0003578041315972043,-0.00036100736830248735,0.0014847148877382005,13,2
brighton-hove-albion,8336ddce-f2ef-5ef6-8084-2f36c38c78c2,Olivier Boscagli,DEF,LB,2,65.00678559069868,64.98220995994862,-0.024575630750057087,-0.0002891345470250606,0.00023417768419263518,0.0005233122312176819,1,0
wolverhampton-wanderers,762b7b12-29aa-5f0f-aef0-ca1bf2237692,Jhon Arias,MID,RW,17,6.982026952075749,6.9575221674915255,-0.024504784584224025,-0.0005778803246566778,-0.000378870933540344,0.008794693258897257,10,5
everton,e9f5aa44-1c52-51c9-85a6-b079a6b78080,Merlin Röhl,MID,RAM,3,20.853481349552446,20.829406630844186,-0.02407471870825854,-0.01650438619927715,0.01650438619927715,0.039217906249258805,1,2
brighton-hove-albion,f941023a-8afb-5610-bf89-e6cc352c84c9,Harry Howell,MID,UNKNOWN,4,18.437502259443193,18.413466929790513,-0.024035329652678017,-0.00030840304966627766,-0.000258771085742124,0.0006615308344012014,2,0
newcastle-united,7d97f99a-8163-5c05-a74a-5dd9794bd812,Dan Burn,DEF,LB,3,40.943255680381746,40.919769904685275,-0.023485775696473848,-0.0002968598267496514,-0.0006083311219224896,0.0013577864230082115,1,2
nottingham-forest,160a88b7-d0f5-5baf-a570-b22bd50320c5,Arnaud Kalimuendo,FWD,UNKNOWN,17,1.824993317476829,1.8025242556065855,-0.022469061870243362,-0.00029041670568527616,-0.00029041670568527616,0.0007009820175064001,14,0
afc-bournemouth,0f8b78a8-3315-50f5-8b1d-435ce1fc41ac,Tyler Adams,MID,RDM,15,20.347542470196604,20.32548371076607,-0.02205875943053252,-0.006004277008173668,-0.008402432823064335,0.025237770161925743,9,6
nottingham-forest,5f17411d-c038-5e34-a617-3af584fd4072,João Pedro Ferreira Silva,MID,UNKNOWN,17,1.3577036745037203,1.3357275639796777,-0.021976110524042677,-0.00028194462406390576,-0.00028194462406390576,0.0007275880694084004,14,0
nottingham-forest,7bd0a9d6-bb34-5833-a203-195f3ed28398,Willy Boly,DEF,UNKNOWN,17,1.3507615079332054,1.3289293809066889,-0.0218321270265166,-0.00028010337629901796,-0.00028010337629901796,0.0007227354067062004,14,0
arsenal,e56ccbdf-4f96-5baa-8699-639841e474cf,Ethan Nwaneri,MID,UNKNOWN,17,1.2812386644881915,1.2603320217102674,-0.020906642777924304,-0.0002684728217800473,-0.0002684728217800473,0.0005898953454991987,12,0
burnley,4156c194-ad00-5d9c-aa4d-5f67c7deba01,James Ward-Prowse,MID,RDM,6,17.419109820228545,17.398263220809927,-0.02084659941862199,-0.0010786453907548899,-0.0009068617270661383,0.002530054815536975,3,3
crystal-palace,d7ab42eb-50da-5a3f-a583-fdf38b0d2cfe,Daichi Kamada,MID,LCM,17,25.005958381831455,24.98557992715847,-0.020378454672985907,-0.002720097634522578,-0.002917689476564005,0.013991528365314476,8,9
manchester-city,76b5ff9e-de1b-5e1c-9671-313179f87301,Stephen Mfuni,DEF,UNKNOWN,17,1.1866826860915907,1.1671094922691498,-0.019573193822440643,-0.00025115557130432994,-0.00025115557130432994,0.0019751818713374045,5,0
nottingham-forest,b741dff8-c470-5246-a88a-18fd87c23462,Dilane Bakwa,MID,RAM,4,29.990288616067588,29.971225752249715,-0.01906286381787048,-0.00033710100507667456,-0.0011560317609120158,0.0021395973819686998,2,2
chelsea,762fd3f4-3f85-52c7-b5be-8c0c563cf25f,Andrey Nascimento dos Santos,MID,LDM,12,31.47102659077879,31.452237548725524,-0.018789042053266886,-0.0007925075087879518,0.0014298689975101656,0.019272944520865587,4,8
manchester-city,4073380f-fdfa-557a-86ed-8cd80b77ee9d,Ryan McAidoo,MID,UNKNOWN,17,1.8476216866678197,1.8293843273355161,-0.018237359332303273,-0.0002339928735253705,-0.0002339928735253705,0.0015113894945083042,6,1
tottenham-hotspur,febe7f51-de0b-52b1-9d0c-59d8e1a3f195,Jun'ai Byfield,DEF,UNKNOWN,17,2.398117201272756,2.3802969106933554,-0.017820290579400627,-0.00023014626472666483,-0.00023014626472666483,0.0027883633136840946,5,5
arsenal,a59c8c73-081c-5af5-b38a-63728986d689,Andre Harriman-Annous,MID,UNKNOWN,17,0.9767350960377186,0.9590239049214778,-0.017711191116240716,-0.00022723290049185893,-0.00022723290049185893,0.0005873879298982018,11,0
arsenal,3bb649d5-6bd9-5f6f-ab96-003ed40fb0e5,Max Dowman,MID,UNKNOWN,17,9.396097784138592,9.37840636801893,-0.0176914161196622,-0.001123555403995961,-0.0011923759749943366,0.008529431359858397,9,4
chelsea,f8666db2-925c-5357-81ba-263e71b165b3,Roméo Lavia,MID,LDM,10,6.482264791397789,6.466218217494713,-0.016046573903076157,-0.0010511257359837876,-0.0002781767616659101,0.0038647448715893873,5,2
afc-bournemouth,8ddc00f8-7aec-56e5-a5ba-d916b5ee5129,Marcus Tavernier,MID,CAM,13,19.894422407286843,19.878585153126046,-0.01583725416079468,-0.0015152988758485447,-0.006346544194911394,0.020150502402074444,6,7
afc-bournemouth,a6bdefcf-d1cc-5cf5-b107-5db1175ae6d7,Charlie Stevens,MID,UNKNOWN,17,0.24311225026215263,0.22740191254698625,-0.015710337715166417,-0.0002016181860762706,-0.0002016181860762706,0.0005105713407673003,16,0
west-ham-united,df163264-e6df-5807-b72d-55a49982fc76,Oliver Scarles,DEF,LB,17,16.6065210965566,16.590956316589384,-0.015564779967217598,-0.0002786954027162794,-0.0005044752213713393,0.004634281536254337,9,7
brentford,49be184d-c700-5f44-b645-1ba5d87d644b,Riley Owen,MID,UNKNOWN,7,0.5044686191417073,0.4889312732862029,-0.01553734585550437,-0.00020106236323730008,-0.00020106236323730008,0.0007352799360467004,3,0
arsenal,bb3b8274-9ec6-590d-960b-7359ace76c10,Tommy Setford,GK,UNKNOWN,17,0.8942477073777727,0.8787882672369107,-0.015459440140862006,-0.00019836418461828832,-0.00019836418461828832,0.0005260514036565002,11,0
afc-bournemouth,008d2c76-fdd2-5900-b0a7-76f161624033,Zain Silcott-Duberry,MID,UNKNOWN,17,0.18301302796686456,0.1678732821448231,-0.015139745822041459,-0.00019413057552120587,-0.00019413057552120587,0.0005105713407673003,15,0
afc-bournemouth,86d0010e-673c-5965-9b92-c376e3c2d6bb,Luis Sinisterra Lucumí,MID,UNKNOWN,17,0.18301302796686456,0.1678732821448231,-0.015139745822041459,-0.00019413057552120587,-0.00019413057552120587,0.0005105713407673003,15,0
afc-bournemouth,8d9c6042-8350-5012-a4f8-d49d969cb337,Malcom DaCosta,MID,UNKNOWN,17,0.18301302796686456,0.1678732821448231,-0.015139745822041459,-0.00019413057552120587,-0.00019413057552120587,0.0005105713407673003,15,0
afc-bournemouth,7cb988ef-4744-5ce3-98cc-c754ea7e1140,Philip Billing,MID,UNKNOWN,17,0.18301302796686456,0.1678732821448231,-0.015139745822041459,-0.00019413057552120587,-0.00019413057552120587,0.0005105713407673003,15,0
afc-bournemouth,a53c733c-fb3d-55f5-9802-cbc27c0120a1,Romain Faivre,MID,UNKNOWN,17,0.18301302796686456,0.1678732821448231,-0.015139745822041459,-0.00019413057552120587,-0.00019413057552120587,0.0005105713407673003,15,0
afc-bournemouth,f2384d23-40fc-571b-be81-f06bf589e501,Dominic Sadi,MID,UNKNOWN,17,0.18301302796686456,0.1678732821448231,-0.015139745822041459,-0.00019413057552120587,-0.00019413057552120587,0.0005105713407673003,15,0
afc-bournemouth,3e61580c-5a6e-5b01-ae61-bbe1bd176448,Julián Araujo Zúñiga,DEF,UNKNOWN,17,0.18107601417311642,0.16603565850746782,-0.0150403556656486,-0.0001928539965667823,-0.0001928539965667823,0.0005072302296523995,15,0
afc-bournemouth,593f130c-029a-519e-99b2-2efbad8db85c,Matai Akinmboni,DEF,UNKNOWN,17,0.18107601417311642,0.16603565850746782,-0.0150403556656486,-0.0001928539965667823,-0.0001928539965667823,0.0005072302296523995,15,0
afc-bournemouth,d78f4914-c91a-5304-b99a-7fb62e3cae80,Chris Mepham,DEF,UNKNOWN,17,0.18107601417311642,0.16603565850746782,-0.0150403556656486,-0.0001928539965667823,-0.0001928539965667823,0.0005072302296523995,15,0
afc-bournemouth,ebb0047c-1d74-5500-9b6f-bfcf1f4850fa,Owen Bevan,DEF,UNKNOWN,17,0.18107601417311642,0.16603565850746782,-0.0150403556656486,-0.0001928539965667823,-0.0001928539965667823,0.0005072302296523995,15,0
afc-bournemouth,181a8851-38f6-5860-81d4-fa120c303791,Illia Zabarnyi,DEF,UNKNOWN,17,0.18107601417311642,0.16603565850746782,-0.0150403556656486,-0.0001928539965667823,-0.0001928539965667823,0.0005072302296523995,15,0
afc-bournemouth,46aa1f65-58cf-5336-a5b9-987fec584086,Christos Mandas,GK,UNKNOWN,15,0.2348975750823327,0.22001830451712578,-0.014879270565206909,-0.00019100662445469997,-0.00019100662445469997,0.0004554643972292001,14,0
liverpool,ca26a4ce-2ced-5022-9763-3d7960d87d9c,Talla Ndiaye,DEF,UNKNOWN,4,0.38263312380925496,0.36795147754454266,-0.014681646264712273,-0.000188861523031125,-0.000188861523031125,0.00023638339230479992,4,0
afc-bournemouth,fa056e15-7491-5ea6-b5b9-9272ccb67279,Daniel Adu-Adjei,FWD,UNKNOWN,17,0.17280412590117888,0.15851474618860054,-0.014289379712578354,-0.0001832252647405353,-0.0001832252647405353,0.0004820225778547002,14,0
burnley,fada1568-55fd-5aec-8b69-9db9bcbee6ae,Lyle Foster,FWD,ST,17,21.417834243395017,21.403602425510883,-0.014231817884134093,-0.0001184227872815818,0.00045426487571147064,0.006577104165636616,7,9
nottingham-forest,dfe5ecab-1907-51dd-86d8-e202dc3cfab8,Chris Wood,FWD,ST,17,15.749179813524021,15.735059761555322,-0.014120051968698026,-0.00032307119819139155,-0.001351572700917434,0.004400669196692131,13,4
liverpool,e4e14fae-4616-5bcb-8b8f-ada565c92ea4,Will Wright,FWD,UNKNOWN,5,0.3284101234820674,0.31436636639008725,-0.014043757091980098,-0.00018069966078526,-0.00018069966078526,0.00029925119182499984,4,0
west-ham-united,f5aa8296-17cf-55f8-94a2-fa0e2ef64071,Finlay Herrick,GK,UNKNOWN,8,1.695673602103611,1.6819607179122775,-0.013712884191333333,-0.00017616241462778675,-0.00017616241462778675,0.0008544976757837996,2,0
west-ham-united,b7c9efe9-e4ac-5f89-b85e-5170d8689598,Adama Traoré Diarra,MID,UNKNOWN,15,11.676591704140801,11.662886862085147,-0.013704842055654904,-0.0003000688327735789,-0.0003000688327735789,0.0018817110574343016,5,5
arsenal,79caa72c-19b1-5ed2-9eea-49bec88916b3,Eberechi Eze,MID,RCM,6,12.226153257270981,12.212539624795113,-0.013613632475870219,-0.001053071310209398,-0.0028597084037870154,0.005419911280732881,4,2
chelsea,33ac99dd-6169-5c59-bc88-cc17620c7707,Jesse Derry,MID,UNKNOWN,3,18.770206474157174,18.756606100874205,-0.013600373282968667,-0.00018543943807734775,-0.00023899265281009975,0.00031832406816559994,2,0
afc-bournemouth,e5113eeb-009b-5c03-912e-73d28bc314d1,Callan McKenna,GK,UNKNOWN,17,0.16396793119264008,0.15046933647897656,-0.013498594713663544,-0.00017308574332498234,-0.00017308574332498234,0.0004554643972292001,14,0
afc-bournemouth,a96d53d3-d160-52b6-99b3-674b5732caf9,Alex Paulsen,GK,UNKNOWN,17,0.16396793119264008,0.15046933647897656,-0.013498594713663544,-0.00017308574332498234,-0.00017308574332498234,0.0004554643972292001,14,0
afc-bournemouth,a7cb351a-4afd-594f-b568-de92320223cd,Norberto Murara Neto,GK,UNKNOWN,17,0.16396793119264008,0.15046933647897656,-0.013498594713663544,-0.00017308574332498234,-0.00017308574332498234,0.0004554643972292001,14,0
afc-bournemouth,eb7cb920-43c6-5bd3-aa05-8d063bd39e11,Will Dennis,GK,UNKNOWN,17,0.16396793119264008,0.15046933647897656,-0.013498594713663544,-0.00017308574332498234,-0.00017308574332498234,0.0004554643972292001,14,0
afc-bournemouth,3ab94b43-d375-5807-9666-7c419c15fd62,Fraser Forster,GK,UNKNOWN,17,0.16431345973354677,0.15081490944326706,-0.01349855029027971,-0.00017308574332498234,-0.00017308574332498234,0.0004554643972292001,14,0
aston-villa,b4f928ae-7ba3-580f-98d8-aafd811dfc4b,Lucas Digne,DEF,LB,17,44.411457810680716,44.39828573403206,-0.013172076648656376,-0.0002263242866223255,-0.0011302176826732762,0.011150630519164206,7,10
newcastle-united,7ab09590-a77c-56c4-9a78-756ad9d93a0e,Fabian Schär,DEF,LCB,17,7.368329229549153,7.355383484490567,-0.012945745058586484,-0.00016551888567708408,-0.00016551888567708408,0.0018129257244759028,10,2
sunderland,108c0e76-e71e-58ec-8110-b227fcaf4998,Dan Neil,MID,UNKNOWN,17,2.3367091895542433,2.323929626748297,-0.012779562805946335,-0.000169562011224823,-0.000169562011224823,0.0015641250141423951,10,2
brentford,84a81438-2d6f-5b57-9f53-a19eb89da5ec,Conor McManus,DEF,UNKNOWN,8,0.34514916112634236,0.33340268879119983,-0.01174647233514255,-0.00015084170400202505,-0.00015084170400202505,0.0003651198215466004,4,0
brentford,a6ed8ddf-dbbe-57e0-85cb-f4de4f26a559,Joshua Stephenson,DEF,UNKNOWN,8,0.34514916112634236,0.33340268879119983,-0.01174647233514255,-0.00015084170400202505,-0.00015084170400202505,0.0003651198215466004,4,0
fulham,bf6c1651-0779-512e-9c37-3b8ac8c14714,Alex Iwobi,MID,LDM,1,7.851052887643846,7.839546126079213,-0.011506761564632484,-0.0001324778306905916,0.0001324778306905916,0.0001324778306905916,1,0
manchester-city,8f8bfbcb-af82-5a5c-952d-234afde668ad,Rayan Aït-Nouri,DEF,LB,17,27.32063688559842,27.309133887062433,-0.01150299853598939,-0.0007647208856634737,-0.001596469711257467,0.0083626064442959,7,9
wolverhampton-wanderers,1af989ce-689b-54c9-b0af-f7cc033bb301,Matt Doherty,DEF,RCB,17,20.80465760457883,20.793434650376184,-0.01122295420264499,-2.1254001110952794e-05,-0.00015687368229649318,0.0030032100383017013,6,9
sunderland,8d2b9ffe-5bdc-5a57-a260-957032f24371,Arthur Masuaku,DEF,LB,17,2.018186594547428,2.007112475502773,-0.011074119044655547,-0.00019429770105908837,-0.00019429770105908837,0.0009378530027966993,10,4
fulham,b0f2d5cb-b80d-5e8a-9e43-b15a89d555ca,Antonee Robinson,DEF,LB,17,29.300502225015034,29.28949966959567,-0.011002555419362615,-0.00333686769515527,0.0019134883967603395,0.02091219712392567,8,9
chelsea,3c785544-9ef9-55d3-b726-bcbf136d1d05,Tyrique George,MID,UNKNOWN,3,0.781885851937361,0.7710578975915826,-0.01082795434577836,-0.00013905346430530003,-0.00013905346430530003,0.00019602738897529955,2,0
wolverhampton-wanderers,3a3da8a7-b40c-5129-bab5-9c920e3a58ab,David Møller Wolfe,DEF,LWB,17,22.675424499310807,22.664837680224164,-0.010586819086646075,2.148923221711109e-06,-0.00022942622224188697,0.0034853164006592996,9,7
chelsea,1cbf9470-32ae-558b-85b7-1337e7cc76f0,Dário Luís Essugo,MID,UNKNOWN,17,3.0476006657579764,3.0370379221616117,-0.010562743596364802,-0.0002260066081101762,-0.0002260066081101762,0.0011741846597926944,5,1
wolverhampton-wanderers,65e0fe15-a1a2-5476-910a-832e300873cd,Tom Edozie,MID,UNKNOWN,17,3.0940591418552943,3.083511426559181,-0.010547715296113432,-0.0001702725013625483,-0.0001702725013625483,0.0008759308868790047,6,3
west-ham-united,2d4c58d3-9f00-5834-a712-c8fbd35a2876,Kyle Walker-Peters,DEF,RB,17,26.828288661540924,26.818017619569474,-0.010271041971450783,-0.0010033653018536805,0.0032882943954943207,0.019395432886293307,7,10
manchester-united,90d13749-3400-5b29-97ac-80155b4b938a,Jim Thwaites,MID,UNKNOWN,6,0.3423177863780163,0.3323546624319728,-0.009963123946043534,-0.00012831325586518322,-0.00012831325586518322,0.0003104999553146994,2,0
brentford,bb2b3164-02e8-5f8e-a60c-627d9ed7a85b,Ollie Shield,DEF,UNKNOWN,11,0.2795046254554102,0.27020197794417566,-0.009302647511234536,-0.00011934014274260908,-0.00011934014274260908,0.0003651198215466004,3,0
newcastle-united,b1d0e8b6-8d99-5966-bb22-0ea18cfa7da1,Alex Murphy,DEF,UNKNOWN,17,2.0235222340295995,2.014514743910597,-0.009007490119002743,-9.883819047904144e-05,-9.883819047904144e-05,0.0003158627335913995,9,1
liverpool,d94247e4-7435-5b73-b547-77783343b8ef,Luis Díaz,MID,UNKNOWN,17,0.13401114833537942,0.1250236581171271,-0.008987490218252311,-0.0001152392663994118,-0.0001152392663994118,0.00021260310543480022,6,0
liverpool,3bab7c49-aa46-58d8-90d6-4cf3bfbcf8da,James McConnell,MID,UNKNOWN,17,0.13401114833537942,0.1250236581171271,-0.008987490218252311,-0.0001152392663994118,-0.0001152392663994118,0.00021260310543480022,6,0
liverpool,c06a7898-18bc-59aa-9fea-bb61923ebd70,Stefan Bajcetic,MID,UNKNOWN,17,0.13401114833537942,0.1250236581171271,-0.008987490218252311,-0.0001152392663994118,-0.0001152392663994118,0.00021260310543480022,6,0
liverpool,cfee3285-846d-500c-84d7-88006991819d,Tyler Morton,MID,UNKNOWN,17,0.13401114833537942,0.1250236581171271,-0.008987490218252311,-0.0001152392663994118,-0.0001152392663994118,0.00021260310543480022,6,0
liverpool,d1f47c3f-5231-51c6-81dc-a5736cee9adb,Rhys Williams,DEF,UNKNOWN,17,0.1325192434502488,0.1235908700265877,-0.008928373423661092,-0.00011448023487134121,-0.00011448023487134121,0.00021120586662750013,6,0
liverpool,9eccc04f-8346-57b1-bd1e-71323575dc04,Konstantinos Tsimikas,DEF,UNKNOWN,17,0.1325192434502488,0.1235908700265877,-0.008928373423661092,-0.00011448023487134121,-0.00011448023487134121,0.00021120586662750013,6,0
sunderland,37f00cac-e0bd-5d5f-8d3b-b841092110ca,Jenson Seelt,DEF,LCB,17,1.7866853724978646,1.778005256640356,-0.008680115857508705,-0.00016792892089751102,-0.00016792892089751102,0.0008031860766081998,9,2
wolverhampton-wanderers,5e05a265-c5a6-5d89-b646-3db7a5e9e98e,Ki-Jana Hoever,DEF,RWB,17,3.824300782758259,3.815796763014971,-0.008504019743287947,-0.00010610267159623642,-0.00010610267159623642,0.0008743588239681008,8,6
manchester-city,14629041-15dd-5022-aee0-77d30034ea61,Kalvin Phillips,MID,UNKNOWN,17,0.8718383586899912,0.8633532288476798,-0.008485129842311286,-0.0001088500313115293,-0.0001088500313115293,0.00038610225475430027,5,0
manchester-city,3f1aa38c-fd56-5adf-be5a-a23c7b331590,Reigan Heskey,MID,UNKNOWN,17,0.872142877026916,0.863657829817339,-0.00848504720957695,-0.00010885002754395283,-0.00010885002754395283,0.00038610222927789976,5,0
liverpool,138144e8-72f1-5e52-a26e-d5ee565f1904,Darwin Núñez Ribeiro,FWD,UNKNOWN,17,0.12654029705005118,0.11805840670685969,-0.008481890343191493,-0.00010875568567199408,-0.00010875568567199408,0.00020066669548049997,5,0
manchester-city,db8017e7-100e-5284-985b-973c57b41eb1,Charlie Gray,MID,UNKNOWN,17,0.872022491930168,0.8635407402863646,-0.008481751643803407,-0.00010880771724464707,-0.00010880771724464707,0.00038581914424020043,5,0
west-ham-united,801d7a76-cf1f-5b76-bb8d-848b93ec78d0,Mohamadou Kanté,MID,UNKNOWN,17,6.920616671658187,6.9124633618829705,-0.008153309775215712,-9.418048640675043e-05,-9.418048640675043e-05,0.0014109153392175,6,3
brentford,a0dfa4d7-9b37-5a30-a0cf-b03abfdc34be,Paris Maghoma,MID,UNKNOWN,17,0.18139883784123548,0.17336690128495477,-0.00803193655628073,-0.00010298911511204117,-0.00010298911511204117,0.00036751843462409957,3,0
brentford,c28ae9a8-3584-5002-85a9-89ca8147f495,Ryan Trevitt,MID,UNKNOWN,17,0.18139883784123548,0.17336690128495477,-0.00803193655628073,-0.00010298911511204117,-0.00010298911511204117,0.00036751843462409957,3,0
liverpool,abbc599e-36f3-5bfb-baf8-47f6866dfc5a,Ármin Pécsi,GK,UNKNOWN,17,0.12014002037237119,0.1121282061049193,-0.008011814267451886,-0.00010272846249524701,-0.00010272846249524701,0.00018956777055499988,3,0
tottenham-hotspur,f0bfb35e-c09e-553b-a545-fec85a6cd62d,Radu Dragusin,DEF,UNKNOWN,3,29.64115085052133,29.633159003920166,-0.00799184660117199,-9.981520397950826e-05,-0.0005744493718788003,0.0007119512518489017,2,1
brentford,4529cc9c-0d9e-5c75-9cdb-c96823dbb4bb,Ji-Soo Kim,DEF,UNKNOWN,17,0.1795584718021767,0.17157922075935744,-0.007979251042819263,-0.00010231249064617646,-0.00010231249064617646,0.0003651198215466004,3,0
brentford,a99d4078-6d91-5523-9b16-44a8f956825f,Mads Roerslev Rasmussen,DEF,UNKNOWN,17,0.1795584718021767,0.17157922075935744,-0.007979251042819263,-0.00010231249064617646,-0.00010231249064617646,0.0003651198215466004,3,0
brentford,64ea5a0c-6a53-55f2-ae6f-2b9d19c3ef4c,Benjamin Fredrick,DEF,UNKNOWN,17,0.1795584718021767,0.17157922075935744,-0.007979251042819263,-0.00010231249064617646,-0.00010231249064617646,0.0003651198215466004,3,0
brentford,1f00be1d-f337-5d52-8681-3b0fa688f138,Jayden Meghoma,DEF,UNKNOWN,17,0.1795584718021767,0.17157922075935744,-0.007979251042819263,-0.00010231249064617646,-0.00010231249064617646,0.0003651198215466004,3,0
leeds-united,8aed7572-0495-5ac2-820c-f11d789d946b,Alfie Cresswell,MID,UNKNOWN,2,0.6154495414071908,0.607565338110959,-0.007884203296231768,-0.00010162988782529982,-0.00010162988782529982,0.00010664599407649977,0,0
manchester-city,201e624c-dbdb-53d2-bd0f-51add9b0065a,Divine Mukasa,MID,UNKNOWN,17,1.9906724162810268,1.9829637398610316,-0.007708676419995018,-0.0003365694701561352,-0.0003365694701561352,0.002408640381084501,6,1
sunderland,225f5e34-6fc2-5816-9440-78853ac977df,Djiamgone Jocelin Ta Bi,MID,RW,11,2.0122426264752664,2.0046233167491385,-0.007619309726127757,-0.00020165173116189238,-0.00020165173116189238,0.0010824944809563058,4,1
brentford,bacd8263-8eeb-5ef3-b645-49a241fa83d9,Iwan Morgan,FWD,UNKNOWN,17,0.1712725637534646,0.16369137485223703,-0.007581188901227578,-9.720871593505882e-05,-9.720871593505882e-05,0.00034702031015639966,3,0
crystal-palace,e68c597b-f82a-5110-a6b0-2ac05e79459f,Danny Imray,DEF,UNKNOWN,17,0.23037995482576187,0.22296994719543722,-0.007410007630324635,-9.514963195037057e-05,-9.514963195037057e-05,0.0002603528016091993,5,0
sunderland,3cf05c9c-7a55-5a44-a329-0902efc33077,Patrick Roberts,MID,UNKNOWN,17,1.4101163657076985,1.402741695172395,-0.007374670535303307,-9.468705636543016e-05,-9.468705636543016e-05,0.0004436270224660987,9,2
sunderland,2242741c-0c9d-5d7b-b694-b2ed9e90a357,Milan Aleksić,MID,UNKNOWN,17,1.3743344518241456,1.3669612981982862,-0.007373153625859604,-9.459648395972258e-05,-9.459648395972258e-05,0.0004429456964489993,9,2
sunderland,fbd7b929-e9ee-5505-9389-8ef971bf9a18,Harrison Jones,MID,UNKNOWN,17,1.3743344229891985,1.366961269891022,-0.007373153098176492,-9.459647718106448e-05,-9.459647718106448e-05,0.0004429456110777996,9,2
leeds-united,224e0505-bb1f-5108-9049-89f41bbc562d,Rhys Chadwick,MID,UNKNOWN,3,0.5242841688656676,0.516936615924888,-0.007347552940779646,-9.474583718006647e-05,-9.474583718006647e-05,0.00013480229334659945,1,0
sunderland,2a538130-2bf1-5641-a473-bf61732a281a,Niall Huggins,DEF,UNKNOWN,17,1.3623125902718347,1.3549860550846042,-0.007326535187230352,-9.399420860064077e-05,-9.399420860064077e-05,0.0004400874832733003,9,2
sunderland,4e9df2c1-63ca-50df-9304-416e4fa2ccf0,Jenson Jones,DEF,UNKNOWN,17,1.3630233559235068,1.3556970123046759,-0.007326343618830627,-9.399420860064077e-05,-9.399420860064077e-05,0.0004400874832733003,9,2
leeds-united,75309ae5-7034-59b3-88da-c65d78251de3,Jayden Lienou,DEF,UNKNOWN,3,0.5036567348531436,0.4963548927584558,-0.007301842094687798,-9.412340737720018e-05,-9.412340737720018e-05,0.0001339189118040006,1,0
brentford,55869120-1b6d-5919-931f-3dde3bca7732,Julian Eyestone,GK,UNKNOWN,17,0.16243629192091302,0.1552743064320188,-0.007161985488894228,-9.183369128812939e-05,-9.183369128812939e-05,0.0003279459092067,1,0
brentford,4bebf70a-f9d7-55fe-8796-9a275b3e9028,Ellery Balcombe,GK,UNKNOWN,17,0.16243629192091302,0.1552743064320188,-0.007161985488894228,-9.183369128812939e-05,-9.183369128812939e-05,0.0003279459092067,1,0
brentford,dea74422-f842-5f22-bd36-3db6e8fed901,Matthew Cox,GK,UNKNOWN,17,0.16243629192091302,0.1552743064320188,-0.007161985488894228,-9.183369128812939e-05,-9.183369128812939e-05,0.0003279459092067,1,0
newcastle-united,d7693e44-9092-592e-b518-8da97eaf9fdf,Harvey Barnes,MID,RW,3,14.626825113754464,14.61972781704658,-0.007097296707883061,0.0011218755151826503,-0.0011218755151826503,0.001646904933436999,1,2
crystal-palace,4a3bf9a8-1ae9-5861-8928-532b92a6c22f,Asher Agbinone,MID,UNKNOWN,17,0.1789248598325324,0.17200803541678797,-0.006916824415744429,-8.869221935550586e-05,-8.869221935550586e-05,0.00026206284288390023,4,0
crystal-palace,7d4bc651-f5e0-5ae8-9709-849c00f1a61b,David Ozoh,MID,UNKNOWN,17,0.1789248598325324,0.17200803541678797,-0.006916824415744429,-8.869221935550586e-05,-8.869221935550586e-05,0.00026206284288390023,4,0
crystal-palace,59c942dd-2dab-5b1a-9f04-5b62986736e0,Franco Umeh-Chibueze,MID,UNKNOWN,17,0.1789248598325324,0.17200803541678797,-0.006916824415744429,-8.869221935550586e-05,-8.869221935550586e-05,0.00026206284288390023,4,0
crystal-palace,243675a7-4ad0-538c-b467-4d86abacd336,Matheus França de Oliveira,MID,UNKNOWN,17,0.1789248598325324,0.17200803541678797,-0.006916824415744429,-8.869221935550586e-05,-8.869221935550586e-05,0.00026206284288390023,4,0
crystal-palace,497b8d6a-c411-513c-a163-1c4721829380,Cheick Doucouré,MID,UNKNOWN,17,0.1789248598325324,0.17200803541678797,-0.006916824415744429,-8.869221935550586e-05,-8.869221935550586e-05,0.00026206284288390023,4,0
crystal-palace,1c8b5aea-2765-5fb4-8e3f-2e2c0d8e9789,Jesurun Rak-Sakyi,MID,UNKNOWN,17,0.1789248598325324,0.17200803541678797,-0.006916824415744429,-8.869221935550586e-05,-8.869221935550586e-05,0.00026206284288390023,4,0
crystal-palace,4d2ef119-cee5-59de-b521-e76e507b10a3,Naouirou Ahamada,MID,UNKNOWN,17,0.1789248598325324,0.17200803541678797,-0.006916824415744429,-8.869221935550586e-05,-8.869221935550586e-05,0.00026206284288390023,4,0
crystal-palace,6d291bbc-dd81-5e79-9c2c-57d811927bb7,Malcolm Ebiowei,MID,UNKNOWN,17,0.1789248598325324,0.17200803541678797,-0.006916824415744429,-8.869221935550586e-05,-8.869221935550586e-05,0.00026206284288390023,4,0
crystal-palace,bd5423ef-c3cd-59a3-ac25-5401c93ceabd,Caleb Kporha,DEF,UNKNOWN,17,0.17704564837938147,0.1701741984893198,-0.006871449890061669,-8.810938055577059e-05,-8.810938055577059e-05,0.0002603528016091993,4,0
crystal-palace,338f3d83-aa9c-5345-b935-7d288bc48226,Rob Holding,DEF,UNKNOWN,17,0.17704564837938147,0.1701741984893198,-0.006871449890061669,-8.810938055577059e-05,-8.810938055577059e-05,0.0002603528016091993,4,0
crystal-palace,75c61312-34c3-5360-8382-01f6f4596567,Dean Benamar,DEF,UNKNOWN,17,0.17718290664704897,0.17031147672961008,-0.006871429917438921,-8.810938055577059e-05,-8.810938055577059e-05,0.0002603528016091993,4,0
crystal-palace,d059b9c1-1893-5319-8a4c-4c28ebb95283,George King,DEF,UNKNOWN,17,0.1774874095641708,0.17061602014228522,-0.0068713894218855815,-8.810938055577059e-05,-8.810938055577059e-05,0.0002603528016091993,4,0
wolverhampton-wanderers,8c70bef4-3e5d-5879-ade5-43db59c91c76,Marshall Munetsi,MID,RCM,17,3.269138321607184,3.2622961488583035,-0.00684217274888043,-0.000104577784374106,-0.000104577784374106,0.0009140984580160993,8,6
manchester-united,ce4e9feb-4403-58eb-8399-9928c574bf12,Marcus Rashford,MID,UNKNOWN,17,0.18380772680200927,0.17696641181606387,-0.006841314985945353,-8.772202257812353e-05,-8.772202257812353e-05,0.00015988449701400016,3,0
manchester-united,19dca51d-e567-5833-865b-bf93ed6f1446,Sékou Koné,MID,UNKNOWN,17,0.18380772680200927,0.17696641181606387,-0.006841314985945353,-8.772202257812353e-05,-8.772202257812353e-05,0.00015988449701400016,3,0
manchester-united,47894d22-89fc-5bbf-9ac1-bc02e0c1f66a,Toby Collyer,MID,UNKNOWN,17,0.18380772680200927,0.17696641181606387,-0.006841314985945353,-8.772202257812353e-05,-8.772202257812353e-05,0.00015988449701400016,3,0
manchester-united,55143d8c-646d-5b69-aa97-acba4f0ffb1f,Antony Matheus dos Santos,MID,UNKNOWN,17,0.18380772680200927,0.17696641181606387,-0.006841314985945353,-8.772202257812353e-05,-8.772202257812353e-05,0.00015988449701400016,3,0
manchester-united,7c216ccf-147f-5756-9a74-4d0b9402ce45,Jayce Fitzgerald,MID,UNKNOWN,17,0.18380772680200927,0.17696641181606387,-0.006841314985945353,-8.772202257812353e-05,-8.772202257812353e-05,0.00015988449701400016,3,0
manchester-united,8c95c60a-d2e8-5ad6-93e5-0da20edabc1c,Jack Moorhouse,MID,UNKNOWN,17,0.18380772680200927,0.17696641181606387,-0.006841314985945353,-8.772202257812353e-05,-8.772202257812353e-05,0.00015988449701400016,3,0
manchester-united,dc37455d-e136-5cbf-bd39-ad65976452ea,Diego León Blanco,DEF,UNKNOWN,17,0.18190829964294386,0.17511190319253606,-0.006796396450407803,-8.714517656731764e-05,-8.714517656731764e-05,0.00015883906943329942,3,0
manchester-united,6babb292-a645-5e1b-b4d5-28aa296e2170,Harry Amass,DEF,UNKNOWN,17,0.18190829964294386,0.17511190319253606,-0.006796396450407803,-8.714517656731764e-05,-8.714517656731764e-05,0.00015883906943329942,3,0
manchester-united,bf70640d-1ddd-5fed-92a7-6e29105224ac,Godwill Kukonki,DEF,UNKNOWN,17,0.1822270204966394,0.17543063643953113,-0.006796384057108258,-8.714517656731764e-05,-8.714517656731764e-05,0.00015883906943329942,3,0
sunderland,a5317ecc-a139-537c-b7b0-0ce2036209ee,Anthony Patterson,GK,UNKNOWN,17,1.2309502019509717,1.2243532502927155,-0.006596951658256186,-8.463526828050604e-05,-8.463526828050604e-05,0.0003957363257084002,8,1
tottenham-hotspur,227cf32e-d062-5df9-8908-cb5491836ff8,Antonín Kinsky,GK,UNKNOWN,11,8.832516381503524,8.825946575469695,-0.0065698060338276335,-8.429315602630958e-05,-2.3890196655782306e-05,0.0003559987225568006,5,1
crystal-palace,6d81b456-1e21-53df-b199-f937f3f1a15a,Zach Marsh,FWD,UNKNOWN,17,0.16894501025024494,0.16241643903175482,-0.0065285712184901335,-8.37130914791647e-05,-8.37130914791647e-05,0.00024744899752399997,2,0
manchester-united,819b7c7d-510f-5e87-9598-9ffb7fdba6bd,Chido Obi-Martin,FWD,UNKNOWN,17,0.17354955300779681,0.1670925019955142,-0.006457051012282597,-8.279425309854116e-05,-8.279425309854116e-05,0.00015095128490149982,3,0
manchester-united,128605db-ef96-581e-9536-1f9c6090a43e,Rasmus Højlund,FWD,UNKNOWN,17,0.17354955300779681,0.1670925019955142,-0.006457051012282597,-8.279425309854116e-05,-8.279425309854116e-05,0.00015095128490149982,3,0
manchester-united,2a96dab1-4edc-53be-a938-3a9b093833e7,Ethan Wheatley,FWD,UNKNOWN,17,0.17354955300779681,0.1670925019955142,-0.006457051012282597,-8.279425309854116e-05,-8.279425309854116e-05,0.00015095128490149982,3,0
chelsea,fe9a1543-b64c-5f41-9c1e-8ceab47a9679,Mathis Eboué,MID,UNKNOWN,3,0.5687583557484053,0.5625294531223582,-0.006228902626046991,-8.06092797758669e-05,-8.06092797758669e-05,0.00017666932548240054,1,0
crystal-palace,16ef4452-4723-591b-a4c4-1e6d28163523,Remi Matthews,GK,UNKNOWN,17,0.16029419074976708,0.15412669833719297,-0.006167492412574096,-7.90832693596118e-05,-7.90832693596118e-05,0.0002338499028371006,2,0
fulham,aa380b97-b3f2-5b4a-8e61-1b6dd1a987f1,Martial Godo,MID,UNKNOWN,17,0.17217928836609495,0.16605310129752265,-0.006126187068572294,-7.855419389600009e-05,-7.855419389600009e-05,0.0002483841076475002,1,0
fulham,736d59b4-ee4f-5f6a-b344-46cfa35656af,Luke Harris,MID,UNKNOWN,17,0.17217928836609495,0.16605310129752265,-0.006126187068572294,-7.855419389600009e-05,-7.855419389600009e-05,0.0002483841076475002,1,0
fulham,7eeea32d-a93f-528c-b39d-13738bb7845d,Andreas Hoelgebaum Pereira,MID,UNKNOWN,17,0.17217928836609495,0.16605310129752265,-0.006126187068572294,-7.855419389600009e-05,-7.855419389600009e-05,0.0002483841076475002,1,0
fulham,6d366ec9-c535-5d7b-98f7-1b1f90cd3d69,Seth Ridgeon,MID,UNKNOWN,17,0.172270741787919,0.16614455907403625,-0.006126182713882787,-7.855419389600009e-05,-7.855419389600009e-05,0.0002483841076475002,1,0
manchester-united,d2035595-c8bf-52ec-be83-aa94cbdd1f5e,Elyh Harrison,GK,UNKNOWN,17,0.1646292734198075,0.15852955780161915,-0.006099715618188324,-7.82125170757235e-05,-7.82125170757235e-05,0.00014264022310309966,2,0
manchester-united,e506edb1-3109-5180-85b9-a2063b0960f9,Dermot Mee,GK,UNKNOWN,17,0.1646292734198075,0.15852955780161915,-0.006099715618188324,-7.82125170757235e-05,-7.82125170757235e-05,0.00014264022310309966,2,0
manchester-united,9b51d70e-f25b-5ceb-bfe6-08197c59b50b,Tom Heaton,GK,UNKNOWN,17,0.1646292734198075,0.15852955780161915,-0.006099715618188324,-7.82125170757235e-05,-7.82125170757235e-05,0.00014264022310309966,2,0
fulham,9281e7d3-95c6-5154-b3c9-4063c1760d4a,Samuel Amissah,DEF,UNKNOWN,17,0.17029409604458334,0.16420812184619066,-0.006085974198392696,-7.803764710428237e-05,-7.803764710428237e-05,0.0002467600614137998,1,0
everton,f4de63a1-566c-55a8-bfd7-d9fd1efa3975,Isaac Heath,MID,UNKNOWN,17,0.17520488551624855,0.1694620858837801,-0.005742799632468476,-7.363683782092357e-05,-7.363683782092357e-05,0.00012972957247230077,1,0
everton,b2d37505-28d0-53f0-9238-bb13559bf0ae,Coby Ebere,MID,UNKNOWN,17,0.17520488551624855,0.1694620858837801,-0.005742799632468476,-7.363683782092357e-05,-7.363683782092357e-05,0.00012972957247230077,1,0
everton,7d836281-43c0-58f9-a57e-3e73ea5c442f,Jenson Metcalfe,MID,UNKNOWN,17,0.17520488551624855,0.1694620858837801,-0.005742799632468476,-7.363683782092357e-05,-7.363683782092357e-05,0.00012972957247230077,1,0
everton,06919308-2b7f-56b3-a019-7f39ab787840,Tyler Onyango,MID,UNKNOWN,17,0.17520488551624855,0.1694620858837801,-0.005742799632468476,-7.363683782092357e-05,-7.363683782092357e-05,0.00012972957247230077,1,0
everton,ce8b6d7b-8dfe-599e-9f1e-09de5a79f605,Callum Bates,MID,UNKNOWN,17,0.17520488551624855,0.1694620858837801,-0.005742799632468476,-7.363683782092357e-05,-7.363683782092357e-05,0.00012972957247230077,1,0
everton,665d5a02-0a50-5c58-b9af-f3a596f034ae,Roman Dixon,DEF,UNKNOWN,17,0.17333944981868246,0.16763437035803347,-0.0057050794606490025,-7.315240074542359e-05,-7.315240074542359e-05,0.00012888004914990078,1,0
newcastle-united,6413050e-23fa-55d4-bcaa-e972e6db29e7,Jamaal Lascelles,DEF,UNKNOWN,17,1.087708077576081,1.0820042115137825,-0.005703866062298453,-7.316018147682348e-05,-7.316018147682348e-05,0.0003156567881654991,6,2
fulham,2884db2a-9a3e-58f5-be50-545bd0c7643d,Steven Benda,GK,UNKNOWN,17,0.15433385422178636,0.14887172638814014,-0.005462127833646209,-7.00387211870941e-05,-7.00387211870941e-05,0.00022159546672299944,1,0
fulham,1e279394-1dc2-5db0-90f5-5df405248d22,Alfie McNally,GK,UNKNOWN,17,0.1546836960264383,0.14922158533542024,-0.0054621106910180675,-7.00387211870941e-05,-7.00387211870941e-05,0.00022159546672299944,1,0
everton,10e8170d-7e2b-59c5-ace8-bb28f971652e,Martin Sherif,FWD,UNKNOWN,17,0.16543151653629382,0.16001141265160657,-0.005420103884687241,-6.949857247711174e-05,-6.949857247711174e-05,0.0001224709098764992,0,0
everton,02097b11-2664-5254-bae0-da15e4e226fd,Youssef Ramalho Chermiti,FWD,UNKNOWN,17,0.16543151653629382,0.16001141265160657,-0.005420103884687241,-6.949857247711174e-05,-6.949857247711174e-05,0.0001224709098764992,0,0
everton,2b3c2d65-43ec-580f-a3a6-3c0407c52660,Braiden Graham,FWD,UNKNOWN,17,0.1656376263934887,0.16021753566083585,-0.005420090732652863,-6.949857247711174e-05,-6.949857247711174e-05,0.0001224709098764992,0,0
manchester-city,138e28b4-ff6e-5598-bbd5-0b255b509b73,Tijjani Reijnders,MID,RCM,15,22.26180735288438,22.25641693898086,-0.005390413903521936,-0.00028066124875043656,-0.0001833949708993819,0.016329946690833985,10,4
newcastle-united,2f6d1039-5d87-5a97-af8d-222573c68089,Emil Krafth,DEF,RB,17,1.0449637487694021,1.0396397924048686,-0.005323956364533252,-0.00011850061073614114,-0.00011850061073614114,0.0005236745437780001,6,2
everton,f92892c3-1747-5c0a-a695-2a39400b3974,Tom King,GK,UNKNOWN,17,0.15698215872961127,0.15186212408838273,-0.0051200346412285614,-6.565108526752352e-05,-6.565108526752352e-05,0.00011571887457689951,0,0
everton,3c33697d-f1f4-5c84-b4d4-fe5ba2bf4a3e,Harry Tyrer,GK,UNKNOWN,17,0.15698215872961127,0.15186212408838273,-0.0051200346412285614,-6.565108526752352e-05,-6.565108526752352e-05,0.00011571887457689951,0,0
tottenham-hotspur,d64982ba-72ef-52d6-b8fe-3706499963ab,Conor Gallagher,MID,CAM,2,6.618227018395572,6.6131118469795425,-0.005115171416029796,0.0033468617441556048,-0.0033468617441556048,0.003395631270713184,1,1
everton,305c798a-fbdf-56f1-849c-099d894a35e7,Seamus Coleman,DEF,RB,17,0.5224190745015335,0.5173228049710832,-0.005096269530450206,-0.0012226321357382006,-0.0012226321357382006,0.0052071064467024,5,2
wolverhampton-wanderers,ebd46261-67a5-56cc-9b55-02bde7f16bba,Jean-Ricner Bellegarde,MID,LW,6,17.094950771265882,17.089910504954734,-0.00504026631114914,5.6352924133035394e-05,0.0010598465366340702,0.0030104808375031045,3,3
leeds-united,4ef7093e-03ff-5d62-a744-87ea8be7d38a,Largie Ramazani,MID,UNKNOWN,17,0.14464537823454698,0.13977891877385315,-0.00486645946069383,-6.239955825901761e-05,-6.239955825901761e-05,9.661378157409988e-05,0,0
leeds-united,42d589dd-2de8-5c4b-8de3-2ec64bd27ef3,Darko Gyabi,MID,UNKNOWN,17,0.14464537823454698,0.13977891877385315,-0.00486645946069383,-6.239955825901761e-05,-6.239955825901761e-05,9.661378157409988e-05,0,0
leeds-united,974ef92f-7944-5ffd-a730-7734e72c7dac,Sam Greenwood,MID,UNKNOWN,17,0.14464537823454698,0.13977891877385315,-0.00486645946069383,-6.239955825901761e-05,-6.239955825901761e-05,9.661378157409988e-05,0,0
leeds-united,b51b313f-f96d-5c33-b8be-063d710952f5,Charlie Crew,MID,UNKNOWN,17,0.14464537823454698,0.13977891877385315,-0.00486645946069383,-6.239955825901761e-05,-6.239955825901761e-05,9.661378157409988e-05,0,0
leeds-united,efcc548f-5524-51fb-8c54-56bea848dc3f,Joe Gelhardt,MID,UNKNOWN,17,0.14464537823454698,0.13977891877385315,-0.00486645946069383,-6.239955825901761e-05,-6.239955825901761e-05,9.661378157409988e-05,0,0
leeds-united,da39b561-29f9-5523-9f7e-ce428995a667,Sam Chambers,MID,UNKNOWN,17,0.14498583084063485,0.14011938431346935,-0.004866446527165489,-6.239955825901761e-05,-6.239955825901761e-05,9.661378157409988e-05,0,0
leeds-united,05464ed5-30b5-5db8-b69e-4ed4ecf68b91,Isaac Schmidt,DEF,UNKNOWN,17,0.14300993178178684,0.1381754738887902,-0.004834457892996615,-6.198861000323533e-05,-6.198861000323533e-05,9.597770763099993e-05,0,0
chelsea,1cc11978-28c5-57b6-a8a3-ba979d1349e4,Tosin Adarabioyo,DEF,LCB,17,13.732477994902801,13.727819253462254,-0.004658741440547441,-0.0022445980735024446,-0.0010247559834285858,0.01140698968178322,11,5
leeds-united,f7e01f64-b15b-5e5f-b9bb-443acf0263eb,Mateo Joseph Fernández,FWD,UNKNOWN,17,0.1365866275867735,0.13199390007763726,-0.004592727509136245,-5.888925251088825e-05,-5.888925251088825e-05,9.118037406570002e-05,0,0
leeds-united,2ae46311-d669-503a-b92c-a3711ab11610,Patrick Bamford,FWD,UNKNOWN,17,0.1365866275867735,0.13199390007763726,-0.004592727509136245,-5.888925251088825e-05,-5.888925251088825e-05,9.118037406570002e-05,0,0
leeds-united,28a76709-86bc-5374-b68f-317ce6a2fece,Harry Gray,FWD,UNKNOWN,17,0.1365866275867735,0.13199390007763726,-0.004592727509136245,-5.888925251088825e-05,-5.888925251088825e-05,9.118037406570002e-05,0,0
tottenham-hotspur,852ce8af-54d5-556e-8431-239c5c2bd592,Dane Scarlett,FWD,UNKNOWN,17,2.609510999290986,2.6049254337601186,-0.004585565530867817,-0.00018753027847610582,-0.00018753027847610582,0.001087877565307295,5,5
aston-villa,6517ec6b-b699-5e53-b78b-8bbbcce330f1,Lewis Dobbin,MID,UNKNOWN,17,0.16022498216250428,0.15577252893990218,-0.004452453222602073,-5.709098585856471e-05,-5.709098585856471e-05,0.00010480791576480009,0,0
aston-villa,6e6140a4-aa53-53d9-8294-65bcc27fb797,Enzo Barrenechea,MID,UNKNOWN,17,0.16022498216250428,0.15577252893990218,-0.004452453222602073,-5.709098585856471e-05,-5.709098585856471e-05,0.00010480791576480009,0,0
aston-villa,bcc6a105-7ef3-5eb5-9726-42cc4774fab6,Kadan Young,MID,UNKNOWN,17,0.16022498216250428,0.15577252893990218,-0.004452453222602073,-5.709098585856471e-05,-5.709098585856471e-05,0.00010480791576480009,0,0
aston-villa,776ca00b-064f-5962-b13e-39b9ecc19565,Ben Broggio,MID,UNKNOWN,17,0.16022498216250428,0.15577252893990218,-0.004452453222602073,-5.709098585856471e-05,-5.709098585856471e-05,0.00010480791576480009,0,0
aston-villa,0149b1c8-68c4-54bd-8de0-efa8eb1f3390,Samuel Iling-Junior,MID,UNKNOWN,17,0.16022498216250428,0.15577252893990218,-0.004452453222602073,-5.709098585856471e-05,-5.709098585856471e-05,0.00010480791576480009,0,0
aston-villa,6ab4d1ec-2347-5b21-a77c-9c1c7d979f72,Leander Dendoncker,MID,UNKNOWN,17,0.16022498216250428,0.15577252893990218,-0.004452453222602073,-5.709098585856471e-05,-5.709098585856471e-05,0.00010480791576480009,0,0
aston-villa,a77f0bd7-b9b5-51f5-af70-c69a28ce9a92,Triston Rowe,DEF,UNKNOWN,17,0.1584986767612441,0.1540754792759997,-0.004423197485244403,-5.671529622260587e-05,-5.671529622260587e-05,0.00010412150655550022,0,0
aston-villa,a465fc20-4efd-5bc6-8425-d03b549097a3,Travis Patterson,DEF,UNKNOWN,17,0.1584986767612441,0.1540754792759997,-0.004423197485244403,-5.671529622260587e-05,-5.671529622260587e-05,0.00010412150655550022,0,0
aston-villa,ff6ac8b3-f76c-56db-8744-bf4a56390581,Yasin Özcan,DEF,UNKNOWN,17,0.1584986767612441,0.1540754792759997,-0.004423197485244403,-5.671529622260587e-05,-5.671529622260587e-05,0.00010412150655550022,0,0
aston-villa,df661983-7efb-5039-9382-a6bb05a46fca,Alexandre Moreno Lopera,DEF,UNKNOWN,17,0.1584986767612441,0.1540754792759997,-0.004423197485244403,-5.671529622260587e-05,-5.671529622260587e-05,0.00010412150655550022,0,0
aston-villa,c3bdffac-23a6-5dc0-afbc-2dac9debaaec,Lino Sousa,DEF,UNKNOWN,17,0.1584986767612441,0.1540754792759997,-0.004423197485244403,-5.671529622260587e-05,-5.671529622260587e-05,0.00010412150655550022,0,0
aston-villa,a4798308-8b08-58ce-bee3-f8f992c39433,Leon Routh,DEF,UNKNOWN,17,0.15856567157774903,0.1541424771718459,-0.004423194405903118,-5.671529622260587e-05,-5.671529622260587e-05,0.00010412150655550022,0,0
aston-villa,911a6c24-cbd6-51b5-a0e6-63141da5941a,TJ Carroll,DEF,UNKNOWN,17,0.1587695372403136,0.15434635324136606,-0.004423183998947532,-5.671529622260587e-05,-5.671529622260587e-05,0.00010412150655550022,0,0
crystal-palace,5cde41a6-f4dd-545d-93c5-e931c1be6f72,Evann Guessand,MID,LAM,12,16.073715724551214,16.069315267961326,-0.004400456589888487,-0.0011628953500897067,-0.004757924770517061,0.01092657797262836,8,4
leeds-united,52774bd0-a651-51a2-9572-aa9c204ae1cd,Illan Meslier,GK,UNKNOWN,17,0.1297056271411614,0.1253674059942858,-0.0043382211468755835,-5.562598117278823e-05,-5.562598117278823e-05,8.612916283559993e-05,0,0
leeds-united,d5ed50c8-a1c0-5093-be21-18e0e2bcefa6,Alex Cairns,GK,UNKNOWN,17,0.1297056271411614,0.1253674059942858,-0.0043382211468755835,-5.562598117278823e-05,-5.562598117278823e-05,8.612916283559993e-05,0,0
aston-villa,89ce4151-856a-5f41-95d3-f389f8485b67,Zépiqueno Redmond,FWD,UNKNOWN,17,0.1512898401518654,0.14708764327705956,-0.004202196874805836,-5.3881731153299995e-05,-5.3881731153299995e-05,9.894300008130019e-05,0,0
aston-villa,bd5307f1-09ef-54fa-a533-e5a4d61dba38,Joe Gauci,GK,UNKNOWN,17,0.143583577756473,0.13961408069049797,-0.003969497065975041,-5.0898066873241224e-05,-5.0898066873241224e-05,9.348750565600032e-05,0,0
aston-villa,a5e88d98-0294-52ef-9968-f81bd1db5d39,James Wright,GK,UNKNOWN,17,0.143583577756473,0.13961408069049797,-0.003969497065975041,-5.0898066873241224e-05,-5.0898066873241224e-05,9.348750565600032e-05,0,0
aston-villa,a0358c69-0ee6-5665-8e69-284ac90e79e2,Sam Proctor,GK,UNKNOWN,17,0.143583577756473,0.13961408069049797,-0.003969497065975041,-5.0898066873241224e-05,-5.0898066873241224e-05,9.348750565600032e-05,0,0
aston-villa,403473dc-0639-5520-b946-3672b4d2eb76,Filip Marschall,GK,UNKNOWN,17,0.143583577756473,0.13961408069049797,-0.003969497065975041,-5.0898066873241224e-05,-5.0898066873241224e-05,9.348750565600032e-05,0,0
aston-villa,4eff34eb-4869-5c38-bfd5-d8fdac31cd65,Ronnie Hollingshead,GK,UNKNOWN,17,0.143583577756473,0.13961408069049797,-0.003969497065975041,-5.0898066873241224e-05,-5.0898066873241224e-05,9.348750565600032e-05,0,0
wolverhampton-wanderers,7be329fe-cc60-5f63-80c4-03a1366b6cd0,Sasa Kalajdzic,FWD,UNKNOWN,17,1.2305528758665616,1.2269280770832576,-0.0036247987833039324,-4.6501997172712005e-05,-4.6501997172712005e-05,0.0003193718606645003,7,2
west-ham-united,a707d017-b234-5dd1-8a6b-b42ba7eea73b,Lewis Orford,MID,UNKNOWN,17,1.0905784837488293,1.0870888972116284,-0.003489586537200804,-4.477208915368197e-05,-4.477208915368197e-05,0.0003487002892362985,3,0
wolverhampton-wanderers,1ddf1d34-6f86-5fa6-a5b9-c192a8ae5692,Fer López González,MID,RCM,17,3.0448903093225033,3.041437692197885,-0.0034526171246183853,-5.275668488014055e-05,-5.275668488014055e-05,0.0006740151673368007,7,6
wolverhampton-wanderers,82707ab5-c726-5a80-a634-33c7385fa2ef,Tawanda Chirewa,MID,UNKNOWN,17,1.7708406904831924,1.767434351163431,-0.00340633931976157,-4.344195856424714e-05,-4.344195856424714e-05,0.000338646278965099,7,3
aston-villa,7a546fa7-fe3d-5862-a0fc-4542c4583e9e,Ross Barkley,MID,UNKNOWN,9,11.715595693488902,11.71221505939872,-0.003380634090184816,-0.0024133087115634894,-0.0031921462446909774,0.007244227251577889,5,4
west-ham-united,b6f95b82-3948-530a-af8b-7dc1803ca830,Keiber Lamadrid,MID,UNKNOWN,16,1.277126316821541,1.2738316613620548,-0.0032946554594861545,-4.2209567359774764e-05,-4.2209567359774764e-05,0.0003205700999482017,3,0
wolverhampton-wanderers,41af0355-d126-5dc9-b44e-6d3d4ad2661b,Sam Johnstone,GK,GK,17,8.024992192052562,8.021807173821829,-0.003185018230731911,-3.544442877641723e-05,-3.544442877641723e-05,0.0016869625906263952,8,8
nottingham-forest,e3585885-db68-53a1-9e54-3b826e4f4ab4,Marko Stamenić,MID,UNKNOWN,17,0.1803974011309277,0.17750631448253326,-0.002891086648394452,-3.707085108544114e-05,-3.707085108544114e-05,9.495792684420003e-05,0,0
nottingham-forest,48ff28dc-47a5-5bf2-aa77-5c8603c53a73,Lewis O'Brien,MID,UNKNOWN,17,0.1803974011309277,0.17750631448253326,-0.002891086648394452,-3.707085108544114e-05,-3.707085108544114e-05,9.495792684420003e-05,0,0
nottingham-forest,745d2ecb-f1ae-5f49-9981-19e46e256bfd,Eric da Silva Moreira,MID,UNKNOWN,17,0.1803974011309277,0.17750631448253326,-0.002891086648394452,-3.707085108544114e-05,-3.707085108544114e-05,9.495792684420003e-05,0,0
nottingham-forest,51739999-9a04-51dc-8b0d-cef46695f5c8,Omar Richards,DEF,UNKNOWN,17,0.17851353324725783,0.17564143133000923,-0.002872101917248579,-3.682703496528827e-05,-3.682703496528827e-05,9.433269382780004e-05,0,0
nottingham-forest,6e97e309-0ec7-5e1f-af1d-d8a2fd2eec35,Luis Eduardo Soares da Silva,DEF,UNKNOWN,17,0.17851353324725783,0.17564143133000923,-0.002872101917248579,-3.682703496528827e-05,-3.682703496528827e-05,9.433269382780004e-05,0,0
nottingham-forest,2b56014e-36ea-5831-83eb-a7cea1c9966b,David Mota Veiga Teixeira do Carmo,DEF,UNKNOWN,17,0.17851353324725783,0.17564143133000923,-0.002872101917248579,-3.682703496528827e-05,-3.682703496528827e-05,9.433269382780004e-05,0,0
nottingham-forest,e88cb34f-491e-5950-b4e5-1af4b6f0859e,Carlos Miguel dos Santos Pereira,GK,UNKNOWN,17,0.16159569128331144,0.1590180490027075,-0.002577642280603978,-3.305153290226468e-05,-3.305153290226468e-05,8.465210553509992e-05,0,0
nottingham-forest,830e3d1c-c6f4-5d02-8139-4678fa5dc9f7,Matt Turner,GK,UNKNOWN,17,0.16159569128331144,0.1590180490027075,-0.002577642280603978,-3.305153290226468e-05,-3.305153290226468e-05,8.465210553509992e-05,0,0
west-ham-united,a0539466-bf5c-5202-baf7-336484f9a7c3,Freddie Potts,MID,LDM,5,24.707630300301464,24.705162665571464,-0.002467634729998025,-1.2309385941538382e-05,-7.010830929089982e-05,0.0009556463667680093,1,3
arsenal,70245325-9bbb-54d2-9b6b-e05fbcd8bb71,Fábio Ferreira Vieira,MID,UNKNOWN,17,0.12936662779482397,0.12705278828891364,-0.0023138395059103044,-2.966884223120587e-05,-2.966884223120587e-05,7.793309377290012e-05,0,0
arsenal,a8b3a441-1675-58e1-8c43-6db19800fa7a,Ismeal Kabia,MID,UNKNOWN,17,0.12936662779482397,0.12705278828891364,-0.0023138395059103044,-2.966884223120587e-05,-2.966884223120587e-05,7.793309377290012e-05,0,0
arsenal,243f9c2e-b8f4-53d0-af55-74882ba4580b,Albert Sambi Lokonga,MID,UNKNOWN,17,0.12936662779482397,0.12705278828891364,-0.0023138395059103044,-2.966884223120587e-05,-2.966884223120587e-05,7.793309377290012e-05,0,0
arsenal,0d3d9bb7-74e6-5cfb-b634-4f3c4989e24e,Maldini Kacurri,DEF,UNKNOWN,17,0.12789169009330117,0.1255930627992031,-0.0022986272940980807,-2.9473499365417636e-05,-2.9473499365417636e-05,7.742118885770014e-05,0,0
arsenal,53f79086-b75b-5e77-bf4d-083e306c86f8,Brayden Clarke,DEF,UNKNOWN,17,0.12789169009330117,0.1255930627992031,-0.0022986272940980807,-2.9473499365417636e-05,-2.9473499365417636e-05,7.742118885770014e-05,0,0
arsenal,29956348-fac8-5e91-9982-9c49cd82dcb9,Josh Nichols,DEF,UNKNOWN,17,0.12789169009330117,0.1255930627992031,-0.0022986272940980807,-2.9473499365417636e-05,-2.9473499365417636e-05,7.742118885770014e-05,0,0
arsenal,703fb4f9-8d03-5326-a00f-f86e171d6e05,Jakub Kiwior,DEF,UNKNOWN,17,0.12789169009330117,0.1255930627992031,-0.0022986272940980807,-2.9473499365417636e-05,-2.9473499365417636e-05,7.742118885770014e-05,0,0
arsenal,4a30d43b-d2c4-514a-8544-4ba07f51e68a,Gabriel Martinelli Silva,MID,LAM,6,28.405242616156304,28.402972927065985,-0.0022696890903188085,-0.003653309515789601,-0.004664593304984174,0.008705725579373491,4,2
arsenal,9f85ef17-226f-529f-aa02-602567d75521,Karl Hein,GK,UNKNOWN,17,0.1160185988904835,0.11395586290897773,-0.0020627359815057894,-2.644896265477649e-05,-2.644896265477649e-05,6.949319603330017e-05,0,0
manchester-city,a493cdaf-9cab-5479-8687-9533f241460c,Stefan Ortega Moreno,GK,UNKNOWN,3,0.08116046205433564,0.07914821343382757,-0.002012248620508065,-2.5800553501899998e-05,-2.5800553501899998e-05,4.445742389449993e-05,0,0
tottenham-hotspur,6e33d302-1009-55a9-afac-e0e1252040dd,Luca Williams-Barnett,MID,UNKNOWN,17,1.3838199807971188,1.3819198217619624,-0.0019001590351564294,-2.436385651016475e-05,-2.436385651016475e-05,0.0004900802956742008,6,4
wolverhampton-wanderers,5ef88ee7-67ce-5ea6-9f7d-768590a17478,Alfie Brooks,GK,UNKNOWN,6,0.3085210512947069,0.30667055971323093,-0.0018504915814760204,-2.3798989440300167e-05,-2.3798989440300167e-05,4.2393789346700794e-05,0,0
chelsea,64e1d98b-b70a-5d8f-a6fe-c77a7ea90c46,Landon Emenalo,MID,UNKNOWN,17,0.14764669664744598,0.14603813923191028,-0.0016085574155356947,-2.0625477099800022e-05,-2.0625477099800022e-05,8.764143199920015e-05,0,0
chelsea,877d9c71-fd12-5aab-8c4b-9df2eb81bbf0,Kendry Páez Andrade,MID,UNKNOWN,17,0.14764669664744598,0.14603813923191028,-0.0016085574155356947,-2.0625477099800022e-05,-2.0625477099800022e-05,8.764143199920015e-05,0,0
chelsea,7ad17b55-f67d-5f9d-9f04-df4f76c1e314,Mykhailo Mudryk,MID,UNKNOWN,17,0.14764669664744598,0.14603813923191028,-0.0016085574155356947,-2.0625477099800022e-05,-2.0625477099800022e-05,8.764143199920015e-05,0,0
chelsea,895b3f1f-0f9e-528b-86a3-7a7cba558310,Christopher Nkunku,MID,UNKNOWN,17,0.14764669664744598,0.14603813923191028,-0.0016085574155356947,-2.0625477099800022e-05,-2.0625477099800022e-05,8.764143199920015e-05,0,0
chelsea,c501a519-9def-5d4f-8667-f326dd161177,Aaron Anselmino,DEF,UNKNOWN,17,0.14601488712476635,0.1444169022452401,-0.0015979848795262533,-2.0489714019688213e-05,-2.0489714019688213e-05,8.70651884244001e-05,0,0
wolverhampton-wanderers,96b97687-bd96-58d8-8dfd-1851ec2fee31,Josh Gracey,GK,UNKNOWN,4,0.3827378108680327,0.38120164850758653,-0.0015361623604461458,-1.9791755795150112e-05,-1.9791755795150112e-05,3.567569754980024e-05,0,0
chelsea,14394b8e-b6dc-52d7-8711-db31e2d5afc5,Nicolas Jackson,FWD,UNKNOWN,17,0.13941793115498918,0.13789980802571905,-0.0015181231292701039,-1.9465763133600038e-05,-1.9465763133600038e-05,8.27187770380002e-05,0,0
chelsea,0bbf4c7c-2ef0-50b5-9f1d-7be9fb72ecfd,Teddy Sharman-Lowe,GK,UNKNOWN,16,0.18572218790046446,0.1842741176963731,-0.0014480702040913628,-1.8575497614693718e-05,-1.8575497614693718e-05,7.814173185489992e-05,0,0
chelsea,9d723959-80a6-5a8b-a21b-2cca95b2ab7c,Gabriel Słonina,GK,UNKNOWN,17,0.13235801170908415,0.13092397578606718,-0.0014340359230169653,-1.8387601075799975e-05,-1.8387601075799975e-05,7.814173185489992e-05,0,0
chelsea,f1c0774d-5c89-577b-bdf9-fe6b58ed1b6e,Mike Penders,GK,UNKNOWN,17,0.13235801170908415,0.13092397578606718,-0.0014340359230169653,-1.8387601075799975e-05,-1.8387601075799975e-05,7.814173185489992e-05,0,0
chelsea,dc638cac-db3d-56dd-9d2a-a3a75b54c5b5,Max Merrick,GK,UNKNOWN,17,0.13261803212691192,0.13118399963910587,-0.0014340324878060358,-1.8387601075799975e-05,-1.8387601075799975e-05,7.814173185489992e-05,0,0
sunderland,6a84c769-ac8f-5aa6-b83b-8d51625d8b35,Melker Ellborg,GK,UNKNOWN,5,18.25762796366962,18.25620138370712,-0.0014265799625023084,-1.838964546865625e-05,-2.763748177490007e-05,5.233072701030022e-05,0,0
west-ham-united,2739afa2-76d2-5669-864e-6c4324145c72,Nayef Aguerd,DEF,LCB,17,2.3469497689854886,2.345669797799861,-0.0012799711856279483,-1.4235815399700173e-05,-1.4235815399700173e-05,0.0006621981336659977,5,5
manchester-city,23685de8-c39b-5824-8c5b-546d1bbf75e4,Claudio Echeverri,MID,UNKNOWN,17,0.11562093492029035,0.11451890437801333,-0.0011020305422770253,-1.4130275416635297e-05,-1.4130275416635297e-05,4.987819074649992e-05,0,0
manchester-city,03aa9721-b870-5123-9e60-a37f289d48f4,Ilkay Gündogan,MID,UNKNOWN,17,0.11562093492029035,0.11451890437801333,-0.0011020305422770253,-1.4130275416635297e-05,-1.4130275416635297e-05,4.987819074649992e-05,0,0
manchester-city,90dd0286-b0cb-5e1a-9ffb-c86119467177,Sverre Nypan,MID,UNKNOWN,17,0.11562093492029035,0.11451890437801333,-0.0011020305422770253,-1.4130275416635297e-05,-1.4130275416635297e-05,4.987819074649992e-05,0,0
manchester-city,6109f956-a86b-50e2-b19c-30423f08c90c,Manuel Akanji,DEF,UNKNOWN,17,0.11424657522269453,0.11315179792221904,-0.0010947773004755057,-1.4037161187147037e-05,-1.4037161187147037e-05,4.9549271994399954e-05,0,0
manchester-city,8dd15921-9e34-56d6-b805-ffb703dc4224,Vitor de Oliveira Nunes dos Reis,DEF,UNKNOWN,17,0.11424657522269453,0.11315179792221904,-0.0010947773004755057,-1.4037161187147037e-05,-1.4037161187147037e-05,4.9549271994399954e-05,0,0
west-ham-united,6a2d7ef6-eb12-5dc2-aaad-c85d30c00b8f,Andy Irving,MID,LCM,17,1.8663755930716588,1.8653226547395354,-0.0010529383321233354,-1.63393164847057e-05,-1.63393164847057e-05,0.0006827977801488992,3,3
burnley,d5a6f92e-7e3e-5c28-ab87-193b5bdcf225,Kian McMahon-Brown,MID,UNKNOWN,10,0.3137258733604119,0.3127389657586136,-0.0009869076017982648,-1.2659253096950147e-05,-1.2659253096950147e-05,4.9449421316300445e-05,0,0
manchester-city,7c9da209-7271-5ead-9590-5bb35f05a05e,Ederson Santana de Moraes,GK,UNKNOWN,17,0.10375337494839831,0.10277103136100238,-0.000982343587395935,-1.259558687236471e-05,-1.259558687236471e-05,4.445742389449993e-05,0,0
manchester-city,ddecc729-71bf-5e26-83fa-8f4b0557d6bb,Marcus Bettinelli,GK,UNKNOWN,17,0.10375337494839831,0.10277103136100238,-0.000982343587395935,-1.259558687236471e-05,-1.259558687236471e-05,4.445742389449993e-05,0,0
sunderland,731506ce-40a5-5db4-893a-975d95600377,Jay Matete,MID,UNKNOWN,17,0.1817993788506321,0.1808285941262034,-0.0009707847244287121,-1.2447734780388267e-05,-1.2447734780388267e-05,5.760406122419992e-05,0,0
sunderland,3566d465-75a0-5298-bcf1-fe5192f36854,Abdoullah Ba,MID,UNKNOWN,17,0.1817993788506321,0.1808285941262034,-0.0009707847244287121,-1.2447734780388267e-05,-1.2447734780388267e-05,5.760406122419992e-05,0,0
sunderland,3685c427-c645-5be6-99f2-0de078214b9e,Pierre Ekwah Elimby,MID,UNKNOWN,17,0.1817993788506321,0.1808285941262034,-0.0009707847244287121,-1.2447734780388267e-05,-1.2447734780388267e-05,5.760406122419992e-05,0,0
sunderland,4871c555-edc9-5ce5-b872-15963cdc7672,Alan Browne,MID,UNKNOWN,17,0.1817993788506321,0.1808285941262034,-0.0009707847244287121,-1.2447734780388267e-05,-1.2447734780388267e-05,5.760406122419992e-05,0,0
sunderland,c0082dc9-d77a-56e6-be1e-68231935fbc8,Ian Poveda-Ocampo,MID,UNKNOWN,17,0.1817993788506321,0.1808285941262034,-0.0009707847244287121,-1.2447734780388267e-05,-1.2447734780388267e-05,5.760406122419992e-05,0,0
sunderland,97760a88-c1a9-5e60-a7ca-bc6440a312b0,Nectarios Triantis,MID,UNKNOWN,17,0.1817993788506321,0.1808285941262034,-0.0009707847244287121,-1.2447734780388267e-05,-1.2447734780388267e-05,5.760406122419992e-05,0,0
sunderland,d68b7c20-9791-5d52-9368-91c0484e32fb,Tymur Tutierov,MID,UNKNOWN,17,0.1819481265437314,0.18097734704721954,-0.0009707794965118692,-1.2447734780388267e-05,-1.2447734780388267e-05,5.760406122419992e-05,0,0
sunderland,2ba72b94-907a-5e6e-97ce-976ce36a0c40,Aji Alese,DEF,UNKNOWN,17,0.17992250848367886,0.17895809886643646,-0.0009644096172423874,-1.236587395965286e-05,-1.236587395965286e-05,5.722456575569992e-05,0,0
sunderland,7bf4ab14-fe8b-5f57-a8be-822956253273,Zak Johnson,DEF,UNKNOWN,17,0.17992250848367886,0.17895809886643646,-0.0009644096172423874,-1.236587395965286e-05,-1.236587395965286e-05,5.722456575569992e-05,0,0
sunderland,0ad5271c-eb15-5a23-8c49-a030377474d2,Timothée Pembélé,DEF,UNKNOWN,17,0.17992250848367886,0.17895809886643646,-0.0009644096172423874,-1.236587395965286e-05,-1.236587395965286e-05,5.722456575569992e-05,0,0
sunderland,44d6c92f-6d41-5d72-ba48-9aa87a02ae24,Joe Anderson,DEF,UNKNOWN,17,0.17992250848367886,0.17895809886643646,-0.0009644096172423874,-1.236587395965286e-05,-1.236587395965286e-05,5.722456575569992e-05,0,0
sunderland,bfddd7b8-0e0f-5bf0-b639-5f0107a73071,Leo Fuhr Hjelde,DEF,UNKNOWN,17,0.17992250848367886,0.17895809886643646,-0.0009644096172423874,-1.236587395965286e-05,-1.236587395965286e-05,5.722456575569992e-05,0,0
sunderland,cf9ee172-9abe-5b22-a179-ebe54d11b4a8,Ahmed Abdullahi,FWD,UNKNOWN,17,0.17165241380551077,0.17073616053702084,-0.0009162532684899256,-1.1748432671047004e-05,-1.1748432671047004e-05,5.436247933690011e-05,0,0
sunderland,9030ecb9-8e6a-531e-9df1-ebf30d797254,Luís Hemir Silva Semedo,FWD,UNKNOWN,17,0.17165241380551077,0.17073616053702084,-0.0009162532684899256,-1.1748432671047004e-05,-1.1748432671047004e-05,5.436247933690011e-05,0,0
sunderland,a240343b-2624-5d51-90d8-f91ddbae1d2c,Nazarii Rusyn,FWD,UNKNOWN,17,0.17165241380551077,0.17073616053702084,-0.0009162532684899256,-1.1748432671047004e-05,-1.1748432671047004e-05,5.436247933690011e-05,0,0
west-ham-united,9edb1bd6-ff23-53a0-a02c-7ca47626ee0e,Luis Guilherme Lira dos Santos,MID,LW,17,1.427616011723897,1.4267224137634635,-0.0008935979604334493,-1.9422286095846813e-05,-1.9422286095846813e-05,0.0006420350629802,3,1
sunderland,442f88c7-0aca-579d-8dc6-ba82c70ba6a1,Simon Moore,GK,UNKNOWN,17,0.16282719625995126,0.16196165200978807,-0.000865544250163199,-1.1098242039529445e-05,-1.1098242039529445e-05,5.134913289470003e-05,0,0
sunderland,9ca1990c-2f6e-5da3-bee4-29c146e15226,Blondy Nna Noukeu,GK,UNKNOWN,17,0.16282719625995126,0.16196165200978807,-0.000865544250163199,-1.1098242039529445e-05,-1.1098242039529445e-05,5.134913289470003e-05,0,0
west-ham-united,0701125c-aeac-5baf-ae8d-822bddd96b24,Callum Marshall,FWD,UNKNOWN,17,1.143911843392449,1.1431403352093137,-0.0007715081831351468,-9.821056865676723e-06,-9.821056865676723e-06,0.0003164648289803,3,1
west-ham-united,5dc0f8a0-1a29-5eb7-bbf8-b2355b407d6f,Niclas Füllkrug,FWD,ST,17,2.133112111882358,2.1323534613413755,-0.0007586505409829884,-1.161500020469977e-05,-1.161500020469977e-05,0.0008189500148680987,5,4
newcastle-united,1c1a3af2-8931-5c1b-aa9e-f924555dfbe8,Sam Alabi,MID,UNKNOWN,17,0.14309791725266288,0.14234522967501007,-0.0007526875776527784,-9.65131234168231e-06,-9.65131234168231e-06,4.143035446940008e-05,0,0
newcastle-united,bd02197e-c505-5342-aef6-b6e564dcba18,Seung-Soo Park,MID,UNKNOWN,17,0.1430003788388744,0.14224769280243207,-0.0007526860364423377,-9.65131234168231e-06,-9.65131234168231e-06,4.143035446940008e-05,0,0
newcastle-united,d99a6045-8d3a-5651-bdce-f8d6b63c87e3,Isaac Hayden,MID,UNKNOWN,17,0.1430003788388744,0.14224769280243207,-0.0007526860364423377,-9.65131234168231e-06,-9.65131234168231e-06,4.143035446940008e-05,0,0
newcastle-united,d839a183-6b00-5d66-8fb2-8d0993f0c05f,Antoñito Cordero Campillo,MID,UNKNOWN,17,0.1430003788388744,0.14224769280243207,-0.0007526860364423377,-9.65131234168231e-06,-9.65131234168231e-06,4.143035446940008e-05,0,0
newcastle-united,9e322b51-5d00-5f7d-a8ba-c90800eb2db3,Garang Kuol,MID,UNKNOWN,17,0.1430003788388744,0.14224769280243207,-0.0007526860364423377,-9.65131234168231e-06,-9.65131234168231e-06,4.143035446940008e-05,0,0
newcastle-united,371d1eca-eb05-56bc-afca-e02ea1ef94f4,Joe White,MID,UNKNOWN,17,0.1430003788388744,0.14224769280243207,-0.0007526860364423377,-9.65131234168231e-06,-9.65131234168231e-06,4.143035446940008e-05,0,0
wolverhampton-wanderers,ab1bd1a1-7e46-5a2e-b6df-3f90bac73f90,Jerome Abbey,MID,UNKNOWN,15,1.2825636851025837,1.2818154468022978,-0.0007482383002860425,-7.71907546832671e-06,-7.71907546832671e-06,4.402617464289993e-05,0,0
newcastle-united,c04c6422-e06a-5aae-bfff-2f758a41daae,Leo Shahar,DEF,UNKNOWN,17,0.1414700903058092,0.14072234841364323,-0.0007477418921659737,-9.587801046723531e-06,-9.587801046723531e-06,4.1157534888699955e-05,0,0
newcastle-united,e781a291-b6c8-5fbb-be17-ad3a53b47ceb,Harrison Ashby,DEF,UNKNOWN,17,0.14142030044460846,0.14067255947979337,-0.0007477409648150792,-9.587801046723531e-06,-9.587801046723531e-06,4.1157534888699955e-05,0,0
newcastle-united,6c66312d-25e7-5540-904a-5e3417543f1e,Matt Targett,DEF,UNKNOWN,17,0.14142030044460846,0.14067255947979337,-0.0007477409648150792,-9.587801046723531e-06,-9.587801046723531e-06,4.1157534888699955e-05,0,0
newcastle-united,538d819c-3a0c-5abf-8387-6bec194cc314,Miodrag Pivaš,DEF,UNKNOWN,17,0.14142030044460846,0.14067255947979337,-0.0007477409648150792,-9.587801046723531e-06,-9.587801046723531e-06,4.1157534888699955e-05,0,0
newcastle-united,2ee754fd-fcb9-5e94-ab98-d6653ca48ed3,Sean Neave,FWD,UNKNOWN,17,0.8807007693566595,0.8800003274847609,-0.0007004418718987405,-9.10877975961178e-06,-9.10877975961178e-06,3.909992595229998e-05,0,0
newcastle-united,bbf2671d-3950-500a-b17b-50b422bd5ce2,Odysseas Vlachodimos,GK,UNKNOWN,17,0.12819343523404517,0.12752239309814617,-0.0006710421358989926,-8.604384107111746e-06,-8.604384107111746e-06,3.6933472466199905e-05,0,0
newcastle-united,8e3eb280-3030-5cce-8434-6681ced4a7db,Mark Gillespie,GK,UNKNOWN,17,0.12819343523404517,0.12752239309814617,-0.0006710421358989926,-8.604384107111746e-06,-8.604384107111746e-06,3.6933472466199905e-05,0,0
newcastle-united,6abfc218-76ab-5b19-912d-a309bac590d1,John Ruddy,GK,UNKNOWN,17,0.12819343523404517,0.12752239309814617,-0.0006710421358989926,-8.604384107111746e-06,-8.604384107111746e-06,3.6933472466199905e-05,0,0
nottingham-forest,898f1b7b-a9b5-5b6f-a89b-cd0242564fee,Archie Whitehall,MID,UNKNOWN,3,0.5595725966402125,0.5589316907096783,-0.0006409059305341469,-8.311878065966793e-06,-8.311878065966793e-06,2.4634619772200515e-05,0,0
nottingham-forest,4e72762a-5c28-5795-936d-65cb49191866,Jimmy Sinclair,MID,UNKNOWN,3,0.5595725966402125,0.5589316907096783,-0.0006409059305341469,-8.311878065966793e-06,-8.311878065966793e-06,2.4634619772200515e-05,0,0
west-ham-united,bfb04682-07f7-5376-b31d-0ecc97e42aa9,George Earthy,MID,UNKNOWN,17,1.3431958619889077,1.3426116463923827,-0.000584215596525067,-7.310720476770775e-06,-7.310720476770775e-06,0.00033702545066809954,3,2
west-ham-united,b9aca1a6-3e7e-50d1-85c7-bc4c6432da09,Axel Disasi,DEF,UNKNOWN,1,88.9735466725339,88.9730191697278,-0.0005275028060935938,-6.829673863673058e-06,6.829673863699946e-06,6.829673863699946e-06,0,0
wolverhampton-wanderers,8e4c38d4-b3e1-565e-8355-6534c978fc31,Temple Ojinnaka,MID,UNKNOWN,17,0.17160260531384258,0.17109086448863395,-0.0005117408252086333,-6.562098090805918e-06,-6.562098090805918e-06,4.402617464289993e-05,0,0
wolverhampton-wanderers,895530a6-b2e4-548b-a2f6-bec6611642ef,Ethan Sutherland,MID,UNKNOWN,17,0.17160260531384258,0.17109086448863395,-0.0005117408252086333,-6.562098090805918e-06,-6.562098090805918e-06,4.402617464289993e-05,0,0
wolverhampton-wanderers,4a4c210a-b163-51bb-a7f6-5e5dd5870bbb,Luke Rawlings,MID,UNKNOWN,17,0.17144575557598513,0.1709340162744674,-0.0005117393015177524,-6.562098090805918e-06,-6.562098090805918e-06,4.402617464289993e-05,0,0
wolverhampton-wanderers,bc912383-b9db-5772-b425-cee0903f056b,Boubacar Traoré,MID,UNKNOWN,17,0.1713620994820639,0.17085036096661996,-0.0005117385154439222,-6.562098090805918e-06,-6.562098090805918e-06,4.402617464289993e-05,0,0
wolverhampton-wanderers,7882c582-9bb0-5054-9f22-bbe3adcefa59,Joseph Hodge,MID,UNKNOWN,17,0.1713620994820639,0.17085036096661996,-0.0005117385154439222,-6.562098090805918e-06,-6.562098090805918e-06,4.402617464289993e-05,0,0
wolverhampton-wanderers,1ebd62da-03f6-5bf1-92d5-fd0cd9edc9e8,Gonçalo Manuel Ganchinho Guedes,MID,UNKNOWN,17,0.1713620994820639,0.17085036096661996,-0.0005117385154439222,-6.562098090805918e-06,-6.562098090805918e-06,4.402617464289993e-05,0,0
wolverhampton-wanderers,eeff7fa2-1d07-5074-ae49-1cf7014422e6,Enso González,MID,UNKNOWN,17,0.17136209948206388,0.17085036096661996,-0.0005117385154439091,-6.562098090805918e-06,-6.562098090805918e-06,4.402617464289993e-05,0,0
wolverhampton-wanderers,def8916b-b527-5756-860b-34ba477a01f0,Saheed Olagunju,DEF,UNKNOWN,17,0.16961478665324028,0.16910639835304267,-0.0005083883001976414,-6.5190383236000584e-06,-6.5190383236000584e-06,4.373620297270001e-05,0,0
wolverhampton-wanderers,13200e1e-5c14-5a9e-8587-4cabf5aaae7f,Bastien Meupiyou,DEF,UNKNOWN,17,0.169538999020689,0.16903061142624815,-0.0005083875944408599,-6.5190383236000584e-06,-6.5190383236000584e-06,4.373620297270001e-05,0,0
wolverhampton-wanderers,e54c1f7b-3976-56a4-a0a5-7fff8ad4400a,Alfie Pond,DEF,UNKNOWN,17,0.169538999020689,0.16903061142624815,-0.0005083875944408599,-6.5190383236000584e-06,-6.5190383236000584e-06,4.373620297270001e-05,0,0
wolverhampton-wanderers,9eed8cdc-25ce-5b02-b275-fd42a8af47a0,Fabio Silva,FWD,UNKNOWN,17,0.16180666103182606,0.16132360658811548,-0.00048305444371058207,-6.194216409511786e-06,-6.194216409511786e-06,4.1549257804400106e-05,0,0
wolverhampton-wanderers,070b389c-6cc8-5428-8c82-68e98b031ae2,Nathan Fraser,FWD,UNKNOWN,17,0.16180666103182606,0.16132360658811548,-0.00048305444371058207,-6.194216409511786e-06,-6.194216409511786e-06,4.1549257804400106e-05,0,0
wolverhampton-wanderers,7a1a0c28-e905-5dc3-b473-375bc1a58c0e,Leon Chiwome,FWD,UNKNOWN,17,0.16180666103182606,0.16132360658811548,-0.00048305444371058207,-6.194216409511786e-06,-6.194216409511786e-06,4.1549257804400106e-05,0,0
sunderland,b810772c-a39d-5e4e-98c0-8186441eb52c,Jack Whittaker,MID,UNKNOWN,9,0.3051604780222053,0.30484431107860627,-0.00031616694359902037,-4.160055462455582e-06,-4.160055462455582e-06,8.964912794700002e-05,0,0
sunderland,68f4401f-2df4-5fca-a67e-3dc99572dc52,Jaydon Jones,MID,UNKNOWN,9,0.3051604780222053,0.30484431107860627,-0.00031616694359902037,-4.160055462455582e-06,-4.160055462455582e-06,8.964912794700002e-05,0,0
brighton-hove-albion,c8138451-1f86-5025-a3dd-94d71340efab,Diego Coppola,DEF,RCB,17,3.9694143091128677,3.9691321815562217,-0.0002821275566460933,-4.112939576887849e-06,-4.112939576887849e-06,0.002669010000559302,3,12
tottenham-hotspur,f6ee505e-c3d9-5984-8dea-9c996e4c5739,Mikey Moore,MID,UNKNOWN,17,0.18307960212675634,0.18285406631835224,-0.0002255358084040738,-2.89134583877055e-06,-2.89134583877055e-06,6.378699456149992e-05,0,0
tottenham-hotspur,506dbb49-b124-521f-b8ab-c4af23dda086,Yusuf Akhamrich,MID,UNKNOWN,17,0.18307960212675634,0.18285406631835224,-0.0002255358084040738,-2.89134583877055e-06,-2.89134583877055e-06,6.378699456149992e-05,0,0
tottenham-hotspur,b1755e1d-8824-5aa0-8030-69bdb24ac34e,Manor Solomon,MID,UNKNOWN,17,0.18307960212675634,0.18285406631835224,-0.0002255358084040738,-2.89134583877055e-06,-2.89134583877055e-06,6.378699456149992e-05,0,0
tottenham-hotspur,ca3c85c1-ae7a-593f-927f-70608030b583,Bryan Gil Salvatierra,MID,UNKNOWN,17,0.18307960212675634,0.18285406631835224,-0.0002255358084040738,-2.89134583877055e-06,-2.89134583877055e-06,6.378699456149992e-05,0,0
tottenham-hotspur,2806a5bb-22bc-5a17-989f-28d47f8bb3aa,Son Heung-min,MID,UNKNOWN,17,0.18307960212675634,0.18285406631835224,-0.0002255358084040738,-2.89134583877055e-06,-2.89134583877055e-06,6.378699456149992e-05,0,0
tottenham-hotspur,d7a4f53c-7c50-5174-bf2c-c823ca104092,Dejan Kulusevski,MID,UNKNOWN,17,0.18307960212675634,0.18285406631835224,-0.0002255358084040738,-2.89134583877055e-06,-2.89134583877055e-06,6.378699456149992e-05,0,0
tottenham-hotspur,f6e19715-d636-5ef6-94ca-de4da1b87ccb,Min-Hyeok Yang,MID,UNKNOWN,17,0.18307960212675634,0.18285406631835224,-0.0002255358084040738,-2.89134583877055e-06,-2.89134583877055e-06,6.378699456149992e-05,0,0
tottenham-hotspur,78294e25-5861-5ba5-a6d1-a71e77d3d91b,Ashley Phillips,DEF,UNKNOWN,17,0.18119499840373554,0.18097097082914174,-0.00022402757459376473,-2.872019884682343e-06,-2.872019884682343e-06,6.336681745880012e-05,0,0
tottenham-hotspur,e04824e4-901c-57ba-ab27-e675bdfcdb72,Luka Vušković,DEF,UNKNOWN,17,0.18119499840373554,0.18097097082914174,-0.00022402757459376473,-2.872019884682343e-06,-2.872019884682343e-06,6.336681745880012e-05,0,0
tottenham-hotspur,0ad4289b-eef3-5f06-83b5-482c024e0921,Takai Kōta,DEF,UNKNOWN,17,0.18119499840373554,0.18097097082914174,-0.00022402757459376473,-2.872019884682343e-06,-2.872019884682343e-06,6.336681745880012e-05,0,0
tottenham-hotspur,b2f79fc5-879a-5fce-afcf-f08ea106999e,Will Lankshear,FWD,UNKNOWN,17,0.17286251831428476,0.17264985046660075,-0.00021266784768399625,-2.7263852790529166e-06,-2.7263852790529166e-06,6.0197895446899904e-05,0,0
tottenham-hotspur,fafdf287-5fd0-54e4-9c12-c2443be5103a,Brandon Austin,GK,UNKNOWN,17,0.16397150137550498,0.16377077613368257,-0.00020072524182241958,-2.5732797083000344e-06,-2.5732797083000344e-06,5.686145522969992e-05,0,0
west-ham-united,b053eb8f-7651-5eeb-826a-248261aa7e09,Edson Álvarez Velázquez,MID,UNKNOWN,17,0.14454764868141154,0.1444375329964579,-0.00011011568495362863,-1.4119988083822765e-06,-1.4119988083822765e-06,4.3278459531900055e-05,0,0
west-ham-united,bce080d8-35bd-5a7f-bd9d-5d33b450ffd0,Maxwel Cornet,MID,UNKNOWN,17,0.14454764868141154,0.1444375329964579,-0.00011011568495362863,-1.4119988083822765e-06,-1.4119988083822765e-06,4.3278459531900055e-05,0,0
west-ham-united,b92086a9-bb0f-5d55-a7f2-aa71584fcb82,Kaelan Casey,DEF,UNKNOWN,17,0.1429542678931576,0.14284487414019148,-0.00010939375296609563,-1.402724405247027e-06,-1.402724405247027e-06,4.299347099150021e-05,0,0
west-ham-united,acc314a9-c700-5647-bc18-411e145424d4,Emerson Palmieri dos Santos,DEF,UNKNOWN,17,0.1429542678931576,0.14284487414019148,-0.00010939375296609563,-1.402724405247027e-06,-1.402724405247027e-06,4.299347099150021e-05,0,0
west-ham-united,08426410-86da-5b24-ab93-8c2d98b90c80,Airidas Golambeckis,DEF,UNKNOWN,17,0.1429542678931576,0.14284487414019148,-0.00010939375296609563,-1.402724405247027e-06,-1.402724405247027e-06,4.299347099150021e-05,0,0
west-ham-united,5fbf4aa0-e37c-5a14-b25c-d70368ae9fed,Lukasz Fabianski,GK,UNKNOWN,17,0.12957083065520103,0.12947263898822545,-9.81916669755915e-05,-1.2590888872353047e-06,-1.2590888872353047e-06,3.8580995277800144e-05,0,0
west-ham-united,b3476a8d-0bc8-5194-a9fc-70e9712ee31d,Wes Foderingham,GK,UNKNOWN,17,0.12957083065520103,0.12947263898822545,-9.81916669755915e-05,-1.2590888872353047e-06,-1.2590888872353047e-06,3.8580995277800144e-05,0,0
west-ham-united,63c934bf-6f5a-5088-84c3-a0d5653e3cc8,Krisztián Hegyi,GK,UNKNOWN,17,0.12957083065520103,0.12947263898822545,-9.81916669755915e-05,-1.2590888872353047e-06,-1.2590888872353047e-06,3.8580995277800144e-05,0,0
wolverhampton-wanderers,15d02b2c-303d-5403-b3ee-c1bb398578ae,Angel Gomes,MID,LDM,2,28.0,28.0,0.0,-0.0035997160090280866,0.0035997160090280866,0.0035997160090280866,1,1
tottenham-hotspur,c99e7187-586e-5722-8e10-93fd50f92627,Xavi Simons,MID,CAM,12,19.672101375034952,19.672102759932535,1.3848975856471195e-06,-0.0005246780106650575,-0.0020771771576176914,0.011514975589327237,5,6
burnley,82d78668-6338-58aa-b907-868b632bb213,Etienne Green,GK,UNKNOWN,17,0.1729024154442544,0.17293113110750058,2.8715663246211457e-05,3.6794893946463344e-07,3.6794893946463344e-07,5.0089753064400024e-05,0,0
burnley,1b326c59-dec4-5234-b7fd-4d18c39f76a9,Václav Hladký,GK,UNKNOWN,17,0.1729024154442544,0.17293113110750058,2.8715663246211457e-05,3.6794893946463344e-07,3.6794893946463344e-07,5.0089753064400024e-05,0,0
burnley,bdd098bc-619c-5454-9033-1861adae23c6,Michael Obafemi,FWD,UNKNOWN,17,0.18226705211173705,0.18229756456900406,3.051245726700745e-05,3.909764621411336e-07,3.909764621411336e-07,5.302672439050013e-05,0,0
burnley,662a7847-3e62-591b-861a-06b661f69d81,Shurandy Sambo,DEF,UNKNOWN,17,0.1910417267448803,0.1910739569981017,3.2230253221450266e-05,4.129946346293638e-07,4.129946346293638e-07,5.581601566820001e-05,0,0
burnley,a95b2b22-86ab-55a2-b8c0-579b12057d69,Jordan Beyer,DEF,UNKNOWN,17,0.1910417267448803,0.1910739569981017,3.2230253221450266e-05,4.129946346293638e-07,4.129946346293638e-07,5.581601566820001e-05,0,0
burnley,67dc539b-3733-5360-8bca-4e010b9d0399,Hannes Delcroix,DEF,UNKNOWN,17,0.1910417267448803,0.1910739569981017,3.2230253221450266e-05,4.129946346293638e-07,4.129946346293638e-07,5.581601566820001e-05,0,0
burnley,b4b2b453-0c93-5786-823f-c76cbfebc5e2,Owen Dodgson,DEF,UNKNOWN,17,0.1910417267448803,0.1910739569981017,3.2230253221450266e-05,4.129946346293638e-07,4.129946346293638e-07,5.581601566820001e-05,0,0
burnley,f68e734e-4a2a-542c-a81f-ebf5e8176ed3,Connor Roberts,DEF,UNKNOWN,17,0.1910417267448803,0.1910739569981017,3.2230253221450266e-05,4.129946346293638e-07,4.129946346293638e-07,5.581601566820001e-05,0,0
burnley,e53add03-6030-558a-a221-1773d0f9a78b,George Brierley,MID,UNKNOWN,17,0.1933817452726702,0.19341419345145908,3.244817878886227e-05,4.1592482723525384e-07,4.1592482723525384e-07,5.618584036950016e-05,0,0
burnley,58685fa7-5712-51d8-a787-afb92ba62ddf,Oliver Pimlott,MID,UNKNOWN,17,0.19327325213765006,0.19330570353281643,3.2451395166391774e-05,4.1592482723525384e-07,4.1592482723525384e-07,5.618584036950016e-05,0,0
burnley,31a31d10-0241-5005-ad49-f59e17a9c312,Luca Koleosho,MID,UNKNOWN,17,0.19303751950156053,0.19306997978425994,3.246028269941013e-05,4.1592482723525384e-07,4.1592482723525384e-07,5.618584036950016e-05,0,0
burnley,33302943-3ddc-5684-b6ae-4b59d8e3ab8e,Oluwaseun Adewumi,MID,UNKNOWN,17,0.19303751950156053,0.19306997978425994,3.246028269941013e-05,4.1592482723525384e-07,4.1592482723525384e-07,5.618584036950016e-05,0,0
burnley,d40f83b6-8429-5261-95ec-71df2079d3df,Enock Agyei,MID,UNKNOWN,17,0.19303751950156053,0.19306997978425994,3.246028269941013e-05,4.1592482723525384e-07,4.1592482723525384e-07,5.618584036950016e-05,0,0
burnley,fb3f8fac-c095-5c2d-ac79-d0e24c05b044,Darko Churlinov,MID,UNKNOWN,17,0.19303751950156053,0.19306997978425994,3.246028269941013e-05,4.1592482723525384e-07,4.1592482723525384e-07,5.618584036950016e-05,0,0
burnley,784acf6a-679c-5235-9bba-1582bd4a318b,Manuel Benson Hedilazio,MID,UNKNOWN,17,0.19303751950156053,0.19306997978425994,3.246028269941013e-05,4.1592482723525384e-07,4.1592482723525384e-07,5.618584036950016e-05,0,0
tottenham-hotspur,6584a157-53e2-59c9-b7cd-10dfd78c4956,Rio Kyerematen,MID,UNKNOWN,15,0.2359640516225815,0.23610111869393163,0.00013706707135013874,1.7303452114533653e-06,1.7303452114533653e-06,6.185551483710045e-05,0,0
wolverhampton-wanderers,2fa40b7b-3ae8-5f1c-9520-aa9d58b7aee5,Daniel Bentley,GK,UNKNOWN,12,7.628540985619019,7.628820142937555,0.0002791573185356976,3.57888134784627e-06,7.622009227496649e-08,3.505127257640017e-05,0,0
burnley,18acbb03-f646-5b28-a5bb-39ca35eb934f,Aaron Ramsey,MID,UNKNOWN,17,1.4562550834444958,1.4566177685574102,0.000362685112914315,4.642344790799837e-06,4.642344790799837e-06,0.0004294507630539998,3,4
manchester-city,52ef863c-3a3d-510c-ac26-a4176d6b98ff,Mateo Kovacic,MID,UNKNOWN,16,7.197277747483925,7.197674620119766,0.0003968726358411154,-6.338173492215974e-05,-0.00011279434906018748,0.0009059277998827997,8,5
brighton-hove-albion,bec3b39e-5fff-5ae4-a7ba-ba525d5b3911,Diego Gómez,MID,RW,3,16.967069070478242,16.96769075911267,0.0006216886344295366,0.0033212891981557005,-0.0033212891981557005,0.00813040553527511,2,1
tottenham-hotspur,71b42af1-caa4-5720-9bcf-3d24a9ee0c81,James Wilson,FWD,UNKNOWN,12,0.2907270894132322,0.2916740781039811,0.000946988690748911,1.2173045888116727e-05,1.2173045888116727e-05,5.840273604090004e-05,0,0
aston-villa,d66fa01c-cc13-5ddf-bec4-31c90df4cade,Pau Torres,DEF,LCB,17,49.97250672366846,49.97358996621128,0.0010832425428209881,-0.00019390662337365848,0.0037574464477893596,0.021079981348513632,7,10
brighton-hove-albion,0f9cb694-f315-5de7-86cf-b16a29dedbaa,Carl Rushworth,GK,UNKNOWN,17,0.1548916333347877,0.15599284258944865,0.0011012092546609721,1.4120261691117698e-05,1.4120261691117698e-05,5.485252754690046e-05,0,0
brighton-hove-albion,1995586e-258d-535d-962d-968fe2cdcd57,Tom McGill,GK,UNKNOWN,17,0.1548916333347877,0.15599284258944865,0.0011012092546609721,1.4120261691117698e-05,1.4120261691117698e-05,5.485252754690046e-05,0,0
brighton-hove-albion,b2b6d779-38a1-56c1-9429-ec48f7c95ed6,Kjell Scherpen,GK,UNKNOWN,17,0.1548916333347877,0.15599284258944865,0.0011012092546609721,1.4120261691117698e-05,1.4120261691117698e-05,5.485252754690046e-05,0,0
brighton-hove-albion,28ce41ec-3e1f-5839-935c-32db711adacd,Evan Ferguson,FWD,UNKNOWN,17,0.16322088831723963,0.16438656638058768,0.0011656780633480645,1.4946885880141219e-05,1.4946885880141219e-05,5.804874892470068e-05,0,0
brighton-hove-albion,d8501eba-6bc4-5ac0-9a1f-fa248d1c9ab2,Tariq Lamptey,DEF,UNKNOWN,17,0.17101522662011404,0.17224212365670488,0.001226897036590828,1.573181125044704e-05,1.573181125044704e-05,6.108220808209979e-05,0,0
brighton-hove-albion,9bb8e7d2-a8e3-5342-9f34-48fbca039eb0,Pervis Estupiñán,DEF,UNKNOWN,17,0.17101522662011404,0.17224212365670488,0.001226897036590828,1.573181125044704e-05,1.573181125044704e-05,6.108220808209979e-05,0,0
brighton-hove-albion,bb1c6b45-f46d-5df3-baab-d20837cbe113,Eiran Cashin,DEF,UNKNOWN,17,0.17101522662011404,0.17224212365670488,0.001226897036590828,1.573181125044704e-05,1.573181125044704e-05,6.108220808209979e-05,0,0
brighton-hove-albion,64fa3e13-ccee-56ad-b6f3-2c60afe4a2ff,Jacob Slater,DEF,UNKNOWN,17,0.17101522662011404,0.17224212365670488,0.001226897036590828,1.573181125044704e-05,1.573181125044704e-05,6.108220808209979e-05,0,0
brighton-hove-albion,3917f1b2-1d96-56d9-af9f-d6585f6ebf10,Adam Webster,DEF,UNKNOWN,17,0.17101522662011404,0.17224212365670488,0.001226897036590828,1.573181125044704e-05,1.573181125044704e-05,6.108220808209979e-05,0,0
brighton-hove-albion,8289350b-f830-5496-9137-32f7b3f77d43,Freddie Simmonds,DEF,UNKNOWN,17,0.17108802008208632,0.17231491938940383,0.001226899307317505,1.573181125044704e-05,1.573181125044704e-05,6.108220808209979e-05,0,0
wolverhampton-wanderers,ef5625b9-1910-5982-85f1-1966467ad375,Adam Armstrong,FWD,UNKNOWN,1,88.87672512453193,88.87795544873165,0.001230324199724464,1.5942553207137777e-05,-1.5942553207099613e-05,1.5942553207099613e-05,0,0
brighton-hove-albion,b65bed9a-d93e-523d-9e4c-f70189353ac0,Malick Yalcouyé,MID,UNKNOWN,17,0.17286188783480474,0.17409688662969505,0.001234998794890314,1.5835872645964658e-05,1.5835872645964658e-05,6.148425672190035e-05,0,0
brighton-hove-albion,303c3ac4-bfae-536a-a3e8-ab8d6e6ad9e3,Julio Enciso,MID,UNKNOWN,17,0.17286188783480474,0.17409688662969505,0.001234998794890314,1.5835872645964658e-05,1.5835872645964658e-05,6.148425672190035e-05,0,0
brighton-hove-albion,0aeece15-3538-5151-935f-97e640a48a21,Jeremy Sarmiento Morante,MID,UNKNOWN,17,0.17286188783480474,0.17409688662969505,0.001234998794890314,1.5835872645964658e-05,1.5835872645964658e-05,6.148425672190035e-05,0,0
brighton-hove-albion,251dcb1d-c3df-5f9a-94ea-1931739dbafe,Adrian Mazilu,MID,UNKNOWN,17,0.17286188783480474,0.17409688662969505,0.001234998794890314,1.5835872645964658e-05,1.5835872645964658e-05,6.148425672190035e-05,0,0
brighton-hove-albion,557cf0bf-a115-54fd-bb9e-5a6f95a71265,Abdallah Sima,MID,UNKNOWN,17,0.17286188783480474,0.17409688662969505,0.001234998794890314,1.5835872645964658e-05,1.5835872645964658e-05,6.148425672190035e-05,0,0
brighton-hove-albion,8cb2efea-6f9d-5d62-8a23-00ed1f64956d,Andrew Moran,MID,UNKNOWN,17,0.17286188783480474,0.17409688662969505,0.001234998794890314,1.5835872645964658e-05,1.5835872645964658e-05,6.148425672190035e-05,0,0
wolverhampton-wanderers,15d02b2c-303d-5403-b3ee-c1bb398578ae,Angel Gomes,MID,UNKNOWN,1,76.81979358423114,76.82109623005775,0.0013026458266125474,1.6888342161847092e-05,-1.68883421619e-05,1.68883421619e-05,0,0
brentford,e4c8a2d7-919b-5751-8fe8-5d4c55df8256,Kevin Schade,MID,LAM,17,25.948178689164486,25.94968575550178,0.00150706633729502,0.0007727861677908702,0.0006076269109591512,0.015017077385848898,10,7
fulham,9f1ab4dd-f86c-5749-967d-c8f0fbfe15f7,Joshua King,MID,CAM,17,17.846749626326016,17.848269576876124,0.00151995055010994,-0.004525144063259228,-0.0062114736368826425,0.011153485249249695,9,8
nottingham-forest,2f9b6017-607a-59e7-b6c2-0babd2f20952,Lamin Sillah,FWD,UNKNOWN,1,1.3054866879752498,1.307223112908955,0.001736424933705294,2.250468701320025e-05,2.250468701320025e-05,2.250468701320025e-05,0,0
tottenham-hotspur,d8973344-62bc-53d6-8585-9558ca0c2bdc,James Maddison,MID,UNKNOWN,17,1.8040068875923119,1.8058188216873092,0.0018119340949975193,9.671278750019467e-05,9.671278750019467e-05,0.0011702055525939087,1,1
chelsea,c1d2c6e2-92b5-5eb7-abc2-bfb9ba6fffa1,Mamadou Sarr,DEF,UNKNOWN,7,11.757815695901796,11.75991020140373,0.002094505501935456,3.1167504274772244e-05,-0.00026163188436864317,0.0010247978602519053,1,1
burnley,956e0ed0-2170-56bf-913d-61d007270278,Bashir Humphreys,DEF,LCB,9,10.088849591064609,10.09095795976401,0.00210836869940244,4.087515372387508e-05,-4.087515372387508e-05,0.005949822367355306,4,4
burnley,63254645-c19e-5669-ae4c-6995093f3b92,Max Weiß,GK,UNKNOWN,15,6.865850751757493,6.868182511944725,0.0023317601872321274,2.9907137031581883e-05,1.922122624202667e-05,0.00029867508613560037,1,3
brighton-hove-albion,6e21ee2c-7d42-59f6-9ab0-1b28ff340661,Igor Julio dos Santos de Paulo,DEF,UNKNOWN,15,0.2422771443840759,0.24469232952830447,0.0024151851442285785,2.684063039895994e-05,2.684063039895994e-05,7.129414769550032e-05,0,0
tottenham-hotspur,94b5c9be-f575-5c14-b7d5-81ee74991050,James Rowswell,DEF,UNKNOWN,17,1.363034377212583,1.3654803290702235,0.0024459518576404734,3.821959715954169e-05,3.821959715954169e-05,0.0004931159900517998,1,4
west-ham-united,d72c4cd3-9cce-5df1-8cb6-e4ecd1525f0a,Ezra Mayers,DEF,UNKNOWN,17,5.895925049828331,5.898674816576687,0.0027497667483558606,6.139759085688221e-05,6.139759085688221e-05,0.0018064641320049979,5,3
burnley,fce9dbe0-bc76-504c-94e1-b393570abede,Mike Trésor,MID,UNKNOWN,17,4.157059068781212,4.159894363695451,0.002835294914239525,-6.836657324165641e-06,-6.836657324165641e-06,0.0005235127184166979,5,5
tottenham-hotspur,54274eb5-84a2-57b6-839e-1c4241166695,Callum Olusesi,MID,UNKNOWN,17,2.7766193858626877,2.7798784116072466,0.0032590257445591297,5.0756906367341254e-05,5.0756906367341254e-05,0.0005173544639387045,1,4
west-ham-united,68f9569d-88d0-5993-a084-828e7f6a2610,Guido Rodríguez,MID,LCM,17,3.5922932659445337,3.5958458102442,0.0035525442996663706,0.0001692544959318133,0.0001692544959318133,0.0030438436604129093,5,4
afc-bournemouth,fb26090c-51ee-5620-9b67-0dad993b3242,Francisco Evanilson de Lima Barbosa,FWD,ST,17,16.10256570897938,16.106300195154077,0.0037344861746947465,-0.0014079147817797196,0.0012168031317134718,0.017089666629431066,9,8
wolverhampton-wanderers,94f8d943-9301-57ef-ac78-91de92b9eb41,Emmanuel Agbadou,DEF,CB,17,15.324031203576155,15.327882546054798,0.003851342478643611,4.529016686952975e-05,9.168479490729599e-05,0.002843997553861388,9,6
manchester-city,52ef863c-3a3d-510c-ac26-a4176d6b98ff,Mateo Kovacic,MID,LCM,1,14.117284829588606,14.121320427054268,0.0040355974656627325,-8.345973930601325e-05,-8.345973930601325e-05,8.345973930601325e-05,0,0
manchester-city,eebb4710-6fe9-53e9-81e0-a650547126a0,Rayan Cherki,MID,CAM,4,28.5548609041115,28.559336318203382,0.0044754140918801255,0.00392306878365184,0.0013422427660980674,0.010536358328131712,2,2
brighton-hove-albion,dfac9811-cc18-58e5-81d2-b7fa8135945b,Jason Steele,GK,UNKNOWN,17,2.0036949501440775,2.008192764457936,0.004497814313858389,5.76723489620122e-05,5.76723489620122e-05,0.0012306870591494018,2,10
brighton-hove-albion,48ac53a0-cc4d-5091-97ab-1bfa01220791,Stefanos Tzimas,FWD,ST,17,0.9712745629984184,0.9757846915384271,0.004510128540008494,0.0001973446229172356,0.0001973446229172356,0.0007290726942514036,1,5
brighton-hove-albion,126dee9c-b54b-5652-8798-46183678b962,Tom Watson,MID,UNKNOWN,17,2.647547436217282,2.652086644998494,0.004539208781211671,5.102952489931175e-05,5.102952489931175e-05,0.0009926282514697987,2,9
aston-villa,75f6d292-641f-53ef-a822-a86d1d9c8086,Douglas Luiz Soares de Paulo,MID,UNKNOWN,1,89.71612145511776,89.72096004118806,0.004838586070306405,6.736672450069481e-05,-6.736672450060005e-05,6.736672450060005e-05,0,0
chelsea,102260dc-086e-540f-ac1b-5c571502d8d4,Jamie Bynoe-Gittens,MID,LAM,17,2.8321657440437153,2.837079912764498,0.004914168720782841,-0.00016200254127639354,-0.0006269276345117411,0.003951863292500496,6,3
newcastle-united,7d97f99a-8163-5c05-a74a-5dd9794bd812,Dan Burn,DEF,LCB,14,34.884585941677884,34.89024079874515,0.005654857067264081,5.631225811883219e-05,-0.0035565167952087405,0.009512007831858904,5,8
tottenham-hotspur,d64982ba-72ef-52d6-b8fe-3706499963ab,Conor Gallagher,MID,UNKNOWN,1,88.94517252968177,88.95112705090044,0.005954521218669129,7.713128229169808e-05,-7.713128229170025e-05,7.713128229170025e-05,0,0
burnley,80a65522-b89f-5c4c-a67b-2ca3cfb2b7a0,Zeki Amdouni,FWD,UNKNOWN,17,1.5677392788676745,1.5741992824238271,0.006460003556152772,-0.00014204654070589494,-0.00014204654070589494,0.0011683088238834127,1,2
nottingham-forest,a493cdaf-9cab-5479-8687-9533f241460c,Stefan Ortega Moreno,GK,UNKNOWN,1,89.86123880874739,89.86784081587082,0.0066020071234333955,8.465210553509905e-05,-8.465210553509992e-05,8.465210553509992e-05,0,0
burnley,09f1c29e-1d11-57a0-95a1-6eb555a44bd1,Jaydon Banel,MID,UNKNOWN,17,2.3442948122763645,2.3509083251949474,0.006613512918582907,8.91621413135412e-05,8.91621413135412e-05,0.0009776029626855018,3,4
burnley,4156c194-ad00-5d9c-aa4d-5f67c7deba01,James Ward-Prowse,MID,RCM,2,31.0917877078186,31.09861081205977,0.006823104241171052,0.000123336444843275,-0.00039978960922196216,0.0005231260540652372,1,1
burnley,9d1de056-bbbd-54d4-a192-06c57ccb0fd6,Hannibal Mejbri,MID,LCM,10,23.32305673649524,23.329928455277084,0.0068717187818448265,0.0025602285603061837,0.00036392457377710933,0.014509259798513918,3,5
aston-villa,5dd58b2f-23b6-55e3-b59d-5617a42d6de1,Tammy Abraham,FWD,UNKNOWN,1,89.26178456403589,89.26899475891433,0.007210194878439324,9.312669109096117e-05,-9.312669109099976e-05,9.312669109099976e-05,0,0
wolverhampton-wanderers,e3545d57-5636-57c9-a5ad-35a839d1f8bd,Hwang Hee-chan,MID,ST,17,16.665756896123426,16.672997616119627,0.007240719996198653,0.00039378160808924595,-0.0025078934169441703,0.0074583342889043,9,6
tottenham-hotspur,1ffce999-e957-5580-a533-b5ad7d8de028,Dominic Solanke,FWD,ST,15,18.72001070878821,18.727296105264667,0.007285396476458258,0.0005914149646187565,0.00021467445231003376,0.018544566572151422,5,9
burnley,f33e474a-8556-5f17-915d-49956a1c0f64,Jacob Bruun Larsen,MID,LW,17,10.903102641646415,10.910785423609337,0.007682781962919742,0.0003066399243002506,0.00024399916172982935,0.004418227872849512,10,5
tottenham-hotspur,27ff0ef1-a31f-5e26-bb7d-035a4248bad2,Rodrigo Bentancur,MID,RDM,17,20.769316033128362,20.77722752265823,0.007911489529869609,6.323095201180263e-05,-0.0017264120833881855,0.009449577304909251,5,9
burnley,eef1cb4a-8a4c-5cee-9eac-636079e4d785,Josh Cullen,MID,RCM,17,3.2512741642348484,3.2599527622871767,0.008678598052328486,0.00015411630757767054,0.00015411630757767054,0.0018848015110945054,7,5
everton,d0fb5815-b17b-56d0-869e-d0e8910ab751,Idrissa Gueye,MID,LDM,10,20.375581687923322,20.38454679162667,0.008965103703343625,-5.43859709993523e-05,-0.00016878588720058708,0.009797448353286109,3,7
sunderland,225f5e34-6fc2-5816-9440-78853ac977df,Djiamgone Jocelin Ta Bi,MID,UNKNOWN,5,7.219157325583349,7.228151633000384,0.008994307417034636,0.00011543214916312303,-0.00015901272179492023,0.0006861121773951012,0,1
leeds-united,e5ce8638-ef71-56e5-ae05-c0e425118aa3,James Justin,DEF,LWB,1,7.0181360493819795,7.027178939731158,0.009042890349178379,0.00010632559861556423,-0.00010632559861556423,0.00010632559861556423,0,0
brighton-hove-albion,00ad5869-a47a-5c59-b975-adb72270f617,Charlie Tasker,DEF,UNKNOWN,17,1.293271104039267,1.302542830073968,0.009271726034701023,0.00011896017861652962,0.00011896017861652962,0.0004470213502136,2,9
brighton-hove-albion,d353e410-e488-5bca-8e63-b0faaf5f9627,Nehemiah Oriola,MID,UNKNOWN,17,1.3151827499914321,1.3245169185828036,0.00933416859137147,0.00011971550938207606,0.00011971550938207606,0.0004497734517386956,2,9
brighton-hove-albion,1f50297a-f30b-5940-aed9-50b9422a087e,Joe Knight,MID,UNKNOWN,17,1.3151779457006916,1.324512133353626,0.009334187652934471,0.000119715761404559,0.000119715761404559,0.0004497734042699028,2,9
burnley,5fb792bd-a16d-529a-ac0b-bbeb08b3f6a3,Ashley Barnes,FWD,UNKNOWN,17,4.406235433137799,4.4171985039960875,0.010963070858288574,7.62736242818182e-05,7.62736242818182e-05,0.0013432055717259028,3,6
tottenham-hotspur,3a736c36-502e-5f12-a3a0-3a915cdfdf76,Randal Kolo Muani,FWD,ST,15,28.082797860808327,28.09393851462924,0.011140653820911695,0.00026867912839850794,-0.0015630148382078028,0.014921580433097326,7,7
brighton-hove-albion,e951e717-39ca-59bd-bf7f-6e59ece9fd54,Georginio Rutter,MID,ST,9,29.139182256378863,29.150418336926545,0.011236080547680573,0.00019480189561769481,0.0012836514665014453,0.00616487774842045,3,6
arsenal,b565eaae-40d9-5a94-8063-106bd85084b9,Cristhian Mosquera,DEF,RCB,16,25.75180149094531,25.765172659100962,0.013371168155649038,-0.0009647721014485466,-0.002983747652020768,0.009232170167387532,8,7
west-ham-united,bb9f5ed9-455a-5a73-a068-c865110bd21e,Max Kilman,DEF,LCB,17,18.766420436372524,18.780009076592737,0.01358864022021398,0.00017727970899509012,0.00017727970899509012,0.005812946427347143,7,9
leeds-united,636ed36a-8aff-58b0-a5e5-7b5894084b12,Wilfried Gnonto,MID,LW,17,9.650189963333471,9.665257756825113,0.015067793491643378,-0.005494728255657905,-0.005494728255657905,0.01153757507296721,9,8
burnley,9d1de056-bbbd-54d4-a192-06c57ccb0fd6,Hannibal Mejbri,MID,RCM,2,20.489710181942577,20.504917053394166,0.015206871451589166,0.00020314058872866747,-0.00020314058872866747,0.0005821444596084691,1,1
brighton-hove-albion,65252572-e474-5eab-a75e-02367b186eb6,Solly March,MID,UNKNOWN,17,3.4036905249036,3.4200329564991048,0.016342431595504976,0.0001986093577851188,0.0001986093577851188,0.001145449644833707,1,8
burnley,4156c194-ad00-5d9c-aa4d-5f67c7deba01,James Ward-Prowse,MID,UNKNOWN,5,11.706492650418951,11.723837307935879,0.017344657516928663,5.26010427427889e-05,-0.0001904343027526681,0.0006075883637386426,0,2
liverpool,7a5568a1-0d6a-5388-9fe2-daf7af01c339,Freddie Woodman,GK,UNKNOWN,13,8.883274575688743,8.901290872402193,0.01801629671344996,0.0001809222903694769,-0.0021143275824257856,0.014919124173169207,11,2
burnley,0e1f7351-8766-5aac-b7ce-1c0c2d514ae2,Oliver Sonne,DEF,RWB,17,4.422642207976701,4.44096184007889,0.018319632102187913,0.00027592564627688167,0.00027592564627688167,0.0028404985060344057,4,4
manchester-city,607bc478-1de3-5627-b97c-8cc0c015b3e0,Marc Guéhi,DEF,UNKNOWN,1,89.55282156812407,89.57135237982527,0.01853081170119708,0.000206019834361304,-0.00020601983436129966,0.00020601983436129966,0,1
brighton-hove-albion,eb26516f-9061-5a83-a316-5cd4bef43df5,Pascal Groß,MID,LCM,5,7.700536332768595,7.719383963930596,0.018847631162000767,0.00026823086134197816,-0.00026823086134197816,0.004031538851450245,3,2
tottenham-hotspur,95129b97-e678-584a-9c78-bc2d29fd7dfa,Destiny Udogie,DEF,LB,17,25.61697935731257,25.63598284629352,0.019003488980949324,-0.00011713589653682214,-0.0017024514639153868,0.006126623756915306,8,7
wolverhampton-wanderers,bc4b8805-6f13-565d-a977-295468e6a0cb,Rodrigo Martins Gomes,DEF,RWB,10,16.42647228693703,16.44550185487961,0.019029567942578218,8.061238697141676e-05,-0.0002546389896194337,0.005680577583999091,4,5
sunderland,483fd668-a74d-5c5c-9111-a023961f914b,Chemsdine Talbi,MID,RW,3,27.308586986656064,27.328068797412914,0.019481810756851143,0.00011900807985685176,-0.0012230339255871702,0.002013063008166005,1,2
manchester-city,dfca7131-f158-5eea-ba5e-b71b5a3655b2,Jérémy Doku,MID,LW,12,21.384335142228945,21.405790767365403,0.021455625136458895,0.009185859654660558,0.020677450791544028,0.03487975563220003,6,6
nottingham-forest,368ba0e1-be00-5ed2-af7e-82ca90752b95,Zach Abbott,DEF,UNKNOWN,4,19.769990461898143,19.79227891446365,0.022288452565506878,0.00028895240030025245,-0.0010811252592679487,0.002740155319136399,3,1
aston-villa,359bea2a-202d-5b9f-be77-415683313cef,Ian Maatsen,DEF,LB,17,40.149478907471995,40.17210998822977,0.02263108075777839,0.0006287393357721771,0.0027550815829971284,0.021607350983867568,7,10
crystal-palace,09b6a6ee-2109-55b8-8083-5b532f8d0c96,Nathaniel Clyne,DEF,RWB,17,17.388279402665322,17.411895930989644,0.023616528324321838,-0.0002580331797366043,-0.00045267159438244347,0.039485848595077894,13,4
brentford,9a8ecf00-4990-5980-88ac-7e6f3426cc04,Yegor Yarmoliuk,MID,RDM,17,20.718323997116165,20.74337664597058,0.025052648854417513,-0.0002160183952967602,-0.0013394243348394184,0.011574732482825922,9,8
sunderland,627a9a22-f6d8-553e-9594-316391089ebc,Habib Diarra,MID,RCM,3,28.390514208616196,28.415781928291455,0.025267719675259166,0.0002157816570137356,-0.0009997455133886727,0.0018232907556036126,1,2
chelsea,46f70fd6-45f6-55b9-884d-24feb13db9c3,Levi Colwill,DEF,UNKNOWN,15,7.2865051183548095,7.311890165288211,0.025385046933402718,0.0003896456857803182,-0.0004158497358036667,0.006041215661879901,0,1
manchester-united,c2bb5215-da9d-515a-81f0-604c302f3078,Noussair Mazraoui,DEF,RB,6,52.064352593238624,52.0903834900569,0.026030896818281118,0.00035261543778680277,-0.008115926787897748,0.013621672777164306,3,3
sunderland,7d600419-69d5-50b5-84da-7b3b616dc8e2,Simon Adingra,MID,LAM,17,4.61363530481177,4.639843911629016,0.02620860681724624,0.0005770273252332962,0.0005770273252332962,0.013933343639987827,9,6
burnley,c59d2c13-36a9-56b4-b9fc-1462e5df19fc,Florentino Ibrain Morris Luís,MID,LCM,17,23.291444260693883,23.3178432352577,0.02639897456382107,0.0031663784156225226,-0.003709198097551722,0.017018143091076965,8,8
west-ham-united,ad87488c-769c-5325-bce6-63daff9b32a3,Pablo Felipe Pereira de Jesus,FWD,CAM,16,26.090748280194575,26.11817031186033,0.02742203166575302,0.0001538562642713244,8.836033753117749e-05,0.005903173147848384,4,10
fulham,aa82079f-0382-5b01-bb3b-9224650f408b,Sasa Lukic,MID,RDM,17,21.48750201653857,21.51512474539349,0.02762272885491975,-8.15761732886276e-05,0.00032397837283691666,0.023895401171190295,10,7
manchester-city,4238fdb0-cf75-58c4-b3b5-1e9939c55fc1,Joško Gvardiol,DEF,LCB,17,7.315728119408911,7.34362150314896,0.027893383740048298,0.0006536379796000761,0.0006816679181166707,0.0204801999134947,11,2
newcastle-united,fa7d8081-617d-5e86-a227-d01a088e1f55,Joe Willock,MID,RCM,15,27.217243988931706,27.245571232381756,0.028327243450056196,0.00013800698672107684,-0.0009066803625601481,0.0049362894653608436,5,8
afc-bournemouth,102764c4-bb3d-515e-a161-665b3bc0daf5,Álex Jiménez Sánchez,DEF,RB,17,18.14990732997163,18.178768640454134,0.02886131048250295,0.0006930754319906855,-0.0001358256550021387,0.021930524948009622,8,8
brighton-hove-albion,29b8ba2a-672c-5467-b297-bb4fcd65f263,Charalampos Kostoulas,FWD,ST,17,14.425686575316904,14.45630778488626,0.030621209569354636,0.00031594686215666057,0.00039618018371955594,0.005532441361485896,4,12
fulham,bf6c1651-0779-512e-9c37-3b8ac8c14714,Alex Iwobi,MID,RDM,12,21.421526340991253,21.45300696455297,0.03148062356171836,0.0008833735742785759,-0.004573116462827871,0.00973492620550015,5,6
crystal-palace,e0417b35-b1b1-5957-8ee5-7996c5db5cb0,Brennan Johnson,MID,RAM,8,21.94699583696017,21.979039990490037,0.03204415352986789,-0.004954783216405877,-0.0014565237282990126,0.02285797739352524,4,4
brighton-hove-albion,7b8905f9-3045-5c8d-9f0a-ed998a0d417a,Matt O'Riley,MID,CAM,17,6.989925268672005,7.022611703685559,0.03268643501355384,0.00046205484249927574,0.00046205484249927574,0.0021011565484179984,4,11
tottenham-hotspur,140b9b50-7e76-5415-b5b4-069f22ec0a3a,Mohammed Kudus,MID,RAM,17,1.7333639878795268,1.7671036011731442,0.0337396132936172,0.0012934915801375176,0.0012934915801375176,0.0134049821578959,5,5
burnley,b3a37e1a-2034-5649-97db-eea9b4ff11f9,Armando Broja,FWD,ST,17,16.633105863535302,16.66721435165001,0.034108488114703184,0.0008841598199852705,0.0031490211531371233,0.024918315688706283,12,4
west-ham-united,6e21ee2c-7d42-59f6-9ab0-1b28ff340661,Igor Julio dos Santos de Paulo,DEF,CB,2,2.082031560388824,2.1165179093466553,0.0344863489578312,0.0003845974444130502,0.0003845974444130502,0.0005775836728670013,0,2
west-ham-united,9fd390de-abdd-53c9-abf5-63b5a6ec3423,Soungoutou Magassa,MID,RDM,6,16.830745348812318,16.86549435691515,0.03474900810283025,0.0007898941160323058,0.0009388281082910663,0.002992317351707796,2,3
manchester-united,fba35e22-cb10-554f-ad2e-e62d2b5a5da8,Patrick Dorgu,DEF,LWB,2,4.168822778081193,4.203886032779593,0.035063254698400215,0.002255139999703615,-0.002255139999703615,0.002689335641772428,1,1
brighton-hove-albion,8c21213e-5c0e-56d3-81ae-b95f9e5b7c53,Brajan Gruda,MID,RAM,16,10.341050603163787,10.376274373386515,0.035223770222728185,0.0004763962264686017,0.0004763962264686017,0.005651990289708531,2,13
west-ham-united,4156c194-ad00-5d9c-aa4d-5f67c7deba01,James Ward-Prowse,MID,LDM,2,1.8793141995621356,1.9149912343972555,0.03567703483511986,0.0003975246111162494,0.0003975246111162494,0.0005955367142837995,0,2
burnley,f5da0015-9c1c-5ba2-a447-9fc51ceed482,Josh Laurent,MID,RCB,17,27.79761654477296,27.83346585496848,0.03584931019552015,0.00022736933823777698,4.8651176761728666e-05,0.007437368922167176,8,9
everton,ddd5f39d-2c3a-5f8e-a76f-e64d451f6ac1,Tyler Dibling,MID,RAM,17,6.630167091099116,6.667593869187652,0.03742677808853571,4.876663356879274e-05,4.876663356879274e-05,0.04403234198959469,15,2
brighton-hove-albion,de6b06be-d7b4-506e-9177-df5cf336214a,Yasin Ayari,MID,RDM,17,32.315593163637566,32.35395133959478,0.038358175957219076,0.000712590803205729,-0.00018808095183499052,0.007299297896015466,7,10
crystal-palace,b6fb865b-2ea3-5f14-9db7-b2b1c2d82003,Jørgen Strand Larsen,FWD,UNKNOWN,1,74.42783760129984,74.4662783263543,0.03844072505445695,0.0005293996704328618,-0.0005293996704327994,0.0005293996704327994,0,1
wolverhampton-wanderers,5c50ad44-fb04-5cd7-9d1f-513b77683809,Pedro Cardoso de Lima,DEF,UNKNOWN,13,11.24339419698655,11.283466088271611,0.040071891285063346,0.0005460846140604204,-0.000286238028624413,0.0054100971774513895,3,8
sunderland,a213c4ca-4778-5981-91eb-7708f7294de0,Nilson Angulo,MID,UNKNOWN,2,32.80257536603045,32.84334046832204,0.04076510229158492,0.0005425070721752326,-0.0006011845630061979,0.0011436916351813958,0,1
burnley,8538fec0-f5e3-5124-9d3e-6b46fded6164,Joe Worrall,DEF,RCB,5,20.553841859395025,20.59566745069866,0.04182559130363561,0.0004730618309025339,0.00048268342092221974,0.0009594558113635021,0,4
newcastle-united,51e8b386-e9bf-5082-8db8-d994f8a48d0b,Tino Livramento,DEF,RB,17,20.688736114349815,20.73103779178737,0.042301677437553,-0.0009516555035866415,0.00022067081284634908,0.012288322903560633,7,6
wolverhampton-wanderers,a2bfdc0c-78a1-5fff-b07a-3cbbbabdeba5,Jackson Tchatchoua,DEF,RWB,17,23.19042548248649,23.232795327671717,0.042369845185228926,0.004165535926832278,0.007364235768017868,0.025870505750272804,10,7
nottingham-forest,a2afe8eb-9890-541f-9258-8202cd512f1f,Nicolás Domínguez,MID,RCM,1,22.255312361172763,22.2983990680573,0.04308670688453731,0.0008991197267234075,0.0008991197267234075,0.0008991197267234075,0,1
manchester-united,8d2526be-436d-5cc9-ac87-685d6e1cc27c,Diogo Dalot Teixeira,DEF,RB,15,29.956139376872486,30.001737121510246,0.0455977446377607,0.0009364057127350185,-0.0006812714114040238,0.018850520659749903,5,10
arsenal,7844404e-dd2c-5f68-9390-675ab60be346,Martín Zubimendi Ibáñez,MID,CM,15,19.90757028872262,19.954059799583767,0.04648951086114721,0.006098350224378931,-0.01268814505662349,0.01783606348200728,6,9
sunderland,cde7eda9-ac09-5cd3-abff-bd8116cd4a4e,Reinildo Mandava,DEF,LB,17,28.145131247324905,28.19260436407291,0.04747311674800289,0.0010649722438766842,0.0004541151261028194,0.0168415050474906,10,7
brentford,e5d36ad0-dba5-56c7-a5d2-b091b2fa1b0d,Mathias Jensen,MID,CAM,11,14.035761627373065,14.084196599843995,0.048434972470931564,0.0006752691775906932,-0.0006752691775906932,0.010660011164329353,5,5
manchester-united,65910bcc-31a9-56bb-ba12-74e687cd31ec,Amad Diallo,MID,RAM,13,23.349107090438505,23.397999098423533,0.048892007985030315,0.0004001008701915315,-0.004285708866941142,0.014227790088605474,5,8
chelsea,972fc541-f01f-51fc-b746-5238f72285d7,Malo Gusto,DEF,RB,17,28.634677749613807,28.683790909568007,0.04911315995420254,0.0025991567935834225,-0.00570318548948134,0.013391550180365419,6,11
chelsea,3655e646-d6d9-51ce-a14d-bed863d96c3c,Reece James,DEF,RB,16,28.14036234947629,28.190967966735304,0.05060561725901436,1.4008217023068169e-05,-0.0015947638744539536,0.007377926236026067,7,9
fulham,7f48ec5f-f934-516a-9c1f-84d42bd974ff,Emile Smith Rowe,MID,CAM,17,19.63940883916576,19.690758543209792,0.05134970404402808,-0.0010632970299948553,0.0007962999471226486,0.019154291392422973,8,9
nottingham-forest,a2afe8eb-9890-541f-9258-8202cd512f1f,Nicolás Domínguez,MID,LAM,14,20.36871133502667,20.42064284614083,0.05193151111415949,0.0004309682599178906,-0.004357115693706226,0.013064024886222214,5,9
manchester-city,f717009d-d433-5fa0-9cf5-1e081478a8f1,Phil Foden,MID,LCM,17,29.582741230741103,29.63520693315434,0.05246570241323584,0.0009726389632643354,-0.0015914338238404598,0.024423139819085615,7,9
tottenham-hotspur,99c5358b-6b7a-567b-a6ef-22541e365423,Lucas Bergvall,MID,RCM,6,13.261168338181989,13.314997981878292,0.05382964369630283,-0.0006539904166045102,-0.0006539904166045102,0.005061995764272131,2,3
sunderland,a213c4ca-4778-5981-91eb-7708f7294de0,Nilson Angulo,MID,RAM,8,23.668684880998242,23.724314411516044,0.055629530517800396,0.000900863004038824,0.0011959376636409775,0.007967943353149098,4,4
sunderland,483fd668-a74d-5c5c-9111-a023961f914b,Chemsdine Talbi,MID,LAM,7,41.91747997346828,41.97424704480951,0.05676707134122897,0.0005737728261171392,-0.0006329732712494445,0.009143458882184485,3,4
manchester-city,438fc70b-3d5c-5a76-8236-a11719e82ea2,Max Alleyne,DEF,LCB,17,5.879710708438893,5.937473001471713,0.05776229303282062,0.002290516335196876,0.0016947733123224926,0.04084296341812094,8,1
tottenham-hotspur,e85a3c19-e5b4-542c-b4a1-85edbb700d53,Pape Matar Sarr,MID,LCM,13,25.34757688810197,25.406803607997404,0.059226719895436236,0.0008346323563763405,0.0014019225801430361,0.017165051297207218,7,5
sunderland,6a84c769-ac8f-5aa6-b83b-8d51625d8b35,Melker Ellborg,GK,GK,9,15.470144887769651,15.529547049986244,0.059402162216591475,0.0006613999012315254,-2.965868935714883e-05,0.0025956468609754646,1,7
tottenham-hotspur,e85a3c19-e5b4-542c-b4a1-85edbb700d53,Pape Matar Sarr,MID,LDM,4,19.5954526749182,19.65500565979301,0.05955298487481153,-0.0004041973402311178,-0.001858747197995782,0.0029090997155293286,2,2
brighton-hove-albion,f941023a-8afb-5610-bf89-e6cc352c84c9,Harry Howell,MID,RAM,13,8.213333095546975,8.272894228454875,0.05956113290790001,0.001044004124475761,0.001044004124475761,0.004083258591069616,2,10
chelsea,653dcb32-98a1-5bdb-afc4-4dcee772c921,Pedro Lomba Neto,MID,RAM,11,29.091482956732328,29.15121241296248,0.05972945623015491,0.0013610191692041342,-0.004932639468645603,0.012121567251537402,5,6
leeds-united,43ae6b5e-3989-58fb-8540-6a539dd06218,Jaka Bijol,DEF,CB,17,31.357679719022517,31.41859136216321,0.06091164314069175,-0.000415203551950849,0.00904979288414295,0.03746178571890668,10,7
sunderland,98e68e85-52f1-5832-b572-18ffcbfa3d40,Luke O'Nien,DEF,RCB,6,36.84328104954299,36.90526603952051,0.06198498997752703,0.0009244951317597672,0.0003545717634411046,0.0019048898875394515,2,4
everton,dea12abc-e8dd-5839-b626-0cb7e72e9a26,Iliman Ndiaye,MID,LAM,6,6.191350598692071,6.253724594574983,0.062373995882912446,0.0006958061180352137,-0.0006958061180352137,0.0015107694262610494,0,5
wolverhampton-wanderers,9ac5d5a9-74b6-578c-8e14-559019eb509d,Mateus Mané,FWD,LAM,7,19.17109617055457,19.23406479104778,0.06296862049320444,0.0030227442780768688,-0.004103381705068949,0.008530595265067165,2,4
tottenham-hotspur,f0bfb35e-c09e-553b-a545-fec85a6cd62d,Radu Dragusin,DEF,LCB,10,18.056902588375955,18.120606305420846,0.06370371704489201,0.00029352785429394567,-0.0004320924447768715,0.0036281014953540858,3,7
leeds-united,474896af-e9ef-5bb3-b82b-79c2fb8c891e,Jayden Bogle,DEF,RWB,15,25.483994713828004,25.550485271704865,0.0664905578768625,0.0033492437265147503,-0.004450099973102401,0.0209210783130718,5,10
liverpool,69b2f335-365b-5201-b36b-babf799e628a,Curtis Jones,MID,LDM,14,32.64607237841194,32.71330021648635,0.06722783807441678,-0.0006223720715615563,-0.012767053507483426,0.019228467943992522,6,8
tottenham-hotspur,44d564d8-1d6f-5d92-906d-972644650a55,Yves Bissouma,MID,CM,6,27.306249881507327,27.377036077060847,0.07078619555351888,0.001211734947067752,0.0010535429423306694,0.004894992499568707,0,4
chelsea,653dcb32-98a1-5bdb-afc4-4dcee772c921,Pedro Lomba Neto,MID,LAM,6,33.73217751529715,33.806248294483616,0.07407077918646247,0.0031471805196817138,0.0016924309110117215,0.0164063311367999,3,3
manchester-united,e037fafa-e08a-50a4-8014-a43e6c2d13a4,Carlos Henrique Casimiro,MID,RDM,11,27.076309565077228,27.152301522945866,0.07599195786863336,0.002228780757139251,-0.0034067432319154767,0.007738628118957092,4,7
wolverhampton-wanderers,87fd1c0a-a5f8-5f19-b233-de67537cdeb2,Hugo Bueno López,DEF,LWB,17,19.092187060110824,19.168459022288385,0.07627196217756219,0.004024062919330783,-0.008104713921523392,0.022413796302234057,7,10
burnley,62a712a2-a9c6-5298-94c6-5bdfca8f45ab,Quilindschy Hartman,DEF,LB,17,22.26839181679256,22.34533460798569,0.07694279119313621,0.00044335617504980934,0.00026463402826984163,0.004781729103140897,5,10
fulham,d23b8279-3fbf-54f8-827e-4312b70cd086,Rodrigo Muniz Carvalho,FWD,ST,17,15.786987753710475,15.864433581100329,0.07744582738985534,-0.0026945304738918937,-0.004435853411067178,0.031086618678370703,8,9
burnley,0db48051-eb1a-516f-b185-a0846d6f83e1,Hjalmar Ekdal,DEF,CB,11,23.02532790331311,23.106741976417915,0.08141407310481115,0.0009507024465288558,0.0007657356250660605,0.0039182556201202146,4,5
sunderland,3e322311-2a0b-53fc-a8b7-22ecd116c42e,Daniel Ballard,DEF,RCB,17,20.115063710395045,20.196837446583796,0.08177373618875204,0.004996116396794692,-0.005460213003696288,0.021136268536307123,6,10
aston-villa,08c10373-3236-58f3-8488-9bc9fad8dfde,Jadon Sancho,MID,RAM,17,28.841446227443715,28.92351396621528,0.08206773877156504,-0.0003871890197845035,0.01397984641323928,0.05029580463568151,8,9
chelsea,9b51b592-7b40-53df-a62d-6af0afa0bb0e,Estêvão Almeida de Oliveira Gonçalves,MID,RAM,17,21.7186714735387,21.801391260646874,0.08271978710817919,-0.0017606766561458612,0.00513586271640177,0.033105917762441206,11,4
manchester-united,06edf8b9-4201-50b7-b9f9-2e6a7842f113,Kobbie Mainoo,MID,UNKNOWN,1,77.09123635341125,77.17476395795096,0.08352760453971086,0.0011391828495324052,-0.0011391828495324885,0.0011391828495324885,0,1
liverpool,3662a836-64ae-524d-ac5d-6c64245981a2,Cody Gakpo,MID,LAM,17,14.061531023880548,14.145073371954012,0.08354234807346472,0.000550143015304891,-0.000550143015304891,0.008011153239893543,7,10
west-ham-united,bafec5b4-70cd-5296-82ed-5f50f9b35506,Tomas Soucek,MID,RDM,2,11.786540083273856,11.870147801528475,0.0836077182546191,0.0013057121505403724,-0.0013057121505403724,0.0041149344673296895,1,1
chelsea,f8666db2-925c-5357-81ba-263e71b165b3,Roméo Lavia,MID,RCM,1,31.233474591695433,31.317902185471613,0.08442759377618003,0.0013038338496889068,-0.0013038338496889068,0.0013038338496889068,0,1
burnley,4156c194-ad00-5d9c-aa4d-5f67c7deba01,James Ward-Prowse,MID,LDM,2,23.857029458541483,23.944198629496373,0.08716917095489052,0.0014090225164297698,-0.0014090225164297698,0.0020379377410545407,0,2
nottingham-forest,df240c75-117c-5865-8931-093b55e8d7fd,Luca Netz,DEF,LB,3,20.143992477888993,20.231884654553202,0.08789217666420986,0.0011866747835434326,-0.0005650504481605015,0.0013711374059837134,0,3
aston-villa,fc551cf2-132e-5dac-a9b5-aaeb090b32b5,Leon Bailey,MID,UNKNOWN,6,19.330595410910785,19.41916600516461,0.0885705942538239,-0.0024630872084190777,-0.003974553010682878,0.008054676607005373,1,3
chelsea,4dc8670b-9980-5a26-9e9d-c98c1f9bb333,Benoît Badiashile,DEF,LCB,17,10.46054139918901,10.550004162810067,0.08946276362105895,-0.002149242232249156,0.000738000601793113,0.025366763467336906,13,4
brighton-hove-albion,a5750705-f098-5007-84b9-214a2063f4c8,James Milner,MID,RDM,10,28.63646954285298,28.72621117516353,0.08974163231055635,0.0022180377609348303,0.006515976917444549,0.023811332862923362,2,8
nottingham-forest,45ca4681-2d1e-540f-9f02-6746fdcaae79,Dan Ndoye,MID,RAM,17,11.591071391169203,11.681490822465097,0.0904194312958946,0.0013528405627502127,0.0013528405627502127,0.03579358362223911,11,6
brentford,d3c7337d-334b-58de-b6a2-e7e1ce9a18ea,Jordan Henderson,MID,RDM,17,22.34807384919757,22.438867389111344,0.09079353991377381,-4.4753867267162406e-05,-0.005420014842523894,0.014870707358077495,9,8
arsenal,8bac1cb7-1c33-563a-9137-8a394efb10f5,Myles Lewis-Skelly,DEF,LDM,2,50.835471264165136,50.92781897325234,0.0923477090871998,0.0012612148227000297,-0.0050180600768997,0.006279274899599785,1,1
brentford,3dabd7b1-0f28-5272-86ae-4c5392e1aa45,Sepp van den Berg,DEF,RCB,3,51.19530086423274,51.28868803083521,0.09338716660247097,0.0012908374074679558,-0.00877400679742113,0.015097266307333601,1,2
leeds-united,c550c5c9-6be9-5d60-a724-ed8b1d333548,Brenden Aaronson,MID,RW,1,5.0381071695904325,5.132089303393883,0.09398213380345055,0.0012083169551547757,-0.0012083169551547757,0.0012083169551547757,0,1
brentford,bb04fd88-02f4-5b58-a126-01b07e773bd8,Nathan Collins,DEF,LCB,15,25.440273692830555,25.53510332254323,0.09482962971267123,0.00020442598295054756,-0.004149960684832882,0.01050053501236961,5,10
arsenal,4c3f279c-cb21-57c6-9d58-3decef97625e,Bukayo Saka,MID,RW,10,30.108971606481465,30.2048058941875,0.09583428770603533,0.00040272847118885956,0.0022380439701593065,0.022246687188735098,5,5
crystal-palace,4406998b-108e-54ac-90cf-ff22cdf7c565,Tyrick Mitchell,DEF,LWB,17,17.35548708558059,17.45192681462133,0.0964397290407403,0.0028610503543643733,-0.003970314152546561,0.015097640528830003,5,12
nottingham-forest,fc1d6631-4455-5cd1-be3d-3748e604ca74,Ibrahim Sangaré,MID,RDM,17,20.780261708015246,20.877683275012007,0.09742156699676141,0.00313815548935526,0.00011810366402104251,0.01457855231573539,5,11
nottingham-forest,b741dff8-c470-5246-a88a-18fd87c23462,Dilane Bakwa,MID,RW,1,15.658923348087221,15.75675846210411,0.09783511401688827,0.0013134140118435944,-0.0013134140118435944,0.0013134140118435944,0,1
tottenham-hotspur,658b9548-4dbd-5b98-890b-0bb35c8a5625,Wilson Odobert,MID,RAM,15,10.280906823376787,10.382668775214544,0.10176195183775792,-0.0015259002570979432,0.004250075041257109,0.025848117758006328,2,8
burnley,956e0ed0-2170-56bf-913d-61d007270278,Bashir Humphreys,DEF,RCB,8,28.804203592135607,28.90749321681826,0.10328962468265068,0.0013525110103824942,-0.008251824227845254,0.014944544422002437,3,5
everton,3c785544-9ef9-55d3-b726-bcbf136d1d05,Tyrique George,MID,UNKNOWN,2,32.171736006332466,32.275517894450864,0.10378188811839806,0.0014109730947555969,-0.0014557797758079968,0.0028667528705635936,0,1
newcastle-united,fa7d8081-617d-5e86-a227-d01a088e1f55,Joe Willock,MID,LCM,2,46.181849130633836,46.28572013599418,0.10387100536035021,0.0018399933593961637,-0.0018399933593961637,0.0021599447665573424,0,2
manchester-city,7ba3294a-acf2-50da-ba1c-626fce42c1dc,Omar Marmoush,MID,LW,2,33.85066364779,33.95487366700554,0.10421001921553674,0.001533397314832827,-0.002062858591087199,0.0035962559059199983,1,1
crystal-palace,a5346cce-0d2c-5baf-97da-d70579ec7aa9,Chadi Riad Dnanou,DEF,LCB,14,38.598290512425606,38.703142594219386,0.10485208179377928,0.000744406631475543,0.0053973849838514516,0.04788593884415432,7,7
sunderland,599b3b1e-964d-5fae-b225-2aee23b65bad,Dennis Cirkin,DEF,LB,17,14.182285194171657,14.288496297908708,0.10621110373704991,0.0016559573215880002,0.0016559573215880002,0.03778069283153107,9,7
sunderland,bcf42999-24c1-5f09-8693-5a3e09ad1527,Bertrand Traoré,MID,RW,17,6.16066983998297,6.2684813641646375,0.1078115241816683,0.0017782906063039993,0.0017782906063039993,0.0357173169418768,9,7
west-ham-united,46d563a5-35c2-5766-ad22-b778921da81d,Jean-Clair Todibo,DEF,LCB,17,30.915693071593438,31.027226203936298,0.11153313234285932,0.0012191086384638796,-0.0032154596896200325,0.013356547418725273,7,10
arsenal,ef53aa3a-f5fe-5a12-9743-66a2adc7f069,Kai Havertz,FWD,ST,6,23.161593810726007,23.274132815622774,0.11253900489676798,0.004156736173631753,-0.0016346424975553567,0.013548642577767556,2,4
chelsea,932d386d-f372-53de-a37f-381a73a67e07,Jorrel Hato,DEF,LB,9,33.82664713007043,33.940434960334905,0.11378783026447871,0.0015982717720844765,0.0014734544641818602,0.016599380711909584,5,4
liverpool,b02dbbb7-35b6-53d3-be68-f7c1b2c4e70f,Ryan Gravenberch,MID,RDM,17,21.793779772985854,21.9076536043365,0.1138738313506451,0.003055998388618586,-0.005627908042586956,0.011664348993538298,6,11
manchester-united,cd221270-eb70-5941-b084-b02fff2a8b2e,Lisandro Martínez,DEF,LCB,17,23.13830444940977,23.252393831194635,0.11408938178486797,0.003133894845878235,0.007320120625654567,0.04046377657776021,9,8
manchester-united,82990c89-5786-50c7-898b-b6d67ce0f54a,Leny Yoro,DEF,RCB,17,25.94950616250506,26.064158907755246,0.11465274525018361,0.0010199312131051626,0.00991199232222293,0.043316889143064585,9,8
liverpool,0ffc6ec2-ca3e-5db4-8ebf-a8eba45464b9,Joseph Gomez,DEF,RB,17,25.104377642498434,25.219527796087178,0.11515015358874002,-0.000828421821163157,-0.006366536343937176,0.057344407306037626,9,8
tottenham-hotspur,4aecc997-ca9d-57ec-a854-3151849bde99,Mathys Tel,MID,LAM,17,17.523843665246993,17.63947915840433,0.11563549315733844,0.007609239439786878,0.008916161478499583,0.033653943903572486,6,8
arsenal,fa80a3f3-4a6b-5450-b9b2-8a68571a21a4,Riccardo Calafiori,DEF,LB,17,25.75107529516988,25.868237537192364,0.11716224202248672,-0.0010575724198141974,0.006297787879417197,0.0343397052357719,8,9
crystal-palace,4e797913-6f5e-54d0-807d-555d7ec82308,Jefferson Lerma Solís,MID,LCM,11,38.07353230804735,38.19119369122741,0.11766138318006564,-0.001270045493190511,0.0008587718249279952,0.014629606725114597,5,6
nottingham-forest,c708e3fc-c1ec-575e-9376-9578775d41dc,Igor Jesus Maciel da Cruz,FWD,ST,17,18.089152199866195,18.207239962544673,0.11808776267847942,0.00694380573071595,-0.00860385937982476,0.025389824321655707,7,10
wolverhampton-wanderers,aa986b3e-e0d4-5c58-b3da-46a8810d3ca9,Ladislav Krejcí,DEF,LCB,17,32.959678509221746,33.07865979838101,0.11898128915926834,0.003818311398215755,-0.009176090260436058,0.016468244083976957,9,8
burnley,032150f9-1246-5989-8ac4-532f1e3bce74,Lesley Ugochukwu,MID,RCM,17,25.91992009537867,26.04167761984256,0.12175752446389008,0.0043792812115833815,-0.008873659289558045,0.018817993625728557,7,10
arsenal,b6572497-1067-596a-a218-6e465214dcc8,Benjamin White,DEF,RB,17,27.291745315137025,27.413632027908143,0.12188671277111825,0.000999451811213562,0.004857732775021942,0.0362852127012907,11,6
manchester-united,3da0d46a-b47e-5811-9668-ebfa18ca336a,Ayden Heaven,DEF,CB,13,20.091399141936,20.21664609287547,0.1252469509394675,0.0010530245270975618,-0.0015147592739461575,0.027659639883018616,8,5
manchester-city,cffb76ef-9edc-5e36-95cd-8c4ce7623f4e,Nathan Aké,DEF,LCB,3,57.46292981911296,57.588246958894466,0.12531713978150094,0.002081026008397916,-0.0033252224463557515,0.00806772648883658,1,1
burnley,93153394-38ee-5f40-9adb-90f4f3307e4e,Lucas Pires Silva,DEF,LWB,17,28.3843475076508,28.51329913544977,0.12895162779896657,0.0038136645113922073,0.0067993582034142535,0.02312599173618829,10,7
brentford,68341849-eb35-5296-a270-848df8393917,Michael Kayode,DEF,RB,17,15.470708766670361,15.600093636802445,0.12938487013208544,0.0014731028291515324,-0.0016056398669550618,0.007846597349223217,3,14
manchester-city,a5ac6603-1c8f-569d-acdb-bba58bd047c8,Nico González,MID,CM,17,21.444713161620374,21.574440858222147,0.12972769660177297,0.0042211606382068926,0.004167241941313412,0.021125270581166422,7,9
burnley,9d1de056-bbbd-54d4-a192-06c57ccb0fd6,Hannibal Mejbri,MID,CAM,5,27.75222677061074,27.8819762501112,0.129749479500461,0.0024783788820054416,0.001642179809645719,0.004349104952009297,1,4
arsenal,1a956dd6-5231-5dd8-954b-7236c855bc20,Gabriel Fernando de Jesus,FWD,UNKNOWN,2,13.25671334111038,13.388642959429632,0.13192961831925132,0.0007102028165640595,-0.002284382370345339,0.002994585186909371,0,2
liverpool,b8cff13d-168c-5c65-ad52-99b0426b08f2,Dominik Szoboszlai,MID,CAM,12,6.3826393775659405,6.519213261071253,0.13657388350531244,0.001526604631022573,-0.001526604631022573,0.0055458040207559955,2,9
sunderland,bb4e74c1-9fc8-588e-8e27-159ea5d120df,Brian Brobbey,FWD,ST,17,19.738983218049547,19.87578704141582,0.13680382336627225,0.004859125983824156,-0.004378560769461224,0.0123138717522141,8,9
newcastle-united,fe525ab5-78d1-5766-a583-9b76113d2d57,Sven Botman,DEF,LCB,17,28.760508644634225,28.899544562959903,0.1390359183256759,0.001437969606752503,-0.0010072196551785665,0.006994957106887467,5,11
chelsea,8b1af3a3-b391-5111-954e-dbda5d6d12a5,Liam Delap,FWD,ST,17,41.8827102967802,42.02227685217509,0.13956655539489327,0.0013396803697894653,2.448326548242524e-05,0.022560788352541272,8,9
crystal-palace,39a54236-bfd4-52f7-8b23-eeb8ca167d6d,Chris Richards,DEF,RCB,17,24.111987966857807,24.25281154718434,0.14082358032653358,0.0015968007661679065,-0.004823794478331605,0.02788064787160799,5,12
leeds-united,c550c5c9-6be9-5d60-a724-ed8b1d333548,Brenden Aaronson,MID,LW,6,18.32002806077393,18.462684768343042,0.1426567075691132,0.007217120584718517,-0.007217120584718499,0.013065257448117373,1,5
manchester-city,70198e6a-5cf9-5344-a2c0-f1b71dfeeb5f,Bernardo Veiga de Carvalho e Silva,MID,CAM,10,13.617299202581666,13.762647048108551,0.14534784552688365,0.005552230774151068,-0.005552230774151068,0.01466996798598541,4,6
fulham,bf6c1651-0779-512e-9c37-3b8ac8c14714,Alex Iwobi,MID,LAM,4,30.555783550949158,30.70135740384064,0.14557385289148295,0.0016938861610119385,-0.0024419761609574056,0.008831696539209899,2,2
sunderland,e65af070-c3e5-52d5-a47d-80432c274dc7,Romaine Mundle,MID,LAM,16,13.33215473134518,13.4777484242423,0.14559369289712065,-0.0006662814737377256,0.0029695077089202052,0.030855202632699585,5,8
nottingham-forest,1551c664-1407-507c-a3f7-41b9bc63a0f8,Lorenzo Lucca,FWD,UNKNOWN,3,23.513976295792236,23.661238413603115,0.14726211781087936,0.00229525323494308,-0.0023913377097716983,0.007029886417072195,0,1
sunderland,627a9a22-f6d8-553e-9594-316391089ebc,Habib Diarra,MID,CAM,13,18.278711448092697,18.42618224869372,0.14747080060102474,0.0031470416852368223,0.0014135595384361483,0.02109248755973331,3,10
sunderland,eeb782c9-d515-562b-b132-d07e7ac988fa,Chris Rigg,MID,RAM,14,12.065712887652566,12.214817035614645,0.14910414796207863,0.0035407727665157157,0.004391395261209162,0.03589176014748069,9,5
tottenham-hotspur,976cba43-39e3-5bd2-a17b-74524487c441,Archie Gray,MID,LDM,8,19.79162668632917,19.942162849495215,0.150536163166044,0.0014487553046130114,0.0029468545333461507,0.02526466992395776,2,5
fulham,6cfbd227-d6d0-525d-810f-a1e929d406bf,Harry Wilson,MID,RAM,17,18.89983988277663,19.050406081535453,0.1505661987588253,0.003865976422601137,-0.007021814396398795,0.016291471942151303,7,10
wolverhampton-wanderers,970e8a65-ee1a-5d1a-94d7-82973dc0b1dc,Toti António Gomes,DEF,LCB,17,24.86381865234719,25.01494909721425,0.15113044486706054,0.001802604810004404,0.0005516422527356596,0.021354877888174695,5,11
west-ham-united,de5e511c-9379-5b70-8f43-d2b814dfdcc3,Valentín Castellanos,FWD,ST,17,13.9480366863949,14.101611947586731,0.1535752611918297,0.0015178542285860536,-0.00267160396268901,0.010301966685690167,5,12
leeds-united,e5ce8638-ef71-56e5-ae05-c0e425118aa3,James Justin,DEF,RCB,11,11.588073654694616,11.74181112619795,0.15373747150333372,0.002087751097756496,-0.002087751097756496,0.006580092791881431,4,7
tottenham-hotspur,44d564d8-1d6f-5d92-906d-972644650a55,Yves Bissouma,MID,LCM,9,27.549142841815918,27.705580993134923,0.156438151319008,0.00281187725535763,-8.594406059370735e-05,0.013196646221528385,2,7
leeds-united,3c3955d4-e30d-55eb-924e-d252c6949a50,Ilia Gruev,MID,LCM,17,17.991900726731174,18.15469516075368,0.16279443402250593,0.003093100162247615,0.0015817781899512637,0.02211245709648102,8,9
arsenal,ef53aa3a-f5fe-5a12-9743-66a2adc7f069,Kai Havertz,FWD,CAM,2,54.86444814297546,55.02750196686286,0.1630538238873953,0.00410944938033464,-0.004109449380334668,0.007874189089462247,0,2
wolverhampton-wanderers,e2213bab-7401-5edc-9994-4eb0772f48ef,João Victor Gomes da Silva,MID,RCM,3,31.670126262931458,31.83574262666707,0.16561636373561348,0.002059702042561747,-0.012291223553724548,0.0153472822667442,1,2
liverpool,d982f8cc-b7f6-5eef-880a-7588a8d9c761,Alexis Mac Allister,MID,LDM,17,20.965788204123015,21.13195617245315,0.16616796833013872,0.002237902281233988,-0.003283786650743558,0.012981987621895397,5,11
brentford,0fc3de1a-eecc-53a7-b727-451560c890d1,Kristoffer Ajer,DEF,RCB,17,31.46491602224271,31.633392538967655,0.16847651672494274,0.0025768657357796883,-0.0006539591173750106,0.01990822138122872,6,11
everton,39aed718-6b3b-5edf-84ad-3242e984c314,Thierno Barry,FWD,ST,17,30.764194271961394,30.93295225655664,0.16875798459524435,0.0027979711031572187,-0.0003898660106602049,0.021240801912021268,7,10
liverpool,e1be452d-eabb-5030-8f89-d3b48d85fedb,Florian Wirtz,MID,LAM,1,1.1087191350452343,1.281027816404233,0.17230868135899868,0.002074155236731934,-0.002074155236731934,0.002074155236731934,0,1
crystal-palace,246d5877-ce20-5c48-bdc0-bdb7ede514b7,Maxence Lacroix,DEF,CB,17,22.945396645915274,23.118883982592205,0.1734873366769314,0.002364648015535643,-0.00734518482619528,0.020765712237606926,8,9
aston-villa,7a546fa7-fe3d-5862-a0fc-4542c4583e9e,Ross Barkley,MID,CAM,5,30.053732597820776,30.227959454320438,0.17422685649965927,0.002721680090871659,-0.00325824057897639,0.007902373820933062,1,4
liverpool,debd2971-955d-5acb-b321-caec89c7ad6d,Rio Ngumoha,MID,UNKNOWN,9,10.693804694044132,10.871194950988924,0.17739025694479219,-0.003135447005772134,-0.005208859128686957,0.009330354553116704,3,6
afc-bournemouth,e51ce209-cf65-5a91-b162-98b8d46e6d71,Amine Adli,MID,LAM,15,18.50885338172858,18.68716170935632,0.17830832762774235,-0.00312548403478853,0.015033453285467697,0.049211078665960806,7,8
everton,7af4896b-be30-5d5e-9119-e9efade2cada,Jarrad Branthwaite,DEF,LB,3,45.65494206849936,45.8335080151175,0.1785659466181523,0.001996130716867217,-0.005635467066074096,0.006883059217748122,1,2
chelsea,3d33e637-0658-5cc2-964e-b281c5cdf9fc,Marc Cucurella Saseta,DEF,LB,17,25.461119034679488,25.641119804093567,0.1800007694140805,0.004503766004258362,-0.0011358605525190158,0.021673965891799707,6,11
tottenham-hotspur,9e042355-866c-5b17-9097-0d84e263ecf3,Kevin Danso,DEF,RCB,17,24.40062421641167,24.586182398288685,0.18555818187701312,0.002352685395214719,-0.003750608283967722,0.01177216958177485,5,10
fulham,ef856b2c-4200-58fa-8d76-23913677f5ba,Oscar Bobb,MID,UNKNOWN,5,15.230124214375916,15.416484443160494,0.1863602287845763,0.00011279692804432202,-0.004213074692249531,0.010814679050734632,0,3
sunderland,6bc31bc4-e733-517c-ad34-ef2c089aaa40,Eliezer Mayenda Dossou,FWD,ST,17,19.627880354453417,19.814967537624373,0.1870871831709589,0.0014841206269983994,0.0026023979408286726,0.026297207308997317,5,11
everton,7af4896b-be30-5d5e-9119-e9efade2cada,Jarrad Branthwaite,DEF,UNKNOWN,3,33.22229216350467,33.41098106753345,0.18868890402878305,0.0027745116528012682,-0.0028716969234721355,0.008469312864410106,0,1
crystal-palace,e0417b35-b1b1-5957-8ee5-7996c5db5cb0,Brennan Johnson,MID,LAM,9,26.568124308542288,26.757510855005098,0.18938654646281033,0.003414217215257599,-0.00604337111914607,0.011064844780223959,2,7
crystal-palace,7b9dc65d-483e-5ff9-af51-946aceed51e9,Jean-Philippe Mateta,FWD,ST,17,18.695638147333938,18.885309019256763,0.18967087192282464,0.0023378092403981217,0.0011917153937856504,0.021880549980411446,10,7
aston-villa,75f6d292-641f-53ef-a822-a86d1d9c8086,Douglas Luiz Soares de Paulo,MID,LDM,12,21.251425372656623,21.441848651252513,0.19042327859588828,0.0007505879410435306,0.010297523340159083,0.03617105285205291,6,6
manchester-united,be977983-b55e-52b9-96d5-b98b8b42edbb,Bryan Mbeumo,MID,RAM,17,22.20463660958748,22.396596644024356,0.19196003443687584,0.0031044048332539284,-0.004162986460691333,0.017048585488629003,5,12
fulham,4dba3178-ba81-5a3b-99aa-be47c6225e49,Kevin Santos Lopes de Macedo,MID,LAM,17,13.704205023058579,13.897004906717953,0.1927998836593723,0.005241504254442489,0.006866016085631716,0.048610958980612684,9,8
manchester-city,66ce5aaa-c0e9-5462-8a78-fae312616872,Antoine Semenyo,MID,RAM,8,21.363575532682958,21.556600895503323,0.19302536282036264,0.003545932467878224,-0.003545932467878224,0.009517428933419447,3,5
wolverhampton-wanderers,9ac5d5a9-74b6-578c-8e14-559019eb509d,Mateus Mané,FWD,LCM,10,9.651567337846682,9.844875610047165,0.19330827220048263,0.0042617096875882995,-0.0042617096875882995,0.009083086147754438,3,7
afc-bournemouth,559670b7-3af4-5c20-8ab5-783da9a99601,Alex Scott,MID,RDM,17,10.820414758885462,11.01811649380309,0.19770173491762683,0.002647584773819146,-0.002816264902843525,0.005175469121334819,1,16
sunderland,2e06beff-d060-52c5-b090-ef85e142bc03,Trai Hume,DEF,LB,10,22.783990476879552,22.984165524451356,0.2001750475718019,0.0032171698789647206,-0.007340981323549767,0.025110681390061895,3,7
crystal-palace,a5346cce-0d2c-5baf-97da-d70579ec7aa9,Chadi Riad Dnanou,DEF,UNKNOWN,3,19.379764671583498,19.583510881644163,0.20374621006066626,0.0026505398596524386,-0.0028541674236333054,0.008257060924928616,0,2
wolverhampton-wanderers,b6fb865b-2ea3-5f14-9db7-b2b1c2d82003,Jørgen Strand Larsen,FWD,ST,3,32.41339285113438,32.617541934678066,0.20414908354368322,0.0032954160629609466,0.0032954160629609466,0.0048335102511871675,0,3
brentford,1ef77ed3-fd32-5bdb-aa75-d9414ac14df0,Vitaly Janelt,MID,LDM,17,15.80604209694375,16.016056130861976,0.2100140339182267,0.004503697804470595,0.002802408409869915,0.03466346314000682,10,7
burnley,63254645-c19e-5669-ae4c-6995093f3b92,Max Weiß,GK,GK,2,25.421849413476778,25.634575533096452,0.21272611961967414,0.0023775713078768024,-0.0023775713078768024,0.0028630364957101806,0,2
liverpool,abc5ff85-af28-52a6-899e-59f93406af42,Jeremie Frimpong,DEF,RAM,3,39.12060362055761,39.334577757813115,0.21397413725551218,0.0030303351874497084,-0.0058247596052457455,0.013282642189043181,1,2
fulham,920d3e82-2ef6-5ae4-aa99-e8d693a9d888,Raúl Jiménez,FWD,ST,17,17.844201501375817,18.060535569225777,0.21633406784996012,0.0036544891005305734,-0.0018787338279563882,0.014855493620423432,6,10
everton,be864262-5b78-5455-be5c-8eb1eb4b8ed9,James Tarkowski,DEF,RCB,17,14.843498379338204,15.060412435045604,0.21691405570739916,0.002444117253077393,-0.0026065923663466124,0.006848586006643287,3,14
brighton-hove-albion,eb26516f-9061-5a83-a316-5cd4bef43df5,Pascal Groß,MID,LDM,12,8.51155311850137,8.729348936950748,0.21779581844937823,0.003168242202385078,-0.003168242202385078,0.01518777569797547,1,10
brentford,3dabd7b1-0f28-5272-86ae-4c5392e1aa45,Sepp van den Berg,DEF,LCB,14,12.565009654497189,12.783325288806934,0.2183156343097435,0.0011986968691907146,-8.590617820777857e-05,0.017365462000906384,5,9
nottingham-forest,68e23e27-5010-5c05-a3bd-23e48be32b93,Morgan Gibbs-White,MID,CAM,17,19.22935101658112,19.448405585295898,0.21905456871478013,0.00607430585943801,-0.008646342565167164,0.01834696444872097,5,12
aston-villa,2dc07ee0-9e62-54c5-a6ce-b50249434b2d,Matty Cash,DEF,RB,17,26.43814448696538,26.65763145157993,0.21948696461455341,0.0038501226595384483,-0.007876653378689468,0.014374138676868098,7,10
brentford,c5c12262-4fce-5d62-89d5-5e4ae2679565,Keane Lewis-Potter,DEF,RAM,5,25.957597324182068,26.177632205302142,0.2200348811200726,0.0044786963937117116,-0.0026554200082992254,0.0251100341199757,2,3
sunderland,2e06beff-d060-52c5-b090-ef85e142bc03,Trai Hume,DEF,RB,7,18.81630319598912,19.03929954501276,0.22299634902363558,0.0014572206901704815,-0.0014572206901704815,0.0065257504035425296,1,6
arsenal,a8d1cfeb-4f1e-53fc-a90a-4610ccf746c6,Declan Rice,MID,LDM,3,15.124289900517752,15.347496042206322,0.22320614168856898,0.0025553030187777845,-0.0025553030187777845,0.00689855508469539,1,2
tottenham-hotspur,1ffce999-e957-5580-a533-b5ad7d8de028,Dominic Solanke,FWD,UNKNOWN,2,47.92547067776735,48.149984342397744,0.22451366463039513,0.0028572034239177143,-0.003183525390178502,0.006040728814096202,0,2
wolverhampton-wanderers,ebd46261-67a5-56cc-9b55-02bde7f16bba,Jean-Ricner Bellegarde,MID,RAM,10,26.748318243156753,26.97475956198344,0.22644131882668822,0.0035633478480130197,0.008621959105924136,0.025001226374742086,3,7
everton,563b4da9-f592-5401-92eb-a55748a6e3e1,Vitalii Mykolenko,DEF,LB,17,24.142933420127772,24.37020438637316,0.22727096624538615,0.0025549914519083015,-0.0043157984163548655,0.014512439184455689,3,14
tottenham-hotspur,229e2aab-318b-5964-bc2e-1b5fcbac0a02,João Victor de Souza Menezes,DEF,RW,8,5.249972766193088,5.4776984471248005,0.22772568093171255,0.004775867445173612,0.004775867445173612,0.037320636908440896,1,4
everton,36a20aea-e0e7-507c-ab6e-6740c5c56568,Jake O'Brien,DEF,RB,17,17.876028920919282,18.105858575075008,0.22982965415572418,0.004906739770408871,-0.006386548988554171,0.012578378354235031,5,12
nottingham-forest,8eec947b-c2ae-53d6-99f9-096b7744098a,Murillo Santiago Costa dos Santos,DEF,LCB,17,22.014767131664698,22.244913925063024,0.23014679339832847,0.0031961695772864222,-0.0010865944102769615,0.015178118156747522,4,12
manchester-city,138e28b4-ff6e-5598-bbd5-0b255b509b73,Tijjani Reijnders,MID,LCM,2,40.56787659225858,40.804184899862506,0.2363083076039274,0.0033176056391386877,-0.008664496105184327,0.011982101744323015,1,1
west-ham-united,bafec5b4-70cd-5296-82ed-5f50f9b35506,Tomas Soucek,MID,RCM,15,13.742782946347086,13.980047965525069,0.23726501917798118,0.007310691126409267,-0.007310691126409267,0.0123480843253152,4,11
brighton-hove-albion,b0761079-7e99-5095-aa38-877404766193,Jack Hinshelwood,MID,CAM,9,19.071434261269133,19.309743728323717,0.2383094670545876,0.0029964624419197314,-0.0029964624419197314,0.008411752773630599,1,8
afc-bournemouth,a3c3b39a-01de-5b45-bc30-ba20944b56aa,Marcos Senesi,DEF,LCB,17,8.58926534826195,8.82899267056159,0.23972732229964155,0.0026747089819765518,-0.0026747089819765518,0.007866736842585986,2,14
burnley,8538fec0-f5e3-5124-9d3e-6b46fded6164,Joe Worrall,DEF,CB,12,15.863989415790966,16.10618745463925,0.2421980388482864,0.003544009959895058,0.008693910887260098,0.030227487237677098,6,6
sunderland,cbc3d646-143c-51fb-9e03-365e6edc5e78,Wilson Isidor,FWD,ST,17,14.702192242025315,14.945576564917715,0.24338432289240047,0.005340012812393171,0.005340012812393171,0.035823640228001774,7,10
manchester-united,3da0d46a-b47e-5811-9668-ebfa18ca336a,Ayden Heaven,DEF,LCB,4,30.959264524782384,31.208253466855677,0.24898894207329203,0.003129585516526357,-0.00186804679055037,0.016353624198598093,2,2
leeds-united,5a70a2e2-7a8a-554e-9ac0-d3c00ac6383f,Pascal Struijk,DEF,LCB,17,23.334931247864372,23.59019961938942,0.2552683715250481,0.003595511210507966,-0.005786869936335274,0.013626329325155506,5,12
arsenal,77962072-d0d7-5304-8c20-9a75adfd2936,Jurriën Timber,DEF,RB,17,14.044717791691877,14.305855996326605,0.261138204634729,0.0045443200854636346,-0.007570699182203742,0.024607911822304818,8,9
sunderland,40b6a84e-8e7e-529b-8b4e-a2979b1bc8e4,Enzo Le Fée,MID,CAM,13,17.295803821087464,17.557751187215562,0.26194736612810077,0.003241886352946447,-0.004309910158218313,0.006885919181872424,2,11
tottenham-hotspur,44d564d8-1d6f-5d92-906d-972644650a55,Yves Bissouma,MID,UNKNOWN,2,46.48513113232442,46.757709513220355,0.27257838089593633,0.003976377070835705,-0.004014569692382449,0.007990946763218099,0,1
brentford,c5c12262-4fce-5d62-89d5-5e4ae2679565,Keane Lewis-Potter,DEF,LAM,6,24.372337553892667,24.64579243803472,0.2734548841420577,2.4849958859133697e-05,-0.005902652099906998,0.013847538260023107,2,4
sunderland,66bc60f5-fa76-5fa0-a7ca-b9f126393376,Granit Xhaka,MID,RDM,17,20.18995710699698,20.46802689219265,0.27806978519566944,0.003638482343855052,-0.004555588449747757,0.011256989108630822,5,12
burnley,0db48051-eb1a-516f-b185-a0846d6f83e1,Hjalmar Ekdal,DEF,RCB,6,30.572363768082514,30.851645919301376,0.2792821512188608,0.0030814861189068046,0.008294049299347192,0.02033499273863601,4,2
chelsea,c92d55cb-06d1-553d-aad7-f64c0de898a5,Moisés Caicedo Corozo,MID,RDM,7,15.98973294117613,16.27165170137904,0.2819187602029091,0.009701285212134123,-0.009701285212134123,0.01788778491742471,2,5
manchester-city,692da677-7071-5b72-89bc-cc722ba518e2,Nico O'Reilly,DEF,LB,17,28.19373053340622,28.485617925449713,0.29188739204349357,0.008527664145254377,-0.011666614336008903,0.02165322727570207,5,12
aston-villa,7a546fa7-fe3d-5862-a0fc-4542c4583e9e,Ross Barkley,MID,LDM,3,16.395171825466058,16.695850808056182,0.3006789825901232,0.005861389801556187,-0.005861389801556187,0.007188095600142774,0,3
burnley,f01a999e-cac7-5aa8-a867-4257d2382021,Jaidon Anthony,MID,LW,3,12.854272339089832,13.16075465253761,0.30648231344777815,0.007908638559510331,-0.007908638559510331,0.009454909078718043,1,2
chelsea,481b07c4-b805-52cf-a0ee-593af134790d,Cole Palmer,MID,CAM,17,26.221257330811685,26.530486205022914,0.3092288742112263,0.004342062776014285,-0.005273377208617876,0.01659229508292137,5,12
newcastle-united,19517dba-f8bc-5da6-921a-eec76cc74b58,Lewis Hall,DEF,LB,17,20.96640991203555,21.276796088764534,0.31038617672898167,0.00451876542845243,-0.007675045322394001,0.020250554278799848,4,13
wolverhampton-wanderers,b6e20f32-3f8f-5d7f-b0b7-140bc97b69fe,Yerson Mosquera Valdelamar,DEF,RCB,17,21.8764289314241,22.1876598158573,0.31123088443320013,0.004512676285380357,-0.006439714616511264,0.015683382901206633,4,13
aston-villa,5cde41a6-f4dd-545d-93c5-e931c1be6f72,Evann Guessand,MID,RAM,3,54.74934553773357,55.060617431176865,0.3112718934433083,0.0049863591520270855,0.0049863591520270855,0.021078294744795945,1,2
sunderland,53bfdbe9-b833-5ee6-b24f-4b838a2a0fa6,Nordi Mukiele,DEF,RB,12,18.692241076031483,19.005429934798876,0.31318885876739266,0.003908863943176946,-0.006060798858137721,0.012877009784935,3,8
leeds-united,474896af-e9ef-5bb3-b82b-79c2fb8c891e,Jayden Bogle,DEF,RB,2,50.708098258133916,51.021557031053746,0.3134587729198266,0.004032610000041181,-0.00403261000004114,0.006795226514931474,0,2
aston-villa,492c6463-bf4e-50f7-a6c1-23e8693ceea0,Amadou Onana,MID,LDM,6,35.033247720870826,35.34834632427123,0.31509860340040124,0.0034499036629132957,0.0022342682459070493,0.01940722889090396,2,4
fulham,c369cb81-fb27-51a7-8457-4b7a866bbbdc,Joachim Andersen,DEF,RCB,17,21.166121997477823,21.490724927471913,0.32460292999408935,0.0036896004257370063,-0.007423453434185205,0.02165009385520389,5,12
chelsea,5b51fc3a-1f45-56e1-9ecc-0bda87474227,Enzo Fernández,MID,CAM,8,30.75264592549919,31.087350753563758,0.3347048280645666,0.003889173267893939,-0.0072561073650210944,0.013467736388508622,1,7
leeds-united,82e95b4b-22b2-59a9-b33b-e199df378fe3,Ethan Ampadu,MID,RCM,6,6.966563043637414,7.303256702187373,0.3366936585499592,0.003759777105050599,-0.003759777105050599,0.005907219003971398,0,6
fulham,f0504a37-2a31-5f04-8704-2c307c2384cd,Sander Berge,MID,LDM,17,26.578008221899253,26.923393641668,0.34538541976874376,0.007182180567392628,-0.008479087687263237,0.017496063749214308,5,12
leeds-united,63588bd5-68f8-567a-8175-c17ab42b05f3,Dominic Calvert-Lewin,FWD,ST,17,17.772883593481627,18.12829086367904,0.35540727019740986,0.004684571490909832,-0.005098655496036536,0.007700938459306306,2,15
arsenal,291c5e04-2c65-573a-9493-d704d3de79de,Gabriel dos Santos Magalhães,DEF,LCB,17,10.660631160059381,11.026192532810278,0.36556137275089684,0.004448034869022259,-0.00579109890758461,0.011416044327779984,4,13
chelsea,fbe43cca-fb14-5420-94d6-3e253d5e57f2,Trevoh Chalobah,DEF,LCB,16,23.676143386071,24.04206404812288,0.3659206620518808,0.004050779249746957,-0.006809007196188993,0.016868927762370034,5,11
brighton-hove-albion,8c21213e-5c0e-56d3-81ae-b95f9e5b7c53,Brajan Gruda,MID,CAM,1,15.043382264638012,15.410569141731024,0.3671868770930118,0.005210317518382412,-0.005210317518382412,0.005210317518382412,0,1
west-ham-united,35ad91b8-a753-5dab-beac-21a352e5cb13,Aaron Wan-Bissaka,DEF,RB,17,21.52475525233961,21.897816419489132,0.37306116714951953,0.004409202452983389,-0.005439184456424001,0.013752115935581455,5,12
brighton-hove-albion,bec3b39e-5fff-5ae4-a7ba-ba525d5b3911,Diego Gómez,MID,LAM,1,10.405026545206617,10.781994309239899,0.3769677640332816,0.005415583349265063,-0.005415583349265063,0.005415583349265063,0,1
everton,70f73e4b-067e-5b9a-9c56-6049178d3e61,Jack Grealish,MID,LAM,17,12.385522721235313,12.772951170850284,0.3874284496149713,0.004447531306892278,0.0040690464956778865,0.026081821573582298,12,5
wolverhampton-wanderers,5c50ad44-fb04-5cd7-9d1f-513b77683809,Pedro Cardoso de Lima,DEF,RWB,4,24.849757165408867,25.249540771464293,0.3997836060554256,0.009849870740618133,0.006243335532559485,0.031234971452583637,1,3
afc-bournemouth,0832a3fd-b90b-54b3-8f2a-3ce07cc7b6bc,Rayan Vitor Simplício Rocha,MID,UNKNOWN,2,37.59843468831132,37.99877803349994,0.4003433451886167,0.006552745273402653,-0.006890914284017453,0.013443659557420107,0,2
arsenal,a8d1cfeb-4f1e-53fc-a90a-4610ccf746c6,Declan Rice,MID,LCM,14,18.040570284268945,18.443095581367025,0.4025252970980781,0.007269283288179044,-0.008744146408095668,0.016027186642895153,4,10
crystal-palace,5cde41a6-f4dd-545d-93c5-e931c1be6f72,Evann Guessand,MID,UNKNOWN,2,24.17211097636153,24.575740641544105,0.40362966518257437,0.005307883932986688,-0.00552561051378246,0.01083349444676912,0,2
arsenal,33f66c9a-ce45-5380-86e0-7903760138c9,William Saliba,DEF,RCB,17,24.9325605488869,25.336254961065112,0.40369441217820884,0.0045916140473929315,-0.007577595034734894,0.011070030907715522,4,13
everton,e9f5aa44-1c52-51c9-85a6-b079a6b78080,Merlin Röhl,MID,CAM,1,65.556286717048,65.96032903303794,0.40404231598994045,0.004976417499324315,-0.004976417499324315,0.004976417499324315,0,1
sunderland,e5098785-f2ed-5b29-af5e-f569a62ab2c0,Noah Sadiki,MID,LDM,5,18.95237598677184,19.362135406122356,0.4097594193505145,0.014201442346431814,-0.014201442346431814,0.01756166946706561,2,3
leeds-united,c550c5c9-6be9-5d60-a724-ed8b1d333548,Brenden Aaronson,MID,ST,2,30.091674140028427,30.50198417431846,0.4103100342900312,0.00963432597777536,-0.00963432597777536,0.011827061286366902,0,2
arsenal,fef527c5-6c7c-57b6-9192-f9347f34904a,Martin Ødegaard,MID,RCM,17,30.090485574437185,30.508374593466133,0.4178890190289475,0.010480805451240208,0.015568203572368064,0.043806324055429,5,12
wolverhampton-wanderers,a97d91b0-ab9b-5d5d-a9e8-01690cad9588,Tolu Arokodare,FWD,ST,17,30.457471042029965,30.8793443521171,0.4218733100871355,0.005646455019708695,0.005784857677722918,0.03581596187758829,6,11
nottingham-forest,77dbedf3-49eb-53ec-8cc5-c1d344c47ca2,Neco Williams,DEF,LB,17,21.02912726008658,21.45116640157441,0.4220391414878364,0.00788045429388035,-0.01110079657925344,0.02038453501500337,4,13
chelsea,3655e646-d6d9-51ce-a14d-bed863d96c3c,Reece James,DEF,RDM,1,34.20995550880552,34.6320512602496,0.4220957514440755,0.00566209772090831,-0.00566209772090831,0.00566209772090831,0,1
nottingham-forest,89ca84c0-8f48-5f1a-913d-799d45f1691e,Elliot Anderson,MID,LDM,17,10.520191325692759,10.963931004480726,0.44373967878796683,0.008826498764176117,-0.009324005822572352,0.017514724474533283,3,14
everton,444bfe5b-015a-5ec2-ac21-34fd780e0aa5,James Garner,MID,LDM,16,5.9632841032769575,6.416954156539337,0.4536700532623792,0.005467623346036857,-0.005467623346036857,0.008735676768069967,0,16
aston-villa,77f6a9da-b2d4-5034-84c5-2580945368b8,Morgan Rogers,MID,CAM,15,12.247409341769169,12.702969460887827,0.4555601191186573,0.007413932071016475,-0.008101591036674264,0.015014749744774347,2,13
everton,444bfe5b-015a-5ec2-ac21-34fd780e0aa5,James Garner,MID,RDM,1,5.969542216770023,6.427697418987805,0.4581552022177817,0.005639792122031029,-0.005639792122031029,0.005639792122031029,0,1
manchester-united,65910bcc-31a9-56bb-ba12-74e687cd31ec,Amad Diallo,MID,RWB,4,33.86495442781461,34.32324836060145,0.45829393278684094,0.005230671148957172,-0.005230671148957176,0.0075276915266973,0,4
sunderland,40b6a84e-8e7e-529b-8b4e-a2979b1bc8e4,Enzo Le Fée,MID,LAM,4,9.195442035838557,9.658948022295782,0.46350598645722485,0.0056419138616151665,-0.0056419138616151665,0.007023169051782241,0,4
nottingham-forest,18a6f100-002a-5b0b-8366-87056d767a12,Callum Hudson-Odoi,MID,LAM,17,25.510881577683275,25.976104129220747,0.46522255153747344,0.004164490362785143,0.007780977746828775,0.025367296077592805,6,11
leeds-united,c550c5c9-6be9-5d60-a724-ed8b1d333548,Brenden Aaronson,MID,RAM,2,33.073461756950216,33.53903381844047,0.46557206149025276,0.006869236918484067,-0.0012131765078131906,0.008082413426297286,0,2
aston-villa,3ec8e07c-7a46-5230-8927-d222d0ffa7dd,Ezri Konsa Ngoyo,DEF,RCB,17,29.36544771921693,29.83223012733856,0.46678240812162763,0.0052051556118999625,-0.009327352121461322,0.01679604930435441,5,12
manchester-united,8b26f624-9357-5669-9698-f5fda36d4e75,Bruno Borges Fernandes,MID,CAM,12,7.6891989329533414,8.156419751650288,0.4672208186969466,0.005213461092806164,-0.005213461092806164,0.00955367956918296,0,12
brentford,a23baf91-ec47-50be-b8ff-f71c64818005,Igor Thiago Nascimento Rodrigues,FWD,ST,17,6.757151204189206,7.224411402210006,0.4672601980207991,0.007449856284035977,-0.007449856284035977,0.01353261740267786,0,17
west-ham-united,a4b84834-eb21-54ba-be68-660ea3815e93,Konstantinos Mavropanos,DEF,RCB,17,14.879328219208887,15.359118983416836,0.4797907642079484,0.0062117971269506946,-0.007464977451584835,0.01165684060238259,1,16
manchester-city,a6c3f89e-b9b1-5e12-9487-4f18ad700191,Matheus Luiz Nunes,DEF,RB,17,25.637719034994355,26.119120611475626,0.48140157648127263,0.008016388755131965,-0.010245214742219892,0.020424699531212287,5,12
brighton-hove-albion,85e0702e-8a5f-5470-a46a-a212a63f3661,Joël Veltman,DEF,RB,17,34.85415545137685,35.336748168904975,0.4825927175281258,0.007942677002231674,0.013309238774922747,0.042163774080093475,5,12
west-ham-united,17b6a342-b02c-5f36-a340-abadc722db36,El Hadji Malick Diouf,DEF,LB,17,17.054212044424645,17.538454675783996,0.4842426313593516,0.007076864257170514,-0.006897168859725933,0.014317240276692456,3,14
aston-villa,a46d13d4-ea9c-563c-80b3-0e4a2e2883b8,Ollie Watkins,FWD,ST,17,20.353494743069923,20.838471152559134,0.48497640948920956,0.008735551499993676,-0.012036673954922628,0.019206255010201456,4,13
chelsea,5b51fc3a-1f45-56e1-9ecc-0bda87474227,Enzo Fernández,MID,LDM,9,9.653856142015808,10.139515868949369,0.4856597269335615,0.009241424900891316,-0.009241424900891316,0.01766942390916748,0,8
manchester-city,6f380ed1-cc12-5a44-847a-217354668a1e,Rodrigo Hernandez,MID,DM,17,32.24624218322065,32.73362193370582,0.4873797504851737,0.006331374163393626,0.0018775266541615724,0.022092266708617025,3,14
brighton-hove-albion,a93b852e-6cc5-59da-a7e7-213f7dec5f1b,Lewis Dunk,DEF,LCB,17,23.39296771630481,23.88345955327103,0.4904918369662223,0.005954995153229325,-0.009290668129322974,0.017831989697522088,3,14
leeds-united,80984ab9-f368-5f6c-be67-3ca8dc321a4e,Joe Rodon,DEF,RCB,17,17.09959369814981,17.59490194578428,0.4953082476344682,0.004614406956393219,-0.008873043786034504,0.01450785367918106,3,14
brentford,bb04fd88-02f4-5b58-a126-01b07e773bd8,Nathan Collins,DEF,RCB,2,7.477242800075615,7.975251989967703,0.49800918989208753,0.007029340399316963,-0.007029340399316963,0.007760426651531538,0,2
wolverhampton-wanderers,00cc549f-a9f0-54b0-8cbc-ef47c7f8251b,André Trindade da Costa Neto,MID,CM,14,20.885934732292238,21.384740868252777,0.49880613596053613,0.007908157377039728,-0.009820290620573451,0.01744522170569296,3,11
sunderland,e65af070-c3e5-52d5-a47d-80432c274dc7,Romaine Mundle,MID,UNKNOWN,1,36.76076957908753,37.282718373727114,0.5219487946395844,0.009470821185667999,-0.00947082118566811,0.00947082118566811,0,1
west-ham-united,112ec44a-8ec0-5a5a-828a-d330905abb6b,Alphonse Areola,GK,GK,17,20.528047049263158,21.054265951534784,0.5262189022716266,0.005865359902704726,0.01416737380223435,0.08431872362879722,11,6
manchester-city,70198e6a-5cf9-5344-a2c0-f1b71dfeeb5f,Bernardo Veiga de Carvalho e Silva,MID,RCM,7,17.470858371152236,17.998627084722255,0.5277687135700201,0.014432845708847017,-0.014432845708847017,0.020094886531265677,2,5
west-ham-united,7464bba2-d459-5382-a1a5-4bc52ebe7af2,Callum Wilson,FWD,ST,17,21.245331930264914,21.77480411974229,0.5294721894773737,0.012874751528425552,0.022886217858098707,0.0375419547218441,4,13
tottenham-hotspur,976cba43-39e3-5bd2-a17b-74524487c441,Archie Gray,MID,RWB,2,8.318044669285378,8.848291518211703,0.5302468489263248,0.006982087686306426,-0.006982087686306426,0.01198075505809737,0,2
everton,4788a762-a8dd-587b-88ad-eb1d2f51ec12,Harrison Armstrong,MID,RCM,1,27.39828214319907,27.937518571171942,0.5392364279728739,0.0067251250254077855,-0.0067251250254077855,0.0067251250254077855,0,1
newcastle-united,c7d912b7-acf9-59e7-a5a7-c7e64aed18da,Sandro Tonali,MID,CM,17,27.94201359349189,28.485761479076732,0.543747885584844,0.010275775437548935,-0.014290497932679544,0.027583487600874035,4,12
sunderland,53bfdbe9-b833-5ee6-b24f-4b838a2a0fa6,Nordi Mukiele,DEF,RCB,5,10.099968051424437,10.657266115143951,0.5572980637195144,0.008885181009724663,-0.008885181009724663,0.013184244183945149,1,4
newcastle-united,49545ac1-d9f9-5a0a-b1f5-5bbeeb1bb7f6,Anthony Gordon,MID,LW,9,27.94618418777962,28.50609066194862,0.559906474168998,0.00781796262870856,-0.012220627305881356,0.0198119910472776,1,8
chelsea,fbe43cca-fb14-5420-94d6-3e253d5e57f2,Trevoh Chalobah,DEF,RCB,1,5.397169107585597,5.9586698394035125,0.5615007318179153,0.0062622127140496975,-0.0062622127140496975,0.0062622127140496975,0,1
sunderland,bbeb1769-f6ef-5a78-abdb-84df15c86c28,Omar Alderete,DEF,LCB,17,15.615450728765616,16.18302332225207,0.567572593486455,0.009940902780599474,-0.009294025911809474,0.0185434624530898,3,14
west-ham-united,ef1caf6e-67a5-53c4-afb0-2523323cbfe4,Crysencio Summerville,MID,LAM,1,4.780953901574733,5.352016524079531,0.5710626225047974,0.007597861105588133,-0.007597861105588133,0.007597861105588133,0,1
manchester-united,8b26f624-9357-5669-9698-f5fda36d4e75,Bruno Borges Fernandes,MID,LCM,5,21.12172411051833,21.699197370272437,0.5774732597541046,0.006584420036332528,-0.006584420036332528,0.011684364687000737,0,5
wolverhampton-wanderers,e2213bab-7401-5edc-9994-4eb0772f48ef,João Victor Gomes da Silva,MID,LCM,14,21.71336810758756,22.29220221633272,0.5788341087451607,0.008556525291087993,-0.01162209182069079,0.02216786956726413,3,11
sunderland,e5098785-f2ed-5b29-af5e-f569a62ab2c0,Noah Sadiki,MID,LCM,12,18.12380270830059,18.714370923949573,0.5905682156489842,0.008080763105774704,-0.008080763105774708,0.02379654170174339,2,10
burnley,f01a999e-cac7-5aa8-a867-4257d2382021,Jaidon Anthony,MID,LAM,14,10.36226880349409,10.962668487546484,0.6003996840523952,0.009777857572118964,-0.009777857572118964,0.017491947879752057,2,12
liverpool,abc5ff85-af28-52a6-899e-59f93406af42,Jeremie Frimpong,DEF,RB,14,20.95818541190625,21.57375429066349,0.615568878757241,0.004414269667358714,-0.0001040735848174595,0.050521542334829195,4,10
leeds-united,2b912d01-8ef9-569f-bb93-0cec5c578194,Lukas Nmecha,FWD,ST,17,21.517249990644252,22.137814592821538,0.6205646021772852,0.0011605891419602893,0.016986232698152765,0.04739451813892742,8,9
everton,4788a762-a8dd-587b-88ad-eb1d2f51ec12,Harrison Armstrong,MID,CAM,5,30.150402575307528,30.7711531860416,0.6207506107340762,-0.0038696982187585993,0.001606645053763911,0.031268919673154594,1,4
west-ham-united,ef1caf6e-67a5-53c4-afb0-2523323cbfe4,Crysencio Summerville,MID,LW,16,20.54754926028287,21.169080745989234,0.6215314857063601,0.007905888441586302,-0.008535248940763551,0.018690531726408,3,13
burnley,208bc81b-07bb-5202-9b86-f6535ba1a7a7,Maxime Esteve,DEF,LCB,17,15.155222938444812,15.786986403524914,0.6317634650801008,0.012372412008204374,-0.014987368753878535,0.026014836192953306,4,13
chelsea,c92d55cb-06d1-553d-aad7-f64c0de898a5,Moisés Caicedo Corozo,MID,LDM,10,19.394047754032197,20.028457194465794,0.634409440433594,0.008076263681531748,-0.008076263681531748,0.013772703637727646,0,10
aston-villa,c462a624-2653-5229-87c5-bd5b685f0e3c,Lamare Bogarde,DEF,RDM,7,40.02154365225152,40.65622138395224,0.6346777317007211,0.008059600473404177,0.0017847787178114796,0.03966529430476323,2,5
burnley,b7ff49f3-d1e0-5e63-b004-29bee7a1f2ea,Kyle Walker,DEF,RWB,16,24.656946284461732,25.29340743268921,0.6364611482274782,0.009408967801776254,-0.013724274694713105,0.0226643491843197,3,13
manchester-city,255ce56a-28f3-53e5-ae63-19f3c15aa12d,Erling Haaland,FWD,ST,17,34.72307168216972,35.36669036790812,0.6436186857384072,0.010350927214627152,-0.017097536538950946,0.02747043416524897,5,12
aston-villa,77f6a9da-b2d4-5034-84c5-2580945368b8,Morgan Rogers,MID,LAM,2,6.078657353318391,6.739108060355576,0.6604507070371852,0.00790307883586333,-0.00790307883586333,0.009635665569456497,0,2
leeds-united,82e95b4b-22b2-59a9-b33b-e199df378fe3,Ethan Ampadu,MID,CM,11,8.45301537283086,9.116976212789373,0.6639608399585122,0.007425195602364058,-0.007425195602364058,0.015180037337209296,0,11
liverpool,f2831f63-18d0-5405-9349-288d723614fe,Giorgi Mamardashvili,GK,GK,17,22.33828061009477,23.007051374140286,0.6687707640455177,0.0034274455927040684,0.01549635864145471,0.11899553453715594,11,6
manchester-united,8d2526be-436d-5cc9-ac87-685d6e1cc27c,Diogo Dalot Teixeira,DEF,LWB,2,11.534580237402594,12.219377170355564,0.6847969329529704,0.009111590607805253,-0.009111590607805253,0.017009100932473986,0,2
newcastle-united,b03249c0-b20e-52bd-a82c-add878e8eda0,Malick Thiaw,DEF,RCB,17,11.703373070778294,12.44214244800484,0.7387693772265465,0.010805404164032365,-0.012278474576845206,0.021744952490832192,1,16
nottingham-forest,95a48a1c-ec3e-52d7-9657-44491739dede,Nikola Milenković,DEF,RCB,17,9.79703276489616,10.555219895122896,0.7581871302267352,0.010038433092474645,-0.01093309490614565,0.018277395199414848,1,16
tottenham-hotspur,d4c29433-6018-52a2-83a9-429997023fab,Pedro Porro,DEF,RB,17,18.21657412657636,19.004063077503265,0.7874889509269035,0.009705622741611554,-0.00962830635037061,0.02101348467257591,2,14
manchester-city,66ce5aaa-c0e9-5462-8a78-fae312616872,Antoine Semenyo,MID,UNKNOWN,1,48.83797385983227,49.650999853989426,0.813025994157158,0.009111914891972717,-0.009111914891972661,0.009111914891972661,0,1
west-ham-united,79420363-80f0-5eb5-bef5-e1e31f62877c,Mateus Gonçalo Espanha Fernandes,MID,LCM,17,9.168642539842752,10.011609555764323,0.8429670159215711,0.012815351244506598,-0.012815351244506598,0.022592145667184593,1,16
west-ham-united,4e68227a-9577-5c26-99fa-8a519b052582,Jarrod Bowen,FWD,RW,15,6.8102262008083505,7.658808422908939,0.848582222100588,0.011714697814617115,-0.011714697814617115,0.022177064405970004,1,14
manchester-united,e037fafa-e08a-50a4-8014-a43e6c2d13a4,Carlos Henrique Casimiro,MID,RCM,6,18.950295990278516,19.81620503481216,0.8659090445336434,0.010776715025473763,-0.010776715025473763,0.014338488044101982,0,6
wolverhampton-wanderers,a8aed2e6-b0b5-5558-b149-fc0c412d9844,Santiago Bueno,DEF,CB,17,10.78146511799573,11.688864737983735,0.9073996199880061,0.010297784604851149,-0.010297784604851149,0.014713405539456992,0,17
tottenham-hotspur,c13afcac-5201-5504-affd-a886825266d4,Micky van de Ven,DEF,LCB,17,24.555258911246597,25.472135790125602,0.9168768788790028,0.012175994578907631,-0.0178843823244044,0.03556521598306117,3,14
manchester-united,f2eb0907-28df-5daf-b912-aec135508e38,Benjamin Sesko,FWD,ST,17,28.628833011391965,29.548634110756694,0.9198010993647268,0.011429727276817677,0.017865501575061865,0.035939020989555426,5,12
crystal-palace,234b9ca0-1d3a-52c1-ae12-d422a588485e,Justin Devenny,MID,RAM,1,22.255799993600377,23.20124516084907,0.9454451672486925,0.013548433258334325,-0.013548433258334325,0.013548433258334325,0,1
afc-bournemouth,8ddc00f8-7aec-56e5-a5ba-d916b5ee5129,Marcus Tavernier,MID,RAM,1,9.868227103126117,10.82201205414134,0.9537849510152228,0.011624738375376809,-0.011624738375376809,0.011624738375376809,0,1
brighton-hove-albion,962c06ed-3fb4-5908-98c9-be26b5491e6c,Ferdi Kadioglu,DEF,LB,17,7.246120731884034,8.21770250197247,0.971581770088436,0.014160142084487596,-0.014160142084487596,0.02093690579713292,0,17
manchester-united,46c2018f-f80f-532e-b144-ef688e9f44eb,Luke Shaw,DEF,LCB,5,10.428045944366858,11.427703046348384,0.9996571019815264,0.012086717813422188,-0.012086717813422188,0.021135330607310543,0,5
wolverhampton-wanderers,00cc549f-a9f0-54b0-8cbc-ef47c7f8251b,André Trindade da Costa Neto,MID,RCM,3,8.861831635220033,9.895230779428104,1.0333991442080712,0.012685508817637784,-0.012685508817637784,0.013878708015671037,0,3
afc-bournemouth,c0582007-f657-5440-9f24-83c1666418bb,Junior Kroupi,FWD,ST,1,26.064318667366024,27.112505875864798,1.0481872084987742,0.019516348454596155,-0.019516348454596155,0.019516348454596155,0,1
west-ham-united,4e68227a-9577-5c26-99fa-8a519b052582,Jarrod Bowen,FWD,RAM,2,7.083525498526313,8.164287367832983,1.08076186930667,0.012658415156156178,-0.012658415156156178,0.014088470686341226,0,2
wolverhampton-wanderers,2fa40b7b-3ae8-5f1c-9520-aa9d58b7aee5,Daniel Bentley,GK,GK,5,49.331052400136755,50.48214723810833,1.15109483797158,0.01285908951034682,0.01042977660556672,0.06423593476161349,1,4
fulham,a9c228ea-04e0-5861-b004-a8719101c698,Tom Cairney,MID,LDM,2,31.854511129801395,33.019503239485324,1.1649921096839249,0.014581404032327612,0.014581404032327612,0.03287739934722733,0,2
brighton-hove-albion,5bb0cf13-0fc0-5a3b-a79f-a3be5c5eb24e,Jan Paul van Hecke,DEF,RCB,17,17.69266702623272,18.886370186082985,1.1937031598502705,0.013985472069203989,-0.015381370682358198,0.031732060323866884,1,16
liverpool,7a5568a1-0d6a-5388-9fe2-daf7af01c339,Freddie Woodman,GK,GK,4,31.155206665330446,32.468873982395486,1.3136673170650432,0.01854561411830746,0.010297207120851967,0.07630981623004363,2,2
burnley,b7ff49f3-d1e0-5e63-b004-29bee7a1f2ea,Kyle Walker,DEF,RB,1,12.273618566970839,13.745835326842425,1.4722167598715856,0.018275096173960392,-0.018275096173960392,0.018275096173960392,0,1
