fixture_uuid,gw,team_id,team,player_uuid,player,pos,expected_role,y,minutes,p_start,xmins,xi_selected_map,xi_assigned_role_base,xi_formation_base,actual_start,start_abs_error,minute_error,minute_abs_error,error_bucket,v2_p_start,v2_xmins,rating_recent,rating_long_mean,rating_self_delta,rating_trend,rating_comp_rel_gap,rating_comp_self_shock,rating_comp_trend,rating_comp_adjustment,rating_comp_valid_roles,xi_assigned_role_rel,xi_formation_rel,base_abs_min_error,rel_abs_min_error,delta_abs_min_error,base_start_abs_error,rel_start_abs_error,delta_start_abs_error,pstart_shift,xmins_shift,helped,hurt
89e2194a-5d18-5d77-8037-92733cd9c97f,22,7,chelsea,c501a519-9def-5d4f-8667-f326dd161177,Aaron Anselmino,DEF,UNKNOWN,0,0.0,0.0010982755401953,0.0934830847996384,0.0,UNKNOWN,UNKNOWN,0.0,0.0010982755401953,0.0934830847996384,0.0934830847996384,OK,0.0010735326565752,0.091553333408667,0.0,0.0,0.0,0.0,0.0,0.0,0.0,0.0,0.0,UNKNOWN,UNKNOWN,0.0934830847996384,0.091553333408667,-0.0019297513909714015,0.0010982755401953,0.0010735326565752,-2.4742883620100173e-05,-2.4742883620100173e-05,-0.0019297513909714015,False,False
89e2194a-5d18-5d77-8037-92733cd9c97f,22,7,chelsea,4ef46620-e339-50a5-9169-d9c6d85f3a47,Alejandro Garnacho,MID,LAM,1,56.0,0.5430307863685752,27.6523914168955,1.0,LAM,4-2-3-1,1.0,0.4569692136314248,-28.3476085831045,28.3476085831045,OK,0.5521796019835692,28.058328067969875,7.684666666666667,7.248333333333332,0.4363333333333345,2.1328571428571426,0.9951200928594854,0.621362992145052,0.9932475764298356,0.0164111179476148,20.0,LAM,4-2-3-1,28.3476085831045,27.941671932030125,-0.4059366510743736,0.45696921363142484,0.4478203980164308,-0.009148815614994033,0.009148815614994033,0.4059366510743736,True,False
89e2194a-5d18-5d77-8037-92733cd9c97f,22,7,chelsea,762fd3f4-3f85-52c7-b5be-8c0c563cf25f,Andrey Nascimento dos Santos,MID,LDM,0,33.0,0.3942205196470598,23.983479793561752,0.0,UNKNOWN,UNKNOWN,0.0,0.3942205196470598,-9.016520206438248,9.016520206438248,OK,0.3887862924425497,23.956419821277528,6.4446666666666665,7.033333333333332,-0.5886666666666658,-2.024285714285715,-0.9684470564892363,-0.7535464933696776,-0.9909903859299256,0.0,20.0,UNKNOWN,UNKNOWN,9.016520206438248,9.043580178722472,0.027059972284224187,0.3942205196470598,0.3887862924425497,-0.005434227204510089,-0.005434227204510089,-0.027059972284224187,False,True
89e2194a-5d18-5d77-8037-92733cd9c97f,22,7,chelsea,4dc8670b-9980-5a26-9e9d-c98c1f9bb333,Benoît Badiashile,DEF,LCB,0,0.0,0.283776018878917,28.96484593159176,0.0,UNKNOWN,UNKNOWN,0.0,0.283776018878917,28.96484593159176,28.96484593159176,OK,0.2791626470906318,28.571704240273508,6.388666666666666,6.828571428571428,-0.4399047619047627,-0.8971428571428568,-0.9737493633257944,-0.6250036981475002,-0.8324889297236768,0.0,20.0,UNKNOWN,UNKNOWN,28.96484593159176,28.571704240273508,-0.3931416913182524,0.283776018878917,0.2791626470906318,-0.004613371788285192,-0.004613371788285192,-0.3931416913182524,True,False
89e2194a-5d18-5d77-8037-92733cd9c97f,22,7,chelsea,895b3f1f-0f9e-528b-86a3-7a7cba558310,Christopher Nkunku,MID,UNKNOWN,0,0.0,0.0011055731309073,0.0945972190932625,0.0,UNKNOWN,UNKNOWN,0.0,0.0011055731309073,0.0945972190932625,0.0945972190932625,OK,0.0010806660188329,0.0926546727513446,0.0,0.0,0.0,0.0,0.0,0.0,0.0,0.0,0.0,UNKNOWN,UNKNOWN,0.0945972190932625,0.0926546727513446,-0.0019425463419179,0.0011055731309073,0.0010806660188329,-2.490711207440012e-05,-2.490711207440012e-05,-0.0019425463419179,False,False
89e2194a-5d18-5d77-8037-92733cd9c97f,22,7,chelsea,481b07c4-b805-52cf-a0ee-593af134790d,Cole Palmer,MID,CAM,1,90.0,0.5930378608405595,48.41011202976157,1.0,CAM,4-2-3-1,1.0,0.4069621391594404,-41.58988797023844,41.58988797023844,MINUTE_ERROR_30PLUS,0.5966756732065799,48.65222658132391,6.395333333333334,6.9475,-0.5521666666666656,-0.6757142857142853,-0.9731673998975952,-0.7260287975048076,-0.7167612847430067,-0.016178636234088,20.0,CAM,4-2-3-1,41.58988797023843,41.34777341867609,-0.24211455156233797,0.40696213915944046,0.4033243267934201,-0.003637812366020343,0.003637812366020343,0.24211455156233797,True,False
89e2194a-5d18-5d77-8037-92733cd9c97f,22,7,chelsea,1cbf9470-32ae-558b-85b7-1337e7cc76f0,Dário Luís Essugo,MID,UNKNOWN,0,0.0,0.0011055731309073,0.0945972190932625,0.0,UNKNOWN,UNKNOWN,0.0,0.0011055731309073,0.0945972190932625,0.0945972190932625,OK,0.0010806660188329,0.0926546727513446,0.0,0.0,0.0,0.0,0.0,0.0,0.0,0.0,0.0,UNKNOWN,UNKNOWN,0.0945972190932625,0.0926546727513446,-0.0019425463419179,0.0011055731309073,0.0010806660188329,-2.490711207440012e-05,-2.490711207440012e-05,-0.0019425463419179,False,False
89e2194a-5d18-5d77-8037-92733cd9c97f,22,7,chelsea,5b51fc3a-1f45-56e1-9ecc-0bda87474227,Enzo Fernández,MID,LDM,1,84.0,0.8800347206610055,61.99348644781044,1.0,LDM,4-2-3-1,1.0,0.1199652793389944,-22.00651355218956,22.00651355218956,OK,0.8687893274521545,61.52273450894575,7.16,6.994166666666668,0.1658333333333326,-1.7142857142857126,0.8549976674675382,0.2695596324691939,-0.9795254256751326,-0.0096026961136843,4.0,LDM,4-2-3-1,22.00651355218956,22.477265491054247,0.47075193886468725,0.11996527933899448,0.13121067254784546,0.011245393208850984,-0.011245393208850984,-0.47075193886468725,False,True
89e2194a-5d18-5d77-8037-92733cd9c97f,22,7,chelsea,9b51b592-7b40-53df-a62d-6af0afa0bb0e,Estêvão Almeida de Oliveira Gonçalves,MID,RAM,0,0.0,0.3332301140077695,21.05513740535414,0.0,UNKNOWN,UNKNOWN,0.0,0.3332301140077695,21.05513740535414,21.05513740535414,OK,0.3281811543014578,20.83836885227701,6.762666666666666,7.0075,-0.2448333333333341,-0.6057142857142841,-0.9115585416671584,-0.3868204279035783,-0.6682747150569464,0.0,20.0,UNKNOWN,UNKNOWN,21.05513740535414,20.83836885227701,-0.21676855307713083,0.3332301140077695,0.3281811543014578,-0.005048959706311695,-0.005048959706311695,-0.21676855307713083,True,False
89e2194a-5d18-5d77-8037-92733cd9c97f,22,7,chelsea,d7143aed-fcb8-5af3-8721-72433dd889d7,Filip Jørgensen,GK,GK,0,0.0,0.2326611188054888,22.46474071645412,0.0,UNKNOWN,UNKNOWN,0.0,0.2326611188054888,22.46474071645412,22.46474071645412,OK,0.2286134838674946,22.10849898638273,6.933333333333334,6.406666666666667,0.5266666666666664,0.3571428571428567,0.9573644875538648,0.7053043013108907,0.443187509200712,0.0,1.0,UNKNOWN,UNKNOWN,22.46474071645412,22.10849898638273,-0.35624173007138893,0.2326611188054888,0.2286134838674946,-0.004047634937994177,-0.004047634937994177,-0.35624173007138893,True,False
89e2194a-5d18-5d77-8037-92733cd9c97f,22,7,chelsea,9d723959-80a6-5a8b-a21b-2cca95b2ab7c,Gabriel Słonina,GK,UNKNOWN,0,0.0,0.0009853165135098,0.0848799368661935,0.0,UNKNOWN,UNKNOWN,0.0,0.0009853165135098,0.0848799368661935,0.0848799368661935,OK,0.0009631160130581,0.0831484760247494,0.0,0.0,0.0,0.0,0.0,0.0,0.0,0.0,0.0,UNKNOWN,UNKNOWN,0.0848799368661935,0.0831484760247494,-0.001731460841444099,0.0009853165135098,0.0009631160130581,-2.2200500451699935e-05,-2.2200500451699935e-05,-0.001731460841444099,False,False
89e2194a-5d18-5d77-8037-92733cd9c97f,22,7,chelsea,102260dc-086e-540f-ac1b-5c571502d8d4,Jamie Bynoe-Gittens,MID,LAM,0,0.0,0.0483442720725756,5.2857634487193135,0.0,UNKNOWN,UNKNOWN,0.0,0.0483442720725756,5.2857634487193135,5.2857634487193135,OK,0.0473055385527808,5.225607156498189,7.081333333333333,6.898333333333333,0.1829999999999998,1.0042857142857144,0.9641059969644462,0.2958816041613002,0.871443307207339,0.0,20.0,UNKNOWN,UNKNOWN,5.2857634487193135,5.225607156498189,-0.06015629222112473,0.0483442720725756,0.0473055385527808,-0.0010387335197947975,-0.0010387335197947975,-0.06015629222112473,True,False
89e2194a-5d18-5d77-8037-92733cd9c97f,22,7,chelsea,932d386d-f372-53de-a37f-381a73a67e07,Jorrel Hato,DEF,LCB,0,5.0,0.5950690640788217,55.42343055239388,0.0,UNKNOWN,UNKNOWN,0.0,0.5950690640788217,50.42343055239388,50.42343055239388,MINUTE_ERROR_45PLUS,0.5895607108689255,55.122289548788885,6.849333333333334,6.732222222222223,0.1171111111111109,-1.4557142857142864,-0.883658839749775,0.1927437104860859,-0.9596094554001398,0.0,20.0,UNKNOWN,UNKNOWN,50.42343055239388,50.122289548788885,-0.3011410036049966,0.5950690640788217,0.5895607108689255,-0.005508353209896177,-0.005508353209896177,-0.3011410036049966,True,False
89e2194a-5d18-5d77-8037-92733cd9c97f,22,7,chelsea,9998e641-8e7f-5837-8d46-ad335b484a00,Josh Acheampong,DEF,RB,0,5.0,0.2656328529608878,21.24548075449321,0.0,UNKNOWN,UNKNOWN,0.0,0.2656328529608878,16.245480754493215,16.245480754493215,OK,0.2612068661239574,21.015915161733098,6.727333333333333,6.812,-0.0846666666666671,-1.0442857142857136,-0.920996797884305,-0.1401818938270597,-0.883693620117888,0.0,20.0,UNKNOWN,UNKNOWN,16.24548075449321,16.015915161733098,-0.2295655927601139,0.2656328529608878,0.2612068661239574,-0.004425986836930407,-0.004425986836930407,-0.2295655927601139,True,False
89e2194a-5d18-5d77-8037-92733cd9c97f,22,7,chelsea,4448091c-aeb7-5ab3-a537-b2b547480e63,João Pedro Junqueira de Jesus,FWD,ST,1,73.0,0.3849031645911963,35.2377289283496,0.0,UNKNOWN,UNKNOWN,1.0,0.6150968354088038,-37.7622710716504,37.7622710716504,MAP_XI_FALSE_NEGATIVE,0.3795169095576279,35.010898715599886,6.197333333333334,7.256666666666667,-1.059333333333333,0.3700000000000001,-0.9860410519864145,-0.9431202591229052,0.4568580481223045,0.0,20.0,UNKNOWN,UNKNOWN,37.7622710716504,37.989101284400114,0.22683021274971082,0.6150968354088038,0.6204830904423722,0.005386255033568377,-0.005386255033568377,-0.22683021274971082,False,True
89e2194a-5d18-5d77-8037-92733cd9c97f,22,7,chelsea,877d9c71-fd12-5aab-8c4b-9df2eb81bbf0,Kendry Páez Andrade,MID,UNKNOWN,0,0.0,0.0011055731309073,0.0945972190932625,0.0,UNKNOWN,UNKNOWN,0.0,0.0011055731309073,0.0945972190932625,0.0945972190932625,OK,0.0010806660188329,0.0926546727513446,0.0,0.0,0.0,0.0,0.0,0.0,0.0,0.0,0.0,UNKNOWN,UNKNOWN,0.0945972190932625,0.0926546727513446,-0.0019425463419179,0.0011055731309073,0.0010806660188329,-2.490711207440012e-05,-2.490711207440012e-05,-0.0019425463419179,False,False
89e2194a-5d18-5d77-8037-92733cd9c97f,22,7,chelsea,64e1d98b-b70a-5d8f-a6fe-c77a7ea90c46,Landon Emenalo,MID,UNKNOWN,0,0.0,0.0011055731309073,0.0945972190932625,0.0,UNKNOWN,UNKNOWN,0.0,0.0011055731309073,0.0945972190932625,0.0945972190932625,OK,0.0010806660188329,0.0926546727513446,0.0,0.0,0.0,0.0,0.0,0.0,0.0,0.0,0.0,UNKNOWN,UNKNOWN,0.0945972190932625,0.0926546727513446,-0.0019425463419179,0.0011055731309073,0.0010806660188329,-2.490711207440012e-05,-2.490711207440012e-05,-0.0019425463419179,False,False
89e2194a-5d18-5d77-8037-92733cd9c97f,22,7,chelsea,46f70fd6-45f6-55b9-884d-24feb13db9c3,Levi Colwill,DEF,UNKNOWN,0,0.0,0.0010982755401953,0.0934830847996384,0.0,UNKNOWN,UNKNOWN,0.0,0.0010982755401953,0.0934830847996384,0.0934830847996384,OK,0.0010735326565752,0.091553333408667,0.0,0.0,0.0,0.0,0.0,0.0,0.0,0.0,0.0,UNKNOWN,UNKNOWN,0.0934830847996384,0.091553333408667,-0.0019297513909714015,0.0010982755401953,0.0010735326565752,-2.4742883620100173e-05,-2.4742883620100173e-05,-0.0019297513909714015,False,False
89e2194a-5d18-5d77-8037-92733cd9c97f,22,7,chelsea,8b1af3a3-b391-5111-954e-dbda5d6d12a5,Liam Delap,FWD,ST,0,16.0,0.7825746138392491,73.61621460671695,1.0,ST,4-2-3-1,0.0,0.7825746138392491,57.61621460671695,57.61621460671695,MAP_XI_FALSE_POSITIVE,0.7910873936496168,74.2555936431599,6.611333333333333,6.1308333333333325,0.4805000000000001,-0.9242857142857144,0.8389974382963765,0.6645023918083233,-0.8432685608913175,0.0094097408437452,20.0,ST,4-2-3-1,57.61621460671695,58.2555936431599,0.6393790364429464,0.7825746138392491,0.7910873936496168,0.008512779810367688,0.008512779810367688,0.6393790364429464,False,True
89e2194a-5d18-5d77-8037-92733cd9c97f,22,7,chelsea,972fc541-f01f-51fc-b746-5238f72285d7,Malo Gusto,DEF,RB,0,0.0,0.6856926940219855,57.682938266887575,1.0,RB,4-2-3-1,0.0,0.6856926940219855,57.682938266887575,57.682938266887575,MAP_XI_FALSE_POSITIVE,0.6763832036172006,57.11915292446997,6.694,7.1675,-0.4735000000000005,-0.33,-0.929009934771692,-0.657936695619158,-0.4136444421871352,-0.006404039878434,20.0,RB,4-2-3-1,57.682938266887575,57.11915292446997,-0.5637853424176029,0.6856926940219855,0.6763832036172006,-0.009309490404784904,-0.009309490404784904,-0.5637853424176029,True,False
89e2194a-5d18-5d77-8037-92733cd9c97f,22,7,chelsea,c1d2c6e2-92b5-5eb7-abc2-bfb9ba6fffa1,Mamadou Sarr,DEF,UNKNOWN,0,0.0,0.0010982755401953,0.0934830847996384,0.0,UNKNOWN,UNKNOWN,0.0,0.0010982755401953,0.0934830847996384,0.0934830847996384,OK,0.0010735326565752,0.091553333408667,0.0,0.0,0.0,0.0,0.0,0.0,0.0,0.0,0.0,UNKNOWN,UNKNOWN,0.0934830847996384,0.091553333408667,-0.0019297513909714015,0.0010982755401953,0.0010735326565752,-2.4742883620100173e-05,-2.4742883620100173e-05,-0.0019297513909714015,False,False
89e2194a-5d18-5d77-8037-92733cd9c97f,22,7,chelsea,3d33e637-0658-5cc2-964e-b281c5cdf9fc,Marc Cucurella Saseta,DEF,LB,1,90.0,0.2376969490433113,6.1106740392459535,1.0,LB,4-2-3-1,1.0,0.7623030509566886,-83.88932596075405,83.88932596075405,MINUTE_ERROR_45PLUS,0.2502433620648461,6.357173111211153,5.880666666666667,7.0200000000000005,-1.139333333333333,-0.2800000000000002,-0.9951200928594854,-0.9561422348561116,-0.3569038982840366,-0.016874175836072,20.0,LB,4-2-3-1,83.88932596075405,83.64282688878885,-0.2464990719652036,0.7623030509566887,0.7497566379351539,-0.012546413021534808,0.012546413021534808,0.24649907196519916,True,False
89e2194a-5d18-5d77-8037-92733cd9c97f,22,7,chelsea,6538c4ff-2308-56ae-85e7-392fba76d555,Marc Guiu Paz,FWD,ST,0,0.0,0.0533617217712589,7.541590847635209,0.0,UNKNOWN,UNKNOWN,0.0,0.0533617217712589,7.541590847635209,7.541590847635209,OK,0.0522210981752498,7.460308692017874,6.656666666666666,6.433333333333334,0.2233333333333327,-1.8357142857142863,-0.9370552401034838,0.3559339366937938,-0.9851468778487694,0.0,20.0,UNKNOWN,UNKNOWN,7.541590847635209,7.460308692017874,-0.08128215561733576,0.0533617217712589,0.0522210981752498,-0.0011406235960090966,-0.0011406235960090966,-0.08128215561733576,True,False
89e2194a-5d18-5d77-8037-92733cd9c97f,22,7,chelsea,dc638cac-db3d-56dd-9d2a-a3a75b54c5b5,Max Merrick,GK,UNKNOWN,0,0.0,0.0009853165135098,0.086221198222383,0.0,UNKNOWN,UNKNOWN,0.0,0.0009853165135098,0.086221198222383,0.086221198222383,OK,0.0009631160130581,0.0844897672560723,0.0,0.0,0.0,0.0,0.0,0.0,0.0,0.0,0.0,UNKNOWN,UNKNOWN,0.086221198222383,0.0844897672560723,-0.0017314309663107041,0.0009853165135098,0.0009631160130581,-2.2200500451699935e-05,-2.2200500451699935e-05,-0.0017314309663107041,False,False
89e2194a-5d18-5d77-8037-92733cd9c97f,22,7,chelsea,f1c0774d-5c89-577b-bdf9-fe6b58ed1b6e,Mike Penders,GK,UNKNOWN,0,0.0,0.0009853165135098,0.0848799368661935,0.0,UNKNOWN,UNKNOWN,0.0,0.0009853165135098,0.0848799368661935,0.0848799368661935,OK,0.0009631160130581,0.0831484760247494,0.0,0.0,0.0,0.0,0.0,0.0,0.0,0.0,0.0,UNKNOWN,UNKNOWN,0.0848799368661935,0.0831484760247494,-0.001731460841444099,0.0009853165135098,0.0009631160130581,-2.2200500451699935e-05,-2.2200500451699935e-05,-0.001731460841444099,False,False
89e2194a-5d18-5d77-8037-92733cd9c97f,22,7,chelsea,c92d55cb-06d1-553d-aad7-f64c0de898a5,Moisés Caicedo Corozo,MID,LDM,1,90.0,0.6341086703879096,58.00740322657248,0.0,UNKNOWN,UNKNOWN,1.0,0.3658913296120903,-31.99259677342752,31.99259677342752,MAP_XI_FALSE_NEGATIVE,0.6321497211313732,57.83611767622534,7.670666666666666,7.364999999999999,0.3056666666666672,1.7128571428571435,0.9948875624741738,0.4695122239861957,0.979448081576352,0.0159504646430448,20.0,RDM,4-2-3-1,31.992596773427522,32.16388232377466,0.171285550347136,0.36589132961209037,0.36785027886862676,0.001958949256536391,-0.001958949256536391,-0.171285550347136,False,True
89e2194a-5d18-5d77-8037-92733cd9c97f,22,7,chelsea,7ad17b55-f67d-5f9d-9f04-df4f76c1e314,Mykhailo Mudryk,MID,UNKNOWN,0,0.0,0.0011055731309073,0.0945972190932625,0.0,UNKNOWN,UNKNOWN,0.0,0.0011055731309073,0.0945972190932625,0.0945972190932625,OK,0.0010806660188329,0.0926546727513446,0.0,0.0,0.0,0.0,0.0,0.0,0.0,0.0,0.0,UNKNOWN,UNKNOWN,0.0945972190932625,0.0926546727513446,-0.0019425463419179,0.0011055731309073,0.0010806660188329,-2.490711207440012e-05,-2.490711207440012e-05,-0.0019425463419179,False,False
89e2194a-5d18-5d77-8037-92733cd9c97f,22,7,chelsea,14394b8e-b6dc-52d7-8711-db31e2d5afc5,Nicolas Jackson,FWD,UNKNOWN,0,0.0,0.0010432444580825,0.0893336666783061,0.0,UNKNOWN,UNKNOWN,0.0,0.0010432444580825,0.0893336666783061,0.0893336666783061,OK,0.0010197400957418,0.0875005135915975,0.0,0.0,0.0,0.0,0.0,0.0,0.0,0.0,0.0,UNKNOWN,UNKNOWN,0.0893336666783061,0.0875005135915975,-0.0018331530867086027,0.0010432444580825,0.0010197400957418,-2.350436234069991e-05,-2.350436234069991e-05,-0.0018331530867086027,False,False
89e2194a-5d18-5d77-8037-92733cd9c97f,22,7,chelsea,653dcb32-98a1-5bdb-afc4-4dcee772c921,Pedro Lomba Neto,MID,RAM,1,90.0,0.9172212157346576,85.45944195393002,1.0,RAM,4-2-3-1,1.0,0.0827787842653424,-4.540558046069975,4.540558046069975,OK,0.9087121566096638,84.99270549101945,6.883333333333334,7.183333333333334,-0.2999999999999998,0.6142857142857139,-0.8706006026176872,-0.4621171572600095,0.6745511789763495,0.001618274417164,3.0,RAM,4-2-3-1,4.540558046069975,5.00729450898055,0.4667364629105748,0.08277878426534235,0.09128784339033624,0.00850905912499389,-0.00850905912499389,-0.4667364629105748,False,True
89e2194a-5d18-5d77-8037-92733cd9c97f,22,7,chelsea,3655e646-d6d9-51ce-a14d-bed863d96c3c,Reece James,DEF,RDM,1,84.0,0.460613436568597,49.79004449119448,1.0,RDM,4-2-3-1,1.0,0.539386563431403,-34.20995550880552,34.20995550880552,MINUTE_ERROR_30PLUS,0.4549513388476887,49.3679487397504,6.800666666666666,7.482500000000001,-0.6818333333333344,-0.5585714285714278,-0.900211418286846,-0.8131945441418167,-0.6320135764777403,0.0,20.0,UNKNOWN,UNKNOWN,34.20995550880552,34.6320512602496,0.4220957514440755,0.539386563431403,0.5450486611523113,0.00566209772090831,-0.00566209772090831,-0.4220957514440755,False,True
89e2194a-5d18-5d77-8037-92733cd9c97f,22,7,chelsea,412fc00b-6fb5-5606-bb30-04e075a83220,Robert Sánchez,GK,GK,1,90.0,0.7823705545314524,70.5100348971928,1.0,GK,4-2-3-1,1.0,0.2176294454685475,-19.489965102807204,19.489965102807204,OK,0.8244261431137329,74.27635406354663,5.785333333333333,7.446666666666666,-1.661333333333333,-1.275714285714285,-0.9573644875538648,-0.9921603268574012,-0.9355280216173976,-0.019277596015722,1.0,GK,4-2-3-1,19.489965102807204,15.723645936453366,-3.7663191663538385,0.21762944546854757,0.17557385688626714,-0.04205558858228042,0.04205558858228042,3.7663191663538385,True,False
89e2194a-5d18-5d77-8037-92733cd9c97f,22,7,chelsea,f8666db2-925c-5357-81ba-263e71b165b3,Roméo Lavia,MID,LDM,0,0.0,0.0167702868392794,1.0681259646008343,0.0,UNKNOWN,UNKNOWN,0.0,0.0167702868392794,1.0681259646008343,1.0681259646008343,OK,0.0163982677232721,1.0515037067203366,6.338666666666667,6.605,-0.2663333333333337,-0.6185714285714283,-0.9777344512370058,-0.4168627422435517,-0.6776533630683255,0.0,20.0,UNKNOWN,UNKNOWN,1.0681259646008343,1.0515037067203366,-0.01662225788049776,0.0167702868392794,0.0163982677232721,-0.00037201911600729873,-0.00037201911600729873,-0.01662225788049776,True,False
89e2194a-5d18-5d77-8037-92733cd9c97f,22,7,chelsea,1cc11978-28c5-57b6-a8a3-ba979d1349e4,Tosin Adarabioyo,DEF,LCB,1,57.0,0.7638044259059291,69.01515033134498,1.0,RCB,4-2-3-1,1.0,0.2361955740940708,12.015150331344984,12.015150331344984,OK,0.7752114155877123,70.02860693211625,7.388,6.798181818181818,0.589818181818182,1.8257142857142863,0.9869354259078535,0.7543747073132026,0.9847485272826988,0.0181907137192996,20.0,RCB,4-2-3-1,12.015150331344984,13.028606932116247,1.0134566007712635,0.23619557409407088,0.22478858441228766,-0.01140698968178322,0.01140698968178322,1.0134566007712635,False,True
89e2194a-5d18-5d77-8037-92733cd9c97f,22,7,chelsea,fbe43cca-fb14-5420-94d6-3e253d5e57f2,Trevoh Chalobah,DEF,LCB,1,90.0,0.9139356687571676,82.3106887832828,1.0,LCB,4-2-3-1,1.0,0.0860643312428323,-7.689311216717201,7.689311216717201,OK,0.9041018140219208,81.43209520026616,6.238,7.010833333333333,-0.7728333333333337,-0.2957142857142862,-0.9576417790898648,-0.8586164336211046,-0.3750490126344389,-0.0174925233215426,3.0,LCB,4-2-3-1,7.689311216717201,8.567904799733839,0.878593583016638,0.08606433124283241,0.0958981859780792,0.009833854735246783,-0.009833854735246783,-0.878593583016638,False,True
89e2194a-5d18-5d77-8037-92733cd9c97f,22,7,chelsea,3c785544-9ef9-55d3-b726-bcbf136d1d05,Tyrique George,MID,UNKNOWN,0,0.0,0.0087669722580102,0.8294742385095066,0.0,UNKNOWN,UNKNOWN,0.0,0.0087669722580102,0.8294742385095066,0.8294742385095066,OK,0.0085709448690349,0.8142129041709321,6.466666666666667,6.514,-0.0473333333333334,-0.4857142857142849,0.0,0.0,0.0,0.0,0.0,UNKNOWN,UNKNOWN,0.8294742385095066,0.8142129041709321,-0.015261334338574573,0.0087669722580102,0.0085709448690349,-0.00019602738897529955,-0.00019602738897529955,-0.015261334338574573,True,False
89e2194a-5d18-5d77-8037-92733cd9c97f,22,7,chelsea,ec2bf467-94f7-5b79-97a2-3632c0d199a8,Wesley Fofana,DEF,RCB,0,32.0,0.176320411154602,16.42806593326625,0.0,UNKNOWN,UNKNOWN,0.0,0.176320411154602,-15.57193406673375,15.57193406673375,OK,0.1730319189421528,16.134334314058066,6.718666666666667,7.099090909090908,-0.3804242424242412,-1.6899999999999995,-0.9231600289968692,-0.5608280737913287,-0.9781705264720972,0.0,20.0,UNKNOWN,UNKNOWN,15.57193406673375,15.865665685941934,0.29373161920818447,0.176320411154602,0.1730319189421528,-0.003288492212449201,-0.003288492212449201,-0.29373161920818447,False,True
cf2cfda2-d007-5839-984a-e3c0650fa9de,23,7,chelsea,c501a519-9def-5d4f-8667-f326dd161177,Aaron Anselmino,DEF,UNKNOWN,0,0.0,0.0010999084400144,0.0946828005232502,0.0,UNKNOWN,UNKNOWN,0.0,0.0010999084400144,0.0946828005232502,0.0946828005232502,OK,0.0010924729073242,0.0941028952109033,0.0,0.0,0.0,0.0,0.0,0.0,0.0,0.0,0.0,UNKNOWN,UNKNOWN,0.0946828005232502,0.0941028952109033,-0.0005799053123469039,0.0010999084400144,0.0010924729073242,-7.4355326901999735e-06,-7.4355326901999735e-06,-0.0005799053123469039,False,False
cf2cfda2-d007-5839-984a-e3c0650fa9de,23,7,chelsea,4ef46620-e339-50a5-9169-d9c6d85f3a47,Alejandro Garnacho,MID,LAM,0,0.0,0.3155266066261271,20.180193681804077,1.0,LAM,4-2-3-1,0.0,0.3155266066261271,20.180193681804077,20.180193681804077,MAP_XI_FALSE_POSITIVE,0.3383087067121863,21.37194951206847,7.263333333333333,7.215,0.0483333333333328,0.5499999999999998,0.8809512680469967,0.0803817596891655,0.6251004140085173,-0.0023322577922125,20.0,LAM,4-2-3-1,20.180193681804077,21.37194951206847,1.1917558302643911,0.3155266066261271,0.3383087067121863,0.022782100086059243,0.022782100086059243,1.1917558302643911,False,True
cf2cfda2-d007-5839-984a-e3c0650fa9de,23,7,chelsea,762fd3f4-3f85-52c7-b5be-8c0c563cf25f,Andrey Nascimento dos Santos,MID,LDM,1,90.0,0.4979795550236428,22.621423452135883,0.0,UNKNOWN,UNKNOWN,1.0,0.5020204449763572,-67.37857654786411,67.37857654786411,MAP_XI_FALSE_NEGATIVE,0.4962819788599648,22.60661726734476,6.440666666666668,6.989166666666667,-0.5484999999999989,0.0199999999999995,-0.9966676447484184,-0.7231261193363953,0.0266603474764642,0.0,20.0,UNKNOWN,UNKNOWN,67.37857654786411,67.39338273265524,0.014806184791126498,0.5020204449763572,0.5037180211400352,0.0016975761636779385,-0.001697576163677994,-0.014806184791122945,False,True
cf2cfda2-d007-5839-984a-e3c0650fa9de,23,7,chelsea,4dc8670b-9980-5a26-9e9d-c98c1f9bb333,Benoît Badiashile,DEF,LCB,1,90.0,0.1419747362707663,16.24352621976063,0.0,UNKNOWN,UNKNOWN,1.0,0.8580252637292336,-73.75647378023938,73.75647378023938,LOW_PSTART_STARTED,0.1411495368927887,16.172591546761268,7.054666666666666,6.65875,0.3959166666666665,1.1257142857142872,0.7747980657583958,0.5782709756527586,0.9053202069221304,0.0,20.0,UNKNOWN,UNKNOWN,73.75647378023938,73.82740845323873,0.07093467299935696,0.8580252637292337,0.8588504631072114,0.0008251993779776479,-0.0008251993779775924,-0.07093467299936052,False,True
cf2cfda2-d007-5839-984a-e3c0650fa9de,23,7,chelsea,895b3f1f-0f9e-528b-86a3-7a7cba558310,Christopher Nkunku,MID,UNKNOWN,0,0.0,0.0011072168686499,0.095889370910247,0.0,UNKNOWN,UNKNOWN,0.0,0.0011072168686499,0.095889370910247,0.095889370910247,OK,0.0010997319843676,0.0953056213898161,0.0,0.0,0.0,0.0,0.0,0.0,0.0,0.0,0.0,UNKNOWN,UNKNOWN,0.095889370910247,0.0953056213898161,-0.0005837495204309012,0.0011072168686499,0.0010997319843676,-7.484884282299821e-06,-7.484884282299821e-06,-0.0005837495204309012,False,False
cf2cfda2-d007-5839-984a-e3c0650fa9de,23,7,chelsea,481b07c4-b805-52cf-a0ee-593af134790d,Cole Palmer,MID,CAM,0,0.0,0.7433106155369085,67.72953441039736,1.0,CAM,4-2-3-1,0.0,0.7433106155369085,67.72953441039736,67.72953441039736,MAP_XI_FALSE_POSITIVE,0.7441628104556356,67.79787962860867,7.413333333333333,6.878888888888889,0.5344444444444445,1.9000000000000008,0.926061581406646,0.7117594049526395,0.9874721748839344,0.0175725419328174,20.0,CAM,4-2-3-1,67.72953441039736,67.79787962860867,0.06834521821130579,0.7433106155369085,0.7441628104556356,0.0008521949187271227,0.0008521949187271227,0.06834521821130579,False,True
cf2cfda2-d007-5839-984a-e3c0650fa9de,23,7,chelsea,1cbf9470-32ae-558b-85b7-1337e7cc76f0,Dário Luís Essugo,MID,UNKNOWN,0,0.0,0.0011072168686499,0.095889370910247,0.0,UNKNOWN,UNKNOWN,0.0,0.0011072168686499,0.095889370910247,0.095889370910247,OK,0.0010997319843676,0.0953056213898161,0.0,0.0,0.0,0.0,0.0,0.0,0.0,0.0,0.0,UNKNOWN,UNKNOWN,0.095889370910247,0.0953056213898161,-0.0005837495204309012,0.0011072168686499,0.0010997319843676,-7.484884282299821e-06,-7.484884282299821e-06,-0.0005837495204309012,False,False
cf2cfda2-d007-5839-984a-e3c0650fa9de,23,7,chelsea,5b51fc3a-1f45-56e1-9ecc-0bda87474227,Enzo Fernández,MID,LDM,1,90.0,0.884476416521237,75.23830538044993,1.0,LDM,4-2-3-1,1.0,0.115523583478763,-14.76169461955007,14.76169461955007,OK,0.8750912565978468,74.68670748490493,7.337999999999999,7.023333333333333,0.3146666666666657,-0.9385714285714276,0.904341874368943,0.4811229565541745,-0.8486837474874857,-0.0114556745289975,4.0,LDM,4-2-3-1,14.76169461955007,15.313292515095071,0.5515978955450009,0.11552358347876301,0.12490874340215319,0.009385159923390174,-0.009385159923390174,-0.5515978955450009,False,True
cf2cfda2-d007-5839-984a-e3c0650fa9de,23,7,chelsea,9b51b592-7b40-53df-a62d-6af0afa0bb0e,Estêvão Almeida de Oliveira Gonçalves,MID,RAM,1,73.0,0.3765417699461872,21.27302583749382,0.0,UNKNOWN,UNKNOWN,1.0,0.6234582300538127,-51.72697416250618,51.72697416250618,MAP_XI_FALSE_NEGATIVE,0.3749489785684026,21.20044805347439,6.768000000000001,7.0058333333333325,-0.2378333333333318,0.1328571428571425,-0.9901102302543908,-0.3768549238385453,0.1753129324468444,0.0,20.0,UNKNOWN,UNKNOWN,51.72697416250618,51.79955194652561,0.07257778401942971,0.6234582300538127,0.6250510214315974,0.0015927913777846747,-0.0015927913777846192,-0.07257778401942971,False,True
cf2cfda2-d007-5839-984a-e3c0650fa9de,23,7,chelsea,d7143aed-fcb8-5af3-8721-72433dd889d7,Filip Jørgensen,GK,GK,0,0.0,0.0800019390273417,9.223554360324384,0.0,UNKNOWN,UNKNOWN,0.0,0.0800019390273417,9.223554360324384,9.223554360324384,OK,0.0795035678817757,9.179796967562073,6.572666666666667,6.23,0.3426666666666662,-0.8414285714285716,-0.5120877848417335,0.5161748160267823,-0.8082304362020013,0.0,1.0,UNKNOWN,UNKNOWN,9.223554360324384,9.179796967562073,-0.04375739276231094,0.0800019390273417,0.0795035678817757,-0.0004983711455660012,-0.0004983711455660012,-0.04375739276231094,True,False
cf2cfda2-d007-5839-984a-e3c0650fa9de,23,7,chelsea,9d723959-80a6-5a8b-a21b-2cca95b2ab7c,Gabriel Słonina,GK,UNKNOWN,0,0.0,0.0009867816334279,0.0861237449146408,0.0,UNKNOWN,UNKNOWN,0.0,0.0009867816334279,0.0861237449146408,0.0861237449146408,OK,0.0009801101031787,0.0856034267200324,0.0,0.0,0.0,0.0,0.0,0.0,0.0,0.0,0.0,UNKNOWN,UNKNOWN,0.0861237449146408,0.0856034267200324,-0.0005203181946083907,0.0009867816334279,0.0009801101031787,-6.671530249199994e-06,-6.671530249199994e-06,-0.0005203181946083907,False,False
cf2cfda2-d007-5839-984a-e3c0650fa9de,23,7,chelsea,102260dc-086e-540f-ac1b-5c571502d8d4,Jamie Bynoe-Gittens,MID,LAM,0,16.0,0.1608529353233469,12.142862376267528,0.0,UNKNOWN,UNKNOWN,0.0,0.1608529353233469,-3.8571376237324735,3.8571376237324735,OK,0.1599384634379134,12.09027446074153,6.836666666666667,6.923333333333335,-0.0866666666666677,-0.5071428571428571,-0.9875823515249932,-0.143448185601947,-0.5890372243643995,0.0,20.0,UNKNOWN,UNKNOWN,3.8571376237324717,3.9097255392584707,0.05258791552599895,0.1608529353233469,0.1599384634379134,-0.0009144718854335043,-0.0009144718854335043,-0.05258791552599895,False,True
cf2cfda2-d007-5839-984a-e3c0650fa9de,23,7,chelsea,932d386d-f372-53de-a37f-381a73a67e07,Jorrel Hato,DEF,LCB,0,9.0,0.1485328823250098,22.291524703691746,0.0,UNKNOWN,UNKNOWN,0.0,0.1485328823250098,13.291524703691742,13.291524703691742,OK,0.1476761255853037,22.235911909484862,7.136666666666668,6.715000000000001,0.4216666666666668,0.5,0.8239156490883949,0.6061279830849274,0.5827829453479101,0.0,20.0,UNKNOWN,UNKNOWN,13.291524703691746,13.235911909484862,-0.055612794206883365,0.1485328823250098,0.1476761255853037,-0.0008567567397060882,-0.0008567567397060882,-0.055612794206883365,True,False
cf2cfda2-d007-5839-984a-e3c0650fa9de,23,7,chelsea,9998e641-8e7f-5837-8d46-ad335b484a00,Josh Acheampong,DEF,RB,0,0.0,0.1853994907118963,16.257601276951547,0.0,UNKNOWN,UNKNOWN,0.0,0.1853994907118963,16.257601276951547,16.257601276951547,OK,0.1843761300202321,16.203483869048892,6.727333333333333,6.812,-0.0846666666666671,-1.0442857142857136,-0.9913585329601762,-0.1401818938270597,-0.883693620117888,0.0,20.0,UNKNOWN,UNKNOWN,16.257601276951547,16.203483869048892,-0.0541174079026554,0.1853994907118963,0.1843761300202321,-0.001023360691664199,-0.001023360691664199,-0.0541174079026554,True,False
cf2cfda2-d007-5839-984a-e3c0650fa9de,23,7,chelsea,4448091c-aeb7-5ab3-a537-b2b547480e63,João Pedro Junqueira de Jesus,FWD,ST,1,84.0,0.7660157734314297,60.1445355367224,1.0,ST,4-2-3-1,1.0,0.2339842265685703,-23.8554644632776,23.8554644632776,OK,0.7581996103894753,59.720452849175146,6.435333333333333,7.089166666666666,-0.653833333333333,-0.8685714285714292,-0.9967262670177328,-0.7967767369760866,-0.8204181602350987,-0.0115180634721024,20.0,ST,4-2-3-1,23.8554644632776,24.279547150824854,0.424082687547255,0.23398422656857032,0.24180038961052475,0.007816163041954427,-0.007816163041954427,-0.424082687547255,False,True
cf2cfda2-d007-5839-984a-e3c0650fa9de,23,7,chelsea,877d9c71-fd12-5aab-8c4b-9df2eb81bbf0,Kendry Páez Andrade,MID,UNKNOWN,0,0.0,0.0011072168686499,0.095889370910247,0.0,UNKNOWN,UNKNOWN,0.0,0.0011072168686499,0.095889370910247,0.095889370910247,OK,0.0010997319843676,0.0953056213898161,0.0,0.0,0.0,0.0,0.0,0.0,0.0,0.0,0.0,UNKNOWN,UNKNOWN,0.095889370910247,0.0953056213898161,-0.0005837495204309012,0.0011072168686499,0.0010997319843676,-7.484884282299821e-06,-7.484884282299821e-06,-0.0005837495204309012,False,False
cf2cfda2-d007-5839-984a-e3c0650fa9de,23,7,chelsea,64e1d98b-b70a-5d8f-a6fe-c77a7ea90c46,Landon Emenalo,MID,UNKNOWN,0,0.0,0.0011072168686499,0.095889370910247,0.0,UNKNOWN,UNKNOWN,0.0,0.0011072168686499,0.095889370910247,0.095889370910247,OK,0.0010997319843676,0.0953056213898161,0.0,0.0,0.0,0.0,0.0,0.0,0.0,0.0,0.0,UNKNOWN,UNKNOWN,0.095889370910247,0.0953056213898161,-0.0005837495204309012,0.0011072168686499,0.0010997319843676,-7.484884282299821e-06,-7.484884282299821e-06,-0.0005837495204309012,False,False
cf2cfda2-d007-5839-984a-e3c0650fa9de,23,7,chelsea,46f70fd6-45f6-55b9-884d-24feb13db9c3,Levi Colwill,DEF,UNKNOWN,0,0.0,0.0010999084400144,0.0946828005232502,0.0,UNKNOWN,UNKNOWN,0.0,0.0010999084400144,0.0946828005232502,0.0946828005232502,OK,0.0010924729073242,0.0941028952109033,0.0,0.0,0.0,0.0,0.0,0.0,0.0,0.0,0.0,UNKNOWN,UNKNOWN,0.0946828005232502,0.0941028952109033,-0.0005799053123469039,0.0010999084400144,0.0010924729073242,-7.4355326901999735e-06,-7.4355326901999735e-06,-0.0005799053123469039,False,False
cf2cfda2-d007-5839-984a-e3c0650fa9de,23,7,chelsea,8b1af3a3-b391-5111-954e-dbda5d6d12a5,Liam Delap,FWD,ST,0,5.0,0.2294563584330548,32.255519702482665,0.0,UNKNOWN,UNKNOWN,0.0,0.2294563584330548,27.255519702482665,27.255519702482665,OK,0.2282579564341925,32.16579449578774,6.728666666666666,6.09,0.6386666666666665,0.0885714285714289,0.453334112827066,0.7873589612881684,0.1175492790776967,0.0,20.0,UNKNOWN,UNKNOWN,27.255519702482665,27.165794495787743,-0.08972520669492212,0.2294563584330548,0.2282579564341925,-0.001198401998862314,-0.001198401998862314,-0.08972520669492212,True,False
cf2cfda2-d007-5839-984a-e3c0650fa9de,23,7,chelsea,972fc541-f01f-51fc-b746-5238f72285d7,Malo Gusto,DEF,RB,0,16.0,0.2131826213144235,23.624616381870155,0.0,UNKNOWN,UNKNOWN,0.0,0.2131826213144235,7.624616381870155,7.624616381870155,OK,0.2120458240320075,23.54790760686345,7.293333333333334,7.092500000000001,0.2008333333333327,1.1071428571428568,0.8916665990375281,0.3227574997211155,0.90075179666671,0.0,20.0,UNKNOWN,UNKNOWN,7.624616381870155,7.5479076068634505,-0.07670877500670414,0.2131826213144235,0.2120458240320075,-0.0011367972824160022,-0.0011367972824160022,-0.07670877500670414,True,False
cf2cfda2-d007-5839-984a-e3c0650fa9de,23,7,chelsea,c1d2c6e2-92b5-5eb7-abc2-bfb9ba6fffa1,Mamadou Sarr,DEF,UNKNOWN,0,0.0,0.0010999084400144,0.0946828005232502,0.0,UNKNOWN,UNKNOWN,0.0,0.0010999084400144,0.0946828005232502,0.0946828005232502,OK,0.0010924729073242,0.0941028952109033,0.0,0.0,0.0,0.0,0.0,0.0,0.0,0.0,0.0,UNKNOWN,UNKNOWN,0.0946828005232502,0.0941028952109033,-0.0005799053123469039,0.0010999084400144,0.0010924729073242,-7.4355326901999735e-06,-7.4355326901999735e-06,-0.0005799053123469039,False,False
cf2cfda2-d007-5839-984a-e3c0650fa9de,23,7,chelsea,3d33e637-0658-5cc2-964e-b281c5cdf9fc,Marc Cucurella Saseta,DEF,LB,1,90.0,0.8658043569240715,71.96689287136851,1.0,LB,4-2-3-1,1.0,0.1341956430759284,-18.033107128631485,18.033107128631485,OK,0.8608669724063782,71.5676170546293,6.458666666666667,7.049166666666667,-0.5905000000000005,-0.1257142857142854,-0.996461947935674,-0.7548639681423451,-0.1660666751976131,-0.0155908495406618,20.0,LB,4-2-3-1,18.033107128631485,18.432382945370705,0.39927581673921964,0.13419564307592846,0.13913302759362178,0.004937384517693322,-0.004937384517693322,-0.39927581673921964,False,True
cf2cfda2-d007-5839-984a-e3c0650fa9de,23,7,chelsea,6538c4ff-2308-56ae-85e7-392fba76d555,Marc Guiu Paz,FWD,ST,0,0.0,0.0670447833058207,7.9253542344218175,0.0,UNKNOWN,UNKNOWN,0.0,0.0670447833058207,7.9253542344218175,7.9253542344218175,OK,0.0666212835618172,7.894906646443903,6.656666666666666,6.433333333333334,0.2233333333333327,-1.8357142857142863,-0.9931659053380386,0.3559339366937938,-0.9851468778487694,0.0,20.0,UNKNOWN,UNKNOWN,7.9253542344218175,7.894906646443903,-0.030447587977914914,0.0670447833058207,0.0666212835618172,-0.00042349974400350543,-0.00042349974400350543,-0.030447587977914914,True,False
cf2cfda2-d007-5839-984a-e3c0650fa9de,23,7,chelsea,dc638cac-db3d-56dd-9d2a-a3a75b54c5b5,Max Merrick,GK,UNKNOWN,0,0.0,0.0009867816334279,0.0873436052719349,0.0,UNKNOWN,UNKNOWN,0.0,0.0009867816334279,0.0873436052719349,0.0873436052719349,OK,0.0009801101031787,0.0868232953323246,0.0,0.0,0.0,0.0,0.0,0.0,0.0,0.0,0.0,UNKNOWN,UNKNOWN,0.0873436052719349,0.0868232953323246,-0.0005203099396103028,0.0009867816334279,0.0009801101031787,-6.671530249199994e-06,-6.671530249199994e-06,-0.0005203099396103028,False,False
cf2cfda2-d007-5839-984a-e3c0650fa9de,23,7,chelsea,f1c0774d-5c89-577b-bdf9-fe6b58ed1b6e,Mike Penders,GK,UNKNOWN,0,0.0,0.0009867816334279,0.0861237449146408,0.0,UNKNOWN,UNKNOWN,0.0,0.0009867816334279,0.0861237449146408,0.0861237449146408,OK,0.0009801101031787,0.0856034267200324,0.0,0.0,0.0,0.0,0.0,0.0,0.0,0.0,0.0,UNKNOWN,UNKNOWN,0.0861237449146408,0.0856034267200324,-0.0005203181946083907,0.0009867816334279,0.0009801101031787,-6.671530249199994e-06,-6.671530249199994e-06,-0.0005203181946083907,False,False
cf2cfda2-d007-5839-984a-e3c0650fa9de,23,7,chelsea,c92d55cb-06d1-553d-aad7-f64c0de898a5,Moisés Caicedo Corozo,MID,RDM,1,72.0,0.9099250507245916,82.33441186217149,1.0,RDM,4-2-3-1,1.0,0.0900749492754083,10.334411862171493,10.334411862171493,OK,0.9068073737599364,82.06909029887768,8.359333333333334,7.286666666666666,1.0726666666666675,1.1585714285714293,0.9967262670177328,0.9455255454826308,0.9129170762303856,0.0191387636520565,20.0,RDM,4-2-3-1,10.334411862171493,10.069090298877683,-0.26532156329380996,0.09007494927540838,0.09319262624006364,0.0031176769646552582,-0.0031176769646552582,-0.26532156329380996,True,False
cf2cfda2-d007-5839-984a-e3c0650fa9de,23,7,chelsea,7ad17b55-f67d-5f9d-9f04-df4f76c1e314,Mykhailo Mudryk,MID,UNKNOWN,0,0.0,0.0011072168686499,0.095889370910247,0.0,UNKNOWN,UNKNOWN,0.0,0.0011072168686499,0.095889370910247,0.095889370910247,OK,0.0010997319843676,0.0953056213898161,0.0,0.0,0.0,0.0,0.0,0.0,0.0,0.0,0.0,UNKNOWN,UNKNOWN,0.095889370910247,0.0953056213898161,-0.0005837495204309012,0.0011072168686499,0.0010997319843676,-7.484884282299821e-06,-7.484884282299821e-06,-0.0005837495204309012,False,False
cf2cfda2-d007-5839-984a-e3c0650fa9de,23,7,chelsea,14394b8e-b6dc-52d7-8711-db31e2d5afc5,Nicolas Jackson,FWD,UNKNOWN,0,0.0,0.0010447956240817,0.0905619424367495,0.0,UNKNOWN,UNKNOWN,0.0,0.0010447956240817,0.0905619424367495,0.0905619424367495,OK,0.0010377322745712,0.0900110653387061,0.0,0.0,0.0,0.0,0.0,0.0,0.0,0.0,0.0,UNKNOWN,UNKNOWN,0.0905619424367495,0.0900110653387061,-0.000550877098043398,0.0010447956240817,0.0010377322745712,-7.063349510500047e-06,-7.063349510500047e-06,-0.000550877098043398,False,False
cf2cfda2-d007-5839-984a-e3c0650fa9de,23,7,chelsea,653dcb32-98a1-5bdb-afc4-4dcee772c921,Pedro Lomba Neto,MID,RAM,1,73.0,0.9238189952739752,85.82028152041303,1.0,RAM,4-2-3-1,1.0,0.0761810047260248,12.820281520413031,12.820281520413031,OK,0.9170981956671772,85.4515406499713,7.453333333333334,7.006666666666668,0.4466666666666663,0.7000000000000002,0.9338635798884988,0.6318228846241504,0.7321442233518528,0.0152204962456873,3.0,RAM,4-2-3-1,12.820281520413033,12.451540649971307,-0.36874087044172654,0.07618100472602485,0.08290180433282279,0.006720799606797945,-0.006720799606797945,-0.36874087044172654,True,False
cf2cfda2-d007-5839-984a-e3c0650fa9de,23,7,chelsea,3655e646-d6d9-51ce-a14d-bed863d96c3c,Reece James,DEF,RB,1,80.0,0.5971700197363974,58.07572553062449,1.0,RB,4-2-3-1,1.0,0.4028299802636026,-21.92427446937551,21.92427446937551,OK,0.596759419287786,58.04921867287148,7.1226666666666665,7.396666666666667,-0.2740000000000009,0.08,-0.9681001363217422,-0.4273635625477181,0.1062639561379025,-0.0055254654667473,20.0,RB,4-2-3-1,21.92427446937551,21.950781327128517,0.026506857753005875,0.4028299802636026,0.403240580712214,0.000410600448611409,-0.000410600448611409,-0.026506857753005875,False,True
cf2cfda2-d007-5839-984a-e3c0650fa9de,23,7,chelsea,412fc00b-6fb5-5606-bb30-04e075a83220,Robert Sánchez,GK,GK,1,90.0,0.9551732433679246,85.98594123075068,1.0,GK,4-2-3-1,1.0,0.0448267566320753,-4.014058769249317,4.014058769249317,OK,0.9653751816546154,86.89948445558022,6.912000000000001,7.445833333333334,-0.5338333333333329,-0.4542857142857137,0.5120877848417335,-0.7112565049945385,-0.5411032413823014,0.0020186521952052,1.0,GK,4-2-3-1,4.014058769249317,3.1005155444197783,-0.9135432248295388,0.04482675663207536,0.034624818345384556,-0.010201938286690804,0.010201938286690804,0.9135432248295388,True,False
cf2cfda2-d007-5839-984a-e3c0650fa9de,23,7,chelsea,f8666db2-925c-5357-81ba-263e71b165b3,Roméo Lavia,MID,LDM,0,0.0,0.0166416522051043,1.060418572137674,0.0,UNKNOWN,UNKNOWN,0.0,0.0166416522051043,1.060418572137674,1.060418572137674,OK,0.016530891061363,1.0554694171408063,6.338666666666667,6.605,-0.2663333333333337,-0.6185714285714283,-0.9976269888077623,-0.4168627422435517,-0.6776533630683255,0.0,20.0,UNKNOWN,UNKNOWN,1.060418572137674,1.0554694171408063,-0.004949154996867655,0.0166416522051043,0.016530891061363,-0.000110761143741301,-0.000110761143741301,-0.004949154996867655,False,False
cf2cfda2-d007-5839-984a-e3c0650fa9de,23,7,chelsea,0bbf4c7c-2ef0-50b5-9f1d-7be9fb72ecfd,Teddy Sharman-Lowe,GK,UNKNOWN,0,0.0,0.0019974185210706,0.8859832533486098,0.0,UNKNOWN,UNKNOWN,0.0,0.0019974185210706,0.8859832533486098,0.8859832533486098,OK,0.0019839277468232,0.8849408684737076,0.0,0.0,0.0,0.0,0.0,0.0,0.0,0.0,0.0,UNKNOWN,UNKNOWN,0.8859832533486098,0.8849408684737076,-0.001042384874902269,0.0019974185210706,0.0019839277468232,-1.3490774247399816e-05,-1.3490774247399816e-05,-0.001042384874902269,False,False
cf2cfda2-d007-5839-984a-e3c0650fa9de,23,7,chelsea,1cc11978-28c5-57b6-a8a3-ba979d1349e4,Tosin Adarabioyo,DEF,LCB,0,0.0,0.4172755691759007,25.72803308841472,0.0,UNKNOWN,UNKNOWN,0.0,0.4172755691759007,25.72803308841472,25.72803308841472,OK,0.4156253387053361,25.62975045316624,7.594666666666668,6.733333333333333,0.8613333333333344,0.2042857142857137,0.9589126461691792,0.8927994791866907,0.2658389223784281,0.0,20.0,UNKNOWN,UNKNOWN,25.72803308841472,25.62975045316624,-0.09828263524848069,0.4172755691759007,0.4156253387053361,-0.0016502304705646176,-0.0016502304705646176,-0.09828263524848069,True,False
cf2cfda2-d007-5839-984a-e3c0650fa9de,23,7,chelsea,fbe43cca-fb14-5420-94d6-3e253d5e57f2,Trevoh Chalobah,DEF,LCB,1,90.0,0.8594933662763097,77.39538669548459,1.0,LCB,4-2-3-1,1.0,0.1405066337236903,-12.60461330451541,12.60461330451541,OK,0.8484873674076933,76.40805709164013,6.852,7.003333333333333,-0.1513333333333326,1.1957142857142855,-0.8448206152531401,-0.2470064445492439,0.9208038550063484,-0.0103760925110243,3.0,LCB,4-2-3-1,12.60461330451541,13.591942908359869,0.9873296038444579,0.14050663372369032,0.15151263259230674,0.011005998868616418,-0.011005998868616418,-0.9873296038444579,False,True
cf2cfda2-d007-5839-984a-e3c0650fa9de,23,7,chelsea,3c785544-9ef9-55d3-b726-bcbf136d1d05,Tyrique George,MID,UNKNOWN,0,0.0,0.0087917315762756,0.8299337731337655,0.0,UNKNOWN,UNKNOWN,0.0,0.0087917315762756,0.8299337731337655,0.8299337731337655,OK,0.0087327528425688,0.8253420119777404,6.466666666666667,6.514,-0.0473333333333334,-0.4857142857142849,0.0,0.0,0.0,0.0,0.0,UNKNOWN,UNKNOWN,0.8299337731337655,0.8253420119777404,-0.004591761156025109,0.0087917315762756,0.0087327528425688,-5.897873370680137e-05,-5.897873370680137e-05,-0.004591761156025109,False,False
cf2cfda2-d007-5839-984a-e3c0650fa9de,23,7,chelsea,ec2bf467-94f7-5b79-97a2-3632c0d199a8,Wesley Fofana,DEF,RCB,0,17.0,0.620771162233529,60.89580677026982,1.0,RCB,4-2-3-1,0.0,0.620771162233529,43.89580677026982,43.89580677026982,MAP_XI_FALSE_POSITIVE,0.6424162088028633,62.5569715934649,7.493333333333334,7.189166666666665,0.3041666666666689,1.7714285714285714,0.9428741344124209,0.4675610421129878,0.9823938044186398,0.0145601419576881,20.0,RCB,4-2-3-1,43.89580677026982,45.5569715934649,1.6611648231950795,0.620771162233529,0.6424162088028633,0.021645046569334303,0.021645046569334303,1.6611648231950795,False,True
e2562928-63eb-5b52-9e4c-94f8ddca3e11,24,7,chelsea,c501a519-9def-5d4f-8667-f326dd161177,Aaron Anselmino,DEF,UNKNOWN,0,0.0,0.0009302379208816,0.0799919323075812,0.0,UNKNOWN,UNKNOWN,0.0,0.0009302379208816,0.0799919323075812,0.0799919323075812,OK,0.0009098417215724,0.0784011804177589,0.0,0.0,0.0,0.0,0.0,0.0,0.0,0.0,0.0,UNKNOWN,UNKNOWN,0.0799919323075812,0.0784011804177589,-0.0015907518898223005,0.0009302379208816,0.0009098417215724,-2.0396199309200003e-05,-2.0396199309200003e-05,-0.0015907518898223005,False,False
e2562928-63eb-5b52-9e4c-94f8ddca3e11,24,7,chelsea,4ef46620-e339-50a5-9169-d9c6d85f3a47,Alejandro Garnacho,MID,LAM,1,45.0,0.2633906953167238,17.032392966825213,1.0,LAM,4-2-3-1,1.0,0.7366093046832762,-27.967607033174787,27.967607033174787,OK,0.2918607870358627,18.53794663489432,6.726666666666668,7.108333333333333,-0.3816666666666659,-1.1499999999999986,-0.9891239761581354,-0.5622458367531089,-0.9109932894754256,-0.0021368207362269,20.0,LAM,4-2-3-1,27.967607033174787,26.46205336510568,-1.5055536680691048,0.7366093046832762,0.7081392129641373,-0.028470091719138946,0.02847009171913889,1.5055536680691048,True,False
e2562928-63eb-5b52-9e4c-94f8ddca3e11,24,7,chelsea,762fd3f4-3f85-52c7-b5be-8c0c563cf25f,Andrey Nascimento dos Santos,MID,RDM,0,0.0,0.5407141515196519,55.4216577062172,0.0,UNKNOWN,UNKNOWN,0.0,0.5407141515196519,55.4216577062172,55.4216577062172,MINUTE_ERROR_45PLUS,0.5351986418371983,55.01647619748036,6.637333333333333,7.135833333333333,-0.4984999999999999,-0.6585714285714284,-0.9919135938885926,-0.6809232127522393,-0.7054638039546283,0.0,20.0,UNKNOWN,UNKNOWN,55.4216577062172,55.01647619748036,-0.4051815087368382,0.5407141515196519,0.5351986418371983,-0.005515509682453512,-0.005515509682453512,-0.4051815087368382,True,False
e2562928-63eb-5b52-9e4c-94f8ddca3e11,24,7,chelsea,4dc8670b-9980-5a26-9e9d-c98c1f9bb333,Benoît Badiashile,DEF,LCB,1,45.0,0.6920024679519542,63.213953612768016,1.0,LCB,4-2-3-1,1.0,0.3079975320480458,18.213953612768016,18.213953612768016,OK,0.7173692314192911,65.42005988216577,7.232666666666668,6.652222222222222,0.5804444444444457,0.2728571428571431,0.7770090147802291,0.7475627799739117,0.3485651433368051,0.0137397776491291,20.0,LCB,4-2-3-1,18.213953612768016,20.420059882165774,2.2061062693977576,0.3079975320480458,0.2826307685807089,-0.025366763467336906,0.025366763467336906,2.2061062693977576,False,True
e2562928-63eb-5b52-9e4c-94f8ddca3e11,24,7,chelsea,895b3f1f-0f9e-528b-86a3-7a7cba558310,Christopher Nkunku,MID,UNKNOWN,0,0.0,0.0009364200172035,0.0810147889431315,0.0,UNKNOWN,UNKNOWN,0.0,0.0009364200172035,0.0810147889431315,0.0810147889431315,OK,0.0009158883948237,0.0794134861681019,0.0,0.0,0.0,0.0,0.0,0.0,0.0,0.0,0.0,UNKNOWN,UNKNOWN,0.0810147889431315,0.0794134861681019,-0.001601302775029595,0.0009364200172035,0.0009158883948237,-2.0531622379799997e-05,-2.0531622379799997e-05,-0.001601302775029595,False,False
e2562928-63eb-5b52-9e4c-94f8ddca3e11,24,7,chelsea,481b07c4-b805-52cf-a0ee-593af134790d,Cole Palmer,MID,CAM,1,90.0,0.6094520148462494,55.93896646050578,1.0,CAM,4-2-3-1,1.0,0.3905479851537505,-34.06103353949422,34.06103353949422,MINUTE_ERROR_30PLUS,0.6197482857683361,56.79253589936411,7.782,7.005,0.7770000000000001,0.7885714285714291,0.960577849132198,0.86043043424684,0.7823611359313498,0.0032732440339265,20.0,CAM,4-2-3-1,34.06103353949422,33.20746410063589,-0.8535694388583295,0.39054798515375055,0.38025171423166393,-0.010296270922086626,0.010296270922086626,0.8535694388583295,True,False
e2562928-63eb-5b52-9e4c-94f8ddca3e11,24,7,chelsea,1cbf9470-32ae-558b-85b7-1337e7cc76f0,Dário Luís Essugo,MID,UNKNOWN,0,0.0,0.0009364200172035,0.0810147889431315,0.0,UNKNOWN,UNKNOWN,0.0,0.0009364200172035,0.0810147889431315,0.0810147889431315,OK,0.0009158883948237,0.0794134861681019,0.0,0.0,0.0,0.0,0.0,0.0,0.0,0.0,0.0,UNKNOWN,UNKNOWN,0.0810147889431315,0.0794134861681019,-0.001601302775029595,0.0009364200172035,0.0009158883948237,-2.0531622379799997e-05,-2.0531622379799997e-05,-0.001601302775029595,False,False
e2562928-63eb-5b52-9e4c-94f8ddca3e11,24,7,chelsea,5b51fc3a-1f45-56e1-9ecc-0bda87474227,Enzo Fernández,MID,LDM,1,90.0,0.9388170727315523,85.0449216132111,1.0,LDM,4-2-3-1,1.0,0.0611829272684475,-4.955078386788898,4.955078386788898,OK,0.9332982576386412,84.68146381513596,7.903333333333333,6.951666666666667,0.9516666666666662,0.5285714285714294,0.8067945672189303,0.9195509291181118,0.6073816500617942,0.0160591449275802,4.0,LDM,4-2-3-1,4.955078386788898,5.318536184864044,0.3634577980751459,0.06118292726844765,0.06670174236135884,0.005518815092911189,-0.005518815092911189,-0.3634577980751459,False,True
e2562928-63eb-5b52-9e4c-94f8ddca3e11,24,7,chelsea,9b51b592-7b40-53df-a62d-6af0afa0bb0e,Estêvão Almeida de Oliveira Gonçalves,MID,RAM,0,0.0,0.3971546049644124,31.33537606845536,0.0,UNKNOWN,UNKNOWN,0.0,0.3971546049644124,31.33537606845536,31.33537606845536,MINUTE_ERROR_30PLUS,0.3918540917882793,30.9693977275372,6.889333333333334,6.8741666666666665,0.0151666666666674,-1.4985714285714282,-0.9813680813098666,0.0252723952728687,-0.9638927596761282,0.0,20.0,UNKNOWN,UNKNOWN,31.33537606845536,30.9693977275372,-0.3659783409181614,0.3971546049644124,0.3918540917882793,-0.005300513176133115,-0.005300513176133115,-0.3659783409181614,True,False
e2562928-63eb-5b52-9e4c-94f8ddca3e11,24,7,chelsea,d7143aed-fcb8-5af3-8721-72433dd889d7,Filip Jørgensen,GK,GK,0,0.0,0.0475166904798367,5.124541582072359,0.0,UNKNOWN,UNKNOWN,0.0,0.0475166904798367,5.124541582072359,5.124541582072359,OK,0.0465224139228726,5.035941864824257,6.572666666666667,6.23,0.3426666666666662,-0.8414285714285716,-0.7960656284325353,0.5161748160267823,-0.8082304362020013,0.0,1.0,UNKNOWN,UNKNOWN,5.124541582072359,5.035941864824257,-0.08859971724810212,0.0475166904798367,0.0465224139228726,-0.0009942765569640952,-0.0009942765569640952,-0.08859971724810212,True,False
e2562928-63eb-5b52-9e4c-94f8ddca3e11,24,7,chelsea,9d723959-80a6-5a8b-a21b-2cca95b2ab7c,Gabriel Słonina,GK,UNKNOWN,0,0.0,0.000834547336372,0.0727636061082853,0.0,UNKNOWN,UNKNOWN,0.0,0.000834547336372,0.0727636061082853,0.0727636061082853,OK,0.0008162475143621,0.0713363603169222,0.0,0.0,0.0,0.0,0.0,0.0,0.0,0.0,0.0,UNKNOWN,UNKNOWN,0.0727636061082853,0.0713363603169222,-0.0014272457913631076,0.000834547336372,0.0008162475143621,-1.8299822009899976e-05,-1.8299822009899976e-05,-0.0014272457913631076,False,False
e2562928-63eb-5b52-9e4c-94f8ddca3e11,24,7,chelsea,102260dc-086e-540f-ac1b-5c571502d8d4,Jamie Bynoe-Gittens,MID,LAM,1,25.0,0.2338235852157578,20.555314308700986,0.0,UNKNOWN,UNKNOWN,1.0,0.7661764147842421,-4.444685691299018,4.444685691299018,MAP_XI_FALSE_NEGATIVE,0.2298717219232573,20.34980364480019,6.116666666666666,6.947499999999999,-0.8308333333333326,-0.314285714285714,-0.9985695847684704,-0.882004302511821,-0.3961277990843381,0.0,20.0,UNKNOWN,UNKNOWN,4.444685691299014,4.65019635519981,0.20551066390079598,0.7661764147842423,0.7701282780767427,0.003951863292500413,-0.003951863292500496,-0.20551066390079598,False,True
e2562928-63eb-5b52-9e4c-94f8ddca3e11,24,7,chelsea,932d386d-f372-53de-a37f-381a73a67e07,Jorrel Hato,DEF,LCB,1,45.0,0.1103847595206445,17.688143587688806,0.0,UNKNOWN,UNKNOWN,1.0,0.8896152404793555,-27.311856412311197,27.311856412311197,LOW_PSTART_STARTED,0.1082244538686746,17.542750894970915,7.136666666666668,6.715000000000001,0.4216666666666668,0.5,0.7053043013108915,0.6061279830849274,0.5827829453479101,0.0,20.0,UNKNOWN,UNKNOWN,27.311856412311194,27.457249105029085,0.14539269271789124,0.8896152404793555,0.8917755461313254,0.002160305651969896,-0.002160305651969896,-0.14539269271789124,False,True
e2562928-63eb-5b52-9e4c-94f8ddca3e11,24,7,chelsea,9998e641-8e7f-5837-8d46-ad335b484a00,Josh Acheampong,DEF,RB,0,0.0,0.043221896300565,5.471545193894588,0.0,UNKNOWN,UNKNOWN,0.0,0.043221896300565,5.471545193894588,5.471545193894588,OK,0.0423134950747556,5.4204047269441205,6.727333333333333,6.812,-0.0846666666666671,-1.0442857142857136,-0.9890999122102416,-0.1401818938270597,-0.883693620117888,0.0,20.0,UNKNOWN,UNKNOWN,5.471545193894588,5.4204047269441205,-0.05114046695046781,0.043221896300565,0.0423134950747556,-0.0009084012258094021,-0.0009084012258094021,-0.05114046695046781,True,False
e2562928-63eb-5b52-9e4c-94f8ddca3e11,24,7,chelsea,4448091c-aeb7-5ab3-a537-b2b547480e63,João Pedro Junqueira de Jesus,FWD,ST,0,45.0,0.9206702859271122,77.775581477429,1.0,ST,4-2-3-1,0.0,0.9206702859271122,32.775581477429,32.775581477429,HIGH_PSTART_DID_NOT_START,0.9160575238615032,77.4819928697906,8.289333333333333,6.835,1.4543333333333337,1.5871428571428563,0.992615188122472,0.9844305679704408,0.9713799334910834,0.0197225838363462,20.0,ST,4-2-3-1,32.775581477429,32.4819928697906,-0.293588607638398,0.9206702859271122,0.9160575238615032,-0.004612762065609011,-0.004612762065609011,-0.293588607638398,True,False
e2562928-63eb-5b52-9e4c-94f8ddca3e11,24,7,chelsea,877d9c71-fd12-5aab-8c4b-9df2eb81bbf0,Kendry Páez Andrade,MID,UNKNOWN,0,0.0,0.0009364200172035,0.0810147889431315,0.0,UNKNOWN,UNKNOWN,0.0,0.0009364200172035,0.0810147889431315,0.0810147889431315,OK,0.0009158883948237,0.0794134861681019,0.0,0.0,0.0,0.0,0.0,0.0,0.0,0.0,0.0,UNKNOWN,UNKNOWN,0.0810147889431315,0.0794134861681019,-0.001601302775029595,0.0009364200172035,0.0009158883948237,-2.0531622379799997e-05,-2.0531622379799997e-05,-0.001601302775029595,False,False
e2562928-63eb-5b52-9e4c-94f8ddca3e11,24,7,chelsea,64e1d98b-b70a-5d8f-a6fe-c77a7ea90c46,Landon Emenalo,MID,UNKNOWN,0,0.0,0.0009364200172035,0.0810147889431315,0.0,UNKNOWN,UNKNOWN,0.0,0.0009364200172035,0.0810147889431315,0.0810147889431315,OK,0.0009158883948237,0.0794134861681019,0.0,0.0,0.0,0.0,0.0,0.0,0.0,0.0,0.0,UNKNOWN,UNKNOWN,0.0810147889431315,0.0794134861681019,-0.001601302775029595,0.0009364200172035,0.0009158883948237,-2.0531622379799997e-05,-2.0531622379799997e-05,-0.001601302775029595,False,False
e2562928-63eb-5b52-9e4c-94f8ddca3e11,24,7,chelsea,46f70fd6-45f6-55b9-884d-24feb13db9c3,Levi Colwill,DEF,UNKNOWN,0,0.0,0.0009302379208816,0.0799919323075812,0.0,UNKNOWN,UNKNOWN,0.0,0.0009302379208816,0.0799919323075812,0.0799919323075812,OK,0.0009098417215724,0.0784011804177589,0.0,0.0,0.0,0.0,0.0,0.0,0.0,0.0,0.0,UNKNOWN,UNKNOWN,0.0799919323075812,0.0784011804177589,-0.0015907518898223005,0.0009302379208816,0.0009098417215724,-2.0396199309200003e-05,-2.0396199309200003e-05,-0.0015907518898223005,False,False
e2562928-63eb-5b52-9e4c-94f8ddca3e11,24,7,chelsea,8b1af3a3-b391-5111-954e-dbda5d6d12a5,Liam Delap,FWD,ST,1,90.0,0.1748171064380437,22.64795914545705,0.0,UNKNOWN,UNKNOWN,1.0,0.8251828935619563,-67.35204085454295,67.35204085454295,LOW_PSTART_STARTED,0.1716391053400623,22.38877387066509,6.728666666666666,6.09,0.6386666666666665,0.0885714285714289,-0.9890516253470644,0.7873589612881684,0.1175492790776967,0.0,20.0,UNKNOWN,UNKNOWN,67.35204085454295,67.61122612933491,0.2591852747919603,0.8251828935619563,0.8283608946599377,0.0031780010979813866,-0.0031780010979814144,-0.2591852747919603,False,True
e2562928-63eb-5b52-9e4c-94f8ddca3e11,24,7,chelsea,972fc541-f01f-51fc-b746-5238f72285d7,Malo Gusto,DEF,RB,1,80.0,0.3334559506964327,31.87313982525961,0.0,UNKNOWN,UNKNOWN,1.0,0.6665440493035673,-48.12686017474039,48.12686017474039,MAP_XI_FALSE_NEGATIVE,0.3285422615049772,31.542552124661068,6.696,6.891666666666666,-0.195666666666666,-0.548571428571428,-0.9901756199752534,-0.3150221210039348,-0.6239385568425839,0.0,20.0,UNKNOWN,UNKNOWN,48.126860174740386,48.45744787533893,0.33058770059854226,0.6665440493035673,0.6714577384950229,0.004913689191455628,-0.004913689191455517,-0.33058770059854226,False,True
e2562928-63eb-5b52-9e4c-94f8ddca3e11,24,7,chelsea,c1d2c6e2-92b5-5eb7-abc2-bfb9ba6fffa1,Mamadou Sarr,DEF,UNKNOWN,0,0.0,0.0009302379208816,0.0799919323075812,0.0,UNKNOWN,UNKNOWN,0.0,0.0009302379208816,0.0799919323075812,0.0799919323075812,OK,0.0009098417215724,0.0784011804177589,0.0,0.0,0.0,0.0,0.0,0.0,0.0,0.0,0.0,UNKNOWN,UNKNOWN,0.0799919323075812,0.0784011804177589,-0.0015907518898223005,0.0009302379208816,0.0009098417215724,-2.0396199309200003e-05,-2.0396199309200003e-05,-0.0015907518898223005,False,False
e2562928-63eb-5b52-9e4c-94f8ddca3e11,24,7,chelsea,3d33e637-0658-5cc2-964e-b281c5cdf9fc,Marc Cucurella Saseta,DEF,LB,0,45.0,0.8631707397103472,77.35052014629801,1.0,LB,4-2-3-1,0.0,0.8631707397103472,32.35052014629801,32.35052014629801,HIGH_PSTART_DID_NOT_START,0.8553561129151684,76.67514281836216,6.989333333333334,6.759166666666666,0.2301666666666673,-0.1914285714285712,0.4533341128270671,0.3658393970599751,-0.249836195992251,0.0072228680600672,1.0,LB,4-2-3-1,32.35052014629801,31.67514281836216,-0.6753773279358484,0.8631707397103472,0.8553561129151684,-0.007814626795178747,-0.007814626795178747,-0.6753773279358484,True,False
e2562928-63eb-5b52-9e4c-94f8ddca3e11,24,7,chelsea,6538c4ff-2308-56ae-85e7-392fba76d555,Marc Guiu Paz,FWD,ST,0,0.0,0.0192118397698202,2.9695420823624064,0.0,UNKNOWN,UNKNOWN,0.0,0.0192118397698202,2.9695420823624064,2.9695420823624064,OK,0.0187981470840973,2.9391598341405896,6.656666666666666,6.433333333333334,0.2233333333333327,-1.8357142857142863,-0.9913776322022392,0.3559339366937938,-0.9851468778487694,0.0,20.0,UNKNOWN,UNKNOWN,2.9695420823624064,2.9391598341405896,-0.030382248221816788,0.0192118397698202,0.0187981470840973,-0.00041369268572289883,-0.00041369268572289883,-0.030382248221816788,True,False
e2562928-63eb-5b52-9e4c-94f8ddca3e11,24,7,chelsea,dc638cac-db3d-56dd-9d2a-a3a75b54c5b5,Max Merrick,GK,UNKNOWN,0,0.0,0.000834547336372,0.0735269960535053,0.0,UNKNOWN,UNKNOWN,0.0,0.000834547336372,0.0735269960535053,0.0735269960535053,OK,0.0008162475143621,0.0720997643169046,0.0,0.0,0.0,0.0,0.0,0.0,0.0,0.0,0.0,UNKNOWN,UNKNOWN,0.0735269960535053,0.0720997643169046,-0.0014272317366006981,0.000834547336372,0.0008162475143621,-1.8299822009899976e-05,-1.8299822009899976e-05,-0.0014272317366006981,False,False
e2562928-63eb-5b52-9e4c-94f8ddca3e11,24,7,chelsea,f1c0774d-5c89-577b-bdf9-fe6b58ed1b6e,Mike Penders,GK,UNKNOWN,0,0.0,0.000834547336372,0.0727636061082853,0.0,UNKNOWN,UNKNOWN,0.0,0.000834547336372,0.0727636061082853,0.0727636061082853,OK,0.0008162475143621,0.0713363603169222,0.0,0.0,0.0,0.0,0.0,0.0,0.0,0.0,0.0,UNKNOWN,UNKNOWN,0.0727636061082853,0.0713363603169222,-0.0014272457913631076,0.000834547336372,0.0008162475143621,-1.8299822009899976e-05,-1.8299822009899976e-05,-0.0014272457913631076,False,False
e2562928-63eb-5b52-9e4c-94f8ddca3e11,24,7,chelsea,c92d55cb-06d1-553d-aad7-f64c0de898a5,Moisés Caicedo Corozo,MID,LDM,1,90.0,0.843149937119471,63.3671754375619,1.0,RDM,4-2-3-1,1.0,0.156850062880529,-26.632824562438103,26.632824562438103,OK,0.839979134224274,63.15085051176507,7.263333333333334,7.373333333333332,-0.1099999999999985,-0.9071428571428576,-0.9366475432418871,-0.1813065654017693,-0.8365365905195881,0.0009146208017897,20.0,RDM,4-2-3-1,26.632824562438103,26.84914948823493,0.21632492579682605,0.15685006288052905,0.16002086577572605,0.003170802895197,-0.003170802895197,-0.21632492579682605,False,True
e2562928-63eb-5b52-9e4c-94f8ddca3e11,24,7,chelsea,7ad17b55-f67d-5f9d-9f04-df4f76c1e314,Mykhailo Mudryk,MID,UNKNOWN,0,0.0,0.0009364200172035,0.0810147889431315,0.0,UNKNOWN,UNKNOWN,0.0,0.0009364200172035,0.0810147889431315,0.0810147889431315,OK,0.0009158883948237,0.0794134861681019,0.0,0.0,0.0,0.0,0.0,0.0,0.0,0.0,0.0,UNKNOWN,UNKNOWN,0.0810147889431315,0.0794134861681019,-0.001601302775029595,0.0009364200172035,0.0009158883948237,-2.0531622379799997e-05,-2.0531622379799997e-05,-0.001601302775029595,False,False
e2562928-63eb-5b52-9e4c-94f8ddca3e11,24,7,chelsea,14394b8e-b6dc-52d7-8711-db31e2d5afc5,Nicolas Jackson,FWD,UNKNOWN,0,0.0,0.0008836192194687,0.0765119981523236,0.0,UNKNOWN,UNKNOWN,0.0,0.0008836192194687,0.0765119981523236,0.0765119981523236,OK,0.0008642442877055,0.0750009005406942,0.0,0.0,0.0,0.0,0.0,0.0,0.0,0.0,0.0,UNKNOWN,UNKNOWN,0.0765119981523236,0.0750009005406942,-0.0015110976116294028,0.0008836192194687,0.0008642442877055,-1.937493176320008e-05,-1.937493176320008e-05,-0.0015110976116294028,False,False
e2562928-63eb-5b52-9e4c-94f8ddca3e11,24,7,chelsea,653dcb32-98a1-5bdb-afc4-4dcee772c921,Pedro Lomba Neto,MID,RAM,0,64.0,0.6723705511344149,61.19465896027585,1.0,RAM,4-2-3-1,0.0,0.6723705511344149,-2.805341039724148,2.805341039724148,MAP_XI_FALSE_POSITIVE,0.6609825635486232,60.7157885499031,6.61,6.901666666666667,-0.2916666666666669,-0.685714285714285,-0.7770090147802291,-0.4511244243178434,-0.723182910710914,-0.0093518048811979,3.0,RAM,4-2-3-1,2.805341039724148,3.2842114500968975,0.4788704103727497,0.6723705511344149,0.6609825635486232,-0.011387987585791737,-0.011387987585791737,-0.4788704103727497,False,True
e2562928-63eb-5b52-9e4c-94f8ddca3e11,24,7,chelsea,3655e646-d6d9-51ce-a14d-bed863d96c3c,Reece James,DEF,RB,0,9.0,0.8581954869529315,71.8926002078968,1.0,RB,4-2-3-1,0.0,0.8581954869529315,62.892600207896805,62.892600207896805,HIGH_PSTART_DID_NOT_START,0.8524677435231824,71.54776759602855,7.098,7.288333333333334,-0.1903333333333341,-0.0599999999999996,-0.9629927300067672,-0.3069930845794927,-0.0798297691111308,0.0059101135163297,20.0,RB,4-2-3-1,62.892600207896805,62.54776759602855,-0.34483261186825587,0.8581954869529315,0.8524677435231824,-0.0057277434297490215,-0.0057277434297490215,-0.34483261186825587,True,False
e2562928-63eb-5b52-9e4c-94f8ddca3e11,24,7,chelsea,412fc00b-6fb5-5606-bb30-04e075a83220,Robert Sánchez,GK,GK,1,90.0,0.9261156021430896,83.38615551928541,1.0,GK,4-2-3-1,1.0,0.0738843978569104,-6.61384448071459,6.61384448071459,OK,0.94187559580762,84.7969289723535,7.225333333333333,7.244166666666666,-0.0188333333333323,-0.7614285714285716,0.7960656284325353,-0.0313785841865706,-0.7679198639826659,0.0086561205207247,1.0,GK,4-2-3-1,6.61384448071459,5.2030710276465015,-1.4107734530680887,0.07388439785691037,0.058124404192379964,-0.015759993664530403,0.015759993664530403,1.4107734530680887,True,False
e2562928-63eb-5b52-9e4c-94f8ddca3e11,24,7,chelsea,f8666db2-925c-5357-81ba-263e71b165b3,Roméo Lavia,MID,LDM,0,0.0,0.0139916545222431,0.8588022594741247,0.0,UNKNOWN,UNKNOWN,0.0,0.0139916545222431,0.8588022594741247,0.8588022594741247,OK,0.0136888003475153,0.8452442134308935,6.338666666666667,6.605,-0.2663333333333337,-0.6185714285714283,-0.997004290017435,-0.4168627422435517,-0.6776533630683255,0.0,20.0,UNKNOWN,UNKNOWN,0.8588022594741247,0.8452442134308935,-0.013558046043231187,0.0139916545222431,0.0136888003475153,-0.0003028541747277999,-0.0003028541747277999,-0.013558046043231187,True,False
e2562928-63eb-5b52-9e4c-94f8ddca3e11,24,7,chelsea,0bbf4c7c-2ef0-50b5-9f1d-7be9fb72ecfd,Teddy Sharman-Lowe,GK,UNKNOWN,0,0.0,0.000834547336372,0.0743224067533096,0.0,UNKNOWN,UNKNOWN,0.0,0.000834547336372,0.0743224067533096,0.0743224067533096,OK,0.0008162475143621,0.0728951895758641,0.0,0.0,0.0,0.0,0.0,0.0,0.0,0.0,0.0,UNKNOWN,UNKNOWN,0.0743224067533096,0.0728951895758641,-0.0014272171774454973,0.000834547336372,0.0008162475143621,-1.8299822009899976e-05,-1.8299822009899976e-05,-0.0014272171774454973,False,False
e2562928-63eb-5b52-9e4c-94f8ddca3e11,24,7,chelsea,1cc11978-28c5-57b6-a8a3-ba979d1349e4,Tosin Adarabioyo,DEF,LCB,0,0.0,0.0873733334908118,5.682781966107595,0.0,UNKNOWN,UNKNOWN,0.0,0.0873733334908118,5.682781966107595,5.682781966107595,OK,0.0856200338880402,5.577597566436655,7.594666666666668,6.733333333333333,0.8613333333333344,0.2042857142857137,0.9276277346573868,0.8927994791866907,0.2658389223784281,0.0,20.0,UNKNOWN,UNKNOWN,5.682781966107595,5.577597566436655,-0.10518439967094029,0.0873733334908118,0.0856200338880402,-0.0017532996027716102,-0.0017532996027716102,-0.10518439967094029,True,False
e2562928-63eb-5b52-9e4c-94f8ddca3e11,24,7,chelsea,fbe43cca-fb14-5420-94d6-3e253d5e57f2,Trevoh Chalobah,DEF,LCB,1,90.0,0.9337227743385734,84.05713448312854,1.0,RCB,4-2-3-1,1.0,0.0662772256614265,-5.942865516871464,5.942865516871464,OK,0.927376687909726,83.48810134080922,6.693333333333333,6.870833333333333,-0.1774999999999993,-0.6071428571428577,-0.7157564201989217,-0.2874949299576032,-0.6693274859077087,-0.0101688447405802,3.0,RCB,4-2-3-1,5.942865516871464,6.511898659190777,0.5690331423193129,0.06627722566142658,0.07262331209027395,0.006346086428847375,-0.006346086428847375,-0.5690331423193129,False,True
e2562928-63eb-5b52-9e4c-94f8ddca3e11,24,7,chelsea,3c785544-9ef9-55d3-b726-bcbf136d1d05,Tyrique George,MID,UNKNOWN,0,0.0,0.0074430594456757,0.6862495441688109,0.0,UNKNOWN,UNKNOWN,0.0,0.0074430594456757,0.6862495441688109,0.6862495441688109,OK,0.0072809051754419,0.6736187766260755,6.466666666666667,6.514,-0.0473333333333334,-0.4857142857142849,0.0,0.0,0.0,0.0,0.0,UNKNOWN,UNKNOWN,0.6862495441688109,0.6736187766260755,-0.0126307675427354,0.0074430594456757,0.0072809051754419,-0.00016215427023379917,-0.00016215427023379917,-0.0126307675427354,True,False
e2562928-63eb-5b52-9e4c-94f8ddca3e11,24,7,chelsea,ec2bf467-94f7-5b79-97a2-3632c0d199a8,Wesley Fofana,DEF,RCB,0,45.0,0.4581391170505923,47.76433715987101,0.0,UNKNOWN,UNKNOWN,0.0,0.4581391170505923,2.764337159871012,2.764337159871012,OK,0.4526358031098986,47.335378061534456,7.080666666666668,7.293333333333334,-0.2126666666666663,0.1485714285714285,-0.9650340076511902,-0.3403111968045209,0.1955440759149922,0.0,20.0,UNKNOWN,UNKNOWN,2.764337159871012,2.335378061534456,-0.42895909833655566,0.4581391170505923,0.4526358031098986,-0.005503313940693699,-0.005503313940693699,-0.42895909833655566,True,False
f5b8d4db-d7b4-5da2-a157-94fd8af41961,25,7,chelsea,c501a519-9def-5d4f-8667-f326dd161177,Aaron Anselmino,DEF,UNKNOWN,0,0.0,0.0011279104929109,0.0953090606518122,0.0,UNKNOWN,UNKNOWN,0.0,0.0011279104929109,0.0953090606518122,0.0953090606518122,OK,0.0011244889113925,0.095042202308809,0.0,0.0,0.0,0.0,0.0,0.0,0.0,0.0,0.0,UNKNOWN,UNKNOWN,0.0953090606518122,0.095042202308809,-0.000266858343003204,0.0011279104929109,0.0011244889113925,-3.4215815184000364e-06,-3.4215815184000364e-06,-0.000266858343003204,False,False
f5b8d4db-d7b4-5da2-a157-94fd8af41961,25,7,chelsea,4ef46620-e339-50a5-9169-d9c6d85f3a47,Alejandro Garnacho,MID,LAM,0,29.0,0.233930101526627,12.513930636001716,1.0,LAM,4-2-3-1,0.0,0.233930101526627,-16.486069363998283,16.486069363998283,MAP_XI_FALSE_POSITIVE,0.2566934451570183,13.483586830202311,6.348,7.047499999999999,-0.6994999999999996,-0.4671428571428571,-0.953290967046046,-0.8229318440024855,-0.5531142038743404,-0.0110912561063011,20.0,LAM,4-2-3-1,16.486069363998283,15.516413169797689,-0.9696561942005939,0.233930101526627,0.2566934451570183,0.022763343630391314,0.022763343630391314,0.9696561942005957,True,False
f5b8d4db-d7b4-5da2-a157-94fd8af41961,25,7,chelsea,762fd3f4-3f85-52c7-b5be-8c0c563cf25f,Andrey Nascimento dos Santos,MID,RDM,1,83.0,0.1964586391827345,25.140097949608997,0.0,UNKNOWN,UNKNOWN,1.0,0.8035413608172655,-57.85990205039101,57.85990205039101,LOW_PSTART_STARTED,0.1959789284325729,25.101876892616943,6.634,6.995,-0.3610000000000006,-0.1585714285714292,-0.8831708889152077,-0.5382344682540401,-0.2083334730142737,0.0,20.0,UNKNOWN,UNKNOWN,57.859902050391,57.89812310738306,0.038221056992057356,0.8035413608172655,0.8040210715674271,0.00047971075016162157,-0.00047971075016162157,-0.0382210569920538,False,True
f5b8d4db-d7b4-5da2-a157-94fd8af41961,25,7,chelsea,4dc8670b-9980-5a26-9e9d-c98c1f9bb333,Benoît Badiashile,DEF,LCB,0,0.0,0.2636907406113178,14.795665821733714,0.0,UNKNOWN,UNKNOWN,0.0,0.2636907406113178,14.795665821733714,14.795665821733714,OK,0.2631006156806141,14.767700446258518,6.779333333333333,6.722,0.0573333333333332,-0.8342857142857145,-0.8170165650238953,0.0952657789402258,-0.8049024094456846,0.0,20.0,UNKNOWN,UNKNOWN,14.795665821733714,14.767700446258518,-0.02796537547519584,0.2636907406113178,0.2631006156806141,-0.000590124930703706,-0.000590124930703706,-0.02796537547519584,True,False
f5b8d4db-d7b4-5da2-a157-94fd8af41961,25,7,chelsea,895b3f1f-0f9e-528b-86a3-7a7cba558310,Christopher Nkunku,MID,UNKNOWN,0,0.0,0.0011354047719137,0.0964266803658301,0.0,UNKNOWN,UNKNOWN,0.0,0.0011354047719137,0.0964266803658301,0.0964266803658301,OK,0.0011319604818312,0.0961580527544933,0.0,0.0,0.0,0.0,0.0,0.0,0.0,0.0,0.0,UNKNOWN,UNKNOWN,0.0964266803658301,0.0961580527544933,-0.000268627611336808,0.0011354047719137,0.0011319604818312,-3.444290082500138e-06,-3.444290082500138e-06,-0.000268627611336808,False,False
f5b8d4db-d7b4-5da2-a157-94fd8af41961,25,7,chelsea,481b07c4-b805-52cf-a0ee-593af134790d,Cole Palmer,MID,CAM,1,60.0,0.8419704786874492,76.55141749684454,1.0,CAM,4-2-3-1,1.0,0.1580295213125507,16.551417496844536,16.551417496844536,OK,0.8379962991440506,76.21384448162421,6.741333333333333,6.858333333333333,-0.1169999999999999,-1.502857142857143,-0.8370124765273212,-0.1925653985935756,-0.9642957399645954,-0.0137725806677522,20.0,CAM,4-2-3-1,16.551417496844536,16.213844481624207,-0.3375730152203289,0.15802952131255077,0.1620037008559494,0.003974179543398626,-0.003974179543398626,-0.3375730152203289,True,False
f5b8d4db-d7b4-5da2-a157-94fd8af41961,25,7,chelsea,1cbf9470-32ae-558b-85b7-1337e7cc76f0,Dário Luís Essugo,MID,UNKNOWN,0,0.0,0.0011354047719137,0.0964266803658301,0.0,UNKNOWN,UNKNOWN,0.0,0.0011354047719137,0.0964266803658301,0.0964266803658301,OK,0.0011319604818312,0.0961580527544933,0.0,0.0,0.0,0.0,0.0,0.0,0.0,0.0,0.0,UNKNOWN,UNKNOWN,0.0964266803658301,0.0961580527544933,-0.000268627611336808,0.0011354047719137,0.0011319604818312,-3.444290082500138e-06,-3.444290082500138e-06,-0.000268627611336808,False,False
f5b8d4db-d7b4-5da2-a157-94fd8af41961,25,7,chelsea,5b51fc3a-1f45-56e1-9ecc-0bda87474227,Enzo Fernández,MID,LDM,1,90.0,0.9130172014219124,84.00224293793849,1.0,LDM,4-2-3-1,1.0,0.0869827985780875,-5.99775706206151,5.99775706206151,OK,0.9043639613622194,83.41626648686105,7.468,7.212499999999999,0.2555000000000005,-1.2385714285714284,0.8370124765273212,0.4018332938603048,-0.9290533951403848,0.0092689233812188,4.0,LDM,4-2-3-1,5.99775706206151,6.583733513138952,0.5859764510774426,0.08698279857808755,0.09563603863778058,0.008653240059693035,-0.008653240059693035,-0.5859764510774426,False,True
f5b8d4db-d7b4-5da2-a157-94fd8af41961,25,7,chelsea,9b51b592-7b40-53df-a62d-6af0afa0bb0e,Estêvão Almeida de Oliveira Gonçalves,MID,RAM,0,0.0,0.2794541951423528,22.817961500961214,0.0,UNKNOWN,UNKNOWN,0.0,0.2794541951423528,22.817961500961214,22.817961500961214,OK,0.278842152253594,22.775370421396985,6.274000000000001,6.895833333333333,-0.6218333333333321,-1.20857142857143,-0.9633142186045134,-0.7764580636275993,-0.9233708587552432,0.0,20.0,UNKNOWN,UNKNOWN,22.817961500961214,22.775370421396985,-0.042591079564228806,0.2794541951423528,0.278842152253594,-0.0006120428887588236,-0.0006120428887588236,-0.042591079564228806,True,False
f5b8d4db-d7b4-5da2-a157-94fd8af41961,25,7,chelsea,d7143aed-fcb8-5af3-8721-72433dd889d7,Filip Jørgensen,GK,GK,0,0.0,0.0352272348282606,3.7070005536763366,0.0,UNKNOWN,UNKNOWN,0.0,0.0352272348282606,3.7070005536763366,3.7070005536763366,OK,0.0351240083898187,3.69776753834106,6.572666666666667,6.23,0.3426666666666662,-0.8414285714285716,-0.4577368024916317,0.5161748160267823,-0.8082304362020013,0.0,1.0,UNKNOWN,UNKNOWN,3.7070005536763366,3.69776753834106,-0.00923301533527665,0.0352272348282606,0.0351240083898187,-0.00010322643844189877,-0.00010322643844189877,-0.00923301533527665,False,False
f5b8d4db-d7b4-5da2-a157-94fd8af41961,25,7,chelsea,9d723959-80a6-5a8b-a21b-2cca95b2ab7c,Gabriel Słonina,GK,UNKNOWN,0,0.0,0.0010119065615774,0.0864928799102071,0.0,UNKNOWN,UNKNOWN,0.0,0.0010119065615774,0.0864928799102071,0.0864928799102071,OK,0.0010088365292585,0.0862534405012683,0.0,0.0,0.0,0.0,0.0,0.0,0.0,0.0,0.0,UNKNOWN,UNKNOWN,0.0864928799102071,0.0862534405012683,-0.00023943940893879356,0.0010119065615774,0.0010088365292585,-3.070032318899926e-06,-3.070032318899926e-06,-0.00023943940893879356,False,False
f5b8d4db-d7b4-5da2-a157-94fd8af41961,25,7,chelsea,102260dc-086e-540f-ac1b-5c571502d8d4,Jamie Bynoe-Gittens,MID,LAM,0,0.0,0.0614297951121569,6.820739025075656,0.0,UNKNOWN,UNKNOWN,0.0,0.0614297951121569,6.820739025075656,6.820739025075656,OK,0.06125466220829,6.817346707560539,6.06,6.887499999999999,-0.8274999999999997,0.0857142857142863,-0.981853917912578,-0.8807645269459439,0.1137907297100765,0.0,20.0,UNKNOWN,UNKNOWN,6.820739025075656,6.817346707560539,-0.003392317515117149,0.0614297951121569,0.06125466220829,-0.00017513290386689945,-0.00017513290386689945,-0.003392317515117149,False,False
f5b8d4db-d7b4-5da2-a157-94fd8af41961,25,7,chelsea,932d386d-f372-53de-a37f-381a73a67e07,Jorrel Hato,DEF,LB,0,6.0,0.0990960066672473,10.953467586727175,0.0,UNKNOWN,UNKNOWN,0.0,0.0990960066672473,4.953467586727175,4.953467586727175,OK,0.0988247963067762,10.943218055521992,6.575333333333333,6.861666666666667,-0.2863333333333342,-0.4828571428571431,-0.9029150220787888,-0.444016225431664,-0.5674878312887384,0.0,20.0,UNKNOWN,UNKNOWN,4.953467586727175,4.943218055521992,-0.010249531205182905,0.0990960066672473,0.0988247963067762,-0.00027121036047110525,-0.00027121036047110525,-0.010249531205182905,True,False
f5b8d4db-d7b4-5da2-a157-94fd8af41961,25,7,chelsea,9998e641-8e7f-5837-8d46-ad335b484a00,Josh Acheampong,DEF,RB,0,15.0,0.1072515769217344,8.674078528878965,0.0,UNKNOWN,UNKNOWN,0.0,0.1072515769217344,-6.325921471121035,6.325921471121035,OK,0.1069606960598608,8.657571689153894,6.727333333333333,6.812,-0.0846666666666671,-1.0442857142857136,-0.8438636635287766,-0.1401818938270597,-0.883693620117888,0.0,20.0,UNKNOWN,UNKNOWN,6.325921471121035,6.342428310846106,0.016506839725071387,0.1072515769217344,0.1069606960598608,-0.00029088086187359363,-0.00029088086187359363,-0.016506839725071387,False,True
f5b8d4db-d7b4-5da2-a157-94fd8af41961,25,7,chelsea,4448091c-aeb7-5ab3-a537-b2b547480e63,João Pedro Junqueira de Jesus,FWD,ST,1,74.0,0.8481454300357163,75.42821559832792,1.0,ST,4-2-3-1,1.0,0.1518545699642837,1.428215598327924,1.428215598327924,OK,0.8401187669179593,75.0372563591175,7.208666666666667,6.840833333333333,0.3678333333333334,-2.3114285714285723,0.9150597110836992,0.5462744061193022,-0.99580039310447,0.0125119084677517,20.0,ST,4-2-3-1,1.4282155983279239,1.0372563591175066,-0.3909592392104173,0.1518545699642837,0.15988123308204072,0.008026663117757016,-0.008026663117757016,-0.3909592392104173,True,False
f5b8d4db-d7b4-5da2-a157-94fd8af41961,25,7,chelsea,877d9c71-fd12-5aab-8c4b-9df2eb81bbf0,Kendry Páez Andrade,MID,UNKNOWN,0,0.0,0.0011354047719137,0.0964266803658301,0.0,UNKNOWN,UNKNOWN,0.0,0.0011354047719137,0.0964266803658301,0.0964266803658301,OK,0.0011319604818312,0.0961580527544933,0.0,0.0,0.0,0.0,0.0,0.0,0.0,0.0,0.0,UNKNOWN,UNKNOWN,0.0964266803658301,0.0961580527544933,-0.000268627611336808,0.0011354047719137,0.0011319604818312,-3.444290082500138e-06,-3.444290082500138e-06,-0.000268627611336808,False,False
f5b8d4db-d7b4-5da2-a157-94fd8af41961,25,7,chelsea,64e1d98b-b70a-5d8f-a6fe-c77a7ea90c46,Landon Emenalo,MID,UNKNOWN,0,0.0,0.0011354047719137,0.0964266803658301,0.0,UNKNOWN,UNKNOWN,0.0,0.0011354047719137,0.0964266803658301,0.0964266803658301,OK,0.0011319604818312,0.0961580527544933,0.0,0.0,0.0,0.0,0.0,0.0,0.0,0.0,0.0,UNKNOWN,UNKNOWN,0.0964266803658301,0.0961580527544933,-0.000268627611336808,0.0011354047719137,0.0011319604818312,-3.444290082500138e-06,-3.444290082500138e-06,-0.000268627611336808,False,False
f5b8d4db-d7b4-5da2-a157-94fd8af41961,25,7,chelsea,46f70fd6-45f6-55b9-884d-24feb13db9c3,Levi Colwill,DEF,UNKNOWN,0,0.0,0.0011279104929109,0.0953090606518122,0.0,UNKNOWN,UNKNOWN,0.0,0.0011279104929109,0.0953090606518122,0.0953090606518122,OK,0.0011244889113925,0.095042202308809,0.0,0.0,0.0,0.0,0.0,0.0,0.0,0.0,0.0,UNKNOWN,UNKNOWN,0.0953090606518122,0.095042202308809,-0.000266858343003204,0.0011279104929109,0.0011244889113925,-3.4215815184000364e-06,-3.4215815184000364e-06,-0.000266858343003204,False,False
f5b8d4db-d7b4-5da2-a157-94fd8af41961,25,7,chelsea,8b1af3a3-b391-5111-954e-dbda5d6d12a5,Liam Delap,FWD,ST,0,15.0,0.5822007425463075,56.99982293932663,0.0,UNKNOWN,UNKNOWN,0.0,0.5822007425463075,41.99982293932663,41.99982293932663,MINUTE_ERROR_30PLUS,0.5814607116100369,56.94137122550535,6.307333333333333,6.385833333333333,-0.0785,-1.2800000000000002,-0.9590911245239772,-0.1300919023194687,-0.9362372926281048,0.0,20.0,UNKNOWN,UNKNOWN,41.99982293932663,41.94137122550535,-0.05845171382127745,0.5822007425463075,0.5814607116100369,-0.0007400309362706192,-0.0007400309362706192,-0.05845171382127745,True,False
f5b8d4db-d7b4-5da2-a157-94fd8af41961,25,7,chelsea,972fc541-f01f-51fc-b746-5238f72285d7,Malo Gusto,DEF,RB,1,74.0,0.7569046890371637,63.104749881110045,1.0,RB,4-2-3-1,1.0,0.2430953109628363,-10.895250118889956,10.895250118889956,OK,0.7520553335054675,62.7678327449872,6.39,6.960000000000001,-0.5700000000000012,-0.2142857142857144,-0.9464597266625452,-0.7397830512740051,-0.2781854903257025,-0.0150121571801276,20.0,RB,4-2-3-1,10.895250118889955,11.232167255012797,0.33691713612284246,0.24309531096283632,0.2479446664945325,0.004849355531696187,-0.004849355531696187,-0.33691713612284246,False,True
f5b8d4db-d7b4-5da2-a157-94fd8af41961,25,7,chelsea,c1d2c6e2-92b5-5eb7-abc2-bfb9ba6fffa1,Mamadou Sarr,DEF,UNKNOWN,0,0.0,0.0011279104929109,0.0953090606518122,0.0,UNKNOWN,UNKNOWN,0.0,0.0011279104929109,0.0953090606518122,0.0953090606518122,OK,0.0011244889113925,0.095042202308809,0.0,0.0,0.0,0.0,0.0,0.0,0.0,0.0,0.0,UNKNOWN,UNKNOWN,0.0953090606518122,0.095042202308809,-0.000266858343003204,0.0011279104929109,0.0011244889113925,-3.4215815184000364e-06,-3.4215815184000364e-06,-0.000266858343003204,False,False
f5b8d4db-d7b4-5da2-a157-94fd8af41961,25,7,chelsea,3d33e637-0658-5cc2-964e-b281c5cdf9fc,Marc Cucurella Saseta,DEF,LB,1,90.0,0.8828066561084045,81.36509405575325,1.0,LB,4-2-3-1,1.0,0.1171933438915955,-8.634905944246754,8.634905944246754,OK,0.877617574674789,81.01924492618402,7.245999999999999,6.673333333333333,0.5726666666666667,-0.7842857142857138,0.924624218982788,0.741788537678932,-0.7801345714201584,0.0137314325638345,20.0,LB,4-2-3-1,8.634905944246754,8.980755073815985,0.3458491295692312,0.11719334389159553,0.12238242532521104,0.005189081433615517,-0.005189081433615517,-0.3458491295692312,False,True
f5b8d4db-d7b4-5da2-a157-94fd8af41961,25,7,chelsea,6538c4ff-2308-56ae-85e7-392fba76d555,Marc Guiu Paz,FWD,ST,0,0.0,0.0170269538063064,2.3294631360404043,0.0,UNKNOWN,UNKNOWN,0.0,0.0170269538063064,2.3294631360404043,2.3294631360404043,OK,0.016976121254258,2.3257050836801514,6.656666666666666,6.433333333333334,0.2233333333333327,-1.8357142857142863,-0.8745767832178859,0.3559339366937938,-0.9851468778487694,0.0,20.0,UNKNOWN,UNKNOWN,2.3294631360404043,2.3257050836801514,-0.0037580523602529503,0.0170269538063064,0.016976121254258,-5.08325520484007e-05,-5.08325520484007e-05,-0.0037580523602529503,False,False
f5b8d4db-d7b4-5da2-a157-94fd8af41961,25,7,chelsea,dc638cac-db3d-56dd-9d2a-a3a75b54c5b5,Max Merrick,GK,UNKNOWN,0,0.0,0.0010119065615774,0.0869966252152935,0.0,UNKNOWN,UNKNOWN,0.0,0.0010119065615774,0.0869966252152935,0.0869966252152935,OK,0.0010088365292585,0.0867571874290662,0.0,0.0,0.0,0.0,0.0,0.0,0.0,0.0,0.0,UNKNOWN,UNKNOWN,0.0869966252152935,0.0867571874290662,-0.0002394377862273006,0.0010119065615774,0.0010088365292585,-3.070032318899926e-06,-3.070032318899926e-06,-0.0002394377862273006,False,False
f5b8d4db-d7b4-5da2-a157-94fd8af41961,25,7,chelsea,f1c0774d-5c89-577b-bdf9-fe6b58ed1b6e,Mike Penders,GK,UNKNOWN,0,0.0,0.0010119065615774,0.0864928799102071,0.0,UNKNOWN,UNKNOWN,0.0,0.0010119065615774,0.0864928799102071,0.0864928799102071,OK,0.0010088365292585,0.0862534405012683,0.0,0.0,0.0,0.0,0.0,0.0,0.0,0.0,0.0,UNKNOWN,UNKNOWN,0.0864928799102071,0.0862534405012683,-0.00023943940893879356,0.0010119065615774,0.0010088365292585,-3.070032318899926e-06,-3.070032318899926e-06,-0.00023943940893879356,False,False
f5b8d4db-d7b4-5da2-a157-94fd8af41961,25,7,chelsea,c92d55cb-06d1-553d-aad7-f64c0de898a5,Moisés Caicedo Corozo,MID,LDM,1,90.0,0.8867173716664146,78.8146204658734,1.0,RDM,4-2-3-1,1.0,0.1132826283335853,-11.185379534126596,11.185379534126596,OK,0.8822685726687622,78.447916400238,6.946,7.515833333333334,-0.5698333333333343,-0.3985714285714286,-0.7013741309383127,-0.7396572695860711,-0.4864723406126876,-0.0078958742386557,20.0,RDM,4-2-3-1,11.185379534126596,11.552083599762,0.36670406563540325,0.11328262833358538,0.11773142733123776,0.004448798997652381,-0.004448798997652381,-0.36670406563540325,False,True
f5b8d4db-d7b4-5da2-a157-94fd8af41961,25,7,chelsea,7ad17b55-f67d-5f9d-9f04-df4f76c1e314,Mykhailo Mudryk,MID,UNKNOWN,0,0.0,0.0011354047719137,0.0964266803658301,0.0,UNKNOWN,UNKNOWN,0.0,0.0011354047719137,0.0964266803658301,0.0964266803658301,OK,0.0011319604818312,0.0961580527544933,0.0,0.0,0.0,0.0,0.0,0.0,0.0,0.0,0.0,UNKNOWN,UNKNOWN,0.0964266803658301,0.0961580527544933,-0.000268627611336808,0.0011354047719137,0.0011319604818312,-3.444290082500138e-06,-3.444290082500138e-06,-0.000268627611336808,False,False
f5b8d4db-d7b4-5da2-a157-94fd8af41961,25,7,chelsea,14394b8e-b6dc-52d7-8711-db31e2d5afc5,Nicolas Jackson,FWD,UNKNOWN,0,0.0,0.0010713960905782,0.0910550148996901,0.0,UNKNOWN,UNKNOWN,0.0,0.0010713960905782,0.0910550148996901,0.0910550148996901,OK,0.0010681457654286,0.0908015137799264,0.0,0.0,0.0,0.0,0.0,0.0,0.0,0.0,0.0,UNKNOWN,UNKNOWN,0.0910550148996901,0.0908015137799264,-0.00025350111976370215,0.0010713960905782,0.0010681457654286,-3.2503251495999506e-06,-3.2503251495999506e-06,-0.00025350111976370215,False,False
f5b8d4db-d7b4-5da2-a157-94fd8af41961,25,7,chelsea,653dcb32-98a1-5bdb-afc4-4dcee772c921,Pedro Lomba Neto,MID,RAM,1,90.0,0.8743594129295037,71.09251190759745,1.0,RAM,4-2-3-1,1.0,0.1256405870704963,-18.907488092402545,18.907488092402545,OK,0.8653118992374917,70.81317194281188,6.64,6.964166666666667,-0.3241666666666676,0.128571428571429,0.544127098853566,-0.4931982053420238,0.1697687794344398,0.0049471988172551,3.0,RAM,4-2-3-1,18.907488092402545,19.186828057188123,0.2793399647855779,0.1256405870704963,0.13468810076250826,0.009047513692011955,-0.009047513692011955,-0.2793399647855779,False,True
f5b8d4db-d7b4-5da2-a157-94fd8af41961,25,7,chelsea,3655e646-d6d9-51ce-a14d-bed863d96c3c,Reece James,DEF,RB,0,0.0,0.4657346914688636,43.84282279575494,0.0,UNKNOWN,UNKNOWN,0.0,0.4657346914688636,43.84282279575494,43.84282279575494,MINUTE_ERROR_30PLUS,0.4649779436747095,43.790999973967054,7.098,7.288333333333334,-0.1903333333333341,-0.0599999999999996,0.8794496387897923,-0.3069930845794927,-0.0798297691111308,0.0,20.0,UNKNOWN,UNKNOWN,43.84282279575494,43.790999973967054,-0.05182282178788711,0.4657346914688636,0.4649779436747095,-0.0007567477941540779,-0.0007567477941540779,-0.05182282178788711,True,False
f5b8d4db-d7b4-5da2-a157-94fd8af41961,25,7,chelsea,412fc00b-6fb5-5606-bb30-04e075a83220,Robert Sánchez,GK,GK,1,90.0,0.937004606204993,84.35756810517589,1.0,GK,4-2-3-1,1.0,0.0629953937950069,-5.642431894824114,5.642431894824114,OK,0.9505324539322022,85.56924335435811,6.869333333333333,7.168333333333333,-0.2990000000000004,0.4942857142857138,0.4577368024916317,-0.4608054019452599,0.5777292584416928,0.0048020099395482,1.0,GK,4-2-3-1,5.642431894824114,4.4307566456418925,-1.2116752491822211,0.06299539379500696,0.049467546067797796,-0.013527847727209164,0.013527847727209164,1.2116752491822211,True,False
f5b8d4db-d7b4-5da2-a157-94fd8af41961,25,7,chelsea,f8666db2-925c-5357-81ba-263e71b165b3,Roméo Lavia,MID,LDM,0,0.0,0.0166465563518932,0.9465079475268549,0.0,UNKNOWN,UNKNOWN,0.0,0.0166465563518932,0.9465079475268549,0.9465079475268549,OK,0.0165968402701494,0.9442807040450932,6.338666666666667,6.605,-0.2663333333333337,-0.6185714285714283,-0.9546893495173888,-0.4168627422435517,-0.6776533630683255,0.0,20.0,UNKNOWN,UNKNOWN,0.9465079475268549,0.9442807040450932,-0.0022272434817616205,0.0166465563518932,0.0165968402701494,-4.971608174379749e-05,-4.971608174379749e-05,-0.0022272434817616205,False,False
f5b8d4db-d7b4-5da2-a157-94fd8af41961,25,7,chelsea,0bbf4c7c-2ef0-50b5-9f1d-7be9fb72ecfd,Teddy Sharman-Lowe,GK,UNKNOWN,0,0.0,0.0010119065615774,0.0877625940637392,0.0,UNKNOWN,UNKNOWN,0.0,0.0010119065615774,0.0877625940637392,0.0877625940637392,OK,0.0010088365292585,0.0875231586225957,0.0,0.0,0.0,0.0,0.0,0.0,0.0,0.0,0.0,UNKNOWN,UNKNOWN,0.0877625940637392,0.0875231586225957,-0.0002394354411434929,0.0010119065615774,0.0010088365292585,-3.070032318899926e-06,-3.070032318899926e-06,-0.0002394354411434929,False,False
f5b8d4db-d7b4-5da2-a157-94fd8af41961,25,7,chelsea,1cc11978-28c5-57b6-a8a3-ba979d1349e4,Tosin Adarabioyo,DEF,LCB,0,0.0,0.0556229574985117,3.545021332108709,0.0,UNKNOWN,UNKNOWN,0.0,0.0556229574985117,3.545021332108709,3.545021332108709,OK,0.0554634012722392,3.5354098316121085,7.594666666666668,6.733333333333333,0.8613333333333344,0.2042857142857137,0.9757963227226654,0.8927994791866907,0.2658389223784281,0.0,20.0,UNKNOWN,UNKNOWN,3.545021332108709,3.5354098316121085,-0.009611500496600645,0.0556229574985117,0.0554634012722392,-0.00015955622627249894,-0.00015955622627249894,-0.009611500496600645,False,False
f5b8d4db-d7b4-5da2-a157-94fd8af41961,25,7,chelsea,fbe43cca-fb14-5420-94d6-3e253d5e57f2,Trevoh Chalobah,DEF,RCB,1,90.0,0.9398073432400988,84.6028308924144,1.0,LCB,4-2-3-1,1.0,0.0601926567599012,-5.397169107585597,5.397169107585597,OK,0.9335451305260491,84.04133016059649,6.708666666666667,6.786666666666666,-0.0779999999999994,-0.0185714285714286,-0.4453533173620166,-0.1292725836060573,-0.0247568450663022,-0.0022199471262749,3.0,LCB,4-2-3-1,5.397169107585597,5.9586698394035125,0.5615007318179153,0.06019265675990115,0.06645486947395085,0.0062622127140496975,-0.0062622127140496975,-0.5615007318179153,False,True
f5b8d4db-d7b4-5da2-a157-94fd8af41961,25,7,chelsea,ec2bf467-94f7-5b79-97a2-3632c0d199a8,Wesley Fofana,DEF,RCB,1,90.0,0.691316841327571,69.80505848423873,1.0,RCB,4-2-3-1,1.0,0.308683158672429,-20.194941515761272,20.194941515761272,OK,0.709798924435953,71.01420962084086,6.996,7.222500000000001,-0.2265000000000014,-0.3342857142857145,-0.6565165644253065,-0.3605343933972991,-0.4183697831231483,0.0031501815924734,20.0,RCB,4-2-3-1,20.194941515761272,18.98579037915914,-1.2091511366021308,0.308683158672429,0.29020107556404695,-0.018482083108382064,0.018482083108382064,1.2091511366021308,True,False
112601d1-209f-5611-b63b-01d0992c4ddd,26,7,chelsea,c501a519-9def-5d4f-8667-f326dd161177,Aaron Anselmino,DEF,UNKNOWN,0,0.0,0.0009929055676685,0.0849627268169306,0.0,UNKNOWN,UNKNOWN,0.0,0.0009929055676685,0.0849627268169306,0.0849627268169306,OK,0.0009974390857727,0.0853163070275552,0.0,0.0,0.0,0.0,0.0,0.0,0.0,0.0,0.0,UNKNOWN,UNKNOWN,0.0849627268169306,0.0853163070275552,0.0003535802106246072,0.0009929055676685,0.0009974390857727,4.5335181042000915e-06,4.5335181042000915e-06,0.0003535802106246072,False,False
112601d1-209f-5611-b63b-01d0992c4ddd,26,7,chelsea,4ef46620-e339-50a5-9169-d9c6d85f3a47,Alejandro Garnacho,MID,LAM,0,0.0,0.4020616002235312,26.097459332370583,1.0,LAM,4-2-3-1,0.0,0.4020616002235312,26.097459332370583,26.097459332370583,MAP_XI_FALSE_POSITIVE,0.4203863694766283,26.68124453274355,6.23,7.150833333333332,-0.9208333333333316,-0.064285714285714,-0.9969097714911592,-0.9112292286119944,-0.085504988234638,-0.0145419408088628,20.0,LAM,4-2-3-1,26.097459332370583,26.68124453274355,0.5837852003729651,0.4020616002235312,0.4203863694766283,0.018324769253097062,0.018324769253097062,0.5837852003729651,False,True
112601d1-209f-5611-b63b-01d0992c4ddd,26,7,chelsea,762fd3f4-3f85-52c7-b5be-8c0c563cf25f,Andrey Nascimento dos Santos,MID,RDM,1,78.0,0.5725506719562068,50.97055390722401,0.0,UNKNOWN,UNKNOWN,1.0,0.4274493280437932,-27.02944609277599,27.02944609277599,MAP_XI_FALSE_NEGATIVE,0.5736663127493853,51.05436740983658,6.958,6.824999999999999,0.1330000000000009,0.5828571428571427,0.9045440775229366,0.2181060202015417,0.651063720880201,0.0,20.0,UNKNOWN,UNKNOWN,27.02944609277599,26.94563259016342,-0.08381350261257126,0.4274493280437932,0.4263336872506147,-0.0011156407931784962,0.0011156407931784962,0.08381350261257126,True,False
112601d1-209f-5611-b63b-01d0992c4ddd,26,7,chelsea,4dc8670b-9980-5a26-9e9d-c98c1f9bb333,Benoît Badiashile,DEF,LCB,0,0.0,0.0834926276616188,5.774646072570575,0.0,UNKNOWN,UNKNOWN,0.0,0.0834926276616188,5.774646072570575,5.774646072570575,OK,0.0838422339240436,5.791397096654097,6.779333333333333,6.722,0.0573333333333332,-0.8342857142857145,-0.9808693626558168,0.0952657789402258,-0.8049024094456846,0.0,20.0,UNKNOWN,UNKNOWN,5.774646072570575,5.791397096654097,0.016751024083522026,0.0834926276616188,0.0838422339240436,0.00034960626242479254,0.00034960626242479254,0.016751024083522026,False,True
112601d1-209f-5611-b63b-01d0992c4ddd,26,7,chelsea,895b3f1f-0f9e-528b-86a3-7a7cba558310,Christopher Nkunku,MID,UNKNOWN,0,0.0,0.0009995037186731,0.0860236455363284,0.0,UNKNOWN,UNKNOWN,0.0,0.0009995037186731,0.0860236455363284,0.0860236455363284,OK,0.001004067333066,0.0863795705306005,0.0,0.0,0.0,0.0,0.0,0.0,0.0,0.0,0.0,UNKNOWN,UNKNOWN,0.0860236455363284,0.0863795705306005,0.00035592499427210267,0.0009995037186731,0.001004067333066,4.563614392900017e-06,4.563614392900017e-06,0.00035592499427210267,False,False
112601d1-209f-5611-b63b-01d0992c4ddd,26,7,chelsea,481b07c4-b805-52cf-a0ee-593af134790d,Cole Palmer,MID,CAM,1,90.0,0.8382482852985619,53.83958627925772,1.0,CAM,4-2-3-1,1.0,0.1617517147014381,-36.16041372074229,36.16041372074229,MINUTE_ERROR_30PLUS,0.8342465711752038,53.60897307241969,8.171333333333333,6.982499999999999,1.188833333333334,2.89,0.9982453893308416,0.962688824847086,0.9991007677401892,0.0184470589072738,20.0,CAM,4-2-3-1,36.16041372074228,36.39102692758031,0.23061320683803643,0.16175171470143812,0.16575342882479616,0.0040017141233580356,-0.0040017141233580356,-0.23061320683803643,False,True
112601d1-209f-5611-b63b-01d0992c4ddd,26,7,chelsea,1cbf9470-32ae-558b-85b7-1337e7cc76f0,Dário Luís Essugo,MID,UNKNOWN,0,0.0,0.0009995037186731,0.0860236455363284,0.0,UNKNOWN,UNKNOWN,0.0,0.0009995037186731,0.0860236455363284,0.0860236455363284,OK,0.001004067333066,0.0863795705306005,0.0,0.0,0.0,0.0,0.0,0.0,0.0,0.0,0.0,UNKNOWN,UNKNOWN,0.0860236455363284,0.0863795705306005,0.00035592499427210267,0.0009995037186731,0.001004067333066,4.563614392900017e-06,4.563614392900017e-06,0.00035592499427210267,False,False
112601d1-209f-5611-b63b-01d0992c4ddd,26,7,chelsea,5b51fc3a-1f45-56e1-9ecc-0bda87474227,Enzo Fernández,MID,LDM,1,90.0,0.9036094902496672,83.33071529537469,1.0,LDM,4-2-3-1,1.0,0.0963905097503327,-6.669284704625312,6.669284704625312,OK,0.8957216828613024,82.78597732976023,7.303333333333333,7.284166666666667,0.0191666666666661,-0.2642857142857142,-0.895031788273694,0.031933583001349,-0.3384854017512051,-0.0077719816907707,5.0,LDM,4-2-3-1,6.669284704625312,7.214022670239771,0.5447379656144591,0.09639050975033281,0.10427831713869762,0.00788780738836481,-0.00788780738836481,-0.5447379656144591,False,True
112601d1-209f-5611-b63b-01d0992c4ddd,26,7,chelsea,9b51b592-7b40-53df-a62d-6af0afa0bb0e,Estêvão Almeida de Oliveira Gonçalves,MID,RAM,1,63.0,0.1644576006577915,13.431468746487855,0.0,UNKNOWN,UNKNOWN,1.0,0.8355423993422084,-49.56853125351214,49.56853125351214,LOW_PSTART_STARTED,0.1650851630869736,13.476179145688842,6.274000000000001,6.895833333333333,-0.6218333333333321,-1.20857142857143,-0.9964224877477982,-0.7764580636275993,-0.9233708587552432,0.0,20.0,UNKNOWN,UNKNOWN,49.56853125351215,49.523820854311154,-0.04471039920099429,0.8355423993422085,0.8349148369130264,-0.0006275624291821602,0.0006275624291821047,0.04471039920098718,True,False
112601d1-209f-5611-b63b-01d0992c4ddd,26,7,chelsea,d7143aed-fcb8-5af3-8721-72433dd889d7,Filip Jørgensen,GK,GK,0,0.0,0.0267499668537459,2.862119563720982,0.0,UNKNOWN,UNKNOWN,0.0,0.0267499668537459,2.862119563720982,2.862119563720982,OK,0.0268689417647653,2.872771718544593,6.572666666666667,6.23,0.3426666666666662,-0.8414285714285716,-0.5226654296858207,0.5161748160267823,-0.8082304362020013,0.0,1.0,UNKNOWN,UNKNOWN,2.862119563720982,2.872771718544593,0.010652154823610704,0.0267499668537459,0.0268689417647653,0.00011897491101939967,0.00011897491101939967,0.010652154823610704,False,True
112601d1-209f-5611-b63b-01d0992c4ddd,26,7,chelsea,9d723959-80a6-5a8b-a21b-2cca95b2ab7c,Gabriel Słonina,GK,UNKNOWN,0,0.0,0.0008907743114415,0.0772340188543065,0.0,UNKNOWN,UNKNOWN,0.0,0.0008907743114415,0.0772340188543065,0.0772340188543065,OK,0.0008948419250547,0.0775512610216754,0.0,0.0,0.0,0.0,0.0,0.0,0.0,0.0,0.0,UNKNOWN,UNKNOWN,0.0772340188543065,0.0775512610216754,0.0003172421673688919,0.0008907743114415,0.0008948419250547,4.067613613200033e-06,4.067613613200033e-06,0.0003172421673688919,False,False
112601d1-209f-5611-b63b-01d0992c4ddd,26,7,chelsea,102260dc-086e-540f-ac1b-5c571502d8d4,Jamie Bynoe-Gittens,MID,LAM,0,0.0,0.0582367286404821,6.184662396076639,0.0,UNKNOWN,UNKNOWN,0.0,0.0582367286404821,6.184662396076639,6.184662396076639,OK,0.0584873303022508,6.189668919650155,6.06,6.887499999999999,-0.8274999999999997,0.0857142857142863,-0.9982453893308416,-0.8807645269459439,0.1137907297100765,0.0,20.0,UNKNOWN,UNKNOWN,6.184662396076639,6.189668919650155,0.005006523573515942,0.0582367286404821,0.0584873303022508,0.00025060166176869847,0.00025060166176869847,0.005006523573515942,False,False
112601d1-209f-5611-b63b-01d0992c4ddd,26,7,chelsea,932d386d-f372-53de-a37f-381a73a67e07,Jorrel Hato,DEF,LB,0,45.0,0.1207294419972121,10.89081021866717,0.0,UNKNOWN,UNKNOWN,0.0,0.1207294419972121,-34.10918978133283,34.10918978133283,MINUTE_ERROR_30PLUS,0.1212143473274144,10.90962085459456,6.575333333333333,6.861666666666667,-0.2863333333333342,-0.4828571428571431,-0.9902621375124828,-0.444016225431664,-0.5674878312887384,0.0,20.0,UNKNOWN,UNKNOWN,34.10918978133283,34.090379145405436,-0.018810635927394515,0.1207294419972121,0.1212143473274144,0.00048490533020230375,0.00048490533020230375,0.018810635927390962,True,False
112601d1-209f-5611-b63b-01d0992c4ddd,26,7,chelsea,9998e641-8e7f-5837-8d46-ad335b484a00,Josh Acheampong,DEF,RB,1,78.0,0.1681455457463831,14.902207289585082,0.0,UNKNOWN,UNKNOWN,1.0,0.8318544542536169,-63.09779271041492,63.09779271041492,LOW_PSTART_STARTED,0.1687843383683741,14.93632809287115,6.667333333333333,6.782727272727272,-0.1153939393939396,-0.144285714285715,-0.986790418633561,-0.1899865661900722,-0.1900422022381822,0.0,20.0,UNKNOWN,UNKNOWN,63.09779271041492,63.06367190712885,-0.03412080328607203,0.8318544542536169,0.831215661631626,-0.0006387926219909579,0.0006387926219909856,0.03412080328606848,True,False
112601d1-209f-5611-b63b-01d0992c4ddd,26,7,chelsea,4448091c-aeb7-5ab3-a537-b2b547480e63,João Pedro Junqueira de Jesus,FWD,ST,1,90.0,0.9027438910371066,70.20133140685716,1.0,ST,4-2-3-1,1.0,0.0972561089628933,-19.798668593142835,19.798668593142835,OK,0.8975778388162406,69.99259389947028,7.620666666666666,6.974166666666668,0.6464999999999979,0.8985714285714286,0.9890516253470644,0.7922701689754594,0.8330726932181483,0.0181759061786499,20.0,ST,4-2-3-1,19.798668593142835,20.00740610052972,0.20873750738688557,0.09725610896289338,0.10242216118375935,0.005166052220865969,-0.005166052220865969,-0.20873750738688557,False,True
112601d1-209f-5611-b63b-01d0992c4ddd,26,7,chelsea,877d9c71-fd12-5aab-8c4b-9df2eb81bbf0,Kendry Páez Andrade,MID,UNKNOWN,0,0.0,0.0009995037186731,0.0860236455363284,0.0,UNKNOWN,UNKNOWN,0.0,0.0009995037186731,0.0860236455363284,0.0860236455363284,OK,0.001004067333066,0.0863795705306005,0.0,0.0,0.0,0.0,0.0,0.0,0.0,0.0,0.0,UNKNOWN,UNKNOWN,0.0860236455363284,0.0863795705306005,0.00035592499427210267,0.0009995037186731,0.001004067333066,4.563614392900017e-06,4.563614392900017e-06,0.00035592499427210267,False,False
112601d1-209f-5611-b63b-01d0992c4ddd,26,7,chelsea,64e1d98b-b70a-5d8f-a6fe-c77a7ea90c46,Landon Emenalo,MID,UNKNOWN,0,0.0,0.0009995037186731,0.0860236455363284,0.0,UNKNOWN,UNKNOWN,0.0,0.0009995037186731,0.0860236455363284,0.0860236455363284,OK,0.001004067333066,0.0863795705306005,0.0,0.0,0.0,0.0,0.0,0.0,0.0,0.0,0.0,UNKNOWN,UNKNOWN,0.0860236455363284,0.0863795705306005,0.00035592499427210267,0.0009995037186731,0.001004067333066,4.563614392900017e-06,4.563614392900017e-06,0.00035592499427210267,False,False
112601d1-209f-5611-b63b-01d0992c4ddd,26,7,chelsea,46f70fd6-45f6-55b9-884d-24feb13db9c3,Levi Colwill,DEF,UNKNOWN,0,0.0,0.0009929055676685,0.0849627268169306,0.0,UNKNOWN,UNKNOWN,0.0,0.0009929055676685,0.0849627268169306,0.0849627268169306,OK,0.0009974390857727,0.0853163070275552,0.0,0.0,0.0,0.0,0.0,0.0,0.0,0.0,0.0,UNKNOWN,UNKNOWN,0.0849627268169306,0.0853163070275552,0.0003535802106246072,0.0009929055676685,0.0009974390857727,4.5335181042000915e-06,4.5335181042000915e-06,0.0003535802106246072,False,False
112601d1-209f-5611-b63b-01d0992c4ddd,26,7,chelsea,8b1af3a3-b391-5111-954e-dbda5d6d12a5,Liam Delap,FWD,ST,0,11.0,0.3197476412854343,38.15936294494168,0.0,UNKNOWN,UNKNOWN,0.0,0.3197476412854343,27.159362944941684,27.159362944941684,OK,0.3207403092334738,38.23501190581378,6.409999999999999,6.414166666666667,-0.0041666666666673,0.2357142857142857,-0.9943763800380812,-0.00694433281394,0.3043309348679579,0.0,20.0,UNKNOWN,UNKNOWN,27.159362944941677,27.235011905813778,0.07564896087210116,0.3197476412854343,0.3207403092334738,0.0009926679480394829,0.0009926679480394829,0.07564896087210116,False,True
112601d1-209f-5611-b63b-01d0992c4ddd,26,7,chelsea,972fc541-f01f-51fc-b746-5238f72285d7,Malo Gusto,DEF,RB,1,90.0,0.7935467226239,61.45305718226603,1.0,RB,4-2-3-1,1.0,0.2064532773760999,-28.54694281773397,28.54694281773397,OK,0.7897945262307973,61.21366986418743,6.817333333333333,6.918333333333334,-0.1010000000000008,0.8414285714285716,-0.9783139995407634,-0.1667611797404508,0.8082304362020013,-0.0048905717221419,20.0,RB,4-2-3-1,28.54694281773397,28.78633013581257,0.2393873180785988,0.20645327737609998,0.21020547376920273,0.003752196393102758,-0.003752196393102758,-0.2393873180785988,False,True
112601d1-209f-5611-b63b-01d0992c4ddd,26,7,chelsea,c1d2c6e2-92b5-5eb7-abc2-bfb9ba6fffa1,Mamadou Sarr,DEF,UNKNOWN,0,0.0,0.0009929055676685,0.0849627268169306,0.0,UNKNOWN,UNKNOWN,0.0,0.0009929055676685,0.0849627268169306,0.0849627268169306,OK,0.0009974390857727,0.0853163070275552,0.0,0.0,0.0,0.0,0.0,0.0,0.0,0.0,0.0,UNKNOWN,UNKNOWN,0.0849627268169306,0.0853163070275552,0.0003535802106246072,0.0009929055676685,0.0009974390857727,4.5335181042000915e-06,4.5335181042000915e-06,0.0003535802106246072,False,False
112601d1-209f-5611-b63b-01d0992c4ddd,26,7,chelsea,3d33e637-0658-5cc2-964e-b281c5cdf9fc,Marc Cucurella Saseta,DEF,LB,1,45.0,0.9147877263357448,83.88072301333726,1.0,LB,4-2-3-1,1.0,0.0852122736642553,38.88072301333726,38.88072301333726,MINUTE_ERROR_30PLUS,0.9111319388838331,83.61872341006709,7.664,6.680833333333333,0.9831666666666664,0.8057142857142852,0.9905171671045996,0.9272781577277972,0.791070413611687,0.0177590196578905,20.0,LB,4-2-3-1,38.88072301333726,38.61872341006709,-0.26199960327016925,0.08521227366425521,0.08886806111616685,0.0036557874519116407,-0.0036557874519116407,-0.26199960327016925,True,False
112601d1-209f-5611-b63b-01d0992c4ddd,26,7,chelsea,6538c4ff-2308-56ae-85e7-392fba76d555,Marc Guiu Paz,FWD,ST,0,0.0,0.0126763864333939,1.7929934162289691,0.0,UNKNOWN,UNKNOWN,0.0,0.0126763864333939,1.7929934162289691,1.7929934162289691,OK,0.0127335857236254,1.797234552984334,6.656666666666666,6.433333333333334,0.2233333333333327,-1.8357142857142863,-0.9872488991429812,0.3559339366937938,-0.9851468778487694,0.0,20.0,UNKNOWN,UNKNOWN,1.7929934162289691,1.797234552984334,0.0042411367553649715,0.0126763864333939,0.0127335857236254,5.719929023149939e-05,5.719929023149939e-05,0.0042411367553649715,False,False
112601d1-209f-5611-b63b-01d0992c4ddd,26,7,chelsea,dc638cac-db3d-56dd-9d2a-a3a75b54c5b5,Max Merrick,GK,UNKNOWN,0,0.0,0.0008907743114415,0.0775752000437415,0.0,UNKNOWN,UNKNOWN,0.0,0.0008907743114415,0.0775752000437415,0.0775752000437415,OK,0.0008948419250547,0.077892440872346,0.0,0.0,0.0,0.0,0.0,0.0,0.0,0.0,0.0,UNKNOWN,UNKNOWN,0.0775752000437415,0.077892440872346,0.00031724082860450087,0.0008907743114415,0.0008948419250547,4.067613613200033e-06,4.067613613200033e-06,0.00031724082860450087,False,False
112601d1-209f-5611-b63b-01d0992c4ddd,26,7,chelsea,f1c0774d-5c89-577b-bdf9-fe6b58ed1b6e,Mike Penders,GK,UNKNOWN,0,0.0,0.0008907743114415,0.0772340188543065,0.0,UNKNOWN,UNKNOWN,0.0,0.0008907743114415,0.0772340188543065,0.0772340188543065,OK,0.0008948419250547,0.0775512610216754,0.0,0.0,0.0,0.0,0.0,0.0,0.0,0.0,0.0,UNKNOWN,UNKNOWN,0.0772340188543065,0.0775512610216754,0.0003172421673688919,0.0008907743114415,0.0008948419250547,4.067613613200033e-06,4.067613613200033e-06,0.0003172421673688919,False,False
112601d1-209f-5611-b63b-01d0992c4ddd,26,7,chelsea,c92d55cb-06d1-553d-aad7-f64c0de898a5,Moisés Caicedo Corozo,MID,LDM,1,90.0,0.9325599027347072,84.01127023470514,1.0,RDM,4-2-3-1,1.0,0.0674400972652926,-5.988729765294863,5.988729765294863,OK,0.9301263948482456,83.80291415430344,7.681333333333333,7.470833333333334,0.2104999999999988,1.411428571428571,0.9910471533551652,0.3371143799710817,0.954661224090726,0.0144543316804835,20.0,RDM,4-2-3-1,5.988729765294863,6.197085845696563,0.20835608040169973,0.06744009726529276,0.06987360515175445,0.0024335078864616833,-0.0024335078864616833,-0.20835608040169973,False,True
112601d1-209f-5611-b63b-01d0992c4ddd,26,7,chelsea,7ad17b55-f67d-5f9d-9f04-df4f76c1e314,Mykhailo Mudryk,MID,UNKNOWN,0,0.0,0.0009995037186731,0.0860236455363284,0.0,UNKNOWN,UNKNOWN,0.0,0.0009995037186731,0.0860236455363284,0.0860236455363284,OK,0.001004067333066,0.0863795705306005,0.0,0.0,0.0,0.0,0.0,0.0,0.0,0.0,0.0,UNKNOWN,UNKNOWN,0.0860236455363284,0.0863795705306005,0.00035592499427210267,0.0009995037186731,0.001004067333066,4.563614392900017e-06,4.563614392900017e-06,0.00035592499427210267,False,False
112601d1-209f-5611-b63b-01d0992c4ddd,26,7,chelsea,14394b8e-b6dc-52d7-8711-db31e2d5afc5,Nicolas Jackson,FWD,UNKNOWN,0,0.0,0.0009431492535149,0.081239458972616,0.0,UNKNOWN,UNKNOWN,0.0,0.0009431492535149,0.081239458972616,0.081239458972616,OK,0.0009474558041941,0.081575336736763,0.0,0.0,0.0,0.0,0.0,0.0,0.0,0.0,0.0,UNKNOWN,UNKNOWN,0.081239458972616,0.081575336736763,0.000335877764146994,0.0009431492535149,0.0009474558041941,4.306550679199976e-06,4.306550679199976e-06,0.000335877764146994,False,False
112601d1-209f-5611-b63b-01d0992c4ddd,26,7,chelsea,653dcb32-98a1-5bdb-afc4-4dcee772c921,Pedro Lomba Neto,MID,RAM,0,26.0,0.7720431694487394,79.55105272596478,1.0,RAM,4-2-3-1,0.0,0.7720431694487394,53.55105272596478,53.55105272596478,MAP_XI_FALSE_POSITIVE,0.7618765668175873,79.0951118467349,6.820666666666667,7.028333333333333,-0.2076666666666664,0.491428571428572,0.7549834376410441,-0.3329221773844159,0.575185657731116,0.008867407053156,3.0,RAM,4-2-3-1,53.55105272596478,53.095111846734895,-0.45594087922988535,0.7720431694487394,0.7618765668175873,-0.0101666026311521,-0.0101666026311521,-0.45594087922988535,True,False
112601d1-209f-5611-b63b-01d0992c4ddd,26,7,chelsea,3655e646-d6d9-51ce-a14d-bed863d96c3c,Reece James,DEF,RB,0,0.0,0.1959973230979897,19.22907940636987,0.0,UNKNOWN,UNKNOWN,0.0,0.1959973230979897,19.22907940636987,19.22907940636987,OK,0.1967169039107702,19.283853919028083,7.098,7.288333333333334,-0.1903333333333341,-0.0599999999999996,-0.9456431790090388,-0.3069930845794927,-0.0798297691111308,0.0,20.0,UNKNOWN,UNKNOWN,19.22907940636987,19.283853919028083,0.05477451265821287,0.1959973230979897,0.1967169039107702,0.000719580812780507,0.000719580812780507,0.05477451265821287,False,True
112601d1-209f-5611-b63b-01d0992c4ddd,26,7,chelsea,412fc00b-6fb5-5606-bb30-04e075a83220,Robert Sánchez,GK,GK,1,90.0,0.94521255146199,85.08572976378667,1.0,GK,4-2-3-1,1.0,0.0547874485380098,-4.914270236213326,4.914270236213326,OK,0.9574976044149428,86.1876622622945,6.9206666666666665,7.134166666666666,-0.2134999999999998,0.2342857142857148,0.5226654296858207,-0.3415386551423625,0.3026015865283764,0.0056921604832606,1.0,GK,4-2-3-1,4.914270236213326,3.812337737705505,-1.1019324985078214,0.054787448538009986,0.042502395585057196,-0.01228505295295279,0.01228505295295279,1.1019324985078214,True,False
112601d1-209f-5611-b63b-01d0992c4ddd,26,7,chelsea,f8666db2-925c-5357-81ba-263e71b165b3,Roméo Lavia,MID,LDM,0,0.0,0.0145987260907345,0.8338381007507091,0.0,UNKNOWN,UNKNOWN,0.0,0.0145987260907345,0.8338381007507091,0.8338381007507091,OK,0.014664470663858,0.8367848040485618,6.338666666666667,6.605,-0.2663333333333337,-0.6185714285714283,-0.9955638227828988,-0.4168627422435517,-0.6776533630683255,0.0,20.0,UNKNOWN,UNKNOWN,0.8338381007507091,0.8367848040485618,0.0029467032978527374,0.0145987260907345,0.014664470663858,6.574457312350131e-05,6.574457312350131e-05,0.0029467032978527374,False,False
112601d1-209f-5611-b63b-01d0992c4ddd,26,7,chelsea,0bbf4c7c-2ef0-50b5-9f1d-7be9fb72ecfd,Teddy Sharman-Lowe,GK,UNKNOWN,0,0.0,0.0008907743114415,0.0782675381793983,0.0,UNKNOWN,UNKNOWN,0.0,0.0008907743114415,0.0782675381793983,0.0782675381793983,OK,0.0008948419250547,0.0785847762109028,0.0,0.0,0.0,0.0,0.0,0.0,0.0,0.0,0.0,UNKNOWN,UNKNOWN,0.0782675381793983,0.0785847762109028,0.0003172380315045048,0.0008907743114415,0.0008948419250547,4.067613613200033e-06,4.067613613200033e-06,0.0003172380315045048,False,False
112601d1-209f-5611-b63b-01d0992c4ddd,26,7,chelsea,1cc11978-28c5-57b6-a8a3-ba979d1349e4,Tosin Adarabioyo,DEF,LCB,0,0.0,0.0404713182416526,2.5819865800086674,0.0,UNKNOWN,UNKNOWN,0.0,0.0404713182416526,2.5819865800086674,2.5819865800086674,OK,0.0406487722415644,2.5926855271653677,7.594666666666668,6.733333333333333,0.8613333333333344,0.2042857142857137,0.9880663492211568,0.8927994791866907,0.2658389223784281,0.0,20.0,UNKNOWN,UNKNOWN,2.5819865800086674,2.5926855271653677,0.010698947156700278,0.0404713182416526,0.0406487722415644,0.00017745399991180022,0.00017745399991180022,0.010698947156700278,False,True
112601d1-209f-5611-b63b-01d0992c4ddd,26,7,chelsea,fbe43cca-fb14-5420-94d6-3e253d5e57f2,Trevoh Chalobah,DEF,LCB,1,90.0,0.9356015874132664,84.22738629092169,1.0,LCB,4-2-3-1,1.0,0.0643984125867337,-5.772613709078314,5.772613709078314,OK,0.9296693469206494,83.69562578304382,6.900666666666667,6.717499999999999,0.1831666666666684,0.4057142857142848,0.1995100314746443,0.2961350427904766,0.4937085451509812,0.0050617227134247,3.0,LCB,4-2-3-1,5.772613709078314,6.304374216956177,0.5317605078778627,0.06439841258673362,0.0703306530793506,0.00593224049261698,-0.00593224049261698,-0.5317605078778627,False,True
112601d1-209f-5611-b63b-01d0992c4ddd,26,7,chelsea,ec2bf467-94f7-5b79-97a2-3632c0d199a8,Wesley Fofana,DEF,RCB,0,11.0,0.869248612714846,81.1442258568819,1.0,RCB,4-2-3-1,0.0,0.869248612714846,70.1442258568819,70.1442258568819,HIGH_PSTART_DID_NOT_START,0.8759789728319888,81.60007227690686,7.228666666666667,7.121666666666669,0.1069999999999984,0.3671428571428565,0.9601461598684308,0.1764665784811894,0.4538384045494646,0.0082642408459309,20.0,RCB,4-2-3-1,70.1442258568819,70.60007227690686,0.45584642002495457,0.869248612714846,0.8759789728319888,0.006730360117142786,0.006730360117142786,0.45584642002495457,False,True
8a8173fc-ec21-5f23-879c-3fb3c88918a2,27,7,chelsea,c501a519-9def-5d4f-8667-f326dd161177,Aaron Anselmino,DEF,UNKNOWN,0,0.0,0.0020762230659503,0.1729196487053997,0.0,UNKNOWN,UNKNOWN,0.0,0.0020762230659503,0.1729196487053997,0.1729196487053997,OK,0.0020500985024831,0.1708822199434589,0.0,0.0,0.0,0.0,0.0,0.0,0.0,0.0,0.0,UNKNOWN,UNKNOWN,0.1729196487053997,0.1708822199434589,-0.002037428761940796,0.0020762230659503,0.0020500985024831,-2.612456346720018e-05,-2.612456346720018e-05,-0.002037428761940796,False,False
8a8173fc-ec21-5f23-879c-3fb3c88918a2,27,7,chelsea,4ef46620-e339-50a5-9169-d9c6d85f3a47,Alejandro Garnacho,MID,LAM,0,0.0,0.1414757677592021,13.471011511395876,0.0,UNKNOWN,UNKNOWN,0.0,0.1414757677592021,13.471011511395876,13.471011511395876,OK,0.1399415878238537,13.414407493675933,7.063333333333333,7.109166666666666,-0.0458333333333333,1.5571428571428578,-0.9847196713353602,-0.076240651811185,0.9690331596158644,0.0,20.0,UNKNOWN,UNKNOWN,13.471011511395876,13.414407493675933,-0.056604017719942945,0.1414757677592021,0.1399415878238537,-0.0015341799353483787,-0.0015341799353483787,-0.056604017719942945,True,False
8a8173fc-ec21-5f23-879c-3fb3c88918a2,27,7,chelsea,762fd3f4-3f85-52c7-b5be-8c0c563cf25f,Andrey Nascimento dos Santos,MID,RDM,1,90.0,0.7463308439030548,61.259134537015946,0.0,UNKNOWN,UNKNOWN,1.0,0.2536691560969452,-28.74086546298405,28.74086546298405,MAP_XI_FALSE_NEGATIVE,0.7439210967130138,61.095018281993646,7.483999999999999,6.729166666666667,0.7548333333333321,0.8485714285714288,0.971218282361022,0.8505271581140961,0.8115076213214182,0.0,20.0,UNKNOWN,UNKNOWN,28.740865462984054,28.904981718006354,0.1641162550223001,0.2536691560969452,0.25607890328698624,0.002409747190041056,-0.002409747190041056,-0.1641162550223001,False,True
8a8173fc-ec21-5f23-879c-3fb3c88918a2,27,7,chelsea,4dc8670b-9980-5a26-9e9d-c98c1f9bb333,Benoît Badiashile,DEF,LCB,0,0.0,0.0851555381865964,5.12646214180632,0.0,UNKNOWN,UNKNOWN,0.0,0.0851555381865964,5.12646214180632,5.12646214180632,OK,0.0841722224240989,5.07856493761818,6.779333333333333,6.722,0.0573333333333332,-0.8342857142857145,-0.9940428860661248,0.0952657789402258,-0.8049024094456846,0.0,20.0,UNKNOWN,UNKNOWN,5.12646214180632,5.07856493761818,-0.04789720418814003,0.0851555381865964,0.0841722224240989,-0.0009833157624974942,-0.0009833157624974942,-0.04789720418814003,True,False
8a8173fc-ec21-5f23-879c-3fb3c88918a2,27,7,chelsea,895b3f1f-0f9e-528b-86a3-7a7cba558310,Christopher Nkunku,MID,UNKNOWN,0,0.0,0.0020900051211369,0.1747423570623892,0.0,UNKNOWN,UNKNOWN,0.0,0.0020900051211369,0.1747423570623892,0.1747423570623892,OK,0.0020637075003536,0.1726914514367502,0.0,0.0,0.0,0.0,0.0,0.0,0.0,0.0,0.0,UNKNOWN,UNKNOWN,0.1747423570623892,0.1726914514367502,-0.0020509056256390046,0.0020900051211369,0.0020637075003536,-2.6297620783299978e-05,-2.6297620783299978e-05,-0.0020509056256390046,False,False
8a8173fc-ec21-5f23-879c-3fb3c88918a2,27,7,chelsea,481b07c4-b805-52cf-a0ee-593af134790d,Cole Palmer,MID,CAM,1,74.0,0.8336721868737186,73.46195364800882,1.0,CAM,4-2-3-1,1.0,0.1663278131262814,-0.5380463519911842,0.5380463519911842,OK,0.8267042056791862,72.89830882817694,8.523333333333333,7.0441666666666665,1.479166666666667,0.6571428571428584,0.9920202697020118,0.9856586012596372,0.7045057161274229,0.0192335679446791,20.0,CAM,4-2-3-1,0.5380463519911842,1.101691171823063,0.5636448198318789,0.16632781312628142,0.17329579432081377,0.006967981194532347,-0.006967981194532347,-0.5636448198318789,False,True
8a8173fc-ec21-5f23-879c-3fb3c88918a2,27,7,chelsea,1cbf9470-32ae-558b-85b7-1337e7cc76f0,Dário Luís Essugo,MID,UNKNOWN,0,0.0,0.0020900051211369,0.1747423570623892,0.0,UNKNOWN,UNKNOWN,0.0,0.0020900051211369,0.1747423570623892,0.1747423570623892,OK,0.0020637075003536,0.1726914514367502,0.0,0.0,0.0,0.0,0.0,0.0,0.0,0.0,0.0,UNKNOWN,UNKNOWN,0.1747423570623892,0.1726914514367502,-0.0020509056256390046,0.0020900051211369,0.0020637075003536,-2.6297620783299978e-05,-2.6297620783299978e-05,-0.0020509056256390046,False,False
8a8173fc-ec21-5f23-879c-3fb3c88918a2,27,7,chelsea,5b51fc3a-1f45-56e1-9ecc-0bda87474227,Enzo Fernández,MID,LDM,1,90.0,0.8943523222473826,82.68396672484927,1.0,LDM,4-2-3-1,1.0,0.1056476777526174,-7.31603327515073,7.31603327515073,OK,0.8827425305049186,81.88015549401774,6.867333333333333,7.537500000000001,-0.6701666666666686,-1.13,-0.9920202697020118,-0.806503469467657,-0.9063457209280196,-0.0162360890949527,5.0,LDM,4-2-3-1,7.31603327515073,8.119844505982257,0.8038112308315277,0.10564767775261741,0.11725746949508142,0.011609791742464015,-0.011609791742464015,-0.8038112308315277,False,True
8a8173fc-ec21-5f23-879c-3fb3c88918a2,27,7,chelsea,9b51b592-7b40-53df-a62d-6af0afa0bb0e,Estêvão Almeida de Oliveira Gonçalves,MID,RAM,0,0.0,0.5707975175565434,37.27532539728512,1.0,RAM,4-2-3-1,0.0,0.5707975175565434,37.27532539728512,37.27532539728512,MAP_XI_FALSE_POSITIVE,0.5917319838570133,38.53081393319715,7.278,6.8425,0.4354999999999993,1.4614285714285715,0.9660869289795984,0.6205096061737068,0.9602081121319804,-0.0069389770620943,20.0,RAM,4-2-3-1,37.27532539728512,38.53081393319715,1.2554885359120291,0.5707975175565434,0.5917319838570133,0.02093446630046991,0.02093446630046991,1.2554885359120291,False,True
8a8173fc-ec21-5f23-879c-3fb3c88918a2,27,7,chelsea,d7143aed-fcb8-5af3-8721-72433dd889d7,Filip Jørgensen,GK,GK,0,0.0,0.037178958969098,3.7504399705501705,0.0,UNKNOWN,UNKNOWN,0.0,0.037178958969098,3.7504399705501705,3.7504399705501705,OK,0.0367274018199893,3.709989454368746,6.572666666666667,6.23,0.3426666666666662,-0.8414285714285716,-0.9294649923798166,0.5161748160267823,-0.8082304362020013,0.0,1.0,UNKNOWN,UNKNOWN,3.7504399705501705,3.709989454368746,-0.04045051618142459,0.037178958969098,0.0367274018199893,-0.0004515571491087028,-0.0004515571491087028,-0.04045051618142459,True,False
8a8173fc-ec21-5f23-879c-3fb3c88918a2,27,7,chelsea,9d723959-80a6-5a8b-a21b-2cca95b2ab7c,Gabriel Słonina,GK,UNKNOWN,0,0.0,0.0018628684800385,0.1565416865363258,0.0,UNKNOWN,UNKNOWN,0.0,0.0018628684800385,0.1565416865363258,0.1565416865363258,OK,0.0018394235523051,0.1547132459842271,0.0,0.0,0.0,0.0,0.0,0.0,0.0,0.0,0.0,UNKNOWN,UNKNOWN,0.1565416865363258,0.1547132459842271,-0.0018284405520987146,0.0018628684800385,0.0018394235523051,-2.3444927733399937e-05,-2.3444927733399937e-05,-0.0018284405520987146,False,False
8a8173fc-ec21-5f23-879c-3fb3c88918a2,27,7,chelsea,102260dc-086e-540f-ac1b-5c571502d8d4,Jamie Bynoe-Gittens,MID,LAM,0,0.0,0.0509550918991419,3.80582149973637,0.0,UNKNOWN,UNKNOWN,0.0,0.0509550918991419,3.80582149973637,3.80582149973637,OK,0.0503449655862452,3.792196096482773,6.06,6.887499999999999,-0.8274999999999997,0.0857142857142863,-0.9994569100035388,-0.8807645269459439,0.1137907297100765,0.0,20.0,UNKNOWN,UNKNOWN,3.80582149973637,3.792196096482773,-0.013625403253596957,0.0509550918991419,0.0503449655862452,-0.0006101263128967041,-0.0006101263128967041,-0.013625403253596957,True,False
8a8173fc-ec21-5f23-879c-3fb3c88918a2,27,7,chelsea,932d386d-f372-53de-a37f-381a73a67e07,Jorrel Hato,DEF,LB,0,10.0,0.3817748667191953,31.0931771064556,0.0,UNKNOWN,UNKNOWN,0.0,0.3817748667191953,21.0931771064556,21.0931771064556,OK,0.3787845591007531,31.025910751539925,6.722,6.9816666666666665,-0.2596666666666669,0.5099999999999998,-0.9950766298045656,-0.4076401215378414,0.5915193954318162,0.0,20.0,UNKNOWN,UNKNOWN,21.0931771064556,21.025910751539925,-0.06726635491567379,0.3817748667191953,0.3787845591007531,-0.0029903076184422117,-0.0029903076184422117,-0.06726635491567379,True,False
8a8173fc-ec21-5f23-879c-3fb3c88918a2,27,7,chelsea,9998e641-8e7f-5837-8d46-ad335b484a00,Josh Acheampong,DEF,RCB,0,1.0,0.6104224779797108,51.27061957392006,0.0,UNKNOWN,UNKNOWN,0.0,0.6104224779797108,50.27061957392006,50.27061957392006,MINUTE_ERROR_45PLUS,0.6074008137479529,51.06329997296434,6.215999999999999,6.763333333333333,-0.5473333333333334,0.2442857142857155,-0.9990866767582348,-0.7221971419840504,0.3146646314669915,0.0,20.0,UNKNOWN,UNKNOWN,50.27061957392006,50.06329997296434,-0.20731960095572077,0.6104224779797108,0.6074008137479529,-0.003021664231757981,-0.003021664231757981,-0.20731960095572077,True,False
8a8173fc-ec21-5f23-879c-3fb3c88918a2,27,7,chelsea,4448091c-aeb7-5ab3-a537-b2b547480e63,João Pedro Junqueira de Jesus,FWD,ST,1,79.0,0.8489756965389867,80.00925109168651,1.0,ST,4-2-3-1,1.0,0.1510243034610132,1.009251091686508,1.009251091686508,OK,0.8398397682147325,79.50610039715437,7.834666666666666,7.121666666666667,0.7129999999999992,0.589999999999999,0.92348774629154,0.8300612545805455,0.6565165644253053,0.0042678378151437,20.0,ST,4-2-3-1,1.009251091686508,0.5061003971543698,-0.5031506945321382,0.15102430346101325,0.1601602317852675,0.00913592832425425,-0.00913592832425425,-0.5031506945321382,True,False
8a8173fc-ec21-5f23-879c-3fb3c88918a2,27,7,chelsea,877d9c71-fd12-5aab-8c4b-9df2eb81bbf0,Kendry Páez Andrade,MID,UNKNOWN,0,0.0,0.0020900051211369,0.1747423570623892,0.0,UNKNOWN,UNKNOWN,0.0,0.0020900051211369,0.1747423570623892,0.1747423570623892,OK,0.0020637075003536,0.1726914514367502,0.0,0.0,0.0,0.0,0.0,0.0,0.0,0.0,0.0,UNKNOWN,UNKNOWN,0.1747423570623892,0.1726914514367502,-0.0020509056256390046,0.0020900051211369,0.0020637075003536,-2.6297620783299978e-05,-2.6297620783299978e-05,-0.0020509056256390046,False,False
8a8173fc-ec21-5f23-879c-3fb3c88918a2,27,7,chelsea,64e1d98b-b70a-5d8f-a6fe-c77a7ea90c46,Landon Emenalo,MID,UNKNOWN,0,0.0,0.0020900051211369,0.1747423570623892,0.0,UNKNOWN,UNKNOWN,0.0,0.0020900051211369,0.1747423570623892,0.1747423570623892,OK,0.0020637075003536,0.1726914514367502,0.0,0.0,0.0,0.0,0.0,0.0,0.0,0.0,0.0,UNKNOWN,UNKNOWN,0.1747423570623892,0.1726914514367502,-0.0020509056256390046,0.0020900051211369,0.0020637075003536,-2.6297620783299978e-05,-2.6297620783299978e-05,-0.0020509056256390046,False,False
8a8173fc-ec21-5f23-879c-3fb3c88918a2,27,7,chelsea,46f70fd6-45f6-55b9-884d-24feb13db9c3,Levi Colwill,DEF,UNKNOWN,0,0.0,0.0020762230659503,0.1729196487053997,0.0,UNKNOWN,UNKNOWN,0.0,0.0020762230659503,0.1729196487053997,0.1729196487053997,OK,0.0020500985024831,0.1708822199434589,0.0,0.0,0.0,0.0,0.0,0.0,0.0,0.0,0.0,UNKNOWN,UNKNOWN,0.1729196487053997,0.1708822199434589,-0.002037428761940796,0.0020762230659503,0.0020500985024831,-2.612456346720018e-05,-2.612456346720018e-05,-0.002037428761940796,False,False
8a8173fc-ec21-5f23-879c-3fb3c88918a2,27,7,chelsea,8b1af3a3-b391-5111-954e-dbda5d6d12a5,Liam Delap,FWD,ST,0,10.0,0.2907961800396947,35.50214782147484,0.0,UNKNOWN,UNKNOWN,0.0,0.2907961800396947,25.50214782147484,25.50214782147484,OK,0.2881862952660455,35.301594944059566,7.89,6.490833333333334,1.399166666666666,3.0857142857142854,0.9359623661288056,0.981316738182474,0.9994663077146522,0.0,20.0,UNKNOWN,UNKNOWN,25.502147821474843,25.301594944059566,-0.2005528774152765,0.2907961800396947,0.2881862952660455,-0.002609884773649207,-0.002609884773649207,-0.2005528774152765,True,False
8a8173fc-ec21-5f23-879c-3fb3c88918a2,27,7,chelsea,972fc541-f01f-51fc-b746-5238f72285d7,Malo Gusto,DEF,RB,1,79.0,0.8013794159053693,72.57774369856637,1.0,RB,4-2-3-1,1.0,0.1986205840946306,-6.4222563014336345,6.4222563014336345,OK,0.7936426825130688,71.96783285588583,7.002,6.853333333333333,0.1486666666666671,0.2957142857142862,-0.987527384095876,0.2428286064163009,0.3750490126344389,-0.0001404096765095,20.0,RB,4-2-3-1,6.4222563014336345,7.032167144114169,0.6099108426805344,0.19862058409463068,0.2063573174869312,0.007736733392300521,-0.007736733392300521,-0.6099108426805344,False,True
8a8173fc-ec21-5f23-879c-3fb3c88918a2,27,7,chelsea,c1d2c6e2-92b5-5eb7-abc2-bfb9ba6fffa1,Mamadou Sarr,DEF,UNKNOWN,0,2.0,0.0639317315234963,5.114161019162703,0.0,UNKNOWN,UNKNOWN,0.0,0.0639317315234963,3.1141610191627027,3.1141610191627027,OK,0.0631765688722014,5.055361170215602,7.39,0.0,0.0,0.0,0.0,0.0,0.0,0.0,0.0,UNKNOWN,UNKNOWN,3.1141610191627027,3.055361170215602,-0.058799848947100664,0.0639317315234963,0.0631765688722014,-0.0007551626512948967,-0.0007551626512948967,-0.058799848947100664,True,False
8a8173fc-ec21-5f23-879c-3fb3c88918a2,27,7,chelsea,3d33e637-0658-5cc2-964e-b281c5cdf9fc,Marc Cucurella Saseta,DEF,LB,0,0.0,0.5895066657639148,35.150538720048225,1.0,LB,4-2-3-1,0.0,0.5895066657639148,35.150538720048225,35.150538720048225,MAP_XI_FALSE_POSITIVE,0.5839261147725214,34.952140421335145,7.106,6.709166666666667,0.3968333333333325,-1.1485714285714277,-0.9824048810948968,0.579286970243373,-0.91066874341876,0.0033061319250689,20.0,LB,4-2-3-1,35.150538720048225,34.952140421335145,-0.19839829871308012,0.5895066657639148,0.5839261147725214,-0.005580550991393318,-0.005580550991393318,-0.19839829871308012,True,False
8a8173fc-ec21-5f23-879c-3fb3c88918a2,27,7,chelsea,6538c4ff-2308-56ae-85e7-392fba76d555,Marc Guiu Paz,FWD,ST,0,0.0,0.0256886029557664,2.940166452737748,0.0,UNKNOWN,UNKNOWN,0.0,0.0256886029557664,2.940166452737748,2.940166452737748,OK,0.0253729242774617,2.9168189305849066,6.656666666666666,6.433333333333334,0.2233333333333327,-1.8357142857142863,-0.9960382043284042,0.3559339366937938,-0.9851468778487694,0.0,20.0,UNKNOWN,UNKNOWN,2.940166452737748,2.9168189305849066,-0.023347522152841194,0.0256886029557664,0.0253729242774617,-0.0003156786783047004,-0.0003156786783047004,-0.023347522152841194,True,False
8a8173fc-ec21-5f23-879c-3fb3c88918a2,27,7,chelsea,dc638cac-db3d-56dd-9d2a-a3a75b54c5b5,Max Merrick,GK,UNKNOWN,0,0.0,0.0018628684800385,0.1567925954861728,0.0,UNKNOWN,UNKNOWN,0.0,0.0018628684800385,0.1567925954861728,0.1567925954861728,OK,0.0018394235523051,0.1549641608638189,0.0,0.0,0.0,0.0,0.0,0.0,0.0,0.0,0.0,UNKNOWN,UNKNOWN,0.1567925954861728,0.1549641608638189,-0.0018284346223539083,0.0018628684800385,0.0018394235523051,-2.3444927733399937e-05,-2.3444927733399937e-05,-0.0018284346223539083,False,False
8a8173fc-ec21-5f23-879c-3fb3c88918a2,27,7,chelsea,f1c0774d-5c89-577b-bdf9-fe6b58ed1b6e,Mike Penders,GK,UNKNOWN,0,0.0,0.0018628684800385,0.1565416865363258,0.0,UNKNOWN,UNKNOWN,0.0,0.0018628684800385,0.1565416865363258,0.1565416865363258,OK,0.0018394235523051,0.1547132459842271,0.0,0.0,0.0,0.0,0.0,0.0,0.0,0.0,0.0,UNKNOWN,UNKNOWN,0.1565416865363258,0.1547132459842271,-0.0018284405520987146,0.0018628684800385,0.0018394235523051,-2.3444927733399937e-05,-2.3444927733399937e-05,-0.0018284405520987146,False,False
8a8173fc-ec21-5f23-879c-3fb3c88918a2,27,7,chelsea,c92d55cb-06d1-553d-aad7-f64c0de898a5,Moisés Caicedo Corozo,MID,LDM,1,90.0,0.7766892722881173,70.67860862371697,1.0,RDM,4-2-3-1,1.0,0.2233107277118826,-19.32139137628303,19.32139137628303,OK,0.7642299523949231,69.6019876348626,7.525333333333333,7.535,-0.0096666666666669,0.7600000000000007,0.7992984850583387,-0.016109717280063,0.7671371980583226,0.0023478673762782,4.0,RDM,4-2-3-1,19.32139137628303,20.398012365137404,1.0766209888543727,0.22331072771188265,0.23577004760507692,0.012459319893194265,-0.012459319893194265,-1.0766209888543727,False,True
8a8173fc-ec21-5f23-879c-3fb3c88918a2,27,7,chelsea,7ad17b55-f67d-5f9d-9f04-df4f76c1e314,Mykhailo Mudryk,MID,UNKNOWN,0,0.0,0.0020900051211369,0.1747423570623892,0.0,UNKNOWN,UNKNOWN,0.0,0.0020900051211369,0.1747423570623892,0.1747423570623892,OK,0.0020637075003536,0.1726914514367502,0.0,0.0,0.0,0.0,0.0,0.0,0.0,0.0,0.0,UNKNOWN,UNKNOWN,0.1747423570623892,0.1726914514367502,-0.0020509056256390046,0.0020900051211369,0.0020637075003536,-2.6297620783299978e-05,-2.6297620783299978e-05,-0.0020509056256390046,False,False
8a8173fc-ec21-5f23-879c-3fb3c88918a2,27,7,chelsea,14394b8e-b6dc-52d7-8711-db31e2d5afc5,Nicolas Jackson,FWD,UNKNOWN,0,0.0,0.0019722869064216,0.1649984608014273,0.0,UNKNOWN,UNKNOWN,0.0,0.0019722869064216,0.1649984608014273,0.1649984608014273,OK,0.0019474675918486,0.1630628316690831,0.0,0.0,0.0,0.0,0.0,0.0,0.0,0.0,0.0,UNKNOWN,UNKNOWN,0.1649984608014273,0.1630628316690831,-0.0019356291323441854,0.0019722869064216,0.0019474675918486,-2.4819314572999953e-05,-2.4819314572999953e-05,-0.0019356291323441854,False,False
8a8173fc-ec21-5f23-879c-3fb3c88918a2,27,7,chelsea,653dcb32-98a1-5bdb-afc4-4dcee772c921,Pedro Lomba Neto,MID,RAM,1,87.0,0.5740909180765039,62.31657141610712,1.0,LAM,4-2-3-1,1.0,0.4259090819234961,-24.683428583892884,24.683428583892884,OK,0.5707801740274118,62.10313329254766,8.232000000000001,6.984166666666667,1.2478333333333342,3.081428571428571,0.9790635808831908,0.9692477715206526,0.9994601750434507,0.0195729857591716,20.0,LAM,4-2-3-1,24.683428583892884,24.89686670745234,0.21343812355945602,0.4259090819234961,0.42921982597258823,0.0033107440490921514,-0.0033107440490921514,-0.21343812355945602,False,True
8a8173fc-ec21-5f23-879c-3fb3c88918a2,27,7,chelsea,3655e646-d6d9-51ce-a14d-bed863d96c3c,Reece James,DEF,RB,1,88.0,0.2724383357341415,24.931451200755557,0.0,UNKNOWN,UNKNOWN,1.0,0.7275616642658584,-63.06854879924445,63.06854879924445,MAP_XI_FALSE_NEGATIVE,0.2699305021513026,24.74015379799521,7.1,7.397500000000001,-0.2975000000000012,0.0428571428571427,-0.9827502828340468,-0.4588339890041926,0.0570807419645301,0.0,20.0,UNKNOWN,UNKNOWN,63.06854879924444,63.259846202004795,0.19129740276035534,0.7275616642658584,0.7300694978486975,0.002507833582839014,-0.002507833582838903,-0.19129740276034823,False,True
8a8173fc-ec21-5f23-879c-3fb3c88918a2,27,7,chelsea,412fc00b-6fb5-5606-bb30-04e075a83220,Robert Sánchez,GK,GK,1,90.0,0.807986749072531,72.76873720890285,1.0,GK,4-2-3-1,1.0,0.192013250927469,-17.23126279109715,17.23126279109715,OK,0.8452074877035902,76.10892506132468,7.565333333333332,7.011666666666668,0.5536666666666648,1.8742857142857137,0.9294649923798166,0.7272088586134624,0.9865889484094744,0.0176922670908238,1.0,GK,4-2-3-1,17.23126279109715,13.891074938675317,-3.3401878524218347,0.19201325092746901,0.15479251229640978,-0.037220738631059236,0.037220738631059236,3.3401878524218347,True,False
8a8173fc-ec21-5f23-879c-3fb3c88918a2,27,7,chelsea,f8666db2-925c-5357-81ba-263e71b165b3,Roméo Lavia,MID,LDM,0,0.0,0.0299246678853381,1.5656062205802652,0.0,UNKNOWN,UNKNOWN,0.0,0.0299246678853381,1.5656062205802652,1.5656062205802652,OK,0.0295585128718947,1.5492119053513451,6.338666666666667,6.605,-0.2663333333333337,-0.6185714285714283,-0.9986256336096364,-0.4168627422435517,-0.6776533630683255,0.0,20.0,UNKNOWN,UNKNOWN,1.5656062205802652,1.5492119053513451,-0.016394315228920098,0.0299246678853381,0.0295585128718947,-0.0003661550134433991,-0.0003661550134433991,-0.016394315228920098,True,False
8a8173fc-ec21-5f23-879c-3fb3c88918a2,27,7,chelsea,0bbf4c7c-2ef0-50b5-9f1d-7be9fb72ecfd,Teddy Sharman-Lowe,GK,UNKNOWN,0,0.0,0.0018628684800385,0.1576690450010168,0.0,UNKNOWN,UNKNOWN,0.0,0.0018628684800385,0.1576690450010168,0.1576690450010168,OK,0.0018394235523051,0.1558406310402044,0.0,0.0,0.0,0.0,0.0,0.0,0.0,0.0,0.0,UNKNOWN,UNKNOWN,0.1576690450010168,0.1558406310402044,-0.0018284139608124028,0.0018628684800385,0.0018394235523051,-2.3444927733399937e-05,-2.3444927733399937e-05,-0.0018284139608124028,False,False
8a8173fc-ec21-5f23-879c-3fb3c88918a2,27,7,chelsea,1cc11978-28c5-57b6-a8a3-ba979d1349e4,Tosin Adarabioyo,DEF,LCB,0,15.0,0.1884023160000252,11.698697600722165,0.0,UNKNOWN,UNKNOWN,0.0,0.1884023160000252,-3.3013023992778354,3.3013023992778354,OK,0.1864697861301995,11.582653542769735,6.946666666666667,6.7125,0.2341666666666677,-1.2785714285714294,-0.989617288921422,0.3715996730538884,-0.9360017114047832,0.0,20.0,UNKNOWN,UNKNOWN,3.3013023992778354,3.4173464572302645,0.11604405795242911,0.1884023160000252,0.1864697861301995,-0.0019325298698256999,-0.0019325298698256999,-0.11604405795242911,False,True
8a8173fc-ec21-5f23-879c-3fb3c88918a2,27,7,chelsea,fbe43cca-fb14-5420-94d6-3e253d5e57f2,Trevoh Chalobah,DEF,LCB,1,90.0,0.9002757360935396,81.06229087054169,1.0,LCB,4-2-3-1,1.0,0.0997242639064603,-8.937709129458312,8.937709129458312,OK,0.8895669093088546,80.1025206516,7.124666666666667,6.739999999999999,0.3846666666666678,0.354285714285715,0.5194276148157991,0.5656556207492803,0.4401210713158707,0.0104610792389835,3.0,LCB,4-2-3-1,8.937709129458312,9.897479348399997,0.959770218941685,0.09972426390646039,0.11043309069114537,0.010708826784684988,-0.010708826784684988,-0.959770218941685,False,True
8a8173fc-ec21-5f23-879c-3fb3c88918a2,27,7,chelsea,ec2bf467-94f7-5b79-97a2-3632c0d199a8,Wesley Fofana,DEF,RCB,1,71.0,0.4537719074647698,47.38075795869928,1.0,RCB,4-2-3-1,1.0,0.5462280925352301,-23.61924204130072,23.61924204130072,OK,0.4839170579309615,49.73282192809553,7.335999999999999,7.126666666666668,0.2093333333333316,0.7585714285714298,0.6533439923607167,0.3353897857661604,0.7663522415052926,0.0076081364635593,20.0,RCB,4-2-3-1,23.619242041300723,21.267178071904468,-2.352063969396255,0.5462280925352302,0.5160829420690385,-0.030145150466191706,0.030145150466191706,2.352063969396255,True,False
e20ba8da-5c02-58df-ad17-3223c3c83acf,28,7,chelsea,c501a519-9def-5d4f-8667-f326dd161177,Aaron Anselmino,DEF,UNKNOWN,0,0.0,0.0022489368159891,0.1879741805376172,0.0,UNKNOWN,UNKNOWN,0.0,0.0022489368159891,0.1879741805376172,0.1879741805376172,OK,0.0022242753243159,0.1860508947455455,0.0,0.0,0.0,0.0,0.0,0.0,0.0,0.0,0.0,UNKNOWN,UNKNOWN,0.1879741805376172,0.1860508947455455,-0.0019232857920716828,0.0022489368159891,0.0022242753243159,-2.4661491673200024e-05,-2.4661491673200024e-05,-0.0019232857920716828,False,False
e20ba8da-5c02-58df-ad17-3223c3c83acf,28,7,chelsea,4ef46620-e339-50a5-9169-d9c6d85f3a47,Alejandro Garnacho,MID,LAM,0,4.0,0.0883501919308916,9.450506692120811,0.0,UNKNOWN,UNKNOWN,0.0,0.0883501919308916,5.450506692120811,5.450506692120811,OK,0.0874641248568824,9.41581271539748,7.063333333333333,7.109166666666666,-0.0458333333333333,1.5571428571428578,-0.9494989397440268,-0.076240651811185,0.9690331596158644,0.0,20.0,UNKNOWN,UNKNOWN,5.450506692120811,5.415812715397481,-0.03469397672333052,0.0883501919308916,0.0874641248568824,-0.0008860670740091919,-0.0008860670740091919,-0.03469397672333052,True,False
e20ba8da-5c02-58df-ad17-3223c3c83acf,28,7,chelsea,762fd3f4-3f85-52c7-b5be-8c0c563cf25f,Andrey Nascimento dos Santos,MID,LDM,1,74.0,0.8202046520505346,74.98160623249504,1.0,LDM,4-2-3-1,1.0,0.1797953479494654,0.9816062324950394,0.9816062324950394,OK,0.8236884030765748,75.24708625303005,7.283333333333333,6.735,0.5483333333333329,-0.4999999999999991,0.8132886102892021,0.7229935680990285,-0.5827829453479093,0.0130221538835589,20.0,LDM,4-2-3-1,0.9816062324950394,1.247086253030048,0.2654800205350085,0.1797953479494654,0.17631159692342524,-0.0034837510260401494,0.0034837510260401494,0.2654800205350085,False,True
e20ba8da-5c02-58df-ad17-3223c3c83acf,28,7,chelsea,4dc8670b-9980-5a26-9e9d-c98c1f9bb333,Benoît Badiashile,DEF,LCB,0,0.0,0.067572261660361,4.056894819516688,0.0,UNKNOWN,UNKNOWN,0.0,0.067572261660361,4.056894819516688,4.056894819516688,OK,0.0668792900582835,4.022981896657714,6.779333333333333,6.722,0.0573333333333332,-0.8342857142857145,-0.9800963962661914,0.0952657789402258,-0.8049024094456846,0.0,20.0,UNKNOWN,UNKNOWN,4.056894819516688,4.022981896657714,-0.03391292285897407,0.067572261660361,0.0668792900582835,-0.0006929716020774995,-0.0006929716020774995,-0.03391292285897407,True,False
e20ba8da-5c02-58df-ad17-3223c3c83acf,28,7,chelsea,895b3f1f-0f9e-528b-86a3-7a7cba558310,Christopher Nkunku,MID,UNKNOWN,0,0.0,0.0022638627513662,0.1900595226895371,0.0,UNKNOWN,UNKNOWN,0.0,0.0022638627513662,0.1900595226895371,0.1900595226895371,OK,0.0022390379515066,0.1881235238541603,0.0,0.0,0.0,0.0,0.0,0.0,0.0,0.0,0.0,UNKNOWN,UNKNOWN,0.1900595226895371,0.1881235238541603,-0.0019359988353767899,0.0022638627513662,0.0022390379515066,-2.4824799859600108e-05,-2.4824799859600108e-05,-0.0019359988353767899,False,False
e20ba8da-5c02-58df-ad17-3223c3c83acf,28,7,chelsea,481b07c4-b805-52cf-a0ee-593af134790d,Cole Palmer,MID,CAM,1,85.0,0.7006266513426764,55.18168183436672,1.0,CAM,4-2-3-1,1.0,0.2993733486573235,-29.818318165633286,29.818318165633286,OK,0.6967302724753023,54.91726252070893,7.882666666666667,6.993333333333333,0.889333333333334,-1.3985714285714277,0.9724522263395008,0.9018835002496896,-0.9531168676384232,0.0152450627083851,20.0,CAM,4-2-3-1,29.81831816563328,30.08273747929107,0.2644193136577897,0.29937334865732357,0.3032697275246977,0.0038963788673741506,-0.0038963788673741506,-0.2644193136577897,False,True
e20ba8da-5c02-58df-ad17-3223c3c83acf,28,7,chelsea,1cbf9470-32ae-558b-85b7-1337e7cc76f0,Dário Luís Essugo,MID,UNKNOWN,0,0.0,0.0022638627513662,0.1900595226895371,0.0,UNKNOWN,UNKNOWN,0.0,0.0022638627513662,0.1900595226895371,0.1900595226895371,OK,0.0022390379515066,0.1881235238541603,0.0,0.0,0.0,0.0,0.0,0.0,0.0,0.0,0.0,UNKNOWN,UNKNOWN,0.1900595226895371,0.1881235238541603,-0.0019359988353767899,0.0022638627513662,0.0022390379515066,-2.4824799859600108e-05,-2.4824799859600108e-05,-0.0019359988353767899,False,False
e20ba8da-5c02-58df-ad17-3223c3c83acf,28,7,chelsea,5b51fc3a-1f45-56e1-9ecc-0bda87474227,Enzo Fernández,MID,LDM,1,85.0,0.8692938139507401,81.10876767152583,1.0,LAM,4-2-3-1,1.0,0.1307061860492598,-3.891232328474175,3.891232328474175,OK,0.8692799924749259,81.10782763337005,6.601333333333334,7.586666666666667,-0.9853333333333332,-0.4957142857142855,-0.9889544125164528,-0.927782582532231,-0.5789968694191374,-0.0186533140142133,5.0,LAM,4-2-3-1,3.8912323284741746,3.89217236662995,0.000940038155775369,0.13070618604925988,0.13072000752507407,1.3821475814190798e-05,-1.3821475814190798e-05,-0.000940038155775369,False,False
e20ba8da-5c02-58df-ad17-3223c3c83acf,28,7,chelsea,9b51b592-7b40-53df-a62d-6af0afa0bb0e,Estêvão Almeida de Oliveira Gonçalves,MID,RAM,0,0.0,0.2139559148919432,15.172549788618424,0.0,UNKNOWN,UNKNOWN,0.0,0.2139559148919432,15.172549788618424,15.172549788618424,OK,0.2121032248198709,15.059784575765404,7.278,6.8425,0.4354999999999993,1.4614285714285715,0.9660869289795984,0.6205096061737068,0.9602081121319804,0.0,20.0,UNKNOWN,UNKNOWN,15.172549788618424,15.059784575765404,-0.1127652128530201,0.2139559148919432,0.2121032248198709,-0.0018526900720723105,-0.0018526900720723105,-0.1127652128530201,True,False
e20ba8da-5c02-58df-ad17-3223c3c83acf,28,7,chelsea,d7143aed-fcb8-5af3-8721-72433dd889d7,Filip Jørgensen,GK,GK,0,0.0,0.0395405093551715,3.97924388145088,0.0,UNKNOWN,UNKNOWN,0.0,0.0395405093551715,3.97924388145088,3.97924388145088,OK,0.0391229490227017,3.941846311180616,6.572666666666667,6.23,0.3426666666666662,-0.8414285714285716,-0.7865128915104297,0.5161748160267823,-0.8082304362020013,0.0,1.0,UNKNOWN,UNKNOWN,3.97924388145088,3.941846311180616,-0.037397570270264247,0.0395405093551715,0.0391229490227017,-0.00041756033246979907,-0.00041756033246979907,-0.037397570270264247,True,False
e20ba8da-5c02-58df-ad17-3223c3c83acf,28,7,chelsea,9d723959-80a6-5a8b-a21b-2cca95b2ab7c,Gabriel Słonina,GK,UNKNOWN,0,0.0,0.0020178698948821,0.1703645583429177,0.0,UNKNOWN,UNKNOWN,0.0,0.0020178698948821,0.1703645583429177,0.1703645583429177,OK,0.0019957371788765,0.1686384942889118,0.0,0.0,0.0,0.0,0.0,0.0,0.0,0.0,0.0,UNKNOWN,UNKNOWN,0.1703645583429177,0.1686384942889118,-0.0017260640540058825,0.0020178698948821,0.0019957371788765,-2.213271600560009e-05,-2.213271600560009e-05,-0.0017260640540058825,False,False
e20ba8da-5c02-58df-ad17-3223c3c83acf,28,7,chelsea,102260dc-086e-540f-ac1b-5c571502d8d4,Jamie Bynoe-Gittens,MID,LAM,0,0.0,0.040850816648288,2.7972418426380923,0.0,UNKNOWN,UNKNOWN,0.0,0.040850816648288,2.7972418426380923,2.7972418426380923,OK,0.040420001382416,2.7872692265882604,6.06,6.887499999999999,-0.8274999999999997,0.0857142857142863,-0.9981738476936892,-0.8807645269459439,0.1137907297100765,0.0,20.0,UNKNOWN,UNKNOWN,2.7972418426380923,2.7872692265882604,-0.009972616049831906,0.040850816648288,0.040420001382416,-0.0004308152658719991,-0.0004308152658719991,-0.009972616049831906,False,False
e20ba8da-5c02-58df-ad17-3223c3c83acf,28,7,chelsea,932d386d-f372-53de-a37f-381a73a67e07,Jorrel Hato,DEF,LB,1,74.0,0.2901722387953796,21.223980793786343,0.0,UNKNOWN,UNKNOWN,1.0,0.7098277612046204,-52.77601920621365,52.77601920621365,MAP_XI_FALSE_NEGATIVE,0.2879013011648508,21.147914687172072,6.454,6.9375,-0.4835000000000002,-0.5014285714285709,-0.9932261788207593,-0.6672853052107616,-0.5840393853651633,0.0,20.0,UNKNOWN,UNKNOWN,52.77601920621366,52.852085312827924,0.07606610661426316,0.7098277612046204,0.7120986988351492,0.0022709376305287687,-0.0022709376305288242,-0.07606610661427027,False,True
e20ba8da-5c02-58df-ad17-3223c3c83acf,28,7,chelsea,9998e641-8e7f-5837-8d46-ad335b484a00,Josh Acheampong,DEF,RCB,0,0.0,0.2345266000369246,23.5930416134544,0.0,UNKNOWN,UNKNOWN,0.0,0.2345266000369246,23.5930416134544,23.5930416134544,OK,0.2325484819625239,23.452444615474803,6.215999999999999,6.763333333333333,-0.5473333333333334,0.2442857142857155,-0.9969302729797984,-0.7221971419840504,0.3146646314669915,0.0,20.0,UNKNOWN,UNKNOWN,23.5930416134544,23.452444615474803,-0.14059699797959624,0.2345266000369246,0.2325484819625239,-0.0019781180744007087,-0.0019781180744007087,-0.14059699797959624,True,False
e20ba8da-5c02-58df-ad17-3223c3c83acf,28,7,chelsea,4448091c-aeb7-5ab3-a537-b2b547480e63,João Pedro Junqueira de Jesus,FWD,ST,1,90.0,0.7646593541853797,69.13214960713107,1.0,ST,4-2-3-1,1.0,0.2353406458146203,-20.86785039286893,20.86785039286893,OK,0.7573823644411746,68.79389034246452,7.808666666666666,7.250833333333333,0.557833333333333,0.0028571428571435,0.964880992282821,0.7304643607668563,0.0038095053810962,0.0149173243267027,20.0,ST,4-2-3-1,20.86785039286893,21.206109657535478,0.3382592646665472,0.23534064581462033,0.24261763555882543,0.007276989744205098,-0.007276989744205098,-0.3382592646665472,False,True
e20ba8da-5c02-58df-ad17-3223c3c83acf,28,7,chelsea,877d9c71-fd12-5aab-8c4b-9df2eb81bbf0,Kendry Páez Andrade,MID,UNKNOWN,0,0.0,0.0022638627513662,0.1900595226895371,0.0,UNKNOWN,UNKNOWN,0.0,0.0022638627513662,0.1900595226895371,0.1900595226895371,OK,0.0022390379515066,0.1881235238541603,0.0,0.0,0.0,0.0,0.0,0.0,0.0,0.0,0.0,UNKNOWN,UNKNOWN,0.1900595226895371,0.1881235238541603,-0.0019359988353767899,0.0022638627513662,0.0022390379515066,-2.4824799859600108e-05,-2.4824799859600108e-05,-0.0019359988353767899,False,False
e20ba8da-5c02-58df-ad17-3223c3c83acf,28,7,chelsea,64e1d98b-b70a-5d8f-a6fe-c77a7ea90c46,Landon Emenalo,MID,UNKNOWN,0,0.0,0.0022638627513662,0.1900595226895371,0.0,UNKNOWN,UNKNOWN,0.0,0.0022638627513662,0.1900595226895371,0.1900595226895371,OK,0.0022390379515066,0.1881235238541603,0.0,0.0,0.0,0.0,0.0,0.0,0.0,0.0,0.0,UNKNOWN,UNKNOWN,0.1900595226895371,0.1881235238541603,-0.0019359988353767899,0.0022638627513662,0.0022390379515066,-2.4824799859600108e-05,-2.4824799859600108e-05,-0.0019359988353767899,False,False
e20ba8da-5c02-58df-ad17-3223c3c83acf,28,7,chelsea,46f70fd6-45f6-55b9-884d-24feb13db9c3,Levi Colwill,DEF,UNKNOWN,0,0.0,0.0022489368159891,0.1879741805376172,0.0,UNKNOWN,UNKNOWN,0.0,0.0022489368159891,0.1879741805376172,0.1879741805376172,OK,0.0022242753243159,0.1860508947455455,0.0,0.0,0.0,0.0,0.0,0.0,0.0,0.0,0.0,UNKNOWN,UNKNOWN,0.1879741805376172,0.1860508947455455,-0.0019232857920716828,0.0022489368159891,0.0022242753243159,-2.4661491673200024e-05,-2.4661491673200024e-05,-0.0019232857920716828,False,False
e20ba8da-5c02-58df-ad17-3223c3c83acf,28,7,chelsea,8b1af3a3-b391-5111-954e-dbda5d6d12a5,Liam Delap,FWD,ST,0,4.0,0.3581277467822026,40.05192453542681,0.0,UNKNOWN,UNKNOWN,0.0,0.3581277467822026,36.05192453542681,36.05192453542681,MINUTE_ERROR_30PLUS,0.3555914010560335,39.854556051446345,7.018666666666666,6.384999999999999,0.6336666666666675,-1.9257142857142864,-0.9563324792674138,0.7841709016404044,-0.9882975763832096,0.0,20.0,UNKNOWN,UNKNOWN,36.05192453542681,35.854556051446345,-0.19736848398046192,0.3581277467822026,0.3555914010560335,-0.0025363457261691202,-0.0025363457261691202,-0.19736848398046192,True,False
e20ba8da-5c02-58df-ad17-3223c3c83acf,28,7,chelsea,972fc541-f01f-51fc-b746-5238f72285d7,Malo Gusto,DEF,RB,0,15.0,0.7105002785797644,60.0753623634371,1.0,RB,4-2-3-1,0.0,0.7105002785797644,45.0753623634371,45.0753623634371,MAP_XI_FALSE_POSITIVE,0.7051244610366046,59.70405711079412,6.948666666666666,6.7491666666666665,0.1994999999999995,-0.1685714285714281,-0.9652623036412584,0.3207653461584315,-0.2210520188674989,-0.0026517614119521,20.0,RB,4-2-3-1,45.0753623634371,44.70405711079412,-0.3713052526429834,0.7105002785797644,0.7051244610366046,-0.005375817543159744,-0.005375817543159744,-0.3713052526429834,True,False
e20ba8da-5c02-58df-ad17-3223c3c83acf,28,7,chelsea,c1d2c6e2-92b5-5eb7-abc2-bfb9ba6fffa1,Mamadou Sarr,DEF,UNKNOWN,1,89.0,0.1039434774636529,10.257880752949344,0.0,UNKNOWN,UNKNOWN,1.0,0.896056522536347,-78.74211924705065,78.74211924705065,LOW_PSTART_STARTED,0.102918679603401,10.18040567876318,7.39,0.0,0.0,0.0,0.0,0.0,0.0,0.0,0.0,UNKNOWN,UNKNOWN,78.74211924705065,78.81959432123682,0.07747507418616806,0.896056522536347,0.897081320396599,0.0010247978602520025,-0.0010247978602519053,-0.0774750741861645,False,True
e20ba8da-5c02-58df-ad17-3223c3c83acf,28,7,chelsea,3d33e637-0658-5cc2-964e-b281c5cdf9fc,Marc Cucurella Saseta,DEF,LB,0,0.0,0.1729083626374234,13.58340160016046,1.0,LB,4-2-3-1,0.0,0.1729083626374234,13.58340160016046,13.58340160016046,MAP_XI_FALSE_POSITIVE,0.1945823285292231,14.530998193612437,7.106,6.709166666666667,0.3968333333333325,-1.1485714285714277,-0.9420045318957294,0.579286970243373,-0.91066874341876,0.0044079447369628,20.0,LB,4-2-3-1,13.58340160016046,14.530998193612437,0.9475965934519763,0.1729083626374234,0.1945823285292231,0.021673965891799707,0.021673965891799707,0.9475965934519763,False,True
e20ba8da-5c02-58df-ad17-3223c3c83acf,28,7,chelsea,6538c4ff-2308-56ae-85e7-392fba76d555,Marc Guiu Paz,FWD,ST,0,0.0,0.0274828948431541,3.120899526566593,0.0,UNKNOWN,UNKNOWN,0.0,0.0274828948431541,3.120899526566593,3.120899526566593,OK,0.0271890621773946,3.0991822665369426,6.656666666666666,6.433333333333334,0.2233333333333327,-1.8357142857142863,-0.9867319690694124,0.3559339366937938,-0.9851468778487694,0.0,20.0,UNKNOWN,UNKNOWN,3.120899526566593,3.0991822665369426,-0.021717260029650465,0.0274828948431541,0.0271890621773946,-0.00029383266575950043,-0.00029383266575950043,-0.021717260029650465,True,False
e20ba8da-5c02-58df-ad17-3223c3c83acf,28,7,chelsea,dc638cac-db3d-56dd-9d2a-a3a75b54c5b5,Max Merrick,GK,UNKNOWN,0,0.0,0.0020178698948821,0.1703645583429177,0.0,UNKNOWN,UNKNOWN,0.0,0.0020178698948821,0.1703645583429177,0.1703645583429177,OK,0.0019957371788765,0.1686384942889118,0.0,0.0,0.0,0.0,0.0,0.0,0.0,0.0,0.0,UNKNOWN,UNKNOWN,0.1703645583429177,0.1686384942889118,-0.0017260640540058825,0.0020178698948821,0.0019957371788765,-2.213271600560009e-05,-2.213271600560009e-05,-0.0017260640540058825,False,False
e20ba8da-5c02-58df-ad17-3223c3c83acf,28,7,chelsea,f1c0774d-5c89-577b-bdf9-fe6b58ed1b6e,Mike Penders,GK,UNKNOWN,0,0.0,0.0020178698948821,0.1703645583429177,0.0,UNKNOWN,UNKNOWN,0.0,0.0020178698948821,0.1703645583429177,0.1703645583429177,OK,0.0019957371788765,0.1686384942889118,0.0,0.0,0.0,0.0,0.0,0.0,0.0,0.0,0.0,UNKNOWN,UNKNOWN,0.1703645583429177,0.1686384942889118,-0.0017260640540058825,0.0020178698948821,0.0019957371788765,-2.213271600560009e-05,-2.213271600560009e-05,-0.0017260640540058825,False,False
e20ba8da-5c02-58df-ad17-3223c3c83acf,28,7,chelsea,c92d55cb-06d1-553d-aad7-f64c0de898a5,Moisés Caicedo Corozo,MID,RDM,1,90.0,0.8124454675697343,73.86118998107665,1.0,RDM,4-2-3-1,1.0,0.1875545324302656,-16.13881001892335,16.13881001892335,OK,0.802945200574451,73.0438516586261,7.324,7.517500000000001,-0.1935000000000011,-0.4800000000000004,0.8350052382801367,-0.3117656824156291,-0.5648995528462254,0.0013741041677721,4.0,RDM,4-2-3-1,16.13881001892335,16.956148341373904,0.8173383224505528,0.18755453243026565,0.19705479942554904,0.00950026699528339,-0.00950026699528339,-0.8173383224505528,False,True
e20ba8da-5c02-58df-ad17-3223c3c83acf,28,7,chelsea,7ad17b55-f67d-5f9d-9f04-df4f76c1e314,Mykhailo Mudryk,MID,UNKNOWN,0,0.0,0.0022638627513662,0.1900595226895371,0.0,UNKNOWN,UNKNOWN,0.0,0.0022638627513662,0.1900595226895371,0.1900595226895371,OK,0.0022390379515066,0.1881235238541603,0.0,0.0,0.0,0.0,0.0,0.0,0.0,0.0,0.0,UNKNOWN,UNKNOWN,0.1900595226895371,0.1881235238541603,-0.0019359988353767899,0.0022638627513662,0.0022390379515066,-2.4824799859600108e-05,-2.4824799859600108e-05,-0.0019359988353767899,False,False
e20ba8da-5c02-58df-ad17-3223c3c83acf,28,7,chelsea,14394b8e-b6dc-52d7-8711-db31e2d5afc5,Nicolas Jackson,FWD,UNKNOWN,0,0.0,0.0021363730798227,0.179466556193534,0.0,UNKNOWN,UNKNOWN,0.0,0.0021363730798227,0.179466556193534,0.179466556193534,OK,0.0021129433305856,0.1776393371503351,0.0,0.0,0.0,0.0,0.0,0.0,0.0,0.0,0.0,UNKNOWN,UNKNOWN,0.179466556193534,0.1776393371503351,-0.00182721904319888,0.0021363730798227,0.0021129433305856,-2.3429749237100037e-05,-2.3429749237100037e-05,-0.00182721904319888,False,False
e20ba8da-5c02-58df-ad17-3223c3c83acf,28,7,chelsea,653dcb32-98a1-5bdb-afc4-4dcee772c921,Pedro Lomba Neto,MID,RAM,1,69.0,0.8948922131605394,80.53979421454375,1.0,RAM,4-2-3-1,1.0,0.1051077868394606,11.539794214543749,11.539794214543749,OK,0.8894267726569793,80.20192548659983,8.159333333333333,6.880833333333334,1.2784999999999984,-0.3414285714285707,0.9889544125164528,0.972194454714624,-0.4261951923364365,0.0157003306021281,3.0,RAM,4-2-3-1,11.539794214543747,11.201925486599833,-0.3378687279439134,0.10510778683946065,0.11057322734302066,0.005465440503560015,-0.005465440503560015,-0.3378687279439134,True,False
e20ba8da-5c02-58df-ad17-3223c3c83acf,28,7,chelsea,3655e646-d6d9-51ce-a14d-bed863d96c3c,Reece James,DEF,RB,1,90.0,0.845296755314782,75.12958795866841,0.0,UNKNOWN,UNKNOWN,1.0,0.154703244685218,-14.87041204133159,14.87041204133159,MAP_XI_FALSE_NEGATIVE,0.8438460765405069,75.0089143444472,7.13,7.433333333333334,-0.3033333333333337,0.064285714285714,-0.9373256265693808,-0.4664750783303532,0.085504988234638,0.0,20.0,UNKNOWN,UNKNOWN,14.87041204133159,14.991085655552794,0.1206736142212037,0.154703244685218,0.15615392345949308,0.0014506787742750715,-0.0014506787742750715,-0.1206736142212037,False,True
e20ba8da-5c02-58df-ad17-3223c3c83acf,28,7,chelsea,412fc00b-6fb5-5606-bb30-04e075a83220,Robert Sánchez,GK,GK,1,90.0,0.9045248421772532,81.43883809215036,1.0,GK,4-2-3-1,1.0,0.0954751578227468,-8.561161907849637,8.561161907849637,OK,0.9242109084842176,83.204067969339,7.21,7.101666666666668,0.1083333333333325,-0.7285714285714278,0.7865128915104297,0.1786187521828517,-0.749331389936984,0.0096190985706758,1.0,GK,4-2-3-1,8.561161907849637,6.795932030661007,-1.7652298771886308,0.09547515782274685,0.07578909151578239,-0.019686066306964456,0.019686066306964456,1.7652298771886308,True,False
e20ba8da-5c02-58df-ad17-3223c3c83acf,28,7,chelsea,f8666db2-925c-5357-81ba-263e71b165b3,Roméo Lavia,MID,LDM,0,15.0,0.0321833695036,1.6687777305689606,0.0,UNKNOWN,UNKNOWN,0.0,0.0321833695036,-13.33122226943104,13.33122226943104,OK,0.0318409272193978,1.6534458619949386,6.338666666666667,6.605,-0.2663333333333337,-0.6185714285714283,-0.9953831968780664,-0.4168627422435517,-0.6776533630683255,0.0,20.0,UNKNOWN,UNKNOWN,13.33122226943104,13.346554138005061,0.015331868574021357,0.0321833695036,0.0318409272193978,-0.0003424422842022018,-0.0003424422842022018,-0.015331868574022023,False,True
e20ba8da-5c02-58df-ad17-3223c3c83acf,28,7,chelsea,0bbf4c7c-2ef0-50b5-9f1d-7be9fb72ecfd,Teddy Sharman-Lowe,GK,UNKNOWN,0,0.0,0.0020178698948821,0.1712246883423995,0.0,UNKNOWN,UNKNOWN,0.0,0.0020178698948821,0.1712246883423995,0.1712246883423995,OK,0.0019957371788765,0.1694986435161206,0.0,0.0,0.0,0.0,0.0,0.0,0.0,0.0,0.0,UNKNOWN,UNKNOWN,0.1712246883423995,0.1694986435161206,-0.0017260448262789163,0.0020178698948821,0.0019957371788765,-2.213271600560009e-05,-2.213271600560009e-05,-0.0017260448262789163,False,False
e20ba8da-5c02-58df-ad17-3223c3c83acf,28,7,chelsea,1cc11978-28c5-57b6-a8a3-ba979d1349e4,Tosin Adarabioyo,DEF,LCB,0,1.0,0.3076715524519633,23.38631319362448,0.0,UNKNOWN,UNKNOWN,0.0,0.3076715524519633,22.38631319362448,22.38631319362448,OK,0.3053225704691363,23.260617521758768,6.468,6.591666666666668,-0.1236666666666677,-1.002857142857143,-0.9929037233297282,-0.2032412123181763,-0.8709842857176504,0.0,20.0,UNKNOWN,UNKNOWN,22.38631319362448,22.260617521758768,-0.12569567186571362,0.3076715524519633,0.3053225704691363,-0.002348981982827014,-0.002348981982827014,-0.12569567186571362,True,False
e20ba8da-5c02-58df-ad17-3223c3c83acf,28,7,chelsea,fbe43cca-fb14-5420-94d6-3e253d5e57f2,Trevoh Chalobah,DEF,LCB,1,90.0,0.898212028391859,80.88630116269199,1.0,LCB,4-2-3-1,1.0,0.101787971608141,-9.113698837308007,9.113698837308007,OK,0.8891078128281933,80.07114514068259,7.191999999999999,6.6691666666666665,0.5228333333333328,0.0814285714285718,0.8356768049310628,0.7020791025400209,0.1081468260330445,0.01459048762887,3.0,LCB,4-2-3-1,9.113698837308007,9.928854859317411,0.8151560220094041,0.10178797160814101,0.11089218717180671,0.009104215563665696,-0.009104215563665696,-0.8151560220094041,False,True
e20ba8da-5c02-58df-ad17-3223c3c83acf,28,7,chelsea,ec2bf467-94f7-5b79-97a2-3632c0d199a8,Wesley Fofana,DEF,RCB,0,0.0,0.776032966227874,57.85533850342424,1.0,RCB,4-2-3-1,0.0,0.776032966227874,57.85533850342424,57.85533850342424,MAP_XI_FALSE_POSITIVE,0.7886337606368631,58.60910353378609,7.050666666666666,7.074166666666668,-0.0235000000000011,-0.6014285714285723,-0.9515362258566866,-0.0391466513633149,-0.6651002907930812,-0.0045327482399362,20.0,RCB,4-2-3-1,57.85533850342424,58.60910353378609,0.7537650303618477,0.776032966227874,0.7886337606368631,0.012600794408989091,0.012600794408989091,0.7537650303618477,False,True
31ef1d95-b095-52ae-918e-26ed91e99a77,29,7,chelsea,c501a519-9def-5d4f-8667-f326dd161177,Aaron Anselmino,DEF,UNKNOWN,0,0.0,0.0021450528745823,0.1764547126748934,0.0,UNKNOWN,UNKNOWN,0.0,0.0021450528745823,0.1764547126748934,0.1764547126748934,OK,0.0021104940911877,0.1737594440092561,0.0,0.0,0.0,0.0,0.0,0.0,0.0,0.0,0.0,UNKNOWN,UNKNOWN,0.1764547126748934,0.1737594440092561,-0.002695268665637296,0.0021450528745823,0.0021104940911877,-3.455878339460013e-05,-3.455878339460013e-05,-0.002695268665637296,False,False
31ef1d95-b095-52ae-918e-26ed91e99a77,29,7,chelsea,4ef46620-e339-50a5-9169-d9c6d85f3a47,Alejandro Garnacho,MID,LAM,1,90.0,0.2239903753843026,14.587068883563926,1.0,LAM,4-2-3-1,1.0,0.7760096246156973,-75.41293111643607,75.41293111643607,MINUTE_ERROR_45PLUS,0.2512700824888367,15.661346766170787,7.063333333333333,7.109166666666666,-0.0458333333333333,1.5571428571428578,0.8232006455858828,-0.076240651811185,0.9690331596158644,0.007218390541077,20.0,LAM,4-2-3-1,75.41293111643607,74.3386532338292,-1.0742778826068644,0.7760096246156973,0.7487299175111632,-0.02727970710453409,0.02727970710453409,1.0742778826068609,True,False
31ef1d95-b095-52ae-918e-26ed91e99a77,29,7,chelsea,762fd3f4-3f85-52c7-b5be-8c0c563cf25f,Andrey Nascimento dos Santos,MID,LDM,0,5.0,0.6529700489098977,54.85991605848695,0.0,UNKNOWN,UNKNOWN,0.0,0.6529700489098977,49.85991605848695,49.85991605848695,MINUTE_ERROR_45PLUS,0.649272610643944,54.63784425069297,6.824666666666667,6.8450000000000015,-0.0203333333333342,-0.8671428571428565,-0.519427614815798,-0.03387592153765,-0.819794492969712,0.0,20.0,UNKNOWN,UNKNOWN,49.85991605848695,49.63784425069297,-0.22207180779398072,0.6529700489098977,0.649272610643944,-0.003697438265953701,-0.003697438265953701,-0.22207180779398072,True,False
31ef1d95-b095-52ae-918e-26ed91e99a77,29,7,chelsea,4dc8670b-9980-5a26-9e9d-c98c1f9bb333,Benoît Badiashile,DEF,LCB,0,0.0,0.0597643240421677,3.443805565492321,0.0,UNKNOWN,UNKNOWN,0.0,0.0597643240421677,3.443805565492321,3.443805565492321,OK,0.0588562192313028,3.399141272463026,6.779333333333333,6.722,0.0573333333333332,-0.8342857142857145,-0.5724174836847377,0.0952657789402258,-0.8049024094456846,0.0,20.0,UNKNOWN,UNKNOWN,3.443805565492321,3.399141272463026,-0.04466429302929509,0.0597643240421677,0.0588562192313028,-0.0009081048108649029,-0.0009081048108649029,-0.04466429302929509,True,False
31ef1d95-b095-52ae-918e-26ed91e99a77,29,7,chelsea,895b3f1f-0f9e-528b-86a3-7a7cba558310,Christopher Nkunku,MID,UNKNOWN,0,0.0,0.0021592908362833,0.178252228206125,0.0,UNKNOWN,UNKNOWN,0.0,0.0021592908362833,0.178252228206125,0.178252228206125,OK,0.0021245031545532,0.1755391315137364,0.0,0.0,0.0,0.0,0.0,0.0,0.0,0.0,0.0,UNKNOWN,UNKNOWN,0.178252228206125,0.1755391315137364,-0.002713096692388589,0.0021592908362833,0.0021245031545532,-3.478768173009999e-05,-3.478768173009999e-05,-0.002713096692388589,False,False
31ef1d95-b095-52ae-918e-26ed91e99a77,29,7,chelsea,481b07c4-b805-52cf-a0ee-593af134790d,Cole Palmer,MID,CAM,1,84.0,0.7847636919328347,68.18050667004684,1.0,CAM,4-2-3-1,1.0,0.2152363080671653,-15.81949332995316,15.81949332995316,OK,0.7712896413075576,67.19664918167008,6.865333333333334,7.0125,-0.1471666666666662,-2.154285714285714,-0.4682119439086271,-0.2404745965984107,-0.99362141576475,0.0009641286644102,20.0,CAM,4-2-3-1,15.819493329953161,16.803350818329918,0.9838574883767564,0.21523630806716532,0.22871035869244238,0.013474050625277068,-0.013474050625277068,-0.9838574883767564,False,True
31ef1d95-b095-52ae-918e-26ed91e99a77,29,7,chelsea,1cbf9470-32ae-558b-85b7-1337e7cc76f0,Dário Luís Essugo,MID,UNKNOWN,0,0.0,0.0021592908362833,0.178252228206125,0.0,UNKNOWN,UNKNOWN,0.0,0.0021592908362833,0.178252228206125,0.178252228206125,OK,0.0021245031545532,0.1755391315137364,0.0,0.0,0.0,0.0,0.0,0.0,0.0,0.0,0.0,UNKNOWN,UNKNOWN,0.178252228206125,0.1755391315137364,-0.002713096692388589,0.0021592908362833,0.0021245031545532,-3.478768173009999e-05,-3.478768173009999e-05,-0.002713096692388589,False,False
31ef1d95-b095-52ae-918e-26ed91e99a77,29,7,chelsea,5b51fc3a-1f45-56e1-9ecc-0bda87474227,Enzo Fernández,MID,LDM,1,78.0,0.8798152548127692,78.3290544971273,1.0,LDM,4-2-3-1,1.0,0.1201847451872307,0.3290544971273021,0.3290544971273021,OK,0.8686258835054033,77.6539268079507,6.666666666666667,7.628333333333335,-0.9616666666666678,0.1999999999999993,-0.4136444421871355,-0.9220856163419684,0.2605204458355017,-0.0094667649384716,5.0,LDM,4-2-3-1,0.32905449712730217,0.3460731920493032,0.017018694922001032,0.12018474518723077,0.13137411649459674,0.01118937130736597,-0.01118937130736597,-0.6751276891766054,False,True
31ef1d95-b095-52ae-918e-26ed91e99a77,29,7,chelsea,9b51b592-7b40-53df-a62d-6af0afa0bb0e,Estêvão Almeida de Oliveira Gonçalves,MID,RAM,0,0.0,0.1005785039902662,7.28036749776923,0.0,UNKNOWN,UNKNOWN,0.0,0.1005785039902662,7.28036749776923,7.28036749776923,OK,0.0991156121406364,7.189715210226961,7.278,6.8425,0.4354999999999993,1.4614285714285715,0.9094690648645312,0.6205096061737068,0.9602081121319804,0.0,20.0,UNKNOWN,UNKNOWN,7.28036749776923,7.189715210226961,-0.0906522875422695,0.1005785039902662,0.0991156121406364,-0.001462891849629805,-0.001462891849629805,-0.0906522875422695,True,False
31ef1d95-b095-52ae-918e-26ed91e99a77,29,7,chelsea,d7143aed-fcb8-5af3-8721-72433dd889d7,Filip Jørgensen,GK,GK,1,90.0,0.0371625179876013,3.612396221563761,0.0,UNKNOWN,UNKNOWN,1.0,0.9628374820123988,-86.38760377843624,86.38760377843624,LOW_PSTART_STARTED,0.0365844794963652,3.560533505907265,6.572666666666667,6.23,0.3426666666666662,-0.8414285714285716,-0.8353413332651284,0.5161748160267823,-0.8082304362020013,0.0,1.0,UNKNOWN,UNKNOWN,86.38760377843624,86.43946649409274,0.05186271565649747,0.9628374820123987,0.9634155205036348,0.0005780384912360548,-0.0005780384912360964,-0.05186271565649614,False,True
31ef1d95-b095-52ae-918e-26ed91e99a77,29,7,chelsea,9d723959-80a6-5a8b-a21b-2cca95b2ab7c,Gabriel Słonina,GK,UNKNOWN,0,0.0,0.0019246389157474,0.159591107295786,0.0,UNKNOWN,UNKNOWN,0.0,0.0019246389157474,0.159591107295786,0.159591107295786,OK,0.0018936244659935,0.1571722742951554,0.0,0.0,0.0,0.0,0.0,0.0,0.0,0.0,0.0,UNKNOWN,UNKNOWN,0.159591107295786,0.1571722742951554,-0.002418833000630588,0.0019246389157474,0.0018936244659935,-3.101444975389992e-05,-3.101444975389992e-05,-0.002418833000630588,False,False
31ef1d95-b095-52ae-918e-26ed91e99a77,29,7,chelsea,102260dc-086e-540f-ac1b-5c571502d8d4,Jamie Bynoe-Gittens,MID,LAM,0,0.0,0.0367270040959145,1.9831386748644155,0.0,UNKNOWN,UNKNOWN,0.0,0.0367270040959145,1.9831386748644155,1.9831386748644155,OK,0.0361554853611578,1.969482555786556,6.06,6.887499999999999,-0.8274999999999997,0.0857142857142863,-0.9517459571646618,-0.8807645269459439,0.1137907297100765,0.0,20.0,UNKNOWN,UNKNOWN,1.9831386748644155,1.969482555786556,-0.013656119077859463,0.0367270040959145,0.0361554853611578,-0.0005715187347567,-0.0005715187347567,-0.013656119077859463,True,False
31ef1d95-b095-52ae-918e-26ed91e99a77,29,7,chelsea,932d386d-f372-53de-a37f-381a73a67e07,Jorrel Hato,DEF,LB,1,90.0,0.5088044824576253,43.99323647113152,0.0,UNKNOWN,UNKNOWN,1.0,0.4911955175423746,-46.00676352886848,46.00676352886848,MAP_XI_FALSE_NEGATIVE,0.5047360639484954,43.744743508964746,6.636666666666668,6.9191666666666665,-0.2824999999999988,0.3285714285714283,-0.7108444990682454,-0.4388723866943388,0.4120643452909233,0.0,20.0,UNKNOWN,UNKNOWN,46.00676352886848,46.255256491035254,0.24849296216677175,0.49119551754237467,0.49526393605150465,0.0040684185091299785,-0.0040684185091299785,-0.24849296216677175,False,True
31ef1d95-b095-52ae-918e-26ed91e99a77,29,7,chelsea,9998e641-8e7f-5837-8d46-ad335b484a00,Josh Acheampong,DEF,RCB,0,0.0,0.1444428171661185,13.99443065554289,0.0,UNKNOWN,UNKNOWN,0.0,0.1444428171661185,13.99443065554289,13.99443065554289,OK,0.1424429693415266,13.84481905899742,6.215999999999999,6.763333333333333,-0.5473333333333334,0.2442857142857155,-0.9201493320943728,-0.7221971419840504,0.3146646314669915,0.0,20.0,UNKNOWN,UNKNOWN,13.99443065554289,13.84481905899742,-0.14961159654547096,0.1444428171661185,0.1424429693415266,-0.0019998478245919216,-0.0019998478245919216,-0.14961159654547096,True,False
31ef1d95-b095-52ae-918e-26ed91e99a77,29,7,chelsea,4448091c-aeb7-5ab3-a537-b2b547480e63,João Pedro Junqueira de Jesus,FWD,ST,1,84.0,0.9126446058415628,84.07489912425656,1.0,ST,4-2-3-1,1.0,0.087355394158437,0.0748991242565608,0.0748991242565608,OK,0.9045089388241084,83.63031782556335,7.001333333333334,7.138333333333333,-0.1369999999999986,-1.7385714285714284,-0.0288808549910201,-0.2244462390995862,-0.9807970461214148,-0.003459276402624,2.0,ST,4-2-3-1,0.07489912425656087,0.3696821744366474,0.29478305018008655,0.08735539415843718,0.09549106117589157,0.008135667017454384,-0.008135667017454384,-0.4445812986932083,False,True
31ef1d95-b095-52ae-918e-26ed91e99a77,29,7,chelsea,877d9c71-fd12-5aab-8c4b-9df2eb81bbf0,Kendry Páez Andrade,MID,UNKNOWN,0,0.0,0.0021592908362833,0.178252228206125,0.0,UNKNOWN,UNKNOWN,0.0,0.0021592908362833,0.178252228206125,0.178252228206125,OK,0.0021245031545532,0.1755391315137364,0.0,0.0,0.0,0.0,0.0,0.0,0.0,0.0,0.0,UNKNOWN,UNKNOWN,0.178252228206125,0.1755391315137364,-0.002713096692388589,0.0021592908362833,0.0021245031545532,-3.478768173009999e-05,-3.478768173009999e-05,-0.002713096692388589,False,False
31ef1d95-b095-52ae-918e-26ed91e99a77,29,7,chelsea,64e1d98b-b70a-5d8f-a6fe-c77a7ea90c46,Landon Emenalo,MID,UNKNOWN,0,0.0,0.0021592908362833,0.178252228206125,0.0,UNKNOWN,UNKNOWN,0.0,0.0021592908362833,0.178252228206125,0.178252228206125,OK,0.0021245031545532,0.1755391315137364,0.0,0.0,0.0,0.0,0.0,0.0,0.0,0.0,0.0,UNKNOWN,UNKNOWN,0.178252228206125,0.1755391315137364,-0.002713096692388589,0.0021592908362833,0.0021245031545532,-3.478768173009999e-05,-3.478768173009999e-05,-0.002713096692388589,False,False
31ef1d95-b095-52ae-918e-26ed91e99a77,29,7,chelsea,46f70fd6-45f6-55b9-884d-24feb13db9c3,Levi Colwill,DEF,UNKNOWN,0,0.0,0.0021450528745823,0.1764547126748934,0.0,UNKNOWN,UNKNOWN,0.0,0.0021450528745823,0.1764547126748934,0.1764547126748934,OK,0.0021104940911877,0.1737594440092561,0.0,0.0,0.0,0.0,0.0,0.0,0.0,0.0,0.0,UNKNOWN,UNKNOWN,0.1764547126748934,0.1737594440092561,-0.002695268665637296,0.0021450528745823,0.0021104940911877,-3.455878339460013e-05,-3.455878339460013e-05,-0.002695268665637296,False,False
31ef1d95-b095-52ae-918e-26ed91e99a77,29,7,chelsea,8b1af3a3-b391-5111-954e-dbda5d6d12a5,Liam Delap,FWD,ST,0,5.0,0.2337603321583755,28.505288181254517,0.0,UNKNOWN,UNKNOWN,0.0,0.2337603321583755,23.505288181254517,23.505288181254517,OK,0.2308575423524692,28.27232453841668,7.018666666666666,6.384999999999999,0.6336666666666675,-1.9257142857142864,0.7976877873971459,0.7841709016404044,-0.9882975763832096,0.0,20.0,UNKNOWN,UNKNOWN,23.505288181254517,23.27232453841668,-0.23296364283783788,0.2337603321583755,0.2308575423524692,-0.002902789805906303,-0.002902789805906303,-0.23296364283783788,True,False
31ef1d95-b095-52ae-918e-26ed91e99a77,29,7,chelsea,972fc541-f01f-51fc-b746-5238f72285d7,Malo Gusto,DEF,RB,1,74.0,0.6074153881280343,54.20083064247337,0.0,UNKNOWN,UNKNOWN,1.0,0.3925846118719657,-19.79916935752663,19.79916935752663,MAP_XI_FALSE_NEGATIVE,0.6035272912643385,53.94461657487791,6.608666666666666,6.764166666666667,-0.1555000000000008,-0.725714285714286,-0.7331735798769489,-0.2535159227790347,-0.747656130259247,0.0,20.0,UNKNOWN,UNKNOWN,19.79916935752663,20.055383425122088,0.25621406759545806,0.3925846118719657,0.39647270873566154,0.0038880968636958446,-0.0038880968636958446,-0.25621406759545806,False,True
31ef1d95-b095-52ae-918e-26ed91e99a77,29,7,chelsea,c1d2c6e2-92b5-5eb7-abc2-bfb9ba6fffa1,Mamadou Sarr,DEF,LCB,0,0.0,0.4817499936107136,46.66594306858381,0.0,UNKNOWN,UNKNOWN,0.0,0.4817499936107136,46.66594306858381,46.66594306858381,MINUTE_ERROR_45PLUS,0.4776875241905646,46.33409391617155,6.363333333333333,0.0,0.0,-1.54,-0.8727356205455226,0.0,-0.9676081362205452,0.0,20.0,UNKNOWN,UNKNOWN,46.66594306858381,46.33409391617155,-0.33184915241226065,0.4817499936107136,0.4776875241905646,-0.004062469420148984,-0.004062469420148984,-0.33184915241226065,True,False
31ef1d95-b095-52ae-918e-26ed91e99a77,29,7,chelsea,3d33e637-0658-5cc2-964e-b281c5cdf9fc,Marc Cucurella Saseta,DEF,LB,0,11.0,0.1269636190743404,8.585453717610765,1.0,LB,4-2-3-1,0.0,0.1269636190743404,-2.414546282389235,2.414546282389235,MAP_XI_FALSE_POSITIVE,0.1473120273088972,9.544768064864282,7.106,6.709166666666667,0.3968333333333325,-1.1485714285714277,0.8448206152531397,0.579286970243373,-0.91066874341876,0.0095768419685956,20.0,LB,4-2-3-1,2.414546282389235,1.4552319351357177,-0.9593143472535175,0.1269636190743404,0.1473120273088972,0.020348408234556803,0.020348408234556803,0.9593143472535175,True,False
31ef1d95-b095-52ae-918e-26ed91e99a77,29,7,chelsea,6538c4ff-2308-56ae-85e7-392fba76d555,Marc Guiu Paz,FWD,ST,0,0.0,0.0259516718586286,2.637098015672926,0.0,UNKNOWN,UNKNOWN,0.0,0.0259516718586286,2.637098015672926,2.637098015672926,OK,0.0255433845903467,2.6067659924704127,6.656666666666666,6.433333333333334,0.2233333333333327,-1.8357142857142863,-0.6939606898323348,0.3559339366937938,-0.9851468778487694,0.0,20.0,UNKNOWN,UNKNOWN,2.637098015672926,2.6067659924704127,-0.03033202320251327,0.0259516718586286,0.0255433845903467,-0.0004082872682819004,-0.0004082872682819004,-0.03033202320251327,True,False
31ef1d95-b095-52ae-918e-26ed91e99a77,29,7,chelsea,dc638cac-db3d-56dd-9d2a-a3a75b54c5b5,Max Merrick,GK,UNKNOWN,0,0.0,0.0019246389157474,0.159591107295786,0.0,UNKNOWN,UNKNOWN,0.0,0.0019246389157474,0.159591107295786,0.159591107295786,OK,0.0018936244659935,0.1571722742951554,0.0,0.0,0.0,0.0,0.0,0.0,0.0,0.0,0.0,UNKNOWN,UNKNOWN,0.159591107295786,0.1571722742951554,-0.002418833000630588,0.0019246389157474,0.0018936244659935,-3.101444975389992e-05,-3.101444975389992e-05,-0.002418833000630588,False,False
31ef1d95-b095-52ae-918e-26ed91e99a77,29,7,chelsea,f1c0774d-5c89-577b-bdf9-fe6b58ed1b6e,Mike Penders,GK,UNKNOWN,0,0.0,0.0019246389157474,0.159591107295786,0.0,UNKNOWN,UNKNOWN,0.0,0.0019246389157474,0.159591107295786,0.159591107295786,OK,0.0018936244659935,0.1571722742951554,0.0,0.0,0.0,0.0,0.0,0.0,0.0,0.0,0.0,UNKNOWN,UNKNOWN,0.159591107295786,0.1571722742951554,-0.002418833000630588,0.0019246389157474,0.0018936244659935,-3.101444975389992e-05,-3.101444975389992e-05,-0.002418833000630588,False,False
31ef1d95-b095-52ae-918e-26ed91e99a77,29,7,chelsea,c92d55cb-06d1-553d-aad7-f64c0de898a5,Moisés Caicedo Corozo,MID,RDM,1,90.0,0.8826568917891249,80.26304731188466,1.0,RDM,4-2-3-1,1.0,0.1173431082108751,-9.736952688115338,9.736952688115338,OK,0.8731332933304417,79.47282091171748,6.930666666666667,7.494166666666668,-0.5635000000000012,-0.6014285714285705,-0.3165226002464774,-0.7348391447474959,-0.6651002907930799,-0.0091191901085278,5.0,RDM,4-2-3-1,9.736952688115338,10.527179088282523,0.7902264001671853,0.11734310821087512,0.12686670666955835,0.009523598458683225,-0.009523598458683225,-0.7902264001671853,False,True
31ef1d95-b095-52ae-918e-26ed91e99a77,29,7,chelsea,7ad17b55-f67d-5f9d-9f04-df4f76c1e314,Mykhailo Mudryk,MID,UNKNOWN,0,0.0,0.0021592908362833,0.178252228206125,0.0,UNKNOWN,UNKNOWN,0.0,0.0021592908362833,0.178252228206125,0.178252228206125,OK,0.0021245031545532,0.1755391315137364,0.0,0.0,0.0,0.0,0.0,0.0,0.0,0.0,0.0,UNKNOWN,UNKNOWN,0.178252228206125,0.1755391315137364,-0.002713096692388589,0.0021592908362833,0.0021245031545532,-3.478768173009999e-05,-3.478768173009999e-05,-0.002713096692388589,False,False
31ef1d95-b095-52ae-918e-26ed91e99a77,29,7,chelsea,14394b8e-b6dc-52d7-8711-db31e2d5afc5,Nicolas Jackson,FWD,UNKNOWN,0,0.0,0.0020376781161858,0.1682924914308233,0.0,UNKNOWN,UNKNOWN,0.0,0.0020376781161858,0.1682924914308233,0.1682924914308233,OK,0.0020048457636897,0.1657318755154015,0.0,0.0,0.0,0.0,0.0,0.0,0.0,0.0,0.0,UNKNOWN,UNKNOWN,0.1682924914308233,0.1657318755154015,-0.00256061591542181,0.0020376781161858,0.0020048457636897,-3.283235249610002e-05,-3.283235249610002e-05,-0.00256061591542181,False,False
31ef1d95-b095-52ae-918e-26ed91e99a77,29,7,chelsea,653dcb32-98a1-5bdb-afc4-4dcee772c921,Pedro Lomba Neto,MID,RAM,0,0.0,0.7858718623919903,60.89661342152272,1.0,RAM,4-2-3-1,0.0,0.7858718623919903,60.89661342152272,60.89661342152272,MAP_XI_FALSE_POSITIVE,0.7756609737104686,60.41961245993623,6.783333333333333,6.839166666666667,-0.055833333333334,-2.728571428571429,0.8353413332651284,-0.0927878828773548,-0.9986173244775916,-0.004226861355782,4.0,RAM,4-2-3-1,60.89661342152272,60.41961245993623,-0.47700096158649075,0.7858718623919903,0.7756609737104686,-0.010210888681521646,-0.010210888681521646,-0.47700096158649075,True,False
31ef1d95-b095-52ae-918e-26ed91e99a77,29,7,chelsea,3655e646-d6d9-51ce-a14d-bed863d96c3c,Reece James,DEF,RB,1,90.0,0.896916113225809,81.424202496408,1.0,RB,4-2-3-1,1.0,0.103083886774191,-8.575797503592,8.575797503592,OK,0.8919859896450062,81.02401474627918,7.1273333333333335,7.328333333333333,-0.2009999999999996,-0.015714285714286,0.8546985178563735,-0.3230063184059043,-0.0209493154431033,0.007424096063376,20.0,RB,4-2-3-1,8.575797503592,8.975985253720822,0.400187750128822,0.103083886774191,0.1080140103549938,0.004930123580802803,-0.004930123580802803,-0.400187750128822,False,True
31ef1d95-b095-52ae-918e-26ed91e99a77,29,7,chelsea,412fc00b-6fb5-5606-bb30-04e075a83220,Robert Sánchez,GK,GK,0,0.0,0.9249622387901988,83.2909152725305,1.0,GK,4-2-3-1,0.0,0.9249622387901988,83.2909152725305,83.2909152725305,HIGH_PSTART_DID_NOT_START,0.9392689840024148,84.5700734497112,7.296,6.990833333333334,0.3051666666666666,0.137142857142857,0.8353413332651284,0.4688623379691675,0.1808459885628003,0.0135654409994181,1.0,GK,4-2-3-1,83.2909152725305,84.5700734497112,1.2791581771807046,0.9249622387901988,0.9392689840024148,0.014306745212215977,0.014306745212215977,1.2791581771807046,False,True
31ef1d95-b095-52ae-918e-26ed91e99a77,29,7,chelsea,f8666db2-925c-5357-81ba-263e71b165b3,Roméo Lavia,MID,LDM,0,15.0,0.2221181336540743,15.168313926777016,0.0,UNKNOWN,UNKNOWN,0.0,0.2221181336540743,0.1683139267770173,0.1683139267770173,OK,0.2193185343790956,15.06094939825045,6.301333333333334,6.63,-0.328666666666666,-0.0242857142857149,-0.8952525887101298,-0.4988528493426528,-0.0323696397012611,0.0,20.0,UNKNOWN,UNKNOWN,0.1683139267770155,0.060949398250450315,-0.1073645285265652,0.2221181336540743,0.2193185343790956,-0.0027995992749786924,-0.0027995992749786924,-0.1073645285265652,True,False
31ef1d95-b095-52ae-918e-26ed91e99a77,29,7,chelsea,0bbf4c7c-2ef0-50b5-9f1d-7be9fb72ecfd,Teddy Sharman-Lowe,GK,UNKNOWN,0,0.0,0.0019246389157474,0.1600020919692817,0.0,UNKNOWN,UNKNOWN,0.0,0.0019246389157474,0.1600020919692817,0.1600020919692817,OK,0.0018936244659935,0.1575832718004987,0.0,0.0,0.0,0.0,0.0,0.0,0.0,0.0,0.0,UNKNOWN,UNKNOWN,0.1600020919692817,0.1575832718004987,-0.0024188201687830035,0.0019246389157474,0.0018936244659935,-3.101444975389992e-05,-3.101444975389992e-05,-0.0024188201687830035,False,False
31ef1d95-b095-52ae-918e-26ed91e99a77,29,7,chelsea,1cc11978-28c5-57b6-a8a3-ba979d1349e4,Tosin Adarabioyo,DEF,LCB,0,11.0,0.2309688281459481,18.42257842375917,0.0,UNKNOWN,UNKNOWN,0.0,0.2309688281459481,7.42257842375917,7.42257842375917,OK,0.228090383978286,18.26533445083794,6.468,6.591666666666668,-0.1236666666666677,-1.002857142857143,-0.824272170341398,-0.2032412123181763,-0.8709842857176504,0.0,20.0,UNKNOWN,UNKNOWN,7.42257842375917,7.2653344508379405,-0.15724397292122916,0.2309688281459481,0.228090383978286,-0.002878444167662114,-0.002878444167662114,-0.15724397292122916,True,False
31ef1d95-b095-52ae-918e-26ed91e99a77,29,7,chelsea,fbe43cca-fb14-5420-94d6-3e253d5e57f2,Trevoh Chalobah,DEF,LCB,1,90.0,0.9238149878888255,83.21363002172511,1.0,LCB,4-2-3-1,1.0,0.0761850121111743,-6.786369978274891,6.786369978274891,OK,0.915219969432964,82.44800732161468,7.170000000000001,6.699166666666667,0.4708333333333341,-0.1071428571428576,0.8727356205455226,0.6554087900130309,-0.1418931937669332,0.014338820629623,3.0,LCB,4-2-3-1,6.786369978274891,7.551992678385318,0.765622700110427,0.07618501211117445,0.08478003056703598,0.008595018455861525,-0.008595018455861525,-0.765622700110427,False,True
31ef1d95-b095-52ae-918e-26ed91e99a77,29,7,chelsea,ec2bf467-94f7-5b79-97a2-3632c0d199a8,Wesley Fofana,DEF,RCB,1,78.0,0.2903635189531164,24.74629394891921,1.0,RCB,4-2-3-1,1.0,0.7096364810468836,-53.25370605108079,53.25370605108079,MINUTE_ERROR_45PLUS,0.3251132679425665,27.023641441494537,7.050666666666666,7.074166666666668,-0.0235000000000011,-0.6014285714285723,0.8162763691650915,-0.0391466513633149,-0.6651002907930812,-0.0040779282300518,20.0,RCB,4-2-3-1,53.25370605108079,50.97635855850547,-2.2773474925753234,0.7096364810468836,0.6748867320574334,-0.03474974898945016,0.0347497489894501,2.277347492575327,True,False
622cfd32-fefc-538b-92e0-7c761e8052b4,30,7,chelsea,c501a519-9def-5d4f-8667-f326dd161177,Aaron Anselmino,DEF,UNKNOWN,0,0.0,0.001421316509486,0.1209180440007738,0.0,UNKNOWN,UNKNOWN,0.0,0.001421316509486,0.1209180440007738,0.1209180440007738,OK,0.0013914655193373,0.118589967273145,0.0,0.0,0.0,0.0,0.0,0.0,0.0,0.0,0.0,UNKNOWN,UNKNOWN,0.1209180440007738,0.118589967273145,-0.002328076727628803,0.001421316509486,0.0013914655193373,-2.9850990148699895e-05,-2.9850990148699895e-05,-0.002328076727628803,False,False
622cfd32-fefc-538b-92e0-7c761e8052b4,30,7,chelsea,4ef46620-e339-50a5-9169-d9c6d85f3a47,Alejandro Garnacho,MID,LAM,1,90.0,0.5389032812181245,51.65470497353986,1.0,LAM,4-2-3-1,1.0,0.4610967187818755,-38.345295026460136,38.345295026460136,MINUTE_ERROR_30PLUS,0.543289900996526,52.01949182515188,8.441333333333334,7.050833333333332,1.390500000000002,0.8757142857142854,0.993505321368622,0.9807743917349984,0.8235073961406175,0.0188442480780737,20.0,LAM,4-2-3-1,38.34529502646014,37.98050817484812,-0.36478685161202407,0.4610967187818755,0.45671009900347403,-0.00438661977840149,0.00438661977840149,0.36478685161202407,True,False
622cfd32-fefc-538b-92e0-7c761e8052b4,30,7,chelsea,762fd3f4-3f85-52c7-b5be-8c0c563cf25f,Andrey Nascimento dos Santos,MID,LDM,0,0.0,0.5679447767518015,46.813563406283976,0.0,UNKNOWN,UNKNOWN,0.0,0.5679447767518015,46.813563406283976,46.813563406283976,MINUTE_ERROR_45PLUS,0.5627215746864773,46.46431469535335,7.326666666666667,6.905833333333334,0.4208333333333334,0.9714285714285724,0.7639174926197764,0.6052486199354536,0.8604922452656103,0.0,20.0,UNKNOWN,UNKNOWN,46.813563406283976,46.46431469535335,-0.34924871093062393,0.5679447767518015,0.5627215746864773,-0.005223202065324228,-0.005223202065324228,-0.34924871093062393,True,False
622cfd32-fefc-538b-92e0-7c761e8052b4,30,7,chelsea,4dc8670b-9980-5a26-9e9d-c98c1f9bb333,Benoît Badiashile,DEF,LCB,0,0.0,0.0386905948636348,2.359368232749585,0.0,UNKNOWN,UNKNOWN,0.0,0.0386905948636348,2.359368232749585,2.359368232749585,OK,0.0379077155711968,2.320824001142741,7.1,6.653636363636363,0.4463636363636363,0.4928571428571429,0.5565201454152222,0.6315193535285658,0.5764588545429555,0.0,20.0,UNKNOWN,UNKNOWN,2.359368232749585,2.320824001142741,-0.03854423160684384,0.0386905948636348,0.0379077155711968,-0.0007828792924379976,-0.0007828792924379976,-0.03854423160684384,True,False
622cfd32-fefc-538b-92e0-7c761e8052b4,30,7,chelsea,895b3f1f-0f9e-528b-86a3-7a7cba558310,Christopher Nkunku,MID,UNKNOWN,0,0.0,0.0014307575005425,0.1223537442703588,0.0,UNKNOWN,UNKNOWN,0.0,0.0014307575005425,0.1223537442703588,0.1223537442703588,OK,0.001400708505505,0.12001024619827,0.0,0.0,0.0,0.0,0.0,0.0,0.0,0.0,0.0,UNKNOWN,UNKNOWN,0.1223537442703588,0.12001024619827,-0.0023434980720888066,0.0014307575005425,0.001400708505505,-3.0048995037500062e-05,-3.0048995037500062e-05,-0.0023434980720888066,False,False
622cfd32-fefc-538b-92e0-7c761e8052b4,30,7,chelsea,481b07c4-b805-52cf-a0ee-593af134790d,Cole Palmer,MID,CAM,1,90.0,0.863072538238201,73.42306860863114,1.0,CAM,4-2-3-1,1.0,0.136927461761799,-16.57693139136886,16.57693139136886,OK,0.8477528502694563,72.24104375156973,7.675333333333334,7.3066666666666675,0.368666666666666,1.8742857142857143,0.9196366775752262,0.5472480893473745,0.9865889484094746,0.0108411912321614,20.0,CAM,4-2-3-1,16.57693139136886,17.758956248430266,1.182024857061407,0.13692746176179904,0.15224714973054365,0.01531968796874461,-0.01531968796874461,-1.182024857061407,False,True
622cfd32-fefc-538b-92e0-7c761e8052b4,30,7,chelsea,1cbf9470-32ae-558b-85b7-1337e7cc76f0,Dário Luís Essugo,MID,UNKNOWN,0,0.0,0.0014307575005425,0.1223537442703588,0.0,UNKNOWN,UNKNOWN,0.0,0.0014307575005425,0.1223537442703588,0.1223537442703588,OK,0.001400708505505,0.12001024619827,8.51,0.0,0.0,0.0,0.0,0.0,0.0,0.0,0.0,UNKNOWN,UNKNOWN,0.1223537442703588,0.12001024619827,-0.0023434980720888066,0.0014307575005425,0.001400708505505,-3.0048995037500062e-05,-3.0048995037500062e-05,-0.0023434980720888066,False,False
622cfd32-fefc-538b-92e0-7c761e8052b4,30,7,chelsea,5b51fc3a-1f45-56e1-9ecc-0bda87474227,Enzo Fernández,MID,LDM,1,90.0,0.8316581935914364,69.04194314782528,1.0,LDM,4-2-3-1,1.0,0.1683418064085635,-20.95805685217472,20.95805685217472,OK,0.813988769682269,68.00929761850927,7.368,7.603333333333333,-0.2353333333333322,1.4614285714285726,-0.9456431790090392,-0.3732744041305367,0.9602081121319804,0.0089388657307919,5.0,LDM,4-2-3-1,20.95805685217472,21.990702381490735,1.0326455293160137,0.16834180640856355,0.18601123031773104,0.01766942390916748,-0.01766942390916748,-1.0326455293160137,False,True
622cfd32-fefc-538b-92e0-7c761e8052b4,30,7,chelsea,9b51b592-7b40-53df-a62d-6af0afa0bb0e,Estêvão Almeida de Oliveira Gonçalves,MID,RAM,0,0.0,0.045151499526597,3.3574165502949773,0.0,UNKNOWN,UNKNOWN,0.0,0.045151499526597,3.3574165502949773,3.3574165502949773,OK,0.0442439048881556,3.300710755239739,7.278,6.8425,0.4354999999999993,1.4614285714285715,0.7279931860640418,0.6205096061737068,0.9602081121319804,0.0,20.0,UNKNOWN,UNKNOWN,3.3574165502949773,3.300710755239739,-0.05670579505523854,0.045151499526597,0.0442439048881556,-0.0009075946384414016,-0.0009075946384414016,-0.05670579505523854,True,False
622cfd32-fefc-538b-92e0-7c761e8052b4,30,7,chelsea,d7143aed-fcb8-5af3-8721-72433dd889d7,Filip Jørgensen,GK,GK,0,0.0,0.5597574351337835,50.88673450719794,0.0,UNKNOWN,UNKNOWN,0.0,0.5597574351337835,50.88673450719794,50.88673450719794,MINUTE_ERROR_45PLUS,0.5545128917940024,50.42078404291437,6.754666666666666,6.382000000000001,0.3726666666666656,0.3971428571428577,0.1084605626365984,0.5519011746573822,0.4850170040054472,0.0,1.0,UNKNOWN,UNKNOWN,50.88673450719794,50.42078404291437,-0.4659504642835728,0.5597574351337835,0.5545128917940024,-0.0052445433397810826,-0.0052445433397810826,-0.4659504642835728,True,False
622cfd32-fefc-538b-92e0-7c761e8052b4,30,7,chelsea,9d723959-80a6-5a8b-a21b-2cca95b2ab7c,Gabriel Słonina,GK,UNKNOWN,0,0.0,0.0012751747255155,0.1097839018930962,0.0,UNKNOWN,UNKNOWN,0.0,0.0012751747255155,0.1097839018930962,0.1097839018930962,OK,0.0012483892194469,0.1076949090768545,0.0,0.0,0.0,0.0,0.0,0.0,0.0,0.0,0.0,UNKNOWN,UNKNOWN,0.1097839018930962,0.1076949090768545,-0.002088992816241697,0.0012751747255155,0.0012483892194469,-2.6785506068599876e-05,-2.6785506068599876e-05,-0.002088992816241697,False,False
622cfd32-fefc-538b-92e0-7c761e8052b4,30,7,chelsea,102260dc-086e-540f-ac1b-5c571502d8d4,Jamie Bynoe-Gittens,MID,LAM,0,0.0,0.0240505784590405,1.5727925669289582,0.0,UNKNOWN,UNKNOWN,0.0,0.0240505784590405,1.5727925669289582,1.5727925669289582,OK,0.023556671396872,1.5609365745603068,6.06,6.887499999999999,-0.8274999999999997,0.0857142857142863,-0.9992862569486388,-0.8807645269459439,0.1137907297100765,0.0,20.0,UNKNOWN,UNKNOWN,1.5727925669289582,1.5609365745603068,-0.011855992368651425,0.0240505784590405,0.023556671396872,-0.0004939070621685013,-0.0004939070621685013,-0.011855992368651425,True,False
622cfd32-fefc-538b-92e0-7c761e8052b4,30,7,chelsea,932d386d-f372-53de-a37f-381a73a67e07,Jorrel Hato,DEF,LB,0,8.0,0.7349370966224718,68.01411246324147,1.0,LB,4-2-3-1,0.0,0.7349370966224718,60.014112463241474,60.014112463241474,MAP_XI_FALSE_POSITIVE,0.7515364773343813,69.28666564810453,6.8373333333333335,6.856666666666666,-0.019333333333332,-0.3157142857142849,-0.9905171671045996,-0.0322110750455889,-0.3977324583183012,0.003145271638743,20.0,LB,4-2-3-1,60.014112463241474,61.28666564810453,1.2725531848630567,0.7349370966224718,0.7515364773343813,0.016599380711909584,0.016599380711909584,1.2725531848630567,False,True
622cfd32-fefc-538b-92e0-7c761e8052b4,30,7,chelsea,9998e641-8e7f-5837-8d46-ad335b484a00,Josh Acheampong,DEF,RCB,0,0.0,0.2048975953721062,17.933389409890655,0.0,UNKNOWN,UNKNOWN,0.0,0.2048975953721062,17.933389409890655,17.933389409890655,OK,0.2014564092953615,17.673422704005947,7.257333333333333,6.8500000000000005,0.4073333333333329,1.9557142857142853,0.7113937318189631,0.5907965819926072,0.9891924395503844,0.0,20.0,UNKNOWN,UNKNOWN,17.933389409890655,17.673422704005947,-0.2599667058847075,0.2048975953721062,0.2014564092953615,-0.0034411860767447067,-0.0034411860767447067,-0.2599667058847075,True,False
622cfd32-fefc-538b-92e0-7c761e8052b4,30,7,chelsea,4448091c-aeb7-5ab3-a537-b2b547480e63,João Pedro Junqueira de Jesus,FWD,ST,1,90.0,0.9670392874622334,82.88627016044826,1.0,ST,4-2-3-1,1.0,0.0329607125377665,-7.113729839551738,7.113729839551738,OK,0.9622651328397738,82.64341591998515,7.977999999999999,7.168333333333333,0.8096666666666659,-0.895714285714285,0.9324276413707712,0.8739220959446797,-0.8319033119515259,0.0148273631936403,2.0,ST,4-2-3-1,7.113729839551738,7.356584080014855,0.24285424046311732,0.03296071253776656,0.037734867160226226,0.00477415462245967,-0.00477415462245967,-0.24285424046311732,False,True
622cfd32-fefc-538b-92e0-7c761e8052b4,30,7,chelsea,877d9c71-fd12-5aab-8c4b-9df2eb81bbf0,Kendry Páez Andrade,MID,UNKNOWN,0,0.0,0.0014307575005425,0.1223537442703588,0.0,UNKNOWN,UNKNOWN,0.0,0.0014307575005425,0.1223537442703588,0.1223537442703588,OK,0.001400708505505,0.12001024619827,0.0,0.0,0.0,0.0,0.0,0.0,0.0,0.0,0.0,UNKNOWN,UNKNOWN,0.1223537442703588,0.12001024619827,-0.0023434980720888066,0.0014307575005425,0.001400708505505,-3.0048995037500062e-05,-3.0048995037500062e-05,-0.0023434980720888066,False,False
622cfd32-fefc-538b-92e0-7c761e8052b4,30,7,chelsea,64e1d98b-b70a-5d8f-a6fe-c77a7ea90c46,Landon Emenalo,MID,UNKNOWN,0,0.0,0.0014307575005425,0.1223537442703588,0.0,UNKNOWN,UNKNOWN,0.0,0.0014307575005425,0.1223537442703588,0.1223537442703588,OK,0.001400708505505,0.12001024619827,0.0,0.0,0.0,0.0,0.0,0.0,0.0,0.0,0.0,UNKNOWN,UNKNOWN,0.1223537442703588,0.12001024619827,-0.0023434980720888066,0.0014307575005425,0.001400708505505,-3.0048995037500062e-05,-3.0048995037500062e-05,-0.0023434980720888066,False,False
622cfd32-fefc-538b-92e0-7c761e8052b4,30,7,chelsea,46f70fd6-45f6-55b9-884d-24feb13db9c3,Levi Colwill,DEF,UNKNOWN,0,0.0,0.001421316509486,0.1209180440007738,0.0,UNKNOWN,UNKNOWN,0.0,0.001421316509486,0.1209180440007738,0.1209180440007738,OK,0.0013914655193373,0.118589967273145,0.0,0.0,0.0,0.0,0.0,0.0,0.0,0.0,0.0,UNKNOWN,UNKNOWN,0.1209180440007738,0.118589967273145,-0.002328076727628803,0.001421316509486,0.0013914655193373,-2.9850990148699895e-05,-2.9850990148699895e-05,-0.002328076727628803,False,False
622cfd32-fefc-538b-92e0-7c761e8052b4,30,7,chelsea,8b1af3a3-b391-5111-954e-dbda5d6d12a5,Liam Delap,FWD,ST,0,45.0,0.2314729129218005,29.18065643600137,0.0,UNKNOWN,UNKNOWN,0.0,0.2314729129218005,-15.819343563998627,15.819343563998627,OK,0.2277132280907635,28.883124716231688,6.972,6.399999999999999,0.572000000000001,-0.154285714285713,-0.9851842731165852,0.7412884037080658,-0.2028607479192305,0.0,20.0,UNKNOWN,UNKNOWN,15.819343563998629,16.116875283768312,0.2975317197696832,0.2314729129218005,0.2277132280907635,-0.0037596848310370024,-0.0037596848310370024,-0.2975317197696832,False,True
622cfd32-fefc-538b-92e0-7c761e8052b4,30,7,chelsea,972fc541-f01f-51fc-b746-5238f72285d7,Malo Gusto,DEF,RB,1,45.0,0.8121186366541064,62.93598559645456,1.0,RB,4-2-3-1,1.0,0.1878813633458935,17.935985596454557,17.935985596454557,OK,0.798727086473741,62.140878946949066,6.723333333333333,6.723333333333333,0.0,-0.8428571428571425,-0.993505321368622,0.0,-0.8088899221575326,-0.0117924743839337,20.0,RB,4-2-3-1,17.935985596454557,17.140878946949066,-0.7951066495054917,0.18788136334589356,0.20127291352625898,0.013391550180365419,-0.013391550180365419,-0.7951066495054917,True,False
622cfd32-fefc-538b-92e0-7c761e8052b4,30,7,chelsea,c1d2c6e2-92b5-5eb7-abc2-bfb9ba6fffa1,Mamadou Sarr,DEF,LCB,0,0.0,0.1008787825646083,12.230481298421957,0.0,UNKNOWN,UNKNOWN,0.0,0.1008787825646083,12.230481298421957,12.230481298421957,OK,0.0989671116047207,12.067257349778046,6.595714285714286,0.0,0.0,0.4066666666666663,-0.9957508789623384,0.0,0.4946682627959506,0.0,20.0,UNKNOWN,UNKNOWN,12.230481298421957,12.067257349778046,-0.16322394864391043,0.1008787825646083,0.0989671116047207,-0.0019116709598876042,-0.0019116709598876042,-0.16322394864391043,True,False
622cfd32-fefc-538b-92e0-7c761e8052b4,30,7,chelsea,3d33e637-0658-5cc2-964e-b281c5cdf9fc,Marc Cucurella Saseta,DEF,LB,1,90.0,0.2122546864639066,14.670653976094153,0.0,UNKNOWN,UNKNOWN,1.0,0.7877453135360933,-75.32934602390584,75.32934602390584,MAP_XI_FALSE_NEGATIVE,0.2087223762284503,14.513381035501771,6.641333333333334,6.824166666666667,-0.1828333333333329,0.0614285714285713,-0.9950547536867304,-0.2956281238687988,0.081722102333909,0.0,20.0,UNKNOWN,UNKNOWN,75.32934602390584,75.48661896449823,0.15727294059239227,0.7877453135360934,0.7912776237715498,0.003532310235456304,-0.003532310235456304,-0.15727294059238162,False,True
622cfd32-fefc-538b-92e0-7c761e8052b4,30,7,chelsea,6538c4ff-2308-56ae-85e7-392fba76d555,Marc Guiu Paz,FWD,ST,0,0.0,0.1803883060385129,14.758978588420996,0.0,UNKNOWN,UNKNOWN,0.0,0.1803883060385129,14.758978588420996,14.758978588420996,OK,0.1772669739402839,14.529562368582296,6.191999999999999,6.462999999999999,-0.2709999999999999,-0.8614285714285721,-0.9988919845630128,-0.4232680433716258,-0.817280270112219,0.0,20.0,UNKNOWN,UNKNOWN,14.758978588420996,14.529562368582296,-0.22941621983870064,0.1803883060385129,0.1772669739402839,-0.0031213320982290127,-0.0031213320982290127,-0.22941621983870064,True,False
622cfd32-fefc-538b-92e0-7c761e8052b4,30,7,chelsea,dc638cac-db3d-56dd-9d2a-a3a75b54c5b5,Max Merrick,GK,UNKNOWN,0,0.0,0.0012751747255155,0.1097839018930962,0.0,UNKNOWN,UNKNOWN,0.0,0.0012751747255155,0.1097839018930962,0.1097839018930962,OK,0.0012483892194469,0.1076949090768545,0.0,0.0,0.0,0.0,0.0,0.0,0.0,0.0,0.0,UNKNOWN,UNKNOWN,0.1097839018930962,0.1076949090768545,-0.002088992816241697,0.0012751747255155,0.0012483892194469,-2.6785506068599876e-05,-2.6785506068599876e-05,-0.002088992816241697,False,False
622cfd32-fefc-538b-92e0-7c761e8052b4,30,7,chelsea,f1c0774d-5c89-577b-bdf9-fe6b58ed1b6e,Mike Penders,GK,UNKNOWN,0,0.0,0.0012751747255155,0.1097839018930962,0.0,UNKNOWN,UNKNOWN,0.0,0.0012751747255155,0.1097839018930962,0.1097839018930962,OK,0.0012483892194469,0.1076949090768545,0.0,0.0,0.0,0.0,0.0,0.0,0.0,0.0,0.0,UNKNOWN,UNKNOWN,0.1097839018930962,0.1076949090768545,-0.002088992816241697,0.0012751747255155,0.0012483892194469,-2.6785506068599876e-05,-2.6785506068599876e-05,-0.002088992816241697,False,False
622cfd32-fefc-538b-92e0-7c761e8052b4,30,7,chelsea,c92d55cb-06d1-553d-aad7-f64c0de898a5,Moisés Caicedo Corozo,MID,RDM,1,60.0,0.7912748924290834,72.09101712376616,1.0,RDM,4-2-3-1,1.0,0.2087251075709165,12.091017123766164,12.091017123766164,OK,0.7733871075116587,70.55621701478385,6.866666666666666,7.374166666666667,-0.5075000000000012,-0.1642857142857146,-0.6834478097831266,-0.6888864340610662,-0.2156101412816551,-0.0126041772888705,5.0,RDM,4-2-3-1,12.091017123766164,10.556217014783854,-1.53480010898231,0.20872510757091656,0.22661289248834127,0.01788778491742471,-0.01788778491742471,-1.53480010898231,True,False
622cfd32-fefc-538b-92e0-7c761e8052b4,30,7,chelsea,7ad17b55-f67d-5f9d-9f04-df4f76c1e314,Mykhailo Mudryk,MID,UNKNOWN,0,0.0,0.0014307575005425,0.1223537442703588,0.0,UNKNOWN,UNKNOWN,0.0,0.0014307575005425,0.1223537442703588,0.1223537442703588,OK,0.001400708505505,0.12001024619827,0.0,0.0,0.0,0.0,0.0,0.0,0.0,0.0,0.0,UNKNOWN,UNKNOWN,0.1223537442703588,0.12001024619827,-0.0023434980720888066,0.0014307575005425,0.001400708505505,-3.0048995037500062e-05,-3.0048995037500062e-05,-0.0023434980720888066,False,False
622cfd32-fefc-538b-92e0-7c761e8052b4,30,7,chelsea,14394b8e-b6dc-52d7-8711-db31e2d5afc5,Nicolas Jackson,FWD,UNKNOWN,0,0.0,0.0013501207532326,0.1155475272784376,0.0,UNKNOWN,UNKNOWN,0.0,0.0013501207532326,0.1155475272784376,0.1155475272784376,OK,0.0013217630622265,0.1133359179948219,0.0,0.0,0.0,0.0,0.0,0.0,0.0,0.0,0.0,UNKNOWN,UNKNOWN,0.1155475272784376,0.1133359179948219,-0.0022116092836157036,0.0013501207532326,0.0013217630622265,-2.83576910060999e-05,-2.83576910060999e-05,-0.0022116092836157036,False,False
622cfd32-fefc-538b-92e0-7c761e8052b4,30,7,chelsea,653dcb32-98a1-5bdb-afc4-4dcee772c921,Pedro Lomba Neto,MID,RAM,0,0.0,0.2320548514961112,22.754566483507997,1.0,RAM,4-2-3-1,0.0,0.2320548514961112,22.754566483507997,22.754566483507997,MAP_XI_FALSE_POSITIVE,0.2441764187476486,23.51450771228682,7.666,6.776666666666666,0.889333333333334,1.5942857142857143,0.91720231892965,0.9018835002496896,0.9719123351139802,0.0062510362586038,20.0,RAM,4-2-3-1,22.754566483507997,23.51450771228682,0.7599412287788248,0.2320548514961112,0.2441764187476486,0.012121567251537402,0.012121567251537402,0.7599412287788248,False,True
622cfd32-fefc-538b-92e0-7c761e8052b4,30,7,chelsea,3655e646-d6d9-51ce-a14d-bed863d96c3c,Reece James,DEF,RB,1,90.0,0.7881410367073445,72.28134226835734,0.0,UNKNOWN,UNKNOWN,1.0,0.2118589632926555,-17.718657731642665,17.718657731642665,MAP_XI_FALSE_NEGATIVE,0.7845700963620565,71.98309230921731,7.354666666666666,7.236666666666667,0.1179999999999985,0.4185714285714281,0.7826688107399017,0.1941697464836889,0.5065628107538592,0.0,20.0,UNKNOWN,UNKNOWN,17.718657731642665,18.016907690782688,0.2982499591400227,0.21185896329265552,0.21542990363794345,0.003570940345287932,-0.003570940345287932,-0.2982499591400227,False,True
622cfd32-fefc-538b-92e0-7c761e8052b4,30,7,chelsea,412fc00b-6fb5-5606-bb30-04e075a83220,Robert Sánchez,GK,GK,1,90.0,0.3620607535985178,32.751226533562296,1.0,GK,4-2-3-1,1.0,0.6379392464014821,-57.2487734664377,57.2487734664377,MINUTE_ERROR_45PLUS,0.4386372920534961,39.62321774441065,6.689333333333334,6.831666666666667,-0.1423333333333332,-1.2842857142857147,-0.1084605626365984,-0.2328703117595331,-0.936939015008787,-0.004448216903091,1.0,GK,4-2-3-1,57.248773466437704,50.37678225558935,-6.871991210848357,0.6379392464014821,0.5613627079465039,-0.07657653845497825,0.0765765384549783,6.871991210848357,True,False
622cfd32-fefc-538b-92e0-7c761e8052b4,30,7,chelsea,f8666db2-925c-5357-81ba-263e71b165b3,Roméo Lavia,MID,LDM,0,29.0,0.1289483920253575,12.889174553383889,0.0,UNKNOWN,UNKNOWN,0.0,0.1289483920253575,-16.11082544661611,16.11082544661611,OK,0.12657968205283,12.801853403509249,6.327333333333333,6.68,-0.3526666666666669,0.3914285714285714,-0.9982609032552532,-0.5282954800600623,0.4791687743363486,0.0,20.0,UNKNOWN,UNKNOWN,16.11082544661611,16.19814659649075,0.08732114987464001,0.1289483920253575,0.12657968205283,-0.0023687099725274996,-0.0023687099725274996,-0.08732114987464001,False,True
622cfd32-fefc-538b-92e0-7c761e8052b4,30,7,chelsea,0bbf4c7c-2ef0-50b5-9f1d-7be9fb72ecfd,Teddy Sharman-Lowe,GK,UNKNOWN,0,0.0,0.0012751747255155,0.110012630417005,0.0,UNKNOWN,UNKNOWN,0.0,0.0012751747255155,0.110012630417005,0.110012630417005,OK,0.0012483892194469,0.1079236437687303,0.0,0.0,0.0,0.0,0.0,0.0,0.0,0.0,0.0,UNKNOWN,UNKNOWN,0.110012630417005,0.1079236437687303,-0.002088986648274699,0.0012751747255155,0.0012483892194469,-2.6785506068599876e-05,-2.6785506068599876e-05,-0.002088986648274699,False,False
622cfd32-fefc-538b-92e0-7c761e8052b4,30,7,chelsea,1cc11978-28c5-57b6-a8a3-ba979d1349e4,Tosin Adarabioyo,DEF,LCB,0,0.0,0.4085045609578896,30.76412878546423,0.0,UNKNOWN,UNKNOWN,0.0,0.4085045609578896,30.76412878546423,30.76412878546423,MINUTE_ERROR_30PLUS,0.4033786820296944,30.50701694998133,7.020666666666667,6.841666666666666,0.1790000000000011,1.6271428571428572,-0.9825976086294974,0.2897866447053967,0.9742382638853953,0.0,20.0,UNKNOWN,UNKNOWN,30.76412878546423,30.50701694998133,-0.25711183548289895,0.4085045609578896,0.4033786820296944,-0.0051258789281952155,-0.0051258789281952155,-0.25711183548289895,True,False
622cfd32-fefc-538b-92e0-7c761e8052b4,30,7,chelsea,fbe43cca-fb14-5420-94d6-3e253d5e57f2,Trevoh Chalobah,DEF,LCB,1,90.0,0.8750262345691004,78.80724239304284,1.0,LCB,4-2-3-1,1.0,0.1249737654308995,-11.19275760695716,11.19275760695716,OK,0.8581573068067304,77.29644676271586,7.215333333333334,6.674166666666668,0.5411666666666655,0.0742857142857138,0.6750698748386087,0.7172433359192607,0.0987249851208166,0.007859427499015,3.0,LCB,4-2-3-1,11.192757606957159,12.70355323728414,1.5107956303269816,0.12497376543089955,0.1418426931932696,0.016868927762370034,-0.016868927762370034,-1.5107956303269816,False,True
622cfd32-fefc-538b-92e0-7c761e8052b4,30,7,chelsea,ec2bf467-94f7-5b79-97a2-3632c0d199a8,Wesley Fofana,DEF,RCB,1,81.0,0.4843258361573311,41.01979025537838,1.0,RCB,4-2-3-1,1.0,0.5156741638426688,-39.98020974462162,39.98020974462162,MINUTE_ERROR_30PLUS,0.5003825458384523,42.16842229914732,6.835999999999999,7.051666666666667,-0.2156666666666673,-0.3557142857142858,-0.9905590210016324,-0.3447245918342165,-0.4416555800752104,-0.0098814804961754,20.0,RCB,4-2-3-1,39.98020974462162,38.83157770085268,-1.1486320437689415,0.515674163842669,0.4996174541615477,-0.016056709681121273,0.016056709681121217,1.1486320437689415,True,False
039b583c-5bdc-51f2-8934-ef0b7746978e,31,7,chelsea,c501a519-9def-5d4f-8667-f326dd161177,Aaron Anselmino,DEF,UNKNOWN,0,0.0,0.0019759802441845,0.1664354257250707,0.0,UNKNOWN,UNKNOWN,0.0,0.0019759802441845,0.1664354257250707,0.1664354257250707,OK,0.0020100658849818,0.1690936854851091,0.0,0.0,0.0,0.0,0.0,0.0,0.0,0.0,0.0,UNKNOWN,UNKNOWN,0.1664354257250707,0.1690936854851091,0.0026582597600384172,0.0019759802441845,0.0020100658849818,3.408564079730031e-05,3.408564079730031e-05,0.0026582597600384172,False,False
039b583c-5bdc-51f2-8934-ef0b7746978e,31,7,chelsea,4ef46620-e339-50a5-9169-d9c6d85f3a47,Alejandro Garnacho,MID,LAM,0,45.0,0.7590602745809855,70.59850821683274,1.0,LAM,4-2-3-1,0.0,0.7590602745809855,25.59850821683274,25.59850821683274,MAP_XI_FALSE_POSITIVE,0.7618037589664791,70.81942417468777,7.640666666666665,6.997499999999999,0.6431666666666667,-1.8014285714285707,0.9177298371931312,0.79019266856581,-0.9837364256411252,0.0081040266101985,20.0,LAM,4-2-3-1,25.59850821683274,25.819424174687768,0.22091595785502705,0.7590602745809855,0.7618037589664791,0.0027434843854936553,0.0027434843854936553,0.22091595785502705,False,True
039b583c-5bdc-51f2-8934-ef0b7746978e,31,7,chelsea,762fd3f4-3f85-52c7-b5be-8c0c563cf25f,Andrey Nascimento dos Santos,MID,LDM,0,33.0,0.2419591311163517,21.530904727704847,0.0,UNKNOWN,UNKNOWN,0.0,0.2419591311163517,-11.469095272295151,11.469095272295151,OK,0.2451162055573096,21.756519133894887,7.326666666666667,6.905833333333334,0.4208333333333334,0.9714285714285724,0.7822379589761714,0.6052486199354536,0.8604922452656103,0.0,20.0,UNKNOWN,UNKNOWN,11.469095272295153,11.243480866105113,-0.22561440619004003,0.2419591311163517,0.2451162055573096,0.003157074440957891,0.003157074440957891,0.22561440619004003,True,False
039b583c-5bdc-51f2-8934-ef0b7746978e,31,7,chelsea,4dc8670b-9980-5a26-9e9d-c98c1f9bb333,Benoît Badiashile,DEF,LCB,0,0.0,0.0507015065514874,2.9876806116092096,0.0,UNKNOWN,UNKNOWN,0.0,0.0507015065514874,2.9876806116092096,2.9876806116092096,OK,0.0515327073028574,3.0285715672837834,7.1,6.653636363636363,0.4463636363636363,0.4928571428571429,0.5871682693574662,0.6315193535285658,0.5764588545429555,0.0,20.0,UNKNOWN,UNKNOWN,2.9876806116092096,3.0285715672837834,0.04089095567457379,0.0507015065514874,0.0515327073028574,0.0008312007513700051,0.0008312007513700051,0.04089095567457379,False,True
039b583c-5bdc-51f2-8934-ef0b7746978e,31,7,chelsea,895b3f1f-0f9e-528b-86a3-7a7cba558310,Christopher Nkunku,MID,UNKNOWN,0,0.0,0.0019890982096767,0.1683617463631501,0.0,UNKNOWN,UNKNOWN,0.0,0.0019890982096767,0.1683617463631501,0.1683617463631501,OK,0.0020234096764831,0.171037586727594,0.0,0.0,0.0,0.0,0.0,0.0,0.0,0.0,0.0,UNKNOWN,UNKNOWN,0.1683617463631501,0.171037586727594,0.0026758403644439044,0.0019890982096767,0.0020234096764831,3.4311466806399935e-05,3.4311466806399935e-05,0.0026758403644439044,False,False
039b583c-5bdc-51f2-8934-ef0b7746978e,31,7,chelsea,481b07c4-b805-52cf-a0ee-593af134790d,Cole Palmer,MID,CAM,1,90.0,0.826630143968936,74.96245941920229,1.0,RAM,4-2-3-1,1.0,0.173369856031064,-15.03754058079771,15.03754058079771,OK,0.8286312644340703,75.12797227344397,7.287333333333334,7.409166666666668,-0.1218333333333339,-0.5728571428571438,-0.5588168275019921,-0.2003100614005728,-0.6433153706887872,-0.0095527998059063,20.0,RAM,4-2-3-1,15.03754058079771,14.872027726556027,-0.16551285424168327,0.17336985603106403,0.1713687355659297,-0.002001120465134343,0.002001120465134343,0.16551285424168327,True,False
039b583c-5bdc-51f2-8934-ef0b7746978e,31,7,chelsea,1cbf9470-32ae-558b-85b7-1337e7cc76f0,Dário Luís Essugo,MID,UNKNOWN,0,0.0,0.0019890982096767,0.1683617463631501,0.0,UNKNOWN,UNKNOWN,0.0,0.0019890982096767,0.1683617463631501,0.1683617463631501,OK,0.0020234096764831,0.171037586727594,8.51,0.0,0.0,0.0,0.0,0.0,0.0,0.0,0.0,UNKNOWN,UNKNOWN,0.1683617463631501,0.171037586727594,0.0026758403644439044,0.0019890982096767,0.0020234096764831,3.4311466806399935e-05,3.4311466806399935e-05,0.0026758403644439044,False,False
039b583c-5bdc-51f2-8934-ef0b7746978e,31,7,chelsea,5b51fc3a-1f45-56e1-9ecc-0bda87474227,Enzo Fernández,MID,CAM,1,90.0,0.8580659767355772,79.38537134341617,1.0,CAM,4-2-3-1,1.0,0.1419340232644228,-10.614628656583832,10.614628656583832,OK,0.846716516222014,78.63984538481027,7.334,7.441666666666666,-0.1076666666666659,-0.2014285714285719,0.7869362962897126,-0.1775428776114406,-0.262295047074865,-0.0004032273156205,5.0,CAM,4-2-3-1,10.614628656583832,11.360154615189728,0.7455259586058958,0.14193402326442284,0.15328348377798595,0.011349460513563114,-0.011349460513563114,-0.7455259586058958,False,True
039b583c-5bdc-51f2-8934-ef0b7746978e,31,7,chelsea,9b51b592-7b40-53df-a62d-6af0afa0bb0e,Estêvão Almeida de Oliveira Gonçalves,MID,RAM,0,20.0,0.0602958988316104,4.350188341588699,0.0,UNKNOWN,UNKNOWN,0.0,0.0602958988316104,-15.649811658411302,15.649811658411302,OK,0.061274237488953,4.411265696555271,7.278,6.8425,0.4354999999999993,1.4614285714285715,0.7487042869693086,0.6205096061737068,0.9602081121319804,0.0,20.0,UNKNOWN,UNKNOWN,15.649811658411302,15.58873430344473,-0.06107735496657263,0.0602958988316104,0.061274237488953,0.0009783386573425992,0.0009783386573425992,0.06107735496657174,True,False
039b583c-5bdc-51f2-8934-ef0b7746978e,31,7,chelsea,d7143aed-fcb8-5af3-8721-72433dd889d7,Filip Jørgensen,GK,GK,0,0.0,0.1102866102313271,10.656476462662525,0.0,UNKNOWN,UNKNOWN,0.0,0.1102866102313271,10.656476462662525,10.656476462662525,OK,0.1119794214256857,10.807439215105882,6.754666666666666,6.382000000000001,0.3726666666666656,0.3971428571428577,-0.2090925514442442,0.5519011746573822,0.4850170040054472,0.0,1.0,UNKNOWN,UNKNOWN,10.656476462662525,10.807439215105882,0.15096275244335722,0.1102866102313271,0.1119794214256857,0.001692811194358601,0.001692811194358601,0.15096275244335722,False,True
039b583c-5bdc-51f2-8934-ef0b7746978e,31,7,chelsea,9d723959-80a6-5a8b-a21b-2cca95b2ab7c,Gabriel Słonina,GK,UNKNOWN,0,0.0,0.0017729084017438,0.1510011692298084,0.0,UNKNOWN,UNKNOWN,0.0,0.0017729084017438,0.1510011692298084,0.1510011692298084,OK,0.0018034973852882,0.1533867204592811,0.0,0.0,0.0,0.0,0.0,0.0,0.0,0.0,0.0,UNKNOWN,UNKNOWN,0.1510011692298084,0.1533867204592811,0.0023855512294726766,0.0017729084017438,0.0018034973852882,3.0588983544400017e-05,3.0588983544400017e-05,0.0023855512294726766,False,False
039b583c-5bdc-51f2-8934-ef0b7746978e,31,7,chelsea,102260dc-086e-540f-ac1b-5c571502d8d4,Jamie Bynoe-Gittens,MID,LAM,0,0.0,0.0327404895617988,1.828178946934496,0.0,UNKNOWN,UNKNOWN,0.0,0.0327404895617988,1.828178946934496,1.828178946934496,OK,0.0332875624329539,1.8412847418901217,6.06,6.887499999999999,-0.8274999999999997,0.0857142857142863,-0.9897541017553844,-0.8807645269459439,0.1137907297100765,0.0,20.0,UNKNOWN,UNKNOWN,1.828178946934496,1.8412847418901217,0.013105794955625694,0.0327404895617988,0.0332875624329539,0.0005470728711551021,0.0005470728711551021,0.013105794955625694,False,True
039b583c-5bdc-51f2-8934-ef0b7746978e,31,7,chelsea,932d386d-f372-53de-a37f-381a73a67e07,Jorrel Hato,DEF,LB,1,90.0,0.293368893550305,32.56597187340047,0.0,UNKNOWN,UNKNOWN,1.0,0.7066311064496951,-57.43402812659953,57.43402812659953,MAP_XI_FALSE_NEGATIVE,0.2969340029481571,32.84733660990656,6.8373333333333335,6.856666666666666,-0.019333333333332,-0.3157142857142849,-0.8714051135813252,-0.0322110750455889,-0.3977324583183012,0.0,20.0,UNKNOWN,UNKNOWN,57.43402812659953,57.15266339009344,-0.2813647365060916,0.7066311064496951,0.7030659970518429,-0.003565109397852151,0.0035651093978520954,0.2813647365060916,True,False
039b583c-5bdc-51f2-8934-ef0b7746978e,31,7,chelsea,9998e641-8e7f-5837-8d46-ad335b484a00,Josh Acheampong,DEF,RCB,0,0.0,0.1753860674633944,14.70386774610554,0.0,UNKNOWN,UNKNOWN,0.0,0.1753860674633944,14.70386774610554,14.70386774610554,OK,0.1778783305760137,14.895169970824304,7.257333333333333,6.8500000000000005,0.4073333333333329,1.9557142857142853,0.7331735798769481,0.5907965819926072,0.9891924395503844,0.0,20.0,UNKNOWN,UNKNOWN,14.70386774610554,14.895169970824304,0.19130222471876301,0.1753860674633944,0.1778783305760137,0.0024922631126192973,0.0024922631126192973,0.19130222471876301,False,True
039b583c-5bdc-51f2-8934-ef0b7746978e,31,7,chelsea,4448091c-aeb7-5ab3-a537-b2b547480e63,João Pedro Junqueira de Jesus,FWD,ST,1,77.0,0.8495316761869817,81.03002421890427,1.0,ST,4-2-3-1,1.0,0.1504683238130183,4.030024218904273,4.030024218904273,OK,0.836483798615762,80.30693899452496,7.120666666666667,7.270833333333333,-0.1501666666666663,-1.63,-0.2708471185167219,-0.2451797598695388,-0.9744312981660674,0.004129493808774,2.0,ST,4-2-3-1,4.030024218904273,3.3069389945249554,-0.723085224379318,0.15046832381301833,0.16351620138423795,0.013047877571219613,-0.013047877571219613,-0.723085224379318,True,False
039b583c-5bdc-51f2-8934-ef0b7746978e,31,7,chelsea,877d9c71-fd12-5aab-8c4b-9df2eb81bbf0,Kendry Páez Andrade,MID,UNKNOWN,0,0.0,0.0019890982096767,0.1683617463631501,0.0,UNKNOWN,UNKNOWN,0.0,0.0019890982096767,0.1683617463631501,0.1683617463631501,OK,0.0020234096764831,0.171037586727594,0.0,0.0,0.0,0.0,0.0,0.0,0.0,0.0,0.0,UNKNOWN,UNKNOWN,0.1683617463631501,0.171037586727594,0.0026758403644439044,0.0019890982096767,0.0020234096764831,3.4311466806399935e-05,3.4311466806399935e-05,0.0026758403644439044,False,False
039b583c-5bdc-51f2-8934-ef0b7746978e,31,7,chelsea,64e1d98b-b70a-5d8f-a6fe-c77a7ea90c46,Landon Emenalo,MID,UNKNOWN,0,0.0,0.0019890982096767,0.1683617463631501,0.0,UNKNOWN,UNKNOWN,0.0,0.0019890982096767,0.1683617463631501,0.1683617463631501,OK,0.0020234096764831,0.171037586727594,0.0,0.0,0.0,0.0,0.0,0.0,0.0,0.0,0.0,UNKNOWN,UNKNOWN,0.1683617463631501,0.171037586727594,0.0026758403644439044,0.0019890982096767,0.0020234096764831,3.4311466806399935e-05,3.4311466806399935e-05,0.0026758403644439044,False,False
039b583c-5bdc-51f2-8934-ef0b7746978e,31,7,chelsea,46f70fd6-45f6-55b9-884d-24feb13db9c3,Levi Colwill,DEF,UNKNOWN,0,0.0,0.0019759802441845,0.1664354257250707,0.0,UNKNOWN,UNKNOWN,0.0,0.0019759802441845,0.1664354257250707,0.1664354257250707,OK,0.0020100658849818,0.1690936854851091,0.0,0.0,0.0,0.0,0.0,0.0,0.0,0.0,0.0,UNKNOWN,UNKNOWN,0.1664354257250707,0.1690936854851091,0.0026582597600384172,0.0019759802441845,0.0020100658849818,3.408564079730031e-05,3.408564079730031e-05,0.0026582597600384172,False,False
039b583c-5bdc-51f2-8934-ef0b7746978e,31,7,chelsea,8b1af3a3-b391-5111-954e-dbda5d6d12a5,Liam Delap,FWD,ST,0,12.0,0.7011631459953047,71.67004139141704,0.0,UNKNOWN,UNKNOWN,0.0,0.7011631459953047,59.67004139141704,59.67004139141704,MINUTE_ERROR_45PLUS,0.704741507253223,71.88952877560281,6.739333333333334,6.429999999999999,0.3093333333333348,-0.5342857142857147,-0.9055490171818577,0.4742625023718531,-0.6121676951681262,0.0,20.0,UNKNOWN,UNKNOWN,59.670041391417044,59.88952877560281,0.21948738418576852,0.7011631459953047,0.704741507253223,0.0035783612579183277,0.0035783612579183277,0.21948738418576852,False,True
039b583c-5bdc-51f2-8934-ef0b7746978e,31,7,chelsea,972fc541-f01f-51fc-b746-5238f72285d7,Malo Gusto,DEF,RB,1,45.0,0.4818154068627722,29.514567933461706,1.0,RB,4-2-3-1,1.0,0.5181845931372278,-15.485432066538298,15.485432066538298,OK,0.4801373261752883,29.45448504990888,6.706,6.806666666666668,-0.1006666666666671,-0.0128571428571433,-0.915059711083699,-0.1662210238038146,-0.0171411780399462,-0.0124271572027776,20.0,RB,4-2-3-1,15.485432066538294,15.545514950091121,0.06008288355282687,0.5181845931372278,0.5198626738247116,0.0016780806874838738,-0.0016780806874838738,-0.06008288355282687,False,True
039b583c-5bdc-51f2-8934-ef0b7746978e,31,7,chelsea,c1d2c6e2-92b5-5eb7-abc2-bfb9ba6fffa1,Mamadou Sarr,DEF,LCB,0,0.0,0.072103621840997,8.138899370222177,0.0,UNKNOWN,UNKNOWN,0.0,0.072103621840997,8.138899370222177,8.138899370222177,OK,0.0732586121572249,8.23955052004919,6.595714285714286,0.0,0.0,0.4066666666666663,-0.9404104514140323,0.0,0.4946682627959506,0.0,20.0,UNKNOWN,UNKNOWN,8.138899370222177,8.23955052004919,0.10065114982701395,0.072103621840997,0.0732586121572249,0.0011549903162278996,0.0011549903162278996,0.10065114982701395,False,True
039b583c-5bdc-51f2-8934-ef0b7746978e,31,7,chelsea,3d33e637-0658-5cc2-964e-b281c5cdf9fc,Marc Cucurella Saseta,DEF,LB,1,90.0,0.8454564019410259,77.37763033857064,1.0,LB,4-2-3-1,1.0,0.1545435980589741,-12.62236966142936,12.62236966142936,OK,0.8441637060501086,77.27211766812145,6.903333333333333,6.916666666666667,-0.0133333333333336,0.6785714285714288,-0.8422567348046195,-0.0222185649656754,0.7186086249826393,0.0027503845379244,20.0,LB,4-2-3-1,12.62236966142936,12.727882331878547,0.10551267044918688,0.1545435980589741,0.1558362939498914,0.0012926958909172948,-0.0012926958909172948,-0.10551267044918688,False,True
039b583c-5bdc-51f2-8934-ef0b7746978e,31,7,chelsea,6538c4ff-2308-56ae-85e7-392fba76d555,Marc Guiu Paz,FWD,ST,0,0.0,0.0751505168911894,6.683961372590223,0.0,UNKNOWN,UNKNOWN,0.0,0.0751505168911894,6.683961372590223,6.683961372590223,OK,0.0763502978643679,6.7725858206685,6.191999999999999,6.462999999999999,-0.2709999999999999,-0.8614285714285721,-0.9841360384990318,-0.4232680433716258,-0.817280270112219,0.0,20.0,UNKNOWN,UNKNOWN,6.683961372590223,6.7725858206685,0.08862444807827696,0.0751505168911894,0.0763502978643679,0.0011997809731784936,0.0011997809731784936,0.08862444807827696,False,True
039b583c-5bdc-51f2-8934-ef0b7746978e,31,7,chelsea,dc638cac-db3d-56dd-9d2a-a3a75b54c5b5,Max Merrick,GK,UNKNOWN,0,0.0,0.0017729084017438,0.1510011692298084,0.0,UNKNOWN,UNKNOWN,0.0,0.0017729084017438,0.1510011692298084,0.1510011692298084,OK,0.0018034973852882,0.1533867204592811,0.0,0.0,0.0,0.0,0.0,0.0,0.0,0.0,0.0,UNKNOWN,UNKNOWN,0.1510011692298084,0.1533867204592811,0.0023855512294726766,0.0017729084017438,0.0018034973852882,3.0588983544400017e-05,3.0588983544400017e-05,0.0023855512294726766,False,False
039b583c-5bdc-51f2-8934-ef0b7746978e,31,7,chelsea,f1c0774d-5c89-577b-bdf9-fe6b58ed1b6e,Mike Penders,GK,UNKNOWN,0,0.0,0.0017729084017438,0.1510011692298084,0.0,UNKNOWN,UNKNOWN,0.0,0.0017729084017438,0.1510011692298084,0.1510011692298084,OK,0.0018034973852882,0.1533867204592811,0.0,0.0,0.0,0.0,0.0,0.0,0.0,0.0,0.0,UNKNOWN,UNKNOWN,0.1510011692298084,0.1533867204592811,0.0023855512294726766,0.0017729084017438,0.0018034973852882,3.0588983544400017e-05,3.0588983544400017e-05,0.0023855512294726766,False,False
039b583c-5bdc-51f2-8934-ef0b7746978e,31,7,chelsea,c92d55cb-06d1-553d-aad7-f64c0de898a5,Moisés Caicedo Corozo,MID,LDM,1,77.0,0.5513154250736182,37.08736755668375,1.0,LDM,4-2-3-1,1.0,0.4486845749263818,-39.912632443316255,39.912632443316255,MINUTE_ERROR_30PLUS,0.5375427214358905,36.27711553124478,6.696,7.475833333333333,-0.7798333333333334,-0.1842857142857141,-0.8927994791866901,-0.8616516329727552,-0.2408858189484236,-0.0150202016545268,5.0,LDM,4-2-3-1,39.91263244331625,40.72288446875522,0.8102520254389702,0.4486845749263818,0.46245727856410945,0.013772703637727646,-0.013772703637727646,-0.8102520254389702,False,True
039b583c-5bdc-51f2-8934-ef0b7746978e,31,7,chelsea,7ad17b55-f67d-5f9d-9f04-df4f76c1e314,Mykhailo Mudryk,MID,UNKNOWN,0,0.0,0.0019890982096767,0.1683617463631501,0.0,UNKNOWN,UNKNOWN,0.0,0.0019890982096767,0.1683617463631501,0.1683617463631501,OK,0.0020234096764831,0.171037586727594,0.0,0.0,0.0,0.0,0.0,0.0,0.0,0.0,0.0,UNKNOWN,UNKNOWN,0.1683617463631501,0.171037586727594,0.0026758403644439044,0.0019890982096767,0.0020234096764831,3.4311466806399935e-05,3.4311466806399935e-05,0.0026758403644439044,False,False
039b583c-5bdc-51f2-8934-ef0b7746978e,31,7,chelsea,14394b8e-b6dc-52d7-8711-db31e2d5afc5,Nicolas Jackson,FWD,UNKNOWN,0,0.0,0.0018770528222319,0.1589860305049654,0.0,UNKNOWN,UNKNOWN,0.0,0.0018770528222319,0.1589860305049654,0.1589860305049654,OK,0.0019094352308194,0.161511450517795,0.0,0.0,0.0,0.0,0.0,0.0,0.0,0.0,0.0,UNKNOWN,UNKNOWN,0.1589860305049654,0.161511450517795,0.002525420012829599,0.0018770528222319,0.0019094352308194,3.238240858750006e-05,3.238240858750006e-05,0.002525420012829599,False,False
039b583c-5bdc-51f2-8934-ef0b7746978e,31,7,chelsea,653dcb32-98a1-5bdb-afc4-4dcee772c921,Pedro Lomba Neto,MID,RAM,1,69.0,0.1417955433441698,13.92461484549262,0.0,UNKNOWN,UNKNOWN,1.0,0.8582044566558302,-55.07538515450738,55.07538515450738,LOW_PSTART_STARTED,0.1438937726141816,14.063913596644875,7.666,6.776666666666666,0.889333333333334,1.5942857142857143,0.9241391589395253,0.9018835002496896,0.9719123351139802,0.0,20.0,UNKNOWN,UNKNOWN,55.07538515450738,54.93608640335513,-0.13929875115225343,0.8582044566558302,0.8561062273858184,-0.0020982292700117977,0.0020982292700117977,0.1392987511522552,True,False
039b583c-5bdc-51f2-8934-ef0b7746978e,31,7,chelsea,3655e646-d6d9-51ce-a14d-bed863d96c3c,Reece James,DEF,RB,0,0.0,0.8061124279794215,73.97462057759081,1.0,RDM,4-2-3-1,0.0,0.8061124279794215,73.97462057759081,73.97462057759081,HIGH_PSTART_DID_NOT_START,0.7991367884163524,73.39816318629988,7.557333333333332,7.228333333333334,0.3289999999999979,0.3485714285714287,0.8927994791866901,0.4992700369216695,0.4339573335667757,0.0149706580811688,20.0,RDM,4-2-3-1,73.97462057759081,73.39816318629988,-0.5764573912909299,0.8061124279794215,0.7991367884163524,-0.006975639563069125,-0.006975639563069125,-0.5764573912909299,True,False
039b583c-5bdc-51f2-8934-ef0b7746978e,31,7,chelsea,412fc00b-6fb5-5606-bb30-04e075a83220,Robert Sánchez,GK,GK,1,90.0,0.907806273238456,81.73944711849474,1.0,GK,4-2-3-1,1.0,0.0921937267615441,-8.260552881505262,8.260552881505262,OK,0.9276761712948876,83.51978889805967,6.882000000000001,6.9,-0.0179999999999989,0.5957142857142852,0.2090925514442442,-0.0299910032388183,0.6608300362737609,0.0038899082251286,1.0,GK,4-2-3-1,8.260552881505262,6.480211101940327,-1.7803417795649352,0.09219372676154403,0.07232382870511245,-0.01986989805643158,0.01986989805643158,1.7803417795649352,True,False
039b583c-5bdc-51f2-8934-ef0b7746978e,31,7,chelsea,f8666db2-925c-5357-81ba-263e71b165b3,Roméo Lavia,MID,LDM,1,56.0,0.3416118785184571,27.12101279391674,0.0,UNKNOWN,UNKNOWN,1.0,0.6583881214815429,-28.87898720608326,28.87898720608326,MAP_XI_FALSE_NEGATIVE,0.3454766233900465,27.225962708536173,6.316666666666666,6.574999999999999,-0.2583333333333328,-0.0571428571428569,-0.9760605627381824,-0.4057854900273375,-0.07604338943234,0.0,20.0,UNKNOWN,UNKNOWN,28.87898720608326,28.774037291463827,-0.10494991461943215,0.6583881214815429,0.6545233766099535,-0.0038647448715893873,0.0038647448715893873,0.10494991461943215,True,False
039b583c-5bdc-51f2-8934-ef0b7746978e,31,7,chelsea,0bbf4c7c-2ef0-50b5-9f1d-7be9fb72ecfd,Teddy Sharman-Lowe,GK,UNKNOWN,0,0.0,0.0017729084017438,0.1510011692298084,0.0,UNKNOWN,UNKNOWN,0.0,0.0017729084017438,0.1510011692298084,0.1510011692298084,OK,0.0018034973852882,0.1533867204592811,0.0,0.0,0.0,0.0,0.0,0.0,0.0,0.0,0.0,UNKNOWN,UNKNOWN,0.1510011692298084,0.1533867204592811,0.0023855512294726766,0.0017729084017438,0.0018034973852882,3.0588983544400017e-05,3.0588983544400017e-05,0.0023855512294726766,False,False
039b583c-5bdc-51f2-8934-ef0b7746978e,31,7,chelsea,1cc11978-28c5-57b6-a8a3-ba979d1349e4,Tosin Adarabioyo,DEF,LCB,0,12.0,0.1940092428849175,16.864857900401674,0.0,UNKNOWN,UNKNOWN,0.0,0.1940092428849175,4.864857900401674,4.864857900401674,OK,0.1967030175262125,17.010471959067743,7.020666666666667,6.841666666666666,0.1790000000000011,1.6271428571428572,0.4938285757233599,0.2897866447053967,0.9742382638853953,0.0,20.0,UNKNOWN,UNKNOWN,4.864857900401674,5.010471959067743,0.14561405866606947,0.1940092428849175,0.1967030175262125,0.0026937746412949992,0.0026937746412949992,0.14561405866606947,False,True
039b583c-5bdc-51f2-8934-ef0b7746978e,31,7,chelsea,fbe43cca-fb14-5420-94d6-3e253d5e57f2,Trevoh Chalobah,DEF,LCB,0,0.0,0.8668619457402083,78.08261812867893,1.0,LCB,4-2-3-1,0.0,0.8668619457402083,78.08261812867893,78.08261812867893,HIGH_PSTART_DID_NOT_START,0.8538202523490126,76.91523709890775,7.076666666666667,6.691666666666667,0.3849999999999998,-0.25,0.5274940056109129,0.5660332985343969,-0.3215127375316343,0.0033969634235723,3.0,LCB,4-2-3-1,78.08261812867893,76.91523709890775,-1.1673810297711782,0.8668619457402083,0.8538202523490126,-0.013041693391195652,-0.013041693391195652,-1.1673810297711782,True,False
039b583c-5bdc-51f2-8934-ef0b7746978e,31,7,chelsea,ec2bf467-94f7-5b79-97a2-3632c0d199a8,Wesley Fofana,DEF,RCB,1,90.0,0.7339053629447827,61.22922570374936,1.0,RCB,4-2-3-1,1.0,0.2660946370552173,-28.77077429625064,28.77077429625064,OK,0.7422007925785963,61.83542655903484,6.724666666666667,7.091666666666668,-0.3670000000000009,-0.2242857142857133,-0.9098524361351196,-0.545299244275258,-0.2904408118310365,-0.0101647999179802,20.0,RCB,4-2-3-1,28.770774296250643,28.164573440965157,-0.6062008552854863,0.2660946370552173,0.2577992074214037,-0.008295429633813578,0.008295429633813578,0.6062008552854863,True,False
6b1ba362-3ee7-5a51-8722-835e7613942b,32,7,chelsea,c501a519-9def-5d4f-8667-f326dd161177,Aaron Anselmino,DEF,UNKNOWN,0,0.0,0.0029817999838402,0.2435553109044231,0.0,UNKNOWN,UNKNOWN,0.0,0.0029817999838402,0.2435553109044231,0.2435553109044231,OK,0.0029702513775767,0.2426546466373024,0.0,0.0,0.0,0.0,0.0,0.0,0.0,0.0,0.0,UNKNOWN,UNKNOWN,0.2435553109044231,0.2426546466373024,-0.0009006642671206821,0.0029817999838402,0.0029702513775767,-1.154860626350002e-05,-1.154860626350002e-05,-0.0009006642671206821,False,False
6b1ba362-3ee7-5a51-8722-835e7613942b,32,7,chelsea,4ef46620-e339-50a5-9169-d9c6d85f3a47,Alejandro Garnacho,MID,LAM,0,23.0,0.3023028386561165,42.85782617153909,0.0,UNKNOWN,UNKNOWN,0.0,0.3023028386561165,19.857826171539088,19.857826171539088,OK,0.3014825580751963,42.80240139511936,7.614000000000001,7.0008333333333335,0.6131666666666673,1.5128571428571431,0.9666016425045576,0.7706573340664195,0.9652189318691146,0.0,20.0,UNKNOWN,UNKNOWN,19.857826171539088,19.80240139511936,-0.055424776419727095,0.3023028386561165,0.3014825580751963,-0.0008202805809202074,-0.0008202805809202074,-0.055424776419727095,True,False
6b1ba362-3ee7-5a51-8722-835e7613942b,32,7,chelsea,762fd3f4-3f85-52c7-b5be-8c0c563cf25f,Andrey Nascimento dos Santos,MID,LDM,1,66.0,0.5864735347028999,50.887502089187024,0.0,UNKNOWN,UNKNOWN,1.0,0.4135264652971001,-15.112497910812976,15.112497910812976,MAP_XI_FALSE_NEGATIVE,0.5855292885682919,50.83083867983468,7.558666666666666,6.940833333333333,0.6178333333333335,1.8028571428571436,0.9599721904041266,0.773796908714544,0.9837977632903492,0.0,20.0,UNKNOWN,UNKNOWN,15.112497910812976,15.169161320165323,0.05666340935234615,0.41352646529710013,0.4144707114317081,0.0009442461346079734,-0.0009442461346079734,-0.05666340935234615,False,True
6b1ba362-3ee7-5a51-8722-835e7613942b,32,7,chelsea,4dc8670b-9980-5a26-9e9d-c98c1f9bb333,Benoît Badiashile,DEF,LCB,0,0.0,0.0720290433795964,3.931160152700355,0.0,UNKNOWN,UNKNOWN,0.0,0.0720290433795964,3.931160152700355,3.931160152700355,OK,0.0717693227095987,3.918353603128226,7.1,6.653636363636363,0.4463636363636363,0.4928571428571429,0.827801648855295,0.6315193535285658,0.5764588545429555,0.0,20.0,UNKNOWN,UNKNOWN,3.931160152700355,3.918353603128226,-0.012806549572129011,0.0720290433795964,0.0717693227095987,-0.00025972066999770116,-0.00025972066999770116,-0.012806549572129011,True,False
6b1ba362-3ee7-5a51-8722-835e7613942b,32,7,chelsea,895b3f1f-0f9e-528b-86a3-7a7cba558310,Christopher Nkunku,MID,UNKNOWN,0,0.0,0.0030015752155444,0.2459011458239634,0.0,UNKNOWN,UNKNOWN,0.0,0.0030015752155444,0.2459011458239634,0.2459011458239634,OK,0.0029899502488644,0.2449945356500796,0.0,0.0,0.0,0.0,0.0,0.0,0.0,0.0,0.0,UNKNOWN,UNKNOWN,0.2459011458239634,0.2449945356500796,-0.0009066101738838261,0.0030015752155444,0.0029899502488644,-1.1624966679999946e-05,-1.1624966679999946e-05,-0.0009066101738838261,False,False
6b1ba362-3ee7-5a51-8722-835e7613942b,32,7,chelsea,481b07c4-b805-52cf-a0ee-593af134790d,Cole Palmer,MID,CAM,1,90.0,0.7941052805071359,72.47361104760397,1.0,CAM,4-2-3-1,1.0,0.2058947194928641,-17.526388952396033,17.526388952396033,OK,0.7775129854242145,71.06775699048318,6.7780000000000005,7.308333333333334,-0.5303333333333331,-0.5528571428571443,-0.8895989244341312,-0.7083621966080985,-0.6274158393754939,-0.0116436333462955,20.0,CAM,4-2-3-1,17.526388952396033,18.932243009516824,1.4058540571207914,0.2058947194928641,0.22248701457578546,0.01659229508292137,-0.01659229508292137,-1.4058540571207914,False,True
6b1ba362-3ee7-5a51-8722-835e7613942b,32,7,chelsea,1cbf9470-32ae-558b-85b7-1337e7cc76f0,Dário Luís Essugo,MID,UNKNOWN,0,8.0,0.0030015752155444,0.2459011458239634,0.0,UNKNOWN,UNKNOWN,0.0,0.0030015752155444,-7.754098854176036,7.754098854176036,OK,0.0029899502488644,0.2449945356500796,7.243333333333333,0.0,0.0,-1.8999999999999997,0.0,0.0,0.0,0.0,0.0,UNKNOWN,UNKNOWN,7.7540988541760365,7.75500546434992,0.0009066101738834931,0.0030015752155444,0.0029899502488644,-1.1624966679999946e-05,-1.1624966679999946e-05,-0.0009066101738838261,False,False
6b1ba362-3ee7-5a51-8722-835e7613942b,32,7,chelsea,5b51fc3a-1f45-56e1-9ecc-0bda87474227,Enzo Fernández,MID,CAM,0,0.0,0.810160412865029,76.54311758327417,1.0,LDM,4-2-3-1,0.0,0.810160412865029,76.54311758327417,76.54311758327417,HIGH_PSTART_DID_NOT_START,0.7966926764765204,75.59908708463716,7.129333333333333,7.420833333333334,-0.291500000000001,-0.5128571428571433,-0.6828552499436141,-0.4509031502746718,-0.5939904050201721,0.0075110346721523,5.0,LDM,4-2-3-1,76.54311758327417,75.59908708463716,-0.9440304986370052,0.810160412865029,0.7966926764765204,-0.013467736388508622,-0.013467736388508622,-0.9440304986370052,True,False
6b1ba362-3ee7-5a51-8722-835e7613942b,32,7,chelsea,9b51b592-7b40-53df-a62d-6af0afa0bb0e,Estêvão Almeida de Oliveira Gonçalves,MID,RAM,1,66.0,0.498139378620025,34.97616573368518,1.0,RAM,4-2-3-1,1.0,0.501860621379975,-31.02383426631482,31.02383426631482,MINUTE_ERROR_30PLUS,0.5312452963824662,36.825824868093726,8.208666666666666,6.597499999999999,1.6111666666666666,2.317142857142856,0.9953317334229064,0.9907399806101064,0.9958637706643608,0.0187071238146607,20.0,RAM,4-2-3-1,31.02383426631482,29.174175131906274,-1.8496591344085473,0.501860621379975,0.4687547036175338,-0.033105917762441206,0.033105917762441206,1.8496591344085473,True,False
6b1ba362-3ee7-5a51-8722-835e7613942b,32,7,chelsea,d7143aed-fcb8-5af3-8721-72433dd889d7,Filip Jørgensen,GK,GK,0,0.0,0.0948032970241369,8.882419734317548,0.0,UNKNOWN,UNKNOWN,0.0,0.0948032970241369,8.882419734317548,8.882419734317548,OK,0.0944698173856523,8.852535571818839,6.754666666666666,6.382000000000001,0.3726666666666656,0.3971428571428577,0.7397830512740039,0.5519011746573822,0.4850170040054472,0.0,1.0,UNKNOWN,UNKNOWN,8.882419734317548,8.852535571818839,-0.029884162498708733,0.0948032970241369,0.0944698173856523,-0.00033347963848459616,-0.00033347963848459616,-0.029884162498708733,True,False
6b1ba362-3ee7-5a51-8722-835e7613942b,32,7,chelsea,9d723959-80a6-5a8b-a21b-2cca95b2ab7c,Gabriel Słonina,GK,UNKNOWN,0,0.0,0.0026756369907681,0.2200340292625946,0.0,UNKNOWN,UNKNOWN,0.0,0.0026756369907681,0.2200340292625946,0.2200340292625946,OK,0.002665270993649,0.2192255991425397,0.0,0.0,0.0,0.0,0.0,0.0,0.0,0.0,0.0,UNKNOWN,UNKNOWN,0.2200340292625946,0.2192255991425397,-0.0008084301200549093,0.0026756369907681,0.002665270993649,-1.0365997119099989e-05,-1.0365997119099989e-05,-0.0008084301200549093,False,False
6b1ba362-3ee7-5a51-8722-835e7613942b,32,7,chelsea,102260dc-086e-540f-ac1b-5c571502d8d4,Jamie Bynoe-Gittens,MID,LAM,0,0.0,0.0481255478107763,1.9692367125468555,0.0,UNKNOWN,UNKNOWN,0.0,0.0481255478107763,1.9692367125468555,1.9692367125468555,OK,0.0479475644083515,1.9649303778971925,6.06,6.887499999999999,-0.8274999999999997,0.0857142857142863,-0.9893852175459024,-0.8807645269459439,0.1137907297100765,0.0,20.0,UNKNOWN,UNKNOWN,1.9692367125468555,1.9649303778971925,-0.004306334649663013,0.0481255478107763,0.0479475644083515,-0.0001779834024247945,-0.0001779834024247945,-0.004306334649663013,False,False
6b1ba362-3ee7-5a51-8722-835e7613942b,32,7,chelsea,932d386d-f372-53de-a37f-381a73a67e07,Jorrel Hato,DEF,LB,1,90.0,0.8479776221448342,78.01822080963622,0.0,UNKNOWN,UNKNOWN,1.0,0.1520223778551658,-11.98177919036378,11.98177919036378,MAP_XI_FALSE_NEGATIVE,0.8474752011226249,77.97870367420487,7.63,6.84,0.79,1.6714285714285717,0.9683087361509198,0.8659525778543282,0.9770749346549146,0.0,20.0,UNKNOWN,UNKNOWN,11.981779190363781,12.021296325795134,0.03951713543135327,0.1520223778551658,0.15252479887737513,0.0005024210222093206,-0.0005024210222093206,-0.03951713543135327,False,True
6b1ba362-3ee7-5a51-8722-835e7613942b,32,7,chelsea,9998e641-8e7f-5837-8d46-ad335b484a00,Josh Acheampong,DEF,RCB,0,2.0,0.2411029986572836,19.892837078812278,0.0,UNKNOWN,UNKNOWN,0.0,0.2411029986572836,17.892837078812274,17.892837078812274,OK,0.2403915634696172,19.838364024053856,7.257333333333333,6.8500000000000005,0.4073333333333329,1.9557142857142853,0.8943667462978487,0.5907965819926072,0.9891924395503844,0.0,20.0,UNKNOWN,UNKNOWN,17.892837078812278,17.838364024053856,-0.05447305475842157,0.2411029986572836,0.2403915634696172,-0.0007114351876663927,-0.0007114351876663927,-0.05447305475842157,True,False
6b1ba362-3ee7-5a51-8722-835e7613942b,32,7,chelsea,4448091c-aeb7-5ab3-a537-b2b547480e63,João Pedro Junqueira de Jesus,FWD,ST,1,81.0,0.8204499548133413,70.34534993656665,1.0,ST,4-2-3-1,1.0,0.1795500451866587,-10.654650063433351,10.654650063433351,OK,0.8036248159679384,69.58717368109996,7.191999999999999,7.605833333333333,-0.4138333333333337,1.731428571428571,0.9373256265693808,-0.5978035215440094,0.9804313829322068,0.0111570783035463,2.0,ST,4-2-3-1,10.654650063433351,11.412826318900045,0.7581762554666938,0.17955004518665874,0.19637518403206156,0.01682513884540282,-0.01682513884540282,-0.7581762554666938,False,True
6b1ba362-3ee7-5a51-8722-835e7613942b,32,7,chelsea,877d9c71-fd12-5aab-8c4b-9df2eb81bbf0,Kendry Páez Andrade,MID,UNKNOWN,0,0.0,0.0030015752155444,0.2459011458239634,0.0,UNKNOWN,UNKNOWN,0.0,0.0030015752155444,0.2459011458239634,0.2459011458239634,OK,0.0029899502488644,0.2449945356500796,0.0,0.0,0.0,0.0,0.0,0.0,0.0,0.0,0.0,UNKNOWN,UNKNOWN,0.2459011458239634,0.2449945356500796,-0.0009066101738838261,0.0030015752155444,0.0029899502488644,-1.1624966679999946e-05,-1.1624966679999946e-05,-0.0009066101738838261,False,False
6b1ba362-3ee7-5a51-8722-835e7613942b,32,7,chelsea,64e1d98b-b70a-5d8f-a6fe-c77a7ea90c46,Landon Emenalo,MID,UNKNOWN,0,0.0,0.0030015752155444,0.2459011458239634,0.0,UNKNOWN,UNKNOWN,0.0,0.0030015752155444,0.2459011458239634,0.2459011458239634,OK,0.0029899502488644,0.2449945356500796,0.0,0.0,0.0,0.0,0.0,0.0,0.0,0.0,0.0,UNKNOWN,UNKNOWN,0.2459011458239634,0.2449945356500796,-0.0009066101738838261,0.0030015752155444,0.0029899502488644,-1.1624966679999946e-05,-1.1624966679999946e-05,-0.0009066101738838261,False,False
6b1ba362-3ee7-5a51-8722-835e7613942b,32,7,chelsea,46f70fd6-45f6-55b9-884d-24feb13db9c3,Levi Colwill,DEF,UNKNOWN,0,0.0,0.0029817999838402,0.2435553109044231,0.0,UNKNOWN,UNKNOWN,0.0,0.0029817999838402,0.2435553109044231,0.2435553109044231,OK,0.0029702513775767,0.2426546466373024,0.0,0.0,0.0,0.0,0.0,0.0,0.0,0.0,0.0,UNKNOWN,UNKNOWN,0.2435553109044231,0.2426546466373024,-0.0009006642671206821,0.0029817999838402,0.0029702513775767,-1.154860626350002e-05,-1.154860626350002e-05,-0.0009006642671206821,False,False
6b1ba362-3ee7-5a51-8722-835e7613942b,32,7,chelsea,8b1af3a3-b391-5111-954e-dbda5d6d12a5,Liam Delap,FWD,ST,0,9.0,0.4464433391138369,49.1752621101847,0.0,UNKNOWN,UNKNOWN,0.0,0.4464433391138369,40.1752621101847,40.1752621101847,MINUTE_ERROR_30PLUS,0.4454816710277526,49.10433937307496,6.1626666666666665,6.738333333333333,-0.5756666666666668,-0.1985714285714284,-0.9850859106369846,-0.7440289582441583,-0.2587440825051805,0.0,20.0,UNKNOWN,UNKNOWN,40.1752621101847,40.10433937307496,-0.07092273710973984,0.4464433391138369,0.4454816710277526,-0.0009616680860842775,-0.0009616680860842775,-0.07092273710973984,True,False
6b1ba362-3ee7-5a51-8722-835e7613942b,32,7,chelsea,972fc541-f01f-51fc-b746-5238f72285d7,Malo Gusto,DEF,RB,1,87.0,0.7237627461564936,35.609192554423515,1.0,RB,4-2-3-1,1.0,0.2762372538435064,-51.390807445576485,51.390807445576485,MINUTE_ERROR_45PLUS,0.7106156756093214,35.145475886064375,7.379333333333333,6.881666666666667,0.4976666666666665,1.458571428571429,0.9283987907960332,0.6801775864363998,0.9599098783445948,0.001573338059863,20.0,RB,4-2-3-1,51.390807445576485,51.854524113935625,0.46371666835914027,0.2762372538435064,0.2893843243906786,0.013147070547172235,-0.013147070547172235,-0.46371666835914027,False,True
6b1ba362-3ee7-5a51-8722-835e7613942b,32,7,chelsea,c1d2c6e2-92b5-5eb7-abc2-bfb9ba6fffa1,Mamadou Sarr,DEF,LCB,0,0.0,0.040767061975903,4.38152052634931,0.0,UNKNOWN,UNKNOWN,0.0,0.040767061975903,4.38152052634931,4.38152052634931,OK,0.0406151313845163,4.3681180315448,6.595714285714286,0.0,0.0,0.4066666666666663,-0.9383201123447796,0.0,0.4946682627959506,0.0,20.0,UNKNOWN,UNKNOWN,4.38152052634931,4.3681180315448,-0.01340249480451039,0.040767061975903,0.0406151313845163,-0.00015193059138669807,-0.00015193059138669807,-0.01340249480451039,True,False
6b1ba362-3ee7-5a51-8722-835e7613942b,32,7,chelsea,3d33e637-0658-5cc2-964e-b281c5cdf9fc,Marc Cucurella Saseta,DEF,LB,1,90.0,0.5863191730178573,55.76789408560894,1.0,LB,4-2-3-1,1.0,0.4136808269821427,-34.23210591439106,34.23210591439106,MINUTE_ERROR_30PLUS,0.5872708487076727,55.846643382959904,6.416666666666667,6.857499999999999,-0.4408333333333321,-0.9571428571428564,-0.9655644219265698,-0.6259458592763074,-0.8554666127777009,-0.0173930000069823,20.0,LB,4-2-3-1,34.23210591439106,34.153356617040096,-0.07874929735096714,0.4136808269821427,0.41272915129232735,-0.0009516756898153567,0.0009516756898153567,0.07874929735096714,True,False
6b1ba362-3ee7-5a51-8722-835e7613942b,32,7,chelsea,6538c4ff-2308-56ae-85e7-392fba76d555,Marc Guiu Paz,FWD,ST,0,0.0,0.0345250396147408,3.1181279165298164,0.0,UNKNOWN,UNKNOWN,0.0,0.0345250396147408,3.1181279165298164,3.1181279165298164,OK,0.0343955376373197,3.1084861889676736,6.191999999999999,6.462999999999999,-0.2709999999999999,-0.8614285714285721,-0.9835665570716592,-0.4232680433716258,-0.817280270112219,0.0,20.0,UNKNOWN,UNKNOWN,3.1181279165298164,3.1084861889676736,-0.009641727562142766,0.0345250396147408,0.0343955376373197,-0.00012950197742109953,-0.00012950197742109953,-0.009641727562142766,False,False
6b1ba362-3ee7-5a51-8722-835e7613942b,32,7,chelsea,dc638cac-db3d-56dd-9d2a-a3a75b54c5b5,Max Merrick,GK,UNKNOWN,0,0.0,0.0026756369907681,0.2200340292625946,0.0,UNKNOWN,UNKNOWN,0.0,0.0026756369907681,0.2200340292625946,0.2200340292625946,OK,0.002665270993649,0.2192255991425397,0.0,0.0,0.0,0.0,0.0,0.0,0.0,0.0,0.0,UNKNOWN,UNKNOWN,0.2200340292625946,0.2192255991425397,-0.0008084301200549093,0.0026756369907681,0.002665270993649,-1.0365997119099989e-05,-1.0365997119099989e-05,-0.0008084301200549093,False,False
6b1ba362-3ee7-5a51-8722-835e7613942b,32,7,chelsea,f1c0774d-5c89-577b-bdf9-fe6b58ed1b6e,Mike Penders,GK,UNKNOWN,0,0.0,0.0026756369907681,0.2200340292625946,0.0,UNKNOWN,UNKNOWN,0.0,0.0026756369907681,0.2200340292625946,0.2200340292625946,OK,0.002665270993649,0.2192255991425397,0.0,0.0,0.0,0.0,0.0,0.0,0.0,0.0,0.0,UNKNOWN,UNKNOWN,0.2200340292625946,0.2192255991425397,-0.0008084301200549093,0.0026756369907681,0.002665270993649,-1.0365997119099989e-05,-1.0365997119099989e-05,-0.0008084301200549093,False,False
6b1ba362-3ee7-5a51-8722-835e7613942b,32,7,chelsea,c92d55cb-06d1-553d-aad7-f64c0de898a5,Moisés Caicedo Corozo,MID,LDM,1,81.0,0.5771997066120953,44.973347423659455,1.0,RDM,4-2-3-1,1.0,0.4228002933879047,-36.026652576340545,36.026652576340545,MINUTE_ERROR_30PLUS,0.5681630561611947,44.32237755553243,6.391333333333334,7.469166666666665,-1.0778333333333316,-0.5171428571428569,-0.9683087361509198,-0.9464307707212236,-0.5976760002793547,-0.0184071443294184,5.0,RDM,4-2-3-1,36.026652576340545,36.67762244446757,0.650969868127028,0.4228002933879047,0.43183694383880533,0.00903665045090063,-0.00903665045090063,-0.650969868127028,False,True
6b1ba362-3ee7-5a51-8722-835e7613942b,32,7,chelsea,7ad17b55-f67d-5f9d-9f04-df4f76c1e314,Mykhailo Mudryk,MID,UNKNOWN,0,0.0,0.0030015752155444,0.2459011458239634,0.0,UNKNOWN,UNKNOWN,0.0,0.0030015752155444,0.2459011458239634,0.2459011458239634,OK,0.0029899502488644,0.2449945356500796,0.0,0.0,0.0,0.0,0.0,0.0,0.0,0.0,0.0,UNKNOWN,UNKNOWN,0.2459011458239634,0.2449945356500796,-0.0009066101738838261,0.0030015752155444,0.0029899502488644,-1.1624966679999946e-05,-1.1624966679999946e-05,-0.0009066101738838261,False,False
6b1ba362-3ee7-5a51-8722-835e7613942b,32,7,chelsea,14394b8e-b6dc-52d7-8711-db31e2d5afc5,Nicolas Jackson,FWD,UNKNOWN,0,0.0,0.0028326591361623,0.2321592221103642,0.0,UNKNOWN,UNKNOWN,0.0,0.0028326591361623,0.2321592221103642,0.2321592221103642,OK,0.0028216865223922,0.2313034814823695,0.0,0.0,0.0,0.0,0.0,0.0,0.0,0.0,0.0,UNKNOWN,UNKNOWN,0.2321592221103642,0.2313034814823695,-0.0008557406279946778,0.0028326591361623,0.0028216865223922,-1.09726137701e-05,-1.09726137701e-05,-0.0008557406279946778,False,False
6b1ba362-3ee7-5a51-8722-835e7613942b,32,7,chelsea,653dcb32-98a1-5bdb-afc4-4dcee772c921,Pedro Lomba Neto,MID,RAM,1,90.0,0.5156932703437545,37.56819675849362,1.0,LAM,4-2-3-1,1.0,0.4843067296562455,-52.43180324150638,52.43180324150638,MINUTE_ERROR_45PLUS,0.512033475542025,37.33064874001483,7.31,7.1325,0.1775000000000002,0.814285714285715,0.9106145428496208,0.2874949299576046,0.7953085710350176,-0.0030473797150691,20.0,LAM,4-2-3-1,52.43180324150638,52.66935125998517,0.23754801847879037,0.48430672965624555,0.48796652445797495,0.003659794801729399,-0.003659794801729399,-0.23754801847879037,False,True
6b1ba362-3ee7-5a51-8722-835e7613942b,32,7,chelsea,3655e646-d6d9-51ce-a14d-bed863d96c3c,Reece James,DEF,RB,0,0.0,0.1686213592638222,16.947482707768135,0.0,UNKNOWN,UNKNOWN,0.0,0.1686213592638222,16.947482707768135,16.947482707768135,OK,0.1680764314641037,16.89960220075694,7.557333333333332,7.228333333333334,0.3289999999999979,0.3485714285714287,0.9597974771060356,0.4992700369216695,0.4339573335667757,0.0,20.0,UNKNOWN,UNKNOWN,16.947482707768135,16.89960220075694,-0.047880507011193174,0.1686213592638222,0.1680764314641037,-0.0005449277997185142,-0.0005449277997185142,-0.047880507011193174,True,False
6b1ba362-3ee7-5a51-8722-835e7613942b,32,7,chelsea,412fc00b-6fb5-5606-bb30-04e075a83220,Robert Sánchez,GK,GK,1,90.0,0.7870528699451623,70.89746129775838,1.0,GK,4-2-3-1,1.0,0.2129471300548376,-19.102538702241617,19.102538702241617,OK,0.8280525050074716,74.57535597000847,6.184666666666667,7.019166666666667,-0.8345000000000002,1.5757142857142863,-0.7397830512740039,-0.8833540950216928,0.970507335907534,-0.0120929354698554,1.0,GK,4-2-3-1,19.102538702241617,15.424644029991526,-3.6778946722500905,0.21294713005483767,0.17194749499252837,-0.0409996350623093,0.0409996350623093,3.6778946722500905,True,False
6b1ba362-3ee7-5a51-8722-835e7613942b,32,7,chelsea,f8666db2-925c-5357-81ba-263e71b165b3,Roméo Lavia,MID,RDM,0,23.0,0.4607105164320693,33.197420062224495,0.0,UNKNOWN,UNKNOWN,0.0,0.4607105164320693,10.197420062224497,10.197420062224497,OK,0.4597436400224058,33.156538075445255,6.8406666666666665,6.47375,0.3669166666666665,0.3628571428571421,0.6344856114062548,0.5452016467822688,0.4492893383859401,0.0,20.0,UNKNOWN,UNKNOWN,10.197420062224495,10.156538075445255,-0.040881986779240265,0.4607105164320693,0.4597436400224058,-0.0009668764096634752,-0.0009668764096634752,-0.040881986779240265,True,False
6b1ba362-3ee7-5a51-8722-835e7613942b,32,7,chelsea,0bbf4c7c-2ef0-50b5-9f1d-7be9fb72ecfd,Teddy Sharman-Lowe,GK,UNKNOWN,0,0.0,0.0026756369907681,0.2200340292625946,0.0,UNKNOWN,UNKNOWN,0.0,0.0026756369907681,0.2200340292625946,0.2200340292625946,OK,0.002665270993649,0.2192255991425397,0.0,0.0,0.0,0.0,0.0,0.0,0.0,0.0,0.0,UNKNOWN,UNKNOWN,0.2200340292625946,0.2192255991425397,-0.0008084301200549093,0.0026756369907681,0.002665270993649,-1.0365997119099989e-05,-1.0365997119099989e-05,-0.0008084301200549093,False,False
6b1ba362-3ee7-5a51-8722-835e7613942b,32,7,chelsea,1cc11978-28c5-57b6-a8a3-ba979d1349e4,Tosin Adarabioyo,DEF,LCB,0,0.0,0.4036435868351588,29.79364232283462,0.0,UNKNOWN,UNKNOWN,0.0,0.4036435868351588,29.79364232283462,29.79364232283462,OK,0.4027070423708049,29.745524488388487,7.5293333333333345,6.773333333333333,0.7560000000000011,1.2871428571428574,0.9559511802771014,0.8510641096679444,0.937402673195218,0.0,20.0,UNKNOWN,UNKNOWN,29.79364232283462,29.745524488388487,-0.04811783444613482,0.4036435868351588,0.4027070423708049,-0.0009365444643538723,-0.0009365444643538723,-0.04811783444613482,True,False
6b1ba362-3ee7-5a51-8722-835e7613942b,32,7,chelsea,fbe43cca-fb14-5420-94d6-3e253d5e57f2,Trevoh Chalobah,DEF,LCB,0,0.0,0.2257681525396502,20.50868659509482,1.0,LCB,4-2-3-1,0.0,0.2257681525396502,20.50868659509482,20.50868659509482,MAP_XI_FALSE_POSITIVE,0.2305457986610204,20.937505054519203,7.076666666666667,6.691666666666667,0.3849999999999998,-0.25,-0.7269469932477557,0.5660332985343969,-0.3215127375316343,-0.0072631698946121,3.0,LCB,4-2-3-1,20.50868659509482,20.937505054519203,0.42881845942438446,0.2257681525396502,0.2305457986610204,0.004777646121370188,0.004777646121370188,0.42881845942438446,False,True
6b1ba362-3ee7-5a51-8722-835e7613942b,32,7,chelsea,ec2bf467-94f7-5b79-97a2-3632c0d199a8,Wesley Fofana,DEF,RCB,1,90.0,0.8793165858236399,79.15093192035887,1.0,RCB,4-2-3-1,1.0,0.12068341417636,-10.849068079641128,10.849068079641128,OK,0.8797850719174527,79.1888886508999,7.028666666666667,7.107499999999999,-0.0788333333333319,1.1599999999999993,0.7865128915104297,-0.1306380161810373,0.9132338248885906,0.0001354905704272,20.0,RCB,4-2-3-1,10.849068079641128,10.811111349100102,-0.03795673054102622,0.12068341417636008,0.1202149280825473,-0.00046848609381278106,0.00046848609381278106,0.03795673054102622,True,False
14980272-dff9-5025-a8ef-deeed283d4ce,33,7,chelsea,c501a519-9def-5d4f-8667-f326dd161177,Aaron Anselmino,DEF,UNKNOWN,0,0.0,0.001828650657302,0.1544571094382361,0.0,UNKNOWN,UNKNOWN,0.0,0.001828650657302,0.1544571094382361,0.1544571094382361,OK,0.0018076452993484,0.1528189404428081,0.0,0.0,0.0,0.0,0.0,0.0,0.0,0.0,0.0,UNKNOWN,UNKNOWN,0.1544571094382361,0.1528189404428081,-0.0016381689954279854,0.001828650657302,0.0018076452993484,-2.100535795359986e-05,-2.100535795359986e-05,-0.0016381689954279854,False,False
16495e99-1e75-5b2f-a337-1dfde9ddfe08,33,7,chelsea,c501a519-9def-5d4f-8667-f326dd161177,Aaron Anselmino,DEF,UNKNOWN,0,0.0,0.001828650657302,0.1544571094382361,0.0,UNKNOWN,UNKNOWN,0.0,0.001828650657302,0.1544571094382361,0.1544571094382361,OK,0.0018076452993484,0.1528189404428081,0.0,0.0,0.0,0.0,0.0,0.0,0.0,0.0,0.0,UNKNOWN,UNKNOWN,0.1544571094382361,0.1528189404428081,-0.0016381689954279854,0.001828650657302,0.0018076452993484,-2.100535795359986e-05,-2.100535795359986e-05,-0.0016381689954279854,False,False
14980272-dff9-5025-a8ef-deeed283d4ce,33,7,chelsea,4ef46620-e339-50a5-9169-d9c6d85f3a47,Alejandro Garnacho,MID,LAM,0,74.0,0.4036821230574233,48.45092743103673,0.0,UNKNOWN,UNKNOWN,0.0,0.4036821230574233,-25.54907256896327,25.54907256896327,OK,0.4008990498733588,48.25701454459996,6.7173333333333325,7.174166666666667,-0.4568333333333347,-1.515714285714286,-0.5958363398006409,-0.6418943166904154,-0.9654783668123592,0.0,20.0,UNKNOWN,UNKNOWN,25.54907256896327,25.74298545540004,0.1939128864367703,0.4036821230574233,0.4008990498733588,-0.0027830731840645107,-0.0027830731840645107,-0.1939128864367703,False,True
16495e99-1e75-5b2f-a337-1dfde9ddfe08,33,7,chelsea,4ef46620-e339-50a5-9169-d9c6d85f3a47,Alejandro Garnacho,MID,LAM,0,45.0,0.4036821230574233,48.45092743103673,0.0,UNKNOWN,UNKNOWN,0.0,0.4036821230574233,3.450927431036732,3.450927431036732,OK,0.4008990498733588,48.25701454459996,6.7173333333333325,7.174166666666667,-0.4568333333333347,-1.515714285714286,-0.5958363398006409,-0.6418943166904154,-0.9654783668123592,0.0,20.0,UNKNOWN,UNKNOWN,3.4509274310367317,3.2570145445999614,-0.1939128864367703,0.4036821230574233,0.4008990498733588,-0.0027830731840645107,-0.0027830731840645107,-0.1939128864367703,True,False
14980272-dff9-5025-a8ef-deeed283d4ce,33,7,chelsea,762fd3f4-3f85-52c7-b5be-8c0c563cf25f,Andrey Nascimento dos Santos,MID,LDM,0,0.0,0.6448227542581657,48.07346827658198,1.0,LDM,4-2-3-1,0.0,0.6448227542581657,48.07346827658198,48.07346827658198,MAP_XI_FALSE_POSITIVE,0.6529893905495122,48.48570129567233,6.84,6.921666666666666,-0.0816666666666661,-1.5000000000000009,0.9850199758564352,-0.135276751459228,-0.964027580075817,0.0102008207686858,20.0,LDM,4-2-3-1,48.07346827658198,48.48570129567233,0.41223301909035115,0.6448227542581657,0.6529893905495122,0.008166636291346507,0.008166636291346507,0.41223301909035115,False,True
16495e99-1e75-5b2f-a337-1dfde9ddfe08,33,7,chelsea,762fd3f4-3f85-52c7-b5be-8c0c563cf25f,Andrey Nascimento dos Santos,MID,LDM,0,0.0,0.6448227542581657,48.07346827658198,1.0,LDM,4-2-3-1,0.0,0.6448227542581657,48.07346827658198,48.07346827658198,MAP_XI_FALSE_POSITIVE,0.6529893905495122,48.48570129567233,6.84,6.921666666666666,-0.0816666666666661,-1.5000000000000009,0.9850199758564352,-0.135276751459228,-0.964027580075817,0.0102008207686858,20.0,LDM,4-2-3-1,48.07346827658198,48.48570129567233,0.41223301909035115,0.6448227542581657,0.6529893905495122,0.008166636291346507,0.008166636291346507,0.41223301909035115,False,True
14980272-dff9-5025-a8ef-deeed283d4ce,33,7,chelsea,4dc8670b-9980-5a26-9e9d-c98c1f9bb333,Benoît Badiashile,DEF,LCB,0,0.0,0.0438492842335472,2.5134162601401955,0.0,UNKNOWN,UNKNOWN,0.0,0.0438492842335472,2.5134162601401955,2.5134162601401955,OK,0.0433665665989103,2.489599715797885,7.1,6.653636363636363,0.4463636363636363,0.4928571428571429,0.993675683548932,0.6315193535285658,0.5764588545429555,0.0,20.0,UNKNOWN,UNKNOWN,2.5134162601401955,2.489599715797885,-0.023816544342310397,0.0438492842335472,0.0433665665989103,-0.00048271763463689915,-0.00048271763463689915,-0.023816544342310397,True,False
16495e99-1e75-5b2f-a337-1dfde9ddfe08,33,7,chelsea,4dc8670b-9980-5a26-9e9d-c98c1f9bb333,Benoît Badiashile,DEF,LCB,0,0.0,0.0438492842335472,2.5134162601401955,0.0,UNKNOWN,UNKNOWN,0.0,0.0438492842335472,2.5134162601401955,2.5134162601401955,OK,0.0433665665989103,2.489599715797885,7.1,6.653636363636363,0.4463636363636363,0.4928571428571429,0.993675683548932,0.6315193535285658,0.5764588545429555,0.0,20.0,UNKNOWN,UNKNOWN,2.5134162601401955,2.489599715797885,-0.023816544342310397,0.0438492842335472,0.0433665665989103,-0.00048271763463689915,-0.00048271763463689915,-0.023816544342310397,True,False
14980272-dff9-5025-a8ef-deeed283d4ce,33,7,chelsea,895b3f1f-0f9e-528b-86a3-7a7cba558310,Christopher Nkunku,MID,UNKNOWN,0,0.0,0.0018407923479732,0.1562720353377726,0.0,UNKNOWN,UNKNOWN,0.0,0.0018407923479732,0.1562720353377726,0.1562720353377726,OK,0.0018196477750069,0.1546230276211292,0.0,0.0,0.0,0.0,0.0,0.0,0.0,0.0,0.0,UNKNOWN,UNKNOWN,0.1562720353377726,0.1546230276211292,-0.0016490077166433914,0.0018407923479732,0.0018196477750069,-2.1144572966299907e-05,-2.1144572966299907e-05,-0.0016490077166433914,False,False
16495e99-1e75-5b2f-a337-1dfde9ddfe08,33,7,chelsea,895b3f1f-0f9e-528b-86a3-7a7cba558310,Christopher Nkunku,MID,UNKNOWN,0,0.0,0.0018407923479732,0.1562720353377726,0.0,UNKNOWN,UNKNOWN,0.0,0.0018407923479732,0.1562720353377726,0.1562720353377726,OK,0.0018196477750069,0.1546230276211292,0.0,0.0,0.0,0.0,0.0,0.0,0.0,0.0,0.0,UNKNOWN,UNKNOWN,0.1562720353377726,0.1546230276211292,-0.0016490077166433914,0.0018407923479732,0.0018196477750069,-2.1144572966299907e-05,-2.1144572966299907e-05,-0.0016490077166433914,False,False
14980272-dff9-5025-a8ef-deeed283d4ce,33,7,chelsea,481b07c4-b805-52cf-a0ee-593af134790d,Cole Palmer,MID,CAM,1,90.0,0.9143601275730224,82.87638745687465,1.0,CAM,4-2-3-1,1.0,0.0856398724269775,-7.123612543125347,7.123612543125347,OK,0.9055917599771648,82.14798953294424,6.682666666666667,7.493333333333333,-0.8106666666666662,0.0585714285714278,-0.6318228846241504,-0.8743152898296043,0.0779368603176274,-0.0124294002286267,5.0,CAM,4-2-3-1,7.123612543125347,7.852010467055763,0.7283979239304159,0.08563987242697757,0.09440824002283521,0.00876836759585764,-0.00876836759585764,-0.7283979239304159,False,True
16495e99-1e75-5b2f-a337-1dfde9ddfe08,33,7,chelsea,481b07c4-b805-52cf-a0ee-593af134790d,Cole Palmer,MID,CAM,0,0.0,0.9143601275730224,82.87638745687465,1.0,CAM,4-2-3-1,0.0,0.9143601275730224,82.87638745687465,82.87638745687465,HIGH_PSTART_DID_NOT_START,0.9055917599771648,82.14798953294424,6.682666666666667,7.493333333333333,-0.8106666666666662,0.0585714285714278,-0.6318228846241504,-0.8743152898296043,0.0779368603176274,-0.0124294002286267,5.0,CAM,4-2-3-1,82.87638745687465,82.14798953294424,-0.7283979239304159,0.9143601275730224,0.9055917599771648,-0.00876836759585764,-0.00876836759585764,-0.7283979239304159,True,False
14980272-dff9-5025-a8ef-deeed283d4ce,33,7,chelsea,1cbf9470-32ae-558b-85b7-1337e7cc76f0,Dário Luís Essugo,MID,UNKNOWN,0,0.0,0.0653054301855948,9.026557082557089,0.0,UNKNOWN,UNKNOWN,0.0,0.0653054301855948,9.026557082557089,9.026557082557089,OK,0.064602470183816,8.974683815805806,7.243333333333333,0.0,0.0,-1.8999999999999997,0.0,0.0,0.0,0.0,0.0,UNKNOWN,UNKNOWN,9.026557082557089,8.974683815805806,-0.0518732667512829,0.0653054301855948,0.064602470183816,-0.0007029600017788018,-0.0007029600017788018,-0.0518732667512829,True,False
16495e99-1e75-5b2f-a337-1dfde9ddfe08,33,7,chelsea,1cbf9470-32ae-558b-85b7-1337e7cc76f0,Dário Luís Essugo,MID,UNKNOWN,0,17.0,0.0653054301855948,9.026557082557089,0.0,UNKNOWN,UNKNOWN,0.0,0.0653054301855948,-7.973442917442911,7.973442917442911,OK,0.064602470183816,8.974683815805806,7.243333333333333,0.0,0.0,-1.8999999999999997,0.0,0.0,0.0,0.0,0.0,UNKNOWN,UNKNOWN,7.973442917442911,8.025316184194194,0.0518732667512829,0.0653054301855948,0.064602470183816,-0.0007029600017788018,-0.0007029600017788018,-0.0518732667512829,False,True
14980272-dff9-5025-a8ef-deeed283d4ce,33,7,chelsea,5b51fc3a-1f45-56e1-9ecc-0bda87474227,Enzo Fernández,MID,CAM,1,87.0,0.213814059129188,20.43645523717314,0.0,UNKNOWN,UNKNOWN,1.0,0.7861859408708121,-66.56354476282687,66.56354476282687,MAP_XI_FALSE_NEGATIVE,0.2118748862608389,20.26524265913515,7.129333333333333,7.420833333333334,-0.291500000000001,-0.5128571428571433,0.9942631012482626,-0.4509031502746718,-0.5939904050201721,0.0,5.0,UNKNOWN,UNKNOWN,66.56354476282687,66.73475734086485,0.17121257803798073,0.7861859408708121,0.7881251137391612,0.0019391728683491039,-0.0019391728683491039,-0.17121257803798784,False,True
16495e99-1e75-5b2f-a337-1dfde9ddfe08,33,7,chelsea,5b51fc3a-1f45-56e1-9ecc-0bda87474227,Enzo Fernández,MID,CAM,1,90.0,0.213814059129188,20.43645523717314,0.0,UNKNOWN,UNKNOWN,1.0,0.7861859408708121,-69.56354476282687,69.56354476282687,MAP_XI_FALSE_NEGATIVE,0.2118748862608389,20.26524265913515,7.129333333333333,7.420833333333334,-0.291500000000001,-0.5128571428571433,0.9942631012482626,-0.4509031502746718,-0.5939904050201721,0.0,5.0,UNKNOWN,UNKNOWN,69.56354476282687,69.73475734086485,0.17121257803798073,0.7861859408708121,0.7881251137391612,0.0019391728683491039,-0.0019391728683491039,-0.17121257803798784,False,True
14980272-dff9-5025-a8ef-deeed283d4ce,33,7,chelsea,9b51b592-7b40-53df-a62d-6af0afa0bb0e,Estêvão Almeida de Oliveira Gonçalves,MID,RAM,1,15.0,0.577355645929458,42.055839482330185,1.0,RAM,4-2-3-1,1.0,0.422644354070542,27.055839482330185,27.055839482330185,OK,0.6038355417822742,43.55601021767824,6.645333333333334,6.653333333333332,-0.0079999999999982,-3.097142857142857,-0.6677473234566981,-0.0133325432660561,-0.9994823231284408,-0.0093994803205897,20.0,RAM,4-2-3-1,27.055839482330185,28.556010217678242,1.500170735348057,0.422644354070542,0.39616445821772583,-0.026479895852816182,0.026479895852816182,1.500170735348057,False,True
16495e99-1e75-5b2f-a337-1dfde9ddfe08,33,7,chelsea,9b51b592-7b40-53df-a62d-6af0afa0bb0e,Estêvão Almeida de Oliveira Gonçalves,MID,RAM,0,0.0,0.577355645929458,42.055839482330185,1.0,RAM,4-2-3-1,0.0,0.577355645929458,42.055839482330185,42.055839482330185,MAP_XI_FALSE_POSITIVE,0.6038355417822742,43.55601021767824,6.645333333333334,6.653333333333332,-0.0079999999999982,-3.097142857142857,-0.6677473234566981,-0.0133325432660561,-0.9994823231284408,-0.0093994803205897,20.0,RAM,4-2-3-1,42.055839482330185,43.55601021767824,1.500170735348057,0.577355645929458,0.6038355417822742,0.026479895852816182,0.026479895852816182,1.500170735348057,False,True
14980272-dff9-5025-a8ef-deeed283d4ce,33,7,chelsea,d7143aed-fcb8-5af3-8721-72433dd889d7,Filip Jørgensen,GK,GK,0,0.0,0.0572799999590336,5.443640516083991,0.0,UNKNOWN,UNKNOWN,0.0,0.0572799999590336,5.443640516083991,5.443640516083991,OK,0.0566581906878069,5.387867940725107,6.754666666666666,6.382000000000001,0.3726666666666656,0.3971428571428577,0.5694217120480265,0.5519011746573822,0.4850170040054472,0.0,1.0,UNKNOWN,UNKNOWN,5.443640516083991,5.387867940725107,-0.05577257535888425,0.0572799999590336,0.0566581906878069,-0.0006218092712267018,-0.0006218092712267018,-0.05577257535888425,True,False
16495e99-1e75-5b2f-a337-1dfde9ddfe08,33,7,chelsea,d7143aed-fcb8-5af3-8721-72433dd889d7,Filip Jørgensen,GK,GK,0,0.0,0.0572799999590336,5.443640516083991,0.0,UNKNOWN,UNKNOWN,0.0,0.0572799999590336,5.443640516083991,5.443640516083991,OK,0.0566581906878069,5.387867940725107,6.754666666666666,6.382000000000001,0.3726666666666656,0.3971428571428577,0.5694217120480265,0.5519011746573822,0.4850170040054472,0.0,1.0,UNKNOWN,UNKNOWN,5.443640516083991,5.387867940725107,-0.05577257535888425,0.0572799999590336,0.0566581906878069,-0.0006218092712267018,-0.0006218092712267018,-0.05577257535888425,True,False
14980272-dff9-5025-a8ef-deeed283d4ce,33,7,chelsea,9d723959-80a6-5a8b-a21b-2cca95b2ab7c,Gabriel Słonina,GK,UNKNOWN,0,0.0,0.0016406950117142,0.140186419716867,0.0,UNKNOWN,UNKNOWN,0.0,0.0016406950117142,0.140186419716867,0.140186419716867,OK,0.0016218451560711,0.1387163616456903,0.0,0.0,0.0,0.0,0.0,0.0,0.0,0.0,0.0,UNKNOWN,UNKNOWN,0.140186419716867,0.1387163616456903,-0.0014700580711766997,0.0016406950117142,0.0016218451560711,-1.884985564310003e-05,-1.884985564310003e-05,-0.0014700580711766997,False,False
16495e99-1e75-5b2f-a337-1dfde9ddfe08,33,7,chelsea,9d723959-80a6-5a8b-a21b-2cca95b2ab7c,Gabriel Słonina,GK,UNKNOWN,0,0.0,0.0016406950117142,0.140186419716867,0.0,UNKNOWN,UNKNOWN,0.0,0.0016406950117142,0.140186419716867,0.140186419716867,OK,0.0016218451560711,0.1387163616456903,0.0,0.0,0.0,0.0,0.0,0.0,0.0,0.0,0.0,UNKNOWN,UNKNOWN,0.140186419716867,0.1387163616456903,-0.0014700580711766997,0.0016406950117142,0.0016218451560711,-1.884985564310003e-05,-1.884985564310003e-05,-0.0014700580711766997,False,False
14980272-dff9-5025-a8ef-deeed283d4ce,33,7,chelsea,102260dc-086e-540f-ac1b-5c571502d8d4,Jamie Bynoe-Gittens,MID,LAM,0,0.0,0.0296930514272802,1.4600008491104637,0.0,UNKNOWN,UNKNOWN,0.0,0.0296930514272802,1.4600008491104637,1.4600008491104637,OK,0.029361388068045,1.451954590373402,6.06,6.887499999999999,-0.8274999999999997,0.0857142857142863,-0.9449336566338632,-0.8807645269459439,0.1137907297100765,0.0,20.0,UNKNOWN,UNKNOWN,1.4600008491104637,1.451954590373402,-0.008046258737061773,0.0296930514272802,0.029361388068045,-0.0003316633592352,-0.0003316633592352,-0.008046258737061773,False,False
16495e99-1e75-5b2f-a337-1dfde9ddfe08,33,7,chelsea,102260dc-086e-540f-ac1b-5c571502d8d4,Jamie Bynoe-Gittens,MID,LAM,0,0.0,0.0296930514272802,1.4600008491104637,0.0,UNKNOWN,UNKNOWN,0.0,0.0296930514272802,1.4600008491104637,1.4600008491104637,OK,0.029361388068045,1.451954590373402,6.06,6.887499999999999,-0.8274999999999997,0.0857142857142863,-0.9449336566338632,-0.8807645269459439,0.1137907297100765,0.0,20.0,UNKNOWN,UNKNOWN,1.4600008491104637,1.451954590373402,-0.008046258737061773,0.0296930514272802,0.029361388068045,-0.0003316633592352,-0.0003316633592352,-0.008046258737061773,False,False
14980272-dff9-5025-a8ef-deeed283d4ce,33,7,chelsea,33ac99dd-6169-5c59-bc88-cc17620c7707,Jesse Derry,MID,UNKNOWN,0,0.0,0.0284631407239697,6.181680014023344,0.0,UNKNOWN,UNKNOWN,0.0,0.0284631407239697,6.181680014023344,6.181680014023344,OK,0.0281448166558041,6.158148875809991,6.330000000000001,0.0,0.0,-0.4199999999999999,0.0,0.0,0.0,0.0,0.0,UNKNOWN,UNKNOWN,6.181680014023344,6.158148875809991,-0.023531138213352953,0.0284631407239697,0.0281448166558041,-0.00031832406816559994,-0.00031832406816559994,-0.023531138213352953,True,False
16495e99-1e75-5b2f-a337-1dfde9ddfe08,33,7,chelsea,33ac99dd-6169-5c59-bc88-cc17620c7707,Jesse Derry,MID,UNKNOWN,0,0.0,0.0284631407239697,6.181680014023344,0.0,UNKNOWN,UNKNOWN,0.0,0.0284631407239697,6.181680014023344,6.181680014023344,OK,0.0281448166558041,6.158148875809991,6.330000000000001,0.0,0.0,-0.4199999999999999,0.0,0.0,0.0,0.0,0.0,UNKNOWN,UNKNOWN,6.181680014023344,6.158148875809991,-0.023531138213352953,0.0284631407239697,0.0281448166558041,-0.00031832406816559994,-0.00031832406816559994,-0.023531138213352953,True,False
14980272-dff9-5025-a8ef-deeed283d4ce,33,7,chelsea,932d386d-f372-53de-a37f-381a73a67e07,Jorrel Hato,DEF,LCB,1,90.0,0.8567191157716312,79.04763784563227,1.0,LCB,4-2-3-1,1.0,0.1432808842283688,-10.952362154367734,10.952362154367734,OK,0.8652458216927641,79.6992626077506,6.654,6.840000000000001,-0.1860000000000008,-1.8728571428571428,-0.6596660780937575,-0.3004370971476554,-0.9865381057897374,-0.0113686181576915,20.0,LCB,4-2-3-1,10.952362154367734,10.300737392249403,-0.6516247621183311,0.14328088422836882,0.1347541783072359,-0.008526705921132915,0.008526705921132915,0.6516247621183311,True,False
16495e99-1e75-5b2f-a337-1dfde9ddfe08,33,7,chelsea,932d386d-f372-53de-a37f-381a73a67e07,Jorrel Hato,DEF,LCB,1,90.0,0.8567191157716312,79.04763784563227,1.0,LCB,4-2-3-1,1.0,0.1432808842283688,-10.952362154367734,10.952362154367734,OK,0.8652458216927641,79.6992626077506,6.654,6.840000000000001,-0.1860000000000008,-1.8728571428571428,-0.6596660780937575,-0.3004370971476554,-0.9865381057897374,-0.0113686181576915,20.0,LCB,4-2-3-1,10.952362154367734,10.300737392249403,-0.6516247621183311,0.14328088422836882,0.1347541783072359,-0.008526705921132915,0.008526705921132915,0.6516247621183311,True,False
14980272-dff9-5025-a8ef-deeed283d4ce,33,7,chelsea,9998e641-8e7f-5837-8d46-ad335b484a00,Josh Acheampong,DEF,RCB,0,9.0,0.1542868585207777,15.053046460263424,0.0,UNKNOWN,UNKNOWN,0.0,0.1542868585207777,6.053046460263424,6.053046460263424,OK,0.1527826471060179,14.941087147644996,7.257333333333333,6.8500000000000005,0.4073333333333329,1.9557142857142853,0.9962519006411498,0.5907965819926072,0.9891924395503844,0.0,20.0,UNKNOWN,UNKNOWN,6.053046460263424,5.941087147644996,-0.11195931261842773,0.1542868585207777,0.1527826471060179,-0.0015042114147597874,-0.0015042114147597874,-0.11195931261842773,True,False
16495e99-1e75-5b2f-a337-1dfde9ddfe08,33,7,chelsea,9998e641-8e7f-5837-8d46-ad335b484a00,Josh Acheampong,DEF,RCB,0,1.0,0.1542868585207777,15.053046460263424,0.0,UNKNOWN,UNKNOWN,0.0,0.1542868585207777,14.053046460263424,14.053046460263424,OK,0.1527826471060179,14.941087147644996,7.257333333333333,6.8500000000000005,0.4073333333333329,1.9557142857142853,0.9962519006411498,0.5907965819926072,0.9891924395503844,0.0,20.0,UNKNOWN,UNKNOWN,14.053046460263424,13.941087147644996,-0.11195931261842773,0.1542868585207777,0.1527826471060179,-0.0015042114147597874,-0.0015042114147597874,-0.11195931261842773,True,False
14980272-dff9-5025-a8ef-deeed283d4ce,33,7,chelsea,4448091c-aeb7-5ab3-a537-b2b547480e63,João Pedro Junqueira de Jesus,FWD,ST,0,0.0,0.8386843561367976,73.0425125571555,1.0,ST,4-2-3-1,0.0,0.8386843561367976,73.0425125571555,73.0425125571555,HIGH_PSTART_DID_NOT_START,0.8266179377024445,72.4695603994123,6.810666666666666,7.704999999999999,-0.894333333333333,-0.6657142857142855,0.7931990970835007,-0.903426915946195,-0.7102157412510528,0.0043740221998524,2.0,ST,4-2-3-1,73.0425125571555,72.4695603994123,-0.5729521577432024,0.8386843561367976,0.8266179377024445,-0.012066418434353077,-0.012066418434353077,-0.5729521577432024,True,False
16495e99-1e75-5b2f-a337-1dfde9ddfe08,33,7,chelsea,4448091c-aeb7-5ab3-a537-b2b547480e63,João Pedro Junqueira de Jesus,FWD,ST,0,0.0,0.8386843561367976,73.0425125571555,1.0,ST,4-2-3-1,0.0,0.8386843561367976,73.0425125571555,73.0425125571555,HIGH_PSTART_DID_NOT_START,0.8266179377024445,72.4695603994123,6.810666666666666,7.704999999999999,-0.894333333333333,-0.6657142857142855,0.7931990970835007,-0.903426915946195,-0.7102157412510528,0.0043740221998524,2.0,ST,4-2-3-1,73.0425125571555,72.4695603994123,-0.5729521577432024,0.8386843561367976,0.8266179377024445,-0.012066418434353077,-0.012066418434353077,-0.5729521577432024,True,False
14980272-dff9-5025-a8ef-deeed283d4ce,33,7,chelsea,877d9c71-fd12-5aab-8c4b-9df2eb81bbf0,Kendry Páez Andrade,MID,UNKNOWN,0,0.0,0.0018407923479732,0.1562720353377726,0.0,UNKNOWN,UNKNOWN,0.0,0.0018407923479732,0.1562720353377726,0.1562720353377726,OK,0.0018196477750069,0.1546230276211292,0.0,0.0,0.0,0.0,0.0,0.0,0.0,0.0,0.0,UNKNOWN,UNKNOWN,0.1562720353377726,0.1546230276211292,-0.0016490077166433914,0.0018407923479732,0.0018196477750069,-2.1144572966299907e-05,-2.1144572966299907e-05,-0.0016490077166433914,False,False
16495e99-1e75-5b2f-a337-1dfde9ddfe08,33,7,chelsea,877d9c71-fd12-5aab-8c4b-9df2eb81bbf0,Kendry Páez Andrade,MID,UNKNOWN,0,0.0,0.0018407923479732,0.1562720353377726,0.0,UNKNOWN,UNKNOWN,0.0,0.0018407923479732,0.1562720353377726,0.1562720353377726,OK,0.0018196477750069,0.1546230276211292,0.0,0.0,0.0,0.0,0.0,0.0,0.0,0.0,0.0,UNKNOWN,UNKNOWN,0.1562720353377726,0.1546230276211292,-0.0016490077166433914,0.0018407923479732,0.0018196477750069,-2.1144572966299907e-05,-2.1144572966299907e-05,-0.0016490077166433914,False,False
14980272-dff9-5025-a8ef-deeed283d4ce,33,7,chelsea,64e1d98b-b70a-5d8f-a6fe-c77a7ea90c46,Landon Emenalo,MID,UNKNOWN,0,0.0,0.0018407923479732,0.1562720353377726,0.0,UNKNOWN,UNKNOWN,0.0,0.0018407923479732,0.1562720353377726,0.1562720353377726,OK,0.0018196477750069,0.1546230276211292,0.0,0.0,0.0,0.0,0.0,0.0,0.0,0.0,0.0,UNKNOWN,UNKNOWN,0.1562720353377726,0.1546230276211292,-0.0016490077166433914,0.0018407923479732,0.0018196477750069,-2.1144572966299907e-05,-2.1144572966299907e-05,-0.0016490077166433914,False,False
16495e99-1e75-5b2f-a337-1dfde9ddfe08,33,7,chelsea,64e1d98b-b70a-5d8f-a6fe-c77a7ea90c46,Landon Emenalo,MID,UNKNOWN,0,0.0,0.0018407923479732,0.1562720353377726,0.0,UNKNOWN,UNKNOWN,0.0,0.0018407923479732,0.1562720353377726,0.1562720353377726,OK,0.0018196477750069,0.1546230276211292,0.0,0.0,0.0,0.0,0.0,0.0,0.0,0.0,0.0,UNKNOWN,UNKNOWN,0.1562720353377726,0.1546230276211292,-0.0016490077166433914,0.0018407923479732,0.0018196477750069,-2.1144572966299907e-05,-2.1144572966299907e-05,-0.0016490077166433914,False,False
14980272-dff9-5025-a8ef-deeed283d4ce,33,7,chelsea,46f70fd6-45f6-55b9-884d-24feb13db9c3,Levi Colwill,DEF,UNKNOWN,0,0.0,0.001828650657302,0.1544571094382361,0.0,UNKNOWN,UNKNOWN,0.0,0.001828650657302,0.1544571094382361,0.1544571094382361,OK,0.0018076452993484,0.1528189404428081,0.0,0.0,0.0,0.0,0.0,0.0,0.0,0.0,0.0,UNKNOWN,UNKNOWN,0.1544571094382361,0.1528189404428081,-0.0016381689954279854,0.001828650657302,0.0018076452993484,-2.100535795359986e-05,-2.100535795359986e-05,-0.0016381689954279854,False,False
16495e99-1e75-5b2f-a337-1dfde9ddfe08,33,7,chelsea,46f70fd6-45f6-55b9-884d-24feb13db9c3,Levi Colwill,DEF,UNKNOWN,0,0.0,0.001828650657302,0.1544571094382361,0.0,UNKNOWN,UNKNOWN,0.0,0.001828650657302,0.1544571094382361,0.1544571094382361,OK,0.0018076452993484,0.1528189404428081,0.0,0.0,0.0,0.0,0.0,0.0,0.0,0.0,0.0,UNKNOWN,UNKNOWN,0.1544571094382361,0.1528189404428081,-0.0016381689954279854,0.001828650657302,0.0018076452993484,-2.100535795359986e-05,-2.100535795359986e-05,-0.0016381689954279854,False,False
14980272-dff9-5025-a8ef-deeed283d4ce,33,7,chelsea,8b1af3a3-b391-5111-954e-dbda5d6d12a5,Liam Delap,FWD,ST,1,90.0,0.25480216690561,32.9080060045783,0.0,UNKNOWN,UNKNOWN,1.0,0.74519783309439,-57.0919939954217,57.0919939954217,MAP_XI_FALSE_NEGATIVE,0.2526106991010385,32.740110916604,6.1626666666666665,6.738333333333333,-0.5756666666666668,-0.1985714285714284,-0.9233240557492808,-0.7440289582441583,-0.2587440825051805,0.0,20.0,UNKNOWN,UNKNOWN,57.0919939954217,57.259889083396,0.1678950879742942,0.74519783309439,0.7473893008989615,0.0021914678045714675,-0.0021914678045714675,-0.1678950879742942,False,True
16495e99-1e75-5b2f-a337-1dfde9ddfe08,33,7,chelsea,8b1af3a3-b391-5111-954e-dbda5d6d12a5,Liam Delap,FWD,ST,1,71.0,0.25480216690561,32.9080060045783,0.0,UNKNOWN,UNKNOWN,1.0,0.74519783309439,-38.0919939954217,38.0919939954217,MAP_XI_FALSE_NEGATIVE,0.2526106991010385,32.740110916604,6.1626666666666665,6.738333333333333,-0.5756666666666668,-0.1985714285714284,-0.9233240557492808,-0.7440289582441583,-0.2587440825051805,0.0,20.0,UNKNOWN,UNKNOWN,38.0919939954217,38.259889083396,0.1678950879742942,0.74519783309439,0.7473893008989615,0.0021914678045714675,-0.0021914678045714675,-0.1678950879742942,False,True
14980272-dff9-5025-a8ef-deeed283d4ce,33,7,chelsea,972fc541-f01f-51fc-b746-5238f72285d7,Malo Gusto,DEF,RB,1,80.0,0.86106906759178,72.25761067318226,1.0,RB,4-2-3-1,1.0,0.1389309324082199,-7.742389326817744,7.742389326817744,OK,0.854313212908635,71.77560743917606,6.625333333333334,6.815,-0.1896666666666666,-1.5542857142857152,-0.914333804873641,-0.3059863468743047,-0.9688000153720082,-0.0153538712284728,20.0,RB,4-2-3-1,7.742389326817744,8.224392560823944,0.48200323400619993,0.13893093240821996,0.14568678709136496,0.006755854683144991,-0.006755854683144991,-0.48200323400619993,False,True
16495e99-1e75-5b2f-a337-1dfde9ddfe08,33,7,chelsea,972fc541-f01f-51fc-b746-5238f72285d7,Malo Gusto,DEF,RB,1,90.0,0.86106906759178,72.25761067318226,1.0,RB,4-2-3-1,1.0,0.1389309324082199,-17.742389326817744,17.742389326817744,OK,0.854313212908635,71.77560743917606,6.625333333333334,6.815,-0.1896666666666666,-1.5542857142857152,-0.914333804873641,-0.3059863468743047,-0.9688000153720082,-0.0153538712284728,20.0,RB,4-2-3-1,17.742389326817744,18.224392560823944,0.48200323400619993,0.13893093240821996,0.14568678709136496,0.006755854683144991,-0.006755854683144991,-0.48200323400619993,False,True
14980272-dff9-5025-a8ef-deeed283d4ce,33,7,chelsea,c1d2c6e2-92b5-5eb7-abc2-bfb9ba6fffa1,Mamadou Sarr,DEF,LCB,0,0.0,0.0245763605381678,2.8243111828805434,0.0,UNKNOWN,UNKNOWN,0.0,0.0245763605381678,2.8243111828805434,2.8243111828805434,OK,0.024300417914228,2.7999325073689536,6.595714285714286,0.0,0.0,0.4066666666666663,0.9664972264121336,0.0,0.4946682627959506,0.0,20.0,UNKNOWN,UNKNOWN,2.8243111828805434,2.7999325073689536,-0.024378675511589787,0.0245763605381678,0.024300417914228,-0.0002759426239398004,-0.0002759426239398004,-0.024378675511589787,True,False
16495e99-1e75-5b2f-a337-1dfde9ddfe08,33,7,chelsea,c1d2c6e2-92b5-5eb7-abc2-bfb9ba6fffa1,Mamadou Sarr,DEF,LCB,0,0.0,0.0245763605381678,2.8243111828805434,0.0,UNKNOWN,UNKNOWN,0.0,0.0245763605381678,2.8243111828805434,2.8243111828805434,OK,0.024300417914228,2.7999325073689536,6.595714285714286,0.0,0.0,0.4066666666666663,0.9664972264121336,0.0,0.4946682627959506,0.0,20.0,UNKNOWN,UNKNOWN,2.8243111828805434,2.7999325073689536,-0.024378675511589787,0.0245763605381678,0.024300417914228,-0.0002759426239398004,-0.0002759426239398004,-0.024378675511589787,True,False
14980272-dff9-5025-a8ef-deeed283d4ce,33,7,chelsea,3d33e637-0658-5cc2-964e-b281c5cdf9fc,Marc Cucurella Saseta,DEF,LB,1,90.0,0.827367211719112,75.97865494598476,1.0,LB,4-2-3-1,1.0,0.172632788280888,-14.021345054015242,14.021345054015242,OK,0.8253568072764638,75.81536982788114,6.476666666666666,6.829166666666667,-0.3525000000000009,0.0928571428571434,-0.7960656284325358,-0.5280951995949331,0.1231807617271396,-0.0061282356587512,20.0,LB,4-2-3-1,14.021345054015242,14.184630172118858,0.1632851181036159,0.17263278828088802,0.17464319272353623,0.002010404442648217,-0.002010404442648217,-0.1632851181036159,False,True
16495e99-1e75-5b2f-a337-1dfde9ddfe08,33,7,chelsea,3d33e637-0658-5cc2-964e-b281c5cdf9fc,Marc Cucurella Saseta,DEF,LB,1,90.0,0.827367211719112,75.97865494598476,1.0,LB,4-2-3-1,1.0,0.172632788280888,-14.021345054015242,14.021345054015242,OK,0.8253568072764638,75.81536982788114,6.476666666666666,6.829166666666667,-0.3525000000000009,0.0928571428571434,-0.7960656284325358,-0.5280951995949331,0.1231807617271396,-0.0061282356587512,20.0,LB,4-2-3-1,14.021345054015242,14.184630172118858,0.1632851181036159,0.17263278828088802,0.17464319272353623,0.002010404442648217,-0.002010404442648217,-0.1632851181036159,False,True
14980272-dff9-5025-a8ef-deeed283d4ce,33,7,chelsea,6538c4ff-2308-56ae-85e7-392fba76d555,Marc Guiu Paz,FWD,ST,0,0.0,0.0213600975484126,2.1091768094663914,0.0,UNKNOWN,UNKNOWN,0.0,0.0213600975484126,2.1091768094663914,2.1091768094663914,OK,0.0211194851419897,2.091255582818345,6.191999999999999,6.462999999999999,-0.2709999999999999,-0.8614285714285721,-0.9157797368254808,-0.4232680433716258,-0.817280270112219,0.0,20.0,UNKNOWN,UNKNOWN,2.1091768094663914,2.091255582818345,-0.017921226648046407,0.0213600975484126,0.0211194851419897,-0.00024061240642289997,-0.00024061240642289997,-0.017921226648046407,True,False
16495e99-1e75-5b2f-a337-1dfde9ddfe08,33,7,chelsea,6538c4ff-2308-56ae-85e7-392fba76d555,Marc Guiu Paz,FWD,ST,0,18.0,0.0213600975484126,2.1091768094663914,0.0,UNKNOWN,UNKNOWN,0.0,0.0213600975484126,-15.89082319053361,15.89082319053361,OK,0.0211194851419897,2.091255582818345,6.191999999999999,6.462999999999999,-0.2709999999999999,-0.8614285714285721,-0.9157797368254808,-0.4232680433716258,-0.817280270112219,0.0,20.0,UNKNOWN,UNKNOWN,15.89082319053361,15.908744417181655,0.01792122664804552,0.0213600975484126,0.0211194851419897,-0.00024061240642289997,-0.00024061240642289997,-0.017921226648046407,False,True
14980272-dff9-5025-a8ef-deeed283d4ce,33,7,chelsea,dc638cac-db3d-56dd-9d2a-a3a75b54c5b5,Max Merrick,GK,UNKNOWN,0,0.0,0.0016406950117142,0.140186419716867,0.0,UNKNOWN,UNKNOWN,0.0,0.0016406950117142,0.140186419716867,0.140186419716867,OK,0.0016218451560711,0.1387163616456903,0.0,0.0,0.0,0.0,0.0,0.0,0.0,0.0,0.0,UNKNOWN,UNKNOWN,0.140186419716867,0.1387163616456903,-0.0014700580711766997,0.0016406950117142,0.0016218451560711,-1.884985564310003e-05,-1.884985564310003e-05,-0.0014700580711766997,False,False
16495e99-1e75-5b2f-a337-1dfde9ddfe08,33,7,chelsea,dc638cac-db3d-56dd-9d2a-a3a75b54c5b5,Max Merrick,GK,UNKNOWN,0,0.0,0.0016406950117142,0.140186419716867,0.0,UNKNOWN,UNKNOWN,0.0,0.0016406950117142,0.140186419716867,0.140186419716867,OK,0.0016218451560711,0.1387163616456903,0.0,0.0,0.0,0.0,0.0,0.0,0.0,0.0,0.0,UNKNOWN,UNKNOWN,0.140186419716867,0.1387163616456903,-0.0014700580711766997,0.0016406950117142,0.0016218451560711,-1.884985564310003e-05,-1.884985564310003e-05,-0.0014700580711766997,False,False
14980272-dff9-5025-a8ef-deeed283d4ce,33,7,chelsea,f1c0774d-5c89-577b-bdf9-fe6b58ed1b6e,Mike Penders,GK,UNKNOWN,0,0.0,0.0016406950117142,0.140186419716867,0.0,UNKNOWN,UNKNOWN,0.0,0.0016406950117142,0.140186419716867,0.140186419716867,OK,0.0016218451560711,0.1387163616456903,0.0,0.0,0.0,0.0,0.0,0.0,0.0,0.0,0.0,UNKNOWN,UNKNOWN,0.140186419716867,0.1387163616456903,-0.0014700580711766997,0.0016406950117142,0.0016218451560711,-1.884985564310003e-05,-1.884985564310003e-05,-0.0014700580711766997,False,False
16495e99-1e75-5b2f-a337-1dfde9ddfe08,33,7,chelsea,f1c0774d-5c89-577b-bdf9-fe6b58ed1b6e,Mike Penders,GK,UNKNOWN,0,0.0,0.0016406950117142,0.140186419716867,0.0,UNKNOWN,UNKNOWN,0.0,0.0016406950117142,0.140186419716867,0.140186419716867,OK,0.0016218451560711,0.1387163616456903,0.0,0.0,0.0,0.0,0.0,0.0,0.0,0.0,0.0,UNKNOWN,UNKNOWN,0.140186419716867,0.1387163616456903,-0.0014700580711766997,0.0016406950117142,0.0016218451560711,-1.884985564310003e-05,-1.884985564310003e-05,-0.0014700580711766997,False,False
14980272-dff9-5025-a8ef-deeed283d4ce,33,7,chelsea,c92d55cb-06d1-553d-aad7-f64c0de898a5,Moisés Caicedo Corozo,MID,RDM,1,90.0,0.7939261502356797,65.04189659029129,1.0,RDM,4-2-3-1,1.0,0.2060738497643203,-24.958103409708716,24.958103409708716,OK,0.783956749323786,64.30116652933916,5.374,7.475833333333333,-2.101833333333333,-1.8728571428571428,-0.9850199758564352,-0.998188988674606,-0.9865381057897374,-0.0197692808410861,5.0,RDM,4-2-3-1,24.958103409708713,25.698833470660844,0.7407300609521315,0.2060738497643203,0.216043250676214,0.009969400911893689,-0.009969400911893689,-0.7407300609521315,False,True
16495e99-1e75-5b2f-a337-1dfde9ddfe08,33,7,chelsea,c92d55cb-06d1-553d-aad7-f64c0de898a5,Moisés Caicedo Corozo,MID,RDM,1,90.0,0.7939261502356797,65.04189659029129,1.0,RDM,4-2-3-1,1.0,0.2060738497643203,-24.958103409708716,24.958103409708716,OK,0.783956749323786,64.30116652933916,5.374,7.475833333333333,-2.101833333333333,-1.8728571428571428,-0.9850199758564352,-0.998188988674606,-0.9865381057897374,-0.0197692808410861,5.0,RDM,4-2-3-1,24.958103409708713,25.698833470660844,0.7407300609521315,0.2060738497643203,0.216043250676214,0.009969400911893689,-0.009969400911893689,-0.7407300609521315,False,True
14980272-dff9-5025-a8ef-deeed283d4ce,33,7,chelsea,7ad17b55-f67d-5f9d-9f04-df4f76c1e314,Mykhailo Mudryk,MID,UNKNOWN,0,0.0,0.0018407923479732,0.1562720353377726,0.0,UNKNOWN,UNKNOWN,0.0,0.0018407923479732,0.1562720353377726,0.1562720353377726,OK,0.0018196477750069,0.1546230276211292,0.0,0.0,0.0,0.0,0.0,0.0,0.0,0.0,0.0,UNKNOWN,UNKNOWN,0.1562720353377726,0.1546230276211292,-0.0016490077166433914,0.0018407923479732,0.0018196477750069,-2.1144572966299907e-05,-2.1144572966299907e-05,-0.0016490077166433914,False,False
16495e99-1e75-5b2f-a337-1dfde9ddfe08,33,7,chelsea,7ad17b55-f67d-5f9d-9f04-df4f76c1e314,Mykhailo Mudryk,MID,UNKNOWN,0,0.0,0.0018407923479732,0.1562720353377726,0.0,UNKNOWN,UNKNOWN,0.0,0.0018407923479732,0.1562720353377726,0.1562720353377726,OK,0.0018196477750069,0.1546230276211292,0.0,0.0,0.0,0.0,0.0,0.0,0.0,0.0,0.0,UNKNOWN,UNKNOWN,0.1562720353377726,0.1546230276211292,-0.0016490077166433914,0.0018407923479732,0.0018196477750069,-2.1144572966299907e-05,-2.1144572966299907e-05,-0.0016490077166433914,False,False
14980272-dff9-5025-a8ef-deeed283d4ce,33,7,chelsea,14394b8e-b6dc-52d7-8711-db31e2d5afc5,Nicolas Jackson,FWD,UNKNOWN,0,0.0,0.0017370864507456,0.1475717856588013,0.0,UNKNOWN,UNKNOWN,0.0,0.0017370864507456,0.1475717856588013,0.1475717856588013,OK,0.0017171310638465,0.1460155070590734,0.0,0.0,0.0,0.0,0.0,0.0,0.0,0.0,0.0,UNKNOWN,UNKNOWN,0.1475717856588013,0.1460155070590734,-0.0015562785997279005,0.0017370864507456,0.0017171310638465,-1.99553868991001e-05,-1.99553868991001e-05,-0.0015562785997279005,False,False
16495e99-1e75-5b2f-a337-1dfde9ddfe08,33,7,chelsea,14394b8e-b6dc-52d7-8711-db31e2d5afc5,Nicolas Jackson,FWD,UNKNOWN,0,0.0,0.0017370864507456,0.1475717856588013,0.0,UNKNOWN,UNKNOWN,0.0,0.0017370864507456,0.1475717856588013,0.1475717856588013,OK,0.0017171310638465,0.1460155070590734,0.0,0.0,0.0,0.0,0.0,0.0,0.0,0.0,0.0,UNKNOWN,UNKNOWN,0.1475717856588013,0.1460155070590734,-0.0015562785997279005,0.0017370864507456,0.0017171310638465,-1.99553868991001e-05,-1.99553868991001e-05,-0.0015562785997279005,False,False
14980272-dff9-5025-a8ef-deeed283d4ce,33,7,chelsea,653dcb32-98a1-5bdb-afc4-4dcee772c921,Pedro Lomba Neto,MID,LAM,1,90.0,0.8657427104427916,77.22833229946069,1.0,LAM,4-2-3-1,1.0,0.1342572895572084,-12.77166770053931,12.77166770053931,OK,0.8593983514273831,76.72819446981897,7.028666666666667,7.066666666666666,-0.0379999999999993,-0.7685714285714296,0.9919848677515024,-0.0632487899635361,-0.7717989869570694,0.0043391040574607,20.0,LAM,4-2-3-1,12.77166770053931,13.271805530181027,0.5001378296417158,0.1342572895572084,0.14060164857261692,0.006344359015408529,-0.006344359015408529,-0.5001378296417158,False,True
16495e99-1e75-5b2f-a337-1dfde9ddfe08,33,7,chelsea,653dcb32-98a1-5bdb-afc4-4dcee772c921,Pedro Lomba Neto,MID,LAM,1,90.0,0.8657427104427916,77.22833229946069,1.0,LAM,4-2-3-1,1.0,0.1342572895572084,-12.77166770053931,12.77166770053931,OK,0.8593983514273831,76.72819446981897,7.028666666666667,7.066666666666666,-0.0379999999999993,-0.7685714285714296,0.9919848677515024,-0.0632487899635361,-0.7717989869570694,0.0043391040574607,20.0,LAM,4-2-3-1,12.77166770053931,13.271805530181027,0.5001378296417158,0.1342572895572084,0.14060164857261692,0.006344359015408529,-0.006344359015408529,-0.5001378296417158,False,True
14980272-dff9-5025-a8ef-deeed283d4ce,33,7,chelsea,3655e646-d6d9-51ce-a14d-bed863d96c3c,Reece James,DEF,RB,0,0.0,0.0960677489976932,9.64136236880509,0.0,UNKNOWN,UNKNOWN,0.0,0.0960677489976932,9.64136236880509,9.64136236880509,OK,0.095067336795956,9.552429915099284,7.557333333333332,7.228333333333334,0.3289999999999979,0.3485714285714287,0.9986195159460324,0.4992700369216695,0.4339573335667757,0.0,20.0,UNKNOWN,UNKNOWN,9.64136236880509,9.552429915099284,-0.08893245370580694,0.0960677489976932,0.095067336795956,-0.0010004122017372025,-0.0010004122017372025,-0.08893245370580694,True,False
16495e99-1e75-5b2f-a337-1dfde9ddfe08,33,7,chelsea,3655e646-d6d9-51ce-a14d-bed863d96c3c,Reece James,DEF,RB,0,0.0,0.0960677489976932,9.64136236880509,0.0,UNKNOWN,UNKNOWN,0.0,0.0960677489976932,9.64136236880509,9.64136236880509,OK,0.095067336795956,9.552429915099284,7.557333333333332,7.228333333333334,0.3289999999999979,0.3485714285714287,0.9986195159460324,0.4992700369216695,0.4339573335667757,0.0,20.0,UNKNOWN,UNKNOWN,9.64136236880509,9.552429915099284,-0.08893245370580694,0.0960677489976932,0.095067336795956,-0.0010004122017372025,-0.0010004122017372025,-0.08893245370580694,True,False
14980272-dff9-5025-a8ef-deeed283d4ce,33,7,chelsea,412fc00b-6fb5-5606-bb30-04e075a83220,Robert Sánchez,GK,GK,1,90.0,0.9102001228837614,81.97744973244728,1.0,GK,4-2-3-1,1.0,0.0897998771162386,-8.022550267552717,8.022550267552717,OK,0.9289422673167296,83.65183728081387,6.366666666666666,7.094166666666667,-0.7275000000000009,0.3285714285714274,-0.5694217120480265,-0.8374278407728545,0.4120643452909223,-0.0107654927699067,1.0,GK,4-2-3-1,8.022550267552717,6.348162719186135,-1.6743875483665818,0.0897998771162386,0.07105773268327042,-0.018742144432968177,0.018742144432968177,1.6743875483665818,True,False
16495e99-1e75-5b2f-a337-1dfde9ddfe08,33,7,chelsea,412fc00b-6fb5-5606-bb30-04e075a83220,Robert Sánchez,GK,GK,1,90.0,0.9102001228837614,81.97744973244728,1.0,GK,4-2-3-1,1.0,0.0897998771162386,-8.022550267552717,8.022550267552717,OK,0.9289422673167296,83.65183728081387,6.366666666666666,7.094166666666667,-0.7275000000000009,0.3285714285714274,-0.5694217120480265,-0.8374278407728545,0.4120643452909223,-0.0107654927699067,1.0,GK,4-2-3-1,8.022550267552717,6.348162719186135,-1.6743875483665818,0.0897998771162386,0.07105773268327042,-0.018742144432968177,0.018742144432968177,1.6743875483665818,True,False
14980272-dff9-5025-a8ef-deeed283d4ce,33,7,chelsea,f8666db2-925c-5357-81ba-263e71b165b3,Roméo Lavia,MID,RDM,0,2.0,0.3261615683962895,28.07680197754297,0.0,UNKNOWN,UNKNOWN,0.0,0.3261615683962895,26.07680197754297,26.07680197754297,OK,0.32362289526629,27.97160192047341,6.696666666666666,6.477777777777778,0.2188888888888884,-0.314285714285714,0.9759552104491982,0.3494479841850509,-0.3961277990843381,0.0,20.0,UNKNOWN,UNKNOWN,26.07680197754297,25.97160192047341,-0.1052000570695597,0.3261615683962895,0.32362289526629,-0.0025386731299995025,-0.0025386731299995025,-0.1052000570695597,True,False
16495e99-1e75-5b2f-a337-1dfde9ddfe08,33,7,chelsea,f8666db2-925c-5357-81ba-263e71b165b3,Roméo Lavia,MID,RDM,1,72.0,0.3261615683962895,28.07680197754297,0.0,UNKNOWN,UNKNOWN,1.0,0.6738384316037105,-43.92319802245703,43.92319802245703,MAP_XI_FALSE_NEGATIVE,0.32362289526629,27.97160192047341,6.696666666666666,6.477777777777778,0.2188888888888884,-0.314285714285714,0.9759552104491982,0.3494479841850509,-0.3961277990843381,0.0,20.0,UNKNOWN,UNKNOWN,43.92319802245703,44.02839807952659,0.1052000570695597,0.6738384316037105,0.6763771047337099,0.002538673129999447,-0.0025386731299995025,-0.1052000570695597,False,True
14980272-dff9-5025-a8ef-deeed283d4ce,33,7,chelsea,0bbf4c7c-2ef0-50b5-9f1d-7be9fb72ecfd,Teddy Sharman-Lowe,GK,UNKNOWN,0,0.0,0.0016406950117142,0.140186419716867,0.0,UNKNOWN,UNKNOWN,0.0,0.0016406950117142,0.140186419716867,0.140186419716867,OK,0.0016218451560711,0.1387163616456903,0.0,0.0,0.0,0.0,0.0,0.0,0.0,0.0,0.0,UNKNOWN,UNKNOWN,0.140186419716867,0.1387163616456903,-0.0014700580711766997,0.0016406950117142,0.0016218451560711,-1.884985564310003e-05,-1.884985564310003e-05,-0.0014700580711766997,False,False
16495e99-1e75-5b2f-a337-1dfde9ddfe08,33,7,chelsea,0bbf4c7c-2ef0-50b5-9f1d-7be9fb72ecfd,Teddy Sharman-Lowe,GK,UNKNOWN,0,0.0,0.0016406950117142,0.140186419716867,0.0,UNKNOWN,UNKNOWN,0.0,0.0016406950117142,0.140186419716867,0.140186419716867,OK,0.0016218451560711,0.1387163616456903,0.0,0.0,0.0,0.0,0.0,0.0,0.0,0.0,0.0,UNKNOWN,UNKNOWN,0.140186419716867,0.1387163616456903,-0.0014700580711766997,0.0016406950117142,0.0016218451560711,-1.884985564310003e-05,-1.884985564310003e-05,-0.0014700580711766997,False,False
14980272-dff9-5025-a8ef-deeed283d4ce,33,7,chelsea,1cc11978-28c5-57b6-a8a3-ba979d1349e4,Tosin Adarabioyo,DEF,LCB,0,0.0,0.1499427024140618,13.07419810274326,0.0,UNKNOWN,UNKNOWN,0.0,0.1499427024140618,13.07419810274326,13.07419810274326,OK,0.1484734086017475,12.99233953613602,7.5293333333333345,6.773333333333333,0.7560000000000011,1.2871428571428574,0.9984845688100557,0.8510641096679444,0.937402673195218,0.0,20.0,UNKNOWN,UNKNOWN,13.07419810274326,12.99233953613602,-0.08185856660723978,0.1499427024140618,0.1484734086017475,-0.0014692938123143096,-0.0014692938123143096,-0.08185856660723978,True,False
16495e99-1e75-5b2f-a337-1dfde9ddfe08,33,7,chelsea,1cc11978-28c5-57b6-a8a3-ba979d1349e4,Tosin Adarabioyo,DEF,LCB,0,0.0,0.1499427024140618,13.07419810274326,0.0,UNKNOWN,UNKNOWN,0.0,0.1499427024140618,13.07419810274326,13.07419810274326,OK,0.1484734086017475,12.99233953613602,7.5293333333333345,6.773333333333333,0.7560000000000011,1.2871428571428574,0.9984845688100557,0.8510641096679444,0.937402673195218,0.0,20.0,UNKNOWN,UNKNOWN,13.07419810274326,12.99233953613602,-0.08185856660723978,0.1499427024140618,0.1484734086017475,-0.0014692938123143096,-0.0014692938123143096,-0.08185856660723978,True,False
14980272-dff9-5025-a8ef-deeed283d4ce,33,7,chelsea,fbe43cca-fb14-5420-94d6-3e253d5e57f2,Trevoh Chalobah,DEF,LCB,0,9.0,0.1237787465215164,11.274142355622567,0.0,UNKNOWN,UNKNOWN,0.0,0.1237787465215164,2.274142355622569,2.274142355622569,OK,0.1225288789113551,11.161845505718574,7.076666666666667,6.691666666666667,0.3849999999999998,-0.25,0.6364728278750749,0.5660332985343969,-0.3215127375316343,0.0,3.0,UNKNOWN,UNKNOWN,2.2741423556225673,2.161845505718574,-0.11229684990399313,0.1237787465215164,0.1225288789113551,-0.0012498676101612982,-0.0012498676101612982,-0.11229684990399313,True,False
16495e99-1e75-5b2f-a337-1dfde9ddfe08,33,7,chelsea,fbe43cca-fb14-5420-94d6-3e253d5e57f2,Trevoh Chalobah,DEF,LCB,1,90.0,0.1237787465215164,11.274142355622567,0.0,UNKNOWN,UNKNOWN,1.0,0.8762212534784836,-78.72585764437743,78.72585764437743,LOW_PSTART_STARTED,0.1225288789113551,11.161845505718574,7.076666666666667,6.691666666666667,0.3849999999999998,-0.25,0.6364728278750749,0.5660332985343969,-0.3215127375316343,0.0,3.0,UNKNOWN,UNKNOWN,78.72585764437743,78.83815449428143,0.11229684990399846,0.8762212534784836,0.8774711210886449,0.001249867610161326,-0.0012498676101612982,-0.11229684990399313,False,True
14980272-dff9-5025-a8ef-deeed283d4ce,33,7,chelsea,ec2bf467-94f7-5b79-97a2-3632c0d199a8,Wesley Fofana,DEF,RCB,1,80.0,0.8973690616951344,81.46377575109524,1.0,RCB,4-2-3-1,1.0,0.1026309383048655,1.4637757510952412,1.4637757510952412,OK,0.8992406294887851,81.61717579821119,6.625333333333333,6.9816666666666665,-0.3563333333333336,-0.8042857142857143,-0.6858090622290949,-0.5326867719765208,-0.7903565624612218,-0.012518293747181,20.0,RCB,4-2-3-1,1.4637757510952412,1.6171757982111927,0.15340004711595157,0.10263093830486558,0.10075937051121486,-0.0018715677936507191,0.0018715677936507191,0.15340004711595157,False,True
16495e99-1e75-5b2f-a337-1dfde9ddfe08,33,7,chelsea,ec2bf467-94f7-5b79-97a2-3632c0d199a8,Wesley Fofana,DEF,RCB,1,45.0,0.8973690616951344,81.46377575109524,1.0,RCB,4-2-3-1,1.0,0.1026309383048655,36.46377575109524,36.46377575109524,MINUTE_ERROR_30PLUS,0.8992406294887851,81.61717579821119,6.625333333333333,6.9816666666666665,-0.3563333333333336,-0.8042857142857143,-0.6858090622290949,-0.5326867719765208,-0.7903565624612218,-0.012518293747181,20.0,RCB,4-2-3-1,36.46377575109524,36.61717579821119,0.15340004711595157,0.10263093830486558,0.10075937051121486,-0.0018715677936507191,0.0018715677936507191,0.15340004711595157,False,True
95efeb72-d689-58fb-a022-ffad47516d80,35,7,chelsea,c501a519-9def-5d4f-8667-f326dd161177,Aaron Anselmino,DEF,UNKNOWN,0,0.0,0.0016355188797797,0.1364775901606836,0.0,UNKNOWN,UNKNOWN,0.0,0.0016355188797797,0.1364775901606836,0.1364775901606836,OK,0.0016251206936954,0.1356666242826929,0.0,0.0,0.0,0.0,0.0,0.0,0.0,0.0,0.0,UNKNOWN,UNKNOWN,0.1364775901606836,0.1356666242826929,-0.000810965877990677,0.0016355188797797,0.0016251206936954,-1.0398186084299883e-05,-1.0398186084299883e-05,-0.000810965877990677,False,False
95efeb72-d689-58fb-a022-ffad47516d80,35,7,chelsea,4ef46620-e339-50a5-9169-d9c6d85f3a47,Alejandro Garnacho,MID,LAM,0,0.0,0.5090072875491561,61.46096336268603,1.0,LAM,4-2-3-1,0.0,0.5090072875491561,61.46096336268603,61.46096336268603,MAP_XI_FALSE_POSITIVE,0.5315086787126113,62.76885607162966,6.343333333333333,7.124166666666665,-0.7808333333333319,0.5500000000000007,-0.9689944216693748,-0.8620802777773605,0.625100414008518,-0.0150199249149827,20.0,LAM,4-2-3-1,61.46096336268603,62.76885607162966,1.3078927089436334,0.5090072875491561,0.5315086787126113,0.022501391163455176,0.022501391163455176,1.3078927089436334,False,True
95efeb72-d689-58fb-a022-ffad47516d80,35,7,chelsea,762fd3f4-3f85-52c7-b5be-8c0c563cf25f,Andrey Nascimento dos Santos,MID,LDM,0,32.0,0.2891450746173614,24.306759244174632,0.0,UNKNOWN,UNKNOWN,0.0,0.2891450746173614,-7.693240755825368,7.693240755825368,OK,0.2878337640618318,24.22984452157656,6.760666666666666,6.994166666666668,-0.2335000000000011,-0.0228571428571422,-0.8809512680469971,-0.3706415959991516,-0.0304667585701661,0.0,20.0,UNKNOWN,UNKNOWN,7.693240755825368,7.77015547842344,0.07691472259807242,0.2891450746173614,0.2878337640618318,-0.0013113105555295768,-0.0013113105555295768,-0.07691472259807242,False,True
95efeb72-d689-58fb-a022-ffad47516d80,35,7,chelsea,4dc8670b-9980-5a26-9e9d-c98c1f9bb333,Benoît Badiashile,DEF,LCB,0,0.0,0.0386812867428783,2.117723190671445,0.0,UNKNOWN,UNKNOWN,0.0,0.0386812867428783,2.117723190671445,2.117723190671445,OK,0.0384444311312707,2.10600242461261,7.1,6.653636363636363,0.4463636363636363,0.4928571428571429,0.9373256265693808,0.6315193535285658,0.5764588545429555,0.0,20.0,UNKNOWN,UNKNOWN,2.117723190671445,2.10600242461261,-0.011720766058834986,0.0386812867428783,0.0384444311312707,-0.00023685561160760593,-0.00023685561160760593,-0.011720766058834986,True,False
95efeb72-d689-58fb-a022-ffad47516d80,35,7,chelsea,895b3f1f-0f9e-528b-86a3-7a7cba558310,Christopher Nkunku,MID,UNKNOWN,0,0.0,0.0016463803485858,0.1379460676030542,0.0,UNKNOWN,UNKNOWN,0.0,0.0016463803485858,0.1379460676030542,0.1379460676030542,OK,0.0016359132213764,0.1371297314402356,0.0,0.0,0.0,0.0,0.0,0.0,0.0,0.0,0.0,UNKNOWN,UNKNOWN,0.1379460676030542,0.1371297314402356,-0.0008163361628185928,0.0016463803485858,0.0016359132213764,-1.046712720940003e-05,-1.046712720940003e-05,-0.0008163361628185928,False,False
95efeb72-d689-58fb-a022-ffad47516d80,35,7,chelsea,481b07c4-b805-52cf-a0ee-593af134790d,Cole Palmer,MID,CAM,1,90.0,0.6462045060410804,59.04223360609381,1.0,CAM,4-2-3-1,1.0,0.3537954939589196,-30.95776639390619,30.95776639390619,MINUTE_ERROR_30PLUS,0.6369137804125047,58.22930646942128,6.268,7.446666666666666,-1.1786666666666663,-0.274285714285714,-0.9757963227226654,-0.9614275254497928,-0.3502373688598354,-0.0181929645603632,20.0,CAM,4-2-3-1,30.95776639390619,31.77069353057872,0.8129271366725277,0.3537954939589196,0.3630862195874953,0.009290725628575691,-0.009290725628575691,-0.8129271366725277,False,True
95efeb72-d689-58fb-a022-ffad47516d80,35,7,chelsea,1cbf9470-32ae-558b-85b7-1337e7cc76f0,Dário Luís Essugo,MID,UNKNOWN,0,0.0,0.0426241120291957,9.208115317662138,0.0,UNKNOWN,UNKNOWN,0.0,0.0426241120291957,9.208115317662138,9.208115317662138,OK,0.0423641774206972,9.189437579799788,6.9157142857142855,0.0,0.0,-0.5733333333333333,0.0,0.0,0.0,0.0,0.0,UNKNOWN,UNKNOWN,9.208115317662138,9.189437579799788,-0.018677737862349275,0.0426241120291957,0.0423641774206972,-0.000259934608498498,-0.000259934608498498,-0.018677737862349275,True,False
95efeb72-d689-58fb-a022-ffad47516d80,35,7,chelsea,5b51fc3a-1f45-56e1-9ecc-0bda87474227,Enzo Fernández,MID,CAM,1,90.0,0.9111124457695384,81.9689946999962,1.0,LDM,4-2-3-1,1.0,0.0888875542304614,-8.031005300003798,8.031005300003798,OK,0.9055229067282988,81.4835898002565,7.588666666666667,7.303333333333334,0.285333333333333,1.8457142857142843,0.9757963227226654,0.442677153069195,0.9855348997945672,0.0148999937793732,5.0,LDM,4-2-3-1,8.031005300003798,8.516410199743504,0.4854048997397058,0.08888755423046157,0.09447709327170117,0.0055895390412395995,-0.0055895390412395995,-0.4854048997397058,False,True
95efeb72-d689-58fb-a022-ffad47516d80,35,7,chelsea,9b51b592-7b40-53df-a62d-6af0afa0bb0e,Estêvão Almeida de Oliveira Gonçalves,MID,RAM,0,0.0,0.0826780364927501,5.665161797810581,0.0,UNKNOWN,UNKNOWN,0.0,0.0826780364927501,5.665161797810581,5.665161797810581,OK,0.0821948118864382,5.657449122260085,6.481333333333334,6.796666666666666,-0.3153333333333323,-0.1314285714285716,-0.9513256057065304,-0.481976411851559,-0.1734660982048437,0.0,20.0,UNKNOWN,UNKNOWN,5.665161797810581,5.657449122260085,-0.007712675550495263,0.0826780364927501,0.0821948118864382,-0.0004832246063119078,-0.0004832246063119078,-0.007712675550495263,False,False
95efeb72-d689-58fb-a022-ffad47516d80,35,7,chelsea,d7143aed-fcb8-5af3-8721-72433dd889d7,Filip Jørgensen,GK,GK,0,24.0,0.0515326991497228,4.860807503113228,0.0,UNKNOWN,UNKNOWN,0.0,0.0515326991497228,-19.13919249688677,19.13919249688677,OK,0.0512213439127286,4.832858693158529,6.754666666666666,6.382000000000001,0.3726666666666656,0.3971428571428577,-0.8588352585148392,0.5519011746573822,0.4850170040054472,0.0,1.0,UNKNOWN,UNKNOWN,19.13919249688677,19.167141306841472,0.02794880995470095,0.0515326991497228,0.0512213439127286,-0.0003113552369942013,-0.0003113552369942013,-0.027948809954699172,False,True
95efeb72-d689-58fb-a022-ffad47516d80,35,7,chelsea,9d723959-80a6-5a8b-a21b-2cca95b2ab7c,Gabriel Słonina,GK,UNKNOWN,0,0.0,0.0014673848681509,0.1236010735146141,0.0,UNKNOWN,UNKNOWN,0.0,0.0014673848681509,0.1236010735146141,0.1236010735146141,OK,0.0014580540714353,0.1228733566532798,0.0,0.0,0.0,0.0,0.0,0.0,0.0,0.0,0.0,UNKNOWN,UNKNOWN,0.1236010735146141,0.1228733566532798,-0.0007277168613342988,0.0014673848681509,0.0014580540714353,-9.330796715600062e-06,-9.330796715600062e-06,-0.0007277168613342988,False,False
95efeb72-d689-58fb-a022-ffad47516d80,35,7,chelsea,102260dc-086e-540f-ac1b-5c571502d8d4,Jamie Bynoe-Gittens,MID,LAM,0,0.0,0.0260079805805263,1.0694270079274684,0.0,UNKNOWN,UNKNOWN,0.0,0.0260079805805263,1.0694270079274684,1.0694270079274684,OK,0.0258466404725142,1.0654629474360011,6.06,6.887499999999999,-0.8274999999999997,0.0857142857142863,-0.9878267408227276,-0.8807645269459439,0.1137907297100765,0.0,20.0,UNKNOWN,UNKNOWN,1.0694270079274684,1.0654629474360011,-0.003964060491467247,0.0260079805805263,0.0258466404725142,-0.00016134010801210213,-0.00016134010801210213,-0.003964060491467247,False,False
95efeb72-d689-58fb-a022-ffad47516d80,35,7,chelsea,33ac99dd-6169-5c59-bc88-cc17620c7707,Jesse Derry,MID,UNKNOWN,1,45.0,0.0127766700561571,1.052740605575177,0.0,UNKNOWN,UNKNOWN,1.0,0.9872233299438428,-43.947259394424826,43.947259394424826,LOW_PSTART_STARTED,0.012696340234058,1.0464794489973708,6.330000000000001,0.0,0.0,-0.4199999999999999,0.0,0.0,0.0,0.0,0.0,UNKNOWN,UNKNOWN,43.947259394424826,43.953520551002626,0.006261156577799909,0.9872233299438429,0.987303659765942,8.032982209915662e-05,-8.032982209909938e-05,-0.006261156577806126,False,False
95efeb72-d689-58fb-a022-ffad47516d80,35,7,chelsea,932d386d-f372-53de-a37f-381a73a67e07,Jorrel Hato,DEF,LCB,0,0.0,0.7710158444154684,71.97703168180729,0.0,UNKNOWN,UNKNOWN,0.0,0.7710158444154684,71.97703168180729,71.97703168180729,MINUTE_ERROR_45PLUS,0.7698860102489089,71.8881044889867,6.680666666666667,6.821666666666666,-0.1409999999999991,-0.2585714285714298,-0.9075288044109304,-0.2307675127823629,-0.3317219748775059,0.0,20.0,UNKNOWN,UNKNOWN,71.97703168180729,71.8881044889867,-0.08892719282059147,0.7710158444154684,0.7698860102489089,-0.0011298341665595402,-0.0011298341665595402,-0.08892719282059147,True,False
95efeb72-d689-58fb-a022-ffad47516d80,35,7,chelsea,9998e641-8e7f-5837-8d46-ad335b484a00,Josh Acheampong,DEF,RCB,0,0.0,0.1136142585232121,14.72989358590786,0.0,UNKNOWN,UNKNOWN,0.0,0.1136142585232121,14.72989358590786,14.72989358590786,OK,0.1129724901571919,14.684084338350678,7.257333333333333,6.8500000000000005,0.4073333333333329,1.9557142857142853,0.9624234610113556,0.5907965819926072,0.9891924395503844,0.0,20.0,UNKNOWN,UNKNOWN,14.72989358590786,14.684084338350678,-0.045809247557182076,0.1136142585232121,0.1129724901571919,-0.0006417683660202012,-0.0006417683660202012,-0.045809247557182076,True,False
95efeb72-d689-58fb-a022-ffad47516d80,35,7,chelsea,4448091c-aeb7-5ab3-a537-b2b547480e63,João Pedro Junqueira de Jesus,FWD,ST,1,90.0,0.4611552403417047,39.29081259785382,1.0,ST,4-2-3-1,1.0,0.5388447596582953,-50.70918740214618,50.70918740214618,MINUTE_ERROR_45PLUS,0.4644510152803326,39.54410066643122,7.065333333333332,7.614999999999999,-0.549666666666667,0.4171428571428572,-0.7025014261332682,-0.7240524879298642,0.505145456090973,0.0094789525791865,2.0,ST,4-2-3-1,50.70918740214618,50.45589933356878,-0.2532880685773975,0.5388447596582953,0.5355489847196674,-0.003295774938627871,0.0032957749386279267,0.2532880685773975,True,False
95efeb72-d689-58fb-a022-ffad47516d80,35,7,chelsea,877d9c71-fd12-5aab-8c4b-9df2eb81bbf0,Kendry Páez Andrade,MID,UNKNOWN,0,0.0,0.0016463803485858,0.1379460676030542,0.0,UNKNOWN,UNKNOWN,0.0,0.0016463803485858,0.1379460676030542,0.1379460676030542,OK,0.0016359132213764,0.1371297314402356,0.0,0.0,0.0,0.0,0.0,0.0,0.0,0.0,0.0,UNKNOWN,UNKNOWN,0.1379460676030542,0.1371297314402356,-0.0008163361628185928,0.0016463803485858,0.0016359132213764,-1.046712720940003e-05,-1.046712720940003e-05,-0.0008163361628185928,False,False
95efeb72-d689-58fb-a022-ffad47516d80,35,7,chelsea,64e1d98b-b70a-5d8f-a6fe-c77a7ea90c46,Landon Emenalo,MID,UNKNOWN,0,0.0,0.0016463803485858,0.1379460676030542,0.0,UNKNOWN,UNKNOWN,0.0,0.0016463803485858,0.1379460676030542,0.1379460676030542,OK,0.0016359132213764,0.1371297314402356,0.0,0.0,0.0,0.0,0.0,0.0,0.0,0.0,0.0,UNKNOWN,UNKNOWN,0.1379460676030542,0.1371297314402356,-0.0008163361628185928,0.0016463803485858,0.0016359132213764,-1.046712720940003e-05,-1.046712720940003e-05,-0.0008163361628185928,False,False
95efeb72-d689-58fb-a022-ffad47516d80,35,7,chelsea,46f70fd6-45f6-55b9-884d-24feb13db9c3,Levi Colwill,DEF,UNKNOWN,0,45.0,0.0016355188797797,0.1364775901606836,0.0,UNKNOWN,UNKNOWN,0.0,0.0016355188797797,-44.86352240983932,44.86352240983932,MINUTE_ERROR_30PLUS,0.0016251206936954,0.1356666242826929,0.0,0.0,0.0,0.0,0.0,0.0,0.0,0.0,0.0,UNKNOWN,UNKNOWN,44.86352240983932,44.86433337571731,0.0008109658779886786,0.0016355188797797,0.0016251206936954,-1.0398186084299883e-05,-1.0398186084299883e-05,-0.000810965877990677,False,False
95efeb72-d689-58fb-a022-ffad47516d80,35,7,chelsea,8b1af3a3-b391-5111-954e-dbda5d6d12a5,Liam Delap,FWD,ST,0,45.0,0.6966499965250408,54.80539519022419,0.0,UNKNOWN,UNKNOWN,0.0,0.6966499965250408,9.80539519022419,9.80539519022419,OK,0.6952982415445481,54.724421991005656,6.070666666666667,6.8308333333333335,-0.7601666666666667,-0.1728571428571426,-0.9873889054253284,-0.8529673437056738,-0.2264801660832039,0.0,20.0,UNKNOWN,UNKNOWN,9.80539519022419,9.724421991005656,-0.08097319921853341,0.6966499965250408,0.6952982415445481,-0.0013517549804926698,-0.0013517549804926698,-0.08097319921853341,True,False
95efeb72-d689-58fb-a022-ffad47516d80,35,7,chelsea,972fc541-f01f-51fc-b746-5238f72285d7,Malo Gusto,DEF,RB,1,90.0,0.8675817800510276,78.34602901335415,1.0,RB,4-2-3-1,1.0,0.1324182199489724,-11.653970986645843,11.653970986645843,OK,0.8616057955453053,77.87117353436885,6.944,6.843333333333334,0.1006666666666662,0.6557142857142866,0.8967859471408179,0.1662210238038131,0.7035450535020698,-0.0077818162292149,20.0,RB,4-2-3-1,11.653970986645845,12.12882646563115,0.47485547898530456,0.1324182199489724,0.13839420445469475,0.005975984505722343,-0.005975984505722343,-0.47485547898530456,False,True
95efeb72-d689-58fb-a022-ffad47516d80,35,7,chelsea,c1d2c6e2-92b5-5eb7-abc2-bfb9ba6fffa1,Mamadou Sarr,DEF,LCB,0,0.0,0.0220892338547258,2.368439454598405,0.0,UNKNOWN,UNKNOWN,0.0,0.0220892338547258,2.368439454598405,2.368439454598405,OK,0.021951655740041,2.3562516355079217,6.595714285714286,0.0,0.0,0.4066666666666663,-0.9295297707647772,0.0,0.4946682627959506,0.0,20.0,UNKNOWN,UNKNOWN,2.368439454598405,2.3562516355079217,-0.012187819090483387,0.0220892338547258,0.021951655740041,-0.00013757811468479916,-0.00013757811468479916,-0.012187819090483387,True,False
95efeb72-d689-58fb-a022-ffad47516d80,35,7,chelsea,3d33e637-0658-5cc2-964e-b281c5cdf9fc,Marc Cucurella Saseta,DEF,LB,1,90.0,0.776436870199535,71.22021783942078,1.0,LB,4-2-3-1,1.0,0.223563129800465,-18.779782160579217,18.779782160579217,OK,0.7695596658923042,70.64251795317884,6.718666666666667,6.97,-0.2513333333333332,0.7957142857142854,0.5549842811274738,-0.3959939680091126,0.7860280933310007,0.0004143206161424,2.0,LB,4-2-3-1,18.779782160579217,19.35748204682116,0.5776998862419447,0.223563129800465,0.23044033410769582,0.006877204307230822,-0.006877204307230822,-0.5776998862419447,False,True
95efeb72-d689-58fb-a022-ffad47516d80,35,7,chelsea,6538c4ff-2308-56ae-85e7-392fba76d555,Marc Guiu Paz,FWD,ST,0,0.0,0.0706723157691554,8.996748537941452,0.0,UNKNOWN,UNKNOWN,0.0,0.0706723157691554,8.996748537941452,8.996748537941452,OK,0.0702538864839025,8.96703038129463,5.983333333333333,6.51,-0.5266666666666664,-0.2857142857142865,-0.9905590210016324,-0.7053043013108907,-0.3635342705712578,0.0,20.0,UNKNOWN,UNKNOWN,8.996748537941452,8.96703038129463,-0.02971815664682076,0.0706723157691554,0.0702538864839025,-0.00041842928525290257,-0.00041842928525290257,-0.02971815664682076,True,False
95efeb72-d689-58fb-a022-ffad47516d80,35,7,chelsea,dc638cac-db3d-56dd-9d2a-a3a75b54c5b5,Max Merrick,GK,UNKNOWN,0,0.0,0.0014673848681509,0.1236010735146141,0.0,UNKNOWN,UNKNOWN,0.0,0.0014673848681509,0.1236010735146141,0.1236010735146141,OK,0.0014580540714353,0.1228733566532798,0.0,0.0,0.0,0.0,0.0,0.0,0.0,0.0,0.0,UNKNOWN,UNKNOWN,0.1236010735146141,0.1228733566532798,-0.0007277168613342988,0.0014673848681509,0.0014580540714353,-9.330796715600062e-06,-9.330796715600062e-06,-0.0007277168613342988,False,False
95efeb72-d689-58fb-a022-ffad47516d80,35,7,chelsea,f1c0774d-5c89-577b-bdf9-fe6b58ed1b6e,Mike Penders,GK,UNKNOWN,0,0.0,0.0014673848681509,0.1236010735146141,0.0,UNKNOWN,UNKNOWN,0.0,0.0014673848681509,0.1236010735146141,0.1236010735146141,OK,0.0014580540714353,0.1228733566532798,0.0,0.0,0.0,0.0,0.0,0.0,0.0,0.0,0.0,UNKNOWN,UNKNOWN,0.1236010735146141,0.1228733566532798,-0.0007277168613342988,0.0014673848681509,0.0014580540714353,-9.330796715600062e-06,-9.330796715600062e-06,-0.0007277168613342988,False,False
95efeb72-d689-58fb-a022-ffad47516d80,35,7,chelsea,c92d55cb-06d1-553d-aad7-f64c0de898a5,Moisés Caicedo Corozo,MID,RDM,1,90.0,0.8424576502076202,76.28926792416085,1.0,RDM,4-2-3-1,1.0,0.1575423497923798,-13.710732075839148,13.710732075839148,OK,0.8345167828825153,75.60473977498637,6.886666666666667,7.018333333333334,-0.1316666666666677,0.9071428571428566,0.8763930674728228,-0.2159884867744363,0.8365365905195877,-0.0101224074672711,6.0,RDM,4-2-3-1,13.710732075839147,14.39526022501363,0.6845281491744828,0.1575423497923798,0.1654832171174847,0.007940867325104906,-0.007940867325104906,-0.6845281491744828,False,True
95efeb72-d689-58fb-a022-ffad47516d80,35,7,chelsea,7ad17b55-f67d-5f9d-9f04-df4f76c1e314,Mykhailo Mudryk,MID,UNKNOWN,0,0.0,0.0016463803485858,0.1379460676030542,0.0,UNKNOWN,UNKNOWN,0.0,0.0016463803485858,0.1379460676030542,0.1379460676030542,OK,0.0016359132213764,0.1371297314402356,0.0,0.0,0.0,0.0,0.0,0.0,0.0,0.0,0.0,UNKNOWN,UNKNOWN,0.1379460676030542,0.1371297314402356,-0.0008163361628185928,0.0016463803485858,0.0016359132213764,-1.046712720940003e-05,-1.046712720940003e-05,-0.0008163361628185928,False,False
95efeb72-d689-58fb-a022-ffad47516d80,35,7,chelsea,14394b8e-b6dc-52d7-8711-db31e2d5afc5,Nicolas Jackson,FWD,UNKNOWN,0,0.0,0.0015536101170287,0.1302523297221267,0.0,UNKNOWN,UNKNOWN,0.0,0.0015536101170287,0.1302523297221267,0.1302523297221267,OK,0.0015437318794533,0.1294819167807673,0.0,0.0,0.0,0.0,0.0,0.0,0.0,0.0,0.0,UNKNOWN,UNKNOWN,0.1302523297221267,0.1294819167807673,-0.0007704129413594052,0.0015536101170287,0.0015437318794533,-9.878237575400165e-06,-9.878237575400165e-06,-0.0007704129413594052,False,False
95efeb72-d689-58fb-a022-ffad47516d80,35,7,chelsea,653dcb32-98a1-5bdb-afc4-4dcee772c921,Pedro Lomba Neto,MID,LAM,0,0.0,0.752935652710937,69.33688885325049,1.0,RAM,4-2-3-1,0.0,0.752935652710937,69.33688885325049,69.33688885325049,MAP_XI_FALSE_POSITIVE,0.7510481558662174,69.17925139926518,7.296666666666667,7.200833333333333,0.0958333333333341,2.021428571428572,0.9371905741161785,0.1583777060784049,0.990921791857708,0.0149572095776177,4.0,RAM,4-2-3-1,69.33688885325049,69.17925139926518,-0.15763745398530205,0.752935652710937,0.7510481558662174,-0.0018874968447195606,-0.0018874968447195606,-0.15763745398530205,True,False
95efeb72-d689-58fb-a022-ffad47516d80,35,7,chelsea,3655e646-d6d9-51ce-a14d-bed863d96c3c,Reece James,DEF,RB,0,0.0,0.0926453418049741,8.828467686983188,0.0,UNKNOWN,UNKNOWN,0.0,0.0926453418049741,8.828467686983188,8.828467686983188,OK,0.0921097112575822,8.780552087955016,7.557333333333332,7.228333333333334,0.3289999999999979,0.3485714285714287,0.9860102148318848,0.4992700369216695,0.4339573335667757,0.0,20.0,UNKNOWN,UNKNOWN,8.828467686983188,8.780552087955016,-0.04791559902817255,0.0926453418049741,0.0921097112575822,-0.000535630547391891,-0.000535630547391891,-0.04791559902817255,True,False
95efeb72-d689-58fb-a022-ffad47516d80,35,7,chelsea,412fc00b-6fb5-5606-bb30-04e075a83220,Robert Sánchez,GK,GK,1,66.0,0.8834622622368293,79.54796890231987,1.0,GK,4-2-3-1,1.0,0.1165377377631706,13.547968902319866,13.547968902319866,OK,0.9061238372155612,81.58043916347857,7.528,6.703333333333333,0.8246666666666673,1.9542857142857128,0.8588352585148392,0.8797011355242078,0.9891514131227273,0.0175416668645594,1.0,GK,4-2-3-1,13.547968902319866,15.580439163478573,2.032470261158707,0.11653773776317067,0.09387616278443878,-0.02266157497873189,0.02266157497873189,2.032470261158707,False,True
95efeb72-d689-58fb-a022-ffad47516d80,35,7,chelsea,f8666db2-925c-5357-81ba-263e71b165b3,Roméo Lavia,MID,RCM,1,57.0,0.2863925556047206,25.766525408304567,0.0,UNKNOWN,UNKNOWN,1.0,0.7136074443952793,-31.233474591695437,31.233474591695437,MAP_XI_FALSE_NEGATIVE,0.2850887217550317,25.682097814528387,6.569999999999999,6.495454545454546,0.0745454545454533,-0.1071428571428576,-0.935130692688312,0.1236070707857297,-0.1418931937669332,0.0,20.0,UNKNOWN,UNKNOWN,31.233474591695433,31.317902185471613,0.08442759377618003,0.7136074443952793,0.7149112782449683,0.0013038338496889068,-0.0013038338496889068,-0.08442759377618003,False,True
95efeb72-d689-58fb-a022-ffad47516d80,35,7,chelsea,0bbf4c7c-2ef0-50b5-9f1d-7be9fb72ecfd,Teddy Sharman-Lowe,GK,UNKNOWN,0,0.0,0.0014673848681509,0.1236010735146141,0.0,UNKNOWN,UNKNOWN,0.0,0.0014673848681509,0.1236010735146141,0.1236010735146141,OK,0.0014580540714353,0.1228733566532798,0.0,0.0,0.0,0.0,0.0,0.0,0.0,0.0,0.0,UNKNOWN,UNKNOWN,0.1236010735146141,0.1228733566532798,-0.0007277168613342988,0.0014673848681509,0.0014580540714353,-9.330796715600062e-06,-9.330796715600062e-06,-0.0007277168613342988,False,False
95efeb72-d689-58fb-a022-ffad47516d80,35,7,chelsea,1cc11978-28c5-57b6-a8a3-ba979d1349e4,Tosin Adarabioyo,DEF,LCB,1,45.0,0.2047713016873244,14.214618997191144,0.0,UNKNOWN,UNKNOWN,1.0,0.7952286983126755,-30.78538100280885,30.78538100280885,MAP_XI_FALSE_NEGATIVE,0.203732969771169,14.154271122170885,7.569333333333333,6.7575,0.8118333333333325,-0.1057142857142867,0.9865550745655404,0.8747725700222834,-0.1400262794075789,0.0,20.0,UNKNOWN,UNKNOWN,30.785381002808855,30.845728877829117,0.06034787502026262,0.7952286983126756,0.796267030228831,0.0010383319161554327,-0.001038331916155405,-0.06034787502025907,False,True
95efeb72-d689-58fb-a022-ffad47516d80,35,7,chelsea,fbe43cca-fb14-5420-94d6-3e253d5e57f2,Trevoh Chalobah,DEF,LCB,1,90.0,0.8508452248174179,77.60993603010465,1.0,LCB,4-2-3-1,1.0,0.1491547751825821,-12.390063969895351,12.390063969895351,OK,0.8436119699520014,77.00908037237569,6.888666666666667,6.838333333333335,0.0503333333333326,1.1814285714285715,0.374230303077844,0.0836926562166619,0.91785496186153,0.0065885820541255,3.0,LCB,4-2-3-1,12.390063969895351,12.990919627624308,0.6008556577289568,0.14915477518258213,0.15638803004799862,0.007233254865416483,-0.007233254865416483,-0.6008556577289568,False,True
95efeb72-d689-58fb-a022-ffad47516d80,35,7,chelsea,ec2bf467-94f7-5b79-97a2-3632c0d199a8,Wesley Fofana,DEF,RCB,0,0.0,0.6802246634784648,35.12637531918704,1.0,RCB,4-2-3-1,0.0,0.6802246634784648,35.12637531918704,35.12637531918704,MAP_XI_FALSE_POSITIVE,0.6860723729964018,35.38368940174549,6.652666666666667,7.021666666666667,-0.3690000000000006,-0.3485714285714287,-0.9154204563159324,-0.5476371485389083,-0.4339573335667757,-0.00847109434984,20.0,RCB,4-2-3-1,35.12637531918704,35.38368940174549,0.2573140825584517,0.6802246634784648,0.6860723729964018,0.005847709517937005,0.005847709517937005,0.2573140825584517,False,True
4969d7af-c9d1-5c54-8620-d87f0b49cff8,36,7,chelsea,c501a519-9def-5d4f-8667-f326dd161177,Aaron Anselmino,DEF,UNKNOWN,0,0.0,0.0025386018098897,0.2097185018001577,0.0,UNKNOWN,UNKNOWN,0.0,0.0025386018098897,0.2097185018001577,0.2097185018001577,OK,0.0024515366214653,0.2029284391441799,0.0,0.0,0.0,0.0,0.0,0.0,0.0,0.0,0.0,UNKNOWN,UNKNOWN,0.2097185018001577,0.2029284391441799,-0.0067900626559777855,0.0025386018098897,0.0024515366214653,-8.70651884244001e-05,-8.70651884244001e-05,-0.0067900626559777855,False,False
4969d7af-c9d1-5c54-8620-d87f0b49cff8,36,7,chelsea,4ef46620-e339-50a5-9169-d9c6d85f3a47,Alejandro Garnacho,MID,LAM,0,0.0,0.1420704295699432,29.3494075899286,0.0,UNKNOWN,UNKNOWN,0.0,0.1420704295699432,29.3494075899286,29.3494075899286,OK,0.137859307871868,29.051707036566995,6.343333333333333,7.124166666666665,-0.7808333333333319,0.5500000000000007,-0.9763738910990348,-0.8620802777773605,0.625100414008518,0.0,20.0,UNKNOWN,UNKNOWN,29.3494075899286,29.051707036566995,-0.2977005533616044,0.1420704295699432,0.137859307871868,-0.004211121698075193,-0.004211121698075193,-0.2977005533616044,True,False
4969d7af-c9d1-5c54-8620-d87f0b49cff8,36,7,chelsea,762fd3f4-3f85-52c7-b5be-8c0c563cf25f,Andrey Nascimento dos Santos,MID,LDM,1,62.0,0.5717165739325484,43.11225792706594,1.0,LDM,4-2-3-1,1.0,0.4282834260674516,-18.88774207293406,18.88774207293406,OK,0.590989518453414,44.14230631824848,6.72,6.8275,-0.1074999999999999,-0.1714285714285717,-0.919465093005034,-0.1772738425372861,-0.2246723279384031,-0.0054114747177403,20.0,LDM,4-2-3-1,18.88774207293406,17.85769368175152,-1.0300483911825395,0.4282834260674516,0.40901048154658604,-0.019272944520865587,0.019272944520865587,1.0300483911825395,True,False
4969d7af-c9d1-5c54-8620-d87f0b49cff8,36,7,chelsea,4dc8670b-9980-5a26-9e9d-c98c1f9bb333,Benoît Badiashile,DEF,LCB,0,0.0,0.0554006218113042,2.974963952477337,0.0,UNKNOWN,UNKNOWN,0.0,0.0554006218113042,2.974963952477337,2.974963952477337,OK,0.0535979932549269,2.8858181863614645,7.1,6.653636363636363,0.4463636363636363,0.4928571428571429,0.9726327626858992,0.6315193535285658,0.5764588545429555,0.0,20.0,UNKNOWN,UNKNOWN,2.974963952477337,2.8858181863614645,-0.08914576611587233,0.0554006218113042,0.0535979932549269,-0.001802628556377299,-0.001802628556377299,-0.08914576611587233,True,False
4969d7af-c9d1-5c54-8620-d87f0b49cff8,36,7,chelsea,895b3f1f-0f9e-528b-86a3-7a7cba558310,Christopher Nkunku,MID,UNKNOWN,0,0.0,0.0025554452947171,0.2118932023495689,0.0,UNKNOWN,UNKNOWN,0.0,0.0025554452947171,0.2118932023495689,0.2118932023495689,OK,0.0024678038627179,0.2050582751326493,0.0,0.0,0.0,0.0,0.0,0.0,0.0,0.0,0.0,UNKNOWN,UNKNOWN,0.2118932023495689,0.2050582751326493,-0.006834927216919612,0.0025554452947171,0.0024678038627179,-8.764143199920015e-05,-8.764143199920015e-05,-0.006834927216919612,False,False
4969d7af-c9d1-5c54-8620-d87f0b49cff8,36,7,chelsea,481b07c4-b805-52cf-a0ee-593af134790d,Cole Palmer,MID,CAM,1,90.0,0.8627006313323949,77.89934047200477,1.0,RAM,4-2-3-1,1.0,0.137299368667605,-12.100659527995234,12.100659527995234,OK,0.858160041408016,77.49916341801777,6.068666666666667,7.483333333333333,-1.4146666666666663,-0.3399999999999998,-0.9904751285480587,-0.982249177169452,-0.4246351512897299,-0.018333862523075,5.0,RAM,4-2-3-1,12.100659527995234,12.500836581982227,0.40017705398699377,0.13729936866760506,0.14183995859198395,0.0045405899243788905,-0.0045405899243788905,-0.40017705398699377,False,True
4969d7af-c9d1-5c54-8620-d87f0b49cff8,36,7,chelsea,1cbf9470-32ae-558b-85b7-1337e7cc76f0,Dário Luís Essugo,MID,UNKNOWN,0,0.0,0.0353612348884034,6.599382455356121,0.0,UNKNOWN,UNKNOWN,0.0,0.0353612348884034,6.599382455356121,6.599382455356121,OK,0.0341870502286107,6.512471631535822,6.9157142857142855,0.0,0.0,-0.5733333333333333,0.0,0.0,0.0,0.0,0.0,UNKNOWN,UNKNOWN,6.599382455356121,6.512471631535822,-0.08691082382029869,0.0353612348884034,0.0341870502286107,-0.0011741846597926944,-0.0011741846597926944,-0.08691082382029869,True,False
4969d7af-c9d1-5c54-8620-d87f0b49cff8,36,7,chelsea,5b51fc3a-1f45-56e1-9ecc-0bda87474227,Enzo Fernández,MID,CAM,1,90.0,0.940657798156976,84.88827792976892,1.0,CAM,4-2-3-1,1.0,0.0593422018430238,-5.111722070231082,5.111722070231082,OK,0.9332129457893787,84.25147557369009,7.671333333333333,7.302499999999999,0.3688333333333338,0.0614285714285713,0.9904751285480587,0.5474426485247514,0.081722102333909,0.0157768341184163,5.0,CAM,4-2-3-1,5.111722070231082,5.748524426309913,0.6368023560788316,0.05934220184302397,0.06678705421062126,0.007444852367597288,-0.007444852367597288,-0.6368023560788316,False,True
4969d7af-c9d1-5c54-8620-d87f0b49cff8,36,7,chelsea,9b51b592-7b40-53df-a62d-6af0afa0bb0e,Estêvão Almeida de Oliveira Gonçalves,MID,RAM,0,0.0,0.0807362805135763,3.9744032214940415,0.0,UNKNOWN,UNKNOWN,0.0,0.0807362805135763,3.9744032214940415,3.9744032214940415,OK,0.0781775061310795,3.928944061594597,6.481333333333334,6.796666666666666,-0.3153333333333323,-0.1314285714285716,-0.9628309507303566,-0.481976411851559,-0.1734660982048437,0.0,20.0,UNKNOWN,UNKNOWN,3.9744032214940415,3.928944061594597,-0.04545915989944449,0.0807362805135763,0.0781775061310795,-0.002558774382496798,-0.002558774382496798,-0.04545915989944449,True,False
4969d7af-c9d1-5c54-8620-d87f0b49cff8,36,7,chelsea,d7143aed-fcb8-5af3-8721-72433dd889d7,Filip Jørgensen,GK,GK,1,90.0,0.3735240928625434,40.70758418471936,0.0,UNKNOWN,UNKNOWN,1.0,0.6264759071374566,-49.29241581528064,49.29241581528064,MAP_XI_FALSE_NEGATIVE,0.3653741924166274,40.06633307836048,6.401333333333333,6.465000000000001,-0.063666666666668,-0.6457142857142859,-0.378045939081637,-0.1057146415588818,-0.6967480380932307,0.0,1.0,UNKNOWN,UNKNOWN,49.29241581528064,49.93366692163952,0.6412511063588795,0.6264759071374566,0.6346258075833726,0.008149900445916014,-0.008149900445916014,-0.6412511063588795,False,True
4969d7af-c9d1-5c54-8620-d87f0b49cff8,36,7,chelsea,9d723959-80a6-5a8b-a21b-2cca95b2ab7c,Gabriel Słonina,GK,UNKNOWN,0,0.0,0.0022778412158848,0.1897687017784596,0.0,UNKNOWN,UNKNOWN,0.0,0.0022778412158848,0.1897687017784596,0.1897687017784596,OK,0.0021996994840299,0.1836745942204382,0.0,0.0,0.0,0.0,0.0,0.0,0.0,0.0,0.0,UNKNOWN,UNKNOWN,0.1897687017784596,0.1836745942204382,-0.006094107558021394,0.0022778412158848,0.0021996994840299,-7.814173185489992e-05,-7.814173185489992e-05,-0.006094107558021394,False,False
4969d7af-c9d1-5c54-8620-d87f0b49cff8,36,7,chelsea,102260dc-086e-540f-ac1b-5c571502d8d4,Jamie Bynoe-Gittens,MID,LAM,0,0.0,0.0391625416381928,1.4535743412160036,0.0,UNKNOWN,UNKNOWN,0.0,0.0391625416381928,1.4535743412160036,1.4535743412160036,OK,0.0378670879387555,1.4218277692769556,6.06,6.887499999999999,-0.8274999999999997,0.0857142857142863,-0.990745099837474,-0.8807645269459439,0.1137907297100765,0.0,20.0,UNKNOWN,UNKNOWN,1.4535743412160036,1.4218277692769556,-0.03174657193904795,0.0391625416381928,0.0378670879387555,-0.0012954536994373017,-0.0012954536994373017,-0.03174657193904795,True,False
4969d7af-c9d1-5c54-8620-d87f0b49cff8,36,7,chelsea,33ac99dd-6169-5c59-bc88-cc17620c7707,Jesse Derry,MID,LAM,0,0.0,0.1298348924131212,6.089905022969422,0.0,UNKNOWN,UNKNOWN,0.0,0.1298348924131212,6.089905022969422,6.089905022969422,OK,0.1259332092698269,5.915438288569693,6.410000000000001,0.0,0.0,0.1399999999999988,-0.9705810425068426,0.0,0.1845283661215813,0.0,20.0,UNKNOWN,UNKNOWN,6.089905022969422,5.915438288569693,-0.17446673439972926,0.1298348924131212,0.1259332092698269,-0.00390168314329431,-0.00390168314329431,-0.17446673439972926,True,False
4969d7af-c9d1-5c54-8620-d87f0b49cff8,36,7,chelsea,932d386d-f372-53de-a37f-381a73a67e07,Jorrel Hato,DEF,LCB,1,90.0,0.1874850643791263,19.43800568578501,0.0,UNKNOWN,UNKNOWN,1.0,0.8125149356208736,-70.56199431421499,70.56199431421499,LOW_PSTART_STARTED,0.1822137070318981,18.98022045134813,6.680666666666667,6.821666666666666,-0.1409999999999991,-0.2585714285714298,-0.9290099347716918,-0.2307675127823629,-0.3317219748775059,0.0,20.0,UNKNOWN,UNKNOWN,70.56199431421499,71.01977954865187,0.45778523443688357,0.8125149356208737,0.8177862929681019,0.005271357347228167,-0.005271357347228195,-0.45778523443688,False,True
4969d7af-c9d1-5c54-8620-d87f0b49cff8,36,7,chelsea,9998e641-8e7f-5837-8d46-ad335b484a00,Josh Acheampong,DEF,RCB,0,0.0,0.0971837983759612,11.179445042648547,0.0,UNKNOWN,UNKNOWN,0.0,0.0971837983759612,11.179445042648547,11.179445042648547,OK,0.0941571449962174,10.95543216727188,7.257333333333333,6.8500000000000005,0.4073333333333329,1.9557142857142853,0.9837108003660424,0.5907965819926072,0.9891924395503844,0.0,20.0,UNKNOWN,UNKNOWN,11.179445042648547,10.95543216727188,-0.22401287537666725,0.0971837983759612,0.0941571449962174,-0.003026653379743796,-0.003026653379743796,-0.22401287537666725,True,False
4969d7af-c9d1-5c54-8620-d87f0b49cff8,36,7,chelsea,4448091c-aeb7-5ab3-a537-b2b547480e63,João Pedro Junqueira de Jesus,FWD,ST,1,90.0,0.9377905898285476,84.66029161563188,1.0,ST,4-2-3-1,1.0,0.0622094101714524,-5.339708384368123,5.339708384368123,OK,0.9336361985265328,84.30479983552723,7.464,7.604166666666668,-0.1401666666666674,0.5914285714285716,0.9917873424684904,-0.22945216655283,0.6575989923900507,0.0130611726041063,2.0,ST,4-2-3-1,5.339708384368123,5.695200164472766,0.3554917801046429,0.06220941017145243,0.06636380147346721,0.004154391302014782,-0.004154391302014782,-0.3554917801046429,False,True
4969d7af-c9d1-5c54-8620-d87f0b49cff8,36,7,chelsea,877d9c71-fd12-5aab-8c4b-9df2eb81bbf0,Kendry Páez Andrade,MID,UNKNOWN,0,0.0,0.0025554452947171,0.2118932023495689,0.0,UNKNOWN,UNKNOWN,0.0,0.0025554452947171,0.2118932023495689,0.2118932023495689,OK,0.0024678038627179,0.2050582751326493,0.0,0.0,0.0,0.0,0.0,0.0,0.0,0.0,0.0,UNKNOWN,UNKNOWN,0.2118932023495689,0.2050582751326493,-0.006834927216919612,0.0025554452947171,0.0024678038627179,-8.764143199920015e-05,-8.764143199920015e-05,-0.006834927216919612,False,False
4969d7af-c9d1-5c54-8620-d87f0b49cff8,36,7,chelsea,64e1d98b-b70a-5d8f-a6fe-c77a7ea90c46,Landon Emenalo,MID,UNKNOWN,0,0.0,0.0025554452947171,0.2118932023495689,0.0,UNKNOWN,UNKNOWN,0.0,0.0025554452947171,0.2118932023495689,0.2118932023495689,OK,0.0024678038627179,0.2050582751326493,0.0,0.0,0.0,0.0,0.0,0.0,0.0,0.0,0.0,UNKNOWN,UNKNOWN,0.2118932023495689,0.2050582751326493,-0.006834927216919612,0.0025554452947171,0.0024678038627179,-8.764143199920015e-05,-8.764143199920015e-05,-0.006834927216919612,False,False
4969d7af-c9d1-5c54-8620-d87f0b49cff8,36,7,chelsea,46f70fd6-45f6-55b9-884d-24feb13db9c3,Levi Colwill,DEF,UNKNOWN,1,90.0,0.2249650111524326,27.39154678104105,0.0,UNKNOWN,UNKNOWN,1.0,0.7750349888475674,-62.60845321895894,62.60845321895894,MAP_XI_FALSE_NEGATIVE,0.2189237954905527,26.997065553747262,6.34,0.0,0.0,0.0,0.0,0.0,0.0,0.0,0.0,UNKNOWN,UNKNOWN,62.60845321895895,63.00293444625274,0.3944812272937881,0.7750349888475674,0.7810762045094473,0.006041215661879873,-0.006041215661879901,-0.3944812272937881,False,True
4969d7af-c9d1-5c54-8620-d87f0b49cff8,36,7,chelsea,8b1af3a3-b391-5111-954e-dbda5d6d12a5,Liam Delap,FWD,ST,0,0.0,0.6511422583256916,58.7977901721929,0.0,UNKNOWN,UNKNOWN,0.0,0.6511422583256916,58.7977901721929,58.7977901721929,MINUTE_ERROR_45PLUS,0.6431536129951074,58.47309996877523,5.816666666666666,6.673333333333333,-0.8566666666666665,-0.4857142857142857,-0.995876853703141,-0.8912102941264044,-0.5700649429432746,0.0,20.0,UNKNOWN,UNKNOWN,58.7977901721929,58.47309996877523,-0.3246902034176671,0.6511422583256916,0.6431536129951074,-0.007988645330584188,-0.007988645330584188,-0.3246902034176671,True,False
4969d7af-c9d1-5c54-8620-d87f0b49cff8,36,7,chelsea,972fc541-f01f-51fc-b746-5238f72285d7,Malo Gusto,DEF,RB,1,90.0,0.9434517177334244,85.44063584592685,1.0,RB,4-2-3-1,1.0,0.0565482822665756,-4.559364154073151,4.559364154073151,OK,0.9386717307083255,85.06634659603823,6.784666666666666,6.798333333333335,-0.0136666666666682,-0.4385714285714277,-0.8585434223705999,-0.0227738393518677,-0.5261178625489703,-0.012327169412675,3.0,RB,4-2-3-1,4.559364154073151,4.93365340396177,0.3742892498886192,0.0565482822665756,0.06132826929167445,0.004779987025098853,-0.004779987025098853,-0.3742892498886192,False,True
4969d7af-c9d1-5c54-8620-d87f0b49cff8,36,7,chelsea,c1d2c6e2-92b5-5eb7-abc2-bfb9ba6fffa1,Mamadou Sarr,DEF,LCB,0,0.0,0.0313058166468582,3.2026386655240056,0.0,UNKNOWN,UNKNOWN,0.0,0.0313058166468582,3.2026386655240056,3.2026386655240056,OK,0.0302620693220847,3.1101938523138584,6.595714285714286,0.0,0.0,0.4066666666666663,0.8613139758481125,0.0,0.4946682627959506,0.0,20.0,UNKNOWN,UNKNOWN,3.2026386655240056,3.1101938523138584,-0.09244481321014719,0.0313058166468582,0.0302620693220847,-0.0010437473247735009,-0.0010437473247735009,-0.09244481321014719,True,False
4969d7af-c9d1-5c54-8620-d87f0b49cff8,36,7,chelsea,3d33e637-0658-5cc2-964e-b281c5cdf9fc,Marc Cucurella Saseta,DEF,LB,1,90.0,0.9054569032241364,82.2606486715383,1.0,LB,4-2-3-1,1.0,0.0945430967758635,-7.739351328461694,7.739351328461694,OK,0.8984732138395986,81.6889599501727,7.104666666666666,6.913333333333333,0.1913333333333327,0.6971428571428575,0.9386607848660397,0.3085019032643002,0.7303718033419702,0.0093462778974491,2.0,LB,4-2-3-1,7.739351328461694,8.311040049827298,0.5716887213656037,0.09454309677586359,0.10152678616040145,0.006983689384537861,-0.006983689384537861,-0.5716887213656037,False,True
4969d7af-c9d1-5c54-8620-d87f0b49cff8,36,7,chelsea,6538c4ff-2308-56ae-85e7-392fba76d555,Marc Guiu Paz,FWD,ST,0,0.0,0.0589818844809953,8.009829092132142,0.0,UNKNOWN,UNKNOWN,0.0,0.0589818844809953,8.009829092132142,8.009829092132142,OK,0.0570697688180871,7.873707365158634,5.983333333333333,6.51,-0.5266666666666664,-0.2857142857142865,-0.992824720596367,-0.7053043013108907,-0.3635342705712578,0.0,20.0,UNKNOWN,UNKNOWN,8.009829092132142,7.873707365158634,-0.13612172697350822,0.0589818844809953,0.0570697688180871,-0.0019121156629081995,-0.0019121156629081995,-0.13612172697350822,True,False
4969d7af-c9d1-5c54-8620-d87f0b49cff8,36,7,chelsea,fe9a1543-b64c-5f41-9c1e-8ceab47a9679,Mathis Eboué,MID,UNKNOWN,0,0.0,0.0051643627954614,1.3879165664470547,0.0,UNKNOWN,UNKNOWN,0.0,0.0051643627954614,1.3879165664470547,1.3879165664470547,OK,0.004987693469979,1.374311339145047,0.0,0.0,0.0,0.0,0.0,0.0,0.0,0.0,0.0,UNKNOWN,UNKNOWN,1.3879165664470547,1.374311339145047,-0.01360522730200775,0.0051643627954614,0.004987693469979,-0.00017666932548240054,-0.00017666932548240054,-0.01360522730200775,True,False
4969d7af-c9d1-5c54-8620-d87f0b49cff8,36,7,chelsea,dc638cac-db3d-56dd-9d2a-a3a75b54c5b5,Max Merrick,GK,UNKNOWN,0,0.0,0.0022778412158848,0.1897687017784596,0.0,UNKNOWN,UNKNOWN,0.0,0.0022778412158848,0.1897687017784596,0.1897687017784596,OK,0.0021996994840299,0.1836745942204382,0.0,0.0,0.0,0.0,0.0,0.0,0.0,0.0,0.0,UNKNOWN,UNKNOWN,0.1897687017784596,0.1836745942204382,-0.006094107558021394,0.0022778412158848,0.0021996994840299,-7.814173185489992e-05,-7.814173185489992e-05,-0.006094107558021394,False,False
4969d7af-c9d1-5c54-8620-d87f0b49cff8,36,7,chelsea,f1c0774d-5c89-577b-bdf9-fe6b58ed1b6e,Mike Penders,GK,UNKNOWN,0,0.0,0.0022778412158848,0.1897687017784596,0.0,UNKNOWN,UNKNOWN,0.0,0.0022778412158848,0.1897687017784596,0.1897687017784596,OK,0.0021996994840299,0.1836745942204382,0.0,0.0,0.0,0.0,0.0,0.0,0.0,0.0,0.0,UNKNOWN,UNKNOWN,0.1897687017784596,0.1836745942204382,-0.006094107558021394,0.0022778412158848,0.0021996994840299,-7.814173185489992e-05,-7.814173185489992e-05,-0.006094107558021394,False,False
4969d7af-c9d1-5c54-8620-d87f0b49cff8,36,7,chelsea,c92d55cb-06d1-553d-aad7-f64c0de898a5,Moisés Caicedo Corozo,MID,LDM,1,90.0,0.8655740262834868,78.66160047474393,1.0,RDM,4-2-3-1,1.0,0.1344259737165132,-11.338399525256063,11.338399525256063,OK,0.854826066126348,77.75625232328434,6.914666666666666,6.794166666666668,0.120499999999998,-0.2671428571428569,0.9498260756930405,0.1981760574872055,-0.3418540992756216,0.0108994147816904,6.0,RDM,4-2-3-1,11.338399525256065,12.243747676715657,0.9053481514595916,0.13442597371651321,0.14517393387365196,0.010747960157138747,-0.010747960157138747,-0.9053481514595916,False,True
4969d7af-c9d1-5c54-8620-d87f0b49cff8,36,7,chelsea,7ad17b55-f67d-5f9d-9f04-df4f76c1e314,Mykhailo Mudryk,MID,UNKNOWN,0,0.0,0.0025554452947171,0.2118932023495689,0.0,UNKNOWN,UNKNOWN,0.0,0.0025554452947171,0.2118932023495689,0.2118932023495689,OK,0.0024678038627179,0.2050582751326493,0.0,0.0,0.0,0.0,0.0,0.0,0.0,0.0,0.0,UNKNOWN,UNKNOWN,0.2118932023495689,0.2050582751326493,-0.006834927216919612,0.0025554452947171,0.0024678038627179,-8.764143199920015e-05,-8.764143199920015e-05,-0.006834927216919612,False,False
4969d7af-c9d1-5c54-8620-d87f0b49cff8,36,7,chelsea,14394b8e-b6dc-52d7-8711-db31e2d5afc5,Nicolas Jackson,FWD,UNKNOWN,0,0.0,0.0024115748103624,0.2000663901194455,0.0,UNKNOWN,UNKNOWN,0.0,0.0024115748103624,0.2000663901194455,0.2000663901194455,OK,0.0023288560333244,0.1936153176191708,0.0,0.0,0.0,0.0,0.0,0.0,0.0,0.0,0.0,UNKNOWN,UNKNOWN,0.2000663901194455,0.1936153176191708,-0.006451072500274685,0.0024115748103624,0.0023288560333244,-8.27187770380002e-05,-8.27187770380002e-05,-0.006451072500274685,False,False
4969d7af-c9d1-5c54-8620-d87f0b49cff8,36,7,chelsea,653dcb32-98a1-5bdb-afc4-4dcee772c921,Pedro Lomba Neto,MID,LAM,0,0.0,0.1633092920624691,17.27106923012935,1.0,LAM,4-2-3-1,0.0,0.1633092920624691,17.27106923012935,17.27106923012935,MAP_XI_FALSE_POSITIVE,0.179715623199269,18.696610580682503,7.296666666666667,7.200833333333333,0.0958333333333341,2.021428571428572,0.9671804872806428,0.1583777060784049,0.990921791857708,0.0147334564682204,4.0,LAM,4-2-3-1,17.27106923012935,18.696610580682503,1.4255413505531536,0.1633092920624691,0.179715623199269,0.0164063311367999,0.0164063311367999,1.4255413505531536,False,True
4969d7af-c9d1-5c54-8620-d87f0b49cff8,36,7,chelsea,3655e646-d6d9-51ce-a14d-bed863d96c3c,Reece James,DEF,RB,0,27.0,0.0923729317724621,8.7232118450341,0.0,UNKNOWN,UNKNOWN,0.0,0.0923729317724621,-18.2767881549659,18.2767881549659,OK,0.0894812561541326,8.464275035311505,7.557333333333332,7.228333333333334,0.3289999999999979,0.3485714285714287,0.9939765272813866,0.4992700369216695,0.4339573335667757,0.0,20.0,UNKNOWN,UNKNOWN,18.2767881549659,18.535724964688495,0.25893680972259503,0.0923729317724621,0.0894812561541326,-0.002891675618329495,-0.002891675618329495,-0.25893680972259503,False,True
4969d7af-c9d1-5c54-8620-d87f0b49cff8,36,7,chelsea,412fc00b-6fb5-5606-bb30-04e075a83220,Robert Sánchez,GK,GK,0,0.0,0.6571019923712351,45.34182715684487,1.0,GK,4-2-3-1,0.0,0.6571019923712351,45.34182715684487,45.34182715684487,MAP_XI_FALSE_POSITIVE,0.7082341454363092,48.83789457145891,6.64,6.6741666666666655,-0.0341666666666657,-1.8000000000000007,0.378045939081637,-0.0568829734993329,-0.9836748576936802,0.0026628326251772,1.0,GK,4-2-3-1,45.34182715684487,48.83789457145891,3.496067414614039,0.6571019923712351,0.7082341454363092,0.051132153065074126,0.051132153065074126,3.496067414614039,False,True
4969d7af-c9d1-5c54-8620-d87f0b49cff8,36,7,chelsea,f8666db2-925c-5357-81ba-263e71b165b3,Roméo Lavia,MID,RDM,0,0.0,0.4146009763545019,28.254927612392223,0.0,UNKNOWN,UNKNOWN,0.0,0.4146009763545019,28.254927612392223,28.254927612392223,OK,0.4061358511999148,27.81670054080198,6.23,6.538333333333334,-0.3083333333333344,-0.5785714285714283,-0.9837466645526788,-0.4729696898833513,-0.647759371856546,0.0,20.0,UNKNOWN,UNKNOWN,28.254927612392223,27.81670054080198,-0.4382270715902443,0.4146009763545019,0.4061358511999148,-0.008465125154587083,-0.008465125154587083,-0.4382270715902443,True,False
4969d7af-c9d1-5c54-8620-d87f0b49cff8,36,7,chelsea,45e56d29-fbb6-5964-afdf-bc8805b99518,Ryan Kavuma-McQueen,MID,UNKNOWN,0,0.0,0.0391021835342052,6.940888620331613,0.0,UNKNOWN,UNKNOWN,0.0,0.0391021835342052,6.940888620331613,6.940888620331613,OK,0.0378086478495418,6.8452308210315405,5.93,0.0,0.0,0.0,0.0,0.0,0.0,0.0,0.0,UNKNOWN,UNKNOWN,6.940888620331613,6.8452308210315405,-0.09565779930007245,0.0391021835342052,0.0378086478495418,-0.0012935356846634008,-0.0012935356846634008,-0.09565779930007245,True,False
4969d7af-c9d1-5c54-8620-d87f0b49cff8,36,7,chelsea,0bbf4c7c-2ef0-50b5-9f1d-7be9fb72ecfd,Teddy Sharman-Lowe,GK,UNKNOWN,0,0.0,0.0022778412158848,0.1897687017784596,0.0,UNKNOWN,UNKNOWN,0.0,0.0022778412158848,0.1897687017784596,0.1897687017784596,OK,0.0021996994840299,0.1836745942204382,0.0,0.0,0.0,0.0,0.0,0.0,0.0,0.0,0.0,UNKNOWN,UNKNOWN,0.1897687017784596,0.1836745942204382,-0.006094107558021394,0.0022778412158848,0.0021996994840299,-7.814173185489992e-05,-7.814173185489992e-05,-0.006094107558021394,False,False
4969d7af-c9d1-5c54-8620-d87f0b49cff8,36,7,chelsea,1cc11978-28c5-57b6-a8a3-ba979d1349e4,Tosin Adarabioyo,DEF,LCB,0,0.0,0.3555762791905539,18.07991448098348,0.0,UNKNOWN,UNKNOWN,0.0,0.3555762791905539,18.07991448098348,18.07991448098348,OK,0.3476007001698373,17.746743480566337,6.927999999999999,6.829166666666668,0.0988333333333306,-1.1742857142857137,-0.8451384036266675,0.1632483909610193,-0.9163413740706856,0.0,20.0,UNKNOWN,UNKNOWN,18.07991448098348,17.746743480566337,-0.333171000417142,0.3555762791905539,0.3476007001698373,-0.007975579020716606,-0.007975579020716606,-0.333171000417142,True,False
4969d7af-c9d1-5c54-8620-d87f0b49cff8,36,7,chelsea,fbe43cca-fb14-5420-94d6-3e253d5e57f2,Trevoh Chalobah,DEF,LCB,0,0.0,0.9176467458549028,83.54782003460411,1.0,LCB,4-2-3-1,0.0,0.9176467458549028,83.54782003460411,83.54782003460411,HIGH_PSTART_DID_NOT_START,0.9126396580235532,83.1555267445571,6.642666666666668,6.889166666666667,-0.2464999999999992,-0.4128571428571437,-0.4426771530691926,-0.3891800252127553,-0.5008770211287921,-0.0087024571582208,3.0,LCB,4-2-3-1,83.54782003460411,83.1555267445571,-0.3922932900470215,0.9176467458549028,0.9126396580235532,-0.005007087831349621,-0.005007087831349621,-0.3922932900470215,True,False
4969d7af-c9d1-5c54-8620-d87f0b49cff8,36,7,chelsea,ec2bf467-94f7-5b79-97a2-3632c0d199a8,Wesley Fofana,DEF,RCB,1,90.0,0.1963397458518832,11.02320967905009,1.0,RCB,4-2-3-1,1.0,0.8036602541481167,-78.9767903209499,78.9767903209499,LOW_PSTART_STARTED,0.2231998578384195,12.29907257090984,6.652666666666667,7.021666666666667,-0.3690000000000006,-0.3485714285714287,-0.9351306926883118,-0.5476371485389083,-0.4339573335667757,-0.003389453802661,20.0,RCB,4-2-3-1,78.9767903209499,77.70092742909016,-1.2758628918597452,0.8036602541481168,0.7768001421615804,-0.026860111986536372,0.02686011198653629,1.2758628918597488,True,False
ba89faf8-3800-548a-951b-e5d7ed60ed05,37,7,chelsea,c501a519-9def-5d4f-8667-f326dd161177,Aaron Anselmino,DEF,UNKNOWN,0,0.0,0.0019509704026084,0.1624326446609324,0.0,UNKNOWN,UNKNOWN,0.0,0.0019509704026084,0.1624326446609324,0.1624326446609324,OK,0.0018986287345007,0.1583505323953555,0.0,0.0,0.0,0.0,0.0,0.0,0.0,0.0,0.0,UNKNOWN,UNKNOWN,0.1624326446609324,0.1583505323953555,-0.00408211226557692,0.0019509704026084,0.0018986287345007,-5.234166810770004e-05,-5.234166810770004e-05,-0.00408211226557692,False,False
ba89faf8-3800-548a-951b-e5d7ed60ed05,37,7,chelsea,4ef46620-e339-50a5-9169-d9c6d85f3a47,Alejandro Garnacho,MID,LAM,0,1.0,0.0755164020558896,14.10707272092027,0.0,UNKNOWN,UNKNOWN,0.0,0.0755164020558896,13.10707272092027,13.10707272092027,OK,0.0736360240003315,13.952708816353615,6.343333333333333,7.124166666666665,-0.7808333333333319,0.5500000000000007,-0.9421295426234138,-0.8620802777773605,0.625100414008518,0.0,20.0,UNKNOWN,UNKNOWN,13.10707272092027,12.952708816353615,-0.1543639045666545,0.0755164020558896,0.0736360240003315,-0.0018803780555581018,-0.0018803780555581018,-0.1543639045666545,True,False
ba89faf8-3800-548a-951b-e5d7ed60ed05,37,7,chelsea,762fd3f4-3f85-52c7-b5be-8c0c563cf25f,Andrey Nascimento dos Santos,MID,LDM,1,90.0,0.4695861622107863,35.70737592725432,0.0,UNKNOWN,UNKNOWN,1.0,0.5304138377892136,-54.29262407274568,54.29262407274568,MAP_XI_FALSE_NEGATIVE,0.4628055479999552,35.37125146353782,6.504,7.069166666666667,-0.5651666666666664,-0.1800000000000006,-0.9031200878898475,-0.7361143480289251,-0.2354957495384987,0.0,20.0,UNKNOWN,UNKNOWN,54.29262407274568,54.62874853646218,0.3361244637165015,0.5304138377892137,0.5371944520000448,0.006780614210831093,-0.006780614210831093,-0.3361244637165015,False,True
ba89faf8-3800-548a-951b-e5d7ed60ed05,37,7,chelsea,4dc8670b-9980-5a26-9e9d-c98c1f9bb333,Benoît Badiashile,DEF,LCB,0,0.0,0.0421664063015014,2.269716309669362,0.0,UNKNOWN,UNKNOWN,0.0,0.0421664063015014,2.269716309669362,2.269716309669362,OK,0.0410795518337322,2.2159102536865176,7.1,6.653636363636363,0.4463636363636363,0.4928571428571429,0.8706006026176876,0.6315193535285658,0.5764588545429555,0.0,20.0,UNKNOWN,UNKNOWN,2.269716309669362,2.2159102536865176,-0.05380605598284438,0.0421664063015014,0.0410795518337322,-0.0010868544677691966,-0.0010868544677691966,-0.05380605598284438,True,False
ba89faf8-3800-548a-951b-e5d7ed60ed05,37,7,chelsea,895b3f1f-0f9e-528b-86a3-7a7cba558310,Christopher Nkunku,MID,UNKNOWN,0,0.0,0.0019639226616651,0.1642075898926626,0.0,UNKNOWN,UNKNOWN,0.0,0.0019639226616651,0.1642075898926626,0.1642075898926626,OK,0.001911234168919,0.160098469242774,0.0,0.0,0.0,0.0,0.0,0.0,0.0,0.0,0.0,UNKNOWN,UNKNOWN,0.1642075898926626,0.160098469242774,-0.004109120649888609,0.0019639226616651,0.001911234168919,-5.268849274610017e-05,-5.268849274610017e-05,-0.004109120649888609,False,False
ba89faf8-3800-548a-951b-e5d7ed60ed05,37,7,chelsea,481b07c4-b805-52cf-a0ee-593af134790d,Cole Palmer,MID,CAM,1,88.0,0.8886761180152034,80.13848777913542,1.0,RAM,4-2-3-1,1.0,0.1113238819847965,-7.861512220864583,7.861512220864583,OK,0.883006164899945,79.63622087493326,6.298666666666666,7.350833333333333,-1.0521666666666674,0.5171428571428578,-0.9499346615242216,-0.9417851324611118,0.5976760002793555,-0.0156122158023394,5.0,RAM,4-2-3-1,7.861512220864583,8.363779125066742,0.502266904202159,0.11132388198479659,0.11699383510005501,0.005669953115258419,-0.005669953115258419,-0.502266904202159,False,True
ba89faf8-3800-548a-951b-e5d7ed60ed05,37,7,chelsea,1cbf9470-32ae-558b-85b7-1337e7cc76f0,Dário Luís Essugo,MID,UNKNOWN,0,1.0,0.019574922288,3.9106651929200993,0.0,UNKNOWN,UNKNOWN,0.0,0.019574922288,2.9106651929200997,2.9106651929200997,OK,0.0190587849770013,3.871661472762677,6.9157142857142855,0.0,0.0,-0.5733333333333333,0.0,0.0,0.0,0.0,0.0,UNKNOWN,UNKNOWN,2.9106651929200993,2.871661472762677,-0.03900372015742226,0.019574922288,0.0190587849770013,-0.0005161373109986989,-0.0005161373109986989,-0.03900372015742226,True,False
ba89faf8-3800-548a-951b-e5d7ed60ed05,37,7,chelsea,5b51fc3a-1f45-56e1-9ecc-0bda87474227,Enzo Fernández,MID,CAM,1,90.0,0.9447576680347776,85.1800377303918,1.0,CAM,4-2-3-1,1.0,0.0552423319652225,-4.819962269608197,4.819962269608197,OK,0.935945534755534,84.41183105116085,7.363333333333333,7.286666666666666,0.0766666666666671,-0.5857142857142863,0.9440945032193788,0.1270868735338993,-0.6532530080643878,0.0116021568933926,5.0,CAM,4-2-3-1,4.819962269608197,5.588168948839154,0.768206679230957,0.055242331965222435,0.06405446524446601,0.008812133279243572,-0.008812133279243572,-0.768206679230957,False,True
ba89faf8-3800-548a-951b-e5d7ed60ed05,37,7,chelsea,9b51b592-7b40-53df-a62d-6af0afa0bb0e,Estêvão Almeida de Oliveira Gonçalves,MID,RAM,0,0.0,0.0470116493304987,2.185778409628381,0.0,UNKNOWN,UNKNOWN,0.0,0.0470116493304987,2.185778409628381,2.185778409628381,OK,0.0458058793967324,2.162851701457785,6.481333333333334,6.796666666666666,-0.3153333333333323,-0.1314285714285716,-0.90985243613512,-0.481976411851559,-0.1734660982048437,0.0,20.0,UNKNOWN,UNKNOWN,2.185778409628381,2.162851701457785,-0.022926708170595944,0.0470116493304987,0.0458058793967324,-0.0012057699337663028,-0.0012057699337663028,-0.022926708170595944,True,False
ba89faf8-3800-548a-951b-e5d7ed60ed05,37,7,chelsea,d7143aed-fcb8-5af3-8721-72433dd889d7,Filip Jørgensen,GK,GK,0,0.0,0.7642696861376729,71.75583586699445,0.0,UNKNOWN,UNKNOWN,0.0,0.7642696861376729,71.75583586699445,71.75583586699445,MINUTE_ERROR_45PLUS,0.7593254520435438,71.37318075484058,6.537333333333334,6.555714285714287,-0.0183809523809532,0.3485714285714287,-0.1694604521730906,-0.0306253406236209,0.4339573335667757,0.0,1.0,UNKNOWN,UNKNOWN,71.75583586699445,71.37318075484058,-0.38265511215386994,0.7642696861376729,0.7593254520435438,-0.00494423409412903,-0.00494423409412903,-0.38265511215386994,True,False
ba89faf8-3800-548a-951b-e5d7ed60ed05,37,7,chelsea,9d723959-80a6-5a8b-a21b-2cca95b2ab7c,Gabriel Słonina,GK,UNKNOWN,0,0.0,0.0017504643179846,0.1471513346897201,0.0,UNKNOWN,UNKNOWN,0.0,0.0017504643179846,0.1471513346897201,0.1471513346897201,OK,0.0017034927519136,0.1434880519052263,0.0,0.0,0.0,0.0,0.0,0.0,0.0,0.0,0.0,UNKNOWN,UNKNOWN,0.1471513346897201,0.1434880519052263,-0.003663282784493821,0.0017504643179846,0.0017034927519136,-4.6971566071000006e-05,-4.6971566071000006e-05,-0.003663282784493821,False,False
ba89faf8-3800-548a-951b-e5d7ed60ed05,37,7,chelsea,102260dc-086e-540f-ac1b-5c571502d8d4,Jamie Bynoe-Gittens,MID,LAM,0,0.0,0.0301012893652703,1.1211706836480655,0.0,UNKNOWN,UNKNOWN,0.0,0.0301012893652703,1.1211706836480655,1.1211706836480655,OK,0.0293158995939919,1.101834450479354,6.06,6.887499999999999,-0.8274999999999997,0.0857142857142863,-0.9770893189457136,-0.8807645269459439,0.1137907297100765,0.0,20.0,UNKNOWN,UNKNOWN,1.1211706836480655,1.101834450479354,-0.01933623316871147,0.0301012893652703,0.0293158995939919,-0.0007853897712783997,-0.0007853897712783997,-0.01933623316871147,True,False
ba89faf8-3800-548a-951b-e5d7ed60ed05,37,7,chelsea,33ac99dd-6169-5c59-bc88-cc17620c7707,Jesse Derry,MID,LAM,0,0.0,0.0546049817510259,2.6768534911447133,0.0,UNKNOWN,UNKNOWN,0.0,0.0546049817510259,2.6768534911447133,2.6768534911447133,OK,0.0532153308625886,2.614642022283572,6.410000000000001,0.0,0.0,0.1399999999999988,-0.9282452150094298,0.0,0.1845283661215813,0.0,20.0,UNKNOWN,UNKNOWN,2.6768534911447133,2.614642022283572,-0.06221146886114148,0.0546049817510259,0.0532153308625886,-0.0013896508884372952,-0.0013896508884372952,-0.06221146886114148,True,False
ba89faf8-3800-548a-951b-e5d7ed60ed05,37,7,chelsea,932d386d-f372-53de-a37f-381a73a67e07,Jorrel Hato,DEF,LB,1,90.0,0.8142055912101639,73.92871281916868,1.0,LCB,4-2-3-1,1.0,0.1857944087898361,-16.07128718083132,16.07128718083132,OK,0.8169205810886181,74.16356047730947,6.985333333333333,6.8375,0.1478333333333337,0.8028571428571434,0.8159052628573082,0.2415211742711074,0.7896405587511266,0.0094971595972059,20.0,LCB,4-2-3-1,16.07128718083132,15.836439522690526,-0.23484765814079367,0.1857944087898361,0.1830794189113819,-0.0027149898784541993,0.0027149898784541993,0.23484765814079367,True,False
ba89faf8-3800-548a-951b-e5d7ed60ed05,37,7,chelsea,9998e641-8e7f-5837-8d46-ad335b484a00,Josh Acheampong,DEF,RCB,1,73.0,0.0539249639393536,5.894923833591427,0.0,UNKNOWN,UNKNOWN,1.0,0.9460750360606464,-67.10507616640857,67.10507616640857,LOW_PSTART_STARTED,0.0525516569508979,5.7902574205662845,7.257333333333333,6.8500000000000005,0.4073333333333329,1.9557142857142853,0.9213333638239188,0.5907965819926072,0.9891924395503844,0.0,20.0,UNKNOWN,UNKNOWN,67.10507616640857,67.20974257943371,0.1046664130251429,0.9460750360606464,0.9474483430491021,0.0013733069884557247,-0.001373306988455704,-0.1046664130251429,False,True
ba89faf8-3800-548a-951b-e5d7ed60ed05,37,7,chelsea,4448091c-aeb7-5ab3-a537-b2b547480e63,João Pedro Junqueira de Jesus,FWD,ST,0,0.0,0.902550831588109,81.68992366263714,1.0,ST,4-2-3-1,0.0,0.902550831588109,81.68992366263714,81.68992366263714,HIGH_PSTART_DID_NOT_START,0.8947526071409028,81.02505929192232,7.118666666666667,7.591666666666668,-0.4730000000000007,-0.5757142857142865,-0.3865841886488956,-0.6574638370489806,-0.6455428356140719,0.0080870072744295,2.0,ST,4-2-3-1,81.68992366263714,81.02505929192232,-0.6648643707148238,0.902550831588109,0.8947526071409028,-0.007798224447206237,-0.007798224447206237,-0.6648643707148238,True,False
ba89faf8-3800-548a-951b-e5d7ed60ed05,37,7,chelsea,877d9c71-fd12-5aab-8c4b-9df2eb81bbf0,Kendry Páez Andrade,MID,UNKNOWN,0,0.0,0.0019639226616651,0.1642075898926626,0.0,UNKNOWN,UNKNOWN,0.0,0.0019639226616651,0.1642075898926626,0.1642075898926626,OK,0.001911234168919,0.160098469242774,0.0,0.0,0.0,0.0,0.0,0.0,0.0,0.0,0.0,UNKNOWN,UNKNOWN,0.1642075898926626,0.160098469242774,-0.004109120649888609,0.0019639226616651,0.001911234168919,-5.268849274610017e-05,-5.268849274610017e-05,-0.004109120649888609,False,False
ba89faf8-3800-548a-951b-e5d7ed60ed05,37,7,chelsea,64e1d98b-b70a-5d8f-a6fe-c77a7ea90c46,Landon Emenalo,MID,UNKNOWN,0,0.0,0.0019639226616651,0.1642075898926626,0.0,UNKNOWN,UNKNOWN,0.0,0.0019639226616651,0.1642075898926626,0.1642075898926626,OK,0.001911234168919,0.160098469242774,0.0,0.0,0.0,0.0,0.0,0.0,0.0,0.0,0.0,UNKNOWN,UNKNOWN,0.1642075898926626,0.160098469242774,-0.004109120649888609,0.0019639226616651,0.001911234168919,-5.268849274610017e-05,-5.268849274610017e-05,-0.004109120649888609,False,False
ba89faf8-3800-548a-951b-e5d7ed60ed05,37,7,chelsea,46f70fd6-45f6-55b9-884d-24feb13db9c3,Levi Colwill,DEF,LCB,0,0.0,0.652860756133471,64.33998327523518,0.0,UNKNOWN,UNKNOWN,0.0,0.652860756133471,64.33998327523518,64.33998327523518,MINUTE_ERROR_45PLUS,0.6466601316222277,63.88164241345562,6.993333333333333,0.0,0.0,0.9800000000000004,0.8203143509657715,0.0,0.8634295524217678,0.0,20.0,UNKNOWN,UNKNOWN,64.33998327523518,63.88164241345562,-0.45834086177956124,0.652860756133471,0.6466601316222277,-0.006200624511243369,-0.006200624511243369,-0.45834086177956124,True,False
ba89faf8-3800-548a-951b-e5d7ed60ed05,37,7,chelsea,8b1af3a3-b391-5111-954e-dbda5d6d12a5,Liam Delap,FWD,ST,1,88.0,0.1594597115128511,22.997198152060516,0.0,UNKNOWN,UNKNOWN,1.0,0.8405402884871489,-65.00280184793948,65.00280184793948,LOW_PSTART_STARTED,0.1558414728333656,22.78205310691512,5.816666666666666,6.673333333333333,-0.8566666666666665,-0.4857142857142857,-0.9897541017553844,-0.8912102941264044,-0.5700649429432746,0.0,20.0,UNKNOWN,UNKNOWN,65.00280184793948,65.21794689308487,0.21514504514539112,0.8405402884871489,0.8441585271666344,0.0036182386794855192,-0.0036182386794854915,-0.21514504514539468,False,True
ba89faf8-3800-548a-951b-e5d7ed60ed05,37,7,chelsea,972fc541-f01f-51fc-b746-5238f72285d7,Malo Gusto,DEF,RB,0,0.0,0.9055295284644286,82.35717416129121,1.0,RB,4-2-3-1,0.0,0.9055295284644286,82.35717416129121,82.35717416129121,HIGH_PSTART_DID_NOT_START,0.8949673897796568,81.50438523435065,6.706,6.866666666666667,-0.1606666666666667,-0.0771428571428574,-0.8184889153200651,-0.2615558446924458,-0.1024959424583155,-0.0114074237045161,3.0,RB,4-2-3-1,82.35717416129121,81.50438523435065,-0.852788926940562,0.9055295284644286,0.8949673897796568,-0.010562138684771738,-0.010562138684771738,-0.852788926940562,True,False
ba89faf8-3800-548a-951b-e5d7ed60ed05,37,7,chelsea,c1d2c6e2-92b5-5eb7-abc2-bfb9ba6fffa1,Mamadou Sarr,DEF,LCB,0,9.0,0.0237131437029043,2.427036180589172,0.0,UNKNOWN,UNKNOWN,0.0,0.0237131437029043,-6.572963819410829,6.572963819410829,OK,0.0230904625671653,2.3718194706129543,6.595714285714286,0.0,0.0,0.4066666666666663,-0.8707158189343726,0.0,0.4946682627959506,0.0,20.0,UNKNOWN,UNKNOWN,6.572963819410829,6.628180529387046,0.05521670997621708,0.0237131437029043,0.0230904625671653,-0.0006226811357389998,-0.0006226811357389998,-0.055216709976217526,False,True
ba89faf8-3800-548a-951b-e5d7ed60ed05,37,7,chelsea,3d33e637-0658-5cc2-964e-b281c5cdf9fc,Marc Cucurella Saseta,DEF,LB,1,90.0,0.904113628520522,82.06252362750509,1.0,LB,4-2-3-1,1.0,0.0958863714794781,-7.937476372494913,7.937476372494913,OK,0.8932347438653683,81.16196930683299,6.823333333333333,6.989166666666666,-0.1658333333333326,-0.4999999999999991,-0.7162978701990245,-0.2695596324691939,-0.5827829453479093,-0.0059404869141804,3.0,LB,4-2-3-1,7.937476372494913,8.838030693167013,0.9005543206721001,0.09588637147947798,0.10676525613463173,0.010878884655153742,-0.010878884655153742,-0.9005543206721001,False,True
ba89faf8-3800-548a-951b-e5d7ed60ed05,37,7,chelsea,6538c4ff-2308-56ae-85e7-392fba76d555,Marc Guiu Paz,FWD,ST,0,0.0,0.0327459730738344,4.696821906476934,0.0,UNKNOWN,UNKNOWN,0.0,0.0327459730738344,4.696821906476934,4.696821906476934,OK,0.0318938484677584,4.634886742559488,5.983333333333333,6.51,-0.5266666666666664,-0.2857142857142865,-0.9822100382988104,-0.7053043013108907,-0.3635342705712578,0.0,20.0,UNKNOWN,UNKNOWN,4.696821906476934,4.634886742559488,-0.06193516391744591,0.0327459730738344,0.0318938484677584,-0.0008521246060760046,-0.0008521246060760046,-0.06193516391744591,True,False
ba89faf8-3800-548a-951b-e5d7ed60ed05,37,7,chelsea,fe9a1543-b64c-5f41-9c1e-8ceab47a9679,Mathis Eboué,MID,UNKNOWN,0,0.0,0.0019639226616651,0.1664782157364859,0.0,UNKNOWN,UNKNOWN,0.0,0.0019639226616651,0.1664782157364859,0.1664782157364859,OK,0.001911234168919,0.1623692150743463,0.0,0.0,0.0,0.0,0.0,0.0,0.0,0.0,0.0,UNKNOWN,UNKNOWN,0.1664782157364859,0.1623692150743463,-0.0041090006621396225,0.0019639226616651,0.001911234168919,-5.268849274610017e-05,-5.268849274610017e-05,-0.0041090006621396225,False,False
ba89faf8-3800-548a-951b-e5d7ed60ed05,37,7,chelsea,dc638cac-db3d-56dd-9d2a-a3a75b54c5b5,Max Merrick,GK,UNKNOWN,0,0.0,0.0017504643179846,0.1471513346897201,0.0,UNKNOWN,UNKNOWN,0.0,0.0017504643179846,0.1471513346897201,0.1471513346897201,OK,0.0017034927519136,0.1434880519052263,0.0,0.0,0.0,0.0,0.0,0.0,0.0,0.0,0.0,UNKNOWN,UNKNOWN,0.1471513346897201,0.1434880519052263,-0.003663282784493821,0.0017504643179846,0.0017034927519136,-4.6971566071000006e-05,-4.6971566071000006e-05,-0.003663282784493821,False,False
ba89faf8-3800-548a-951b-e5d7ed60ed05,37,7,chelsea,f1c0774d-5c89-577b-bdf9-fe6b58ed1b6e,Mike Penders,GK,UNKNOWN,0,0.0,0.0017504643179846,0.1471513346897201,0.0,UNKNOWN,UNKNOWN,0.0,0.0017504643179846,0.1471513346897201,0.1471513346897201,OK,0.0017034927519136,0.1434880519052263,0.0,0.0,0.0,0.0,0.0,0.0,0.0,0.0,0.0,UNKNOWN,UNKNOWN,0.1471513346897201,0.1434880519052263,-0.003663282784493821,0.0017504643179846,0.0017034927519136,-4.6971566071000006e-05,-4.6971566071000006e-05,-0.003663282784493821,False,False
ba89faf8-3800-548a-951b-e5d7ed60ed05,37,7,chelsea,c92d55cb-06d1-553d-aad7-f64c0de898a5,Moisés Caicedo Corozo,MID,LDM,1,90.0,0.9301709928638277,84.00016163530215,1.0,LDM,4-2-3-1,1.0,0.0698290071361724,-5.999838364697851,5.999838364697851,OK,0.9208634770843468,83.20067637279196,7.397333333333334,6.800833333333334,0.5964999999999998,0.9057142857142866,0.9031200878898475,0.7591334013122151,0.8359638566492634,0.0062034738918311,6.0,LDM,4-2-3-1,5.999838364697851,6.7993236272080395,0.7994852625101885,0.06982900713617235,0.0791365229156532,0.009307515779480857,-0.009307515779480857,-0.7994852625101885,False,True
ba89faf8-3800-548a-951b-e5d7ed60ed05,37,7,chelsea,7ad17b55-f67d-5f9d-9f04-df4f76c1e314,Mykhailo Mudryk,MID,UNKNOWN,0,0.0,0.0019639226616651,0.1642075898926626,0.0,UNKNOWN,UNKNOWN,0.0,0.0019639226616651,0.1642075898926626,0.1642075898926626,OK,0.001911234168919,0.160098469242774,0.0,0.0,0.0,0.0,0.0,0.0,0.0,0.0,0.0,UNKNOWN,UNKNOWN,0.1642075898926626,0.160098469242774,-0.004109120649888609,0.0019639226616651,0.001911234168919,-5.268849274610017e-05,-5.268849274610017e-05,-0.004109120649888609,False,False
ba89faf8-3800-548a-951b-e5d7ed60ed05,37,7,chelsea,14394b8e-b6dc-52d7-8711-db31e2d5afc5,Nicolas Jackson,FWD,UNKNOWN,0,0.0,0.0018532927728731,0.1550471289449671,0.0,UNKNOWN,UNKNOWN,0.0,0.0018532927728731,0.1550471289449671,0.1550471289449671,OK,0.0018035669164204,0.15116903465866,0.0,0.0,0.0,0.0,0.0,0.0,0.0,0.0,0.0,UNKNOWN,UNKNOWN,0.1550471289449671,0.15116903465866,-0.0038780942863071155,0.0018532927728731,0.0018035669164204,-4.972585645270002e-05,-4.972585645270002e-05,-0.0038780942863071155,False,False
ba89faf8-3800-548a-951b-e5d7ed60ed05,37,7,chelsea,653dcb32-98a1-5bdb-afc4-4dcee772c921,Pedro Lomba Neto,MID,LAM,1,88.0,0.0914589696467675,9.245889659076903,1.0,LAM,4-2-3-1,1.0,0.9085410303532324,-78.75411034092309,78.75411034092309,LOW_PSTART_STARTED,0.1060737627422614,10.5444321592902,7.296666666666667,7.200833333333333,0.0958333333333341,2.021428571428572,0.9306647800455866,0.1583777060784049,0.990921791857708,0.0113248608520385,20.0,LAM,4-2-3-1,78.75411034092309,77.4555678407098,-1.298542500213287,0.9085410303532325,0.8939262372577386,-0.014614793095493961,0.014614793095493891,1.298542500213296,True,False
ba89faf8-3800-548a-951b-e5d7ed60ed05,37,7,chelsea,3655e646-d6d9-51ce-a14d-bed863d96c3c,Reece James,DEF,RB,0,0.0,0.509783590826368,50.29713758858104,1.0,RDM,4-2-3-1,0.0,0.509783590826368,50.29713758858104,50.29713758858104,MAP_XI_FALSE_POSITIVE,0.5171615170623941,50.89463771975706,7.305333333333333,7.195833333333333,0.1094999999999997,-0.5257142857142849,0.9325725785890588,0.1805005038603663,-0.6049719430788242,-0.0022852984027303,20.0,RDM,4-2-3-1,50.29713758858104,50.89463771975706,0.5975001311760195,0.509783590826368,0.5171615170623941,0.007377926236026067,0.007377926236026067,0.5975001311760195,False,True
ba89faf8-3800-548a-951b-e5d7ed60ed05,37,7,chelsea,412fc00b-6fb5-5606-bb30-04e075a83220,Robert Sánchez,GK,GK,1,90.0,0.2451374654635831,17.086559943227513,1.0,GK,4-2-3-1,1.0,0.7548625345364169,-72.91344005677249,72.91344005677249,MINUTE_ERROR_45PLUS,0.3196852456418099,22.19231330001748,6.64,6.6741666666666655,-0.0341666666666657,-1.8000000000000007,0.1694604521730906,-0.0568829734993329,-0.9836748576936802,-4.877870463384754e-05,1.0,GK,4-2-3-1,72.91344005677249,67.80768669998253,-5.105753356789961,0.7548625345364169,0.6803147543581901,-0.07454778017822683,0.0745477801782268,5.105753356789968,True,False
ba89faf8-3800-548a-951b-e5d7ed60ed05,37,7,chelsea,f8666db2-925c-5357-81ba-263e71b165b3,Roméo Lavia,MID,RDM,0,0.0,0.1112060389461874,8.896725050153306,0.0,UNKNOWN,UNKNOWN,0.0,0.1112060389461874,8.896725050153306,8.896725050153306,OK,0.108541317500059,8.747827446275943,6.23,6.538333333333334,-0.3083333333333344,-0.5785714285714283,-0.9599721904041268,-0.4729696898833513,-0.647759371856546,0.0,20.0,UNKNOWN,UNKNOWN,8.896725050153306,8.747827446275943,-0.14889760387736217,0.1112060389461874,0.108541317500059,-0.002664721446128393,-0.002664721446128393,-0.14889760387736217,True,False
ba89faf8-3800-548a-951b-e5d7ed60ed05,37,7,chelsea,45e56d29-fbb6-5964-afdf-bc8805b99518,Ryan Kavuma-McQueen,MID,UNKNOWN,0,0.0,0.015201664952335,1.2528633959350328,0.0,UNKNOWN,UNKNOWN,0.0,0.015201664952335,1.2528633959350328,1.2528633959350328,OK,0.0147990979410919,1.2214906122896263,5.93,0.0,0.0,0.0,0.0,0.0,0.0,0.0,0.0,UNKNOWN,UNKNOWN,1.2528633959350328,1.2214906122896263,-0.03137278364540652,0.015201664952335,0.0147990979410919,-0.0004025670112430997,-0.0004025670112430997,-0.03137278364540652,True,False
ba89faf8-3800-548a-951b-e5d7ed60ed05,37,7,chelsea,e193642b-a6b4-53a0-9d0e-1e71ab70a347,Shumaira Mheuka,FWD,UNKNOWN,0,1.0,0.0286883769178409,5.664182438800918,0.0,UNKNOWN,UNKNOWN,0.0,0.0286883769178409,4.664182438800918,4.664182438800918,OK,0.0279387903128609,5.608359063243013,6.59,0.0,0.0,0.0,0.0,0.0,0.0,0.0,0.0,UNKNOWN,UNKNOWN,4.664182438800918,4.608359063243013,-0.05582337555790495,0.0286883769178409,0.0279387903128609,-0.0007495866049800001,-0.0007495866049800001,-0.05582337555790495,True,False
ba89faf8-3800-548a-951b-e5d7ed60ed05,37,7,chelsea,0bbf4c7c-2ef0-50b5-9f1d-7be9fb72ecfd,Teddy Sharman-Lowe,GK,UNKNOWN,0,0.0,0.0017504643179846,0.1471513346897201,0.0,UNKNOWN,UNKNOWN,0.0,0.0017504643179846,0.1471513346897201,0.1471513346897201,OK,0.0017034927519136,0.1434880519052263,0.0,0.0,0.0,0.0,0.0,0.0,0.0,0.0,0.0,UNKNOWN,UNKNOWN,0.1471513346897201,0.1434880519052263,-0.003663282784493821,0.0017504643179846,0.0017034927519136,-4.6971566071000006e-05,-4.6971566071000006e-05,-0.003663282784493821,False,False
ba89faf8-3800-548a-951b-e5d7ed60ed05,37,7,chelsea,1cc11978-28c5-57b6-a8a3-ba979d1349e4,Tosin Adarabioyo,DEF,LCB,0,0.0,0.1089272129933425,6.799004161783109,0.0,UNKNOWN,UNKNOWN,0.0,0.1089272129933425,6.799004161783109,6.799004161783109,OK,0.1063105653677362,6.686826263595325,6.927999999999999,6.829166666666668,0.0988333333333306,-1.1742857142857137,-0.6539803541704864,0.1632483909610193,-0.9163413740706856,0.0,20.0,UNKNOWN,UNKNOWN,6.799004161783109,6.686826263595325,-0.11217789818778368,0.1089272129933425,0.1063105653677362,-0.0026166476256063026,-0.0026166476256063026,-0.11217789818778368,True,False
ba89faf8-3800-548a-951b-e5d7ed60ed05,37,7,chelsea,fbe43cca-fb14-5420-94d6-3e253d5e57f2,Trevoh Chalobah,DEF,LCB,0,16.0,0.3099382390164638,31.080575524531557,0.0,UNKNOWN,UNKNOWN,0.0,0.3099382390164638,15.080575524531554,15.080575524531554,OK,0.3041410346007066,30.58559384182163,6.642666666666668,6.889166666666667,-0.2464999999999992,-0.4128571428571437,-0.5161748160267811,-0.3891800252127553,-0.5008770211287921,0.0,3.0,UNKNOWN,UNKNOWN,15.080575524531557,14.58559384182163,-0.49498168270992693,0.3099382390164638,0.3041410346007066,-0.005797204415757207,-0.005797204415757207,-0.49498168270992693,True,False
ba89faf8-3800-548a-951b-e5d7ed60ed05,37,7,chelsea,ec2bf467-94f7-5b79-97a2-3632c0d199a8,Wesley Fofana,DEF,RCB,1,80.0,0.8434923009812613,75.78891401705339,1.0,RCB,4-2-3-1,1.0,0.1565076990187387,-4.211085982946614,4.211085982946614,OK,0.8413057895642394,75.59894170032128,6.700666666666666,6.959166666666666,-0.2584999999999997,0.2128571428571426,-0.8214016550535646,-0.4060175022405076,0.2764272029988035,-0.000224466146894,20.0,RCB,4-2-3-1,4.211085982946614,4.4010582996787235,0.1899723167321099,0.15650769901873873,0.1586942104357606,0.0021865114170218636,-0.0021865114170218636,-0.1899723167321099,False,True
dcb932a5-b690-59b8-8026-5a592284f9a8,38,7,chelsea,c501a519-9def-5d4f-8667-f326dd161177,Aaron Anselmino,DEF,UNKNOWN,0,0.0,0.0017493600807127,0.1480231979753914,0.0,UNKNOWN,UNKNOWN,0.0,0.0017493600807127,0.1480231979753914,0.1480231979753914,OK,0.0017369721740852,0.1470570849937265,0.0,0.0,0.0,0.0,0.0,0.0,0.0,0.0,0.0,UNKNOWN,UNKNOWN,0.1480231979753914,0.1470570849937265,-0.0009661129816649072,0.0017493600807127,0.0017369721740852,-1.2387906627499843e-05,-1.2387906627499843e-05,-0.0009661129816649072,False,False
dcb932a5-b690-59b8-8026-5a592284f9a8,38,7,chelsea,4ef46620-e339-50a5-9169-d9c6d85f3a47,Alejandro Garnacho,MID,LAM,0,0.0,0.1987864362939734,22.450164873843544,0.0,UNKNOWN,UNKNOWN,0.0,0.1987864362939734,22.450164873843544,22.450164873843544,OK,0.1976550221299841,22.35477615782028,6.343333333333333,7.124166666666665,-0.7808333333333319,0.5500000000000007,-0.9932111602997248,-0.8620802777773605,0.625100414008518,0.0,20.0,UNKNOWN,UNKNOWN,22.450164873843544,22.35477615782028,-0.09538871602326537,0.1987864362939734,0.1976550221299841,-0.0011314141639893194,-0.0011314141639893194,-0.09538871602326537,True,False
dcb932a5-b690-59b8-8026-5a592284f9a8,38,7,chelsea,762fd3f4-3f85-52c7-b5be-8c0c563cf25f,Andrey Nascimento dos Santos,MID,RDM,0,0.0,0.8043074164268028,73.21387338759028,1.0,RDM,4-2-3-1,0.0,0.8043074164268028,73.21387338759028,73.21387338759028,HIGH_PSTART_DID_NOT_START,0.8024339830532166,73.08106607954903,7.458,7.043333333333334,0.4146666666666663,1.739999999999999,0.9827882434581756,0.5986953235084579,0.9808693626558166,0.0126449674834675,20.0,RDM,4-2-3-1,73.21387338759028,73.08106607954903,-0.13280730804125085,0.8043074164268028,0.8024339830532166,-0.001873433373586253,-0.001873433373586253,-0.13280730804125085,True,False
dcb932a5-b690-59b8-8026-5a592284f9a8,38,7,chelsea,4dc8670b-9980-5a26-9e9d-c98c1f9bb333,Benoît Badiashile,DEF,LCB,0,0.0,0.0371941278622697,2.029011070336704,0.0,UNKNOWN,UNKNOWN,0.0,0.0371941278622697,2.029011070336704,2.029011070336704,OK,0.0369400297514909,2.016433074630499,7.1,6.653636363636363,0.4463636363636363,0.4928571428571429,0.9443355206576474,0.6315193535285658,0.5764588545429555,0.0,20.0,UNKNOWN,UNKNOWN,2.029011070336704,2.016433074630499,-0.012577995706205325,0.0371941278622697,0.0369400297514909,-0.00025409811077879707,-0.00025409811077879707,-0.012577995706205325,True,False
dcb932a5-b690-59b8-8026-5a592284f9a8,38,7,chelsea,895b3f1f-0f9e-528b-86a3-7a7cba558310,Christopher Nkunku,MID,UNKNOWN,0,0.0,0.001760976234582,0.1497804632214275,0.0,UNKNOWN,UNKNOWN,0.0,0.001760976234582,0.1497804632214275,0.1497804632214275,OK,0.0017485062134829,0.1488079569096105,0.0,0.0,0.0,0.0,0.0,0.0,0.0,0.0,0.0,UNKNOWN,UNKNOWN,0.1497804632214275,0.1488079569096105,-0.0009725063118170008,0.001760976234582,0.0017485062134829,-1.24700210991e-05,-1.24700210991e-05,-0.0009725063118170008,False,False
dcb932a5-b690-59b8-8026-5a592284f9a8,38,7,chelsea,481b07c4-b805-52cf-a0ee-593af134790d,Cole Palmer,MID,CAM,1,90.0,0.8634302151741035,76.5675694288244,1.0,RAM,4-2-3-1,1.0,0.1365697848258965,-13.4324305711756,13.4324305711756,OK,0.8582596952211656,76.12603876331052,6.543333333333334,7.115833333333332,-0.572499999999998,0.1857142857142859,-0.9868195474278826,-0.7416635814442359,0.2426792301412472,-0.0147817069174503,5.0,RAM,4-2-3-1,13.432430571175601,13.873961236689482,0.44153066551388065,0.13656978482589655,0.14174030477883437,0.005170519952937824,-0.005170519952937824,-0.44153066551388065,False,True
dcb932a5-b690-59b8-8026-5a592284f9a8,38,7,chelsea,1cbf9470-32ae-558b-85b7-1337e7cc76f0,Dário Luís Essugo,MID,UNKNOWN,0,0.0,0.0505932597761462,7.049228194330843,0.0,UNKNOWN,UNKNOWN,0.0,0.0505932597761462,7.049228194330843,7.049228194330843,OK,0.0502524009128309,7.023755184974321,6.9157142857142855,0.0,0.0,-0.5733333333333333,0.0,0.0,0.0,0.0,0.0,UNKNOWN,UNKNOWN,7.049228194330843,7.023755184974321,-0.025473009356522525,0.0505932597761462,0.0502524009128309,-0.00034085886331530063,-0.00034085886331530063,-0.025473009356522525,True,False
dcb932a5-b690-59b8-8026-5a592284f9a8,38,7,chelsea,5b51fc3a-1f45-56e1-9ecc-0bda87474227,Enzo Fernández,MID,CAM,1,90.0,0.9443014365969492,85.22635800136128,1.0,CAM,4-2-3-1,1.0,0.0556985634030507,-4.773641998638723,4.773641998638723,OK,0.9367946450036309,84.58305392793909,8.048,7.130833333333334,0.9171666666666658,1.9757142857142869,0.9868195474278826,0.9101866166657404,0.9897508652440768,0.0193590889303793,5.0,CAM,4-2-3-1,4.773641998638723,5.4169460720609095,0.6433040734221862,0.055698563403050794,0.06320535499636915,0.0075067915933183516,-0.0075067915933183516,-0.6433040734221862,False,True
dcb932a5-b690-59b8-8026-5a592284f9a8,38,7,chelsea,9b51b592-7b40-53df-a62d-6af0afa0bb0e,Estêvão Almeida de Oliveira Gonçalves,MID,RAM,0,0.0,0.0397982187956296,2.017107107081535,0.0,UNKNOWN,UNKNOWN,0.0,0.0397982187956296,2.017107107081535,2.017107107081535,OK,0.0395270607510983,2.011942398499708,6.481333333333334,6.796666666666666,-0.3153333333333323,-0.1314285714285716,-0.9892672543017824,-0.481976411851559,-0.1734660982048437,0.0,20.0,UNKNOWN,UNKNOWN,2.017107107081535,2.011942398499708,-0.00516470858182716,0.0397982187956296,0.0395270607510983,-0.00027115804453130277,-0.00027115804453130277,-0.00516470858182716,False,False
dcb932a5-b690-59b8-8026-5a592284f9a8,38,7,chelsea,d7143aed-fcb8-5af3-8721-72433dd889d7,Filip Jørgensen,GK,GK,0,0.0,0.0983559749546749,16.718110757336643,0.0,UNKNOWN,UNKNOWN,0.0,0.0983559749546749,16.718110757336643,16.718110757336643,OK,0.097726450365251,16.66694552708257,6.537333333333334,6.555714285714287,-0.0183809523809532,0.3485714285714287,-0.532288740445752,-0.0306253406236209,0.4339573335667757,0.0,1.0,UNKNOWN,UNKNOWN,16.718110757336643,16.66694552708257,-0.05116523025407105,0.0983559749546749,0.097726450365251,-0.000629524589423891,-0.000629524589423891,-0.05116523025407105,True,False
dcb932a5-b690-59b8-8026-5a592284f9a8,38,7,chelsea,9d723959-80a6-5a8b-a21b-2cca95b2ab7c,Gabriel Słonina,GK,UNKNOWN,0,0.0,0.0015695414062569,0.1343816104237409,0.0,UNKNOWN,UNKNOWN,0.0,0.0015695414062569,0.1343816104237409,0.1343816104237409,OK,0.0015584248784487,0.1335146544612,0.0,0.0,0.0,0.0,0.0,0.0,0.0,0.0,0.0,UNKNOWN,UNKNOWN,0.1343816104237409,0.1335146544612,-0.0008669559625408829,0.0015695414062569,0.0015584248784487,-1.1116527808199958e-05,-1.1116527808199958e-05,-0.0008669559625408829,False,False
dcb932a5-b690-59b8-8026-5a592284f9a8,38,7,chelsea,102260dc-086e-540f-ac1b-5c571502d8d4,Jamie Bynoe-Gittens,MID,LAM,0,0.0,0.0268491226893826,1.033245489178411,0.0,UNKNOWN,UNKNOWN,0.0,0.0268491226893826,1.033245489178411,1.033245489178411,OK,0.0266637410466718,1.0286799176849777,6.06,6.887499999999999,-0.8274999999999997,0.0857142857142863,-0.997354362390708,-0.8807645269459439,0.1137907297100765,0.0,20.0,UNKNOWN,UNKNOWN,1.033245489178411,1.0286799176849777,-0.004565571493433396,0.0268491226893826,0.0266637410466718,-0.0001853816427107996,-0.0001853816427107996,-0.004565571493433396,False,False
dcb932a5-b690-59b8-8026-5a592284f9a8,38,7,chelsea,33ac99dd-6169-5c59-bc88-cc17620c7707,Jesse Derry,MID,LAM,0,0.0,0.0235526862859037,1.210749946971211,0.0,UNKNOWN,UNKNOWN,0.0,0.0235526862859037,1.210749946971211,1.210749946971211,OK,0.0233895180743498,1.203432594554286,6.410000000000001,0.0,0.0,0.1399999999999988,-0.9915289207183132,0.0,0.1845283661215813,0.0,20.0,UNKNOWN,UNKNOWN,1.210749946971211,1.203432594554286,-0.007317352416924994,0.0235526862859037,0.0233895180743498,-0.00016316821155390113,-0.00016316821155390113,-0.007317352416924994,False,False
dcb932a5-b690-59b8-8026-5a592284f9a8,38,7,chelsea,932d386d-f372-53de-a37f-381a73a67e07,Jorrel Hato,DEF,LCB,1,51.0,0.8622305679314686,78.53111085987908,1.0,LCB,4-2-3-1,1.0,0.1377694320685314,27.53111085987908,27.53111085987908,OK,0.8643533584866879,78.7078267652475,6.922666666666667,6.769166666666666,0.153500000000001,0.2300000000000004,0.9016759521838184,0.2503941973943421,0.2974016099781543,0.0109572933370788,20.0,LCB,4-2-3-1,27.531110859879078,27.707826765247503,0.1767159053684253,0.13776943206853143,0.13564664151331207,-0.002122790555219356,0.002122790555219356,0.1767159053684253,False,True
dcb932a5-b690-59b8-8026-5a592284f9a8,38,7,chelsea,9998e641-8e7f-5837-8d46-ad335b484a00,Josh Acheampong,DEF,RB,0,5.0,0.4908877610679374,37.70707154817077,0.0,UNKNOWN,UNKNOWN,0.0,0.4908877610679374,32.707071548170774,32.707071548170774,MINUTE_ERROR_30PLUS,0.4891087263900485,37.58374448601168,7.088666666666667,6.843333333333333,0.2453333333333338,-0.404285714285713,0.9422542918997846,0.3875288410128387,-0.4922667112410436,0.0,20.0,UNKNOWN,UNKNOWN,32.70707154817077,32.58374448601168,-0.12332706215908473,0.4908877610679374,0.4891087263900485,-0.0017790346778889243,-0.0017790346778889243,-0.12332706215908473,True,False
dcb932a5-b690-59b8-8026-5a592284f9a8,38,7,chelsea,4448091c-aeb7-5ab3-a537-b2b547480e63,João Pedro Junqueira de Jesus,FWD,ST,1,90.0,0.2781733776211075,27.52099240131825,0.0,UNKNOWN,UNKNOWN,1.0,0.7218266223788925,-62.47900759868175,62.47900759868175,MAP_XI_FALSE_NEGATIVE,0.2767461934624028,27.39746316508281,6.628,7.380833333333334,-0.7528333333333341,-1.002857142857143,-0.98255923125748,-0.849602528285012,-0.8709842857176504,0.0,2.0,UNKNOWN,UNKNOWN,62.47900759868175,62.60253683491719,0.12352923623544143,0.7218266223788925,0.7232538065375972,0.0014271841587046863,-0.0014271841587046863,-0.12352923623543788,False,True
dcb932a5-b690-59b8-8026-5a592284f9a8,38,7,chelsea,877d9c71-fd12-5aab-8c4b-9df2eb81bbf0,Kendry Páez Andrade,MID,UNKNOWN,0,0.0,0.001760976234582,0.1497804632214275,0.0,UNKNOWN,UNKNOWN,0.0,0.001760976234582,0.1497804632214275,0.1497804632214275,OK,0.0017485062134829,0.1488079569096105,0.0,0.0,0.0,0.0,0.0,0.0,0.0,0.0,0.0,UNKNOWN,UNKNOWN,0.1497804632214275,0.1488079569096105,-0.0009725063118170008,0.001760976234582,0.0017485062134829,-1.24700210991e-05,-1.24700210991e-05,-0.0009725063118170008,False,False
dcb932a5-b690-59b8-8026-5a592284f9a8,38,7,chelsea,64e1d98b-b70a-5d8f-a6fe-c77a7ea90c46,Landon Emenalo,MID,UNKNOWN,0,0.0,0.001760976234582,0.1497804632214275,0.0,UNKNOWN,UNKNOWN,0.0,0.001760976234582,0.1497804632214275,0.1497804632214275,OK,0.0017485062134829,0.1488079569096105,0.0,0.0,0.0,0.0,0.0,0.0,0.0,0.0,0.0,UNKNOWN,UNKNOWN,0.1497804632214275,0.1488079569096105,-0.0009725063118170008,0.001760976234582,0.0017485062134829,-1.24700210991e-05,-1.24700210991e-05,-0.0009725063118170008,False,False
dcb932a5-b690-59b8-8026-5a592284f9a8,38,7,chelsea,46f70fd6-45f6-55b9-884d-24feb13db9c3,Levi Colwill,DEF,LCB,1,90.0,0.051684201328127,15.149949483121215,0.0,UNKNOWN,UNKNOWN,1.0,0.9483157986718728,-74.85005051687878,74.85005051687878,LOW_PSTART_STARTED,0.0513363899574157,15.122496925653248,6.637142857142857,0.0,0.0,-0.6233333333333331,-0.9820243714973348,0.0,-0.6810721689013622,0.0,20.0,UNKNOWN,UNKNOWN,74.85005051687878,74.87750307434675,0.027452557467967154,0.948315798671873,0.9486636100425843,0.00034781137071127066,-0.0003478113707112984,-0.027452557467967154,False,True
dcb932a5-b690-59b8-8026-5a592284f9a8,38,7,chelsea,8b1af3a3-b391-5111-954e-dbda5d6d12a5,Liam Delap,FWD,ST,0,5.0,0.6889980099591366,66.10913119229599,1.0,ST,4-2-3-1,0.0,0.6889980099591366,61.10913119229599,61.10913119229599,MAP_XI_FALSE_POSITIVE,0.7115587983116779,67.69524310134845,6.034000000000001,6.664166666666667,-0.6301666666666659,0.4414285714285713,-0.9975737296216602,-0.7819143282746215,0.528867386091077,-0.0126975470840057,20.0,ST,4-2-3-1,61.10913119229599,62.69524310134845,1.5861119090524625,0.6889980099591366,0.7115587983116779,0.022560788352541272,0.022560788352541272,1.5861119090524625,False,True
dcb932a5-b690-59b8-8026-5a592284f9a8,38,7,chelsea,972fc541-f01f-51fc-b746-5238f72285d7,Malo Gusto,DEF,RB,1,84.0,0.3151994291050392,30.251387103299727,1.0,RB,4-2-3-1,1.0,0.6848005708949608,-53.74861289670027,53.74861289670027,MINUTE_ERROR_45PLUS,0.3222539733833723,30.866736251439207,6.616666666666666,6.876666666666668,-0.2600000000000015,-0.2071428571428581,-0.6565165644253065,-0.408103255234327,-0.2693756270737995,-0.0111139828678482,3.0,RB,4-2-3-1,53.74861289670027,53.13326374856079,-0.6153491481394795,0.6848005708949608,0.6777460266166278,-0.007054544278333075,0.00705454427833313,0.6153491481394795,True,False
dcb932a5-b690-59b8-8026-5a592284f9a8,38,7,chelsea,c1d2c6e2-92b5-5eb7-abc2-bfb9ba6fffa1,Mamadou Sarr,DEF,LCB,0,0.0,0.1408787239336461,17.524653630414814,0.0,UNKNOWN,UNKNOWN,0.0,0.1408787239336461,17.524653630414814,17.524653630414814,OK,0.140019299218232,17.45315295792696,6.595714285714286,0.0,0.0,0.4066666666666663,-0.9843247726657574,0.0,0.4946682627959506,0.0,20.0,UNKNOWN,UNKNOWN,17.524653630414814,17.45315295792696,-0.07150067248785419,0.1408787239336461,0.140019299218232,-0.0008594247154140866,-0.0008594247154140866,-0.07150067248785419,True,False
dcb932a5-b690-59b8-8026-5a592284f9a8,38,7,chelsea,3d33e637-0658-5cc2-964e-b281c5cdf9fc,Marc Cucurella Saseta,DEF,LB,1,90.0,0.8135690918145253,74.78116677560676,1.0,LB,4-2-3-1,1.0,0.1864309081854747,-15.218833224393236,15.218833224393236,OK,0.7995020241323804,73.6328360643675,6.800666666666666,6.865000000000001,-0.0643333333333346,0.362857142857143,-0.7568881450391051,-0.1068132058626071,0.449289338385941,-0.0022429841762569,3.0,LB,4-2-3-1,15.218833224393236,16.367163935632504,1.148330711239268,0.1864309081854747,0.20049797586761964,0.01406706768214494,-0.01406706768214494,-1.148330711239268,False,True
dcb932a5-b690-59b8-8026-5a592284f9a8,38,7,chelsea,6538c4ff-2308-56ae-85e7-392fba76d555,Marc Guiu Paz,FWD,ST,0,0.0,0.0238366007752343,3.058672184891396,0.0,UNKNOWN,UNKNOWN,0.0,0.0238366007752343,3.058672184891396,3.058672184891396,OK,0.0236715133445422,3.046505603691789,5.983333333333333,6.51,-0.5266666666666664,-0.2857142857142865,-0.9979503789931756,-0.7053043013108907,-0.3635342705712578,0.0,20.0,UNKNOWN,UNKNOWN,3.058672184891396,3.046505603691789,-0.01216658119960723,0.0238366007752343,0.0236715133445422,-0.0001650874306921013,-0.0001650874306921013,-0.01216658119960723,True,False
dcb932a5-b690-59b8-8026-5a592284f9a8,38,7,chelsea,fe9a1543-b64c-5f41-9c1e-8ceab47a9679,Mathis Eboué,MID,UNKNOWN,0,0.0,0.001760976234582,0.1518802850616752,0.0,UNKNOWN,UNKNOWN,0.0,0.001760976234582,0.1518802850616752,0.1518802850616752,OK,0.0017485062134829,0.1509078051476816,0.0,0.0,0.0,0.0,0.0,0.0,0.0,0.0,0.0,UNKNOWN,UNKNOWN,0.1518802850616752,0.1509078051476816,-0.0009724799139936013,0.001760976234582,0.0017485062134829,-1.24700210991e-05,-1.24700210991e-05,-0.0009724799139936013,False,False
dcb932a5-b690-59b8-8026-5a592284f9a8,38,7,chelsea,dc638cac-db3d-56dd-9d2a-a3a75b54c5b5,Max Merrick,GK,UNKNOWN,0,0.0,0.0015695414062569,0.1343816104237409,0.0,UNKNOWN,UNKNOWN,0.0,0.0015695414062569,0.1343816104237409,0.1343816104237409,OK,0.0015584248784487,0.1335146544612,0.0,0.0,0.0,0.0,0.0,0.0,0.0,0.0,0.0,UNKNOWN,UNKNOWN,0.1343816104237409,0.1335146544612,-0.0008669559625408829,0.0015695414062569,0.0015584248784487,-1.1116527808199958e-05,-1.1116527808199958e-05,-0.0008669559625408829,False,False
dcb932a5-b690-59b8-8026-5a592284f9a8,38,7,chelsea,f1c0774d-5c89-577b-bdf9-fe6b58ed1b6e,Mike Penders,GK,UNKNOWN,0,0.0,0.0015695414062569,0.1343816104237409,0.0,UNKNOWN,UNKNOWN,0.0,0.0015695414062569,0.1343816104237409,0.1343816104237409,OK,0.0015584248784487,0.1335146544612,0.0,0.0,0.0,0.0,0.0,0.0,0.0,0.0,0.0,UNKNOWN,UNKNOWN,0.1343816104237409,0.1335146544612,-0.0008669559625408829,0.0015695414062569,0.0015584248784487,-1.1116527808199958e-05,-1.1116527808199958e-05,-0.0008669559625408829,False,False
dcb932a5-b690-59b8-8026-5a592284f9a8,38,7,chelsea,c92d55cb-06d1-553d-aad7-f64c0de898a5,Moisés Caicedo Corozo,MID,LDM,1,84.0,0.863915819544822,78.45796738085885,1.0,LDM,4-2-3-1,1.0,0.136084180455178,-5.542032619141153,5.542032619141153,OK,0.8504893916837941,77.31921989509412,7.05,6.789166666666668,0.2608333333333323,0.3642857142857147,0.6881559641254877,0.4092601705906226,0.4508083015707558,-0.0091507246844979,6.0,LDM,4-2-3-1,5.542032619141153,6.680780104905878,1.1387474857647248,0.136084180455178,0.14951060831620588,0.013426427861027879,-0.013426427861027879,-1.1387474857647248,False,True
dcb932a5-b690-59b8-8026-5a592284f9a8,38,7,chelsea,7ad17b55-f67d-5f9d-9f04-df4f76c1e314,Mykhailo Mudryk,MID,UNKNOWN,0,0.0,0.001760976234582,0.1497804632214275,0.0,UNKNOWN,UNKNOWN,0.0,0.001760976234582,0.1497804632214275,0.1497804632214275,OK,0.0017485062134829,0.1488079569096105,0.0,0.0,0.0,0.0,0.0,0.0,0.0,0.0,0.0,UNKNOWN,UNKNOWN,0.1497804632214275,0.1488079569096105,-0.0009725063118170008,0.001760976234582,0.0017485062134829,-1.24700210991e-05,-1.24700210991e-05,-0.0009725063118170008,False,False
dcb932a5-b690-59b8-8026-5a592284f9a8,38,7,chelsea,14394b8e-b6dc-52d7-8711-db31e2d5afc5,Nicolas Jackson,FWD,UNKNOWN,0,0.0,0.0016617595027097,0.141443040071437,0.0,UNKNOWN,UNKNOWN,0.0,0.0016617595027097,0.141443040071437,0.141443040071437,OK,0.0016499909048825,0.140525228942986,0.0,0.0,0.0,0.0,0.0,0.0,0.0,0.0,0.0,UNKNOWN,UNKNOWN,0.141443040071437,0.140525228942986,-0.0009178111284509904,0.0016617595027097,0.0016499909048825,-1.1768597827200179e-05,-1.1768597827200179e-05,-0.0009178111284509904,False,False
dcb932a5-b690-59b8-8026-5a592284f9a8,38,7,chelsea,653dcb32-98a1-5bdb-afc4-4dcee772c921,Pedro Lomba Neto,MID,LAM,1,64.0,0.8501014383281742,75.48766126640137,1.0,LAM,4-2-3-1,1.0,0.1498985616718258,11.487661266401377,11.487661266401377,OK,0.8438111144374874,74.96244888588215,7.394,7.088333333333334,0.3056666666666663,1.0842857142857143,0.978738846227712,0.4695122239861945,0.8948421808999668,-0.0062221703929305,20.0,LAM,4-2-3-1,11.487661266401375,10.962448885882154,-0.5252123805192213,0.1498985616718258,0.15618888556251265,0.006290323890686844,-0.006290323890686844,-0.5252123805192213,True,False
dcb932a5-b690-59b8-8026-5a592284f9a8,38,7,chelsea,3655e646-d6d9-51ce-a14d-bed863d96c3c,Reece James,DEF,RB,0,38.0,0.2438792135180008,27.483616817086443,0.0,UNKNOWN,UNKNOWN,0.0,0.2438792135180008,-10.516383182913556,10.516383182913556,OK,0.2425688503656336,27.375280140104397,6.743333333333334,7.19,-0.4466666666666663,-1.0785714285714283,-0.9744873304158717,-0.6318228846241504,-0.8933136369388806,0.0,20.0,UNKNOWN,UNKNOWN,10.516383182913557,10.624719859895603,0.10833667698204508,0.2438792135180008,0.2425688503656336,-0.0013103631523671833,-0.0013103631523671833,-0.10833667698204508,False,True
dcb932a5-b690-59b8-8026-5a592284f9a8,38,7,chelsea,412fc00b-6fb5-5606-bb30-04e075a83220,Robert Sánchez,GK,GK,1,90.0,0.8615592541692227,77.339186842435,1.0,GK,4-2-3-1,1.0,0.1384407458307772,-12.660813157565002,12.660813157565002,OK,0.8905140221189023,79.92051840582229,6.8933333333333335,6.6450000000000005,0.248333333333333,0.0571428571428569,0.532288740445752,0.3917696953924465,0.07604338943234,0.0090306888816216,1.0,GK,4-2-3-1,12.660813157565002,10.079481594177707,-2.5813315633872946,0.13844074583077726,0.1094859778810977,-0.02895476794967955,0.02895476794967955,2.5813315633872946,True,False
dcb932a5-b690-59b8-8026-5a592284f9a8,38,7,chelsea,f8666db2-925c-5357-81ba-263e71b165b3,Roméo Lavia,MID,RDM,0,0.0,0.0491034641763186,4.025629980457188,0.0,UNKNOWN,UNKNOWN,0.0,0.0491034641763186,4.025629980457188,4.025629980457188,OK,0.048772126803541,4.006627602016923,6.23,6.538333333333334,-0.3083333333333344,-0.5785714285714283,-0.9953420716969064,-0.4729696898833513,-0.647759371856546,0.0,20.0,UNKNOWN,UNKNOWN,4.025629980457188,4.006627602016923,-0.019002378440264422,0.0491034641763186,0.048772126803541,-0.00033133737277760145,-0.00033133737277760145,-0.019002378440264422,True,False
dcb932a5-b690-59b8-8026-5a592284f9a8,38,7,chelsea,45e56d29-fbb6-5964-afdf-bc8805b99518,Ryan Kavuma-McQueen,MID,UNKNOWN,0,0.0,0.0136557375906334,1.1386447803278648,0.0,UNKNOWN,UNKNOWN,0.0,0.0136557375906334,1.1386447803278648,1.1386447803278648,OK,0.0135601812561108,1.131198508183872,5.93,0.0,0.0,0.0,0.0,0.0,0.0,0.0,0.0,UNKNOWN,UNKNOWN,1.1386447803278648,1.131198508183872,-0.007446272143992738,0.0136557375906334,0.0135601812561108,-9.555633452259897e-05,-9.555633452259897e-05,-0.007446272143992738,False,False
dcb932a5-b690-59b8-8026-5a592284f9a8,38,7,chelsea,e193642b-a6b4-53a0-9d0e-1e71ab70a347,Shumaira Mheuka,FWD,UNKNOWN,0,0.0,0.0468261103345609,11.865346555670468,0.0,UNKNOWN,UNKNOWN,0.0,0.0468261103345609,11.865346555670468,11.865346555670468,OK,0.0465093883354205,11.843371243771555,6.59,0.0,0.0,0.0,0.0,0.0,0.0,0.0,0.0,UNKNOWN,UNKNOWN,11.865346555670468,11.843371243771555,-0.02197531189891322,0.0468261103345609,0.0465093883354205,-0.0003167219991403944,-0.0003167219991403944,-0.02197531189891322,True,False
dcb932a5-b690-59b8-8026-5a592284f9a8,38,7,chelsea,0bbf4c7c-2ef0-50b5-9f1d-7be9fb72ecfd,Teddy Sharman-Lowe,GK,UNKNOWN,0,0.0,0.0015695414062569,0.1343816104237409,0.0,UNKNOWN,UNKNOWN,0.0,0.0015695414062569,0.1343816104237409,0.1343816104237409,OK,0.0015584248784487,0.1335146544612,0.0,0.0,0.0,0.0,0.0,0.0,0.0,0.0,0.0,UNKNOWN,UNKNOWN,0.1343816104237409,0.1335146544612,-0.0008669559625408829,0.0015695414062569,0.0015584248784487,-1.1116527808199958e-05,-1.1116527808199958e-05,-0.0008669559625408829,False,False
dcb932a5-b690-59b8-8026-5a592284f9a8,38,7,chelsea,1cc11978-28c5-57b6-a8a3-ba979d1349e4,Tosin Adarabioyo,DEF,LCB,0,0.0,0.0511577059757161,3.5536337389389683,0.0,UNKNOWN,UNKNOWN,0.0,0.0511577059757161,3.5536337389389683,3.5536337389389683,OK,0.0508132478340197,3.53858747683434,6.927999999999999,6.829166666666668,0.0988333333333306,-1.1742857142857137,-0.953290967046046,0.1632483909610193,-0.9163413740706856,0.0,20.0,UNKNOWN,UNKNOWN,3.5536337389389683,3.53858747683434,-0.015046262104628116,0.0511577059757161,0.0508132478340197,-0.0003444581416964035,-0.0003444581416964035,-0.015046262104628116,True,False
dcb932a5-b690-59b8-8026-5a592284f9a8,38,7,chelsea,fbe43cca-fb14-5420-94d6-3e253d5e57f2,Trevoh Chalobah,DEF,LCB,0,25.0,0.4336925433337293,45.16859062515048,0.0,UNKNOWN,UNKNOWN,0.0,0.4336925433337293,20.16859062515048,20.16859062515048,OK,0.4319449268892866,45.03024169490858,6.401333333333334,6.949999999999999,-0.5486666666666649,-0.4100000000000001,-0.8549976674675378,-0.7232586173337565,-0.4980177803404658,0.0,3.0,UNKNOWN,UNKNOWN,20.16859062515048,20.030241694908582,-0.13834893024189654,0.4336925433337293,0.4319449268892866,-0.0017476164444427122,-0.0017476164444427122,-0.13834893024189654,True,False
dcb932a5-b690-59b8-8026-5a592284f9a8,38,7,chelsea,ec2bf467-94f7-5b79-97a2-3632c0d199a8,Wesley Fofana,DEF,RCB,1,61.0,0.8149878882553951,66.8353842243367,1.0,RCB,4-2-3-1,1.0,0.1850121117446048,5.835384224336707,5.835384224336707,OK,0.8144607336191755,66.79505367584224,7.166,6.923333333333333,0.2426666666666666,0.5442857142857145,0.9550813204274686,0.383745365465569,0.6204363903097924,0.0142745692850254,20.0,RCB,4-2-3-1,5.835384224336707,5.79505367584224,-0.04033054849446671,0.18501211174460486,0.18553926638082452,0.0005271546362196622,-0.0005271546362196622,-0.04033054849446671,True,False
