fixture_uuid,gw,team_id,team,player_uuid,player,pos,expected_role,y,minutes,p_start,xmins,xi_selected_map,xi_assigned_role_base,xi_formation_base,actual_start,start_abs_error,minute_error,minute_abs_error,error_bucket,v2_p_start,v2_xmins,rating_recent,rating_long_mean,rating_self_delta,rating_trend,rating_comp_rel_gap,rating_comp_self_shock,rating_comp_trend,rating_comp_adjustment,rating_comp_valid_roles,xi_assigned_role_rel,xi_formation_rel,base_abs_min_error,rel_abs_min_error,delta_abs_min_error,base_start_abs_error,rel_start_abs_error,delta_start_abs_error,pstart_shift,xmins_shift,helped,hurt
02c1a42f-1cb3-5453-a3e8-cca6c129d901,33,2,aston-villa,db76d454-818a-5043-8d04-22e24f696027,Emiliano Martínez Romero,GK,GK,1,90.0,0.1857375647488777,16.8728233793178,1.0,GK,4-2-3-1,1.0,0.8142624352511223,-73.1271766206822,73.1271766206822,LOW_PSTART_STARTED,0.2570951512113016,23.281296369975763,6.803333333333334,7.160000000000001,-0.3566666666666673,2.0928571428571425,0.4559784011535627,-0.5330845679924212,0.9924903550396867,0.0052472770851135,1.0,GK,4-2-3-1,73.1271766206822,66.71870363002424,-6.40847299065797,0.8142624352511223,0.7429048487886984,-0.07135758646242385,0.0713575864624239,6.4084729906579625,True,False
14980272-dff9-5025-a8ef-deeed283d4ce,33,14,manchester-united,06edf8b9-4201-50b7-b9f9-2e6a7842f113,Kobbie Mainoo,MID,LDM,1,90.0,0.159220380954437,15.53934276374134,1.0,LDM,4-2-3-1,1.0,0.840779619045563,-74.46065723625865,74.46065723625865,LOW_PSTART_STARTED,0.1922534488372749,18.45777520621359,6.978,6.948333333333334,0.0296666666666656,-0.9385714285714286,-0.9632341043136268,0.0494041906554937,-0.848683747487486,-0.0110935975315236,20.0,LDM,4-2-3-1,74.46065723625865,71.5422247937864,-2.918432442472252,0.840779619045563,0.8077465511627251,-0.033033067882837885,0.03303306788283791,2.91843244247225,True,False
5556a528-cdc7-5a14-8fd1-7f9b7820b711,32,3,burnley,b7ff49f3-d1e0-5e63-b004-29bee7a1f2ea,Kyle Walker,DEF,RWB,0,8.0,0.8022476756373924,69.5249758098867,1.0,RWB,3-4-2-1,0.0,0.8022476756373924,61.5249758098867,61.5249758098867,HIGH_PSTART_DID_NOT_START,0.7795833264530727,67.58493430203774,6.935999999999999,6.670833333333333,0.2651666666666656,-0.0128571428571433,0.9687902636295972,0.4152548915059106,-0.0171411780399462,0.0146362655286344,4.0,RWB,3-4-2-1,61.5249758098867,59.58493430203774,-1.9400415078489601,0.8022476756373924,0.7795833264530727,-0.0226643491843197,-0.0226643491843197,-1.9400415078489601,True,False
f82cddfd-b545-5509-9c99-a1ae615e0130,38,3,burnley,208bc81b-07bb-5202-9b86-f6535ba1a7a7,Maxime Esteve,DEF,LCB,0,0.0,0.8681603561487262,71.28666819344986,1.0,LCB,3-4-2-1,0.0,0.8681603561487262,71.28666819344986,71.28666819344986,HIGH_PSTART_DID_NOT_START,0.8459332238104958,69.47288379985858,6.609333333333333,6.461666666666667,0.1476666666666659,0.3442857142857143,0.5611049693644781,0.2412595824160698,0.4293076768307008,0.0093592778674799,2.0,LCB,3-4-2-1,71.28666819344986,69.47288379985858,-1.813784393591277,0.8681603561487262,0.8459332238104958,-0.02222713233823037,-0.02222713233823037,-1.813784393591277,True,False
73cbcb0c-704f-544b-98be-2945eb6c0891,24,9,everton,b429ad96-edac-5640-8304-cd7a0cf6d7fa,Michael Keane,DEF,LCB,1,90.0,0.1754985956249823,14.6498409113959,1.0,LCB,4-2-3-1,1.0,0.8245014043750177,-75.3501590886041,75.3501590886041,LOW_PSTART_STARTED,0.1971966492468441,16.444469059205737,6.8533333333333335,6.859166666666667,-0.0058333333333333,0.7642857142857142,-0.9466908268571974,-0.0097219159137873,0.7694783413835424,-0.0095695003677264,20.0,LCB,4-2-3-1,75.3501590886041,73.55553094079426,-1.7946281478098456,0.8245014043750177,0.8028033507531559,-0.021698053621861835,0.021698053621861807,1.7946281478098367,True,False
9bd2ffae-fc89-5d81-90f1-964fb8e98ceb,38,11,leeds-united,474896af-e9ef-5bb3-b82b-79c2fb8c891e,Jayden Bogle,DEF,RWB,1,77.0,0.1652118868762055,16.166450539278827,1.0,RWB,3-5-2,1.0,0.8347881131237944,-60.83354946072117,60.83354946072117,LOW_PSTART_STARTED,0.1861329651892773,17.901080165834323,7.215999999999999,6.775833333333334,0.4401666666666655,1.2942857142857154,0.2677555326820097,0.6252696205878597,0.9385474302979856,0.0065417575356243,3.0,RWB,3-5-2,60.83354946072117,59.09891983416568,-1.7346296265554955,0.8347881131237945,0.8138670348107226,-0.020921078313071884,0.0209210783130718,1.7346296265554955,True,False
ebb30294-ec65-5a92-a141-2fa11e9b549c,30,13,manchester-city,7ba3294a-acf2-50da-ba1c-626fce42c1dc,Omar Marmoush,MID,ST,1,59.0,0.1678312181135055,16.846345620485405,1.0,ST,4-4-2,1.0,0.8321687818864945,-42.15365437951459,42.15365437951459,LOW_PSTART_STARTED,0.1949706459580271,18.447802640034546,7.852666666666666,6.916666666666668,0.9359999999999982,2.0942857142857143,0.973691731909536,0.915420456315932,0.9925188019802154,0.017684865318072,20.0,ST,4-4-2,42.15365437951459,40.552197359965454,-1.6014570195491373,0.8321687818864945,0.8050293540419728,-0.027139427844521613,0.027139427844521613,1.6014570195491409,True,False
5556a528-cdc7-5a14-8fd1-7f9b7820b711,32,6,brighton-hove-albion,a93b852e-6cc5-59da-a7e7-213f7dec5f1b,Lewis Dunk,DEF,LCB,0,0.0,0.8086674664848374,73.32891503821315,1.0,LCB,4-2-3-1,0.0,0.8086674664848374,73.32891503821315,73.32891503821315,HIGH_PSTART_DID_NOT_START,0.7908354767873154,71.77518754996157,6.894666666666667,6.965000000000001,-0.070333333333334,-1.531428571428572,-0.7417885376789314,-0.116688238248916,-0.9668716294901564,-0.0079184861183531,2.0,LCB,4-2-3-1,73.32891503821315,71.77518754996157,-1.5537274882515817,0.8086674664848374,0.7908354767873154,-0.017831989697522088,-0.017831989697522088,-1.5537274882515817,True,False
006f69f1-9b0e-551d-bed7-448d3b640101,22,14,manchester-united,be977983-b55e-52b9-96d5-b98b8b42edbb,Bryan Mbeumo,MID,RAM,1,70.0,0.0612024645235348,5.581331093007333,1.0,RAM,3-4-2-1,1.0,0.9387975354764652,-64.41866890699266,64.41866890699266,LOW_PSTART_STARTED,0.0782510500121638,7.114376123255405,7.441333333333334,7.335833333333334,0.1054999999999992,-0.6885714285714286,0.9492796958042256,0.1740433656226457,-0.7249950769920895,0.0036257763576736,20.0,RAM,3-4-2-1,64.41866890699266,62.885623876744596,-1.5330450302480685,0.9387975354764652,0.9217489499878362,-0.017048585488628976,0.017048585488629003,1.533045030248072,True,False
57b20b8b-c663-5991-a397-771f728fd27c,33,1,arsenal,985b9a31-a1a8-56e4-8ff5-61888deeb760,Piero Hincapié,DEF,LB,1,90.0,0.1872341800336532,20.381659964217494,0.0,UNKNOWN,UNKNOWN,1.0,0.8127658199663468,-69.6183400357825,69.6183400357825,LOW_PSTART_STARTED,0.2050368250902372,21.90652894124697,7.006,7.203333333333333,-0.1973333333333329,0.265714285714286,0.8695206327814261,-0.3175220410551067,0.3401708418765444,0.0023038152576177,20.0,LB,4-2-3-1,69.61834003578251,68.09347105875302,-1.5248689770294845,0.8127658199663468,0.7949631749097628,-0.01780264505658402,0.01780264505658402,1.5248689770294774,True,False
ee2e6f43-96fc-5070-b018-615238c06305,32,2,aston-villa,3ec8e07c-7a46-5230-8927-d222d0ffa7dd,Ezri Konsa Ngoyo,DEF,RCB,0,0.0,0.8182826277633379,73.71954528555797,1.0,RCB,4-2-3-1,0.0,0.8182826277633379,73.71954528555797,73.71954528555797,HIGH_PSTART_DID_NOT_START,0.8014865784589835,72.2147506962814,6.250666666666667,7.016666666666666,-0.7659999999999991,1.4771428571428569,0.3530194528334271,-0.855594264040923,0.961809944738154,0.0022349014561062,1.0,RCB,4-2-3-1,73.71954528555797,72.2147506962814,-1.504794589276571,0.8182826277633379,0.8014865784589835,-0.01679604930435441,-0.01679604930435441,-1.504794589276571,True,False
0e68800a-19f1-5423-a940-7747c367f85b,27,15,newcastle-united,50df4a11-59ff-5eba-85dd-aaca25ba3cd2,Bruno Guimarães Rodriguez Moura,MID,RCM,0,0.0,0.8473617751324103,76.98557501356926,1.0,RCM,4-3-3,0.0,0.8473617751324103,76.98557501356926,76.98557501356926,HIGH_PSTART_DID_NOT_START,0.8298341712842936,75.49111523734216,7.922,7.564166666666668,0.3578333333333319,0.1457142857142868,0.9948191179371452,0.5344749988464536,0.1918775051164613,0.015988778537648,2.0,RCM,4-3-3,76.98557501356926,75.49111523734216,-1.494459776227103,0.8473617751324103,0.8298341712842936,-0.01752760384811669,-0.01752760384811669,-1.494459776227103,True,False
9fb7fb28-1745-597c-aab4-27fb0e6c5383,28,13,manchester-city,255ce56a-28f3-53e5-ae63-19f3c15aa12d,Erling Haaland,FWD,ST,0,0.0,0.8439968337103321,75.21102782142471,1.0,ST,4-4-2,0.0,0.8439968337103321,75.21102782142471,75.21102782142471,HIGH_PSTART_DID_NOT_START,0.8220670289471863,73.78149034134029,7.763333333333334,7.135000000000001,0.628333333333333,0.3571428571428559,0.7069755188732585,0.780724068838426,0.4431875092007111,0.0139806771079459,1.0,ST,4-4-2,75.21102782142471,73.78149034134029,-1.42953748008442,0.8439968337103321,0.8220670289471863,-0.021929804763145766,-0.021929804763145766,-1.42953748008442,True,False
c843cd2e-5dfa-5148-ae4c-944a685f95dc,26,15,newcastle-united,c7d912b7-acf9-59e7-a5a7-c7e64aed18da,Sandro Tonali,MID,CM,0,15.0,0.8932390443736411,78.508360869,1.0,CM,4-3-3,0.0,0.8932390443736411,63.508360869,63.508360869,HIGH_PSTART_DID_NOT_START,0.8748039527053774,77.15600784221363,6.8453333333333335,7.080833333333334,-0.2355000000000009,0.3528571428571423,-0.9063457209280196,-0.3735134532878049,0.4385839875642403,-0.0127728936633748,2.0,CM,4-3-3,63.508360869,62.156007842213626,-1.3523530267863748,0.8932390443736411,0.8748039527053774,-0.018435091668263737,-0.018435091668263737,-1.3523530267863748,True,False
f82cddfd-b545-5509-9c99-a1ae615e0130,38,20,wolverhampton-wanderers,e2213bab-7401-5edc-9994-4eb0772f48ef,João Victor Gomes da Silva,MID,LCM,0,0.0,0.8682028133863247,78.73616452707643,1.0,LCM,3-4-2-1,0.0,0.8682028133863247,78.73616452707643,78.73616452707643,HIGH_PSTART_DID_NOT_START,0.8525096086920618,77.41942540772128,6.562,7.166666666666668,-0.6046666666666676,-0.6042857142857141,-0.7694135869540426,-0.7648413229531078,-0.6672192606405944,-0.0151610217664492,4.0,LCM,3-4-2-1,78.73616452707643,77.41942540772128,-1.316739119355148,0.8682028133863247,0.8525096086920618,-0.01569320469426283,-0.01569320469426283,-1.316739119355148,True,False
ba89faf8-3800-548a-951b-e5d7ed60ed05,37,7,chelsea,653dcb32-98a1-5bdb-afc4-4dcee772c921,Pedro Lomba Neto,MID,LAM,1,88.0,0.0914589696467675,9.245889659076903,1.0,LAM,4-2-3-1,1.0,0.9085410303532324,-78.75411034092309,78.75411034092309,LOW_PSTART_STARTED,0.1060737627422614,10.5444321592902,7.296666666666667,7.200833333333333,0.0958333333333341,2.021428571428572,0.9306647800455866,0.1583777060784049,0.990921791857708,0.0113248608520385,20.0,LAM,4-2-3-1,78.75411034092309,77.4555678407098,-1.298542500213287,0.9085410303532325,0.8939262372577386,-0.014614793095493961,0.014614793095493891,1.298542500213296,True,False
4969d7af-c9d1-5c54-8620-d87f0b49cff8,36,7,chelsea,ec2bf467-94f7-5b79-97a2-3632c0d199a8,Wesley Fofana,DEF,RCB,1,90.0,0.1963397458518832,11.02320967905009,1.0,RCB,4-2-3-1,1.0,0.8036602541481167,-78.9767903209499,78.9767903209499,LOW_PSTART_STARTED,0.2231998578384195,12.29907257090984,6.652666666666667,7.021666666666667,-0.3690000000000006,-0.3485714285714287,-0.9351306926883118,-0.5476371485389083,-0.4339573335667757,-0.003389453802661,20.0,RCB,4-2-3-1,78.9767903209499,77.70092742909016,-1.2758628918597452,0.8036602541481168,0.7768001421615804,-0.026860111986536372,0.02686011198653629,1.2758628918597488,True,False
0a9d6243-8e34-53a1-aac3-295adbb204df,29,6,brighton-hove-albion,a93b852e-6cc5-59da-a7e7-213f7dec5f1b,Lewis Dunk,DEF,LCB,0,0.0,0.8972938925099171,82.04679544943649,1.0,LCB,4-2-3-1,0.0,0.8972938925099171,82.04679544943649,82.04679544943649,HIGH_PSTART_DID_NOT_START,0.8809719181283638,80.78287842449788,6.994,6.932500000000002,0.0614999999999978,0.3771428571428572,0.5761408171743871,0.1021425386146804,0.4643611818130201,0.0089292656799664,2.0,LCB,4-2-3-1,82.04679544943649,80.78287842449788,-1.263917024938607,0.8972938925099171,0.8809719181283638,-0.01632197438155325,-0.01632197438155325,-1.263917024938607,True,False
092fe1c5-46c7-5bc7-a34b-822cf838d6ab,36,13,manchester-city,255ce56a-28f3-53e5-ae63-19f3c15aa12d,Erling Haaland,FWD,ST,0,0.0,0.8762015083102626,79.55496645764198,1.0,ST,4-2-3-1,0.0,0.8762015083102626,79.55496645764198,79.55496645764198,HIGH_PSTART_DID_NOT_START,0.8613507679835086,78.30199111201493,7.296,7.318333333333332,-0.0223333333333322,0.5014285714285709,0.4785571154381496,-0.0372050413573763,0.5840393853651633,0.0072032960646393,1.0,ST,4-2-3-1,79.55496645764198,78.30199111201493,-1.2529753456270498,0.8762015083102626,0.8613507679835086,-0.01485074032675393,-0.01485074032675393,-1.2529753456270498,True,False
092fe1c5-46c7-5bc7-a34b-822cf838d6ab,36,13,manchester-city,692da677-7071-5b72-89bc-cc722ba518e2,Nico O'Reilly,DEF,LB,0,0.0,0.8216039164783929,75.90533015379224,1.0,LB,4-2-3-1,0.0,0.8216039164783929,75.90533015379224,75.90533015379224,HIGH_PSTART_DID_NOT_START,0.8058641388317481,74.66506707096323,6.389333333333334,7.425833333333332,-1.0364999999999984,-0.812857142857144,-0.9997284686725704,-0.9387598039977672,-0.7946075398581746,-0.0186335733385956,3.0,LB,4-2-3-1,75.90533015379224,74.66506707096323,-1.2402630828290029,0.8216039164783929,0.8058641388317481,-0.015739777646644804,-0.015739777646644804,-1.2402630828290029,True,False
7313aaff-81b0-56c8-87cc-36234384a14a,31,17,sunderland,3e322311-2a0b-53fc-a8b7-22ecd116c42e,Daniel Ballard,DEF,RCB,0,0.0,0.8181364382942995,55.49586813305675,1.0,RCB,4-2-3-1,0.0,0.8181364382942995,55.49586813305675,55.49586813305675,HIGH_PSTART_DID_NOT_START,0.7970001697579924,54.259353245454776,7.022666666666667,6.809166666666666,0.2135000000000007,-0.4342857142857141,0.6714249873847632,0.3415386551423638,-0.5219728748255957,0.0036842301244842,2.0,RCB,4-2-3-1,55.49586813305675,54.259353245454776,-1.2365148876019774,0.8181364382942995,0.7970001697579924,-0.021136268536307123,-0.021136268536307123,-1.2365148876019774,True,False
d123315a-55ef-56e3-b21e-2aa9ff130593,23,1,arsenal,985b9a31-a1a8-56e4-8ff5-61888deeb760,Piero Hincapié,DEF,LCB,1,57.0,0.1071402554674603,7.530445453231239,1.0,LB,4-3-3,1.0,0.8928597445325397,-49.46955454676876,49.46955454676876,LOW_PSTART_STARTED,0.1281326453624676,8.762858389117733,6.947333333333334,7.228,-0.2806666666666659,-0.2728571428571422,-0.8700616617426717,-0.4364020535264359,-0.3485651433368041,-0.0047581119223839,20.0,LB,4-3-3,49.46955454676876,48.23714161088227,-1.2324129358864937,0.8928597445325397,0.8718673546375324,-0.02099238989500729,0.020992389895007305,1.2324129358864946,True,False
dfe891e4-ce71-5e78-94ea-cee9d70885e6,36,3,burnley,032150f9-1246-5989-8ac4-532f1e3bce74,Lesley Ugochukwu,MID,RCM,1,78.0,0.1714423748815695,18.394415845409924,1.0,RCM,3-4-3,1.0,0.8285576251184305,-59.60558415459008,59.60558415459008,LOW_PSTART_STARTED,0.1896857708918483,19.62018303902588,5.998666666666666,6.6675,-0.6688333333333345,-0.1042857142857132,-0.8708692921398511,-0.8057252935145094,-0.1381583689091799,-0.0121064918234798,20.0,RCM,3-4-3,59.605584154590076,58.379816960974125,-1.225767193615951,0.8285576251184306,0.8103142291081518,-0.0182433960102788,0.0182433960102788,1.2257671936159547,True,False
6a84969a-7d59-589c-94a0-d71eb1a266ff,26,20,wolverhampton-wanderers,e2213bab-7401-5edc-9994-4eb0772f48ef,João Victor Gomes da Silva,MID,RCM,0,0.0,0.8708183208302203,79.84896557060071,1.0,RCM,3-5-2,0.0,0.8708183208302203,79.84896557060071,79.84896557060071,HIGH_PSTART_DID_NOT_START,0.8554710385634761,78.64637174852348,6.8020000000000005,6.930000000000001,-0.1280000000000001,-0.2185714285714279,-0.58789583152699,-0.2101548378834752,-0.2834491391044444,-0.0092603182774771,4.0,RCM,3-5-2,79.84896557060071,78.64637174852348,-1.2025938220772332,0.8708183208302203,0.8554710385634761,-0.0153472822667442,-0.0153472822667442,-1.2025938220772332,True,False
e1b64232-1ee4-522c-b106-e651d9eba4ea,38,13,manchester-city,255ce56a-28f3-53e5-ae63-19f3c15aa12d,Erling Haaland,FWD,ST,0,0.0,0.8841535125419641,79.82195576115629,1.0,ST,4-2-3-1,0.0,0.8841535125419641,79.82195576115629,79.82195576115629,HIGH_PSTART_DID_NOT_START,0.8707642248209033,78.6455992894974,7.932666666666667,7.519166666666666,0.4135000000000008,-0.0914285714285725,0.8916665990375278,0.5974463857770586,-0.121304463760563,0.014336288788852,1.0,ST,4-2-3-1,79.82195576115629,78.6455992894974,-1.1763564716588917,0.8841535125419641,0.8707642248209033,-0.013389287721060739,-0.013389287721060739,-1.1763564716588917,True,False
039b583c-5bdc-51f2-8934-ef0b7746978e,31,7,chelsea,fbe43cca-fb14-5420-94d6-3e253d5e57f2,Trevoh Chalobah,DEF,LCB,0,0.0,0.8668619457402083,78.08261812867893,1.0,LCB,4-2-3-1,0.0,0.8668619457402083,78.08261812867893,78.08261812867893,HIGH_PSTART_DID_NOT_START,0.8538202523490126,76.91523709890775,7.076666666666667,6.691666666666667,0.3849999999999998,-0.25,0.5274940056109129,0.5660332985343969,-0.3215127375316343,0.0033969634235723,3.0,LCB,4-2-3-1,78.08261812867893,76.91523709890775,-1.1673810297711782,0.8668619457402083,0.8538202523490126,-0.013041693391195652,-0.013041693391195652,-1.1673810297711782,True,False
f2500cd6-3213-514b-bc50-11600f2a02df,24,18,tottenham-hotspur,c13afcac-5201-5504-affd-a886825266d4,Micky van de Ven,DEF,LCB,0,0.0,0.9180522740121754,82.63937621911988,1.0,LCB,4-2-3-1,0.0,0.9180522740121754,82.63937621911988,82.63937621911988,HIGH_PSTART_DID_NOT_START,0.905096194158514,81.47564863265191,7.031333333333333,6.716666666666668,0.3146666666666657,1.282857142857143,-0.0532828229009665,0.4811229565541745,0.9367059416570004,0.0035863499683723,1.0,LCB,4-2-3-1,82.63937621911988,81.47564863265191,-1.1637275864679708,0.9180522740121754,0.905096194158514,-0.012956079853661429,-0.012956079853661429,-1.1637275864679708,True,False
82942d44-0127-5fda-9351-a16d844fb795,35,18,tottenham-hotspur,2eec990a-7277-5fb6-b8c8-10423fefbb47,Djed Spence,DEF,LB,0,23.0,0.8037704873552137,73.9497786930141,1.0,LB,4-4-2,0.0,0.8037704873552137,50.949778693014096,50.949778693014096,HIGH_PSTART_DID_NOT_START,0.7896718368324064,72.80185544719538,7.100666666666666,6.775833333333334,0.3248333333333324,1.4771428571428578,0.8489056106195667,0.4940385839484388,0.961809944738154,0.0137546441292761,20.0,LB,4-4-2,50.949778693014096,49.80185544719538,-1.147923245818717,0.8037704873552137,0.7896718368324064,-0.014098650522807343,-0.014098650522807343,-1.147923245818717,True,False
82942d44-0127-5fda-9351-a16d844fb795,35,2,aston-villa,a46d13d4-ea9c-563c-80b3-0e4a2e2883b8,Ollie Watkins,FWD,ST,0,30.0,0.8261788914082531,66.27417909318008,1.0,ST,4-2-3-1,0.0,0.8261788914082531,36.27417909318008,36.27417909318008,HIGH_PSTART_DID_NOT_START,0.8107359387018875,65.13559343155207,6.942666666666667,6.3566666666666665,0.5860000000000003,-2.3199999999999994,0.6602932189044453,0.7516193064711372,-0.995895100607746,0.0103501181768979,1.0,ST,4-2-3-1,36.27417909318008,35.13559343155207,-1.1385856616280137,0.8261788914082531,0.8107359387018875,-0.015442952706365531,-0.015442952706365531,-1.1385856616280137,True,False
5766fb4a-8b72-52a7-9737-b231937d4d3c,30,18,tottenham-hotspur,2eec990a-7277-5fb6-b8c8-10423fefbb47,Djed Spence,DEF,LB,1,75.0,0.1459249585965047,17.067687072120922,1.0,LB,4-2-3-1,1.0,0.8540750414034952,-57.93231292787908,57.93231292787908,LOW_PSTART_STARTED,0.1592284071979399,18.20371298628509,5.561333333333334,6.732500000000001,-1.1711666666666671,-2.1885714285714286,-0.9786451531108774,-0.9604703582998304,-0.9941771123817054,-0.0193546258286785,20.0,LB,4-2-3-1,57.93231292787908,56.79628701371491,-1.136025914164172,0.8540750414034953,0.84077159280206,-0.013303448601435286,0.013303448601435203,1.1360259141641684,True,False
e1b64232-1ee4-522c-b106-e651d9eba4ea,38,13,manchester-city,692da677-7071-5b72-89bc-cc722ba518e2,Nico O'Reilly,DEF,LB,0,0.0,0.8172405689933901,74.24012649638391,1.0,LB,4-2-3-1,0.0,0.8172405689933901,74.24012649638391,74.24012649638391,HIGH_PSTART_DID_NOT_START,0.8045558054797641,73.14628721400747,7.059333333333333,7.454999999999999,-0.3956666666666661,-0.2985714285714289,-0.2882592022313947,-0.5779935743805524,-0.3783179957131448,-0.0073939734923371,3.0,LB,4-2-3-1,74.24012649638391,73.14628721400747,-1.093839282376436,0.8172405689933901,0.8045558054797641,-0.012684763513626018,-0.012684763513626018,-1.093839282376436,True,False
800418ef-112a-5f8a-9aae-e47025aa529d,25,19,west-ham-united,46d563a5-35c2-5766-ad22-b778921da81d,Jean-Clair Todibo,DEF,LCB,0,0.0,0.8968040066886093,80.75539071258851,1.0,LCB,4-4-2,0.0,0.8968040066886093,80.75539071258851,80.75539071258851,HIGH_PSTART_DID_NOT_START,0.8846604864699086,79.66763627012844,5.887333333333333,6.806666666666666,-0.9193333333333324,-2.3728571428571428,-0.8274516110081668,-0.9108041078091011,-0.9964338067024976,-0.0173037590955566,2.0,LCB,4-4-2,80.75539071258851,79.66763627012844,-1.0877544424600671,0.8968040066886093,0.8846604864699086,-0.012143520218700687,-0.012143520218700687,-1.0877544424600671,True,False
7313aaff-81b0-56c8-87cc-36234384a14a,31,15,newcastle-united,b03249c0-b20e-52bd-a82c-add878e8eda0,Malick Thiaw,DEF,RCB,0,36.0,0.911345361562616,82.34729211163216,1.0,RCB,4-4-2,0.0,0.911345361562616,46.34729211163216,46.34729211163216,HIGH_PSTART_DID_NOT_START,0.8988242630537069,81.26646535225666,6.676666666666667,6.7425,-0.0658333333333329,0.6928571428571431,-0.9071360318985068,-0.109284018274227,0.7276946189448774,-0.0108837992681619,2.0,RCB,4-4-2,46.34729211163216,45.26646535225666,-1.0808267593754977,0.911345361562616,0.8988242630537069,-0.012521098508909145,-0.012521098508909145,-1.0808267593754977,True,False
c7bf9b15-363a-5871-9b7f-a786725d7ed3,25,6,brighton-hove-albion,5bb0cf13-0fc0-5a3b-a79f-a3be5c5eb24e,Jan Paul van Hecke,DEF,RCB,0,0.0,0.9159054592494972,82.46118378092807,1.0,RCB,4-2-3-1,0.0,0.9159054592494972,82.46118378092807,82.46118378092807,HIGH_PSTART_DID_NOT_START,0.9040403210376864,81.39751073672126,6.9093333333333335,7.215833333333333,-0.3064999999999998,-0.1699999999999999,-0.8708692921398503,-0.4705942375306527,-0.2228629418141453,-0.0008067323336461,2.0,RCB,4-2-3-1,82.46118378092807,81.39751073672126,-1.0636730442068085,0.9159054592494972,0.9040403210376864,-0.011865138211810788,-0.011865138211810788,-1.0636730442068085,True,False
e1b64232-1ee4-522c-b106-e651d9eba4ea,38,2,aston-villa,2dc07ee0-9e62-54c5-a6ce-b50249434b2d,Matty Cash,DEF,RB,0,45.0,0.8533194973562459,75.88870238081955,1.0,RB,4-2-3-1,0.0,0.8533194973562459,30.888702380819552,30.888702380819552,HIGH_PSTART_DID_NOT_START,0.8416222280709941,74.85340888327492,6.136666666666667,6.930833333333333,-0.7941666666666665,0.7785714285714294,-0.1281798842166172,-0.8676791542635173,0.7771347796237924,-0.004450464706886,1.0,RB,4-2-3-1,30.888702380819552,29.853408883274923,-1.0352934975446288,0.8533194973562459,0.8416222280709941,-0.011697269285251832,-0.011697269285251832,-1.0352934975446288,True,False
dfe891e4-ce71-5e78-94ea-cee9d70885e6,36,3,burnley,956e0ed0-2170-56bf-913d-61d007270278,Bashir Humphreys,DEF,RCB,0,0.0,0.8130903264660918,62.804360645893645,1.0,RCB,3-4-3,0.0,0.8130903264660918,62.804360645893645,62.804360645893645,HIGH_PSTART_DID_NOT_START,0.7981457820440894,61.77852139749159,6.228666666666667,6.7775,-0.5488333333333326,-1.3042857142857145,-0.6417309620994527,-0.7233910621027486,-0.940116090133776,-0.0138396899980741,4.0,RCB,3-4-3,62.804360645893645,61.77852139749159,-1.0258392484020575,0.8130903264660918,0.7981457820440894,-0.014944544422002437,-0.014944544422002437,-1.0258392484020575,True,False
6087d963-451a-5a7b-b016-d3853de520ea,22,11,leeds-united,9066de74-0bf4-5c6d-8a3f-3b977b735a67,Anton Stach,MID,LCM,0,0.0,0.8500984431867473,69.57958832863771,1.0,LCM,3-5-2,0.0,0.8500984431867473,69.57958832863771,69.57958832863771,HIGH_PSTART_DID_NOT_START,0.8357287469169125,68.55409363863683,7.654666666666666,7.1875,0.4671666666666665,0.4828571428571422,0.7041857815090091,0.651908797091072,0.5674878312887376,0.0112935450269019,3.0,LCM,3-5-2,69.57958832863771,68.55409363863683,-1.0254946900008832,0.8500984431867473,0.8357287469169125,-0.014369696269834864,-0.014369696269834864,-1.0254946900008832,True,False
e1b64232-1ee4-522c-b106-e651d9eba4ea,38,2,aston-villa,3ec8e07c-7a46-5230-8927-d222d0ffa7dd,Ezri Konsa Ngoyo,DEF,RCB,0,0.0,0.8488956839092408,76.47217117563628,1.0,RCB,4-2-3-1,0.0,0.8488956839092408,76.47217117563628,76.47217117563628,HIGH_PSTART_DID_NOT_START,0.8375347485350857,75.45506726841032,6.588666666666668,6.719999999999999,-0.1313333333333313,-0.1257142857142863,0.4699451989330388,-0.2154587849494406,-0.1660666751976142,0.004699860310987,1.0,RCB,4-2-3-1,76.47217117563628,75.45506726841032,-1.017103907225959,0.8488956839092408,0.8375347485350857,-0.011360935374155057,-0.011360935374155057,-1.017103907225959,True,False
16495e99-1e75-5b2f-a337-1dfde9ddfe08,33,6,brighton-hove-albion,bec3b39e-5fff-5ae4-a7ba-ba525d5b3911,Diego Gómez,MID,RAM,0,0.0,0.8408385526477075,74.7323808862339,1.0,RAM,4-2-3-1,0.0,0.8408385526477075,74.7323808862339,74.7323808862339,HIGH_PSTART_DID_NOT_START,0.8280559040962964,73.72080535715874,7.540666666666667,6.974166666666665,0.5665000000000013,-0.2585714285714289,0.9537951601335096,0.7371307629536299,-0.3317219748775049,0.0084354569486954,5.0,RAM,4-2-3-1,74.7323808862339,73.72080535715874,-1.0115755290751594,0.8408385526477075,0.8280559040962964,-0.012782648551411091,-0.012782648551411091,-1.0115755290751594,True,False
1b47cbbf-a45e-55fb-ad9b-c13fd7e12a53,35,20,wolverhampton-wanderers,b6e20f32-3f8f-5d7f-b0b7-140bc97b69fe,Yerson Mosquera Valdelamar,DEF,RCB,1,90.0,0.146544026864752,13.598597319945412,1.0,RCB,3-4-2-1,1.0,0.853455973135248,-76.40140268005459,76.40140268005459,LOW_PSTART_STARTED,0.1610889089242661,14.595754520539971,6.274,7.2175,-0.9435000000000002,-0.5014285714285709,-0.7321442233518524,-0.9174225103797898,-0.5840393853651633,-0.0137570932845518,20.0,RCB,3-4-2-1,76.40140268005459,75.40424547946003,-0.9971572005945575,0.853455973135248,0.8389110910757339,-0.014544882059514097,0.014544882059514125,0.9971572005945593,True,False
03ba7107-f9dd-5a5e-8bcd-9aa4919ff36d,22,9,everton,b429ad96-edac-5640-8304-cd7a0cf6d7fa,Michael Keane,DEF,LCB,0,0.0,0.8335042454599847,69.10484978848888,1.0,LCB,4-2-3-1,0.0,0.8335042454599847,69.10484978848888,69.10484978848888,HIGH_PSTART_DID_NOT_START,0.8216124739492137,68.1235698267425,6.8533333333333335,6.859166666666667,-0.0058333333333333,0.7642857142857142,-0.2090925514442428,-0.0097219159137873,0.7694783413835424,-0.001227856065577,1.0,LCB,4-2-3-1,69.10484978848888,68.1235698267425,-0.981279961746381,0.8335042454599847,0.8216124739492137,-0.011891771510771032,-0.011891771510771032,-0.981279961746381,True,False
8dde84af-e5b8-502a-977d-f16249e0c5a0,26,1,arsenal,33f66c9a-ce45-5380-86e0-7903760138c9,William Saliba,DEF,RCB,0,0.0,0.8982841559575936,81.2022397767496,1.0,RCB,4-3-3,0.0,0.8982841559575936,81.2022397767496,81.2022397767496,HIGH_PSTART_DID_NOT_START,0.8872141250498781,80.24475398851148,7.354666666666666,7.029166666666668,0.3254999999999981,0.7185714285714297,0.0155543009901976,0.4948780404403974,0.7434260394455748,0.0041634481939657,2.0,RCB,4-3-3,81.2022397767496,80.24475398851148,-0.9574857882381167,0.8982841559575936,0.8872141250498781,-0.011070030907715522,-0.011070030907715522,-0.9574857882381167,True,False
6a84969a-7d59-589c-94a0-d71eb1a266ff,26,20,wolverhampton-wanderers,a2bfdc0c-78a1-5fff-b07a-3cbbbabdeba5,Jackson Tchatchoua,DEF,RWB,1,69.0,0.1094539292565336,7.029085452320417,1.0,RWB,3-5-2,1.0,0.8905460707434663,-61.970914547679584,61.970914547679584,LOW_PSTART_STARTED,0.1291804819482907,7.985912290736476,6.313333333333333,6.2825000000000015,0.030833333333331,-0.9071428571428576,-0.9031200878898475,0.0513437003895566,-0.8365365905195881,-0.0054530009050989,20.0,RWB,3-5-2,61.970914547679584,61.01408770926352,-0.9568268384160632,0.8905460707434664,0.8708195180517093,-0.01972655269175705,0.019726552691757104,0.9568268384160588,True,False
1c02d8a1-3fe4-50a6-a833-13460c80973f,34,20,wolverhampton-wanderers,aa986b3e-e0d4-5c58-b3da-46a8810d3ca9,Ladislav Krejcí,DEF,LCB,0,0.0,0.8649020636639684,67.11773377359017,1.0,LCB,3-4-2-1,0.0,0.8649020636639684,67.11773377359017,67.11773377359017,HIGH_PSTART_DID_NOT_START,0.850241495024417,66.16957192666712,6.568666666666667,6.785833333333334,-0.2171666666666665,0.6671428571428581,0.73111151187411,-0.3469256027817383,0.7111584526298569,0.0091921385457144,4.0,LCB,3-4-2-1,67.11773377359017,66.16957192666712,-0.9481618469230568,0.8649020636639684,0.850241495024417,-0.014660568639551341,-0.014660568639551341,-0.9481618469230568,True,False
6b1ba362-3ee7-5a51-8722-835e7613942b,32,7,chelsea,5b51fc3a-1f45-56e1-9ecc-0bda87474227,Enzo Fernández,MID,CAM,0,0.0,0.810160412865029,76.54311758327417,1.0,LDM,4-2-3-1,0.0,0.810160412865029,76.54311758327417,76.54311758327417,HIGH_PSTART_DID_NOT_START,0.7966926764765204,75.59908708463716,7.129333333333333,7.420833333333334,-0.291500000000001,-0.5128571428571433,-0.6828552499436141,-0.4509031502746718,-0.5939904050201721,0.0075110346721523,5.0,LDM,4-2-3-1,76.54311758327417,75.59908708463716,-0.9440304986370052,0.810160412865029,0.7966926764765204,-0.013467736388508622,-0.013467736388508622,-0.9440304986370052,True,False
0d6a442b-e1f2-53f3-a9a8-0b75c19465d8,38,1,arsenal,291c5e04-2c65-573a-9493-d704d3de79de,Gabriel dos Santos Magalhães,DEF,LCB,0,45.0,0.9138211238932644,82.90394969813677,1.0,LCB,4-4-2,0.0,0.9138211238932644,37.90394969813677,37.90394969813677,HIGH_PSTART_DID_NOT_START,0.9024050795654844,81.96394185027569,7.249333333333333,7.459166666666666,-0.2098333333333322,-0.5342857142857138,0.6520684945347721,-0.33612917368538,-0.6121676951681254,0.0055719091701888,1.0,LCB,4-4-2,37.90394969813677,36.96394185027569,-0.9400078478610823,0.9138211238932644,0.9024050795654844,-0.011416044327779984,-0.011416044327779984,-0.9400078478610823,True,False
52ecb34c-b2fd-592c-b014-dc770fdef03b,29,19,west-ham-united,7464bba2-d459-5382-a1a5-4bc52ebe7af2,Callum Wilson,FWD,ST,1,59.0,0.1055572154743102,13.53270213687799,1.0,ST,4-4-2,1.0,0.8944427845256898,-45.46729786312201,45.46729786312201,LOW_PSTART_STARTED,0.1251809454356889,14.464434278471249,6.189333333333334,6.571666666666666,-0.3823333333333325,0.0657142857142858,-0.9794287004167044,-0.5630052282787466,0.0873955140389561,-0.012522714002209,20.0,ST,4-4-2,45.46729786312201,44.535565721528755,-0.9317321415932582,0.8944427845256898,0.8748190545643111,-0.019623729961378733,0.01962372996137869,0.9317321415932582,True,False
30cc90ed-8f7d-5817-97c3-29b9acd76a4c,24,20,wolverhampton-wanderers,aa986b3e-e0d4-5c58-b3da-46a8810d3ca9,Ladislav Krejcí,DEF,LCB,0,0.0,0.9169110754616716,82.29419056383685,1.0,LCB,3-5-2,0.0,0.9169110754616716,82.29419056383685,82.29419056383685,HIGH_PSTART_DID_NOT_START,0.9066850711504794,81.3795504507041,6.462000000000001,6.454166666666666,0.0078333333333349,-0.6257142857142854,-0.8295422064688608,0.0130548138437244,-0.6827705250931457,-0.0023810995446044,4.0,LCB,3-5-2,82.29419056383685,81.3795504507041,-0.914640113132748,0.9169110754616716,0.9066850711504794,-0.01022600431119225,-0.01022600431119225,-0.914640113132748,True,False
0d6a442b-e1f2-53f3-a9a8-0b75c19465d8,38,1,arsenal,a8d1cfeb-4f1e-53fc-a90a-4610ccf746c6,Declan Rice,MID,LCM,0,0.0,0.8967708526289423,80.72378008723324,1.0,LCM,4-4-2,0.0,0.8967708526289423,80.72378008723324,80.72378008723324,HIGH_PSTART_DID_NOT_START,0.8864468107895259,79.8282396819627,7.665333333333334,7.568333333333332,0.0970000000000013,0.5457142857142854,0.9616789092720134,0.1602727910625626,0.6216065463768718,0.0113494105106525,5.0,LCM,4-4-2,80.72378008723324,79.8282396819627,-0.8955404052705376,0.8967708526289423,0.8864468107895259,-0.010324041839416376,-0.010324041839416376,-0.8955404052705376,True,False
7769decc-98b9-5b54-a4a3-fc4aa47199e9,35,10,fulham,f0504a37-2a31-5f04-8704-2c307c2384cd,Sander Berge,MID,LDM,0,0.0,0.8241277675809914,74.59461032665625,1.0,LDM,4-2-3-1,0.0,0.8241277675809914,74.59461032665625,74.59461032665625,HIGH_PSTART_DID_NOT_START,0.8139025841074062,73.69908970234441,7.0200000000000005,6.863333333333333,0.1566666666666671,0.4071428571428566,0.32549204538133,0.2553344983963145,0.4951476698187324,0.0064983644215763,4.0,LDM,4-2-3-1,74.59461032665625,73.69908970234441,-0.8955206243118425,0.8241277675809914,0.8139025841074062,-0.010225183473585142,-0.010225183473585142,-0.8955206243118425,True,False
579fdcbf-5156-533a-8f5f-a9226e3d60d1,26,2,aston-villa,2dc07ee0-9e62-54c5-a6ce-b50249434b2d,Matty Cash,DEF,RB,0,0.0,0.89822125792165,80.88582301297144,1.0,RB,4-2-3-1,0.0,0.89822125792165,80.88582301297144,80.88582301297144,HIGH_PSTART_DID_NOT_START,0.8882306217108255,79.99117410651878,7.0120000000000005,7.213333333333334,-0.2013333333333333,-1.2042857142857135,0.7002433162383401,-0.3235038218111251,-0.9225241934375816,0.0056405956151676,1.0,RB,4-2-3-1,80.88582301297144,79.99117410651878,-0.8946489064526588,0.89822125792165,0.8882306217108255,-0.009990636210824522,-0.009990636210824522,-0.8946489064526588,True,False
bdf85bea-b20c-50f1-8dd7-c1351c7015e0,28,10,fulham,c369cb81-fb27-51a7-8457-4b7a866bbbdc,Joachim Andersen,DEF,RCB,0,0.0,0.8692541132393523,78.29381134338759,1.0,RCB,4-2-3-1,0.0,0.8692541132393523,78.29381134338759,78.29381134338759,HIGH_PSTART_DID_NOT_START,0.8594698326076509,77.41778658461554,6.854666666666666,6.914166666666667,-0.0595000000000007,1.2542857142857151,-0.7952502328333317,-0.0988428710415743,0.9318657765598066,0.0013550727594114,2.0,RCB,4-2-3-1,78.29381134338759,77.41778658461554,-0.8760247587720471,0.8692541132393523,0.8594698326076509,-0.009784280631701447,-0.009784280631701447,-0.8760247587720471,True,False
ba89faf8-3800-548a-951b-e5d7ed60ed05,37,7,chelsea,972fc541-f01f-51fc-b746-5238f72285d7,Malo Gusto,DEF,RB,0,0.0,0.9055295284644286,82.35717416129121,1.0,RB,4-2-3-1,0.0,0.9055295284644286,82.35717416129121,82.35717416129121,HIGH_PSTART_DID_NOT_START,0.8949673897796568,81.50438523435065,6.706,6.866666666666667,-0.1606666666666667,-0.0771428571428574,-0.8184889153200651,-0.2615558446924458,-0.1024959424583155,-0.0114074237045161,3.0,RB,4-2-3-1,82.35717416129121,81.50438523435065,-0.852788926940562,0.9055295284644286,0.8949673897796568,-0.010562138684771738,-0.010562138684771738,-0.852788926940562,True,False
0d6a442b-e1f2-53f3-a9a8-0b75c19465d8,38,1,arsenal,33f66c9a-ce45-5380-86e0-7903760138c9,William Saliba,DEF,RCB,0,0.0,0.9173134000233064,82.62404428746088,1.0,RCB,4-4-2,0.0,0.9173134000233064,82.62404428746088,82.62404428746088,HIGH_PSTART_DID_NOT_START,0.9078723276381406,81.78186512821794,7.339333333333333,7.072500000000001,0.2668333333333326,0.1514285714285712,0.8422567348046198,0.4175510241967479,0.1992051881303927,0.0134355030497045,2.0,RCB,4-4-2,82.62404428746088,81.78186512821794,-0.8421791592429315,0.9173134000233064,0.9078723276381406,-0.009441072385165783,-0.009441072385165783,-0.8421791592429315,True,False
3670426a-a771-510e-9762-2f3db0f13f12,27,11,leeds-united,5a70a2e2-7a8a-554e-9ac0-d3c00ac6383f,Pascal Struijk,DEF,LCB,1,90.0,0.1773240666480072,16.683364331351957,1.0,LCB,3-5-2,1.0,0.8226759333519927,-73.31663566864805,73.31663566864805,LOW_PSTART_STARTED,0.186543411055116,17.504989513291296,7.231333333333334,6.892499999999999,0.3388333333333344,0.4900000000000002,-0.1358220994184642,0.5114727174265055,0.5739096680550213,0.0019394956308025,1.0,LCB,3-5-2,73.31663566864805,72.49501048670871,-0.8216251819393392,0.8226759333519928,0.813456588944884,-0.00921934440710881,0.009219344407108782,0.8216251819393392,True,False
1ce6ee26-3057-5ae0-a140-416d1bd98ae2,35,8,crystal-palace,39a54236-bfd4-52f7-8b23-eeb8ca167d6d,Chris Richards,DEF,RCB,0,14.0,0.8915403605244097,80.28453056002543,1.0,RCB,3-4-2-1,0.0,0.8915403605244097,66.28453056002543,66.28453056002543,HIGH_PSTART_DID_NOT_START,0.8826392293401181,79.48719555463143,6.088666666666667,6.9175,-0.8288333333333338,-1.647142857142856,-0.9083096119977674,-0.8812618945368829,-0.975559877005258,-0.0181654541826659,3.0,RCB,3-4-2-1,66.28453056002543,65.48719555463143,-0.7973350053940038,0.8915403605244097,0.8826392293401181,-0.008901131184291589,-0.008901131184291589,-0.7973350053940038,True,False
73cbcb0c-704f-544b-98be-2945eb6c0891,24,6,brighton-hove-albion,bec3b39e-5fff-5ae4-a7ba-ba525d5b3911,Diego Gómez,MID,CAM,0,0.0,0.801213869659416,64.01877286772505,1.0,CAM,4-2-3-1,0.0,0.801213869659416,64.01877286772505,64.01877286772505,HIGH_PSTART_DID_NOT_START,0.790219391840216,63.22281879744195,6.908,6.930833333333333,-0.0228333333333328,0.347142857142857,0.73111151187411,-0.0380371951852325,0.4324099973227396,0.0101790836730827,20.0,CAM,4-2-3-1,64.01877286772505,63.22281879744195,-0.795954070283095,0.801213869659416,0.790219391840216,-0.010994477819200044,-0.010994477819200044,-0.795954070283095,True,False
fe5e3103-d0cf-58a8-83c4-58f211edd29a,23,17,sunderland,66bc60f5-fa76-5fa0-a7ca-b9f126393376,Granit Xhaka,MID,RDM,0,0.0,0.9005657151173204,81.55671795771029,1.0,RDM,4-2-3-1,0.0,0.9005657151173204,81.55671795771029,81.55671795771029,HIGH_PSTART_DID_NOT_START,0.8912022126088466,80.76163360149513,7.337333333333333,7.405,-0.0676666666666667,-0.4657142857142844,0.9550813204274688,-0.1123020641513358,-0.5517907832267899,0.0107509652783468,4.0,RDM,4-2-3-1,81.55671795771029,80.76163360149513,-0.7950843562151562,0.9005657151173204,0.8912022126088466,-0.009363502508473842,-0.009363502508473842,-0.7950843562151562,True,False
52ecb34c-b2fd-592c-b014-dc770fdef03b,29,19,west-ham-united,a4b84834-eb21-54ba-be68-660ea3815e93,Konstantinos Mavropanos,DEF,RCB,0,1.0,0.8946027685235202,82.16266705616314,1.0,RCB,4-4-2,0.0,0.8946027685235202,81.16266705616314,81.16266705616314,HIGH_PSTART_DID_NOT_START,0.88395073576413,81.3705824607443,6.3853333333333335,6.743333333333335,-0.3580000000000014,-2.411428571428572,-0.8889014796847763,-0.5346733961850182,-0.9967818203189844,-0.0162226498574651,1.0,RCB,4-4-2,81.16266705616314,80.3705824607443,-0.7920845954188422,0.8946027685235202,0.88395073576413,-0.010652032759390195,-0.010652032759390195,-0.7920845954188422,True,False
6f555168-6fa4-5bdb-ad1e-d646c8e0f78a,24,2,aston-villa,a46d13d4-ea9c-563c-80b3-0e4a2e2883b8,Ollie Watkins,FWD,ST,0,0.0,0.8582987925822478,81.094535387587,1.0,ST,4-2-3-1,0.0,0.8582987925822478,81.094535387587,81.094535387587,HIGH_PSTART_DID_NOT_START,0.8456822044217173,80.30261274685212,6.75,7.141666666666667,-0.3916666666666666,-1.2857142857142856,-0.9092767972975884,-0.5735369783249457,-0.9371712579368596,-0.0165626257723671,1.0,ST,4-2-3-1,81.094535387587,80.30261274685212,-0.7919226407348816,0.8582987925822478,0.8456822044217173,-0.012616588160530573,-0.012616588160530573,-0.7919226407348816,True,False
3886cdbf-b8bc-5850-8a2a-d84384ac71f7,32,19,west-ham-united,ef1caf6e-67a5-53c4-afb0-2523323cbfe4,Crysencio Summerville,MID,LW,1,77.0,0.1919804713177424,17.93140175055767,1.0,LW,4-4-2,1.0,0.8080195286822576,-59.06859824944233,59.06859824944233,LOW_PSTART_STARTED,0.2008135624680395,18.719224683238416,7.0906666666666665,7.368333333333333,-0.2776666666666667,-1.1799999999999995,-0.4913039848973844,-0.4323454695850456,-0.917554356165234,0.0079673176915231,5.0,LW,4-4-2,59.06859824944233,58.280775316761584,-0.7878229326807471,0.8080195286822576,0.7991864375319605,-0.008833091150297068,0.008833091150297095,0.7878229326807471,True,False
4e3797d6-a1bb-50e5-9754-8c9a138c6c48,29,20,wolverhampton-wanderers,b6e20f32-3f8f-5d7f-b0b7-140bc97b69fe,Yerson Mosquera Valdelamar,DEF,RCB,0,31.0,0.9221372328912693,83.48437419732575,1.0,RCB,3-5-2,0.0,0.9221372328912693,52.48437419732575,52.48437419732575,HIGH_PSTART_DID_NOT_START,0.9128044274860818,82.70339674205529,7.451333333333334,6.86,0.5913333333333339,0.8757142857142863,0.6443376497366241,0.7554608147746581,0.8235073961406179,0.0138007083127306,2.0,RCB,3-5-2,52.48437419732575,51.70339674205529,-0.7809774552704596,0.9221372328912693,0.9128044274860818,-0.009332805405187439,-0.009332805405187439,-0.7809774552704596,True,False
01b894d5-057a-530b-917f-9397231a3249,22,6,brighton-hove-albion,e951e717-39ca-59bd-bf7f-6e59ece9fd54,Georginio Rutter,MID,CAM,0,24.0,0.828806441549288,64.99956946825952,1.0,CAM,4-2-3-1,0.0,0.828806441549288,40.99956946825952,40.99956946825952,HIGH_PSTART_DID_NOT_START,0.8161999849389768,64.2337872959497,6.641333333333334,6.779166666666666,-0.1378333333333321,-0.3028571428571434,-0.9010508073146732,-0.2257647492949727,-0.3832038116886674,0.0026433650185834,20.0,CAM,4-2-3-1,40.99956946825952,40.233787295949696,-0.7657821723098266,0.828806441549288,0.8161999849389768,-0.012606456610311123,-0.012606456610311123,-0.7657821723098266,True,False
94338b30-8c36-517f-8821-7e38666f86c7,27,9,everton,563b4da9-f592-5401-92eb-a55748a6e3e1,Vitalii Mykolenko,DEF,LB,0,0.0,0.897117760017427,80.2206024445866,1.0,LB,4-2-3-1,0.0,0.897117760017427,80.2206024445866,80.2206024445866,HIGH_PSTART_DID_NOT_START,0.8885313981940146,79.45644711517416,6.826666666666667,7.085000000000001,-0.2583333333333337,-0.2071428571428573,-0.3072087248244542,-0.4057854900273387,-0.2693756270737983,-0.0065613921270021,1.0,LB,4-2-3-1,80.2206024445866,79.45644711517416,-0.7641553294124463,0.897117760017427,0.8885313981940146,-0.008586361823412436,-0.008586361823412436,-0.7641553294124463,True,False
02c1a42f-1cb3-5453-a3e8-cca6c129d901,33,2,aston-villa,3ec8e07c-7a46-5230-8927-d222d0ffa7dd,Ezri Konsa Ngoyo,DEF,RCB,1,90.0,0.1579613488717668,14.387846746344248,1.0,RCB,4-2-3-1,1.0,0.8420386511282332,-75.61215325365575,75.61215325365575,LOW_PSTART_STARTED,0.1664269952694392,15.14803245549978,6.250666666666667,7.016666666666666,-0.7659999999999991,1.4771428571428569,-0.2646584233431789,-0.855594264040923,0.961809944738154,-0.0057949109341896,1.0,RCB,4-2-3-1,75.61215325365575,74.85196754450021,-0.760185709155536,0.8420386511282332,0.8335730047305608,-0.008465646397672333,0.008465646397672388,0.7601857091555324,True,False
622cfd32-fefc-538b-92e0-7c761e8052b4,30,15,newcastle-united,c7d912b7-acf9-59e7-a5a7-c7e64aed18da,Sandro Tonali,MID,CM,0,0.0,0.9222407328187932,84.53153264561496,1.0,CM,4-3-3,0.0,0.9222407328187932,84.53153264561496,84.53153264561496,HIGH_PSTART_DID_NOT_START,0.911471315838074,83.7742591920628,7.046,7.114166666666667,-0.0681666666666664,-0.3128571428571414,-0.8976525981658166,-0.1131248105027796,-0.3945207165005084,-0.0130241492616705,2.0,CM,4-3-3,84.53153264561496,83.7742591920628,-0.757273453552159,0.9222407328187932,0.911471315838074,-0.010769416980719204,-0.010769416980719204,-0.757273453552159,True,False
f5b8d4db-d7b4-5da2-a157-94fd8af41961,25,20,wolverhampton-wanderers,00cc549f-a9f0-54b0-8cbc-ef47c7f8251b,André Trindade da Costa Neto,MID,CM,0,0.0,0.8738160819800808,72.68725026329128,1.0,CM,3-5-2,0.0,0.8738160819800808,72.68725026329128,72.68725026329128,HIGH_PSTART_DID_NOT_START,0.8613310499640763,71.93777061644892,7.206666666666666,6.6525,0.5541666666666663,0.0071428571428571,0.9229956654036618,0.727601260121048,0.0095235215883899,0.0096418334691064,20.0,CM,3-5-2,72.68725026329128,71.93777061644892,-0.7494796468423601,0.8738160819800808,0.8613310499640763,-0.012485032016004483,-0.012485032016004483,-0.7494796468423601,True,False
95efeb72-d689-58fb-a022-ffad47516d80,35,16,nottingham-forest,77dbedf3-49eb-53ec-8cc5-c1d344c47ca2,Neco Williams,DEF,LB,0,45.0,0.9158911629166508,82.45577693488592,1.0,LB,4-2-3-1,0.0,0.9158911629166508,37.45577693488592,37.45577693488592,HIGH_PSTART_DID_NOT_START,0.9076336743991168,81.71512284120236,7.437333333333333,6.86,0.5773333333333328,-0.7228571428571442,0.9757431300314516,0.7452664555486954,-0.7459713003742448,0.0050903964000811,4.0,LB,4-2-3-1,37.45577693488592,36.71512284120236,-0.7406540936835597,0.9158911629166508,0.9076336743991168,-0.00825748851753405,-0.00825748851753405,-0.7406540936835597,True,False
17a9d946-6355-53b8-baf6-c49011bd1d69,30,8,crystal-palace,73fbac33-4713-58ec-b9bd-242dfec592a2,Adam Wharton,MID,RCM,0,30.0,0.8938440276294312,70.46708034227143,1.0,RCM,3-4-2-1,0.0,0.8938440276294312,40.46708034227143,40.46708034227143,HIGH_PSTART_DID_NOT_START,0.8844142436327388,69.7278266007523,7.553333333333333,6.8175,0.7358333333333329,2.2857142857142847,0.9671086746871256,0.8415286943472334,0.995502987325224,0.0187710622173192,2.0,RCM,3-4-2-1,40.46708034227143,39.727826600752294,-0.7392537415191356,0.8938440276294312,0.8844142436327388,-0.009429783996692365,-0.009429783996692365,-0.7392537415191356,True,False
e1b64232-1ee4-522c-b106-e651d9eba4ea,38,13,manchester-city,a6c3f89e-b9b1-5e12-9487-4f18ad700191,Matheus Luiz Nunes,DEF,RB,0,0.0,0.9218802903711468,79.9752218382241,1.0,RB,4-2-3-1,0.0,0.9218802903711468,79.9752218382241,79.9752218382241,HIGH_PSTART_DID_NOT_START,0.9131871283133354,79.23657101990638,7.384666666666666,7.505833333333334,-0.1211666666666682,-0.2028571428571419,0.2218067561445524,-0.1992432956582247,-0.264067875986162,0.0013591355996157,1.0,RB,4-2-3-1,79.9752218382241,79.23657101990638,-0.7386508183177227,0.9218802903711468,0.9131871283133354,-0.008693162057811454,-0.008693162057811454,-0.7386508183177227,True,False
085aaeeb-84d3-58e5-8616-6a821bcd07d0,25,15,newcastle-united,50df4a11-59ff-5eba-85dd-aaca25ba3cd2,Bruno Guimarães Rodriguez Moura,MID,RCM,1,90.0,0.1201441544921849,12.026604308807562,1.0,RCM,4-3-3,1.0,0.879855845507815,-77.97339569119244,77.97339569119244,LOW_PSTART_STARTED,0.1284592130974312,12.763490184418238,6.721333333333333,7.606666666666666,-0.8853333333333326,-1.0314285714285711,-0.0577135708741321,-0.900631952777798,-0.8798804752855736,0.0025599466164568,2.0,RCM,4-3-3,77.97339569119244,77.23650981558177,-0.7368858756106675,0.8798558455078151,0.8715407869025689,-0.008315058605246284,0.008315058605246298,0.7368858756106764,True,False
4e3797d6-a1bb-50e5-9754-8c9a138c6c48,29,20,wolverhampton-wanderers,87fd1c0a-a5f8-5f19-b233-de67537cdeb2,Hugo Bueno López,DEF,LWB,0,11.0,0.9165219646684264,82.96331309744981,1.0,LWB,3-5-2,0.0,0.9165219646684264,71.96331309744981,71.96331309744981,HIGH_PSTART_DID_NOT_START,0.9077839604198258,82.23124762172651,7.766000000000001,6.564166666666668,1.201833333333333,0.0300000000000002,0.9296160527871856,0.9642428228985048,0.0399786803111639,0.0169861801613482,3.0,LWB,3-5-2,71.96331309744981,71.23124762172651,-0.7320654757233029,0.9165219646684264,0.9077839604198258,-0.008738004248600606,-0.008738004248600606,-0.7320654757233029,True,False
16495e99-1e75-5b2f-a337-1dfde9ddfe08,33,7,chelsea,481b07c4-b805-52cf-a0ee-593af134790d,Cole Palmer,MID,CAM,0,0.0,0.9143601275730224,82.87638745687465,1.0,CAM,4-2-3-1,0.0,0.9143601275730224,82.87638745687465,82.87638745687465,HIGH_PSTART_DID_NOT_START,0.9055917599771648,82.14798953294424,6.682666666666667,7.493333333333333,-0.8106666666666662,0.0585714285714278,-0.6318228846241504,-0.8743152898296043,0.0779368603176274,-0.0124294002286267,5.0,CAM,4-2-3-1,82.87638745687465,82.14798953294424,-0.7283979239304159,0.9143601275730224,0.9055917599771648,-0.00876836759585764,-0.00876836759585764,-0.7283979239304159,True,False
4fe9f44c-bfba-5934-849a-d84876aa86e8,32,15,newcastle-united,7d97f99a-8163-5c05-a74a-5dd9794bd812,Dan Burn,DEF,LCB,0,0.0,0.8039421709173993,75.05775073336694,1.0,LCB,4-4-2,0.0,0.8039421709173993,75.05775073336694,75.05775073336694,HIGH_PSTART_DID_NOT_START,0.7944301630855404,74.33280753611857,6.884666666666666,6.850833333333333,0.0338333333333329,0.8257142857142856,0.7730155483915424,0.0563291980964635,0.8008408575400906,-0.0025407178528962,20.0,LCB,4-4-2,75.05775073336694,74.33280753611857,-0.7249431972483791,0.8039421709173993,0.7944301630855404,-0.009512007831858904,-0.009512007831858904,-0.7249431972483791,True,False
5e1fcbbc-fc52-5596-a3cd-5663e323f785,33,10,fulham,f0504a37-2a31-5f04-8704-2c307c2384cd,Sander Berge,MID,LDM,0,0.0,0.909197995509626,83.51982599034507,1.0,LDM,4-2-3-1,0.0,0.909197995509626,83.51982599034507,83.51982599034507,HIGH_PSTART_DID_NOT_START,0.8988426114167782,82.7998964126823,6.784,6.91,-0.1260000000000003,-0.1799999999999997,-0.2687866776798257,-0.2069664997294531,-0.2354957495384975,-0.0033706504105495,4.0,LDM,4-2-3-1,83.51982599034507,82.7998964126823,-0.7199295776627679,0.909197995509626,0.8988426114167782,-0.010355384092847753,-0.010355384092847753,-0.7199295776627679,True,False
b5ed6c3e-25b0-50e3-8e36-86250fd00a0b,30,3,burnley,032150f9-1246-5989-8ac4-532f1e3bce74,Lesley Ugochukwu,MID,RCM,0,2.0,0.8306371743565083,73.37219314994687,1.0,RCM,3-4-2-1,0.0,0.8306371743565083,71.37219314994687,71.37219314994687,HIGH_PSTART_DID_NOT_START,0.8159909972434053,72.65545137385762,6.216666666666667,6.666666666666667,-0.4500000000000002,-0.5071428571428562,-0.7800724383218463,-0.6351489523872875,-0.5890372243643988,-0.0119013261340944,7.0,RCM,3-4-2-1,71.37219314994687,70.65545137385762,-0.7167417760892505,0.8306371743565083,0.8159909972434053,-0.01464617711310301,-0.01464617711310301,-0.7167417760892505,True,False
622cfd32-fefc-538b-92e0-7c761e8052b4,30,15,newcastle-united,7d97f99a-8163-5c05-a74a-5dd9794bd812,Dan Burn,DEF,LCB,0,13.0,0.8891084169467051,80.64778054988003,1.0,LCB,4-3-3,0.0,0.8891084169467051,67.64778054988003,67.64778054988003,HIGH_PSTART_DID_NOT_START,0.8808088185894392,79.9478206296694,6.3646666666666665,6.879999999999999,-0.5153333333333325,-0.0528571428571433,-0.8129120906046546,-0.6956847572001948,-0.0703597392553656,-0.0052001673931722,20.0,LCB,4-3-3,67.64778054988003,66.9478206296694,-0.699959920210631,0.8891084169467051,0.8808088185894392,-0.008299598357265903,-0.008299598357265903,-0.699959920210631,True,False
728090a6-8bed-5bb5-ba22-55caa5d0f65a,37,8,crystal-palace,39a54236-bfd4-52f7-8b23-eeb8ca167d6d,Chris Richards,DEF,RCB,0,29.0,0.8777195018963083,81.25128886912783,1.0,RCB,3-4-2-1,0.0,0.8777195018963083,52.25128886912783,52.25128886912783,HIGH_PSTART_DID_NOT_START,0.868104485565241,80.56337051367404,6.245333333333334,7.180833333333332,-0.9354999999999984,-0.6971428571428575,-0.5526733731353445,-0.9152853487902476,-0.7303718033419702,-0.0054886074003364,3.0,RCB,3-4-2-1,52.25128886912783,51.563370513674045,-0.6879183554537889,0.8777195018963083,0.868104485565241,-0.009615016331067316,-0.009615016331067316,-0.6879183554537889,True,False
4969d7af-c9d1-5c54-8620-d87f0b49cff8,36,12,liverpool,e1be452d-eabb-5030-8f89-d3b48d85fedb,Florian Wirtz,MID,CAM,0,0.0,0.909955783401822,81.89274635138642,1.0,CAM,4-2-3-1,0.0,0.909955783401822,81.89274635138642,81.89274635138642,HIGH_PSTART_DID_NOT_START,0.9022276993623602,81.20687318602262,7.183333333333334,7.305833333333335,-0.1225000000000013,-0.6714285714285726,-0.8181218306375263,-0.2013763523956457,-0.713971297880078,-0.0130704081560262,5.0,CAM,4-2-3-1,81.89274635138642,81.20687318602262,-0.6858731653638017,0.909955783401822,0.9022276993623602,-0.007728084039461791,-0.007728084039461791,-0.6858731653638017,True,False
e2562928-63eb-5b52-9e4c-94f8ddca3e11,24,7,chelsea,3d33e637-0658-5cc2-964e-b281c5cdf9fc,Marc Cucurella Saseta,DEF,LB,0,45.0,0.8631707397103472,77.35052014629801,1.0,LB,4-2-3-1,0.0,0.8631707397103472,32.35052014629801,32.35052014629801,HIGH_PSTART_DID_NOT_START,0.8553561129151684,76.67514281836216,6.989333333333334,6.759166666666666,0.2301666666666673,-0.1914285714285712,0.4533341128270671,0.3658393970599751,-0.249836195992251,0.0072228680600672,1.0,LB,4-2-3-1,32.35052014629801,31.67514281836216,-0.6753773279358484,0.8631707397103472,0.8553561129151684,-0.007814626795178747,-0.007814626795178747,-0.6753773279358484,True,False
c843cd2e-5dfa-5148-ae4c-944a685f95dc,26,15,newcastle-united,19517dba-f8bc-5da6-921a-eec76cc74b58,Lewis Hall,DEF,LB,0,1.0,0.877301371578767,79.90969071348137,1.0,LB,4-3-3,0.0,0.877301371578767,78.90969071348137,78.90969071348137,HIGH_PSTART_DID_NOT_START,0.8689830503458773,79.23957273317194,6.580666666666668,7.441666666666666,-0.8609999999999989,0.1914285714285712,-0.9601461598684304,-0.8926866959856559,0.249836195992251,-0.001025392508321,20.0,LB,4-3-3,78.90969071348137,78.23957273317194,-0.6701179803094277,0.877301371578767,0.8689830503458773,-0.00831832123288967,-0.00831832123288967,-0.6701179803094277,True,False
ba89faf8-3800-548a-951b-e5d7ed60ed05,37,7,chelsea,4448091c-aeb7-5ab3-a537-b2b547480e63,João Pedro Junqueira de Jesus,FWD,ST,0,0.0,0.902550831588109,81.68992366263714,1.0,ST,4-2-3-1,0.0,0.902550831588109,81.68992366263714,81.68992366263714,HIGH_PSTART_DID_NOT_START,0.8947526071409028,81.02505929192232,7.118666666666667,7.591666666666668,-0.4730000000000007,-0.5757142857142865,-0.3865841886488956,-0.6574638370489806,-0.6455428356140719,0.0080870072744295,2.0,ST,4-2-3-1,81.68992366263714,81.02505929192232,-0.6648643707148238,0.902550831588109,0.8947526071409028,-0.007798224447206237,-0.007798224447206237,-0.6648643707148238,True,False
42e4a271-71e1-5966-a539-bf677d41e025,28,12,liverpool,69b2f335-365b-5201-b36b-babf799e628a,Curtis Jones,MID,LDM,0,0.0,0.8205421553108455,69.9059856151209,0.0,UNKNOWN,UNKNOWN,0.0,0.8205421553108455,69.9059856151209,69.9059856151209,HIGH_PSTART_DID_NOT_START,0.8108111372302177,69.25018877837397,6.656000000000001,7.229166666666667,-0.5731666666666664,-1.8128571428571432,-0.980953391122952,-0.7421630975265336,-0.984220749268618,0.0,20.0,UNKNOWN,UNKNOWN,69.9059856151209,69.25018877837397,-0.65579683674693,0.8205421553108455,0.8108111372302177,-0.009731018080627818,-0.009731018080627818,-0.65579683674693,True,False
1f5f3541-628d-5710-ae0c-dc82c8ae86d8,24,8,crystal-palace,73fbac33-4713-58ec-b9bd-242dfec592a2,Adam Wharton,MID,RCM,0,0.0,0.8529841723494138,63.23192953855715,1.0,RCM,3-4-2-1,0.0,0.8529841723494138,63.23192953855715,63.23192953855715,HIGH_PSTART_DID_NOT_START,0.8441643274041052,62.58084865207216,5.812666666666667,7.359166666666667,-1.5465,-0.3271428571428565,-0.7237880771559548,-0.988525254639277,-0.4104817660623482,-0.0151728348083484,2.0,RCM,3-4-2-1,63.23192953855715,62.58084865207216,-0.6510808864849835,0.8529841723494138,0.8441643274041052,-0.00881984494530863,-0.00881984494530863,-0.6510808864849835,True,False
35e69758-b8a6-5f8b-9c26-dc2813d81978,34,12,liverpool,b02dbbb7-35b6-53d3-be68-f7c1b2c4e70f,Ryan Gravenberch,MID,RDM,0,11.0,0.8691678818511264,82.69690130362589,1.0,RDM,4-2-3-1,0.0,0.8691678818511264,71.69690130362589,71.69690130362589,HIGH_PSTART_DID_NOT_START,0.8575035328575881,82.04652066277546,6.648,7.4075000000000015,-0.7595000000000018,0.2828571428571429,-0.8485949185112767,-0.8526643380920739,0.3602236337709699,-0.014574608363565,3.0,RDM,4-2-3-1,71.69690130362589,71.04652066277546,-0.6503806408504289,0.8691678818511264,0.8575035328575881,-0.011664348993538298,-0.011664348993538298,-0.6503806408504289,True,False
cd31646e-3d5b-5b6b-97a2-0f706664986c,35,11,leeds-united,2151f057-0065-57a0-87e5-2a434738b8d1,Gabriel Gudmundsson,DEF,LWB,0,0.0,0.8344067722469696,75.30662719179246,1.0,LWB,3-4-2-1,0.0,0.8344067722469696,75.30662719179246,75.30662719179246,HIGH_PSTART_DID_NOT_START,0.8270780104845242,74.65663182657488,6.71,6.8875,-0.1775000000000002,-1.114285714285713,-0.4435700878754128,-0.2874949299576046,-0.9025330922923662,-0.0024346942307924,3.0,LWB,3-4-2-1,75.30662719179246,74.65663182657488,-0.6499953652175776,0.8344067722469696,0.8270780104845242,-0.007328761762445346,-0.007328761762445346,-0.6499953652175776,True,False
95efeb72-d689-58fb-a022-ffad47516d80,35,16,nottingham-forest,95a48a1c-ec3e-52d7-9657-44491739dede,Nikola Milenković,DEF,RCB,0,45.0,0.9345271039437324,84.55686383747224,1.0,RCB,4-2-3-1,0.0,0.9345271039437324,39.55686383747224,39.55686383747224,HIGH_PSTART_DID_NOT_START,0.9269224785275288,83.92464789585176,7.348,6.791666666666667,0.5563333333333329,1.6971428571428575,0.841285332526446,0.7292961753619385,0.9785779795110856,0.0165403461586756,3.0,RCB,4-2-3-1,39.556863837472235,38.92464789585176,-0.6322159416204727,0.9345271039437324,0.9269224785275288,-0.007604625416203548,-0.007604625416203548,-0.6322159416204727,True,False
dc1d8946-e5da-5a50-b228-61e8601bc305,23,13,manchester-city,83730675-676b-50b6-b1eb-8dac7bf1945f,Rico Lewis,DEF,RB,0,0.0,0.8067621284183301,74.24869799561232,0.0,UNKNOWN,UNKNOWN,0.0,0.8067621284183301,74.24869799561232,74.24869799561232,HIGH_PSTART_DID_NOT_START,0.7991054317875911,73.62458154174305,7.079999999999999,7.062,0.0179999999999989,0.2785714285714293,0.9561422348561114,0.0299910032388183,0.3552406369968214,0.0,20.0,UNKNOWN,UNKNOWN,74.24869799561232,73.62458154174305,-0.624116453869263,0.8067621284183301,0.7991054317875911,-0.0076566966307389794,-0.0076566966307389794,-0.624116453869263,True,False
17a9d946-6355-53b8-baf6-c49011bd1d69,30,11,leeds-united,474896af-e9ef-5bb3-b82b-79c2fb8c891e,Jayden Bogle,DEF,RWB,0,45.0,0.859391018339748,71.42643130988252,1.0,RWB,3-5-2,0.0,0.859391018339748,26.42643130988252,26.42643130988252,HIGH_PSTART_DID_NOT_START,0.8513422351745826,70.80553199761033,6.147333333333334,6.840833333333333,-0.6934999999999993,-0.208571428571429,-0.9638702414378336,-0.8196773383203955,-0.2711412652273492,-0.0155815958308536,3.0,RWB,3-5-2,26.426431309882517,25.80553199761033,-0.6208993122721864,0.859391018339748,0.8513422351745826,-0.00804878316516533,-0.00804878316516533,-0.6208993122721864,True,False
82942d44-0127-5fda-9351-a16d844fb795,35,2,aston-villa,3ec8e07c-7a46-5230-8927-d222d0ffa7dd,Ezri Konsa Ngoyo,DEF,RCB,0,0.0,0.917179208811883,82.5843988049568,1.0,RCB,4-2-3-1,0.0,0.917179208811883,82.5843988049568,82.5843988049568,HIGH_PSTART_DID_NOT_START,0.9102975231591208,81.96822699999223,6.451333333333334,6.914999999999999,-0.4636666666666649,0.1899999999999995,0.0632487899635405,-0.6485417774734757,0.2480494776538487,-0.0019243756625336,1.0,RCB,4-2-3-1,82.5843988049568,81.96822699999223,-0.6161718049645799,0.917179208811883,0.9102975231591208,-0.006881685652762148,-0.006881685652762148,-0.6161718049645799,True,False
c6221f70-6420-50cb-a8d9-aba5294bf856,22,3,burnley,f5da0015-9c1c-5ba2-a447-9fc51ceed482,Josh Laurent,MID,RCB,0,5.0,0.8234440529837718,75.50758700376686,1.0,RCB,3-4-3,0.0,0.8234440529837718,70.50758700376686,70.50758700376686,HIGH_PSTART_DID_NOT_START,0.8160066840616046,74.89709822163519,6.679999999999999,6.177499999999999,0.5024999999999995,-0.2571428571428571,0.6456354093731437,0.6844826259620598,-0.3300257422450297,-0.0046401206113041,20.0,RCB,3-4-3,70.50758700376686,69.89709822163519,-0.610488782131668,0.8234440529837718,0.8160066840616046,-0.007437368922167176,-0.007437368922167176,-0.610488782131668,True,False
4366c228-7c85-5d35-8048-663446bd1b28,25,11,leeds-united,9066de74-0bf4-5c6d-8a3f-3b977b735a67,Anton Stach,MID,LCM,0,0.0,0.8973924050714193,72.63474168878774,1.0,LCM,3-5-2,0.0,0.8973924050714193,72.63474168878774,72.63474168878774,HIGH_PSTART_DID_NOT_START,0.8893644092026265,72.02594257717766,7.698666666666667,7.110833333333333,0.5878333333333341,-0.468571428571428,0.9878803970168318,0.7529456320070029,-0.5544348388781409,0.0154983036434975,4.0,LCM,3-5-2,72.63474168878774,72.02594257717766,-0.6087991116100824,0.8973924050714193,0.8893644092026265,-0.00802799586879277,-0.00802799586879277,-0.6087991116100824,True,False
b4ec0cde-d0bf-5e52-a05a-625335240554,37,15,newcastle-united,133b6e37-92c1-5dc9-a4dd-a5f957768626,Joelinton Cássio Apolinário de Lira,MID,LCM,0,0.0,0.8933949236537018,81.21915705082917,1.0,LCM,4-3-3,0.0,0.8933949236537018,81.21915705082917,81.21915705082917,HIGH_PSTART_DID_NOT_START,0.886014435702485,80.61132024808137,7.160666666666667,7.07,0.0906666666666664,0.4914285714285702,0.8588352585148389,0.1499713348571326,0.5751856577311144,0.0074913227379736,20.0,LCM,4-3-3,81.21915705082917,80.61132024808137,-0.6078368027477978,0.8933949236537018,0.886014435702485,-0.007380487951216819,-0.007380487951216819,-0.6078368027477978,True,False
b18a9593-998b-5025-9442-b11f2c52f46c,33,3,burnley,956e0ed0-2170-56bf-913d-61d007270278,Bashir Humphreys,DEF,RCB,0,0.0,0.8859007874484826,75.25210606594656,1.0,RCB,3-4-2-1,0.0,0.8859007874484826,75.25210606594656,75.25210606594656,HIGH_PSTART_DID_NOT_START,0.876004366634374,74.66292866206992,6.898,6.791666666666667,0.1063333333333327,0.4971428571428573,0.6257768877394628,0.175389857199842,0.5802616875075765,0.0080449957053944,4.0,RCB,3-4-2-1,75.25210606594656,74.66292866206992,-0.5891774038766471,0.8859007874484826,0.876004366634374,-0.009896420814108575,-0.009896420814108575,-0.5891774038766471,True,False
085aaeeb-84d3-58e5-8616-6a821bcd07d0,25,15,newcastle-united,7d97f99a-8163-5c05-a74a-5dd9794bd812,Dan Burn,DEF,LCB,0,3.0,0.8277888155545494,74.57503551892533,1.0,LCB,4-3-3,0.0,0.8277888155545494,71.57503551892533,71.57503551892533,HIGH_PSTART_DID_NOT_START,0.8212340227183479,73.98792245899502,6.442666666666667,6.906666666666667,-0.4640000000000004,0.6157142857142865,-0.7535464933696782,-0.6488635468192674,0.6755879041658832,-0.0005545695305738,20.0,LCB,4-3-3,71.57503551892533,70.98792245899502,-0.5871130599303171,0.8277888155545494,0.8212340227183479,-0.006554792836201528,-0.006554792836201528,-0.5871130599303171,True,False
c7bf9b15-363a-5871-9b7f-a786725d7ed3,25,8,crystal-palace,e0417b35-b1b1-5957-8ee5-7996c5db5cb0,Brennan Johnson,MID,RAM,0,2.0,0.8537499752531962,76.55735036552281,0.0,UNKNOWN,UNKNOWN,0.0,0.8537499752531962,74.55735036552281,74.55735036552281,HIGH_PSTART_DID_NOT_START,0.846537728396342,75.97050719625561,6.545333333333334,6.4625,0.0828333333333342,0.2885714285714282,0.8399816265416236,0.1371851085844664,0.3668357503454565,0.0,20.0,UNKNOWN,UNKNOWN,74.55735036552281,73.97050719625561,-0.5868431692671976,0.8537499752531962,0.846537728396342,-0.0072122468568541764,-0.0072122468568541764,-0.5868431692671976,True,False
039b583c-5bdc-51f2-8934-ef0b7746978e,31,7,chelsea,3655e646-d6d9-51ce-a14d-bed863d96c3c,Reece James,DEF,RB,0,0.0,0.8061124279794215,73.97462057759081,1.0,RDM,4-2-3-1,0.0,0.8061124279794215,73.97462057759081,73.97462057759081,HIGH_PSTART_DID_NOT_START,0.7991367884163524,73.39816318629988,7.557333333333332,7.228333333333334,0.3289999999999979,0.3485714285714287,0.8927994791866901,0.4992700369216695,0.4339573335667757,0.0149706580811688,20.0,RDM,4-2-3-1,73.97462057759081,73.39816318629988,-0.5764573912909299,0.8061124279794215,0.7991367884163524,-0.006975639563069125,-0.006975639563069125,-0.5764573912909299,True,False
14980272-dff9-5025-a8ef-deeed283d4ce,33,7,chelsea,4448091c-aeb7-5ab3-a537-b2b547480e63,João Pedro Junqueira de Jesus,FWD,ST,0,0.0,0.8386843561367976,73.0425125571555,1.0,ST,4-2-3-1,0.0,0.8386843561367976,73.0425125571555,73.0425125571555,HIGH_PSTART_DID_NOT_START,0.8266179377024445,72.4695603994123,6.810666666666666,7.704999999999999,-0.894333333333333,-0.6657142857142855,0.7931990970835007,-0.903426915946195,-0.7102157412510528,0.0043740221998524,2.0,ST,4-2-3-1,73.0425125571555,72.4695603994123,-0.5729521577432024,0.8386843561367976,0.8266179377024445,-0.012066418434353077,-0.012066418434353077,-0.5729521577432024,True,False
16495e99-1e75-5b2f-a337-1dfde9ddfe08,33,7,chelsea,4448091c-aeb7-5ab3-a537-b2b547480e63,João Pedro Junqueira de Jesus,FWD,ST,0,0.0,0.8386843561367976,73.0425125571555,1.0,ST,4-2-3-1,0.0,0.8386843561367976,73.0425125571555,73.0425125571555,HIGH_PSTART_DID_NOT_START,0.8266179377024445,72.4695603994123,6.810666666666666,7.704999999999999,-0.894333333333333,-0.6657142857142855,0.7931990970835007,-0.903426915946195,-0.7102157412510528,0.0043740221998524,2.0,ST,4-2-3-1,73.0425125571555,72.4695603994123,-0.5729521577432024,0.8386843561367976,0.8266179377024445,-0.012066418434353077,-0.012066418434353077,-0.5729521577432024,True,False
73cbcb0c-704f-544b-98be-2945eb6c0891,24,9,everton,563b4da9-f592-5401-92eb-a55748a6e3e1,Vitalii Mykolenko,DEF,LB,0,0.0,0.936939221282151,84.34421729310733,1.0,LB,4-2-3-1,0.0,0.936939221282151,84.34421729310733,84.34421729310733,HIGH_PSTART_DID_NOT_START,0.9305587239077676,83.77196450212637,7.200666666666666,6.910833333333334,0.2898333333333323,0.4699999999999997,-0.8396541756543755,0.4486873630444996,0.5557526874715443,-0.0075605620933412,1.0,LB,4-2-3-1,84.34421729310733,83.77196450212637,-0.5722527909809685,0.936939221282151,0.9305587239077676,-0.006380497374383398,-0.006380497374383398,-0.5722527909809685,True,False
006f69f1-9b0e-551d-bed7-448d3b640101,22,14,manchester-united,1b9763d0-3c26-574c-9903-2c98b8431990,Matheus Santos Carneiro Da Cunha,MID,LAM,0,19.0,0.8065634365787044,61.456387119017165,1.0,LAM,3-4-2-1,0.0,0.8065634365787044,42.456387119017165,42.456387119017165,HIGH_PSTART_DID_NOT_START,0.7985117865242813,60.89372481819099,6.970000000000001,7.2633333333333345,-0.2933333333333339,-0.7714285714285714,-0.9691972651068176,-0.4533341128270671,-0.7733347548407096,-0.0092980271420668,20.0,LAM,3-4-2-1,42.456387119017165,41.89372481819099,-0.562662300826176,0.8065634365787044,0.7985117865242813,-0.008051650054423098,-0.008051650054423098,-0.562662300826176,True,False
0d6a442b-e1f2-53f3-a9a8-0b75c19465d8,38,8,crystal-palace,4406998b-108e-54ac-90cf-ff22cdf7c565,Tyrick Mitchell,DEF,LWB,0,45.0,0.878057811666706,82.98528802279762,1.0,LWB,3-4-2-1,0.0,0.878057811666706,37.98528802279762,37.98528802279762,HIGH_PSTART_DID_NOT_START,0.8683986952178547,82.43022196596448,7.161333333333333,7.015833333333333,0.1455000000000001,0.79,0.7835282690173939,0.2378557096003809,0.7830989137900739,0.0129413438728081,1.0,LWB,3-4-2-1,37.98528802279762,37.43022196596448,-0.5550660568331409,0.878057811666706,0.8683986952178547,-0.009659116448851313,-0.009659116448851313,-0.5550660568331409,True,False
dc1d8946-e5da-5a50-b228-61e8601bc305,23,13,manchester-city,255ce56a-28f3-53e5-ae63-19f3c15aa12d,Erling Haaland,FWD,ST,0,17.0,0.8273931334842415,67.10191345263851,1.0,ST,4-3-3,0.0,0.8273931334842415,50.10191345263851,50.10191345263851,HIGH_PSTART_DID_NOT_START,0.8202167870384497,66.55412937384803,6.280666666666666,7.555833333333332,-1.2751666666666663,-0.0228571428571431,-0.963073360368588,-0.971888148245514,-0.0304667585701673,-0.0174403279431595,1.0,ST,4-3-3,50.10191345263851,49.55412937384803,-0.5477840787904853,0.8273931334842415,0.8202167870384497,-0.0071763464457917925,-0.0071763464457917925,-0.5477840787904853,True,False
7769decc-98b9-5b54-a4a3-fc4aa47199e9,35,1,arsenal,7844404e-dd2c-5f68-9390-675ab60be346,Martín Zubimendi Ibáñez,MID,CM,0,26.0,0.864857836031005,75.0506775266475,1.0,CM,4-3-3,0.0,0.864857836031005,49.05067752664751,49.05067752664751,HIGH_PSTART_DID_NOT_START,0.8506649034137946,74.5058217617188,7.206,7.149166666666666,0.0568333333333344,1.1871428571428568,0.6916494942061581,0.0944399432103542,0.9190469252314036,0.0109184922046584,2.0,CM,4-3-3,49.050677526647505,48.505821761718806,-0.5448557649286982,0.864857836031005,0.8506649034137946,-0.01419293261721033,-0.01419293261721033,-0.5448557649286982,True,False
01b894d5-057a-530b-917f-9397231a3249,22,6,brighton-hove-albion,de6b06be-d7b4-506e-9177-df5cf336214a,Yasin Ayari,MID,RDM,0,0.0,0.8852580184676699,74.38114154963799,1.0,RDM,4-2-3-1,0.0,0.8852580184676699,74.38114154963799,74.38114154963799,HIGH_PSTART_DID_NOT_START,0.8779587205716545,73.83738219387136,6.784000000000001,7.023333333333333,-0.2393333333333327,-0.9728571428571432,-0.8454555957266805,-0.3789978513580948,-0.8609858225285592,0.0072249507546087,20.0,RDM,4-2-3-1,74.38114154963799,73.83738219387136,-0.5437593557666247,0.8852580184676699,0.8779587205716545,-0.007299297896015466,-0.007299297896015466,-0.5437593557666247,True,False
8a75a887-d709-591e-8651-c5160a6f23f9,29,5,brentford,0fc3de1a-eecc-53a7-b727-451560c890d1,Kristoffer Ajer,DEF,RCB,0,69.0,0.8933798376627685,80.14179058987084,1.0,RCB,4-2-3-1,0.0,0.8933798376627685,11.141790589870835,11.141790589870835,HIGH_PSTART_DID_NOT_START,0.8871001755435463,79.62167644202468,6.322666666666667,6.596666666666668,-0.2740000000000009,-0.241428571428572,-0.7248444448238425,-0.4273635625477181,-0.3112282004983415,-0.0036965340711134,2.0,RCB,4-2-3-1,11.141790589870837,10.621676442024679,-0.520114147846158,0.8933798376627685,0.8871001755435463,-0.006279662119222262,-0.006279662119222262,-0.520114147846158,True,False
bd6a2d47-5dc1-5837-8700-c916a4a9191c,33,20,wolverhampton-wanderers,b6e20f32-3f8f-5d7f-b0b7-140bc97b69fe,Yerson Mosquera Valdelamar,DEF,RCB,0,0.0,0.8157092505730434,63.39931270072865,1.0,RCB,3-5-2,0.0,0.8157092505730434,63.39931270072865,63.39931270072865,HIGH_PSTART_DID_NOT_START,0.8048059667824717,62.88400612991557,6.274,7.2175,-0.9435000000000002,-0.5014285714285709,0.6956847572001956,-0.9174225103797898,-0.5840393853651633,0.0032887105209732,2.0,RCB,3-5-2,63.39931270072865,62.88400612991557,-0.5153065708130811,0.8157092505730434,0.8048059667824717,-0.010903283790571705,-0.010903283790571705,-0.5153065708130811,True,False
3418c353-5740-5e88-81c0-761343aedea4,32,12,liverpool,d982f8cc-b7f6-5eef-880a-7588a8d9c761,Alexis Mac Allister,MID,LDM,0,22.0,0.8677760272134855,80.42019212667687,1.0,LDM,4-2-3-1,0.0,0.8677760272134855,58.42019212667687,58.42019212667687,HIGH_PSTART_DID_NOT_START,0.8609060402624131,79.92245223642848,6.552666666666667,7.521666666666666,-0.9689999999999984,-0.3271428571428574,-0.6099796113450314,-0.9238955058580156,-0.4104817660623492,-0.0096847471039983,3.0,LDM,4-2-3-1,58.42019212667687,57.922452236428484,-0.4977398902483827,0.8677760272134855,0.8609060402624131,-0.006869986951072327,-0.006869986951072327,-0.4977398902483827,True,False
7729aaf4-dd5e-5f38-a0a4-430fccf34c7c,30,17,sunderland,40b6a84e-8e7e-529b-8b4e-a2979b1bc8e4,Enzo Le Fée,MID,CAM,0,0.0,0.9080099832779625,82.58702188100055,1.0,LAM,4-2-3-1,0.0,0.9080099832779625,82.58702188100055,82.58702188100055,HIGH_PSTART_DID_NOT_START,0.9020944447132926,82.11032069038929,7.733333333333333,7.285,0.4483333333333332,0.6357142857142852,0.99112603003279,0.6334888449243385,0.6898235579025889,0.0169916229598311,6.0,LAM,4-2-3-1,82.58702188100055,82.11032069038929,-0.4767011906112657,0.9080099832779625,0.9020944447132926,-0.005915538564669864,-0.005915538564669864,-0.4767011906112657,True,False
97b2d8d5-ad23-581e-a7ba-80ed12ecc351,23,9,everton,70f73e4b-067e-5b9a-9c56-6049178d3e61,Jack Grealish,MID,LAM,0,0.0,0.8126468050694218,75.48780647694758,1.0,LAM,4-2-3-1,0.0,0.8126468050694218,75.48780647694758,75.48780647694758,HIGH_PSTART_DID_NOT_START,0.8066534957005577,75.02685962124137,7.094666666666667,6.992500000000001,0.1021666666666663,0.1185714285714292,-0.3773655118429922,0.1686509354136247,0.1567911249770291,0.0006082739767234,2.0,LAM,4-2-3-1,75.48780647694758,75.02685962124137,-0.4609468557062115,0.8126468050694218,0.8066534957005577,-0.005993309368864108,-0.005993309368864108,-0.4609468557062115,True,False
085aaeeb-84d3-58e5-8616-6a821bcd07d0,25,5,brentford,bb04fd88-02f4-5b58-a126-01b07e773bd8,Nathan Collins,DEF,LCB,0,0.0,0.8015867585597752,77.63294838949784,0.0,UNKNOWN,UNKNOWN,0.0,0.8015867585597752,77.63294838949784,77.63294838949784,HIGH_PSTART_DID_NOT_START,0.794252678547511,77.17581687007284,6.5633333333333335,7.103333333333333,-0.5399999999999991,-0.3499999999999996,-0.8473462767089298,-0.7162978701990237,-0.4355021139154796,0.0,3.0,UNKNOWN,UNKNOWN,77.63294838949784,77.17581687007284,-0.45713151942500474,0.8015867585597752,0.794252678547511,-0.00733408001226421,-0.00733408001226421,-0.45713151942500474,True,False
c7bf9b15-363a-5871-9b7f-a786725d7ed3,25,6,brighton-hove-albion,de6b06be-d7b4-506e-9177-df5cf336214a,Yasin Ayari,MID,RDM,0,0.0,0.910866111520242,82.46287047357366,1.0,LDM,4-2-3-1,0.0,0.910866111520242,82.46287047357366,82.46287047357366,HIGH_PSTART_DID_NOT_START,0.9055193506922682,82.0114224651723,7.322666666666667,7.0808333333333335,0.2418333333333331,0.2514285714285718,0.9355478261875548,0.3825603742422817,0.3232195560307258,-0.0048529960596626,20.0,LDM,4-2-3-1,82.46287047357366,82.0114224651723,-0.451448008401357,0.910866111520242,0.9055193506922682,-0.005346760827973807,-0.005346760827973807,-0.451448008401357,True,False
5c86a947-9f04-5f6a-8730-ff79513f254e,35,15,newcastle-united,8385a2b5-f514-5b12-aa58-82c05b0c3586,Jacob Ramsey,MID,LCM,0,1.0,0.8731297129178418,77.45783349018551,1.0,LCM,4-3-3,0.0,0.8731297129178418,76.45783349018551,76.45783349018551,HIGH_PSTART_DID_NOT_START,0.8671584152472661,77.00934702968725,6.527333333333333,6.655833333333334,-0.1285000000000007,0.3485714285714287,-0.7805070469926899,-0.2109512273483061,0.4339573335667757,0.0052621755135694,20.0,LCM,4-3-3,76.45783349018551,76.00934702968725,-0.448486460498259,0.8731297129178418,0.8671584152472661,-0.005971297670575693,-0.005971297670575693,-0.448486460498259,True,False
52ecb34c-b2fd-592c-b014-dc770fdef03b,29,10,fulham,6cfbd227-d6d0-525d-810f-a1e929d406bf,Harry Wilson,MID,RAM,0,0.0,0.8964905775154824,66.38223380392718,1.0,RAM,4-2-3-1,0.0,0.8964905775154824,66.38223380392718,66.38223380392718,HIGH_PSTART_DID_NOT_START,0.8895217312274509,65.93804524781015,7.676,7.573333333333334,0.102666666666666,0.7799999999999985,0.8510641096679435,0.1694604521730906,0.777888066577184,0.0133691436482734,2.0,RAM,4-2-3-1,66.38223380392718,65.93804524781015,-0.4441885561170267,0.8964905775154824,0.8895217312274509,-0.006968846288031516,-0.006968846288031516,-0.4441885561170267,True,False
87451d9e-587c-5a4c-96ac-324aa773296b,25,1,arsenal,985b9a31-a1a8-56e4-8ff5-61888deeb760,Piero Hincapié,DEF,LB,0,23.0,0.8451510340620613,61.35744945144152,1.0,LB,4-3-3,0.0,0.8451510340620613,38.35744945144152,38.35744945144152,HIGH_PSTART_DID_NOT_START,0.8388300313474192,60.914367550638055,7.274000000000001,7.274166666666666,-0.000166666666665,0.8914285714285715,0.8329755278774102,-0.0002777777706306,0.8301352871653526,0.0124875635478838,20.0,LB,4-3-3,38.35744945144152,37.914367550638055,-0.4430819008034632,0.8451510340620613,0.8388300313474192,-0.006321002714642088,-0.006321002714642088,-0.4430819008034632,True,False
de9a09f3-6021-5322-bb75-a6a0dc72d91d,22,8,crystal-palace,607bc478-1de3-5627-b97c-8cc0c015b3e0,Marc Guéhi,DEF,LCB,0,0.0,0.9348976576691465,84.1544524856272,1.0,LCB,3-4-2-1,0.0,0.9348976576691465,84.1544524856272,84.1544524856272,HIGH_PSTART_DID_NOT_START,0.930073405208352,83.72128225013175,6.8726666666666665,7.166666666666665,-0.2939999999999987,-0.1985714285714284,0.0643553779528369,-0.4542164326822573,-0.2587440825051805,-0.0019519504150347,1.0,LCB,3-4-2-1,84.1544524856272,83.72128225013175,-0.43317023549545297,0.9348976576691465,0.930073405208352,-0.0048242524607944315,-0.0048242524607944315,-0.43317023549545297,True,False
1ce6ee26-3057-5ae0-a140-416d1bd98ae2,35,8,crystal-palace,73fbac33-4713-58ec-b9bd-242dfec592a2,Adam Wharton,MID,RCM,0,45.0,0.8514112170761864,78.61868190502909,1.0,RCM,3-4-2-1,0.0,0.8514112170761864,33.61868190502909,33.61868190502909,HIGH_PSTART_DID_NOT_START,0.845769565232216,78.18664108152075,6.878666666666667,6.668333333333333,0.2103333333333337,0.6242857142857146,-0.1898892001699073,0.3368681475042721,0.681752393829052,0.0005792859229706,2.0,RCM,3-4-2-1,33.61868190502909,33.18664108152075,-0.43204082350834483,0.8514112170761864,0.845769565232216,-0.005641651843970363,-0.005641651843970363,-0.43204082350834483,True,False
4366c228-7c85-5d35-8048-663446bd1b28,25,16,nottingham-forest,8eec947b-c2ae-53d6-99f9-096b7744098a,Murillo Santiago Costa dos Santos,DEF,LCB,0,0.0,0.9363217761633288,84.29193115310927,1.0,LCB,4-2-3-1,0.0,0.9363217761633288,84.29193115310927,84.29193115310927,HIGH_PSTART_DID_NOT_START,0.9315484123585576,83.86405035742688,7.212000000000001,7.0058333333333325,0.2061666666666681,0.8528571428571432,0.7091915883212783,0.3306974232848594,0.8134497676907807,0.0124998772999824,1.0,LCB,4-2-3-1,84.29193115310927,83.86405035742688,-0.42788079568239823,0.9363217761633288,0.9315484123585576,-0.004773363804771225,-0.004773363804771225,-0.42788079568239823,True,False
e1b64232-1ee4-522c-b106-e651d9eba4ea,38,2,aston-villa,77f6a9da-b2d4-5034-84c5-2580945368b8,Morgan Rogers,MID,CAM,0,0.0,0.9556604001117224,86.34257924378966,1.0,CAM,4-2-3-1,0.0,0.9556604001117224,86.34257924378966,86.34257924378966,HIGH_PSTART_DID_NOT_START,0.950502957869289,85.9171913783385,7.548666666666666,7.065,0.4836666666666653,2.638571428571428,0.8776753399284953,0.6674393684060597,0.9982426044721784,0.016743461470045,4.0,CAM,4-2-3-1,86.34257924378966,85.9171913783385,-0.4253878654511567,0.9556604001117224,0.950502957869289,-0.005157442242433419,-0.005157442242433419,-0.4253878654511567,True,False
ae89dde2-06e5-5c3d-88d1-b18a3afac874,38,6,brighton-hove-albion,f6f6439f-07ed-5fba-988d-36a0c8ad3580,Yankuba Minteh,MID,RAM,0,45.0,0.8833969455225348,81.19653170114908,1.0,RAM,4-2-3-1,0.0,0.8833969455225348,36.19653170114909,36.19653170114909,HIGH_PSTART_DID_NOT_START,0.8777615190071139,80.77200825394601,6.905333333333333,6.890833333333333,0.0144999999999999,-0.9542857142857136,-0.7639174926197758,0.0241619630972597,-0.8544416512796955,0.0072890447621938,20.0,RAM,4-2-3-1,36.196531701149084,35.77200825394601,-0.42452344720307167,0.8833969455225348,0.8777615190071139,-0.005635426515420927,-0.005635426515420927,-0.42452344720307167,True,False
0a9d6243-8e34-53a1-aac3-295adbb204df,29,1,arsenal,33f66c9a-ce45-5380-86e0-7903760138c9,William Saliba,DEF,RCB,0,0.0,0.942439217258134,84.98290024936584,1.0,RCB,4-3-3,0.0,0.942439217258134,84.98290024936584,84.98290024936584,HIGH_PSTART_DID_NOT_START,0.9375694821586086,84.55844550487073,7.511333333333332,6.996666666666666,0.5146666666666659,0.6399999999999997,-0.6875705819182811,0.6951109553209714,0.6928068711409954,-0.0010779861067031,2.0,RCB,4-3-3,84.98290024936584,84.55844550487073,-0.4244547444951081,0.942439217258134,0.9375694821586086,-0.004869735099525374,-0.004869735099525374,-0.4244547444951081,True,False
112601d1-209f-5611-b63b-01d0992c4ddd,26,11,leeds-united,5a70a2e2-7a8a-554e-9ac0-d3c00ac6383f,Pascal Struijk,DEF,LCB,0,0.0,0.9141999757318948,82.8917283822513,1.0,LCB,3-5-2,0.0,0.9141999757318948,82.8917283822513,82.8917283822513,HIGH_PSTART_DID_NOT_START,0.9091997558875182,82.47747536605664,7.231333333333334,6.892499999999999,0.3388333333333344,0.4900000000000002,-0.2953746019418233,0.5114727174265055,0.5739096680550213,-0.0001346869020011,1.0,LCB,3-5-2,82.8917283822513,82.47747536605664,-0.4142530161946638,0.9141999757318948,0.9091997558875182,-0.005000219844376597,-0.005000219844376597,-0.4142530161946638,True,False
006f69f1-9b0e-551d-bed7-448d3b640101,22,13,manchester-city,138e28b4-ff6e-5598-bbd5-0b255b509b73,Tijjani Reijnders,MID,LCM,0,10.0,0.8837097183185797,78.8175389521485,1.0,RCM,4-3-3,0.0,0.8837097183185797,68.8175389521485,68.8175389521485,HIGH_PSTART_DID_NOT_START,0.8783628278525341,78.40502353870687,6.841333333333334,7.1883333333333335,-0.3469999999999995,-1.8671428571428572,-0.94632723227483,-0.5214530065746712,-0.986332813806387,-0.0145228678588765,20.0,RCM,4-3-3,68.8175389521485,68.40502353870687,-0.4125154134416249,0.8837097183185797,0.8783628278525341,-0.0053468904660456396,-0.0053468904660456396,-0.4125154134416249,True,False
ca09b971-bf08-55a8-9cf4-b93f3c0604e1,36,11,leeds-united,474896af-e9ef-5bb3-b82b-79c2fb8c891e,Jayden Bogle,DEF,RWB,0,0.0,0.9059893781437228,79.40892369714716,1.0,RWB,3-5-2,0.0,0.9059893781437228,79.40892369714716,79.40892369714716,HIGH_PSTART_DID_NOT_START,0.8995500205637501,78.99984326730831,7.215999999999999,6.775833333333334,0.4401666666666655,1.2942857142857154,0.0488499759311357,0.6252696205878597,0.9385474302979856,0.00563849265064,3.0,RWB,3-5-2,79.40892369714716,78.99984326730831,-0.40908042983885196,0.9059893781437228,0.8995500205637501,-0.006439357579972715,-0.006439357579972715,-0.40908042983885196,True,False
0a9d6243-8e34-53a1-aac3-295adbb204df,29,6,brighton-hove-albion,241cebf3-67a3-5813-9b2f-43078d129f42,Danny Welbeck,FWD,ST,0,21.0,0.8964503245043554,82.43936292573471,1.0,ST,4-2-3-1,0.0,0.8964503245043554,61.43936292573471,61.43936292573471,HIGH_PSTART_DID_NOT_START,0.8908801446704927,82.03926495950132,7.610666666666666,6.703333333333333,0.9073333333333328,0.8557142857142859,0.989617288921422,0.9073326161409212,0.8147345400572772,0.0190311569167976,20.0,ST,4-2-3-1,61.43936292573471,61.039264959501324,-0.400097966233389,0.8964503245043554,0.8908801446704927,-0.005570179833862654,-0.005570179833862654,-0.400097966233389,True,False
6f555168-6fa4-5bdb-ad1e-d646c8e0f78a,24,5,brentford,9a8ecf00-4990-5980-88ac-7e6f3426cc04,Yegor Yarmoliuk,MID,RDM,0,30.0,0.8545142635733283,71.39262860979788,1.0,RDM,4-2-3-1,0.0,0.8545142635733283,41.39262860979788,41.39262860979788,HIGH_PSTART_DID_NOT_START,0.8486220684931522,70.99707288392926,6.884666666666667,6.808333333333334,0.0763333333333333,-0.5671428571428576,-0.7097434280174988,0.1265402522595997,-0.6388275916902671,-0.0023538954193655,4.0,RDM,4-2-3-1,41.39262860979788,40.99707288392926,-0.3955557258686184,0.8545142635733283,0.8486220684931522,-0.0058921950801760214,-0.0058921950801760214,-0.3955557258686184,True,False
5766fb4a-8b72-52a7-9737-b231937d4d3c,30,18,tottenham-hotspur,8e00491e-df3c-59d8-8196-500825daf087,João Palhinha Gonçalves,MID,RDM,0,0.0,0.8632713461766693,80.44026932490286,1.0,RDM,4-2-3-1,0.0,0.8632713461766693,80.44026932490286,80.44026932490286,HIGH_PSTART_DID_NOT_START,0.857560405411085,80.04553486846132,6.753333333333334,6.8616666666666655,-0.1083333333333316,0.4214285714285708,0.963073360368588,-0.1786187521828502,0.5093893201823755,0.0113318008715765,20.0,RDM,4-2-3-1,80.44026932490286,80.04553486846132,-0.39473445644154026,0.8632713461766693,0.857560405411085,-0.005710940765584316,-0.005710940765584316,-0.39473445644154026,True,False
4969d7af-c9d1-5c54-8620-d87f0b49cff8,36,7,chelsea,fbe43cca-fb14-5420-94d6-3e253d5e57f2,Trevoh Chalobah,DEF,LCB,0,0.0,0.9176467458549028,83.54782003460411,1.0,LCB,4-2-3-1,0.0,0.9176467458549028,83.54782003460411,83.54782003460411,HIGH_PSTART_DID_NOT_START,0.9126396580235532,83.1555267445571,6.642666666666668,6.889166666666667,-0.2464999999999992,-0.4128571428571437,-0.4426771530691926,-0.3891800252127553,-0.5008770211287921,-0.0087024571582208,3.0,LCB,4-2-3-1,83.54782003460411,83.1555267445571,-0.3922932900470215,0.9176467458549028,0.9126396580235532,-0.005007087831349621,-0.005007087831349621,-0.3922932900470215,True,False
c843cd2e-5dfa-5148-ae4c-944a685f95dc,26,18,tottenham-hotspur,8e00491e-df3c-59d8-8196-500825daf087,João Palhinha Gonçalves,MID,RDM,0,45.0,0.8224633594175536,67.35326446295085,1.0,RDM,4-2-3-1,0.0,0.8224633594175536,22.353264462950847,22.353264462950847,HIGH_PSTART_DID_NOT_START,0.8170377452268682,66.96231048889277,6.526666666666667,6.780000000000001,-0.2533333333333338,-1.3642857142857148,-0.9545908358959032,-0.3988008818010445,-0.9487433797596152,-0.013804327269249,20.0,RDM,4-2-3-1,22.353264462950847,21.96231048889277,-0.3909539740580783,0.8224633594175536,0.8170377452268682,-0.005425614190685324,-0.005425614190685324,-0.3909539740580783,True,False
457d30c3-d5ec-5fbc-9e3e-b071192ded0c,30,1,arsenal,985b9a31-a1a8-56e4-8ff5-61888deeb760,Piero Hincapié,DEF,LB,0,16.0,0.9276048263643792,84.21558007967118,1.0,LB,4-2-3-1,0.0,0.9276048263643792,68.21558007967118,68.21558007967118,HIGH_PSTART_DID_NOT_START,0.9227581738601788,83.82843996445027,6.933999999999999,7.181666666666668,-0.2476666666666682,-0.3728571428571428,-0.9619286865798876,-0.3908287122747499,-0.459867199161752,0.0024073650479365,2.0,LB,4-2-3-1,68.21558007967118,67.82843996445027,-0.38714011522091596,0.9276048263643792,0.9227581738601788,-0.004846652504200466,-0.004846652504200466,-0.38714011522091596,True,False
6f555168-6fa4-5bdb-ad1e-d646c8e0f78a,24,5,brentford,bb04fd88-02f4-5b58-a126-01b07e773bd8,Nathan Collins,DEF,LCB,0,30.0,0.9272705965978754,84.9103159583988,1.0,RCB,4-2-3-1,0.0,0.9272705965978754,54.9103159583988,54.9103159583988,HIGH_PSTART_DID_NOT_START,0.921782598467786,84.52625979930363,6.851333333333334,7.055833333333332,-0.2044999999999985,-0.9457142857142856,-0.8184889153200646,-0.3282211571286547,-0.851326458736585,0.0060170726169412,3.0,RCB,4-2-3-1,54.9103159583988,54.52625979930363,-0.38405615909516655,0.9272705965978754,0.921782598467786,-0.005487998130089378,-0.005487998130089378,-0.38405615909516655,True,False
98cff3cf-1de8-5696-a0e6-f4967eacc3c6,34,2,aston-villa,492c6463-bf4e-50f7-a6c1-23e8693ceea0,Amadou Onana,MID,RDM,0,0.0,0.8853251642411738,80.24955295522174,1.0,RDM,4-2-3-1,0.0,0.8853251642411738,80.24955295522174,80.24955295522174,HIGH_PSTART_DID_NOT_START,0.881011186556242,79.88275143123677,7.036666666666666,6.762499999999999,0.2741666666666669,-0.807142857142856,-0.6318228846241513,0.4275905801436443,-0.7917821167384419,-0.0076593088328726,3.0,RDM,4-2-3-1,80.24955295522174,79.88275143123677,-0.3668015239849751,0.8853251642411738,0.881011186556242,-0.004313977684931802,-0.004313977684931802,-0.3668015239849751,True,False
1d93b2bc-9b09-5ae2-aa5b-82d56694fa9c,22,19,west-ham-united,2d4c58d3-9f00-5834-a712-c8fbd35a2876,Kyle Walker-Peters,DEF,RB,0,0.0,0.8503922649087166,77.58425919566294,1.0,RB,4-2-3-1,0.0,0.8503922649087166,77.58425919566294,77.58425919566294,HIGH_PSTART_DID_NOT_START,0.8459567014953966,77.21898471106924,6.800666666666667,6.54,0.2606666666666672,-0.3228571428571429,0.9274725672507036,0.4090288926061189,-0.4057191912148442,0.001147040697862,20.0,RB,4-2-3-1,77.58425919566294,77.21898471106924,-0.36527448459369793,0.8503922649087166,0.8459567014953966,-0.004435563413319965,-0.004435563413319965,-0.36527448459369793,True,False
94fcf566-2f2f-5764-a094-bd41afb36a13,28,9,everton,39aed718-6b3b-5edf-84ad-3242e984c314,Thierno Barry,FWD,ST,0,16.0,0.8616483602077384,77.73474341101232,1.0,ST,4-2-3-1,0.0,0.8616483602077384,61.73474341101232,61.73474341101232,HIGH_PSTART_DID_NOT_START,0.8560618954461446,77.37039142591844,6.254666666666666,6.757499999999999,-0.5028333333333332,0.2257142857142859,0.4282713093380509,-0.6847777823235579,0.2921839294607187,0.0027280059686983,1.0,ST,4-2-3-1,61.73474341101232,61.37039142591844,-0.3643519850938759,0.8616483602077384,0.8560618954461446,-0.005586464761593746,-0.005586464761593746,-0.3643519850938759,True,False
e1b64232-1ee4-522c-b106-e651d9eba4ea,38,2,aston-villa,3f25f3e8-deb4-5121-abaf-e0c9f890735f,John McGinn,MID,RAM,0,4.0,0.879401622021795,78.11721884670351,1.0,RAM,4-2-3-1,0.0,0.879401622021795,74.11721884670351,74.11721884670351,HIGH_PSTART_DID_NOT_START,0.8752487144386916,77.76117514797033,7.791333333333333,6.898333333333334,0.8929999999999989,0.4042857142857148,0.9919848677515024,0.9030176064226564,0.4922667112410455,0.0183173524850496,20.0,RAM,4-2-3-1,74.11721884670351,73.76117514797033,-0.3560436987331741,0.879401622021795,0.8752487144386916,-0.004152907583103382,-0.004152907583103382,-0.3560436987331741,True,False
95efeb72-d689-58fb-a022-ffad47516d80,35,16,nottingham-forest,89ca84c0-8f48-5f1a-913d-799d45f1691e,Elliot Anderson,MID,LDM,0,45.0,0.9582919285865628,86.53508513249884,1.0,LDM,4-2-3-1,0.0,0.9582919285865628,41.53508513249884,41.53508513249884,HIGH_PSTART_DID_NOT_START,0.9540631185901948,86.18382430603563,7.675333333333333,7.441666666666667,0.2336666666666653,0.588571428571429,0.9086976584311124,0.3708811893274472,0.6554314259051698,0.014978338358052,4.0,LDM,4-2-3-1,41.535085132498835,41.18382430603563,-0.35126082646320356,0.9582919285865628,0.9540631185901948,-0.004228809996367988,-0.004228809996367988,-0.35126082646320356,True,False
e2562928-63eb-5b52-9e4c-94f8ddca3e11,24,7,chelsea,3655e646-d6d9-51ce-a14d-bed863d96c3c,Reece James,DEF,RB,0,9.0,0.8581954869529315,71.8926002078968,1.0,RB,4-2-3-1,0.0,0.8581954869529315,62.892600207896805,62.892600207896805,HIGH_PSTART_DID_NOT_START,0.8524677435231824,71.54776759602855,7.098,7.288333333333334,-0.1903333333333341,-0.0599999999999996,-0.9629927300067672,-0.3069930845794927,-0.0798297691111308,0.0059101135163297,20.0,RB,4-2-3-1,62.892600207896805,62.54776759602855,-0.34483261186825587,0.8581954869529315,0.8524677435231824,-0.0057277434297490215,-0.0057277434297490215,-0.34483261186825587,True,False
bdf85bea-b20c-50f1-8dd7-c1351c7015e0,28,18,tottenham-hotspur,2eec990a-7277-5fb6-b8c8-10423fefbb47,Djed Spence,DEF,LB,0,0.0,0.8508746854392011,79.56164335293356,1.0,LWB,3-5-2,0.0,0.8508746854392011,79.56164335293356,79.56164335293356,HIGH_PSTART_DID_NOT_START,0.8459990577464035,79.22036301080233,5.561333333333334,6.732500000000001,-1.1711666666666671,-2.1885714285714286,-0.990826625416592,-0.9604703582998304,-0.9941771123817054,-0.0193032750201202,20.0,LWB,3-5-2,79.56164335293356,79.22036301080233,-0.3412803421312276,0.8508746854392011,0.8459990577464035,-0.0048756276927975906,-0.0048756276927975906,-0.3412803421312276,True,False
622cfd32-fefc-538b-92e0-7c761e8052b4,30,15,newcastle-united,133b6e37-92c1-5dc9-a4dd-a5f957768626,Joelinton Cássio Apolinário de Lira,MID,LCM,0,23.0,0.897855063539436,82.43083854783704,1.0,LCM,4-3-3,0.0,0.897855063539436,59.43083854783704,59.43083854783704,HIGH_PSTART_DID_NOT_START,0.893361358993282,82.09784946162819,6.716666666666667,7.1625000000000005,-0.4458333333333337,-1.3428571428571434,-0.4996869931323808,-0.6309877080415303,-0.9458107986613014,0.0051781074521053,20.0,LCM,4-3-3,59.43083854783704,59.097849461628186,-0.3329890862088547,0.897855063539436,0.893361358993282,-0.004493704546154054,-0.004493704546154054,-0.3329890862088547,True,False
25abf903-06d4-5b30-9573-1ca6d4317c79,36,14,manchester-united,e037fafa-e08a-50a4-8014-a43e6c2d13a4,Carlos Henrique Casimiro,MID,RDM,0,0.0,0.9269235234618856,83.51397917417071,1.0,RDM,4-2-3-1,0.0,0.9269235234618856,83.51397917417071,83.51397917417071,HIGH_PSTART_DID_NOT_START,0.923216883918936,83.18506706251442,7.828666666666667,7.396666666666667,0.4319999999999995,-0.79,0.0055554984003406,0.6169093028770645,-0.7830989137900739,0.0015905701660096,4.0,RDM,4-2-3-1,83.51397917417071,83.18506706251442,-0.32891211165629386,0.9269235234618856,0.923216883918936,-0.0037066395429495858,-0.0037066395429495858,-0.32891211165629386,True,False
092fe1c5-46c7-5bc7-a34b-822cf838d6ab,36,13,manchester-city,eebb4710-6fe9-53e9-81e0-a650547126a0,Rayan Cherki,MID,CAM,0,11.0,0.8976665244762593,83.4400192301217,1.0,CAM,4-2-3-1,0.0,0.8976665244762593,72.4400192301217,72.4400192301217,HIGH_PSTART_DID_NOT_START,0.8925048724411517,83.11380046937941,7.962,7.376666666666666,0.5853333333333337,0.1671428571428563,0.9894786588942642,0.7511354932685889,0.2192395702968136,0.015891416179545,20.0,CAM,4-2-3-1,72.4400192301217,72.11380046937941,-0.32621876074229306,0.8976665244762593,0.8925048724411517,-0.0051616520351075446,-0.0051616520351075446,-0.32621876074229306,True,False
ebb30294-ec65-5a92-a141-2fa11e9b549c,30,19,west-ham-united,ef1caf6e-67a5-53c4-afb0-2523323cbfe4,Crysencio Summerville,MID,LW,0,0.0,0.9729152087838918,87.91836790463665,1.0,LW,4-4-2,0.0,0.9729152087838918,87.91836790463665,87.91836790463665,HIGH_PSTART_DID_NOT_START,0.9688336310083462,87.60488224012877,7.0906666666666665,7.368333333333333,-0.2776666666666667,-1.1799999999999995,-0.985948337449344,-0.4323454695850456,-0.917554356165234,-0.0168141644470971,5.0,LW,4-4-2,87.91836790463665,87.60488224012877,-0.31348566450787985,0.9729152087838918,0.9688336310083462,-0.004081577775545631,-0.004081577775545631,-0.31348566450787985,True,False
798085e6-30c4-5023-9459-9ecd515df77f,26,9,everton,b429ad96-edac-5640-8304-cd7a0cf6d7fa,Michael Keane,DEF,LCB,0,1.0,0.8972477109505095,80.83503520709925,1.0,LCB,4-2-3-1,0.0,0.8972477109505095,79.83503520709925,79.83503520709925,HIGH_PSTART_DID_NOT_START,0.8937997825082674,80.52754180920437,7.088666666666667,7.1275,-0.0388333333333337,0.3671428571428565,-0.7030637555785709,-0.0646320003299422,0.4538384045494646,-0.0085553120150722,1.0,LCB,4-2-3-1,79.83503520709925,79.52754180920437,-0.3074933978948877,0.8972477109505095,0.8937997825082674,-0.0034479284422420653,-0.0034479284422420653,-0.3074933978948877,True,False
e1b64232-1ee4-522c-b106-e651d9eba4ea,38,13,manchester-city,607bc478-1de3-5627-b97c-8cc0c015b3e0,Marc Guéhi,DEF,LCB,0,0.0,0.922049190804478,83.03015036895226,1.0,LCB,4-2-3-1,0.0,0.922049190804478,83.03015036895226,83.03015036895226,HIGH_PSTART_DID_NOT_START,0.9186445529903668,82.72573001018202,7.0680000000000005,7.547499999999999,-0.4794999999999989,-1.5814285714285718,-0.2933449311545587,-0.6635706331258047,-0.9709468622402304,-0.0016052931547981,2.0,LCB,4-2-3-1,83.03015036895226,82.72573001018202,-0.3044203587702441,0.922049190804478,0.9186445529903668,-0.0034046378141111555,-0.0034046378141111555,-0.3044203587702441,True,False
3a30f4e1-3142-58d9-9e6c-52cb2fb9f8b8,27,12,liverpool,e1be452d-eabb-5030-8f89-d3b48d85fedb,Florian Wirtz,MID,CAM,0,0.0,0.903358659004864,81.7640178233325,1.0,CAM,4-2-3-1,0.0,0.903358659004864,81.7640178233325,81.7640178233325,HIGH_PSTART_DID_NOT_START,0.8998088710646559,81.46324984442309,7.084,7.8,-0.7160000000000002,-0.6728571428571426,-0.95429403814035,-0.8316098062803572,-0.7149038285345511,-0.0174159383582274,4.0,CAM,4-2-3-1,81.7640178233325,81.46324984442309,-0.30076797890940554,0.903358659004864,0.8998088710646559,-0.0035497879402081045,-0.0035497879402081045,-0.30076797890940554,True,False
94338b30-8c36-517f-8821-7e38666f86c7,27,9,everton,36a20aea-e0e7-507c-ab6e-6740c5c56568,Jake O'Brien,DEF,RB,0,0.0,0.862274074025581,67.26547271272646,1.0,RB,4-2-3-1,0.0,0.862274074025581,67.26547271272646,67.26547271272646,HIGH_PSTART_DID_NOT_START,0.849695695671346,66.96507478511992,5.971333333333333,6.946666666666666,-0.9753333333333334,-3.0457142857142863,-0.9843099539390888,-0.9254260366980502,-0.9994062513639154,-0.0194219720874262,2.0,RB,4-2-3-1,67.26547271272646,66.96507478511992,-0.3003979276065394,0.862274074025581,0.849695695671346,-0.012578378354235031,-0.012578378354235031,-0.3003979276065394,True,False
622cfd32-fefc-538b-92e0-7c761e8052b4,30,15,newcastle-united,f60b2907-3c2e-5574-80f2-70b4f5078182,Kieran Trippier,DEF,RB,0,0.0,0.8769417974102467,77.59194325480922,1.0,RB,4-3-3,0.0,0.8769417974102467,77.59194325480922,77.59194325480922,HIGH_PSTART_DID_NOT_START,0.8735348245799827,77.2939022544798,6.6693333333333324,6.920833333333333,-0.2515000000000009,-1.1342857142857137,-0.5565201454152233,-0.3962281613470215,-0.9073606672632234,-0.0052771783639748,20.0,RB,4-3-3,77.59194325480922,77.2939022544798,-0.2980410003294196,0.8769417974102467,0.8735348245799827,-0.0034069728302640323,-0.0034069728302640323,-0.2980410003294196,True,False
7c7ef9d4-1e3b-5684-8a5f-8f641b36aa9d,24,14,manchester-united,fba35e22-cb10-554f-ad2e-e62d2b5a5da8,Patrick Dorgu,DEF,LAM,0,0.0,0.8545570445617566,70.77870759324465,1.0,LAM,3-4-2-1,0.0,0.8545570445617566,70.77870759324465,70.77870759324465,HIGH_PSTART_DID_NOT_START,0.8504149300543347,70.48302131089675,7.848666666666666,7.008333333333333,0.8403333333333327,-0.2757142857142858,0.9568045672772256,0.8854716738533126,-0.3519073647268474,0.0119976904021888,20.0,LAM,3-4-2-1,70.77870759324465,70.48302131089675,-0.2956862823479014,0.8545570445617566,0.8504149300543347,-0.004142114507421968,-0.004142114507421968,-0.2956862823479014,True,False
e2562928-63eb-5b52-9e4c-94f8ddca3e11,24,7,chelsea,4448091c-aeb7-5ab3-a537-b2b547480e63,João Pedro Junqueira de Jesus,FWD,ST,0,45.0,0.9206702859271122,77.775581477429,1.0,ST,4-2-3-1,0.0,0.9206702859271122,32.775581477429,32.775581477429,HIGH_PSTART_DID_NOT_START,0.9160575238615032,77.4819928697906,8.289333333333333,6.835,1.4543333333333337,1.5871428571428563,0.992615188122472,0.9844305679704408,0.9713799334910834,0.0197225838363462,20.0,ST,4-2-3-1,32.775581477429,32.4819928697906,-0.293588607638398,0.9206702859271122,0.9160575238615032,-0.004612762065609011,-0.004612762065609011,-0.293588607638398,True,False
6a84969a-7d59-589c-94a0-d71eb1a266ff,26,20,wolverhampton-wanderers,a97d91b0-ab9b-5d5d-a9e8-01690cad9588,Tolu Arokodare,FWD,ST,0,68.0,0.8889515006137508,82.04964249491367,1.0,ST,3-5-2,0.0,0.8889515006137508,14.04964249491367,14.04964249491367,HIGH_PSTART_DID_NOT_START,0.884851456542558,81.75745456342968,6.977333333333333,6.851666666666667,0.1256666666666666,0.6271428571428563,0.8582510289082735,0.2064346803748441,0.6837860116094289,0.013514715102171,20.0,ST,3-5-2,14.04964249491367,13.757454563429675,-0.29218793148399413,0.8889515006137508,0.884851456542558,-0.004100044071192799,-0.004100044071192799,-0.29218793148399413,True,False
9ee83c24-99b9-5f01-a681-62d4f49c858d,34,14,manchester-united,1b9763d0-3c26-574c-9903-2c98b8431990,Matheus Santos Carneiro Da Cunha,MID,LAM,0,0.0,0.9394832440006984,77.13049499769305,1.0,LAM,4-2-3-1,0.0,0.9394832440006984,77.13049499769305,77.13049499769305,HIGH_PSTART_DID_NOT_START,0.9350490504652328,76.84301598698531,7.472666666666667,7.160833333333334,0.3118333333333334,0.2514285714285709,0.947378320899074,0.4774855940834863,0.3232195560307247,0.0153497852541668,4.0,LAM,4-2-3-1,77.13049499769305,76.84301598698531,-0.2874790107077416,0.9394832440006984,0.9350490504652328,-0.0044341935354655915,-0.0044341935354655915,-0.2874790107077416,True,False
f2500cd6-3213-514b-bc50-11600f2a02df,24,18,tottenham-hotspur,2eec990a-7277-5fb6-b8c8-10423fefbb47,Djed Spence,DEF,LB,0,0.0,0.9323103364714996,86.56795608321961,1.0,LB,4-2-3-1,0.0,0.9323103364714996,86.56795608321961,86.56795608321961,HIGH_PSTART_DID_NOT_START,0.9266927093874664,86.28312837188707,7.298,6.701666666666667,0.5963333333333329,-0.4885714285714275,0.9673950012571182,0.7590156774688223,-0.5726308856043543,0.0046840755120008,20.0,LB,4-2-3-1,86.56795608321961,86.28312837188707,-0.2848277113325395,0.9323103364714996,0.9266927093874664,-0.005617627084033239,-0.005617627084033239,-0.2848277113325395,True,False
57b20b8b-c663-5991-a397-771f728fd27c,33,1,arsenal,234cf75e-2a33-5c20-84e6-e2da37e6e93e,Viktor Gyökeres,FWD,ST,0,6.0,0.8614243941702385,80.61767531719335,1.0,ST,4-2-3-1,0.0,0.8614243941702385,74.61767531719335,74.61767531719335,HIGH_PSTART_DID_NOT_START,0.8570527903676589,80.33584826189187,7.041333333333333,7.020833333333333,0.0205000000000001,-0.1100000000000003,0.8831708889152073,0.0341533779257485,-0.145623983140028,0.0112043059316814,20.0,ST,4-2-3-1,74.61767531719335,74.33584826189187,-0.281827055301477,0.8614243941702385,0.8570527903676589,-0.0043716038025796156,-0.0043716038025796156,-0.281827055301477,True,False
7769decc-98b9-5b54-a4a3-fc4aa47199e9,35,1,arsenal,985b9a31-a1a8-56e4-8ff5-61888deeb760,Piero Hincapié,DEF,LB,0,0.0,0.9136666516150964,82.84631951600201,1.0,LB,4-3-3,0.0,0.9136666516150964,82.84631951600201,82.84631951600201,HIGH_PSTART_DID_NOT_START,0.910342786488252,82.57090026299853,7.348,7.109999999999999,0.2380000000000004,1.3328571428571427,0.9481694976274464,0.3770932267659597,0.9443870357855914,0.0150709478217483,20.0,LB,4-3-3,82.84631951600201,82.57090026299853,-0.27541925300347714,0.9136666516150964,0.910342786488252,-0.0033238651268444608,-0.0033238651268444608,-0.27541925300347714,True,False
95efeb72-d689-58fb-a022-ffad47516d80,35,16,nottingham-forest,dfe46c71-1b4e-5387-a3a0-4accc6dc5b39,Olu Aina,DEF,RB,0,0.0,0.921680818666405,82.95758182595978,1.0,RB,4-2-3-1,0.0,0.921680818666405,82.95758182595978,82.95758182595978,HIGH_PSTART_DID_NOT_START,0.9187414832738948,82.69417371143788,7.303333333333333,6.970833333333334,0.3324999999999987,-0.1357142857142852,-0.2196928248527851,0.5036365254057819,-0.1790028897528457,-0.0006958298755629,3.0,RB,4-2-3-1,82.95758182595978,82.69417371143788,-0.2634081145218943,0.921680818666405,0.9187414832738948,-0.002939335392510234,-0.002939335392510234,-0.2634081145218943,True,False
6087d963-451a-5a7b-b016-d3853de520ea,22,10,fulham,9b9067ce-8398-553d-8496-d169d55e5396,Issa Diop,DEF,RCB,0,2.0,0.8459625989259625,76.86131240329591,0.0,UNKNOWN,UNKNOWN,0.0,0.8459625989259625,74.86131240329591,74.86131240329591,HIGH_PSTART_DID_NOT_START,0.8429178359852293,76.60160803193041,6.8566666666666665,6.781999999999999,0.0746666666666673,0.2214285714285715,-0.9661609340051072,0.1238059994099088,0.2869487968817833,0.0,20.0,UNKNOWN,UNKNOWN,74.86131240329591,74.60160803193041,-0.2597043713655012,0.8459625989259625,0.8429178359852293,-0.003044762940733192,-0.003044762940733192,-0.2597043713655012,True,False
94fcf566-2f2f-5764-a094-bd41afb36a13,28,9,everton,b429ad96-edac-5640-8304-cd7a0cf6d7fa,Michael Keane,DEF,LCB,0,1.0,0.8791612891598412,80.21245767209444,1.0,LCB,4-2-3-1,0.0,0.8791612891598412,79.21245767209444,79.21245767209444,HIGH_PSTART_DID_NOT_START,0.8759595177539118,79.95312511757888,7.379333333333333,6.913333333333333,0.4660000000000002,0.3014285714285707,0.6768800636680059,0.6507892948532374,0.3815775698062639,0.0128165424415627,1.0,LCB,4-2-3-1,79.21245767209444,78.95312511757888,-0.25933255451556647,0.8791612891598412,0.8759595177539118,-0.0032017714059293656,-0.0032017714059293656,-0.25933255451556647,True,False
6a84969a-7d59-589c-94a0-d71eb1a266ff,26,1,arsenal,0f08cbfd-21a3-57ae-9b9f-8692d62a6a24,Leandro Trossard,MID,LW,0,20.0,0.8444941777406612,77.52565823223334,1.0,LW,4-3-3,0.0,0.8444941777406612,57.52565823223334,57.52565823223334,HIGH_PSTART_DID_NOT_START,0.8402769583995945,77.26853996376305,7.277333333333333,6.9575000000000005,0.3198333333333325,1.355714285714286,0.6714249873847624,0.4877133069624143,0.9475893629718012,0.0033533878321424,20.0,LW,4-3-3,57.52565823223334,57.26853996376305,-0.2571182684702933,0.8444941777406612,0.8402769583995945,-0.004217219341066669,-0.004217219341066669,-0.2571182684702933,True,False
092fe1c5-46c7-5bc7-a34b-822cf838d6ab,36,8,crystal-palace,73fbac33-4713-58ec-b9bd-242dfec592a2,Adam Wharton,MID,RCM,0,30.0,0.8176281599644014,77.9121566841452,1.0,RCM,3-4-2-1,0.0,0.8176281599644014,47.9121566841452,47.9121566841452,HIGH_PSTART_DID_NOT_START,0.8137498747093569,77.65514794868555,6.517333333333332,6.796666666666667,-0.2793333333333345,-0.4442857142857148,-0.5096243686790167,-0.434601302937452,-0.5316058528520554,0.0050293294305092,20.0,RCM,3-4-2-1,47.9121566841452,47.65514794868555,-0.25700873545964953,0.8176281599644014,0.8137498747093569,-0.0038782852550445224,-0.0038782852550445224,-0.25700873545964953,True,False
b5ed6c3e-25b0-50e3-8e36-86250fd00a0b,30,4,afc-bournemouth,102764c4-bb3d-515e-a161-665b3bc0daf5,Álex Jiménez Sánchez,DEF,RB,0,29.0,0.8876808791340705,81.3240280373383,1.0,RB,4-2-3-1,0.0,0.8876808791340705,52.32402803733829,52.32402803733829,HIGH_PSTART_DID_NOT_START,0.8843640968539414,81.06855752333513,7.478666666666667,7.094166666666666,0.3845000000000009,0.4742857142857151,0.8159052628573082,0.5654666928133439,0.5596895077756312,0.0145534808967629,2.0,RB,4-2-3-1,52.324028037338294,52.06855752333513,-0.25547051400316434,0.8876808791340705,0.8843640968539414,-0.0033167822801291047,-0.0033167822801291047,-0.25547051400316434,True,False
0d6a442b-e1f2-53f3-a9a8-0b75c19465d8,38,1,arsenal,4c3f279c-cb21-57c6-9d58-3decef97625e,Bukayo Saka,MID,RAM,0,0.0,0.8409075044292267,75.37624902597923,1.0,RW,4-4-2,0.0,0.8409075044292267,75.37624902597923,75.37624902597923,HIGH_PSTART_DID_NOT_START,0.8377935385189332,75.12266089055055,7.676666666666667,7.303333333333334,0.3733333333333331,0.8214285714285721,0.9837108003660424,0.5526733731353445,0.7987820071928858,0.017149171284821,20.0,RW,4-4-2,75.37624902597923,75.12266089055055,-0.25358813542868575,0.8409075044292267,0.8377935385189332,-0.003113965910293448,-0.003113965910293448,-0.25358813542868575,True,False
b18a9593-998b-5025-9442-b11f2c52f46c,33,16,nottingham-forest,c708e3fc-c1ec-575e-9376-9578775d41dc,Igor Jesus Maciel da Cruz,FWD,ST,0,45.0,0.8339845272927734,74.95706882662823,1.0,ST,4-2-3-1,0.0,0.8339845272927734,29.95706882662823,29.95706882662823,HIGH_PSTART_DID_NOT_START,0.8302242358028562,74.7108480968288,6.691333333333334,6.5441666666666665,0.1471666666666671,-0.4742857142857142,-0.1673012356007646,0.2404745965984122,-0.5596895077756303,-0.0020919220953691,1.0,ST,4-2-3-1,29.95706882662823,29.710848096828798,-0.24622072979943255,0.8339845272927734,0.8302242358028562,-0.003760291489917189,-0.003760291489917189,-0.24622072979943255,True,False
112601d1-209f-5611-b63b-01d0992c4ddd,26,11,leeds-united,63588bd5-68f8-567a-8175-c17ab42b05f3,Dominic Calvert-Lewin,FWD,ST,0,0.0,0.9148892749734288,83.46676938449467,1.0,ST,3-5-2,0.0,0.9148892749734288,83.46676938449467,83.46676938449467,HIGH_PSTART_DID_NOT_START,0.9113695609298518,83.22208436486827,7.077333333333333,7.085000000000001,-0.007666666666668,2.02,-0.4568580481223048,-0.0127770824070986,0.9908873001260308,-0.0040212654373733,1.0,ST,3-5-2,83.46676938449467,83.22208436486827,-0.24468501962640232,0.9148892749734288,0.9113695609298518,-0.0035197140435769825,-0.0035197140435769825,-0.24468501962640232,True,False
dfe891e4-ce71-5e78-94ea-cee9d70885e6,36,3,burnley,0db48051-eb1a-516f-b185-a0846d6f83e1,Hjalmar Ekdal,DEF,RCB,0,0.0,0.8125837567986781,73.73794986456691,1.0,CB,3-4-3,0.0,0.8125837567986781,73.73794986456691,73.73794986456691,HIGH_PSTART_DID_NOT_START,0.8098940481638668,73.50456466263368,6.685333333333333,6.435000000000001,0.2503333333333319,0.9314285714285716,0.8188553329323245,0.3945877265771443,0.8459979689434792,0.0118612512560556,20.0,CB,3-4-3,73.73794986456691,73.50456466263368,-0.2333852019332312,0.8125837567986781,0.8098940481638668,-0.0026897086348113275,-0.0026897086348113275,-0.2333852019332312,True,False
4e015d43-2cac-545a-a1a7-9b7b76e0b778,22,15,newcastle-united,36a8b089-9a84-5fa6-ae4a-59a2994b9494,Lewis Miley,MID,RB,0,23.0,0.920423939610302,83.68829422040028,1.0,RB,4-3-3,0.0,0.920423939610302,60.68829422040028,60.68829422040028,HIGH_PSTART_DID_NOT_START,0.917545709343725,83.46000269378402,6.573333333333333,7.16,-0.5866666666666669,-1.4857142857142858,-0.933292775345849,-0.7521023122520024,-0.962656845835789,-0.0150187469810362,20.0,RB,4-3-3,60.68829422040028,60.46000269378402,-0.2282915266162604,0.920423939610302,0.917545709343725,-0.0028782302665769643,-0.0028782302665769643,-0.2282915266162604,True,False
3b0bba38-af04-5460-b39f-e5c32eaf27ff,36,15,newcastle-united,36a8b089-9a84-5fa6-ae4a-59a2994b9494,Lewis Miley,MID,RB,0,0.0,0.8306839779407343,75.3617163292274,1.0,RB,4-3-3,0.0,0.8306839779407343,75.3617163292274,75.3617163292274,HIGH_PSTART_DID_NOT_START,0.8280598952632338,75.1348502707476,6.892,7.162499999999999,-0.2704999999999993,-0.1971428571428566,-0.7639174926197764,-0.4225837653662953,-0.2569659673669384,0.0046178757511181,20.0,RB,4-3-3,75.3617163292274,75.1348502707476,-0.2268660584797999,0.8306839779407343,0.8280598952632338,-0.002624082677500583,-0.002624082677500583,-0.2268660584797999,True,False
0d6a442b-e1f2-53f3-a9a8-0b75c19465d8,38,8,crystal-palace,0f20e713-a3d1-5036-b0b2-e9f32d1bc66f,Jaydee Canvot,DEF,LCB,0,0.0,0.8913262426009864,81.0128721782121,1.0,LCB,3-4-2-1,0.0,0.8913262426009864,81.0128721782121,81.0128721782121,HIGH_PSTART_DID_NOT_START,0.8885984797973459,80.78729117030396,6.623333333333333,6.9750000000000005,-0.3516666666666674,0.742857142857142,-0.9479446361964352,-0.5270929158485723,0.7575652997173077,-0.0001687059166148,20.0,LCB,3-4-2-1,81.0128721782121,80.78729117030396,-0.22558100790814706,0.8913262426009864,0.8885984797973459,-0.00272776280364051,-0.00272776280364051,-0.22558100790814706,True,False
ae89dde2-06e5-5c3d-88d1-b18a3afac874,38,14,manchester-united,e037fafa-e08a-50a4-8014-a43e6c2d13a4,Carlos Henrique Casimiro,MID,RDM,0,0.0,0.8098735720294348,64.9687474654217,1.0,RDM,4-2-3-1,0.0,0.8098735720294348,64.9687474654217,64.9687474654217,HIGH_PSTART_DID_NOT_START,0.8071014179611151,64.74739245824512,6.966666666666667,7.471666666666668,-0.5050000000000008,-1.5999999999999996,-0.927937111480065,-0.6866908300889359,-0.972331216886695,0.0010525708321292,4.0,RDM,4-2-3-1,64.9687474654217,64.74739245824512,-0.22135500717658374,0.8098735720294348,0.8071014179611151,-0.0027721540683196544,-0.0027721540683196544,-0.22135500717658374,True,False
94ee8d5f-04da-5a31-92b9-3e1fbea7f464,27,8,crystal-palace,246d5877-ce20-5c48-bdc0-bdb7ede514b7,Maxence Lacroix,DEF,CB,0,0.0,0.9094104031919888,82.32026819352681,1.0,CB,3-4-2-1,0.0,0.9094104031919888,82.32026819352681,82.32026819352681,HIGH_PSTART_DID_NOT_START,0.906838684126513,82.10225075258734,7.013333333333333,6.829166666666667,0.1841666666666661,-0.8428571428571416,-0.6203387523322428,0.2976547980227105,-0.8088899221575322,-0.0081939096345206,1.0,CB,3-4-2-1,82.32026819352681,82.10225075258734,-0.21801744093947661,0.9094104031919888,0.906838684126513,-0.0025717190654758193,-0.0025717190654758193,-0.21801744093947661,True,False
ec96ab00-9497-5a3e-b3ca-317abf912d08,26,3,burnley,93153394-38ee-5f40-9adb-90f4f3307e4e,Lucas Pires Silva,DEF,LWB,0,0.0,0.8929509936077412,80.87494701791248,1.0,LWB,3-4-2-1,0.0,0.8929509936077412,80.87494701791248,80.87494701791248,HIGH_PSTART_DID_NOT_START,0.8905053197772188,80.66647333900774,7.268000000000001,6.77,0.4980000000000011,0.5828571428571427,0.9847533313472964,0.6804760061126629,0.651063720880201,0.0110254971024962,20.0,LWB,3-4-2-1,80.87494701791248,80.66647333900774,-0.20847367890473834,0.8929509936077412,0.8905053197772188,-0.00244567383052241,-0.00244567383052241,-0.20847367890473834,True,False
47e684ca-483b-5eca-8ec1-c94a86f9452a,28,5,brentford,bb04fd88-02f4-5b58-a126-01b07e773bd8,Nathan Collins,DEF,LCB,0,0.0,0.8275743319636352,76.7091207529685,0.0,UNKNOWN,UNKNOWN,0.0,0.8275743319636352,76.7091207529685,76.7091207529685,HIGH_PSTART_DID_NOT_START,0.8250030349775581,76.51092058677399,6.366,7.318333333333334,-0.9523333333333346,-1.2771428571428576,-0.8697914086965763,-0.9197223384577295,-0.9357652886653044,0.0,20.0,UNKNOWN,UNKNOWN,76.7091207529685,76.51092058677399,-0.19820016619451053,0.8275743319636352,0.8250030349775581,-0.002571296986077054,-0.002571296986077054,-0.19820016619451053,True,False
95efeb72-d689-58fb-a022-ffad47516d80,35,16,nottingham-forest,68e23e27-5010-5c05-a3bd-23e48be32b93,Morgan Gibbs-White,MID,CAM,0,20.0,0.9633620817556556,87.7203192972919,1.0,CAM,4-2-3-1,0.0,0.9633620817556556,67.7203192972919,67.7203192972919,HIGH_PSTART_DID_NOT_START,0.9598467342056788,87.5295520391115,8.477333333333332,7.094166666666666,1.383166666666666,0.2200000000000006,0.9990193973643864,0.9803033267343436,0.2851999185654064,0.0183863560952579,6.0,CAM,4-2-3-1,67.7203192972919,67.5295520391115,-0.19076725818040075,0.9633620817556556,0.9598467342056788,-0.003515347549976844,-0.003515347549976844,-0.19076725818040075,True,False
579fdcbf-5156-533a-8f5f-a9226e3d60d1,26,6,brighton-hove-albion,85e0702e-8a5f-5470-a46a-a212a63f3661,Joël Veltman,DEF,RB,1,90.0,0.1528531570941611,18.16060074014085,0.0,UNKNOWN,UNKNOWN,1.0,0.8471468429058389,-71.83939925985915,71.83939925985915,LOW_PSTART_STARTED,0.1551010780714073,18.351227886193293,6.846666666666667,7.226999999999999,-0.3803333333333327,-1.0642857142857158,-0.7856638590269431,-0.5607242055915409,-0.8894000762573285,0.0,20.0,UNKNOWN,UNKNOWN,71.83939925985915,71.6487721138067,-0.19062714605244935,0.8471468429058389,0.8448989219285927,-0.0022479209772461317,0.0022479209772461872,0.19062714605244224,True,False
b5ed6c3e-25b0-50e3-8e36-86250fd00a0b,30,3,burnley,93153394-38ee-5f40-9adb-90f4f3307e4e,Lucas Pires Silva,DEF,LWB,0,16.0,0.8965189766044472,82.6477287535591,1.0,LWB,3-4-2-1,0.0,0.8965189766044472,66.6477287535591,66.6477287535591,HIGH_PSTART_DID_NOT_START,0.8938825601022414,82.46041278250003,7.006666666666666,6.890909090909091,0.1157575757575752,-0.4214285714285726,0.9481694976274464,0.1905706837732044,-0.5093893201823773,0.0097176734272355,20.0,LWB,3-4-2-1,66.6477287535591,66.46041278250003,-0.18731597105906417,0.8965189766044472,0.8938825601022414,-0.0026364165022058073,-0.0026364165022058073,-0.18731597105906417,True,False
7729aaf4-dd5e-5f38-a0a4-430fccf34c7c,30,6,brighton-hove-albion,a5750705-f098-5007-84b9-214a2063f4c8,James Milner,MID,RDM,1,90.0,0.1729698570173605,25.031972658530893,0.0,UNKNOWN,UNKNOWN,1.0,0.8270301429826394,-64.96802734146911,64.96802734146911,LOW_PSTART_STARTED,0.175532162385035,25.21905477232106,7.000666666666666,6.656000000000001,0.3446666666666651,-0.1728571428571426,0.794021723919432,0.518615818903,-0.2264801660832039,0.0,20.0,UNKNOWN,UNKNOWN,64.96802734146911,64.78094522767894,-0.1870821137901686,0.8270301429826394,0.824467837614965,-0.0025623053676744334,0.002562305367674489,0.18708211379016504,True,False
cf2cfda2-d007-5839-984a-e3c0650fa9de,23,8,crystal-palace,1e4afd94-5426-54f5-893e-eea93b538667,Yéremy Pino Santos,MID,LAM,0,25.0,0.9261616709403304,85.15085056172848,1.0,LAM,3-4-2-1,0.0,0.9261616709403304,60.15085056172848,60.15085056172848,HIGH_PSTART_DID_NOT_START,0.9233190652982836,84.96657453931124,7.494666666666668,7.040833333333333,0.4538333333333355,0.4185714285714281,0.9765290323541356,0.6389450171437827,0.5065628107538592,0.0148049440830895,3.0,LAM,3-4-2-1,60.150850561728475,59.96657453931124,-0.18427602241723662,0.9261616709403304,0.9233190652982836,-0.002842605642046858,-0.002842605642046858,-0.18427602241723662,True,False
dec351fa-176e-54ff-a391-5e41f9eeee09,37,20,wolverhampton-wanderers,970e8a65-ee1a-5d1a-94d7-82973dc0b1dc,Toti António Gomes,DEF,LCB,0,0.0,0.8786956072394395,79.12029805911267,1.0,LCB,3-4-2-1,0.0,0.8786956072394395,79.12029805911267,79.12029805911267,HIGH_PSTART_DID_NOT_START,0.8766919155644253,78.94058842622708,6.506,6.4191666666666665,0.0868333333333337,-1.3414285714285707,-0.5986953235084579,0.1437202365929561,-0.9456095946492736,-0.0025254800619856,20.0,LCB,3-4-2-1,79.12029805911267,78.94058842622708,-0.17970963288559005,0.8786956072394395,0.8766919155644253,-0.002003691675014241,-0.002003691675014241,-0.17970963288559005,True,False
d123315a-55ef-56e3-b21e-2aa9ff130593,23,1,arsenal,b6572497-1067-596a-a218-6e465214dcc8,Benjamin White,DEF,RB,0,32.0,0.8443068757042703,76.55996305279258,0.0,UNKNOWN,UNKNOWN,0.0,0.8443068757042703,44.55996305279258,44.55996305279258,HIGH_PSTART_DID_NOT_START,0.8424307332896159,76.39800891285569,6.576666666666667,7.061111111111112,-0.4844444444444447,-1.0428571428571427,-0.9604057260079348,-0.6681575749132974,-0.8832756111422206,0.0,20.0,UNKNOWN,UNKNOWN,44.55996305279258,44.39800891285569,-0.16195413993689556,0.8443068757042703,0.8424307332896159,-0.0018761424146543915,-0.0018761424146543915,-0.16195413993689556,True,False
b05d8bbc-90bb-57d4-a3ff-25dce53593e4,37,1,arsenal,234cf75e-2a33-5c20-84e6-e2da37e6e93e,Viktor Gyökeres,FWD,ST,0,17.0,0.8590292563737355,79.97432817269551,1.0,ST,4-2-3-1,0.0,0.8590292563737355,62.97432817269551,62.97432817269551,HIGH_PSTART_DID_NOT_START,0.8559277518027996,79.81554672218749,7.258,7.201666666666665,0.0563333333333346,-1.3671428571428574,-0.8166468029157897,0.0936139774838148,-0.9491225256861672,0.0095607475804935,20.0,ST,4-2-3-1,62.97432817269551,62.81554672218749,-0.15878145050801606,0.8590292563737355,0.8559277518027996,-0.0031015045709359423,-0.0031015045709359423,-0.15878145050801606,True,False
1d93b2bc-9b09-5ae2-aa5b-82d56694fa9c,22,19,west-ham-united,35ad91b8-a753-5dab-beac-21a352e5cb13,Aaron Wan-Bissaka,DEF,RB,1,90.0,0.1735685580919752,16.5281640656928,0.0,UNKNOWN,UNKNOWN,1.0,0.8264314419080248,-73.4718359343072,73.4718359343072,LOW_PSTART_STARTED,0.175349776277213,16.686518883341645,6.804666666666667,6.618888888888889,0.185777777777778,0.5685714285714285,0.9283987907960336,0.3001001198330095,0.639953647381113,0.0,20.0,UNKNOWN,UNKNOWN,73.4718359343072,73.31348111665835,-0.15835481764884207,0.8264314419080248,0.8246502237227871,-0.0017812181852376874,0.0017812181852377984,0.15835481764884562,True,False
7771779b-354a-5626-9f0f-129de4d443ba,24,1,arsenal,4c3f279c-cb21-57c6-9d58-3decef97625e,Bukayo Saka,MID,RW,0,0.0,0.8451696656531827,79.89767267440044,1.0,RW,4-3-3,0.0,0.8451696656531827,79.89767267440044,79.89767267440044,HIGH_PSTART_DID_NOT_START,0.8427271635295004,79.74105555033483,7.735333333333333,7.355,0.3803333333333327,-0.2042857142857155,0.987164155208524,0.5607242055915409,-0.2658389223784303,0.0098002740919828,20.0,RW,4-3-3,79.89767267440044,79.74105555033483,-0.15661712406560468,0.8451696656531827,0.8427271635295004,-0.002442502123682355,-0.002442502123682355,-0.15661712406560468,True,False
09eed520-5d17-51e8-8b91-f6b3a3579507,31,5,brentford,9c63b373-5b16-5d1a-8ee1-2b35708a7892,Dango Ouattara,MID,RAM,0,13.0,0.8464928059084256,74.13551783286883,1.0,RAM,4-2-3-1,0.0,0.8464928059084256,61.13551783286883,61.13551783286883,HIGH_PSTART_DID_NOT_START,0.8441161168578307,73.98186644905722,7.676666666666666,6.897500000000001,0.779166666666665,1.2928571428571427,0.975204812137792,0.8613651849997909,0.9383201123447796,0.0167267165569843,20.0,RAM,4-2-3-1,61.13551783286883,60.98186644905722,-0.15365138381160648,0.8464928059084256,0.8441161168578307,-0.002376689050594849,-0.002376689050594849,-0.15365138381160648,True,False
4e015d43-2cac-545a-a1a7-9b7b76e0b778,22,15,newcastle-united,f60b2907-3c2e-5574-80f2-70b4f5078182,Kieran Trippier,DEF,RB,1,90.0,0.079467041755368,7.561434256071188,0.0,UNKNOWN,UNKNOWN,1.0,0.920532958244632,-82.4385657439288,82.4385657439288,LOW_PSTART_STARTED,0.0811396633595232,7.71122629062315,6.415333333333333,7.0441666666666665,-0.6288333333333336,-0.9757142857142852,-0.9600592679256832,-0.7810492488069102,-0.8619681326654232,0.0,20.0,UNKNOWN,UNKNOWN,82.43856574392882,82.28877370937685,-0.14979203455196455,0.920532958244632,0.9188603366404768,-0.0016726216041551556,0.0016726216041551972,0.14979203455196277,True,False
7018cf67-a775-5040-9faf-510b2df80879,35,9,everton,d0fb5815-b17b-56d0-869e-d0e8910ab751,Idrissa Gueye,MID,RDM,0,0.0,0.8592889631986679,73.41331123039596,1.0,RDM,4-2-3-1,0.0,0.8592889631986679,73.41331123039596,73.41331123039596,HIGH_PSTART_DID_NOT_START,0.857542157790803,73.26478101925854,6.59,7.089166666666666,-0.4991666666666665,-0.6428571428571432,-0.5519011746573832,-0.6815186992824429,-0.6947826703147382,-0.0119718741075876,2.0,RDM,4-2-3-1,73.41331123039596,73.26478101925854,-0.1485302111374267,0.8592889631986679,0.857542157790803,-0.001746805407864871,-0.001746805407864871,-0.1485302111374267,True,False
039b583c-5bdc-51f2-8934-ef0b7746978e,31,7,chelsea,653dcb32-98a1-5bdb-afc4-4dcee772c921,Pedro Lomba Neto,MID,RAM,1,69.0,0.1417955433441698,13.92461484549262,0.0,UNKNOWN,UNKNOWN,1.0,0.8582044566558302,-55.07538515450738,55.07538515450738,LOW_PSTART_STARTED,0.1438937726141816,14.063913596644875,7.666,6.776666666666666,0.889333333333334,1.5942857142857143,0.9241391589395253,0.9018835002496896,0.9719123351139802,0.0,20.0,UNKNOWN,UNKNOWN,55.07538515450738,54.93608640335513,-0.13929875115225343,0.8582044566558302,0.8561062273858184,-0.0020982292700117977,0.0020982292700117977,0.1392987511522552,True,False
8b19f294-8fed-5a60-8498-f5c9c1b8d138,24,15,newcastle-united,fa7d8081-617d-5e86-a227-d01a088e1f55,Joe Willock,MID,RCM,1,72.0,0.1496331115951886,13.188321841279093,0.0,UNKNOWN,UNKNOWN,1.0,0.8503668884048113,-58.81167815872091,58.81167815872091,LOW_PSTART_STARTED,0.1520078316179428,13.32463240191002,7.272,6.708888888888889,0.5631111111111116,1.817142857142856,0.9604918794160636,0.7345408471573546,0.9843986582749042,0.0,20.0,UNKNOWN,UNKNOWN,58.81167815872091,58.67536759808998,-0.13631056063093183,0.8503668884048114,0.8479921683820573,-0.0023747200227541843,0.0023747200227541843,0.1363105606309265,True,False
0a9d6243-8e34-53a1-aac3-295adbb204df,29,6,brighton-hove-albion,8336ddce-f2ef-5ef6-8084-2f36c38c78c2,Olivier Boscagli,DEF,LCB,1,90.0,0.0926647436081725,12.117669501973616,0.0,UNKNOWN,UNKNOWN,1.0,0.9073352563918274,-77.88233049802639,77.88233049802639,LOW_PSTART_STARTED,0.0942135042374824,12.25054137326184,6.6,7.36,-0.7600000000000007,-0.4285714285714279,-0.971406788221751,-0.8528916461303624,-0.5164076551851793,0.0,20.0,UNKNOWN,UNKNOWN,77.88233049802639,77.74945862673816,-0.13287187128823064,0.9073352563918275,0.9057864957625176,-0.0015487606293099754,0.0015487606293098921,0.13287187128822353,True,False
dcb932a5-b690-59b8-8026-5a592284f9a8,38,7,chelsea,762fd3f4-3f85-52c7-b5be-8c0c563cf25f,Andrey Nascimento dos Santos,MID,RDM,0,0.0,0.8043074164268028,73.21387338759028,1.0,RDM,4-2-3-1,0.0,0.8043074164268028,73.21387338759028,73.21387338759028,HIGH_PSTART_DID_NOT_START,0.8024339830532166,73.08106607954903,7.458,7.043333333333334,0.4146666666666663,1.739999999999999,0.9827882434581756,0.5986953235084579,0.9808693626558166,0.0126449674834675,20.0,RDM,4-2-3-1,73.21387338759028,73.08106607954903,-0.13280730804125085,0.8043074164268028,0.8024339830532166,-0.001873433373586253,-0.001873433373586253,-0.13280730804125085,True,False
97b2d8d5-ad23-581e-a7ba-80ed12ecc351,23,11,leeds-united,2151f057-0065-57a0-87e5-2a434738b8d1,Gabriel Gudmundsson,DEF,LWB,0,0.0,0.8098214453789221,76.67340013094453,1.0,LWB,3-5-2,0.0,0.8098214453789221,76.67340013094453,76.67340013094453,HIGH_PSTART_DID_NOT_START,0.8079271752523273,76.54066084424453,6.972666666666667,6.904166666666666,0.0685000000000011,0.6157142857142857,-0.7611271227797911,0.1136732219676417,0.6755879041658825,-0.0079751106779673,3.0,LWB,3-5-2,76.67340013094453,76.54066084424453,-0.13273928670000146,0.8098214453789221,0.8079271752523273,-0.0018942701265948214,-0.0018942701265948214,-0.13273928670000146,True,False
5556a528-cdc7-5a14-8fd1-7f9b7820b711,32,6,brighton-hove-albion,8336ddce-f2ef-5ef6-8084-2f36c38c78c2,Olivier Boscagli,DEF,LCB,1,90.0,0.1527422287058104,16.71824066065678,0.0,UNKNOWN,UNKNOWN,1.0,0.8472577712941896,-73.28175933934322,73.28175933934322,LOW_PSTART_STARTED,0.1542718609097036,16.850543188958145,7.16,7.32,-0.1600000000000001,1.114285714285714,0.9375948889777522,-0.2605204458355029,0.9025330922923664,0.0,20.0,UNKNOWN,UNKNOWN,73.28175933934322,73.14945681104186,-0.13230252830136635,0.8472577712941896,0.8457281390902964,-0.0015296322038931276,0.0015296322038932109,0.13230252830136635,True,False
e07812fd-53bd-5cff-a85b-94bea63806fe,30,5,brentford,0fc3de1a-eecc-53a7-b727-451560c890d1,Kristoffer Ajer,DEF,RCB,0,18.0,0.8844392562805797,83.56352291764937,1.0,RCB,4-2-3-1,0.0,0.8844392562805797,65.56352291764937,65.56352291764937,HIGH_PSTART_DID_NOT_START,0.881651584448622,83.43303908206124,6.3580000000000005,6.6883333333333335,-0.3303333333333329,0.0257142857142849,-0.992466566957132,-0.5009364729089576,0.0342722861972875,-0.0149825712967558,20.0,RCB,4-2-3-1,65.56352291764937,65.43303908206124,-0.13048383558812304,0.8844392562805797,0.881651584448622,-0.0027876718319577165,-0.0027876718319577165,-0.13048383558812304,True,False
0a9d6243-8e34-53a1-aac3-295adbb204df,29,6,brighton-hove-albion,e951e717-39ca-59bd-bf7f-6e59ece9fd54,Georginio Rutter,MID,CAM,1,90.0,0.0982281555195944,8.64026834209987,0.0,UNKNOWN,UNKNOWN,1.0,0.9017718444804056,-81.35973165790013,81.35973165790013,LOW_PSTART_STARTED,0.0998596670254959,8.767041457962177,6.034000000000001,6.739166666666667,-0.705166666666666,0.4414285714285713,-0.9956127332865824,-0.8259567518875537,0.528867386091077,0.0,20.0,UNKNOWN,UNKNOWN,81.35973165790013,81.23295854203782,-0.12677311586230644,0.9017718444804056,0.9001403329745041,-0.0016315115059014618,0.0016315115059014895,0.12677311586230822,True,False
457d30c3-d5ec-5fbc-9e3e-b071192ded0c,30,9,everton,be864262-5b78-5455-be5c-8eb1eb4b8ed9,James Tarkowski,DEF,RCB,0,0.0,0.943096597550126,85.17897151575666,1.0,RCB,4-2-3-1,0.0,0.943096597550126,85.17897151575666,85.17897151575666,HIGH_PSTART_DID_NOT_START,0.9417155590873376,85.0619657660433,7.683999999999999,7.259166666666665,0.4248333333333338,1.105714285714286,0.5298956075275274,0.6094560746158267,0.9003918534442897,0.0117367069778255,1.0,RCB,4-2-3-1,85.17897151575666,85.0619657660433,-0.11700574971335698,0.943096597550126,0.9417155590873376,-0.0013810384627883643,-0.0013810384627883643,-0.11700574971335698,True,False
b4ec0cde-d0bf-5e52-a05a-625335240554,37,15,newcastle-united,7d97f99a-8163-5c05-a74a-5dd9794bd812,Dan Burn,DEF,LB,0,15.0,0.888673808605466,81.01776827090544,0.0,UNKNOWN,UNKNOWN,0.0,0.888673808605466,66.01776827090544,66.01776827090544,HIGH_PSTART_DID_NOT_START,0.8873160221824578,80.90821681837336,7.345333333333333,6.635833333333333,0.7095000000000002,-0.3114285714285714,0.9211652530945126,0.8282382915975469,-0.3929112167608184,0.0,20.0,UNKNOWN,UNKNOWN,66.01776827090544,65.90821681837336,-0.10955145253207377,0.888673808605466,0.8873160221824578,-0.0013577864230082115,-0.0013577864230082115,-0.10955145253207377,True,False
25abf903-06d4-5b30-9573-1ca6d4317c79,36,14,manchester-united,8d2526be-436d-5cc9-ac87-685d6e1cc27c,Diogo Dalot Teixeira,DEF,RB,0,0.0,0.8894111749164102,82.39637654362134,1.0,RB,4-2-3-1,0.0,0.8894111749164102,82.39637654362134,82.39637654362134,HIGH_PSTART_DID_NOT_START,0.8878206435514695,82.2870182900054,6.9126666666666665,7.234999999999999,-0.3223333333333329,-0.3914285714285705,0.9385285181598872,-0.4908824140997361,-0.4791687743363477,-0.0037015909637251,3.0,RB,4-2-3-1,82.39637654362134,82.2870182900054,-0.10935825361593743,0.8894111749164102,0.8878206435514695,-0.001590531364940695,-0.001590531364940695,-0.10935825361593743,True,False
b301f28c-fc51-5c77-a542-a88c0f632cb3,38,4,afc-bournemouth,559670b7-3af4-5c20-8ab5-783da9a99601,Alex Scott,MID,RDM,0,0.0,0.9346386148357848,85.1336848712125,1.0,RDM,4-2-3-1,0.0,0.9346386148357848,85.1336848712125,85.1336848712125,HIGH_PSTART_DID_NOT_START,0.9332048337390776,85.02693636539466,7.482666666666668,7.613333333333333,-0.1306666666666656,0.5299999999999994,0.731628287368882,-0.2143990011058701,0.6085823310089481,0.009656337392284,4.0,RDM,4-2-3-1,85.1336848712125,85.02693636539466,-0.10674850581783346,0.9346386148357848,0.9332048337390776,-0.0014337810967072206,-0.0014337810967072206,-0.10674850581783346,True,False
0d6a442b-e1f2-53f3-a9a8-0b75c19465d8,38,1,arsenal,0f08cbfd-21a3-57ae-9b9f-8692d62a6a24,Leandro Trossard,MID,LAM,0,0.0,0.8378474105927546,77.19017853089127,1.0,LW,4-4-2,0.0,0.8378474105927546,77.19017853089127,77.19017853089127,HIGH_PSTART_DID_NOT_START,0.8365134135768749,77.08479478286428,7.739333333333334,6.649166666666667,1.0901666666666667,-0.6628571428571437,0.9856665094058312,0.9485328823520714,-0.7083226528772536,0.0133460305612439,20.0,LW,4-4-2,77.19017853089127,77.08479478286428,-0.1053837480269948,0.8378474105927546,0.8365134135768749,-0.0013339970158796621,-0.0013339970158796621,-0.1053837480269948,True,False
9403bea8-f4be-5480-8cc6-7a1e94097a3f,23,18,tottenham-hotspur,3a736c36-502e-5f12-a3a0-3a915cdfdf76,Randal Kolo Muani,FWD,ST,0,0.0,0.883996696310838,82.07006430543119,1.0,ST,4-2-3-1,0.0,0.883996696310838,82.07006430543119,82.07006430543119,HIGH_PSTART_DID_NOT_START,0.8817772046690179,81.96619800691188,6.15,6.5825000000000005,-0.4325000000000001,-0.6428571428571432,-0.9968822233591798,-0.6174252232875749,-0.6947826703147382,-0.0080378221092798,20.0,ST,4-2-3-1,82.07006430543119,81.96619800691188,-0.10386629851930707,0.883996696310838,0.8817772046690179,-0.002219491641820115,-0.002219491641820115,-0.10386629851930707,True,False
ae89dde2-06e5-5c3d-88d1-b18a3afac874,38,14,manchester-united,1b9763d0-3c26-574c-9903-2c98b8431990,Matheus Santos Carneiro Da Cunha,MID,LAM,0,0.0,0.933394564664588,75.17043931346015,1.0,LAM,4-2-3-1,0.0,0.933394564664588,75.17043931346015,75.17043931346015,HIGH_PSTART_DID_NOT_START,0.9320632623797708,75.0696194537078,7.983333333333333,7.257499999999999,0.725833333333334,0.9142857142857146,0.9878267408227276,0.8365961454221534,0.8393730167474234,0.018703474391301,4.0,LAM,4-2-3-1,75.17043931346015,75.0696194537078,-0.10081985975234886,0.933394564664588,0.9320632623797708,-0.0013313022848172595,-0.0013313022848172595,-0.10081985975234886,True,False
f0affde3-2d1e-534c-9399-e7418e760196,37,17,sunderland,a213c4ca-4778-5981-91eb-7708f7294de0,Nilson Angulo,MID,RAM,1,76.0,0.1901144091753523,20.2838038906049,0.0,UNKNOWN,UNKNOWN,1.0,0.8098855908246476,-55.7161961093951,55.7161961093951,LOW_PSTART_STARTED,0.1912947078137609,20.380667230833232,6.464666666666667,6.175000000000001,0.2896666666666663,-0.3742857142857154,0.9694656922392512,0.4484654799373212,-0.4613678298579794,0.0,20.0,UNKNOWN,UNKNOWN,55.7161961093951,55.61933276916677,-0.09686334022833165,0.8098855908246477,0.8087052921862391,-0.0011802986384086278,0.0011802986384086,0.09686334022833165,True,False
7d478ee4-036e-5700-9dcd-a71ec1f2326a,27,5,brentford,68341849-eb35-5296-a270-848df8393917,Michael Kayode,DEF,RB,0,0.0,0.9321071179759084,84.19095289192327,1.0,RB,4-2-3-1,0.0,0.9321071179759084,84.19095289192327,84.19095289192327,HIGH_PSTART_DID_NOT_START,0.9309805531545784,84.09479425467049,7.165333333333334,7.150833333333334,0.0144999999999999,0.588571428571429,0.6462828945276026,0.0241619630972597,0.6554314259051698,0.0098333502961554,2.0,RB,4-2-3-1,84.19095289192327,84.09479425467049,-0.09615863725278473,0.9321071179759084,0.9309805531545784,-0.0011265648213300006,-0.0011265648213300006,-0.09615863725278473,True,False
1e6f4756-7e43-5162-a518-806522137b05,29,3,burnley,d32e1d40-cd0b-5139-ba7c-c76463a583d8,Zian Flemming,FWD,ST,0,0.0,0.8861871126339141,81.08925292550794,1.0,ST,3-4-2-1,0.0,0.8861871126339141,81.08925292550794,81.08925292550794,HIGH_PSTART_DID_NOT_START,0.8849722780811199,80.99678483332063,7.387333333333333,6.664166666666668,0.7231666666666658,0.2414285714285711,0.9917873424684904,0.8352573679904532,0.3112282004983404,0.0155737660202818,20.0,ST,3-4-2-1,81.08925292550794,80.99678483332063,-0.09246809218730334,0.8861871126339141,0.8849722780811199,-0.0012148345527942528,-0.0012148345527942528,-0.09246809218730334,True,False
1b47cbbf-a45e-55fb-ad9b-c13fd7e12a53,35,17,sunderland,483fd668-a74d-5c5c-9111-a023961f914b,Chemsdine Talbi,MID,LW,1,90.0,0.1439431083892196,20.06004564515374,0.0,UNKNOWN,UNKNOWN,1.0,0.8560568916107804,-69.93995435484626,69.93995435484626,LOW_PSTART_STARTED,0.1450656857355124,20.15090238807565,6.566666666666666,6.536666666666666,0.0300000000000002,-1.2357142857142849,-0.773015548391543,0.0499583749578803,-0.9285301752402046,0.0,20.0,UNKNOWN,UNKNOWN,69.93995435484626,69.84909761192435,-0.0908567429219147,0.8560568916107805,0.8549343142644876,-0.0011225773462928412,0.0011225773462928135,0.09085674292191115,True,False
9d7e2609-879a-5940-b916-fce719c34570,32,14,manchester-united,8d2526be-436d-5cc9-ac87-685d6e1cc27c,Diogo Dalot Teixeira,DEF,RB,0,20.0,0.8499702652855816,80.4263447326687,1.0,RB,4-2-3-1,0.0,0.8499702652855816,60.426344732668696,60.426344732668696,HIGH_PSTART_DID_NOT_START,0.8485679840728447,80.336864369023,6.954666666666666,7.255833333333332,-0.3011666666666661,-0.1385714285714296,-0.9033247425601894,-0.4636449864118132,-0.182687818032391,-0.0015167493664107,3.0,RB,4-2-3-1,60.426344732668696,60.336864369023004,-0.08948036364569134,0.8499702652855816,0.8485679840728447,-0.0014022812127368889,-0.0014022812127368889,-0.08948036364569134,True,False
7d478ee4-036e-5700-9dcd-a71ec1f2326a,27,6,brighton-hove-albion,e8f9ae6c-524f-581f-b52e-91657ed81bf5,Mats Wieffer,MID,RB,1,64.0,0.1695809067901435,10.994094069068897,0.0,UNKNOWN,UNKNOWN,1.0,0.8304190932098565,-53.00590593093111,53.00590593093111,LOW_PSTART_STARTED,0.1713199180805998,11.076249783849548,6.780666666666667,7.155833333333333,-0.375166666666666,0.4485714285714293,0.8467184192980238,-0.5547920313703909,0.5356927945119011,0.0,20.0,UNKNOWN,UNKNOWN,53.00590593093111,52.92375021615045,-0.08215571478065442,0.8304190932098565,0.8286800819194002,-0.0017390112904562827,0.0017390112904562827,0.08215571478065087,True,False
c6221f70-6420-50cb-a8d9-aba5294bf856,22,12,liverpool,d982f8cc-b7f6-5eef-880a-7588a8d9c761,Alexis Mac Allister,MID,LDM,0,12.0,0.9243025850006136,84.91816589888388,1.0,LDM,4-2-3-1,0.0,0.9243025850006136,72.91816589888388,72.91816589888388,HIGH_PSTART_DID_NOT_START,0.9231075644024612,84.83794001693624,7.965333333333334,6.995833333333334,0.9695,1.7242857142857124,0.9762699011416353,0.9240174262069544,0.9800588268721656,0.0115812066293419,20.0,LDM,4-2-3-1,72.91816589888388,72.83794001693624,-0.08022588194764069,0.9243025850006136,0.9231075644024612,-0.001195020598152352,-0.001195020598152352,-0.08022588194764069,True,False
0d6a442b-e1f2-53f3-a9a8-0b75c19465d8,38,8,crystal-palace,73fbac33-4713-58ec-b9bd-242dfec592a2,Adam Wharton,MID,RCM,0,16.0,0.931342781450732,85.035446961164,1.0,RCM,3-4-2-1,0.0,0.931342781450732,69.035446961164,69.035446961164,HIGH_PSTART_DID_NOT_START,0.9303667449283172,84.96487048765663,7.709999999999999,6.6241666666666665,1.0858333333333323,1.7785714285714276,0.9856665094058312,0.9478036159453104,0.9827231173012388,0.0194000111013027,20.0,RCM,3-4-2-1,69.035446961164,68.96487048765663,-0.07057647350737284,0.931342781450732,0.9303667449283172,-0.0009760365224148471,-0.0009760365224148471,-0.07057647350737284,True,False
092fe1c5-46c7-5bc7-a34b-822cf838d6ab,36,13,manchester-city,dfca7131-f158-5eea-ba5e-b71b5a3655b2,Jérémy Doku,MID,LAM,0,32.0,0.9567879467614236,86.68169139784894,1.0,LAM,4-2-3-1,0.0,0.9567879467614236,54.68169139784894,54.68169139784894,HIGH_PSTART_DID_NOT_START,0.9559500148953278,86.61844164310283,9.060666666666666,7.2275,1.8331666666666664,0.6199999999999992,0.9997284686725704,0.9955711938948204,0.6786821023782326,0.0193316902669739,20.0,LAM,4-2-3-1,54.68169139784894,54.61844164310283,-0.06324975474610994,0.9567879467614236,0.9559500148953278,-0.0008379318660958202,-0.0008379318660958202,-0.06324975474610994,True,False
c6221f70-6420-50cb-a8d9-aba5294bf856,22,3,burnley,5c63f6f0-ec6c-54a9-af70-5b6a64ee0287,Axel Tuanzebe,DEF,RCB,1,90.0,0.0390940765449518,3.044989074619418,0.0,UNKNOWN,UNKNOWN,1.0,0.960905923455048,-86.95501092538058,86.95501092538058,LOW_PSTART_STARTED,0.0398356277552559,3.101309093107506,5.7653333333333325,6.676666666666667,-0.9113333333333342,0.1814285714285715,-0.9984367184340368,-0.9085038310708436,0.2372940678505768,0.0,20.0,UNKNOWN,UNKNOWN,86.95501092538058,86.8986909068925,-0.05632001848807988,0.9609059234550482,0.9601643722447442,-0.0007415512103040589,0.0007415512103041005,0.056320018488087875,True,False
25988556-93c6-5dfd-b380-96f4dd98805b,36,13,manchester-city,cffb76ef-9edc-5e36-95cd-8c4ce7623f4e,Nathan Aké,DEF,LB,1,90.0,0.1183105757224559,11.470667017851529,0.0,UNKNOWN,UNKNOWN,1.0,0.8816894242775442,-78.52933298214847,78.52933298214847,LOW_PSTART_STARTED,0.1189543854419377,11.526643604900826,7.349333333333333,7.125833333333333,0.2235000000000004,0.1514285714285721,0.9216685544064712,0.3561764991032557,0.1992051881303938,0.0,20.0,UNKNOWN,UNKNOWN,78.52933298214847,78.47335639509917,-0.055976587049300974,0.8816894242775442,0.8810456145580623,-0.0006438097194818582,0.0006438097194818027,0.05597658704929742,True,False
1ce47acb-bab6-57a0-b8fc-b4936d9f71f7,31,19,west-ham-united,46d563a5-35c2-5766-ad22-b778921da81d,Jean-Clair Todibo,DEF,LCB,0,0.0,0.8115615530099572,73.15228861177957,0.0,UNKNOWN,UNKNOWN,0.0,0.8115615530099572,73.15228861177957,73.15228861177957,HIGH_PSTART_DID_NOT_START,0.8109530368875904,73.09788303630359,7.049333333333333,6.9191666666666665,0.1301666666666667,0.8157142857142858,0.8561885962805662,0.2136038316633897,0.7960074814800048,0.0,20.0,UNKNOWN,UNKNOWN,73.15228861177957,73.09788303630359,-0.05440557547598246,0.8115615530099572,0.8109530368875904,-0.0006085161223668978,-0.0006085161223668978,-0.05440557547598246,True,False
1f5f3541-628d-5710-ae0c-dc82c8ae86d8,24,8,crystal-palace,7b9dc65d-483e-5ff9-af51-946aceed51e9,Jean-Philippe Mateta,FWD,ST,0,0.0,0.879401999539036,75.05275133876901,1.0,ST,3-4-2-1,0.0,0.879401999539036,75.05275133876901,75.05275133876901,HIGH_PSTART_DID_NOT_START,0.8787583438592087,75.00130930944094,6.122,6.680833333333333,-0.5588333333333333,-0.3257142857142856,-0.4099536889995095,-0.7312407844942587,-0.408896710157791,-0.0098033952997805,1.0,ST,3-4-2-1,75.05275133876901,75.00130930944094,-0.05144202932807218,0.879401999539036,0.8787583438592087,-0.0006436556798272708,-0.0006436556798272708,-0.05144202932807218,True,False
112601d1-209f-5611-b63b-01d0992c4ddd,26,7,chelsea,9b51b592-7b40-53df-a62d-6af0afa0bb0e,Estêvão Almeida de Oliveira Gonçalves,MID,RAM,1,63.0,0.1644576006577915,13.431468746487855,0.0,UNKNOWN,UNKNOWN,1.0,0.8355423993422084,-49.56853125351214,49.56853125351214,LOW_PSTART_STARTED,0.1650851630869736,13.476179145688842,6.274000000000001,6.895833333333333,-0.6218333333333321,-1.20857142857143,-0.9964224877477982,-0.7764580636275993,-0.9233708587552432,0.0,20.0,UNKNOWN,UNKNOWN,49.56853125351215,49.523820854311154,-0.04471039920099429,0.8355423993422085,0.8349148369130264,-0.0006275624291821602,0.0006275624291821047,0.04471039920098718,True,False
c7bf9b15-363a-5871-9b7f-a786725d7ed3,25,6,brighton-hove-albion,8336ddce-f2ef-5ef6-8084-2f36c38c78c2,Olivier Boscagli,DEF,LB,1,90.0,0.1662785017745163,16.04063243783352,0.0,UNKNOWN,UNKNOWN,1.0,0.8337214982254837,-73.95936756216648,73.95936756216648,LOW_PSTART_STARTED,0.166801814005734,16.08517236299131,7.0633333333333335,7.603333333333333,-0.5399999999999991,0.0357142857142855,-0.7931990970835001,-0.7162978701990237,0.0475830870027621,0.0,20.0,UNKNOWN,UNKNOWN,73.95936756216648,73.91482763700868,-0.04453992515779248,0.8337214982254837,0.833198185994266,-0.0005233122312177096,0.0005233122312176819,0.04453992515779248,True,False
25988556-93c6-5dfd-b380-96f4dd98805b,36,13,manchester-city,138e28b4-ff6e-5598-bbd5-0b255b509b73,Tijjani Reijnders,MID,RCM,1,59.0,0.1418799776242765,9.99557792751166,0.0,UNKNOWN,UNKNOWN,1.0,0.8581200223757235,-49.00442207248834,49.00442207248834,LOW_PSTART_STARTED,0.1426312965088087,10.039720129710611,7.195333333333334,6.864166666666666,0.3311666666666681,1.274285714285714,0.8724705496841452,0.501976113707293,0.9352899074611106,0.0,20.0,UNKNOWN,UNKNOWN,49.00442207248834,48.96027987028939,-0.044142202198948155,0.8581200223757235,0.8573687034911913,-0.0007513188845321706,0.0007513188845321983,0.04414220219895171,True,False
25abf903-06d4-5b30-9573-1ca6d4317c79,36,17,sunderland,d7a7fcda-2a3c-55c2-80be-adc778736b39,Lutsharel Geertruida,DEF,RB,1,90.0,0.107024787462543,11.5973437416269,0.0,UNKNOWN,UNKNOWN,1.0,0.8929752125374569,-78.4026562583731,78.4026562583731,LOW_PSTART_STARTED,0.1075042517353399,11.639210098711242,6.927999999999999,6.708333333333332,0.2196666666666669,0.7971428571428572,0.9934038389727576,0.3505854687891241,0.7867549277362402,0.0,20.0,UNKNOWN,UNKNOWN,78.4026562583731,78.36078990128875,-0.04186635708434494,0.892975212537457,0.89249574826466,-0.0004794642727969922,0.0004794642727968951,0.04186635708434139,True,False
006f69f1-9b0e-551d-bed7-448d3b640101,22,14,manchester-united,f2eb0907-28df-5daf-b912-aec135508e38,Benjamin Sesko,FWD,ST,0,0.0,0.9654554617199472,87.10426108350205,1.0,ST,3-4-2-1,0.0,0.9654554617199472,87.10426108350205,87.10426108350205,HIGH_PSTART_DID_NOT_START,0.96495157391843,87.06269007379058,7.732666666666668,6.565,1.1676666666666673,-0.3271428571428574,0.9804866687508974,0.960015752385956,-0.4104817660623492,0.0150823958803673,20.0,ST,3-4-2-1,87.10426108350205,87.06269007379058,-0.041571009711475426,0.9654554617199472,0.96495157391843,-0.0005038878015172221,-0.0005038878015172221,-0.041571009711475426,True,False
e0ceee79-211e-5422-8a48-170a59ad8497,36,19,west-ham-united,ad87488c-769c-5325-bce6-63daff9b32a3,Pablo Felipe Pereira de Jesus,FWD,CAM,0,23.0,0.8742400854881917,78.19318184009573,0.0,UNKNOWN,UNKNOWN,0.0,0.8742400854881917,55.19318184009573,55.19318184009573,HIGH_PSTART_DID_NOT_START,0.8737814711496554,78.15463118730304,6.512666666666666,6.347,0.1656666666666666,0.4014285714285712,-0.8925738008623906,0.2693020194073138,0.4893749270811261,0.0,20.0,UNKNOWN,UNKNOWN,55.19318184009573,55.15463118730304,-0.03855065279269354,0.8742400854881917,0.8737814711496554,-0.0004586143385362229,-0.0004586143385362229,-0.03855065279269354,True,False
9bd2ffae-fc89-5d81-90f1-964fb8e98ceb,38,19,west-ham-united,2d4c58d3-9f00-5834-a712-c8fbd35a2876,Kyle Walker-Peters,DEF,RB,1,90.0,0.0824461423866097,5.970300554568094,0.0,UNKNOWN,UNKNOWN,1.0,0.9175538576133904,-84.0296994454319,84.0296994454319,LOW_PSTART_STARTED,0.0829866747353236,6.0062620483167,6.908,6.786666666666666,0.1213333333333341,-1.238571428571429,0.94061201072956,0.1995100314746443,-0.9290533951403848,0.0,20.0,UNKNOWN,UNKNOWN,84.0296994454319,83.9937379516833,-0.03596149374860147,0.9175538576133903,0.9170133252646764,-0.0005405323487138736,0.0005405323487139013,0.0359614937486068,True,False
30cc90ed-8f7d-5817-97c3-29b9acd76a4c,24,20,wolverhampton-wanderers,94f8d943-9301-57ef-ac78-91de92b9eb41,Emmanuel Agbadou,DEF,CB,1,90.0,0.0570753080566713,5.499878447810545,0.0,UNKNOWN,UNKNOWN,1.0,0.9429246919433286,-84.50012155218946,84.50012155218946,LOW_PSTART_STARTED,0.0574696623949923,5.53521844451349,6.831999999999999,6.520909090909091,0.3110909090909075,-0.4328571428571424,0.7300754392644295,0.4765297680276137,-0.5205856986245491,0.0,20.0,UNKNOWN,UNKNOWN,84.50012155218946,84.46478155548651,-0.03533999670294463,0.9429246919433287,0.9425303376050077,-0.0003943543383210235,0.0003943543383210027,0.03533999670294552,True,False
112601d1-209f-5611-b63b-01d0992c4ddd,26,7,chelsea,9998e641-8e7f-5837-8d46-ad335b484a00,Josh Acheampong,DEF,RB,1,78.0,0.1681455457463831,14.902207289585082,0.0,UNKNOWN,UNKNOWN,1.0,0.8318544542536169,-63.09779271041492,63.09779271041492,LOW_PSTART_STARTED,0.1687843383683741,14.93632809287115,6.667333333333333,6.782727272727272,-0.1153939393939396,-0.144285714285715,-0.986790418633561,-0.1899865661900722,-0.1900422022381822,0.0,20.0,UNKNOWN,UNKNOWN,63.09779271041492,63.06367190712885,-0.03412080328607203,0.8318544542536169,0.831215661631626,-0.0006387926219909579,0.0006387926219909856,0.03412080328606848,True,False
ecd48097-3a63-58b6-a353-65332e720c42,32,18,tottenham-hotspur,227cf32e-d062-5df9-8908-cb5491836ff8,Antonín Kinsky,GK,UNKNOWN,1,90.0,0.0316999470095761,2.562661606675602,0.0,UNKNOWN,UNKNOWN,1.0,0.968300052990424,-87.4373383933244,87.4373383933244,LOW_PSTART_STARTED,0.032032163286114,2.5885435750386185,5.836666666666666,0.0,0.0,-3.289999999999999,0.0,0.0,0.0,0.0,0.0,UNKNOWN,UNKNOWN,87.4373383933244,87.41145642496139,-0.025881968363009378,0.9683000529904239,0.967967836713886,-0.0003322162765379,0.0003322162765379,0.025881968363016483,True,False
94338b30-8c36-517f-8821-7e38666f86c7,27,14,manchester-united,cd221270-eb70-5941-b084-b02fff2a8b2e,Lisandro Martínez,DEF,LCB,0,0.0,0.8573918510494403,79.53941064277494,1.0,LCB,4-2-3-1,0.0,0.8573918510494403,79.53941064277494,79.53941064277494,HIGH_PSTART_DID_NOT_START,0.8570568350720935,79.51483661579795,7.568,7.055555555555555,0.5124444444444443,0.1971428571428584,0.8239156490883945,0.6931918724837082,0.2569659673669406,0.0080165375231599,20.0,LCB,4-2-3-1,79.53941064277494,79.51483661579795,-0.024574026976992513,0.8573918510494403,0.8570568350720935,-0.00033501597734675315,-0.00033501597734675315,-0.024574026976992513,True,False
35e69758-b8a6-5f8b-9c26-dc2813d81978,34,8,crystal-palace,4e797913-6f5e-54d0-807d-555d7ec82308,Jefferson Lerma Solís,MID,LCM,0,0.0,0.8719348480833875,79.43413012758346,1.0,LCM,3-4-2-1,0.0,0.8719348480833875,79.43413012758346,79.43413012758346,HIGH_PSTART_DID_NOT_START,0.8716406826388414,79.40986065144392,7.265333333333333,6.762499999999999,0.5028333333333341,-0.2042857142857146,0.948281573511141,0.6847777823235587,-0.2658389223784292,0.01296458592172,20.0,LCM,3-4-2-1,79.43413012758346,79.40986065144392,-0.024269476139537005,0.8719348480833875,0.8716406826388414,-0.0002941654445460795,-0.0002941654445460795,-0.024269476139537005,True,False
3670426a-a771-510e-9762-2f3db0f13f12,27,11,leeds-united,43ae6b5e-3989-58fb-8540-6a539dd06218,Jaka Bijol,DEF,CB,0,45.0,0.8736049432361814,78.99244807461604,1.0,CB,3-5-2,0.0,0.8736049432361814,33.99244807461604,33.99244807461604,HIGH_PSTART_DID_NOT_START,0.8733631258527618,78.97138858790989,7.313333333333333,7.199166666666667,0.1141666666666667,0.935714285714285,0.9740356570420512,0.18801417837566,0.8476146355748992,0.0123301804502222,20.0,CB,3-5-2,33.992448074616036,33.971388587909885,-0.02105948670615021,0.8736049432361814,0.8733631258527618,-0.0002418173834196624,-0.0002418173834196624,-0.02105948670615021,True,False
092fe1c5-46c7-5bc7-a34b-822cf838d6ab,36,13,manchester-city,a8873d13-747b-51b1-97e7-d8505b4f0084,Sávio 'Savinho' Moreira de Oliveira,MID,LW,1,90.0,0.0835472289081046,11.935869142023144,0.0,UNKNOWN,UNKNOWN,1.0,0.9164527710918954,-78.06413085797686,78.06413085797686,LOW_PSTART_STARTED,0.0840198941406684,11.955500941196217,6.562666666666667,6.800000000000001,-0.2373333333333338,0.0799999999999991,-0.9995161624916316,-0.3761397157573843,0.1062639561379014,0.0,20.0,UNKNOWN,UNKNOWN,78.06413085797686,78.04449905880378,-0.019631799173083664,0.9164527710918954,0.9159801058593315,-0.0004726652325638403,0.00047266523256379867,0.019631799173073006,True,False
5766fb4a-8b72-52a7-9737-b231937d4d3c,30,12,liverpool,66e53a63-86c7-5b13-92b7-7f9d7f77e440,Ibrahima Konaté,DEF,RCB,0,0.0,0.8541061644126653,67.85409539508893,1.0,RCB,4-2-3-1,0.0,0.8541061644126653,67.85409539508893,67.85409539508893,HIGH_PSTART_DID_NOT_START,0.8538855210082206,67.83664381986387,7.11,7.419166666666666,-0.3091666666666661,-0.2785714285714284,0.7367499972814381,-0.4740471753772879,-0.3552406369968204,0.0064970328137786,1.0,RCB,4-2-3-1,67.85409539508893,67.83664381986387,-0.017451575225067018,0.8541061644126653,0.8538855210082206,-0.0002206434044447203,-0.0002206434044447203,-0.017451575225067018,True,False
800418ef-112a-5f8a-9aae-e47025aa529d,25,3,burnley,9d1de056-bbbd-54d4-a192-06c57ccb0fd6,Hannibal Mejbri,MID,CAM,1,90.0,0.0722354594792867,8.672912473102004,0.0,UNKNOWN,UNKNOWN,1.0,0.9277645405207132,-81.327087526898,81.327087526898,LOW_PSTART_STARTED,0.0724986735115937,8.686623277652252,5.902,6.2775,-0.3754999999999997,-0.9257142857142852,-0.9587334055461876,-0.5551764716183631,-0.8438179599283693,0.0,20.0,UNKNOWN,UNKNOWN,81.327087526898,81.31337672234775,-0.013710804550242983,0.9277645405207133,0.9275013264884063,-0.000263214032307002,0.000263214032307002,0.013710804550248312,True,False
0e68800a-19f1-5423-a940-7747c367f85b,27,15,newcastle-united,d7693e44-9092-592e-b518-8da97eaf9fdf,Harvey Barnes,MID,LW,0,30.0,0.8885916510354688,81.09256397839836,0.0,UNKNOWN,UNKNOWN,0.0,0.8885916510354688,51.09256397839836,51.09256397839836,HIGH_PSTART_DID_NOT_START,0.8884202240588587,81.0791879997958,6.873333333333333,6.9725,-0.099166666666667,0.442857142857143,-0.9411220929523588,-0.1637890918466739,0.5302380023643175,0.0,20.0,UNKNOWN,UNKNOWN,51.09256397839836,51.079187999795806,-0.013375978602553573,0.8885916510354688,0.8884202240588587,-0.00017142697661010065,-0.00017142697661010065,-0.013375978602553573,True,False
fd338246-8ad6-503a-aaa4-7c8328aae763,31,18,tottenham-hotspur,b29e3c1f-f8e8-5b6a-a5de-fbd51d039e55,Cristian Romero,DEF,RCB,1,90.0,0.0883284696874808,2.9204823702867446,0.0,UNKNOWN,UNKNOWN,1.0,0.9116715303125192,-87.07951762971325,87.07951762971325,LOW_PSTART_STARTED,0.0887456542986733,2.933139863267487,6.138000000000001,7.0275,-0.8894999999999991,-1.41,-0.970645386911993,-0.9019353223079446,-0.954492113074392,0.0,20.0,UNKNOWN,UNKNOWN,87.07951762971325,87.06686013673252,-0.012657492980736151,0.9116715303125192,0.9112543457013267,-0.0004171846111925559,0.0004171846111925004,0.012657492980742369,True,False
f82cddfd-b545-5509-9c99-a1ae615e0130,38,20,wolverhampton-wanderers,15d02b2c-303d-5403-b3ee-c1bb398578ae,Angel Gomes,MID,CAM,1,65.0,0.0635558933138388,7.248466133184274,0.0,UNKNOWN,UNKNOWN,1.0,0.9364441066861612,-57.75153386681573,57.75153386681573,LOW_PSTART_STARTED,0.0639057337478615,7.260485135966107,5.966666666666667,6.674000000000001,-0.7073333333333345,-0.0142857142857142,-0.9648042381707236,-0.8271009289259321,-0.0190453158149449,0.0,20.0,UNKNOWN,UNKNOWN,57.75153386681573,57.73951486403389,-0.012019002781833876,0.9364441066861612,0.9360942662521385,-0.0003498404340226413,0.0003498404340226968,0.012019002781832988,True,False
092fe1c5-46c7-5bc7-a34b-822cf838d6ab,36,13,manchester-city,4238fdb0-cf75-58c4-b3b5-1e9939c55fc1,Joško Gvardiol,DEF,LCB,1,57.0,0.0402006303601456,2.505139771433509,0.0,UNKNOWN,UNKNOWN,1.0,0.9597993696398543,-54.494860228566495,54.494860228566495,LOW_PSTART_STARTED,0.0404388848375367,2.517078682834525,7.263333333333333,7.138333333333333,0.125,-0.4357142857142859,-0.995010710141598,0.2053706759569833,-0.5233572954140813,0.0,20.0,UNKNOWN,UNKNOWN,54.494860228566495,54.48292131716548,-0.011938911401017549,0.9597993696398543,0.9595611151624633,-0.0002382544773910089,0.00023825447739109912,0.011938911401016217,True,False
4e3797d6-a1bb-50e5-9754-8c9a138c6c48,29,20,wolverhampton-wanderers,3a3da8a7-b40c-5129-bab5-9c920e3a58ab,David Møller Wolfe,DEF,LWB,1,78.0,0.0901333249755533,13.565041694304789,0.0,UNKNOWN,UNKNOWN,1.0,0.9098666750244466,-64.43495830569522,64.43495830569522,LOW_PSTART_STARTED,0.0902440351739876,13.574341498845357,6.772666666666667,6.615833333333334,0.1568333333333331,-0.7128571428571417,-0.9789713035908107,0.2555941478330991,-0.7399985567861537,0.0,20.0,UNKNOWN,UNKNOWN,64.4349583056952,64.42565850115464,-0.009299804540560785,0.9098666750244467,0.9097559648260124,-0.00011071019843433838,0.00011071019843429675,0.00929980454056789,False,False
c7bf9b15-363a-5871-9b7f-a786725d7ed3,25,6,brighton-hove-albion,f941023a-8afb-5610-bf89-e6cc352c84c9,Harry Howell,MID,UNKNOWN,1,70.0,0.0270116847905962,2.165084149656764,0.0,UNKNOWN,UNKNOWN,1.0,0.9729883152094038,-67.83491585034324,67.83491585034324,LOW_PSTART_STARTED,0.0271109487184445,2.1728208014453205,7.746666666666667,0.0,0.0,-1.25,0.0,0.0,0.0,0.0,0.0,UNKNOWN,UNKNOWN,67.83491585034324,67.82717919855467,-0.007736651788562199,0.9729883152094038,0.9728890512815555,-9.926392784831428e-05,9.92639278483004e-05,0.007736651788556426,False,False
3b0bba38-af04-5460-b39f-e5c32eaf27ff,36,15,newcastle-united,a5e7c659-813a-5a36-8fb6-3f0f74e37c40,Nick Woltemade,FWD,ST,1,60.0,0.1072602831788268,13.645416855130945,0.0,UNKNOWN,UNKNOWN,1.0,0.8927397168211731,-46.35458314486905,46.35458314486905,LOW_PSTART_STARTED,0.107379546980399,13.652169869175871,6.6226666666666665,6.236666666666667,0.3859999999999992,-0.7985714285714289,-0.896568202524511,0.5671649071146323,-0.7874795869635998,0.0,20.0,UNKNOWN,UNKNOWN,46.35458314486905,46.34783013082413,-0.00675301404492501,0.8927397168211733,0.892620453019601,-0.0001192638015722336,0.00011926380157220584,0.006753014044926786,False,False
bdf85bea-b20c-50f1-8dd7-c1351c7015e0,28,18,tottenham-hotspur,d4c29433-6018-52a2-83a9-429997023fab,Pedro Porro,DEF,RB,1,90.0,0.1086548063190872,5.732737041354268,0.0,UNKNOWN,UNKNOWN,1.0,0.8913451936809128,-84.26726295864573,84.26726295864573,LOW_PSTART_STARTED,0.1087423190072675,5.737105363637691,7.248666666666666,6.969166666666666,0.2794999999999996,-1.3900000000000006,0.9928088151968608,0.4348265873201552,-0.9520588953236092,0.0,20.0,UNKNOWN,UNKNOWN,84.26726295864573,84.2628946363623,-0.004368322283426096,0.8913451936809128,0.8912576809927325,-8.751268818030233e-05,8.751268818030233e-05,0.004368322283423431,False,False
800418ef-112a-5f8a-9aae-e47025aa529d,25,19,west-ham-united,82a85fe5-3695-5749-b382-fb39650267e9,Mads Hermansen,GK,GK,1,90.0,0.0218003662660854,2.03583587841836,0.0,UNKNOWN,UNKNOWN,1.0,0.9781996337339146,-87.96416412158165,87.96416412158165,LOW_PSTART_STARTED,0.0218436170170917,2.0397251783005337,6.598,5.38,1.218,0.668571428571429,0.3569038982840379,0.9660869289795984,0.7120986134964824,0.0,1.0,UNKNOWN,UNKNOWN,87.96416412158165,87.96027482169947,-0.0038892998821751235,0.9781996337339146,0.9781563829829083,-4.3250751006307375e-05,4.3250751006300436e-05,0.003889299882173791,False,False
31de2a73-94e2-5e1f-829e-f19990739961,28,20,wolverhampton-wanderers,970e8a65-ee1a-5d1a-94d7-82973dc0b1dc,Toti António Gomes,DEF,LCB,1,90.0,0.039619302411997,3.3708895000431007,0.0,UNKNOWN,UNKNOWN,1.0,0.9603806975880028,-86.6291104999569,86.6291104999569,LOW_PSTART_STARTED,0.0396585426387221,3.374160439090637,6.5120000000000005,6.023333333333333,0.488666666666667,-0.0900000000000007,0.7568881450391051,0.6720347416694493,-0.1194272985343868,0.0,20.0,UNKNOWN,UNKNOWN,86.6291104999569,86.62583956090937,-0.0032709390475247346,0.960380697588003,0.9603414573612779,-3.924022672519012e-05,3.9240226725099914e-05,0.003270939047536281,False,False
4e3797d6-a1bb-50e5-9754-8c9a138c6c48,29,20,wolverhampton-wanderers,15d02b2c-303d-5403-b3ee-c1bb398578ae,Angel Gomes,MID,RCM,1,59.0,0.1174605537994995,9.032383218406196,0.0,UNKNOWN,UNKNOWN,1.0,0.8825394462005005,-49.96761678159381,49.96761678159381,LOW_PSTART_STARTED,0.1176004914657607,9.035301506596223,6.452857142857143,0.0,0.0,-0.8233333333333333,-0.9927080308823636,0.0,-0.7996993754496974,0.0,20.0,UNKNOWN,UNKNOWN,49.967616781593804,49.96469849340377,-0.0029182881900311486,0.8825394462005005,0.8823995085342393,-0.00013993766626119175,0.00013993766626119175,0.002918288190027596,False,False
4e3797d6-a1bb-50e5-9754-8c9a138c6c48,29,20,wolverhampton-wanderers,1af989ce-689b-54c9-b0af-f7cc033bb301,Matt Doherty,DEF,RCB,1,58.0,0.0388603609619493,1.8024191381040255,0.0,UNKNOWN,UNKNOWN,1.0,0.9611396390380508,-56.19758086189597,56.19758086189597,LOW_PSTART_STARTED,0.0389107861885743,1.8046854623451676,6.424666666666667,6.5488888888888885,-0.1242222222222215,-0.9528571428571428,-0.9933598641440344,-0.2041287237596466,-0.85392666239296,0.0,20.0,UNKNOWN,UNKNOWN,56.19758086189597,56.19531453765483,-0.002266324241141149,0.9611396390380507,0.9610892138114258,-5.0425226624906117e-05,5.042522662499632e-05,0.002266324241142037,False,False
ec96ab00-9497-5a3e-b3ca-317abf912d08,26,3,burnley,8538fec0-f5e3-5124-9d3e-6b46fded6164,Joe Worrall,DEF,RCB,1,90.0,0.0329568351893528,3.8151588416970608,0.0,UNKNOWN,UNKNOWN,1.0,0.9670431648106472,-86.18484115830294,86.18484115830294,LOW_PSTART_STARTED,0.032980889164402,3.817302583661147,6.488,0.0,0.0,0.3257142857142847,0.8125348901334665,0.0,0.40889671015779,0.0,20.0,UNKNOWN,UNKNOWN,86.18484115830294,86.18269741633885,-0.0021437419640903954,0.9670431648106472,0.967019110835598,-2.40539750492319e-05,2.4053975049197207e-05,0.0021437419640863986,False,False
fef47b9a-ab98-50c0-a72f-57c356ba1514,29,18,tottenham-hotspur,9e042355-866c-5b17-9097-0d84e263ecf3,Kevin Danso,DEF,RCB,1,90.0,0.1900964903512614,17.17225728893814,0.0,UNKNOWN,UNKNOWN,1.0,0.8099035096487386,-72.82774271106186,72.82774271106186,LOW_PSTART_STARTED,0.1901116410325569,17.17337640714669,7.063333333333333,6.949166666666667,0.1141666666666658,0.1428571428571432,0.9867026480223332,0.1880141783756586,0.1882055701756008,0.0,20.0,UNKNOWN,UNKNOWN,72.82774271106186,72.82662359285331,-0.0011191182085497076,0.8099035096487386,0.809888358967443,-1.5150681295539314e-05,1.5150681295511559e-05,0.0011191182085497076,False,False
fef47b9a-ab98-50c0-a72f-57c356ba1514,29,18,tottenham-hotspur,229e2aab-318b-5964-bc2e-1b5fcbac0a02,João Victor de Souza Menezes,DEF,UNKNOWN,1,42.0,0.1093758060163746,12.809075443990128,0.0,UNKNOWN,UNKNOWN,1.0,0.8906241939836254,-29.190924556009872,29.190924556009872,LOW_PSTART_STARTED,0.1093853921612428,12.809776993729754,6.203333333333333,0.0,0.0,-0.1599999999999992,0.0,0.0,0.0,0.0,0.0,UNKNOWN,UNKNOWN,29.190924556009872,29.190223006270244,-0.0007015497396274384,0.8906241939836254,0.8906146078387572,-9.58614486812337e-06,9.586144868192759e-06,0.000701549739625662,False,False
800418ef-112a-5f8a-9aae-e47025aa529d,25,19,west-ham-united,b9aca1a6-3e7e-50d1-85c7-bc4c6432da09,Axel Disasi,DEF,UNKNOWN,1,90.0,0.0033787122976272,1.0264533274661076,0.0,UNKNOWN,UNKNOWN,1.0,0.9966212877023728,-88.9735466725339,88.9735466725339,LOW_PSTART_STARTED,0.0033855419714909,1.026980830272192,0.0,0.0,0.0,0.0,0.0,0.0,0.0,0.0,0.0,UNKNOWN,UNKNOWN,88.9735466725339,88.9730191697278,-0.0005275028060935938,0.9966212877023728,0.9966144580285091,-6.829673863673058e-06,6.829673863699946e-06,0.0005275028060842679,False,False
e1b64232-1ee4-522c-b106-e651d9eba4ea,38,13,manchester-city,83730675-676b-50b6-b1eb-8dac7bf1945f,Rico Lewis,DEF,RB,1,90.0,0.0220177584146529,2.2208574211094385,0.0,UNKNOWN,UNKNOWN,1.0,0.9779822415853472,-87.77914257889056,87.77914257889056,LOW_PSTART_STARTED,0.022006990707167,2.2198909645632656,7.27,7.272727272727272,-0.0027272727272729,0.6642857142857146,0.7477261235888083,-0.0045454232409301,0.7092704758356464,0.0,20.0,UNKNOWN,UNKNOWN,87.77914257889056,87.78010903543674,0.0009664565461804386,0.9779822415853471,0.977993009292833,1.0767707485870304e-05,-1.0767707485901529e-05,-0.0009664565461728891,False,False
f5b8d4db-d7b4-5da2-a157-94fd8af41961,25,20,wolverhampton-wanderers,ef5625b9-1910-5982-85f1-1966467ad375,Adam Armstrong,FWD,UNKNOWN,1,90.0,0.0038455223083806,1.1232748754680704,0.0,UNKNOWN,UNKNOWN,1.0,0.9961544776916194,-88.87672512453193,88.87672512453193,LOW_PSTART_STARTED,0.0038295797551735,1.1220445512683512,0.0,0.0,0.0,0.0,0.0,0.0,0.0,0.0,0.0,UNKNOWN,UNKNOWN,88.87672512453193,88.87795544873165,0.001230324199724464,0.9961544776916194,0.9961704202448265,1.5942553207137777e-05,-1.5942553207099613e-05,-0.001230324199719135,False,False
e1b64232-1ee4-522c-b106-e651d9eba4ea,38,13,manchester-city,138e28b4-ff6e-5598-bbd5-0b255b509b73,Tijjani Reijnders,MID,RCM,1,76.0,0.0457293125138263,3.7120231428354096,0.0,UNKNOWN,UNKNOWN,1.0,0.9542706874861736,-72.2879768571646,72.2879768571646,LOW_PSTART_STARTED,0.045707490713177,3.710758866512422,6.994,6.890000000000001,0.1039999999999992,-0.3728571428571419,-0.916137557988141,0.1716180431299684,-0.459867199161751,0.0,20.0,UNKNOWN,UNKNOWN,72.2879768571646,72.28924113348758,0.0012642763229848697,0.9542706874861737,0.954292509286823,2.1821800649246548e-05,-2.182180064930206e-05,-0.0012642763229875342,False,False
f5b8d4db-d7b4-5da2-a157-94fd8af41961,25,20,wolverhampton-wanderers,15d02b2c-303d-5403-b3ee-c1bb398578ae,Angel Gomes,MID,UNKNOWN,1,78.0,0.0040745902699474,1.18020641576886,0.0,UNKNOWN,UNKNOWN,1.0,0.9959254097300526,-76.81979358423114,76.81979358423114,LOW_PSTART_STARTED,0.0040577019277855,1.1789037699422589,0.0,0.0,0.0,0.0,0.0,0.0,0.0,0.0,0.0,UNKNOWN,UNKNOWN,76.81979358423114,76.82109623005775,0.0013026458266125474,0.9959254097300526,0.9959422980722145,1.6888342161847092e-05,-1.68883421619e-05,-0.001302645826601223,False,False
e1b64232-1ee4-522c-b106-e651d9eba4ea,38,13,manchester-city,a5ac6603-1c8f-569d-acdb-bba58bd047c8,Nico González,MID,CM,1,90.0,0.040982661157757,5.158665750193868,0.0,UNKNOWN,UNKNOWN,1.0,0.9590173388422428,-84.84133424980614,84.84133424980614,LOW_PSTART_STARTED,0.0409630072048309,5.157254962206943,7.044,7.236666666666667,-0.1926666666666676,-1.38,-0.9016759521838188,-0.3105112481544276,-0.9507951431945212,0.0,20.0,UNKNOWN,UNKNOWN,84.84133424980614,84.84274503779305,0.0014107879869129647,0.959017338842243,0.9590369927951691,1.9653952926024232e-05,-1.965395292610056e-05,-0.0014107879869253992,False,False
e1b64232-1ee4-522c-b106-e651d9eba4ea,38,13,manchester-city,7eb8003c-fda3-5fc5-8d67-ca7a0d89468c,John Stones,DEF,RCB,1,77.0,0.0577872510041914,6.62958997003294,0.0,UNKNOWN,UNKNOWN,1.0,0.9422127489958084,-70.37041002996706,70.37041002996706,LOW_PSTART_STARTED,0.0577600234921965,6.6280476107398165,7.839333333333332,6.965999999999999,0.8733333333333331,0.4299999999999997,0.9576417790898644,0.8967859471408179,0.517803086872936,0.0,20.0,UNKNOWN,UNKNOWN,70.37041002996706,70.37195238926019,0.001542359293125628,0.9422127489958086,0.9422399765078036,2.722751199490947e-05,-2.722751199490253e-05,-0.0015423592931238517,False,False
bd6a2d47-5dc1-5837-8700-c916a4a9191c,33,20,wolverhampton-wanderers,2fa40b7b-3ae8-5f1c-9520-aa9d58b7aee5,Daniel Bentley,GK,UNKNOWN,1,90.0,0.002183453501661,0.1802951743219096,0.0,UNKNOWN,UNKNOWN,1.0,0.997816546498339,-89.81970482567809,89.81970482567809,LOW_PSTART_STARTED,0.0021624375341276,0.1786561388136143,0.0,0.0,0.0,0.0,0.0,0.0,0.0,0.0,0.0,UNKNOWN,UNKNOWN,89.81970482567809,89.82134386118639,0.001639035508304687,0.997816546498339,0.9978375624658724,2.101596753345536e-05,-2.1015967533400282e-05,-0.0016390355082953056,False,False
e1b64232-1ee4-522c-b106-e651d9eba4ea,38,13,manchester-city,a71d684a-cc48-5dab-9f2a-addd0208884c,Rúben Gato Alves Dias,DEF,RCB,1,90.0,0.0391999793604945,4.038279599682927,0.0,UNKNOWN,UNKNOWN,1.0,0.9608000206395054,-85.96172040031708,85.96172040031708,LOW_PSTART_STARTED,0.0391811453958126,4.036605067243665,7.223999999999999,7.2650000000000015,-0.0410000000000021,-0.8014285714285707,-0.8278016488552958,-0.0682271720467196,-0.7889223979494175,0.0,20.0,UNKNOWN,UNKNOWN,85.96172040031708,85.96339493275633,0.0016745324392530847,0.9608000206395055,0.9608188546041874,1.8833964681830295e-05,-1.8833964681899684e-05,-0.0016745324392619665,False,False
10d060ee-1672-5636-98a1-8b9e8f3f850d,29,17,sunderland,6a84c769-ac8f-5aa6-b83b-8d51625d8b35,Melker Ellborg,GK,UNKNOWN,1,90.0,0.0017832701518747,0.1490262842002695,0.0,UNKNOWN,UNKNOWN,1.0,0.9982167298481252,-89.85097371579973,89.85097371579973,LOW_PSTART_STARTED,0.0017601505611091,0.1472231860427126,0.0,0.0,0.0,0.0,0.0,0.0,0.0,0.0,0.0,UNKNOWN,UNKNOWN,89.85097371579973,89.85277681395729,0.0018030981575662963,0.9982167298481253,0.9982398494388909,2.311959076561898e-05,-2.3119590765600115e-05,-0.001803098157556915,False,False
e1b64232-1ee4-522c-b106-e651d9eba4ea,38,13,manchester-city,cffb76ef-9edc-5e36-95cd-8c4ce7623f4e,Nathan Aké,DEF,LCB,1,76.0,0.0916864620395534,15.844528222605948,0.0,UNKNOWN,UNKNOWN,1.0,0.9083135379604466,-60.155471777394055,60.155471777394055,LOW_PSTART_STARTED,0.0916448158462595,15.841128221304366,6.842,7.145,-0.3029999999999999,-1.1828571428571433,-0.948616387469198,-0.466040298477715,-0.9181545182985388,0.0,20.0,UNKNOWN,UNKNOWN,60.155471777394055,60.158871778695634,0.0034000013015784702,0.9083135379604466,0.9083551841537405,4.16461932939427e-05,-4.164619329390107e-05,-0.003400001301582023,False,False
6f555168-6fa4-5bdb-ad1e-d646c8e0f78a,24,2,aston-villa,75f6d292-641f-53ef-a822-a86d1d9c8086,Douglas Luiz Soares de Paulo,MID,UNKNOWN,1,90.0,0.0015109602073748,0.2838785448822482,0.0,UNKNOWN,UNKNOWN,1.0,0.9984890397926252,-89.71612145511776,89.71612145511776,LOW_PSTART_STARTED,0.0014435934828742,0.2790399588119402,6.944,6.8525,0.0914999999999999,-0.5657142857142858,0.0,0.0,0.0,0.0,0.0,UNKNOWN,UNKNOWN,89.71612145511776,89.72096004118806,0.004838586070306405,0.9984890397926252,0.9985564065171258,6.736672450069481e-05,-6.736672450060005e-05,-0.00483858607030796,False,False
ebb30294-ec65-5a92-a141-2fa11e9b549c,30,19,west-ham-united,ad87488c-769c-5325-bce6-63daff9b32a3,Pablo Felipe Pereira de Jesus,FWD,CAM,1,63.0,0.0834951143704523,7.647280061321945,0.0,UNKNOWN,UNKNOWN,1.0,0.9165048856295476,-55.35271993867806,55.35271993867806,LOW_PSTART_STARTED,0.0834155720457281,7.64225333864136,6.494,6.1933333333333325,0.3006666666666673,-0.3728571428571428,-0.9980653340838644,0.4629905392652124,-0.459867199161752,0.0,20.0,UNKNOWN,UNKNOWN,55.35271993867806,55.35774666135864,0.005026722680582907,0.9165048856295477,0.9165844279542719,7.954232472417999e-05,-7.954232472420775e-05,-0.005026722680585571,False,False
e1b64232-1ee4-522c-b106-e651d9eba4ea,38,13,manchester-city,8fc7e356-2dbb-50c9-8b7e-cc573f3855b4,James Trafford,GK,GK,1,90.0,0.1323833346756862,12.102051554297782,0.0,UNKNOWN,UNKNOWN,1.0,0.8676166653243138,-77.89794844570221,77.89794844570221,LOW_PSTART_STARTED,0.1323258960091682,12.096894473568469,7.329999999999999,7.282727272727272,0.0472727272727269,-0.128571428571429,-0.0577135708741321,0.0786252565326422,-0.1697687794344398,0.0,1.0,UNKNOWN,UNKNOWN,77.89794844570221,77.90310552643153,0.005157080729318864,0.8676166653243138,0.8676741039908318,5.743866651797269e-05,-5.743866651800045e-05,-0.0051570807293135346,False,False
1d93b2bc-9b09-5ae2-aa5b-82d56694fa9c,22,18,tottenham-hotspur,d64982ba-72ef-52d6-b8fe-3706499963ab,Conor Gallagher,MID,UNKNOWN,1,90.0,0.0033012738495973,1.0548274703182372,0.0,UNKNOWN,UNKNOWN,1.0,0.9966987261504028,-88.94517252968177,88.94517252968177,LOW_PSTART_STARTED,0.0032241425673056,1.0488729490995627,0.0,0.0,0.0,0.0,0.0,0.0,0.0,0.0,0.0,UNKNOWN,UNKNOWN,88.94517252968177,88.95112705090044,0.005954521218669129,0.9966987261504027,0.9967758574326944,7.713128229169808e-05,-7.713128229170025e-05,-0.005954521218674458,False,False
dfe891e4-ce71-5e78-94ea-cee9d70885e6,36,3,burnley,63254645-c19e-5669-ae4c-6995093f3b92,Max Weiß,GK,UNKNOWN,1,90.0,0.0162295574170063,1.319566027026971,0.0,UNKNOWN,UNKNOWN,1.0,0.9837704425829936,-88.68043397297303,88.68043397297303,LOW_PSTART_STARTED,0.0161494130860846,1.3133191390517651,6.263333333333333,0.0,0.0,-1.2071428571428564,0.0,0.0,0.0,0.0,0.0,UNKNOWN,UNKNOWN,88.68043397297303,88.68668086094823,0.0062468879751946815,0.9837704425829937,0.9838505869139154,8.014433092162765e-05,-8.014433092170051e-05,-0.006246887975205784,False,False
95efeb72-d689-58fb-a022-ffad47516d80,35,7,chelsea,33ac99dd-6169-5c59-bc88-cc17620c7707,Jesse Derry,MID,UNKNOWN,1,45.0,0.0127766700561571,1.052740605575177,0.0,UNKNOWN,UNKNOWN,1.0,0.9872233299438428,-43.947259394424826,43.947259394424826,LOW_PSTART_STARTED,0.012696340234058,1.0464794489973708,6.330000000000001,0.0,0.0,-0.4199999999999999,0.0,0.0,0.0,0.0,0.0,UNKNOWN,UNKNOWN,43.947259394424826,43.953520551002626,0.006261156577799909,0.9872233299438429,0.987303659765942,8.032982209915662e-05,-8.032982209909938e-05,-0.006261156577806126,False,False
4366c228-7c85-5d35-8048-663446bd1b28,25,16,nottingham-forest,a493cdaf-9cab-5479-8687-9533f241460c,Stefan Ortega Moreno,GK,UNKNOWN,1,90.0,0.0016493782216714,0.1387611912526153,0.0,UNKNOWN,UNKNOWN,1.0,0.9983506217783286,-89.86123880874739,89.86123880874739,LOW_PSTART_STARTED,0.0015647261161363,0.1321591841291853,0.0,0.0,0.0,0.0,0.0,0.0,0.0,0.0,0.0,UNKNOWN,UNKNOWN,89.86123880874739,89.86784081587082,0.0066020071234333955,0.9983506217783286,0.9984352738838637,8.465210553509905e-05,-8.465210553509992e-05,-0.006602007123430009,False,False
6f555168-6fa4-5bdb-ad1e-d646c8e0f78a,24,2,aston-villa,5dd58b2f-23b6-55e3-b59d-5617a42d6de1,Tammy Abraham,FWD,UNKNOWN,1,90.0,0.0020898851399006,0.7382154359641033,0.0,UNKNOWN,UNKNOWN,1.0,0.9979101148600994,-89.26178456403589,89.26178456403589,LOW_PSTART_STARTED,0.0019967584488096,0.7310052410856626,0.0,0.0,0.0,0.0,0.0,0.0,0.0,0.0,0.0,UNKNOWN,UNKNOWN,89.26178456403589,89.26899475891433,0.007210194878439324,0.9979101148600994,0.9980032415511904,9.312669109096117e-05,-9.312669109099976e-05,-0.007210194878440768,False,False
7771779b-354a-5626-9f0f-129de4d443ba,24,1,arsenal,ef53aa3a-f5fe-5a12-9743-66a2adc7f069,Kai Havertz,FWD,UNKNOWN,1,60.0,0.0306060353904006,2.607563400820734,0.0,UNKNOWN,UNKNOWN,1.0,0.9693939646095994,-57.39243659917926,57.39243659917926,LOW_PSTART_STARTED,0.0305070834558175,2.5998676180990343,7.461428571428571,0.0,0.0,1.9099999999999997,0.0,0.0,0.0,0.0,0.0,UNKNOWN,UNKNOWN,57.39243659917926,57.40013238190097,0.007695782721704347,0.9693939646095994,0.9694929165441825,9.895193458309137e-05,-9.895193458310178e-05,-0.007695782721699462,False,False
99445e05-228b-5b5b-b1fd-ade1bcefe99a,33,18,tottenham-hotspur,27ff0ef1-a31f-5e26-bb7d-035a4248bad2,Rodrigo Bentancur,MID,RDM,1,66.0,0.0445595950139221,4.014913542868625,0.0,UNKNOWN,UNKNOWN,1.0,0.955440404986078,-61.98508645713137,61.98508645713137,LOW_PSTART_STARTED,0.0444641849169512,4.0067684780827495,7.148,6.884999999999999,0.2630000000000008,-0.6814285714285715,0.9391871009503036,0.4122619932709171,-0.7204458784868984,0.0,20.0,UNKNOWN,UNKNOWN,61.98508645713137,61.99323152191725,0.00814506478587873,0.9554404049860779,0.9555358150830489,9.541009697100478e-05,-9.541009697090069e-05,-0.008145064785875178,False,False
99445e05-228b-5b5b-b1fd-ade1bcefe99a,33,18,tottenham-hotspur,44d564d8-1d6f-5d92-906d-972644650a55,Yves Bissouma,MID,CM,1,56.0,0.0572265811657659,7.646837232535567,0.0,UNKNOWN,UNKNOWN,1.0,0.942773418834234,-48.35316276746443,48.35316276746443,LOW_PSTART_STARTED,0.0571056698470796,7.637593640030888,6.680666666666667,6.6275,0.0531666666666668,-0.0657142857142849,0.740787445183918,0.0883799145016667,-0.087395514038955,0.0,20.0,UNKNOWN,UNKNOWN,48.35316276746443,48.362406359969114,0.00924359250468143,0.942773418834234,0.9428943301529205,0.00012091131868641192,-0.0001209113186863009,-0.009243592504679654,False,False
1ce47acb-bab6-57a0-b8fc-b4936d9f71f7,31,19,west-ham-united,a0539466-bf5c-5202-baf7-336484f9a7c3,Freddie Potts,MID,LDM,1,45.0,0.0378595225936015,4.633060416083126,0.0,UNKNOWN,UNKNOWN,1.0,0.9621404774063984,-40.36693958391688,40.36693958391688,LOW_PSTART_STARTED,0.0377150252852281,4.621891810408635,5.881333333333333,6.851666666666667,-0.9703333333333336,-1.6742857142857153,-0.9978809804628967,-0.9242202099936652,-0.9772469585535308,0.0,20.0,UNKNOWN,UNKNOWN,40.366939583916874,40.378108189591366,0.011168605674491516,0.9621404774063985,0.9622849747147719,0.00014449730837340358,-0.00014449730837340358,-0.011168605674490628,False,True
b5ed6c3e-25b0-50e3-8e36-86250fd00a0b,30,3,burnley,62a712a2-a9c6-5298-94c6-5bdfca8f45ab,Quilindschy Hartman,DEF,LB,1,73.0,0.0589643805923971,5.3632136184267845,0.0,UNKNOWN,UNKNOWN,1.0,0.9410356194076028,-67.63678638157322,67.63678638157322,LOW_PSTART_STARTED,0.0588371756424481,5.35177282605923,6.719333333333333,7.013333333333332,-0.2939999999999987,-0.3842857142857143,-0.8052375163756942,-0.4542164326822573,-0.4717982446696609,0.0,20.0,UNKNOWN,UNKNOWN,67.63678638157322,67.64822717394077,0.011440792367551467,0.9410356194076029,0.9411628243575519,0.00012720494994900022,-0.00012720494994900022,-0.011440792367554131,False,True
0cd96418-d40d-591e-8b10-b423d657377d,33,3,burnley,7271dade-6e34-5b7d-850a-ff0969f7a26e,Loum Tchaouna,MID,RW,1,71.0,0.0505153799407317,5.894067393493387,0.0,UNKNOWN,UNKNOWN,1.0,0.9494846200592684,-65.10593260650661,65.10593260650661,LOW_PSTART_STARTED,0.0503192958630028,5.880209092715647,5.918666666666667,6.421666666666667,-0.5030000000000001,-0.0185714285714286,-0.9348511553895662,-0.6849252763164941,-0.0247568450663022,0.0,20.0,UNKNOWN,UNKNOWN,65.10593260650661,65.11979090728435,0.013858300777741306,0.9494846200592683,0.9496807041369972,0.00019608407772897518,-0.00019608407772889885,-0.01385830077773953,False,True
4fe9f44c-bfba-5934-849a-d84876aa86e8,32,15,newcastle-united,36a8b089-9a84-5fa6-ae4a-59a2994b9494,Lewis Miley,MID,RB,1,90.0,0.1267480079450463,12.337593151089028,0.0,UNKNOWN,UNKNOWN,1.0,0.8732519920549537,-77.66240684891098,77.66240684891098,LOW_PSTART_STARTED,0.1265829204081777,12.322911177553417,6.568666666666667,7.282499999999999,-0.7138333333333318,-0.5757142857142856,-0.9583726250353936,-0.8304926990091529,-0.6455428356140712,0.0,20.0,UNKNOWN,UNKNOWN,77.66240684891098,77.67708882244658,0.014681973535601855,0.8732519920549537,0.8734170795918224,0.00016508753686861333,-0.00016508753686858557,-0.014681973535610737,False,True
ae89dde2-06e5-5c3d-88d1-b18a3afac874,38,6,brighton-hove-albion,e8f9ae6c-524f-581f-b52e-91657ed81bf5,Mats Wieffer,MID,RB,1,90.0,0.139348942277289,3.446505690017237,0.0,UNKNOWN,UNKNOWN,1.0,0.860651057722711,-86.55349430998277,86.55349430998277,LOW_PSTART_STARTED,0.1386027306950212,3.4314092654151667,6.308666666666666,7.050000000000001,-0.7413333333333343,-0.8328571428571436,-0.9640275800758168,-0.844183246100879,-0.8042306525246933,0.0,20.0,UNKNOWN,UNKNOWN,86.55349430998277,86.56859073458483,0.015096424602063507,0.860651057722711,0.8613972693049788,0.0007462115822678417,-0.0007462115822678139,-0.015096424602070169,False,True
dfe891e4-ce71-5e78-94ea-cee9d70885e6,36,3,burnley,5c63f6f0-ec6c-54a9-af70-5b6a64ee0287,Axel Tuanzebe,DEF,RCB,1,90.0,0.0706049042924165,3.6093981294937447,0.0,UNKNOWN,UNKNOWN,1.0,0.9293950957075836,-86.39060187050626,86.39060187050626,LOW_PSTART_STARTED,0.0702754264901561,3.5928944931833056,6.080666666666668,6.38,-0.2993333333333323,-1.758571428571429,-0.8336546070121547,-0.4612428778948377,-0.981785288914566,0.0,20.0,UNKNOWN,UNKNOWN,86.39060187050626,86.40710550681669,0.016503636310432057,0.9293950957075835,0.9297245735098439,0.0003294778022604472,-0.00032947780226040557,-0.016503636310439163,False,True
4fe9f44c-bfba-5934-849a-d84876aa86e8,32,15,newcastle-united,c9bc6786-f728-505a-9d48-33b1f2444d9f,William Osula,FWD,ST,1,83.0,0.167705736018043,22.992328142312356,0.0,UNKNOWN,UNKNOWN,1.0,0.8322942639819569,-60.00767185768765,60.00767185768765,LOW_PSTART_STARTED,0.1674975340114563,22.975565921774525,6.359333333333334,6.561111111111111,-0.2017777777777771,0.087142857142858,-0.9790635808831908,-0.3241668815231273,0.1156704184438418,0.0,20.0,UNKNOWN,UNKNOWN,60.00767185768764,60.024434078225475,0.01676222053783505,0.832294263981957,0.8325024659885437,0.00020820200658666632,-0.00020820200658669408,-0.016762220537831496,False,True
dc1d8946-e5da-5a50-b228-61e8601bc305,23,13,manchester-city,607bc478-1de3-5627-b97c-8cc0c015b3e0,Marc Guéhi,DEF,UNKNOWN,1,90.0,0.0043792272693237,0.4471784318759293,0.0,UNKNOWN,UNKNOWN,1.0,0.9956207727306764,-89.55282156812407,89.55282156812407,LOW_PSTART_STARTED,0.0041732074349624,0.4286476201747274,6.8726666666666665,7.166666666666665,-0.2939999999999987,-0.1985714285714284,0.0,0.0,0.0,0.0,0.0,UNKNOWN,UNKNOWN,89.55282156812407,89.57135237982527,0.01853081170119708,0.9956207727306763,0.9958267925650376,0.000206019834361304,-0.00020601983436129966,-0.01853081170120191,False,True
498f1104-1511-5cef-8345-ce9c66768ec7,37,13,manchester-city,6f380ed1-cc12-5a44-847a-217354668a1e,Rodrigo Hernandez,MID,DM,1,90.0,0.0309751870068814,3.243390423265896,0.0,UNKNOWN,UNKNOWN,1.0,0.9690248129931184,-86.7566095767341,86.7566095767341,LOW_PSTART_STARTED,0.0307515022932373,3.2239761012328625,7.441999999999999,7.229999999999999,0.2119999999999997,0.1457142857142859,0.8173856564038998,0.3393283941555496,0.1918775051164602,0.0,20.0,UNKNOWN,UNKNOWN,86.7566095767341,86.77602389876714,0.019414322033028952,0.9690248129931186,0.9692484977067627,0.00022368471364409004,-0.00022368471364410045,-0.019414322033033393,False,True
f5b8d4db-d7b4-5da2-a157-94fd8af41961,25,20,wolverhampton-wanderers,1af989ce-689b-54c9-b0af-f7cc033bb301,Matt Doherty,DEF,RCB,1,45.0,0.0575349102361668,5.0663249674803215,0.0,UNKNOWN,UNKNOWN,1.0,0.9424650897638333,-39.93367503251968,39.93367503251968,LOW_PSTART_STARTED,0.0573091904598617,5.046706550540839,6.948,6.4725,0.4754999999999993,0.3899999999999997,0.8267496016966797,0.6598229495293465,0.4777000121684976,0.0,20.0,UNKNOWN,UNKNOWN,39.93367503251968,39.95329344945916,0.019618416939479744,0.9424650897638331,0.9426908095401383,0.0002257197763051444,-0.00022571977630510276,-0.019618416939482408,False,True
0d6a442b-e1f2-53f3-a9a8-0b75c19465d8,38,8,crystal-palace,fb5999b1-7357-5d65-94c6-bba6bff6ac3a,Rio Cardines,MID,UNKNOWN,1,90.0,0.0135196101419438,1.1082957018237178,0.0,UNKNOWN,UNKNOWN,1.0,0.986480389858056,-88.89170429817628,88.89170429817628,LOW_PSTART_STARTED,0.013240251832402,1.0865209791798345,6.62,0.0,0.0,0.0,0.0,0.0,0.0,0.0,0.0,UNKNOWN,UNKNOWN,88.89170429817628,88.91347902082016,0.021774722643883138,0.9864803898580562,0.986759748167598,0.00027935830954184393,-0.00027935830954180056,-0.02177472264388336,False,True
7018cf67-a775-5040-9faf-510b2df80879,35,13,manchester-city,a5ac6603-1c8f-569d-acdb-bba58bd047c8,Nico González,MID,CM,1,74.0,0.1106841400662444,16.357365996554336,0.0,UNKNOWN,UNKNOWN,1.0,0.8893158599337555,-57.642634003445664,57.642634003445664,LOW_PSTART_STARTED,0.1102454850955759,16.334456173435026,7.779333333333333,7.196666666666666,0.5826666666666664,1.651428571428572,0.8912102941264041,0.7491921496860601,0.9758342469450552,0.0,20.0,UNKNOWN,UNKNOWN,57.642634003445664,57.66554382656497,0.02290982311930634,0.8893158599337556,0.8897545149044241,0.0004386549706685283,-0.00043865497066850057,-0.02290982311930989,False,True
ae89dde2-06e5-5c3d-88d1-b18a3afac874,38,6,brighton-hove-albion,a5750705-f098-5007-84b9-214a2063f4c8,James Milner,MID,RDM,1,58.0,0.0571315680527224,5.784070159003456,0.0,UNKNOWN,UNKNOWN,1.0,0.9428684319472777,-52.215929840996544,52.215929840996544,LOW_PSTART_STARTED,0.0567965745902463,5.758918993101743,7.300666666666666,6.620000000000001,0.6806666666666654,-0.1728571428571435,0.9231600289968692,0.8125348901334665,-0.226480166083205,0.0,20.0,UNKNOWN,UNKNOWN,52.215929840996544,52.241081006898256,0.02515116590171118,0.9428684319472775,0.9432034254097537,0.0003349934624761186,-0.00033499346247610473,-0.025151165901712957,False,True
728090a6-8bed-5bb5-ba22-55caa5d0f65a,37,5,brentford,e4c8a2d7-919b-5751-8fe8-5d4c55df8256,Kevin Schade,MID,LAM,0,27.0,0.8666504070048636,78.84105789293783,1.0,LAM,4-2-3-1,0.0,0.8666504070048636,51.84105789293783,51.84105789293783,HIGH_PSTART_DID_NOT_START,0.8669967724249977,78.86655200514986,6.144666666666667,6.788333333333333,-0.6436666666666664,-0.9528571428571428,-0.821401655053564,-0.7905054588117262,-0.85392666239296,-0.013994381114254,3.0,LAM,4-2-3-1,51.841057892937826,51.866552005149856,0.025494112212030018,0.8666504070048636,0.8669967724249977,0.0003463654201341093,0.0003463654201341093,0.025494112212030018,False,True
d810d3c3-dec2-50fb-85ae-1b4d0b80559f,27,4,afc-bournemouth,0f8b78a8-3315-50f5-8b1d-435ce1fc41ac,Tyler Adams,MID,RDM,1,65.0,0.0682237334239226,0.4144152923151041,0.0,UNKNOWN,UNKNOWN,1.0,0.9317762665760774,-64.5855847076849,64.5855847076849,LOW_PSTART_STARTED,0.0629864609535618,0.3871827937689165,6.665333333333333,7.098181818181818,-0.4328484848484848,-0.2257142857142859,-0.9854434362866966,-0.6177844903754843,-0.2921839294607187,0.0,20.0,UNKNOWN,UNKNOWN,64.5855847076849,64.61281720623109,0.027232498546183592,0.9317762665760774,0.9370135390464382,0.005237272470360876,-0.005237272470360807,-0.02723249854618759,False,True
dcb932a5-b690-59b8-8026-5a592284f9a8,38,7,chelsea,46f70fd6-45f6-55b9-884d-24feb13db9c3,Levi Colwill,DEF,LCB,1,90.0,0.051684201328127,15.149949483121215,0.0,UNKNOWN,UNKNOWN,1.0,0.9483157986718728,-74.85005051687878,74.85005051687878,LOW_PSTART_STARTED,0.0513363899574157,15.122496925653248,6.637142857142857,0.0,0.0,-0.6233333333333331,-0.9820243714973348,0.0,-0.6810721689013622,0.0,20.0,UNKNOWN,UNKNOWN,74.85005051687878,74.87750307434675,0.027452557467967154,0.948315798671873,0.9486636100425843,0.00034781137071127066,-0.0003478113707112984,-0.027452557467967154,False,True
95efeb72-d689-58fb-a022-ffad47516d80,35,16,nottingham-forest,95d64f2a-d4e8-52d7-b6b5-d4388ee086e2,James McAtee,MID,CAM,1,90.0,0.0226941150245088,2.246948609166965,0.0,UNKNOWN,UNKNOWN,1.0,0.9773058849754912,-87.75305139083304,87.75305139083304,LOW_PSTART_STARTED,0.0222102565433183,2.218850529079921,7.769333333333334,6.51,1.259333333333334,2.380000000000001,0.9324276413707716,0.9703871745432164,0.996500973638003,0.0,20.0,UNKNOWN,UNKNOWN,87.75305139083304,87.78114947092008,0.02809808008704806,0.9773058849754912,0.9777897434566817,0.00048385848119048003,-0.0004838584811904974,-0.028098080087044064,False,True
498f1104-1511-5cef-8345-ce9c66768ec7,37,13,manchester-city,52ef863c-3a3d-510c-ac26-a4176d6b98ff,Mateo Kovacic,MID,UNKNOWN,1,55.0,0.0561920799137779,10.612484508953557,0.0,UNKNOWN,UNKNOWN,1.0,0.943807920086222,-44.38751549104644,44.38751549104644,LOW_PSTART_STARTED,0.0557967790006737,10.58426004553816,6.898666666666667,0.0,0.0,-0.8757142857142854,0.0,0.0,0.0,0.0,0.0,UNKNOWN,UNKNOWN,44.38751549104644,44.41573995446184,0.028224463415398304,0.943807920086222,0.9442032209993263,0.0003953009131042462,-0.0003953009131041976,-0.028224463415396528,False,True
0d6a442b-e1f2-53f3-a9a8-0b75c19465d8,38,1,arsenal,47160bb8-b2e7-5eb8-8ca4-64757268e9ba,Christian Nørgaard,MID,UNKNOWN,1,45.0,0.0147105715290285,1.6418146162977614,0.0,UNKNOWN,UNKNOWN,1.0,0.9852894284709716,-43.35818538370224,43.35818538370224,LOW_PSTART_STARTED,0.0143262616530593,1.6120312789647908,7.252666666666667,7.123636363636364,0.1290303030303032,-0.0057142857142862,0.0,0.0,0.0,0.0,0.0,UNKNOWN,UNKNOWN,43.358185383702235,43.38796872103521,0.029783337332972337,0.9852894284709715,0.9856737383469407,0.0003843098759692687,-0.00038430987596920103,-0.02978333733297056,False,True
0cd96418-d40d-591e-8b10-b423d657377d,33,3,burnley,f5da0015-9c1c-5ba2-a447-9fc51ceed482,Josh Laurent,MID,RCB,1,86.0,0.0957647876964743,13.514304334797078,0.0,UNKNOWN,UNKNOWN,1.0,0.9042352123035255,-72.48569566520293,72.48569566520293,LOW_PSTART_STARTED,0.0954107101528146,13.48450211953546,5.692666666666667,6.7075,-1.0148333333333328,-2.405714285714285,-0.9687902636295972,-0.934323882445127,-0.9967324865867372,0.0,20.0,UNKNOWN,UNKNOWN,72.48569566520293,72.51549788046454,0.02980221526161131,0.9042352123035257,0.9045892898471855,0.00035407754365979205,-0.0003540775436596949,-0.029802215261618414,False,True
10d060ee-1672-5636-98a1-8b9e8f3f850d,29,17,sunderland,98e68e85-52f1-5832-b572-18ffcbfa3d40,Luke O'Nien,DEF,UNKNOWN,1,90.0,0.0310182371490827,3.064881473149328,0.0,UNKNOWN,UNKNOWN,1.0,0.9689817628509172,-86.93511852685067,86.93511852685067,LOW_PSTART_STARTED,0.0306277238701614,3.0346815382145147,7.786666666666666,0.0,0.0,0.6100000000000003,0.0,0.0,0.0,0.0,0.0,UNKNOWN,UNKNOWN,86.93511852685067,86.96531846178549,0.030199934934813655,0.9689817628509173,0.9693722761298386,0.0003905132789212562,-0.0003905132789213013,-0.03019993493481321,False,True
0d6a442b-e1f2-53f3-a9a8-0b75c19465d8,38,1,arsenal,eeb9fc59-f254-555c-b473-e81a697d50ea,Kepa Arrizabalaga,GK,UNKNOWN,1,90.0,0.0160677084281908,1.3063064169048846,0.0,UNKNOWN,UNKNOWN,1.0,0.9839322915718092,-88.69369358309511,88.69369358309511,LOW_PSTART_STARTED,0.0156485068007589,1.2736312806554502,6.924,7.128333333333333,-0.2043333333333326,-1.2514285714285718,0.0,0.0,0.0,0.0,0.0,UNKNOWN,UNKNOWN,88.69369358309511,88.72636871934455,0.03267513624943774,0.9839322915718092,0.9843514931992411,0.0004192016274319199,-0.0004192016274318991,-0.03267513624943441,False,True
82942d44-0127-5fda-9351-a16d844fb795,35,18,tottenham-hotspur,95129b97-e678-584a-9c78-bc2d29fd7dfa,Destiny Udogie,DEF,LB,1,90.0,0.1365688924126691,17.673921483387844,0.0,UNKNOWN,UNKNOWN,1.0,0.8634311075873309,-72.32607851661216,72.32607851661216,LOW_PSTART_STARTED,0.1360889957865283,17.64119216815791,6.556,6.995833333333333,-0.4398333333333326,-0.2057142857142855,-0.979787517500208,-0.6249311486572461,-0.2676081761070164,0.0,20.0,UNKNOWN,UNKNOWN,72.32607851661216,72.35880783184209,0.03272931522992906,0.8634311075873309,0.8639110042134717,0.00047989662614078554,-0.00047989662614078554,-0.03272931522993261,False,True
79323fcf-ead5-5ef9-b1be-d211787d4251,29,15,newcastle-united,ef597ccf-9296-5f73-a908-245e5d67b0ef,Aaron Ramsdale,GK,GK,1,90.0,0.0754045047387476,6.989260187096233,0.0,UNKNOWN,UNKNOWN,1.0,0.9245954952612524,-83.01073981290376,83.01073981290376,LOW_PSTART_STARTED,0.0750201758049367,6.95475488844652,6.6706666666666665,6.943,-0.2723333333333331,-0.6014285714285714,0.887729849386785,-0.4250904243891841,-0.6651002907930805,0.0,1.0,UNKNOWN,UNKNOWN,83.01073981290376,83.04524511155348,0.03450529864971941,0.9245954952612524,0.9249798241950633,0.0003843289338109068,-0.0003843289338109068,-0.03450529864971319,False,True
e1b64232-1ee4-522c-b106-e651d9eba4ea,38,2,aston-villa,958d771e-00a9-59f9-a094-b799d8712588,Andrés García,DEF,UNKNOWN,1,45.0,0.0231879882906142,2.135896182523344,0.0,UNKNOWN,UNKNOWN,1.0,0.9768120117093856,-42.86410381747665,42.86410381747665,LOW_PSTART_STARTED,0.0227116210513181,2.098899113121488,6.437142857142858,0.0,0.0,0.753333333333333,0.0,0.0,0.0,0.0,0.0,UNKNOWN,UNKNOWN,42.86410381747665,42.90110088687851,0.03699706940185621,0.9768120117093858,0.9772883789486819,0.000476367239296116,-0.00047636723929609867,-0.036997069401855764,False,True
e1b64232-1ee4-522c-b106-e651d9eba4ea,38,13,manchester-city,74dac327-64c8-5269-84db-4a4550f5f921,Abdukodir Khusanov,DEF,RCB,0,0.0,0.8750687365716282,79.44762166736247,1.0,RCB,4-2-3-1,0.0,0.8750687365716282,79.44762166736247,79.44762166736247,HIGH_PSTART_DID_NOT_START,0.8755132043798216,79.48516382888309,7.249333333333334,7.151666666666667,0.097666666666667,-0.3842857142857152,-0.8140396109554,0.1613551674582044,-0.4717982446696618,0.0036766634529609,20.0,RCB,4-2-3-1,79.44762166736247,79.48516382888309,0.03754216152061929,0.8750687365716282,0.8755132043798216,0.00044446780819340503,0.00044446780819340503,0.03754216152061929,False,True
f5b8d4db-d7b4-5da2-a157-94fd8af41961,25,7,chelsea,762fd3f4-3f85-52c7-b5be-8c0c563cf25f,Andrey Nascimento dos Santos,MID,RDM,1,83.0,0.1964586391827345,25.140097949608997,0.0,UNKNOWN,UNKNOWN,1.0,0.8035413608172655,-57.85990205039101,57.85990205039101,LOW_PSTART_STARTED,0.1959789284325729,25.101876892616943,6.634,6.995,-0.3610000000000006,-0.1585714285714292,-0.8831708889152077,-0.5382344682540401,-0.2083334730142737,0.0,20.0,UNKNOWN,UNKNOWN,57.859902050391,57.89812310738306,0.038221056992057356,0.8035413608172655,0.8040210715674271,0.00047971075016162157,-0.00047971075016162157,-0.0382210569920538,False,True
c7bf9b15-363a-5871-9b7f-a786725d7ed3,25,8,crystal-palace,b6fb865b-2ea3-5f14-9db7-b2b1c2d82003,Jørgen Strand Larsen,FWD,UNKNOWN,1,90.0,0.0097062001669772,15.57216239870016,0.0,UNKNOWN,UNKNOWN,1.0,0.9902937998330228,-74.42783760129984,74.42783760129984,LOW_PSTART_STARTED,0.0091768004965444,15.533721673645704,6.244,5.914999999999999,0.3290000000000006,-0.6728571428571426,0.0,0.0,0.0,0.0,0.0,UNKNOWN,UNKNOWN,74.42783760129984,74.4662783263543,0.03844072505445695,0.9902937998330228,0.9908231995034557,0.0005293996704328618,-0.0005293996704327994,-0.03844072505445517,False,True
a32f57c7-b17f-5880-9c2f-5b6dca9ce31f,36,4,afc-bournemouth,102764c4-bb3d-515e-a161-665b3bc0daf5,Álex Jiménez Sánchez,DEF,RB,0,0.0,0.8881082819332521,82.56086772532977,1.0,RB,4-2-3-1,0.0,0.8881082819332521,82.56086772532977,82.56086772532977,HIGH_PSTART_DID_NOT_START,0.8887201528292817,82.60152465839317,7.388,7.2475,0.1405000000000003,0.3685714285714274,0.5979820004989409,0.229978405918968,0.4553495358517279,0.0098343571077845,2.0,RB,4-2-3-1,82.56086772532977,82.60152465839317,0.04065693306340279,0.8881082819332521,0.8887201528292817,0.0006118708960296537,0.0006118708960296537,0.04065693306340279,False,True
95efeb72-d689-58fb-a022-ffad47516d80,35,16,nottingham-forest,368ba0e1-be00-5ed2-af7e-82ca90752b95,Zach Abbott,DEF,RB,1,45.0,0.0267745913733215,2.316499627635316,0.0,UNKNOWN,UNKNOWN,1.0,0.9732254086266784,-42.68350037236468,42.68350037236468,LOW_PSTART_STARTED,0.0262060664020764,2.274040417802892,6.3406666666666665,6.915,-0.5743333333333336,-0.9228571428571426,-0.9983873583814976,-0.7430352704536675,-0.8427173940991405,0.0,20.0,UNKNOWN,UNKNOWN,42.68350037236468,42.725959582197106,0.04245920983242257,0.9732254086266785,0.9737939335979235,0.0005685249712450435,-0.000568524971245099,-0.042459209832423905,False,True
b18a9593-998b-5025-9442-b11f2c52f46c,33,16,nottingham-forest,b741dff8-c470-5246-a88a-18fd87c23462,Dilane Bakwa,MID,LW,1,45.0,0.0325024845138006,3.374689749922732,0.0,UNKNOWN,UNKNOWN,1.0,0.9674975154861994,-41.62531025007727,41.62531025007727,LOW_PSTART_STARTED,0.0318611989538497,3.331854233375596,6.022666666666667,6.576666666666666,-0.5539999999999994,-0.3914285714285714,-0.998879611565508,-0.727470512474849,-0.4791687743363486,0.0,20.0,UNKNOWN,UNKNOWN,41.62531025007727,41.668145766624406,0.04283551654713591,0.9674975154861994,0.9681388010461502,0.0006412855599507994,-0.0006412855599508965,-0.04283551654713591,False,True
e0ceee79-211e-5422-8a48-170a59ad8497,36,19,west-ham-united,46d563a5-35c2-5766-ad22-b778921da81d,Jean-Clair Todibo,DEF,LCB,1,90.0,0.1368387692786484,14.481662225473784,0.0,UNKNOWN,UNKNOWN,1.0,0.8631612307213515,-75.51833777452622,75.51833777452622,LOW_PSTART_STARTED,0.1363475878376162,14.438688591631072,7.049333333333333,6.9191666666666665,0.1301666666666667,0.8157142857142858,0.9029150220787888,0.2136038316633897,0.7960074814800048,0.0,20.0,UNKNOWN,UNKNOWN,75.51833777452622,75.56131140836892,0.04297363384270625,0.8631612307213516,0.8636524121623839,0.000491181441032218,-0.000491181441032218,-0.04297363384271158,False,True
0d6a442b-e1f2-53f3-a9a8-0b75c19465d8,38,1,arsenal,3bb649d5-6bd9-5f6f-ab96-003ed40fb0e5,Max Dowman,MID,UNKNOWN,1,61.0,0.0225668786410191,3.836066054917868,0.0,UNKNOWN,UNKNOWN,1.0,0.9774331213589807,-57.163933945082135,57.163933945082135,LOW_PSTART_STARTED,0.0219819037875329,3.7916803847250433,6.565333333333332,6.958,-0.3926666666666678,0.0957142857142869,0.0,0.0,0.0,0.0,0.0,UNKNOWN,UNKNOWN,57.163933945082135,57.20831961527496,0.04438567019282402,0.9774331213589809,0.978018096212467,0.0005849748534861865,-0.0005849748534862004,-0.04438567019282447,False,True
bd6a2d47-5dc1-5837-8700-c916a4a9191c,33,20,wolverhampton-wanderers,970e8a65-ee1a-5d1a-94d7-82973dc0b1dc,Toti António Gomes,DEF,LCB,1,90.0,0.0591974354847329,5.371632617947393,0.0,UNKNOWN,UNKNOWN,1.0,0.9408025645152672,-84.6283673820526,84.6283673820526,LOW_PSTART_STARTED,0.0586599149770806,5.323280832364992,6.220666666666667,6.262727272727273,-0.0420606060606054,-1.3514285714285723,-0.9008415896692528,-0.0699864063703973,-0.9470029115589124,0.0,20.0,UNKNOWN,UNKNOWN,84.6283673820526,84.67671916763501,0.04835178558241182,0.9408025645152671,0.9413400850229194,0.0005375205076523226,-0.0005375205076523018,-0.04835178558240116,False,True
31ef1d95-b095-52ae-918e-26ed91e99a77,29,7,chelsea,d7143aed-fcb8-5af3-8721-72433dd889d7,Filip Jørgensen,GK,GK,1,90.0,0.0371625179876013,3.612396221563761,0.0,UNKNOWN,UNKNOWN,1.0,0.9628374820123988,-86.38760377843624,86.38760377843624,LOW_PSTART_STARTED,0.0365844794963652,3.560533505907265,6.572666666666667,6.23,0.3426666666666662,-0.8414285714285716,-0.8353413332651284,0.5161748160267823,-0.8082304362020013,0.0,1.0,UNKNOWN,UNKNOWN,86.38760377843624,86.43946649409274,0.05186271565649747,0.9628374820123987,0.9634155205036348,0.0005780384912360548,-0.0005780384912360964,-0.05186271565649614,False,True
8dde84af-e5b8-502a-977d-f16249e0c5a0,26,1,arsenal,b565eaae-40d9-5a94-8063-106bd85084b9,Cristhian Mosquera,DEF,RCB,1,90.0,0.053713352754214,2.8114874374131835,0.0,UNKNOWN,UNKNOWN,1.0,0.946286647245786,-87.18851256258682,87.18851256258682,LOW_PSTART_STARTED,0.0526169986335435,2.759260267231228,7.172666666666667,6.820909090909091,0.3517575757575759,1.2371428571428569,0.5641425352309704,0.5272023272701702,0.9287922480112468,0.0,20.0,UNKNOWN,UNKNOWN,87.18851256258682,87.24073973276877,0.052227170181950555,0.946286647245786,0.9473830013664565,0.0010963541206704397,-0.0010963541206705021,-0.05222717018195544,False,True
3d697222-511a-5186-8b43-b412dd31f564,28,16,nottingham-forest,5dfbea2f-beb3-54f9-ad39-1f8f81f8a323,Matz Sels,GK,GK,1,90.0,0.0812411746739689,4.81471038651181,0.0,UNKNOWN,UNKNOWN,1.0,0.9187588253260311,-85.1852896134882,85.1852896134882,LOW_PSTART_STARTED,0.0801783324331393,4.762186523125725,6.762666666666666,6.935000000000001,-0.1723333333333352,-1.6342857142857143,-0.6668668457061968,-0.2795761474838883,-0.974718175630878,0.0,1.0,UNKNOWN,UNKNOWN,85.1852896134882,85.23781347687428,0.05252386338608517,0.9187588253260311,0.9198216675668607,0.0010628422408295313,-0.0010628422408296007,-0.05252386338608517,False,True
82942d44-0127-5fda-9351-a16d844fb795,35,2,aston-villa,cb53d8d9-b190-5b1f-adab-60f5562d5d10,Victor Lindelöf,DEF,LCB,1,90.0,0.0460504228649252,4.979916783273971,0.0,UNKNOWN,UNKNOWN,1.0,0.9539495771350748,-85.02008321672602,85.02008321672602,LOW_PSTART_STARTED,0.045459477612453,4.927249237711971,6.413333333333332,6.694,-0.2806666666666677,0.4428571428571439,-0.8970032582552314,-0.4364020535264383,0.5302380023643183,0.0,20.0,UNKNOWN,UNKNOWN,85.02008321672602,85.07275076228802,0.05266754556200226,0.9539495771350748,0.9545405223875469,0.0005909452524721637,-0.0005909452524721984,-0.052667545562000484,False,True
765085cb-7964-5516-8303-f380c3d19685,27,17,sunderland,225f5e34-6fc2-5816-9440-78853ac977df,Djiamgone Jocelin Ta Bi,MID,UNKNOWN,1,38.0,0.0474573098323676,3.807492145947139,0.0,UNKNOWN,UNKNOWN,1.0,0.9525426901676324,-34.19250785405286,34.19250785405286,LOW_PSTART_STARTED,0.0467711976549725,3.7540516133982647,0.0,0.0,0.0,0.0,0.0,0.0,0.0,0.0,0.0,UNKNOWN,UNKNOWN,34.19250785405286,34.24594838660173,0.05344053254886916,0.9525426901676324,0.9532288023450275,0.0006861121773951151,-0.0006861121773951012,-0.053440532548874486,False,True
7769decc-98b9-5b54-a4a3-fc4aa47199e9,35,10,fulham,c04d1727-85e9-5596-a2b4-b5341c1ffb6a,Harrison Reed,MID,UNKNOWN,1,63.0,0.0147318792472078,1.7167018470445945,0.0,UNKNOWN,UNKNOWN,1.0,0.985268120752792,-61.2832981529554,61.2832981529554,LOW_PSTART_STARTED,0.0140345497627881,1.6627118850562876,7.807333333333332,7.783333333333334,0.0239999999999982,0.4985714285714291,0.0,0.0,0.0,0.0,0.0,UNKNOWN,UNKNOWN,61.2832981529554,61.33728811494371,0.0539899619883073,0.9852681207527922,0.9859654502372119,0.0006973294844196953,-0.0006973294844196988,-0.053989961988306856,False,True
f2500cd6-3213-514b-bc50-11600f2a02df,24,18,tottenham-hotspur,f0bfb35e-c09e-553b-a545-fec85a6cd62d,Radu Dragusin,DEF,UNKNOWN,1,90.0,0.0292395259462533,3.956514177764257,0.0,UNKNOWN,UNKNOWN,1.0,0.9707604740537468,-86.04348582223574,86.04348582223574,LOW_PSTART_STARTED,0.0285275746944044,3.902210946626526,0.0,0.0,0.0,0.0,0.0,0.0,0.0,0.0,0.0,UNKNOWN,UNKNOWN,86.04348582223574,86.09778905337348,0.054303231137737384,0.9707604740537467,0.9714724253055956,0.0007119512518489746,-0.0007119512518489017,-0.05430323113773117,False,True
70cc935f-f357-52d9-b752-3a2a21e28e41,30,2,aston-villa,3f25f3e8-deb4-5121-abaf-e0c9f890735f,John McGinn,MID,RAM,1,60.0,0.096602929997374,3.1432582233805357,0.0,UNKNOWN,UNKNOWN,1.0,0.903397070002626,-56.856741776619465,56.856741776619465,LOW_PSTART_STARTED,0.0941687838380638,3.088579102436961,6.4526666666666666,6.790833333333333,-0.338166666666666,-1.055714285714286,-0.8834151038119136,-0.5106518116196,-0.886987458013247,0.0,20.0,UNKNOWN,UNKNOWN,56.856741776619465,56.91142089756304,0.0546791209435753,0.903397070002626,0.9058312161619362,0.0024341461593101466,-0.002434146159310202,-0.054679120943574855,False,True
3418c353-5740-5e88-81c0-761343aedea4,32,12,liverpool,4b503a23-131b-5e74-983e-6d9f3f06f2dd,Milos Kerkez,DEF,LB,0,0.0,0.8336955280858945,62.85482864681657,1.0,LB,4-2-3-1,0.0,0.8336955280858945,62.85482864681657,62.85482864681657,HIGH_PSTART_DID_NOT_START,0.8344552294265846,62.90975360348327,6.351333333333334,7.244166666666666,-0.892833333333332,-1.010000000000001,-0.1726962229220146,-0.9029663271160286,-0.8732642223576196,-0.0085064109782815,1.0,LB,4-2-3-1,62.85482864681657,62.90975360348327,0.054924956666695834,0.8336955280858945,0.8344552294265846,0.0007597013406900333,0.0007597013406900333,0.054924956666695834,False,True
0d6a442b-e1f2-53f3-a9a8-0b75c19465d8,38,1,arsenal,1a956dd6-5231-5dd8-954b-7236c855bc20,Gabriel Fernando de Jesus,FWD,ST,1,74.0,0.0394329522923437,5.842523503773413,0.0,UNKNOWN,UNKNOWN,1.0,0.9605670477076562,-68.1574764962266,68.1574764962266,LOW_PSTART_STARTED,0.0384279664806881,5.786935784028058,6.137333333333333,6.950833333333333,-0.8134999999999994,-0.1871428571428568,-0.9904540397704736,-0.8754231346120173,-0.2444709841072726,0.0,20.0,UNKNOWN,UNKNOWN,68.1574764962266,68.21306421597194,0.05558771974534693,0.9605670477076563,0.9615720335193119,0.0010049858116555344,-0.0010049858116555968,-0.055587719745354924,False,True
1c02d8a1-3fe4-50a6-a833-13460c80973f,34,20,wolverhampton-wanderers,1af989ce-689b-54c9-b0af-f7cc033bb301,Matt Doherty,DEF,RCB,1,84.0,0.0384676599398237,2.2956313829700825,0.0,UNKNOWN,UNKNOWN,1.0,0.9615323400601762,-81.70436861702991,81.70436861702991,LOW_PSTART_STARTED,0.0374901871994268,2.23900382257645,6.642,6.468999999999999,0.173,0.3171428571428567,0.8217627690176981,0.2806000925148991,0.3993346880621812,0.0,20.0,UNKNOWN,UNKNOWN,81.70436861702991,81.76099617742355,0.056627560393636145,0.9615323400601763,0.9625098128005732,0.0009774727403969452,-0.0009774727403968966,-0.05662756039363259,False,True
5556a528-cdc7-5a14-8fd1-7f9b7820b711,32,3,burnley,c59d2c13-36a9-56b4-b9fc-1462e5df19fc,Florentino Ibrain Morris Luís,MID,LCM,1,81.0,0.183366705837005,12.901241593304556,0.0,UNKNOWN,UNKNOWN,1.0,0.816633294162995,-68.09875840669544,68.09875840669544,LOW_PSTART_STARTED,0.1821479285241971,12.836922157477584,6.544666666666666,6.6575,-0.1128333333333335,0.1828571428571432,-0.8460881946883045,-0.1858696177357191,0.2390907612599442,0.0,20.0,UNKNOWN,UNKNOWN,68.09875840669544,68.16307784252241,0.06431943582697386,0.816633294162995,0.8178520714758029,0.0012187773128078394,-0.0012187773128079227,-0.06431943582697208,False,True
006f69f1-9b0e-551d-bed7-448d3b640101,22,14,manchester-united,65910bcc-31a9-56bb-ba12-74e687cd31ec,Amad Diallo,MID,RWB,1,90.0,0.0680423851333677,6.32563323688762,0.0,UNKNOWN,UNKNOWN,1.0,0.9319576148666324,-83.67436676311237,83.67436676311237,LOW_PSTART_STARTED,0.0673178700666166,6.260583794463092,7.877999999999999,7.400833333333334,0.4771666666666654,0.3042857142857142,0.9879338181455714,0.6613885029671284,0.3848276812785005,0.0,20.0,UNKNOWN,UNKNOWN,83.67436676311237,83.73941620553691,0.06504944242453803,0.9319576148666323,0.9326821299333834,0.0007245150667510858,-0.0007245150667510997,-0.06504944242452737,False,True
c843cd2e-5dfa-5148-ae4c-944a685f95dc,26,15,newcastle-united,fa7d8081-617d-5e86-a227-d01a088e1f55,Joe Willock,MID,LCM,1,87.0,0.1970035727124051,13.354851150670168,0.0,UNKNOWN,UNKNOWN,1.0,0.8029964272875949,-73.64514884932983,73.64514884932983,LOW_PSTART_STARTED,0.1954835307601701,13.289630586218436,6.541333333333333,6.625,-0.0836666666666667,0.168571428571429,-0.9649575819966052,-0.1385475984481881,0.2210520188675,0.0,20.0,UNKNOWN,UNKNOWN,73.64514884932983,73.71036941378156,0.06522056445173519,0.8029964272875949,0.8045164692398299,0.001520041952234985,-0.001520041952234985,-0.06522056445173163,False,True
112601d1-209f-5611-b63b-01d0992c4ddd,26,11,leeds-united,2b912d01-8ef9-569f-bb93-0cec5c578194,Lukas Nmecha,FWD,ST,1,81.0,0.0840495125512889,7.076905249995756,0.0,UNKNOWN,UNKNOWN,1.0,0.9159504874487112,-73.92309475000424,73.92309475000424,LOW_PSTART_STARTED,0.083064227047025,7.010294801495695,7.216666666666667,6.405,0.8116666666666665,1.6785714285714288,0.7601906837610208,0.874707339464895,0.9775026046431904,0.0,20.0,UNKNOWN,UNKNOWN,73.92309475000424,73.98970519850431,0.06661044850007158,0.9159504874487111,0.916935772952975,0.0009852855042639108,-0.000985285504263897,-0.06661044850006093,False,True
25988556-93c6-5dfd-b380-96f4dd98805b,36,5,brentford,3dabd7b1-0f28-5272-86ae-4c5392e1aa45,Sepp van den Berg,DEF,RCB,0,0.0,0.925874905860524,84.08393518001988,1.0,RCB,4-2-3-1,0.0,0.925874905860524,84.08393518001988,84.08393518001988,HIGH_PSTART_DID_NOT_START,0.9267140863723644,84.15091185968933,6.972666666666667,7.182500000000001,-0.2098333333333339,0.6157142857142857,0.8648366185321578,-0.3361291736853826,0.6755879041658825,0.0109134059808229,3.0,RCB,4-2-3-1,84.08393518001988,84.15091185968933,0.06697667966945176,0.925874905860524,0.9267140863723644,0.0008391805118403983,0.0008391805118403983,0.06697667966945176,False,True
6c5986e0-8dbe-5289-99bb-f5fdd49bf3bf,28,17,sunderland,483fd668-a74d-5c5c-9111-a023961f914b,Chemsdine Talbi,MID,LAM,1,68.0,0.1601950194260264,14.413108084192167,0.0,UNKNOWN,UNKNOWN,1.0,0.8398049805739736,-53.58689191580783,53.58689191580783,LOW_PSTART_STARTED,0.1590654160580961,14.345515801326622,6.797333333333333,6.5233333333333325,0.2740000000000009,0.8842857142857143,0.9431202591229054,0.4273635625477181,0.8271510658437768,0.0,20.0,UNKNOWN,UNKNOWN,53.58689191580783,53.65448419867338,0.0675922828655473,0.8398049805739736,0.8409345839419039,0.001129603367930332,-0.0011296033679303041,-0.06759228286554553,False,True
95efeb72-d689-58fb-a022-ffad47516d80,35,16,nottingham-forest,b741dff8-c470-5246-a88a-18fd87c23462,Dilane Bakwa,MID,RAM,1,79.0,0.0816457216203397,5.841339058274954,0.0,UNKNOWN,UNKNOWN,1.0,0.9183542783796602,-73.15866094172505,73.15866094172505,LOW_PSTART_STARTED,0.080007860108669,5.771500482847837,6.191333333333334,6.555,-0.3636666666666661,0.3614285714285721,-0.9990193973643864,-0.5413838189313612,0.4477677731528431,0.0,20.0,UNKNOWN,UNKNOWN,73.15866094172505,73.22849951715216,0.06983857542711291,0.9183542783796603,0.919992139891331,0.0016378615116706685,-0.0016378615116706963,-0.06983857542711736,False,True
622cfd32-fefc-538b-92e0-7c761e8052b4,30,15,newcastle-united,b5144153-3ffb-56d4-89c7-cf4cc50a101e,Jacob Murphy,MID,RW,1,77.0,0.1598622165807095,16.766961892346917,0.0,UNKNOWN,UNKNOWN,1.0,0.8401377834192905,-60.23303810765309,60.23303810765309,LOW_PSTART_STARTED,0.1577566703664845,16.696202266782034,6.772000000000001,6.4175,0.3545000000000007,0.9171428571428564,0.8192210843886968,0.5304946850526665,0.8404949587900609,0.0,20.0,UNKNOWN,UNKNOWN,60.23303810765309,60.30379773321796,0.07075962556487525,0.8401377834192905,0.8422433296335154,0.0021055462142249848,-0.0021055462142250125,-0.07075962556488236,False,True
cf2cfda2-d007-5839-984a-e3c0650fa9de,23,7,chelsea,4dc8670b-9980-5a26-9e9d-c98c1f9bb333,Benoît Badiashile,DEF,LCB,1,90.0,0.1419747362707663,16.24352621976063,0.0,UNKNOWN,UNKNOWN,1.0,0.8580252637292336,-73.75647378023938,73.75647378023938,LOW_PSTART_STARTED,0.1411495368927887,16.172591546761268,7.054666666666666,6.65875,0.3959166666666665,1.1257142857142872,0.7747980657583958,0.5782709756527586,0.9053202069221304,0.0,20.0,UNKNOWN,UNKNOWN,73.75647378023938,73.82740845323873,0.07093467299935696,0.8580252637292337,0.8588504631072114,0.0008251993779776479,-0.0008251993779775924,-0.07093467299936052,False,True
de92aec0-17cd-521d-ae3d-f425ab7e09dd,34,15,newcastle-united,00be15e9-135e-5a79-956f-cd70f121b4b0,Nick Pope,GK,GK,1,90.0,0.0436250050032009,4.008554054117955,0.0,UNKNOWN,UNKNOWN,1.0,0.956374994996799,-85.99144594588205,85.99144594588205,LOW_PSTART_STARTED,0.0428115325715428,3.935411544289912,5.824,6.791666666666667,-0.9676666666666672,-1.508571428571428,-0.9454076645285934,-0.9235694656806852,-0.964826184712174,0.0,1.0,UNKNOWN,UNKNOWN,85.99144594588205,86.0645884557101,0.07314250982804538,0.9563749949967991,0.9571884674284572,0.0008134724316580799,-0.0008134724316581007,-0.07314250982804271,False,True
d9ace39d-a5ca-5496-84cb-231df913a305,25,2,aston-villa,359bea2a-202d-5b9f-be77-415683313cef,Ian Maatsen,DEF,LB,0,13.0,0.8507126310233037,77.80131679269226,1.0,LB,4-2-3-1,0.0,0.8507126310233037,64.80131679269226,64.80131679269226,HIGH_PSTART_DID_NOT_START,0.8516553275878282,77.87696807692467,7.602666666666666,6.953333333333333,0.6493333333333329,0.8728571428571428,0.9576417790898646,0.7940217239194326,0.8222775034455105,0.016015957829107,20.0,LB,4-2-3-1,64.80131679269226,64.87696807692467,0.07565128423240708,0.8507126310233037,0.8516553275878282,0.0009426965645245033,0.0009426965645245033,0.07565128423240708,False,True
df7ba6cc-31bb-5cbf-8a2f-b79c5249f90f,26,17,sunderland,a213c4ca-4778-5981-91eb-7708f7294de0,Nilson Angulo,MID,UNKNOWN,1,79.0,0.0990035838703795,17.340955845921016,0.0,UNKNOWN,UNKNOWN,1.0,0.9009964161296204,-61.65904415407898,61.65904415407898,LOW_PSTART_STARTED,0.0978598922351981,17.26395749673778,0.0,0.0,0.0,0.0,0.0,0.0,0.0,0.0,0.0,UNKNOWN,UNKNOWN,61.659044154078984,61.73604250326222,0.0769983491832349,0.9009964161296204,0.9021401077648019,0.0011436916351814652,-0.0011436916351813958,-0.0769983491832349,False,True
e20ba8da-5c02-58df-ad17-3223c3c83acf,28,7,chelsea,c1d2c6e2-92b5-5eb7-abc2-bfb9ba6fffa1,Mamadou Sarr,DEF,UNKNOWN,1,89.0,0.1039434774636529,10.257880752949344,0.0,UNKNOWN,UNKNOWN,1.0,0.896056522536347,-78.74211924705065,78.74211924705065,LOW_PSTART_STARTED,0.102918679603401,10.18040567876318,7.39,0.0,0.0,0.0,0.0,0.0,0.0,0.0,0.0,UNKNOWN,UNKNOWN,78.74211924705065,78.81959432123682,0.07747507418616806,0.896056522536347,0.897081320396599,0.0010247978602520025,-0.0010247978602519053,-0.0774750741861645,False,True
112601d1-209f-5611-b63b-01d0992c4ddd,26,11,leeds-united,43ae6b5e-3989-58fb-8540-6a539dd06218,Jaka Bijol,DEF,CB,1,90.0,0.0739299351760783,7.325269588848416,0.0,UNKNOWN,UNKNOWN,1.0,0.9260700648239216,-82.67473041115159,82.67473041115159,LOW_PSTART_STARTED,0.073053816730706,7.247054677272969,7.414000000000001,7.090999999999999,0.3230000000000013,1.17,0.8681588804527847,0.4917253256251757,0.9154204563159324,0.0,20.0,UNKNOWN,UNKNOWN,82.67473041115159,82.75294532272703,0.07821491157544358,0.9260700648239217,0.926946183269294,0.0008761184453722759,-0.0008761184453723037,-0.07821491157544713,False,True
de92aec0-17cd-521d-ae3d-f425ab7e09dd,34,15,newcastle-united,fa7d8081-617d-5e86-a227-d01a088e1f55,Joe Willock,MID,RCM,1,85.0,0.0595666639673267,7.608570667033606,0.0,UNKNOWN,UNKNOWN,1.0,0.9404333360326732,-77.3914293329664,77.3914293329664,LOW_PSTART_STARTED,0.0584741036061415,7.529145633834964,6.903333333333334,6.451666666666667,0.4516666666666671,-0.371428571428571,0.907724597420767,0.6368032123181153,-0.4583639372464565,0.0,20.0,UNKNOWN,UNKNOWN,77.3914293329664,77.47085436616504,0.07942503319864613,0.9404333360326733,0.9415258963938585,0.001092560361185213,-0.0010925603611851992,-0.07942503319864258,False,True
006f69f1-9b0e-551d-bed7-448d3b640101,22,14,manchester-united,85474434-c2d2-5904-bdbc-d8e7b1e46db0,Harry Maguire,DEF,CB,1,90.0,0.1126188170652023,8.454286687532482,0.0,UNKNOWN,UNKNOWN,1.0,0.8873811829347977,-81.54571331246751,81.54571331246751,LOW_PSTART_STARTED,0.1114764276987193,8.37372902509836,6.570666666666667,6.7275,-0.1568333333333331,-0.5800000000000001,-0.991769147016714,-0.2555941478330991,-0.6488635468192671,0.0,20.0,UNKNOWN,UNKNOWN,81.54571331246751,81.62627097490164,0.08055766243413132,0.8873811829347977,0.8885235723012808,0.001142389366483032,-0.0011423893664830043,-0.08055766243412243,False,True
4573eab6-7249-598b-9af6-d00c7d62f223,36,20,wolverhampton-wanderers,e3545d57-5636-57c9-a5ad-35a839d1f8bd,Hwang Hee-chan,MID,ST,1,88.0,0.1088104851331027,9.854390662617927,0.0,UNKNOWN,UNKNOWN,1.0,0.8911895148668972,-78.14560933738207,78.14560933738207,LOW_PSTART_STARTED,0.1067695458785918,9.773510659584534,6.204,6.496666666666666,-0.2926666666666664,-0.5014285714285709,-0.9533922334441568,-0.4524509036672063,-0.5840393853651633,0.0,20.0,UNKNOWN,UNKNOWN,78.14560933738207,78.22648934041547,0.08088000303339982,0.8911895148668973,0.8932304541214082,0.002040939254510876,-0.00204093925451089,-0.08088000303339271,False,True
7769decc-98b9-5b54-a4a3-fc4aa47199e9,35,1,arsenal,fa80a3f3-4a6b-5450-b9b2-8a68571a21a4,Riccardo Calafiori,DEF,LB,1,90.0,0.0520942690551464,5.521124458603675,0.0,UNKNOWN,UNKNOWN,1.0,0.9479057309448536,-84.47887554139632,84.47887554139632,LOW_PSTART_STARTED,0.0509323261018954,5.4384088667186665,6.550666666666666,7.068333333333334,-0.5176666666666678,-1.1585714285714284,-0.868977508949801,-0.6976860876470802,-0.9129170762303854,0.0,20.0,UNKNOWN,UNKNOWN,84.47887554139632,84.56159113328134,0.08271559188501953,0.9479057309448536,0.9490676738981046,0.001161942953251005,-0.0011619429532509981,-0.08271559188500888,False,True
006f69f1-9b0e-551d-bed7-448d3b640101,22,14,manchester-united,06edf8b9-4201-50b7-b9f9-2e6a7842f113,Kobbie Mainoo,MID,UNKNOWN,1,90.0,0.1122574640099167,12.908763646588753,0.0,UNKNOWN,UNKNOWN,1.0,0.8877425359900832,-77.09123635341125,77.09123635341125,LOW_PSTART_STARTED,0.1111182811603842,12.825236042049038,6.812,6.58,0.2320000000000002,0.2742857142857149,0.0,0.0,0.0,0.0,0.0,UNKNOWN,UNKNOWN,77.09123635341125,77.17476395795096,0.08352760453971086,0.8877425359900833,0.8888817188396158,0.0011391828495324052,-0.0011391828495324885,-0.08352760453971442,False,True
0d6a442b-e1f2-53f3-a9a8-0b75c19465d8,38,8,crystal-palace,09b6a6ee-2109-55b8-8083-5b532f8d0c96,Nathaniel Clyne,DEF,RWB,1,90.0,0.0863134726914881,8.33856878509747,0.0,UNKNOWN,UNKNOWN,1.0,0.913686527308512,-81.66143121490254,81.66143121490254,LOW_PSTART_STARTED,0.0846590461669985,8.253902734437096,6.647333333333334,6.6,0.0473333333333343,-0.2300000000000004,-0.9437310756354882,0.0787256413985909,-0.2974016099781543,0.0,20.0,UNKNOWN,UNKNOWN,81.66143121490254,81.74609726556291,0.08466605066037403,0.9136865273085119,0.9153409538330015,0.0016544265244896605,-0.001654426524489605,-0.08466605066037403,False,True
0a9d6243-8e34-53a1-aac3-295adbb204df,29,1,arsenal,b565eaae-40d9-5a94-8063-106bd85084b9,Cristhian Mosquera,DEF,RCB,1,63.0,0.1111030776179494,15.23867029479645,0.0,UNKNOWN,UNKNOWN,1.0,0.8888969223820505,-47.76132970520355,47.76132970520355,LOW_PSTART_STARTED,0.1100877297994441,15.153273312573894,7.319333333333333,6.822500000000001,0.4968333333333321,-0.0200000000000004,0.9094690648645312,0.6794305500162757,-0.0266603474764654,0.0,20.0,UNKNOWN,UNKNOWN,47.76132970520355,47.846726687426106,0.0853969822225551,0.8888969223820506,0.8899122702005559,0.0010153478185052078,-0.001015347818505291,-0.0853969822225551,False,True
95efeb72-d689-58fb-a022-ffad47516d80,35,16,nottingham-forest,4c28754a-2719-5e29-8ce7-41731afbf204,Taiwo Awoniyi,FWD,ST,1,90.0,0.1122366869882778,8.508880722538331,0.0,UNKNOWN,UNKNOWN,1.0,0.8877633130117221,-81.49111927746166,81.49111927746166,LOW_PSTART_STARTED,0.1100586972434735,8.419355383972103,6.530666666666667,6.057142857142857,0.4735238095238099,1.0057142857142851,-0.9969641407812532,0.6579591997659022,0.8719008073718928,0.0,20.0,UNKNOWN,UNKNOWN,81.49111927746166,81.5806446160279,0.0895253385662329,0.8877633130117222,0.8899413027565265,0.0021779897448043206,-0.002177989744804293,-0.08952533856622757,False,True
1ce6ee26-3057-5ae0-a140-416d1bd98ae2,35,8,crystal-palace,a5346cce-0d2c-5baf-97da-d70579ec7aa9,Chadi Riad Dnanou,DEF,LCB,1,75.0,0.0371967329721595,5.111696264646295,0.0,UNKNOWN,UNKNOWN,1.0,0.9628032670278404,-69.8883037353537,69.8883037353537,LOW_PSTART_STARTED,0.0361657577476459,5.021068751787427,6.736666666666666,6.9,-0.163333333333334,1.3999999999999997,0.7931990970835007,-0.2656914035092552,0.9532909670460458,0.0,20.0,UNKNOWN,UNKNOWN,69.8883037353537,69.97893124821258,0.09062751285887316,0.9628032670278405,0.9638342422523541,0.001030975224513675,-0.0010309752245135986,-0.09062751285886872,False,True
092fe1c5-46c7-5bc7-a34b-822cf838d6ab,36,8,crystal-palace,0fa345a4-e26c-50d4-8f35-8b13aa9d7c09,Will Hughes,MID,LCM,1,59.0,0.0880328495164487,6.58714862160571,0.0,UNKNOWN,UNKNOWN,1.0,0.9119671504835511,-52.41285137839429,52.41285137839429,LOW_PSTART_STARTED,0.0864407588723692,6.496475574985931,6.339333333333333,6.694166666666668,-0.3548333333333344,-0.6628571428571419,-0.6956847572001948,-0.5308937759413502,-0.7083226528772525,0.0,20.0,UNKNOWN,UNKNOWN,52.41285137839429,52.50352442501407,0.09067304661977715,0.9119671504835513,0.9135592411276308,0.0015920906440795024,-0.0015920906440795024,-0.09067304661977893,False,True
5556a528-cdc7-5a14-8fd1-7f9b7820b711,32,3,burnley,0db48051-eb1a-516f-b185-a0846d6f83e1,Hjalmar Ekdal,DEF,CB,1,90.0,0.1464873428955168,13.885105292253462,0.0,UNKNOWN,UNKNOWN,1.0,0.8535126571044832,-76.11489470774654,76.11489470774654,LOW_PSTART_STARTED,0.1454700253774714,13.794382557862406,6.289333333333333,6.506666666666667,-0.2173333333333333,-0.6200000000000001,-0.931257272390739,-0.3471699244045402,-0.6786821023782332,0.0,20.0,UNKNOWN,UNKNOWN,76.11489470774654,76.2056174421376,0.09072273439105061,0.8535126571044832,0.8545299746225286,0.0010173175180453464,-0.001017317518045402,-0.09072273439105594,False,True
b18a9593-998b-5025-9442-b11f2c52f46c,33,16,nottingham-forest,18a6f100-002a-5b0b-8366-87056d767a12,Callum Hudson-Odoi,MID,LAM,0,0.0,0.8902470409892831,79.9467583270436,1.0,LAM,4-2-3-1,0.0,0.8902470409892831,79.9467583270436,79.9467583270436,HIGH_PSTART_DID_NOT_START,0.8916060202753722,80.0378236541068,7.612666666666667,6.931666666666666,0.6810000000000009,0.7657142857142851,0.976683166890334,0.8127235755245291,0.7702541615982192,0.0168470022417371,20.0,LAM,4-2-3-1,79.9467583270436,80.0378236541068,0.09106532706320536,0.8902470409892831,0.8916060202753722,0.0013589792860890793,0.0013589792860890793,0.09106532706320536,False,True
5e1fcbbc-fc52-5596-a3cd-5663e323f785,33,10,fulham,a9c228ea-04e0-5861-b004-a8719101c698,Tom Cairney,MID,LCM,1,80.0,0.0411728030466102,5.179613019568475,0.0,UNKNOWN,UNKNOWN,1.0,0.9588271969533896,-74.82038698043152,74.82038698043152,LOW_PSTART_STARTED,0.0395284370244277,5.085597489383503,6.653333333333333,6.689999999999999,-0.0366666666666652,-0.5857142857142854,-0.6979711072115998,-0.0610351500504652,-0.6532530080643871,0.0,20.0,UNKNOWN,UNKNOWN,74.82038698043152,74.9144025106165,0.09401553018497566,0.9588271969533898,0.9604715629755723,0.0016443660221825418,-0.0016443660221825002,-0.09401553018497122,False,True
52ecb34c-b2fd-592c-b014-dc770fdef03b,29,19,west-ham-united,46d563a5-35c2-5766-ad22-b778921da81d,Jean-Clair Todibo,DEF,LCB,1,90.0,0.090492670312161,8.210004293882944,0.0,UNKNOWN,UNKNOWN,1.0,0.9095073296878388,-81.78999570611705,81.78999570611705,LOW_PSTART_STARTED,0.0894382245157502,8.115181276168698,5.887333333333333,6.806666666666666,-0.9193333333333324,-2.3728571428571428,-0.9924331374763504,-0.9108041078091011,-0.9964338067024976,0.0,20.0,UNKNOWN,UNKNOWN,81.78999570611705,81.8848187238313,0.09482301771424773,0.909507329687839,0.9105617754842498,0.0010544457964107856,-0.0010544457964107995,-0.09482301771424595,False,True
3ee1da64-d7ba-53cf-918f-e24fe92a6eb6,22,16,nottingham-forest,fc1d6631-4455-5cd1-be3d-3748e604ca74,Ibrahim Sangaré,MID,RDM,1,90.0,0.0936140033218217,8.143795766992575,0.0,UNKNOWN,UNKNOWN,1.0,0.9063859966781782,-81.85620423300742,81.85620423300742,LOW_PSTART_STARTED,0.0924951167476693,8.04883290496304,7.941333333333333,7.020833333333333,0.9204999999999997,2.675714285714286,0.987499809778274,0.9111349246075364,0.9984081957118888,0.0,20.0,UNKNOWN,UNKNOWN,81.85620423300742,81.95116709503696,0.09496286202954707,0.9063859966781783,0.9075048832523307,0.001118886574152378,-0.0011188865741523918,-0.09496286202953463,False,True
c843cd2e-5dfa-5148-ae4c-944a685f95dc,26,15,newcastle-united,49545ac1-d9f9-5a0a-b1f5-5bbeeb1bb7f6,Anthony Gordon,MID,LW,1,87.0,0.1363047779350902,13.550194036842576,0.0,UNKNOWN,UNKNOWN,1.0,0.8636952220649098,-73.44980596315743,73.44980596315743,LOW_PSTART_STARTED,0.135174237158166,13.454284635033856,6.491333333333333,7.351666666666667,-0.8603333333333332,-0.9885714285714275,-0.9702572306963948,-0.8924607937200008,-0.8663094591695693,0.0,20.0,UNKNOWN,UNKNOWN,73.44980596315742,73.54571536496614,0.09590940180872565,0.8636952220649098,0.864825762841834,0.0011305407769242048,-0.001130540776924177,-0.09590940180872032,False,True
0d6a442b-e1f2-53f3-a9a8-0b75c19465d8,38,8,crystal-palace,234b9ca0-1d3a-52c1-ae12-d422a588485e,Justin Devenny,MID,LWB,1,90.0,0.0543631416228954,5.546910583695747,0.0,UNKNOWN,UNKNOWN,1.0,0.9456368583771044,-84.45308941630425,84.45308941630425,LOW_PSTART_STARTED,0.0532854125072803,5.450660579355778,6.528666666666667,6.545833333333334,-0.0171666666666672,0.8385714285714281,-0.961762346388506,-0.0286033066892593,0.8069053586883358,0.0,20.0,UNKNOWN,UNKNOWN,84.45308941630425,84.54933942064422,0.09625000433996433,0.9456368583771046,0.9467145874927198,0.0010777291156151003,-0.0010777291156151003,-0.09625000433996966,False,True
5c73e3e5-e8ce-57af-9da1-880c34ac7495,34,17,sunderland,98e68e85-52f1-5832-b572-18ffcbfa3d40,Luke O'Nien,DEF,RCB,0,0.0,0.8003345110520177,74.657018894602,0.0,UNKNOWN,UNKNOWN,0.0,0.8003345110520177,74.657018894602,74.657018894602,HIGH_PSTART_DID_NOT_START,0.8015883490301022,74.75336820347552,6.111333333333333,7.48,-1.3686666666666678,-0.7314285714285713,-0.9957089459359008,-0.9793380155879264,-0.7509971125070615,0.0,20.0,UNKNOWN,UNKNOWN,74.657018894602,74.75336820347552,0.09634930887351345,0.8003345110520177,0.8015883490301022,0.0012538379780845377,0.0012538379780845377,0.09634930887351345,False,True
dec351fa-176e-54ff-a391-5e41f9eeee09,37,20,wolverhampton-wanderers,aa986b3e-e0d4-5c58-b3da-46a8810d3ca9,Ladislav Krejcí,DEF,LCB,1,90.0,0.10353860825462,8.685815809557441,0.0,UNKNOWN,UNKNOWN,1.0,0.89646139174538,-81.31418419044256,81.31418419044256,LOW_PSTART_STARTED,0.1022426014935157,8.588709744196914,6.568666666666667,6.785833333333334,-0.2171666666666665,0.6671428571428581,0.76299052037948,-0.3469256027817383,0.7111584526298569,0.0,20.0,UNKNOWN,UNKNOWN,81.31418419044256,81.41129025580308,0.09710606536052069,0.89646139174538,0.8977573985064843,0.001296006761104307,-0.001296006761104293,-0.0971060653605278,False,True
318ad40d-b456-558d-bca7-c9fa1aed3f94,29,16,nottingham-forest,a2afe8eb-9890-541f-9258-8202cd512f1f,Nicolás Domínguez,MID,LAM,1,63.0,0.1735288481273264,13.253754290130765,0.0,UNKNOWN,UNKNOWN,1.0,0.8264711518726735,-49.74624570986924,49.74624570986924,LOW_PSTART_STARTED,0.1714129628277794,13.153746151977629,6.504,6.759166666666668,-0.2551666666666676,0.1414285714285714,-0.9454076645285932,-0.4013673398861512,0.1863676208256793,0.0,20.0,UNKNOWN,UNKNOWN,49.746245709869235,49.84625384802237,0.10000813815313592,0.8264711518726736,0.8285870371722206,0.0021158852995469823,-0.00211588529954701,-0.10000813815313592,False,True
1b47cbbf-a45e-55fb-ad9b-c13fd7e12a53,35,20,wolverhampton-wanderers,2fa40b7b-3ae8-5f1c-9520-aa9d58b7aee5,Daniel Bentley,GK,GK,1,90.0,0.1095863453524133,10.140554885276051,0.0,UNKNOWN,UNKNOWN,1.0,0.8904136546475867,-79.85944511472394,79.85944511472394,LOW_PSTART_STARTED,0.1084598937059681,10.03952564218516,6.18,0.0,0.0,0.0,0.0,0.0,0.0,0.0,1.0,UNKNOWN,UNKNOWN,79.85944511472395,79.96047435781485,0.1010292430908919,0.8904136546475867,0.8915401062940319,0.0011264516464452035,-0.0011264516464451896,-0.1010292430908919,False,True
94ee8d5f-04da-5a31-92b9-3e1fbea7f464,27,8,crystal-palace,0f20e713-a3d1-5036-b0b2-e9f32d1bc66f,Jaydee Canvot,DEF,RCB,1,90.0,0.055659337950504,5.609092265638741,0.0,UNKNOWN,UNKNOWN,1.0,0.944340662049496,-84.39090773436126,84.39090773436126,LOW_PSTART_STARTED,0.0540279410298451,5.507621390270323,5.834666666666666,6.57375,-0.7390833333333342,-1.96,-0.990826625416592,-0.8431022491435862,-0.9893145952609784,0.0,20.0,UNKNOWN,UNKNOWN,84.39090773436126,84.49237860972968,0.10147087536842037,0.944340662049496,0.9459720589701549,0.0016313969206589451,-0.0016313969206588966,-0.1014708753684177,False,True
54675f42-95ba-5491-a3fd-06557d576830,31,12,liverpool,f2831f63-18d0-5405-9349-288d723614fe,Giorgi Mamardashvili,GK,GK,1,90.0,0.0171520899267534,1.6189903325296824,0.0,UNKNOWN,UNKNOWN,1.0,0.9828479100732466,-88.38100966747032,88.38100966747032,LOW_PSTART_STARTED,0.015990205299097,1.5145097324603007,6.189333333333334,6.579999999999999,-0.3906666666666654,0.9442857142857148,-0.9462276523004646,-0.5724174836847348,0.850801334967057,0.0,1.0,UNKNOWN,UNKNOWN,88.38100966747032,88.4854902675397,0.10448060006937965,0.9828479100732466,0.984009794700903,0.0011618846276564287,-0.0011618846276563975,-0.10448060006938165,False,True
ba89faf8-3800-548a-951b-e5d7ed60ed05,37,7,chelsea,9998e641-8e7f-5837-8d46-ad335b484a00,Josh Acheampong,DEF,RCB,1,73.0,0.0539249639393536,5.894923833591427,0.0,UNKNOWN,UNKNOWN,1.0,0.9460750360606464,-67.10507616640857,67.10507616640857,LOW_PSTART_STARTED,0.0525516569508979,5.7902574205662845,7.257333333333333,6.8500000000000005,0.4073333333333329,1.9557142857142853,0.9213333638239188,0.5907965819926072,0.9891924395503844,0.0,20.0,UNKNOWN,UNKNOWN,67.10507616640857,67.20974257943371,0.1046664130251429,0.9460750360606464,0.9474483430491021,0.0013733069884557247,-0.001373306988455704,-0.1046664130251429,False,True
17a9d946-6355-53b8-baf6-c49011bd1d69,30,8,crystal-palace,41c51b76-9927-5c91-821a-99eed1686fa9,Walter Benítez,GK,UNKNOWN,1,90.0,0.0330964190529767,2.631239381268249,0.0,UNKNOWN,UNKNOWN,1.0,0.9669035809470232,-87.36876061873176,87.36876061873176,LOW_PSTART_STARTED,0.0317521671271917,2.526456851636051,6.914666666666666,7.6,-0.6853333333333333,-1.895714285714286,0.0,0.0,0.0,0.0,0.0,UNKNOWN,UNKNOWN,87.36876061873176,87.47354314836394,0.10478252963218893,0.9669035809470233,0.9682478328728084,0.0013442519257850227,-0.001344251925785002,-0.10478252963219781,False,True
47e684ca-483b-5eca-8ec1-c94a86f9452a,28,5,brentford,2f4a5cd6-8238-5ff2-9cac-0239ae561506,Hákon Valdimarsson,GK,UNKNOWN,1,90.0,0.0836438284717354,6.608067007067647,0.0,UNKNOWN,UNKNOWN,1.0,0.9163561715282644,-83.39193299293235,83.39193299293235,LOW_PSTART_STARTED,0.0822809461340317,6.501886885318031,7.562,7.655,-0.0929999999999999,0.3171428571428567,0.0,0.0,0.0,0.0,0.0,UNKNOWN,UNKNOWN,83.39193299293235,83.49811311468197,0.10618012174961677,0.9163561715282647,0.9177190538659683,0.0013628823377036525,-0.001362882337703708,-0.10618012174961589,False,True
6087d963-451a-5a7b-b016-d3853de520ea,22,11,leeds-united,474896af-e9ef-5bb3-b82b-79c2fb8c891e,Jayden Bogle,DEF,RB,1,80.0,0.1036293550769872,11.440422033733968,0.0,UNKNOWN,UNKNOWN,1.0,0.8963706449230128,-68.55957796626603,68.55957796626603,LOW_PSTART_STARTED,0.1023593615918364,11.330717980813407,6.989333333333334,6.414166666666667,0.575166666666667,0.2585714285714289,0.8516755963655002,0.7436567101030848,0.3317219748775049,0.0,20.0,UNKNOWN,UNKNOWN,68.55957796626603,68.6692820191866,0.10970405292056284,0.8963706449230128,0.8976406384081637,0.0012699934851508887,-0.0012699934851508055,-0.10970405292056107,False,True
16495e99-1e75-5b2f-a337-1dfde9ddfe08,33,7,chelsea,fbe43cca-fb14-5420-94d6-3e253d5e57f2,Trevoh Chalobah,DEF,LCB,1,90.0,0.1237787465215164,11.274142355622567,0.0,UNKNOWN,UNKNOWN,1.0,0.8762212534784836,-78.72585764437743,78.72585764437743,LOW_PSTART_STARTED,0.1225288789113551,11.161845505718574,7.076666666666667,6.691666666666667,0.3849999999999998,-0.25,0.6364728278750749,0.5660332985343969,-0.3215127375316343,0.0,3.0,UNKNOWN,UNKNOWN,78.72585764437743,78.83815449428143,0.11229684990399846,0.8762212534784836,0.8774711210886449,0.001249867610161326,-0.0012498676101612982,-0.11229684990399313,False,True
09eed520-5d17-51e8-8b91-f6b3a3579507,31,5,brentford,2a5fa9ad-82a2-52c4-bba0-61a641eb0d07,Ethan Pinnock,DEF,LCB,1,90.0,0.0343053756845406,2.567745606587493,0.0,UNKNOWN,UNKNOWN,1.0,0.9656946243154594,-87.4322543934125,87.4322543934125,LOW_PSTART_STARTED,0.032764322335985,2.455349971247979,7.563333333333333,5.933333333333334,1.63,0.2285714285714277,0.9640275800758168,0.9913009821312192,0.2956643378888783,0.0,20.0,UNKNOWN,UNKNOWN,87.4322543934125,87.54465002875202,0.11239563533951014,0.9656946243154594,0.967235677664015,0.0015410533485555877,-0.0015410533485555947,-0.11239563533951413,False,True
31de2a73-94e2-5e1f-829e-f19990739961,28,20,wolverhampton-wanderers,a97d91b0-ab9b-5d5d-a9e8-01690cad9588,Tolu Arokodare,FWD,ST,0,9.0,0.8714341313443335,84.04439118111331,1.0,ST,3-5-2,0.0,0.8714341313443335,75.04439118111331,75.04439118111331,HIGH_PSTART_DID_NOT_START,0.8738815917314802,84.15776465056746,5.918666666666667,6.855,-0.9363333333333336,0.1742857142857143,-0.9952270832620468,-0.9155104135508252,0.2282864451330103,-0.0157735294849005,20.0,ST,3-5-2,75.04439118111331,75.15776465056746,0.11337346945414595,0.8714341313443335,0.8738815917314802,0.002447460387146716,0.002447460387146716,0.11337346945414595,False,True
25abf903-06d4-5b30-9573-1ca6d4317c79,36,14,manchester-united,cd221270-eb70-5941-b084-b02fff2a8b2e,Lisandro Martínez,DEF,LCB,1,90.0,0.0504746119586316,3.253317631227742,0.0,UNKNOWN,UNKNOWN,1.0,0.9495253880413684,-86.74668236877226,86.74668236877226,LOW_PSTART_STARTED,0.0483827511002324,3.139316409190234,6.534,6.948,-0.4140000000000006,-2.1514285714285704,-0.9814090551580712,-0.5979820004989419,-0.9935727881922476,0.0,20.0,UNKNOWN,UNKNOWN,86.74668236877226,86.86068359080977,0.1140012220375155,0.9495253880413684,0.9516172488997676,0.002091860858399186,-0.0020918608583992,-0.11400122203750795,False,True
081f5491-2f1e-5422-bb74-cd9ec55d87c9,26,13,manchester-city,f717009d-d433-5fa0-9cf5-1e081478a8f1,Phil Foden,MID,LCM,1,70.0,0.1708445108121878,11.621868681704871,0.0,UNKNOWN,UNKNOWN,1.0,0.8291554891878121,-58.37813131829513,58.37813131829513,LOW_PSTART_STARTED,0.1682629138971295,11.507427646689614,6.301333333333333,7.392500000000001,-1.091166666666668,0.1899999999999995,-0.993476486251076,-0.948699760666768,0.2480494776538487,0.0,20.0,UNKNOWN,UNKNOWN,58.37813131829513,58.492572353310386,0.11444103501525404,0.8291554891878122,0.8317370861028706,0.0025815969150583262,-0.0025815969150582985,-0.1144410350152576,False,True
f2500cd6-3213-514b-bc50-11600f2a02df,24,18,tottenham-hotspur,658b9548-4dbd-5b98-890b-0bb35c8a5625,Wilson Odobert,MID,RAM,0,22.0,0.8938718033642792,82.21440709682342,1.0,RAM,4-2-3-1,0.0,0.8938718033642792,60.21440709682342,60.21440709682342,HIGH_PSTART_DID_NOT_START,0.8954751242760463,82.32999680060585,8.074,6.839166666666666,1.2348333333333334,-0.6514285714285712,0.9975082403782244,0.9679077335028208,-0.7006475829891526,0.0164058506264527,20.0,RAM,4-2-3-1,60.21440709682342,60.329996800605855,0.11558970378243316,0.8938718033642792,0.8954751242760463,0.00160332091176707,0.00160332091176707,0.11558970378243316,False,True
ca09b971-bf08-55a8-9cf4-b93f3c0604e1,36,11,leeds-united,6b487d4a-07ef-5c9e-b3e0-8bc10e69d873,Daniel James,MID,RW,1,62.0,0.0975495101830759,7.855009867145636,0.0,UNKNOWN,UNKNOWN,1.0,0.902450489816924,-54.14499013285436,54.14499013285436,LOW_PSTART_STARTED,0.0947324339507531,7.739058532660138,6.455333333333333,6.368888888888889,0.0864444444444441,0.0099999999999997,-0.9552760616129118,0.1430854172272312,0.0133325432660587,0.0,20.0,UNKNOWN,UNKNOWN,54.14499013285436,54.26094146733986,0.11595133448550143,0.9024504898169241,0.9052675660492469,0.002817076232322746,-0.0028170762323227877,-0.11595133448549788,False,True
7c80f6d1-598d-5dcc-b7e4-44865b2ed593,23,10,fulham,bf6c1651-0779-512e-9c37-3b8ac8c14714,Alex Iwobi,MID,LAM,1,87.0,0.0869117437348479,6.9715855708952335,0.0,UNKNOWN,UNKNOWN,1.0,0.913088256265152,-80.02841442910477,80.02841442910477,LOW_PSTART_STARTED,0.0854375696574063,6.85500190576436,6.825333333333333,6.995,-0.169666666666667,-0.3757142857142854,-0.8113991948585726,-0.2754740232321538,-0.462865825377068,0.0,20.0,UNKNOWN,UNKNOWN,80.02841442910477,80.14499809423565,0.11658366513087515,0.9130882562651521,0.9145624303425937,0.001474174077441548,-0.0014741740774416034,-0.11658366513087337,False,True
7018cf67-a775-5040-9faf-510b2df80879,35,9,everton,e9f5aa44-1c52-51c9-85a6-b079a6b78080,Merlin Röhl,MID,RDM,1,90.0,0.032765499570157,3.505582522070137,0.0,UNKNOWN,UNKNOWN,1.0,0.9672345004298428,-86.49441747792986,86.49441747792986,LOW_PSTART_STARTED,0.0314365779367871,3.3867444457151024,7.124,6.22,0.904,0.6557142857142848,0.956992001817166,0.9063457209280196,0.7035450535020685,0.0,20.0,UNKNOWN,UNKNOWN,86.49441747792986,86.6132555542849,0.11883807635504695,0.967234500429843,0.9685634220632129,0.0013289216333698395,-0.001328921633369902,-0.11883807635503452,False,True
79323fcf-ead5-5ef9-b1be-d211787d4251,29,14,manchester-united,8d2526be-436d-5cc9-ac87-685d6e1cc27c,Diogo Dalot Teixeira,DEF,RB,0,29.0,0.8745971224960911,81.14673261114248,1.0,RB,4-2-3-1,0.0,0.8745971224960911,52.14673261114248,52.14673261114248,HIGH_PSTART_DID_NOT_START,0.8763376864932848,81.26811410279623,7.604666666666666,7.216666666666666,0.3879999999999999,-0.2242857142857142,0.8561885962805654,0.5694217120480265,-0.2904408118310376,0.0133966786882254,3.0,RB,4-2-3-1,52.14673261114248,52.26811410279623,0.12138149165375012,0.8745971224960911,0.8763376864932848,0.0017405639971936893,0.0017405639971936893,0.12138149165375012,False,True
82942d44-0127-5fda-9351-a16d844fb795,35,2,aston-villa,5dd58b2f-23b6-55e3-b59d-5617a42d6de1,Tammy Abraham,FWD,ST,1,59.0,0.1360364892033007,23.62070229419733,0.0,UNKNOWN,UNKNOWN,1.0,0.8639635107966993,-35.37929770580267,35.37929770580267,LOW_PSTART_STARTED,0.1344535470231313,23.49908305656676,6.489333333333334,6.682,-0.1926666666666667,-0.7699999999999996,-0.8692493331488548,-0.3105112481544263,-0.7725680008833545,0.0,20.0,UNKNOWN,UNKNOWN,35.37929770580267,35.50091694343324,0.12161923763056848,0.8639635107966993,0.8655464529768687,0.001582942180169411,-0.0015829421801693833,-0.12161923763056848,False,True
112601d1-209f-5611-b63b-01d0992c4ddd,26,11,leeds-united,a8678248-1555-5a99-8bcd-6ec2a944ea53,Sebastiaan Bornauw,DEF,RCB,1,54.0,0.1402358667862782,16.0531981412324,0.0,UNKNOWN,UNKNOWN,1.0,0.8597641332137218,-37.9468018587676,37.9468018587676,LOW_PSTART_STARTED,0.1386916590137857,15.931174813805807,6.878666666666667,7.41,-0.5313333333333334,0.1314285714285725,-0.8779302978540162,-0.7091915883212783,0.1734660982048449,0.0,20.0,UNKNOWN,UNKNOWN,37.9468018587676,38.06882518619419,0.12202332742658939,0.8597641332137218,0.8613083409862143,0.001544207772492534,-0.0015442077724925063,-0.12202332742659294,False,True
98cff3cf-1de8-5696-a0e6-f4967eacc3c6,34,2,aston-villa,c462a624-2653-5229-87c5-bd5b685f0e3c,Lamare Bogarde,DEF,RB,1,73.0,0.0471874633106432,6.4463536307403295,0.0,UNKNOWN,UNKNOWN,1.0,0.9528125366893568,-66.55364636925967,66.55364636925967,LOW_PSTART_STARTED,0.0456606252947479,6.312463067563755,5.5200000000000005,6.600833333333334,-1.0808333333333335,-0.8785714285714281,-0.9995423033438868,-0.9469496549384082,-0.8247295962384572,0.0,20.0,UNKNOWN,UNKNOWN,66.55364636925967,66.68753693243625,0.13389056317657833,0.9528125366893568,0.9543393747052521,0.00152683801589526,-0.0015268380158952946,-0.13389056317657477,False,True
6087d963-451a-5a7b-b016-d3853de520ea,22,11,leeds-united,d921acea-ffba-515b-a957-12586c43f133,Karl Darlow,GK,GK,1,90.0,0.1247388895944938,11.352534374271894,0.0,UNKNOWN,UNKNOWN,1.0,0.8752611104055061,-78.6474656257281,78.6474656257281,LOW_PSTART_STARTED,0.1232457653833665,11.218368193933932,6.371333333333333,6.900000000000001,-0.528666666666668,1.475714285714285,0.3175220410551093,-0.7069755188732593,0.9616669751209576,0.0,1.0,UNKNOWN,UNKNOWN,78.6474656257281,78.78163180606607,0.1341661803379708,0.8752611104055062,0.8767542346166335,0.0014931242111272391,-0.0014931242111272947,-0.1341661803379619,False,True
e1b64232-1ee4-522c-b106-e651d9eba4ea,38,2,aston-villa,fc551cf2-132e-5dac-a9b5-aaeb090b32b5,Leon Bailey,MID,RAM,1,90.0,0.1292878250976629,12.691417557055304,0.0,UNKNOWN,UNKNOWN,1.0,0.870712174902337,-77.3085824429447,77.3085824429447,LOW_PSTART_STARTED,0.1269149752974094,12.557115145961466,6.135999999999999,6.33142857142857,-0.1954285714285708,-0.1200000000000001,-0.9971087815373854,-0.3146646314669891,-0.158648504297499,0.0,20.0,UNKNOWN,UNKNOWN,77.3085824429447,77.44288485403854,0.13430241109384156,0.8707121749023371,0.8730850247025906,0.0023728498002535403,-0.0023728498002535126,-0.134302411093838,False,True
08ddad76-4191-5baa-9d72-080d772df8a4,37,2,aston-villa,d66fa01c-cc13-5ddf-bec4-31c90df4cade,Pau Torres,DEF,LCB,1,90.0,0.0811813184485488,7.596098121635455,0.0,UNKNOWN,UNKNOWN,1.0,0.9188186815514512,-82.40390187836455,82.40390187836455,LOW_PSTART_STARTED,0.0796567336890724,7.459366324143231,6.794666666666667,6.7475,0.0471666666666674,0.418571428571429,0.9409949720686396,0.0784495791816461,0.5065628107538601,0.0,20.0,UNKNOWN,UNKNOWN,82.40390187836455,82.54063367585677,0.1367317974922173,0.9188186815514512,0.9203432663109276,0.0015245847594763662,-0.001524584759476394,-0.13673179749222442,False,True
1e0e866b-bb70-545e-b6dc-8a8424b208c6,23,12,liverpool,0ffc6ec2-ca3e-5db4-8ebf-a8eba45464b9,Joseph Gomez,DEF,RB,1,33.0,0.1567427207592503,8.363752255860977,0.0,UNKNOWN,UNKNOWN,1.0,0.8432572792407497,-24.636247744139023,24.636247744139023,LOW_PSTART_STARTED,0.1499839884344424,8.225456107535692,7.303333333333333,6.475,0.8283333333333331,0.5714285714285721,0.7535464933696776,0.881075609880999,0.6421975349840449,0.0,20.0,UNKNOWN,UNKNOWN,24.636247744139023,24.774543892464308,0.13829614832528492,0.8432572792407497,0.8500160115655576,0.006758732324807948,-0.006758732324807892,-0.13829614832528492,False,True
17a9d946-6355-53b8-baf6-c49011bd1d69,30,8,crystal-palace,d7ab42eb-50da-5a3f-a583-fdf38b0d2cfe,Daichi Kamada,MID,LCM,0,10.0,0.8079614898957562,76.00303584524258,1.0,LCM,3-4-2-1,0.0,0.8079614898957562,66.00303584524258,66.00303584524258,HIGH_PSTART_DID_NOT_START,0.8099787612920525,76.14323940939263,6.964,6.838333333333332,0.1256666666666683,0.055714285714286,0.7869362962897126,0.2064346803748469,0.0741493699503732,0.0114106439935412,20.0,LCM,3-4-2-1,66.00303584524258,66.14323940939263,0.14020356415005608,0.8079614898957562,0.8099787612920525,0.0020172713962962607,0.0020172713962962607,0.14020356415005608,False,True
6a84969a-7d59-589c-94a0-d71eb1a266ff,26,1,arsenal,4c3f279c-cb21-57c6-9d58-3decef97625e,Bukayo Saka,MID,RW,1,72.0,0.0822171513759277,10.21209491326295,0.0,UNKNOWN,UNKNOWN,1.0,0.9177828486240724,-61.78790508673705,61.78790508673705,LOW_PSTART_STARTED,0.0805885479726445,10.070820857940324,7.735333333333333,7.355,0.3803333333333327,-0.2042857142857155,0.918079727375548,0.5607242055915409,-0.2658389223784303,0.0,20.0,UNKNOWN,UNKNOWN,61.78790508673705,61.929179142059674,0.1412740553226257,0.9177828486240723,0.9194114520273555,0.0016286034032831909,-0.0016286034032831909,-0.1412740553226257,False,True
94fcf566-2f2f-5764-a094-bd41afb36a13,28,9,everton,513a08ed-3905-5e99-98a3-849492c9d389,Dwight McNeil,MID,RAM,1,80.0,0.0822583243104497,4.562372550448266,0.0,UNKNOWN,UNKNOWN,1.0,0.9177416756895502,-75.43762744955174,75.43762744955174,LOW_PSTART_STARTED,0.0793645597259189,4.418587248837755,6.809333333333333,6.390909090909091,0.4184242424242423,-0.6842857142857142,0.8846290100523562,0.6026981379944143,-0.7222730747532031,0.0,20.0,UNKNOWN,UNKNOWN,75.43762744955174,75.58141275116225,0.14378530161050662,0.9177416756895503,0.9206354402740811,0.0028937645845307225,-0.0028937645845308058,-0.14378530161051106,False,True
8b19f294-8fed-5a60-8498-f5c9c1b8d138,24,15,newcastle-united,fe525ab5-78d1-5766-a583-9b76113d2d57,Sven Botman,DEF,LCB,0,0.0,0.8665871809203086,80.28473144979914,1.0,LCB,4-3-3,0.0,0.8665871809203086,80.28473144979914,80.28473144979914,HIGH_PSTART_DID_NOT_START,0.8685763714871322,80.42958649082273,7.166666666666667,6.653333333333333,0.5133333333333336,-0.2071428571428564,0.9443355206576476,0.693960689832334,-0.2693756270737972,0.0035228650757383,20.0,LCB,4-3-3,80.28473144979914,80.42958649082273,0.1448550410235896,0.8665871809203086,0.8685763714871322,0.001989190566823562,0.001989190566823562,0.1448550410235896,False,True
e1b64232-1ee4-522c-b106-e651d9eba4ea,38,2,aston-villa,91321184-4f36-5c7d-80ee-090e5416c822,Marco Bizot,GK,GK,1,90.0,0.0841688887002851,8.028169367504795,0.0,UNKNOWN,UNKNOWN,1.0,0.9158311112997148,-81.9718306324952,81.9718306324952,LOW_PSTART_STARTED,0.0825456134983183,7.88287746258764,6.508,7.392222222222222,-0.8842222222222222,0.0042857142857144,-0.4690790231059652,-0.9002816242844303,0.0057142235187911,0.0,1.0,UNKNOWN,UNKNOWN,81.9718306324952,82.11712253741236,0.14529190491715838,0.9158311112997148,0.9174543865016818,0.0016232752019669228,-0.0016232752019668117,-0.14529190491715482,False,True
e2562928-63eb-5b52-9e4c-94f8ddca3e11,24,7,chelsea,932d386d-f372-53de-a37f-381a73a67e07,Jorrel Hato,DEF,LCB,1,45.0,0.1103847595206445,17.688143587688806,0.0,UNKNOWN,UNKNOWN,1.0,0.8896152404793555,-27.311856412311197,27.311856412311197,LOW_PSTART_STARTED,0.1082244538686746,17.542750894970915,7.136666666666668,6.715000000000001,0.4216666666666668,0.5,0.7053043013108915,0.6061279830849274,0.5827829453479101,0.0,20.0,UNKNOWN,UNKNOWN,27.311856412311194,27.457249105029085,0.14539269271789124,0.8896152404793555,0.8917755461313254,0.002160305651969896,-0.002160305651969896,-0.14539269271789124,False,True
0d6a442b-e1f2-53f3-a9a8-0b75c19465d8,38,1,arsenal,4a30d43b-d2c4-514a-8544-4ba07f51e68a,Gabriel Martinelli Silva,MID,LAM,1,90.0,0.1313095574116233,10.982776379445667,0.0,UNKNOWN,UNKNOWN,1.0,0.8686904425883767,-79.01722362055433,79.01722362055433,LOW_PSTART_STARTED,0.1282757060440396,10.835752205352374,6.260000000000001,6.983333333333333,-0.7233333333333327,0.2999999999999998,-0.9856665094058312,-0.8353413332651279,0.3799489622552247,0.0,20.0,UNKNOWN,UNKNOWN,79.01722362055433,79.16424779464762,0.14702417409328916,0.8686904425883767,0.8717242939559604,0.0030338513675837175,-0.0030338513675837175,-0.14702417409329271,False,True
dec351fa-176e-54ff-a391-5e41f9eeee09,37,20,wolverhampton-wanderers,698f23fd-0fa1-5358-8bd3-2b8aef91e946,José Malheiro de Sá,GK,GK,1,90.0,0.1387151733363579,12.6097612017527,0.0,UNKNOWN,UNKNOWN,1.0,0.861284826663642,-77.3902387982473,77.3902387982473,LOW_PSTART_STARTED,0.1370461689372815,12.45979380137596,6.626666666666667,7.118333333333333,-0.4916666666666662,0.6714285714285726,-0.2140961128597727,-0.6747673832769358,0.713971297880078,0.0,1.0,UNKNOWN,UNKNOWN,77.3902387982473,77.54020619862403,0.14996740037673817,0.8612848266636421,0.8629538310627185,0.001669004399076357,-0.0016690043990764125,-0.14996740037673995,False,True
e1b64232-1ee4-522c-b106-e651d9eba4ea,38,2,aston-villa,b95b9e81-9894-50ab-b2de-c2234cfde8c6,Youri Tielemans,MID,LDM,0,17.0,0.8054659552966579,73.4108373533057,1.0,LDM,4-2-3-1,0.0,0.8054659552966579,56.410837353305695,56.410837353305695,HIGH_PSTART_DID_NOT_START,0.8073280355299275,73.5609431293885,6.973333333333333,7.265833333333333,-0.2925000000000004,0.7214285714285706,-0.9538953592290462,-0.4522299625215588,0.7451252863093322,0.0081903133533309,20.0,LDM,4-2-3-1,56.410837353305695,56.560943129388505,0.1501057760828104,0.8054659552966579,0.8073280355299275,0.001862080233269614,0.001862080233269614,0.1501057760828104,False,True
7769decc-98b9-5b54-a4a3-fc4aa47199e9,35,1,arsenal,0f08cbfd-21a3-57ae-9b9f-8692d62a6a24,Leandro Trossard,MID,LW,1,90.0,0.1538290489665826,15.193659054758374,0.0,UNKNOWN,UNKNOWN,1.0,0.8461709510334173,-74.80634094524163,74.80634094524163,LOW_PSTART_STARTED,0.1507588461673724,15.041541735477836,6.441333333333334,6.801666666666666,-0.3603333333333323,0.4471428571428575,-0.9071360318985068,-0.5374447700234717,0.5343332503886699,0.0,20.0,UNKNOWN,UNKNOWN,74.80634094524163,74.95845826452216,0.15211731928053496,0.8461709510334174,0.8492411538326277,0.00307020279921022,-0.003070202799210192,-0.1521173192805385,False,True
25abf903-06d4-5b30-9573-1ca6d4317c79,36,14,manchester-united,6a3d319d-e848-56e0-bc06-707ee4149c24,Mason Mount,MID,LAM,1,90.0,0.0909433142709727,11.638171298960351,0.0,UNKNOWN,UNKNOWN,1.0,0.9090566857290272,-78.36182870103966,78.36182870103966,LOW_PSTART_STARTED,0.0873285269276643,11.485839346848104,6.428,6.873333333333334,-0.445333333333334,0.1328571428571434,-0.9869065515172392,-0.6304858988679227,0.1753129324468455,0.0,20.0,UNKNOWN,UNKNOWN,78.36182870103966,78.51416065315189,0.1523319521122346,0.9090566857290273,0.9126714730723358,0.0036147873433084454,-0.003614787343308404,-0.15233195211224704,False,True
b28efaf8-9f88-581f-b35a-177aca0f37a6,32,1,arsenal,8bac1cb7-1c33-563a-9137-8a394efb10f5,Myles Lewis-Skelly,DEF,LB,1,90.0,0.0968766277298297,8.257550513526272,0.0,UNKNOWN,UNKNOWN,1.0,0.9031233722701704,-81.74244948647373,81.74244948647373,LOW_PSTART_STARTED,0.094625357284104,8.103641317046772,7.008,6.924166666666667,0.0838333333333327,-0.2314285714285713,-0.814787899446591,0.138820033668324,-0.2991369149269464,0.0,20.0,UNKNOWN,UNKNOWN,81.74244948647373,81.89635868295323,0.1539091964795034,0.9031233722701703,0.905374642715896,0.002251270445725706,-0.002251270445725706,-0.15390919647949985,False,True
25abf903-06d4-5b30-9573-1ca6d4317c79,36,14,manchester-united,65f4ba88-b61e-51b2-87e8-eed369448f75,Joshua Zirkzee,FWD,ST,1,64.0,0.1035868508729847,10.806625099170729,0.0,UNKNOWN,UNKNOWN,1.0,0.8964131491270152,-53.19337490082927,53.19337490082927,LOW_PSTART_STARTED,0.0995245319526064,10.651665729498104,6.547333333333333,6.63625,-0.0889166666666669,0.1985714285714275,-0.9805723616579476,-0.1471190285534598,0.2587440825051794,0.0,20.0,UNKNOWN,UNKNOWN,53.19337490082927,53.348334270501894,0.1549593696726248,0.8964131491270153,0.9004754680473936,0.004062318920378338,-0.0040623189203783105,-0.1549593696726248,False,True
df7ba6cc-31bb-5cbf-8a2f-b79c5249f90f,26,12,liverpool,b8cff13d-168c-5c65-ad52-99b0426b08f2,Dominik Szoboszlai,MID,RAM,0,0.0,0.9664032314384248,86.99962483271135,1.0,RB,4-2-3-1,0.0,0.9664032314384248,86.99962483271135,86.99962483271135,HIGH_PSTART_DID_NOT_START,0.9681493566778254,87.15556336549218,7.620666666666667,7.560833333333334,0.0598333333333327,-1.33,0.7620603993787258,0.0993929686036564,-0.9439736147145006,0.0059821614060795,5.0,RB,4-2-3-1,86.99962483271135,87.15556336549218,0.15593853278083714,0.9664032314384248,0.9681493566778254,0.0017461252394006532,0.0017461252394006532,0.15593853278083714,False,True
7729aaf4-dd5e-5f38-a0a4-430fccf34c7c,30,17,sunderland,eeb782c9-d515-562b-b132-d07e7ac988fa,Chris Rigg,MID,RAM,1,90.0,0.1806178627174808,11.42292551832914,0.0,UNKNOWN,UNKNOWN,1.0,0.8193821372825192,-78.57707448167086,78.57707448167086,LOW_PSTART_STARTED,0.1773546895624062,11.265202301435217,6.384666666666666,6.337999999999999,0.0466666666666668,0.3757142857142854,-0.97792931580755,0.077621320506646,0.462865825377068,0.0,20.0,UNKNOWN,UNKNOWN,78.57707448167086,78.73479769856479,0.15772321689392754,0.8193821372825192,0.8226453104375938,0.003263173155074628,-0.0032631731550746,-0.157723216893924,False,True
16495e99-1e75-5b2f-a337-1dfde9ddfe08,33,6,brighton-hove-albion,de6b06be-d7b4-506e-9177-df5cf336214a,Yasin Ayari,MID,RDM,0,8.0,0.8557413201260272,78.21519010555522,1.0,RDM,4-2-3-1,0.0,0.8557413201260272,70.21519010555522,70.21519010555522,HIGH_PSTART_DID_NOT_START,0.8577030158601082,78.3754453958912,7.653333333333333,7.032499999999999,0.6208333333333345,1.8785714285714272,0.984685937585718,0.775795351835652,0.9867403347093128,0.0186533746172112,20.0,RDM,4-2-3-1,70.21519010555522,70.3754453958912,0.16025529033598218,0.8557413201260272,0.8577030158601082,0.0019616957340810037,0.0019616957340810037,0.16025529033598218,False,True
1ce47acb-bab6-57a0-b8fc-b4936d9f71f7,31,2,aston-villa,08c10373-3236-58f3-8488-9bc9fad8dfde,Jadon Sancho,MID,RAM,1,66.0,0.1497892656793134,15.266954666912133,0.0,UNKNOWN,UNKNOWN,1.0,0.8502107343206866,-50.73304533308787,50.73304533308787,LOW_PSTART_STARTED,0.1466732322936043,15.106565354773943,6.422,6.738333333333332,-0.3163333333333327,-0.2400000000000002,-0.8941441828600453,-0.48325488157807,-0.3095069212126387,0.0,20.0,UNKNOWN,UNKNOWN,50.733045333087865,50.89343464522606,0.16038931213819296,0.8502107343206866,0.8533267677063957,0.003116033385709094,-0.003116033385709094,-0.1603893121381894,False,True
97b2d8d5-ad23-581e-a7ba-80ed12ecc351,23,11,leeds-united,a8678248-1555-5a99-8bcd-6ec2a944ea53,Sebastiaan Bornauw,DEF,RCB,1,84.0,0.1543345256474632,17.17210275171719,0.0,UNKNOWN,UNKNOWN,1.0,0.8456654743525367,-66.82789724828281,66.82789724828281,LOW_PSTART_STARTED,0.1521486414137168,17.011482685057317,6.848666666666667,0.0,0.0,-0.0185714285714295,-0.8987262319140165,0.0,-0.0247568450663033,0.0,20.0,UNKNOWN,UNKNOWN,66.82789724828281,66.98851731494268,0.16062006665987383,0.8456654743525368,0.8478513585862832,0.002185884233746438,-0.0021858842337463824,-0.16062006665987383,False,True
de9a09f3-6021-5322-bb75-a6a0dc72d91d,22,17,sunderland,cde7eda9-ac09-5cd3-abff-bd8116cd4a4e,Reinildo Mandava,DEF,LB,1,90.0,0.0508312573610501,4.639816921927228,0.0,UNKNOWN,UNKNOWN,1.0,0.94916874263895,-85.36018307807277,85.36018307807277,LOW_PSTART_STARTED,0.0490337196209957,4.4781616340932215,7.593999999999999,6.715,0.8789999999999996,0.6128571428571421,0.9873610269074874,0.8986193501374985,0.673511786270473,0.0,20.0,UNKNOWN,UNKNOWN,85.36018307807277,85.52183836590677,0.16165528783400873,0.9491687426389499,0.9509662803790043,0.0017975377400544224,-0.0017975377400543946,-0.16165528783400607,False,True
8b19f294-8fed-5a60-8498-f5c9c1b8d138,24,15,newcastle-united,36a8b089-9a84-5fa6-ae4a-59a2994b9494,Lewis Miley,MID,RB,0,0.0,0.847883663202613,79.3892529308358,0.0,UNKNOWN,UNKNOWN,0.0,0.847883663202613,79.3892529308358,79.3892529308358,HIGH_PSTART_DID_NOT_START,0.8502597790061833,79.55499688788188,6.568666666666667,7.282499999999999,-0.7138333333333318,-0.5757142857142856,-0.8853516482022621,-0.8304926990091529,-0.6455428356140712,0.0,20.0,UNKNOWN,UNKNOWN,79.3892529308358,79.55499688788188,0.16574395704608946,0.847883663202613,0.8502597790061833,0.0023761158035703334,0.0023761158035703334,0.16574395704608946,False,True
5c86a947-9f04-5f6a-8730-ff79513f254e,35,15,newcastle-united,133b6e37-92c1-5dc9-a4dd-a5f957768626,Joelinton Cássio Apolinário de Lira,MID,LCM,1,90.0,0.1067161804511456,12.478951102561693,0.0,UNKNOWN,UNKNOWN,1.0,0.8932838195488544,-77.5210488974383,77.5210488974383,LOW_PSTART_STARTED,0.1046254397366514,12.312168536667112,6.259333333333333,7.289166666666667,-1.0298333333333334,-0.1271428571428572,-0.9039362470365429,-0.93742673146395,-0.1679183193639976,0.0,20.0,UNKNOWN,UNKNOWN,77.5210488974383,77.68783146333288,0.16678256589457874,0.8932838195488544,0.8953745602633486,0.0020907407144942214,-0.0020907407144942075,-0.16678256589458051,False,True
0d6a442b-e1f2-53f3-a9a8-0b75c19465d8,38,8,crystal-palace,0fa345a4-e26c-50d4-8f35-8b13aa9d7c09,Will Hughes,MID,LCM,1,90.0,0.1679237079365109,11.134476596591552,0.0,UNKNOWN,UNKNOWN,1.0,0.8320762920634891,-78.86552340340845,78.86552340340845,LOW_PSTART_STARTED,0.1649874716105409,10.965568730573985,6.280666666666667,6.655,-0.3743333333333334,-0.1300000000000007,-0.9830889619903462,-0.553829893672028,-0.1716180431299707,0.0,20.0,UNKNOWN,UNKNOWN,78.86552340340845,79.03443126942602,0.16890786601757668,0.8320762920634891,0.8350125283894592,0.0029362363259700652,-0.0029362363259700097,-0.1689078660175678,False,True
95efeb72-d689-58fb-a022-ffad47516d80,35,16,nottingham-forest,df240c75-117c-5865-8931-093b55e8d7fd,Luca Netz,DEF,UNKNOWN,1,90.0,0.1260381797257367,15.678344009013458,0.0,UNKNOWN,UNKNOWN,1.0,0.8739618202742633,-74.32165599098654,74.32165599098654,LOW_PSTART_STARTED,0.1236296643689712,15.506594153671916,6.198571428571428,0.0,0.0,0.3066666666666666,0.0,0.0,0.0,0.0,0.0,UNKNOWN,UNKNOWN,74.32165599098654,74.49340584632809,0.1717498553415453,0.8739618202742633,0.8763703356310288,0.0024085153567655615,-0.002408515356765492,-0.17174985534154175,False,True
622cfd32-fefc-538b-92e0-7c761e8052b4,30,15,newcastle-united,51e8b386-e9bf-5082-8db8-d994f8a48d0b,Tino Livramento,DEF,RB,1,90.0,0.1499425144097348,15.535653558592916,0.0,UNKNOWN,UNKNOWN,1.0,0.8500574855902652,-74.46434644140709,74.46434644140709,LOW_PSTART_STARTED,0.1479446133223294,15.36063895586528,6.738,6.9175,-0.1795,-0.8099999999999996,-0.4725382989792471,-0.2905498133158017,-0.7931990970835006,0.0,20.0,UNKNOWN,UNKNOWN,74.46434644140709,74.63936104413472,0.1750146027276287,0.8500574855902652,0.8520553866776706,0.001997901087405385,-0.0019979010874054126,-0.1750146027276358,False,True
7729aaf4-dd5e-5f38-a0a4-430fccf34c7c,30,17,sunderland,bb4e74c1-9fc8-588e-8e27-159ea5d120df,Brian Brobbey,FWD,ST,1,77.0,0.1301988941929558,10.206271283549627,0.0,UNKNOWN,UNKNOWN,1.0,0.8698011058070441,-66.79372871645037,66.79372871645037,LOW_PSTART_STARTED,0.1277046576165396,10.030931097637712,5.738,6.685,-0.947,-0.2528571428571426,-0.997418167035605,-0.9183412097210044,-0.3249242741983242,0.0,20.0,UNKNOWN,UNKNOWN,66.79372871645037,66.9690689023623,0.1753401859119208,0.8698011058070442,0.8722953423834604,0.002494236576416231,-0.0024942365764162033,-0.17534018591191547,False,True
457d30c3-d5ec-5fbc-9e3e-b071192ded0c,30,1,arsenal,70c234df-f148-59b3-b1f9-6d390e9cf562,Noni Madueke,MID,RW,1,60.0,0.1740478693357725,13.460972821516227,0.0,UNKNOWN,UNKNOWN,1.0,0.8259521306642275,-46.53902717848377,46.53902717848377,LOW_PSTART_STARTED,0.1711971905250421,13.284996921110826,7.955333333333333,7.170000000000001,0.7853333333333321,1.402857142857142,0.98417097390303,0.8639940004856694,0.9536372747048272,0.0,20.0,UNKNOWN,UNKNOWN,46.53902717848377,46.715003078889175,0.17597590040540467,0.8259521306642275,0.8288028094749579,0.0028506788107304226,-0.002850678810730395,-0.17597590040540112,False,True
0d6a442b-e1f2-53f3-a9a8-0b75c19465d8,38,1,arsenal,70c234df-f148-59b3-b1f9-6d390e9cf562,Noni Madueke,MID,RW,1,83.0,0.1085021494903568,14.045079324130691,0.0,UNKNOWN,UNKNOWN,1.0,0.8914978505096431,-68.9549206758693,68.9549206758693,LOW_PSTART_STARTED,0.1059309948687289,13.866230313582273,6.236,7.249166666666667,-1.0131666666666677,-0.2057142857142864,-0.9867612258935644,-0.9339700793290208,-0.2676081761070175,0.0,20.0,UNKNOWN,UNKNOWN,68.9549206758693,69.13376968641772,0.17884901054841862,0.8914978505096431,0.8940690051312711,0.0025711546216279357,-0.002571154621627908,-0.17884901054841862,False,True
318ad40d-b456-558d-bca7-c9fa1aed3f94,29,13,manchester-city,f717009d-d433-5fa0-9cf5-1e081478a8f1,Phil Foden,MID,LCM,1,76.0,0.1661585265741755,14.89520468733893,0.0,UNKNOWN,UNKNOWN,1.0,0.8338414734258245,-61.10479531266107,61.10479531266107,LOW_PSTART_STARTED,0.1634509642962497,14.716288695901577,6.914666666666666,6.961666666666666,-0.0469999999999997,-0.652857142857143,-0.9489490907092286,-0.0781735049327908,-0.7016159902983896,0.0,20.0,UNKNOWN,UNKNOWN,61.10479531266107,61.283711304098425,0.17891599143735704,0.8338414734258245,0.8365490357037503,0.00270756227792579,-0.002707562277925818,-0.17891599143735348,False,True
e1b64232-1ee4-522c-b106-e651d9eba4ea,38,2,aston-villa,75f6d292-641f-53ef-a822-a86d1d9c8086,Douglas Luiz Soares de Paulo,MID,LDM,1,72.0,0.1896109206941427,16.944694519226104,0.0,UNKNOWN,UNKNOWN,1.0,0.8103890793058572,-55.055305480773896,55.055305480773896,LOW_PSTART_STARTED,0.1863679166360412,16.764352975702156,6.465333333333333,7.124999999999999,-0.6596666666666664,0.1171428571428565,-0.9913585329601762,-0.8002993767079305,0.1549326359146912,0.0,20.0,UNKNOWN,UNKNOWN,55.055305480773896,55.23564702429785,0.1803415435239515,0.8103890793058572,0.8136320833639588,0.0032430040581015174,-0.0032430040581015174,-0.18034154352394793,False,True
53a5b9eb-ba57-5a74-9126-31f1c9776a9b,38,5,brentford,9a8ecf00-4990-5980-88ac-7e6f3426cc04,Yegor Yarmoliuk,MID,RDM,0,0.0,0.8862766486793646,79.4389728136551,1.0,RDM,4-2-3-1,0.0,0.8862766486793646,79.4389728136551,79.4389728136551,HIGH_PSTART_DID_NOT_START,0.8890488535679391,79.6233006745868,7.207333333333334,6.564166666666668,0.6431666666666658,0.1342857142857134,0.813664450101353,0.7901926685658095,0.1771585336775922,0.0148829182615018,5.0,RDM,4-2-3-1,79.4389728136551,79.6233006745868,0.1843278609317025,0.8862766486793646,0.8890488535679391,0.0027722048885744366,0.0027722048885744366,0.1843278609317025,False,True
94338b30-8c36-517f-8821-7e38666f86c7,27,9,everton,9cb12f76-aa67-5f6a-9571-1925e3cbe9ef,Tim Iroegbunam,MID,RDM,1,78.0,0.1768115170807365,19.11119553254985,0.0,UNKNOWN,UNKNOWN,1.0,0.8231884829192635,-58.88880446745015,58.88880446745015,LOW_PSTART_STARTED,0.174599227492927,18.92454621914997,6.687333333333333,6.6925,-0.0051666666666667,-1.2157142857142844,-0.8416097391382249,-0.0086108982759174,-0.9247622593393512,0.0,20.0,UNKNOWN,UNKNOWN,58.88880446745015,59.075453780850026,0.1866493133998759,0.8231884829192635,0.825400772507073,0.0022122895878095017,-0.0022122895878095017,-0.18664931339987945,False,True
728090a6-8bed-5bb5-ba22-55caa5d0f65a,37,8,crystal-palace,a5346cce-0d2c-5baf-97da-d70579ec7aa9,Chadi Riad Dnanou,DEF,LCB,1,73.0,0.1103534701743147,10.8065275110624,0.0,UNKNOWN,UNKNOWN,1.0,0.8896465298256853,-62.1934724889376,62.1934724889376,LOW_PSTART_STARTED,0.1077399938239696,10.617948268182303,6.718000000000001,6.783333333333334,-0.0653333333333332,-0.0599999999999996,0.8722049643986912,-0.1084605626365999,-0.0798297691111308,0.0,20.0,UNKNOWN,UNKNOWN,62.1934724889376,62.3820517318177,0.18857924288009542,0.8896465298256853,0.8922600061760304,0.0026134763503451452,-0.0026134763503451036,-0.1885792428800972,False,True
1ce47acb-bab6-57a0-b8fc-b4936d9f71f7,31,2,aston-villa,d66fa01c-cc13-5ddf-bec4-31c90df4cade,Pau Torres,DEF,LCB,1,90.0,0.0965372572856564,9.073248836726624,0.0,UNKNOWN,UNKNOWN,1.0,0.9034627427143436,-80.92675116327338,80.92675116327338,LOW_PSTART_STARTED,0.0944060066270246,8.88234505169696,6.4,6.7725,-0.3724999999999996,0.3428571428571434,-0.9012596064554176,-0.5517079769625057,0.4277527025569448,0.0,20.0,UNKNOWN,UNKNOWN,80.92675116327338,81.11765494830304,0.19090378502966132,0.9034627427143436,0.9055939933729754,0.0021312506586318447,-0.002131250658631803,-0.1909037850296631,False,True
dec351fa-176e-54ff-a391-5e41f9eeee09,37,10,fulham,bf6c1651-0779-512e-9c37-3b8ac8c14714,Alex Iwobi,MID,RDM,1,66.0,0.1220422468620363,5.874803407058399,0.0,UNKNOWN,UNKNOWN,1.0,0.8779577531379636,-60.1251965929416,60.1251965929416,LOW_PSTART_STARTED,0.1179808250108671,5.681904507011021,6.817333333333334,6.998333333333334,-0.181,-0.1657142857142863,0.9067416726429428,-0.2928370991394077,-0.2174256073414769,0.0,20.0,UNKNOWN,UNKNOWN,60.1251965929416,60.31809549298898,0.19289890004738197,0.8779577531379636,0.8820191749891328,0.0040614218511692,-0.0040614218511692,-0.19289890004737842,False,True
02c1a42f-1cb3-5453-a3e8-cca6c129d901,33,2,aston-villa,0af685cb-5dfb-5870-a8e7-c5f8568a71ad,Tyrone Mings,DEF,LCB,1,90.0,0.0764043428827001,7.80203398672584,0.0,UNKNOWN,UNKNOWN,1.0,0.9235956571173,-82.19796601327415,82.19796601327415,LOW_PSTART_STARTED,0.0742241702174198,7.608003529172128,6.029333333333333,6.8175,-0.7881666666666671,0.0871428571428571,-0.9726327626858994,-0.8651862783415456,0.1156704184438406,0.0,20.0,UNKNOWN,UNKNOWN,82.19796601327415,82.39199647082788,0.1940304575537226,0.9235956571172999,0.9257758297825802,0.0021801726652803666,-0.002180172665280297,-0.19403045755371195,False,True
14980272-dff9-5025-a8ef-deeed283d4ce,33,14,manchester-united,3da0d46a-b47e-5811-9668-ebfa18ca336a,Ayden Heaven,DEF,CB,1,90.0,0.062770033237219,6.071230914641525,0.0,UNKNOWN,UNKNOWN,1.0,0.937229966762781,-83.92876908535848,83.92876908535848,LOW_PSTART_STARTED,0.0595292264718596,5.873366713404012,6.5873333333333335,6.721666666666667,-0.1343333333333332,-1.13,-0.9898667413330676,-0.2202215019740259,-0.9063457209280196,0.0,20.0,UNKNOWN,UNKNOWN,83.92876908535848,84.12663328659599,0.1978642012375076,0.937229966762781,0.9404707735281403,0.0032408067653593164,-0.0032408067653593997,-0.19786420123751292,False,True
7729aaf4-dd5e-5f38-a0a4-430fccf34c7c,30,17,sunderland,483fd668-a74d-5c5c-9111-a023961f914b,Chemsdine Talbi,MID,LAM,1,84.0,0.1688794810769537,14.325240186614169,0.0,UNKNOWN,UNKNOWN,1.0,0.8311205189230463,-69.67475981338583,69.67475981338583,LOW_PSTART_STARTED,0.165785473104101,14.125446996556176,6.378,6.589999999999999,-0.2119999999999988,0.047142857142858,-0.9784091297199848,-0.3393283941555483,0.0627744901948865,0.0,20.0,UNKNOWN,UNKNOWN,69.67475981338583,69.87455300344382,0.19979319005798857,0.8311205189230463,0.834214526895899,0.0030940079728527525,-0.003094007972852697,-0.19979319005799212,False,True
25988556-93c6-5dfd-b380-96f4dd98805b,36,5,brentford,e9e9ef49-852e-55b1-9544-097415eb392b,Aaron Hickey,DEF,LB,1,60.0,0.1167768638980825,7.10267152044358,0.0,UNKNOWN,UNKNOWN,1.0,0.8832231361019175,-52.89732847955642,52.89732847955642,LOW_PSTART_STARTED,0.1119345104404876,6.900378356248349,6.954,6.5625,0.3914999999999997,-0.9085714285714284,-0.8651164135795083,0.5733505443682789,-0.8371075021039842,0.0,20.0,UNKNOWN,UNKNOWN,52.89732847955642,53.099621643751654,0.20229316419523258,0.8832231361019175,0.8880654895595124,0.004842353457594872,-0.0048423534575949,-0.2022931641952308,False,True
ee2e6f43-96fc-5070-b018-615238c06305,32,2,aston-villa,cb53d8d9-b190-5b1f-adab-60f5562d5d10,Victor Lindelöf,DEF,LCB,1,90.0,0.1104446581063849,11.078011889330734,0.0,UNKNOWN,UNKNOWN,1.0,0.8895553418936151,-78.92198811066926,78.92198811066926,LOW_PSTART_STARTED,0.1081551973778826,10.874889302752983,6.232666666666668,6.658888888888889,-0.4262222222222211,-0.4128571428571428,-0.9423787802371396,-0.6109090298464164,-0.5008770211287913,0.0,20.0,UNKNOWN,UNKNOWN,78.92198811066926,79.12511069724701,0.20312258657774862,0.8895553418936151,0.8918448026221174,0.002289460728502335,-0.002289460728502307,-0.2031225865777504,False,True
798085e6-30c4-5023-9459-9ecd515df77f,26,9,everton,3c785544-9ef9-55d3-b726-bcbf136d1d05,Tyrique George,MID,UNKNOWN,1,61.0,0.1498989480135624,17.485596327194255,0.0,UNKNOWN,UNKNOWN,1.0,0.8501010519864376,-43.51440367280574,43.51440367280574,LOW_PSTART_STARTED,0.1470321951429988,17.281526404809078,6.415333333333333,6.718333333333334,-0.3030000000000008,0.0742857142857147,0.0,0.0,0.0,0.0,0.0,UNKNOWN,UNKNOWN,43.51440367280574,43.71847359519092,0.2040699223851803,0.8501010519864376,0.8529678048570012,0.0028667528705635936,-0.0028667528705635936,-0.20406992238517674,False,True
1ce6ee26-3057-5ae0-a140-416d1bd98ae2,35,8,crystal-palace,9a90c10b-4796-5eda-a505-8db9bc21605d,Ismaïla Sarr,MID,RAM,0,45.0,0.853989727128856,80.18866875339049,1.0,RAM,3-4-2-1,0.0,0.853989727128856,35.18866875339049,35.18866875339049,HIGH_PSTART_DID_NOT_START,0.8570765556780514,80.39609182251222,6.448,7.053333333333334,-0.6053333333333342,0.475714285714286,-0.9077245974207666,-0.765302062050617,0.5609962039301263,-0.0115117793272208,20.0,RAM,3-4-2-1,35.18866875339049,35.39609182251222,0.20742306912173092,0.853989727128856,0.8570765556780514,0.0030868285491953973,0.0030868285491953973,0.20742306912173092,False,True
4366c228-7c85-5d35-8048-663446bd1b28,25,16,nottingham-forest,368ba0e1-be00-5ed2-af7e-82ca90752b95,Zach Abbott,DEF,UNKNOWN,1,75.0,0.0563242692556076,6.146405294051892,0.0,UNKNOWN,UNKNOWN,1.0,0.9436757307443924,-68.85359470594811,68.85359470594811,LOW_PSTART_STARTED,0.0535841139364712,5.937763575396208,6.882666666666667,6.25,0.6326666666666672,0.2085714285714281,0.0,0.0,0.0,0.0,0.0,UNKNOWN,UNKNOWN,68.85359470594811,69.0622364246038,0.20864171865568437,0.9436757307443924,0.9464158860635288,0.002740155319136406,-0.002740155319136399,-0.20864171865568348,False,True
17a9d946-6355-53b8-baf6-c49011bd1d69,30,8,crystal-palace,4e797913-6f5e-54d0-807d-555d7ec82308,Jefferson Lerma Solís,MID,RCB,1,90.0,0.1138019950754927,6.47104644718973,0.0,UNKNOWN,UNKNOWN,1.0,0.8861980049245073,-83.52895355281026,83.52895355281026,LOW_PSTART_STARTED,0.1095511824261136,6.261174589139858,6.256,6.798333333333333,-0.5423333333333327,-2.22,-0.9919135938885926,-0.7181861681473071,-0.9946439816275738,0.0,20.0,UNKNOWN,UNKNOWN,83.52895355281026,83.73882541086014,0.20987185804987973,0.8861980049245073,0.8904488175738864,0.004250812649379099,-0.004250812649379099,-0.20987185804987174,False,True
239ea4cb-1b2e-5d4d-91ca-19aaa3980d39,23,2,aston-villa,08c10373-3236-58f3-8488-9bc9fad8dfde,Jadon Sancho,MID,RAM,1,58.0,0.1230903725772307,17.965770441156124,0.0,UNKNOWN,UNKNOWN,1.0,0.8769096274227692,-40.03422955884388,40.03422955884388,LOW_PSTART_STARTED,0.1190573546214183,17.754297757750564,7.256,6.581666666666667,0.6743333333333332,1.6585714285714277,0.8865466053625685,0.8089173566735329,0.9762847844903284,0.0,20.0,UNKNOWN,UNKNOWN,40.034229558843876,40.245702242249436,0.21147268340556025,0.8769096274227693,0.8809426453785817,0.004033017955812346,-0.004033017955812401,-0.21147268340556025,False,True
70cc935f-f357-52d9-b752-3a2a21e28e41,30,2,aston-villa,7a546fa7-fe3d-5862-a0fc-4542c4583e9e,Ross Barkley,MID,UNKNOWN,1,81.0,0.1471239533896787,26.43713547167004,0.0,UNKNOWN,UNKNOWN,1.0,0.8528760466103212,-54.56286452832996,54.56286452832996,LOW_PSTART_STARTED,0.143619184490605,26.225245414797577,6.479333333333333,6.5025,-0.0231666666666665,-0.0842857142857145,0.0,0.0,0.0,0.0,0.0,UNKNOWN,UNKNOWN,54.56286452832996,54.77475458520242,0.21189005687246265,0.8528760466103213,0.856380815509395,0.003504768899073696,-0.003504768899073696,-0.21189005687246265,False,True
ba89faf8-3800-548a-951b-e5d7ed60ed05,37,7,chelsea,8b1af3a3-b391-5111-954e-dbda5d6d12a5,Liam Delap,FWD,ST,1,88.0,0.1594597115128511,22.997198152060516,0.0,UNKNOWN,UNKNOWN,1.0,0.8405402884871489,-65.00280184793948,65.00280184793948,LOW_PSTART_STARTED,0.1558414728333656,22.78205310691512,5.816666666666666,6.673333333333333,-0.8566666666666665,-0.4857142857142857,-0.9897541017553844,-0.8912102941264044,-0.5700649429432746,0.0,20.0,UNKNOWN,UNKNOWN,65.00280184793948,65.21794689308487,0.21514504514539112,0.8405402884871489,0.8441585271666344,0.0036182386794855192,-0.0036182386794854915,-0.21514504514539468,False,True
1ce6ee26-3057-5ae0-a140-416d1bd98ae2,35,8,crystal-palace,234b9ca0-1d3a-52c1-ae12-d422a588485e,Justin Devenny,MID,RWB,1,90.0,0.0992788289833248,12.382030869691691,0.0,UNKNOWN,UNKNOWN,1.0,0.9007211710166751,-77.61796913030831,77.61796913030831,LOW_PSTART_STARTED,0.0966999571600852,12.160137599075044,6.0953333333333335,6.509166666666666,-0.4138333333333328,-0.1399999999999996,-0.9705810425068429,-0.5978035215440085,-0.1845283661215824,0.0,20.0,UNKNOWN,UNKNOWN,77.61796913030831,77.83986240092496,0.221893270616647,0.9007211710166751,0.9033000428399148,0.0025788718232396812,-0.002578871823239598,-0.221893270616647,False,True
25988556-93c6-5dfd-b380-96f4dd98805b,36,13,manchester-city,74dac327-64c8-5269-84db-4a4550f5f921,Abdukodir Khusanov,DEF,RCB,0,0.0,0.8487112947163354,77.87042833344218,1.0,RCB,4-2-3-1,0.0,0.8487112947163354,77.87042833344218,77.87042833344218,HIGH_PSTART_DID_NOT_START,0.8515596133112503,78.09879230783638,7.37,7.021666666666666,0.3483333333333345,-0.9642857142857144,0.9266919160064614,0.5230691017904907,-0.8579999616984019,0.0040016882164053,20.0,RCB,4-2-3-1,77.87042833344218,78.09879230783638,0.22836397439419898,0.8487112947163354,0.8515596133112503,0.002848318594914856,0.002848318594914856,0.22836397439419898,False,True
70cc935f-f357-52d9-b752-3a2a21e28e41,30,2,aston-villa,b4f928ae-7ba3-580f-98d8-aafd811dfc4b,Lucas Digne,DEF,LB,1,81.0,0.1466357278574961,12.354447128858826,0.0,UNKNOWN,UNKNOWN,1.0,0.8533642721425039,-68.64555287114118,68.64555287114118,LOW_PSTART_STARTED,0.143140637435866,12.122343504419565,6.266666666666667,6.551666666666666,-0.2849999999999992,-0.5285714285714294,-0.9355478261875548,-0.4422303560457252,-0.6073816500617942,0.0,20.0,UNKNOWN,UNKNOWN,68.64555287114118,68.87765649558044,0.23210362443926158,0.8533642721425039,0.856859362564134,0.003495090421630098,-0.003495090421630098,-0.23210362443926158,False,True
df7ba6cc-31bb-5cbf-8a2f-b79c5249f90f,26,12,liverpool,4b503a23-131b-5e74-983e-6d9f3f06f2dd,Milos Kerkez,DEF,LB,0,0.0,0.8630763666623081,79.51884653336496,1.0,LB,4-2-3-1,0.0,0.8630763666623081,79.51884653336496,79.51884653336496,HIGH_PSTART_DID_NOT_START,0.8663615880031971,79.75702208908226,6.898666666666667,7.07,-0.1713333333333331,-0.6828571428571433,-0.7689598628811193,-0.2780390373786691,-0.7213607319210434,-0.0128293948681899,1.0,LB,4-2-3-1,79.51884653336496,79.75702208908226,0.23817555571729088,0.8630763666623081,0.8663615880031971,0.003285221340888933,0.003285221340888933,0.23817555571729088,False,True
42e4a271-71e1-5966-a539-bf677d41e025,28,12,liverpool,0ffc6ec2-ca3e-5db4-8ebf-a8eba45464b9,Joseph Gomez,DEF,RB,1,76.0,0.1827653355217709,12.222434983112796,0.0,UNKNOWN,UNKNOWN,1.0,0.8172346644782291,-63.77756501688721,63.77756501688721,LOW_PSTART_STARTED,0.1732940990333245,11.981636067132415,6.236666666666667,6.627272727272726,-0.3906060606060588,-0.25,-0.9952587216959188,-0.5723495668060581,-0.3215127375316343,0.0,20.0,UNKNOWN,UNKNOWN,63.7775650168872,64.01836393286759,0.24079891598038472,0.8172346644782291,0.8267059009666755,0.009471236488446388,-0.009471236488446416,-0.24079891598038117,False,True
9d7e2609-879a-5940-b916-fce719c34570,32,14,manchester-united,c2bb5215-da9d-515a-81f0-604c302f3078,Noussair Mazraoui,DEF,RB,1,69.0,0.1202458650787345,16.96421242190432,0.0,UNKNOWN,UNKNOWN,1.0,0.8797541349212654,-52.03578757809568,52.03578757809568,LOW_PSTART_STARTED,0.1170633522243614,16.721710824903386,6.900666666666667,6.905714285714287,-0.0050476190476196,0.1914285714285712,-0.9898443124133594,-0.0084124999529624,0.249836195992251,0.0,20.0,UNKNOWN,UNKNOWN,52.03578757809568,52.27828917509662,0.24250159700093832,0.8797541349212655,0.8829366477756386,0.0031825128543730985,-0.0031825128543730985,-0.24250159700093477,False,True
dc1d8946-e5da-5a50-b228-61e8601bc305,23,13,manchester-city,7ba3294a-acf2-50da-ba1c-626fce42c1dc,Omar Marmoush,MID,LW,1,73.0,0.082659555409761,6.674974090041416,0.0,UNKNOWN,UNKNOWN,1.0,0.917340444590239,-66.32502590995858,66.32502590995858,LOW_PSTART_STARTED,0.079063299503841,6.430141851839351,6.058666666666666,6.909999999999999,-0.8513333333333328,0.0671428571428576,-0.990745099837474,-0.8893669021291263,0.0892854105260364,0.0,20.0,UNKNOWN,UNKNOWN,66.32502590995858,66.56985814816065,0.2448322382020649,0.917340444590239,0.920936700496159,0.003596255905920054,-0.0035962559059199983,-0.2448322382020649,False,True
31de2a73-94e2-5e1f-829e-f19990739961,28,2,aston-villa,359bea2a-202d-5b9f-be77-415683313cef,Ian Maatsen,DEF,LB,0,20.0,0.8205919146504244,75.95713179600641,1.0,LB,4-2-3-1,0.0,0.8205919146504244,55.95713179600641,55.95713179600641,HIGH_PSTART_DID_NOT_START,0.8237591506141136,76.20503579867318,6.656666666666666,7.002500000000001,-0.345833333333335,0.5428571428571427,-0.8242721703413974,-0.5200358471919008,0.6192634652311881,0.0005314594753232,20.0,LB,4-2-3-1,55.95713179600641,56.20503579867318,0.24790400266677182,0.8205919146504244,0.8237591506141136,0.0031672359636892855,0.0031672359636892855,0.24790400266677182,False,True
97b2d8d5-ad23-581e-a7ba-80ed12ecc351,23,9,everton,d0fb5815-b17b-56d0-869e-d0e8910ab751,Idrissa Gueye,MID,LDM,1,90.0,0.0544576187050415,4.963018689715353,0.0,UNKNOWN,UNKNOWN,1.0,0.9455423812949584,-85.03698131028465,85.03698131028465,LOW_PSTART_STARTED,0.0516936839758828,4.714486764686054,6.578666666666667,6.931111111111112,-0.352444444444445,0.0885714285714289,-0.9965241824916884,-0.5280284263800514,0.1175492790776967,0.0,20.0,UNKNOWN,UNKNOWN,85.03698131028465,85.28551323531394,0.24853192502929744,0.9455423812949585,0.9483063160241172,0.0027639347291587013,-0.0027639347291586944,-0.24853192502929922,False,True
e1b64232-1ee4-522c-b106-e651d9eba4ea,38,2,aston-villa,c462a624-2653-5229-87c5-bd5b685f0e3c,Lamare Bogarde,DEF,RDM,1,72.0,0.1718205621506782,18.14804488055938,0.0,UNKNOWN,UNKNOWN,1.0,0.8281794378493217,-53.85195511944062,53.85195511944062,LOW_PSTART_STARTED,0.168818448630248,17.89399598996365,6.214,6.384166666666666,-0.1701666666666659,0.2699999999999996,-0.9962519006411498,-0.2762439413623297,0.3452140341355204,0.0,20.0,UNKNOWN,UNKNOWN,53.85195511944062,54.10600401003635,0.2540488905957332,0.8281794378493218,0.831181551369752,0.0030021135204302274,-0.0030021135204301996,-0.25404889059572966,False,True
52ecb34c-b2fd-592c-b014-dc770fdef03b,29,10,fulham,b0f2d5cb-b80d-5e8a-9e43-b15a89d555ca,Antonee Robinson,DEF,LB,1,90.0,0.0998314720278168,6.991081167717159,0.0,UNKNOWN,UNKNOWN,1.0,0.9001685279721832,-83.00891883228284,83.00891883228284,LOW_PSTART_STARTED,0.0961410397003926,6.736808591433356,6.975333333333333,7.216666666666666,-0.2413333333333325,1.1028571428571432,-0.977537885723535,-0.381848774582093,0.8996682530049179,0.0,20.0,UNKNOWN,UNKNOWN,83.00891883228284,83.26319140856664,0.25427257628379607,0.9001685279721832,0.9038589602996074,0.0036904323274242756,-0.0036904323274241924,-0.2542725762838023,False,True
7769decc-98b9-5b54-a4a3-fc4aa47199e9,35,1,arsenal,8bac1cb7-1c33-563a-9137-8a394efb10f5,Myles Lewis-Skelly,DEF,LB,1,90.0,0.1497821473428067,17.587827763427804,0.0,UNKNOWN,UNKNOWN,1.0,0.8502178526571933,-72.41217223657219,72.41217223657219,LOW_PSTART_STARTED,0.1467787041945478,17.332027615818973,6.854666666666668,6.84,0.0146666666666677,-0.2671428571428569,-0.6762775737016594,0.0244395768378563,-0.3418540992756216,0.0,20.0,UNKNOWN,UNKNOWN,72.41217223657219,72.66797238418103,0.25580014760883785,0.8502178526571933,0.8532212958054521,0.003003443148258844,-0.0030034431482588997,-0.25580014760883074,False,True
e2562928-63eb-5b52-9e4c-94f8ddca3e11,24,7,chelsea,8b1af3a3-b391-5111-954e-dbda5d6d12a5,Liam Delap,FWD,ST,1,90.0,0.1748171064380437,22.64795914545705,0.0,UNKNOWN,UNKNOWN,1.0,0.8251828935619563,-67.35204085454295,67.35204085454295,LOW_PSTART_STARTED,0.1716391053400623,22.38877387066509,6.728666666666666,6.09,0.6386666666666665,0.0885714285714289,-0.9890516253470644,0.7873589612881684,0.1175492790776967,0.0,20.0,UNKNOWN,UNKNOWN,67.35204085454295,67.61122612933491,0.2591852747919603,0.8251828935619563,0.8283608946599377,0.0031780010979813866,-0.0031780010979814144,-0.2591852747919603,False,True
ae89dde2-06e5-5c3d-88d1-b18a3afac874,38,14,manchester-united,8d2526be-436d-5cc9-ac87-685d6e1cc27c,Diogo Dalot Teixeira,DEF,RB,0,0.0,0.8266796658738074,75.50059446127969,1.0,RB,4-2-3-1,0.0,0.8266796658738074,75.50059446127969,75.50059446127969,HIGH_PSTART_DID_NOT_START,0.8298454217142738,75.76543104737442,7.380666666666667,7.18,0.2006666666666676,0.8557142857142859,0.9294649923798168,0.322508636416721,0.8147345400572772,-0.0012711967550608,3.0,RB,4-2-3-1,75.50059446127969,75.76543104737442,0.2648365860947308,0.8266796658738074,0.8298454217142738,0.003165755840466411,0.003165755840466411,0.2648365860947308,False,True
a32f57c7-b17f-5880-9c2f-5b6dca9ce31f,36,4,afc-bournemouth,5e18290b-6577-5a0a-9541-c1bab3c65004,Adam Smith,DEF,RB,1,90.0,0.0527245759709851,4.182970264130386,0.0,UNKNOWN,UNKNOWN,1.0,0.9472754240290148,-85.81702973586961,85.81702973586961,LOW_PSTART_STARTED,0.048173697879495,3.914815057047245,6.974,6.171,0.8029999999999999,-0.6300000000000008,0.6196547480062307,0.8712713526573219,-0.6858090622290951,0.0,20.0,UNKNOWN,UNKNOWN,85.81702973586961,86.08518494295275,0.2681552070831401,0.9472754240290149,0.951826302120505,0.004550878091490129,-0.0045508780914901015,-0.268155207083141,False,True
f2500cd6-3213-514b-bc50-11600f2a02df,24,18,tottenham-hotspur,8e00491e-df3c-59d8-8196-500825daf087,João Palhinha Gonçalves,MID,RDM,1,90.0,0.1506223778660258,17.62651512319585,0.0,UNKNOWN,UNKNOWN,1.0,0.8493776221339742,-72.37348487680416,72.37348487680416,LOW_PSTART_STARTED,0.1474036636772598,17.352810671922597,7.704,6.924166666666667,0.7798333333333325,0.9985714285714282,0.991472499786062,0.8616516329727548,0.8695980507320512,0.0,20.0,UNKNOWN,UNKNOWN,72.37348487680416,72.6471893280774,0.2737044512732467,0.8493776221339742,0.8525963363227402,0.0032187141887660697,-0.0032187141887660142,-0.2737044512732538,False,True
9d7e2609-879a-5940-b916-fce719c34570,32,11,leeds-united,3b36fb97-62ec-53b8-882c-bd6a01550f8c,Tanaka Ao,MID,RCM,1,73.0,0.0837121449564498,10.42779786661166,0.0,UNKNOWN,UNKNOWN,1.0,0.91628785504355,-62.572202133388345,62.572202133388345,LOW_PSTART_STARTED,0.0796071966969168,10.152188459182144,7.539333333333333,6.9558333333333335,0.5834999999999999,1.694285714285714,0.9620943171453388,0.7498008369323694,0.978415908917079,0.0,20.0,UNKNOWN,UNKNOWN,62.57220213338834,62.84781154081786,0.27560940742952056,0.9162878550435503,0.9203928033030833,0.004104948259533003,-0.004104948259533003,-0.275609407429517,False,True
9d7e2609-879a-5940-b916-fce719c34570,32,11,leeds-united,2151f057-0065-57a0-87e5-2a434738b8d1,Gabriel Gudmundsson,DEF,LWB,1,90.0,0.1104261742079841,6.290249858873679,0.0,UNKNOWN,UNKNOWN,1.0,0.8895738257920158,-83.70975014112632,83.70975014112632,LOW_PSTART_STARTED,0.1051616074369106,6.013935100396587,6.566666666666666,7.0058333333333325,-0.439166666666666,-2.3928571428571432,-0.747726123588809,-0.6242534994432922,-0.9966187076055382,0.0,3.0,UNKNOWN,UNKNOWN,83.70975014112632,83.9860648996034,0.27631475847708487,0.8895738257920159,0.8948383925630894,0.005264566771073453,-0.005264566771073509,-0.27631475847709197,False,True
7eb9f651-a02f-59cf-843e-8b905b79f98c,38,10,fulham,aa82079f-0382-5b01-bb3b-9224650f408b,Sasa Lukic,MID,RDM,0,0.0,0.8331938230422243,77.64042500342335,1.0,RDM,4-2-3-1,0.0,0.8331938230422243,77.64042500342335,77.64042500342335,HIGH_PSTART_DID_NOT_START,0.8369596204651769,77.91945345842402,7.174,6.995,0.1790000000000002,1.1485714285714286,0.944695155354354,0.2897866447053953,0.91066874341876,0.0121627838248115,20.0,RDM,4-2-3-1,77.64042500342335,77.91945345842402,0.2790284550006703,0.8331938230422243,0.8369596204651769,0.003765797422952577,0.003765797422952577,0.2790284550006703,False,True
25988556-93c6-5dfd-b380-96f4dd98805b,36,5,brentford,9c63b373-5b16-5d1a-8ee1-2b35708a7892,Dango Ouattara,MID,RAM,0,22.0,0.9128066634016858,82.3993062746956,1.0,RAM,4-2-3-1,0.0,0.9128066634016858,60.3993062746956,60.3993062746956,HIGH_PSTART_DID_NOT_START,0.9164415058961504,82.67930006478964,6.959333333333333,6.994166666666668,-0.0348333333333341,0.515714285714286,0.3723177119376505,-0.0579904189686354,0.5964502570073995,-0.0051612275991229,4.0,RAM,4-2-3-1,60.399306274695604,60.67930006478964,0.27999379009403924,0.9128066634016858,0.9164415058961504,0.003634842494464552,0.003634842494464552,0.27999379009403924,False,True
7d478ee4-036e-5700-9dcd-a71ec1f2326a,27,5,brentford,e9e9ef49-852e-55b1-9544-097415eb392b,Aaron Hickey,DEF,LB,1,44.0,0.1799066445489479,17.201502448115058,0.0,UNKNOWN,UNKNOWN,1.0,0.8200933554510521,-26.798497551884942,26.798497551884942,LOW_PSTART_STARTED,0.1758757238566605,16.91742484700717,7.359333333333334,6.569166666666667,0.7901666666666669,1.5442857142857145,0.96125903883608,0.8660220406251644,0.9679703267708946,0.0,20.0,UNKNOWN,UNKNOWN,26.798497551884942,27.08257515299283,0.2840776011078887,0.8200933554510521,0.8241242761433395,0.0040309206922873875,-0.0040309206922873875,-0.2840776011078887,False,True
df7ba6cc-31bb-5cbf-8a2f-b79c5249f90f,26,12,liverpool,e294bf9c-b850-58e2-8e18-b24687408f28,Wataru Endo,MID,UNKNOWN,1,68.0,0.0748775924139502,8.872593726287604,0.0,UNKNOWN,UNKNOWN,1.0,0.9251224075860498,-59.1274062737124,59.1274062737124,LOW_PSTART_STARTED,0.0710422584618466,8.58600810156247,6.606,7.32,-0.7140000000000004,0.5657142857142867,0.0,0.0,0.0,0.0,0.0,UNKNOWN,UNKNOWN,59.127406273712396,59.41399189843753,0.2865856247251344,0.9251224075860498,0.9289577415381534,0.003835333952103559,-0.0038353339521036006,-0.2865856247251344,False,True
57b20b8b-c663-5991-a397-771f728fd27c,33,1,arsenal,fef527c5-6c7c-57b6-9192-f9347f34904a,Martin Ødegaard,MID,RCM,1,90.0,0.1643943590492906,11.570377212728092,0.0,UNKNOWN,UNKNOWN,1.0,0.8356056409507093,-78.42962278727191,78.42962278727191,LOW_PSTART_STARTED,0.1591347959630003,11.283345326429256,7.231333333333334,7.0008333333333335,0.2305000000000001,0.7471428571428573,0.9362372926281046,0.3663205000822112,0.759989606165916,0.0,20.0,UNKNOWN,UNKNOWN,78.42962278727191,78.71665467357074,0.28703188629883414,0.8356056409507094,0.8408652040369997,0.005259563086290275,-0.005259563086290303,-0.2870318862988359,False,True
3670426a-a771-510e-9762-2f3db0f13f12,27,2,aston-villa,fc551cf2-132e-5dac-a9b5-aaeb090b32b5,Leon Bailey,MID,UNKNOWN,1,60.0,0.1171525069050741,22.042812681753635,0.0,UNKNOWN,UNKNOWN,1.0,0.8828474930949258,-37.95718731824637,37.95718731824637,LOW_PSTART_STARTED,0.1126181094982827,21.75541055301512,6.222666666666667,6.43,-0.2073333333333327,-0.434285714285715,0.0,0.0,0.0,0.0,0.0,UNKNOWN,UNKNOWN,37.95718731824637,38.244589446984875,0.28740212873850624,0.8828474930949259,0.8873818905017173,0.004534397406791402,-0.004534397406791402,-0.28740212873851334,False,True
14980272-dff9-5025-a8ef-deeed283d4ce,33,14,manchester-united,82990c89-5786-50c7-898b-b6d67ce0f54a,Leny Yoro,DEF,RCB,0,0.0,0.9253177413411464,84.17543098104896,1.0,RCB,4-2-3-1,0.0,0.9253177413411464,84.17543098104896,84.17543098104896,HIGH_PSTART_DID_NOT_START,0.9290379700449048,84.46557662079236,7.402666666666666,6.546666666666666,0.8559999999999999,0.4442857142857148,0.943852472353336,0.8909814629446314,0.5316058528520554,0.0177882011610206,20.0,RCB,4-2-3-1,84.17543098104896,84.46557662079236,0.29014563974340035,0.9253177413411464,0.9290379700449048,0.0037202287037584325,0.0037202287037584325,0.29014563974340035,False,True
798085e6-30c4-5023-9459-9ecd515df77f,26,4,afc-bournemouth,9b794fd2-1f1b-52a8-bb5e-459a0ac2702e,Alex Tóth,MID,UNKNOWN,1,57.0,0.0468373509203423,7.956668747116073,0.0,UNKNOWN,UNKNOWN,1.0,0.9531626490796576,-49.04333125288393,49.04333125288393,LOW_PSTART_STARTED,0.0428589350039602,7.664314102733265,0.0,0.0,0.0,0.0,0.0,0.0,0.0,0.0,0.0,UNKNOWN,UNKNOWN,49.04333125288393,49.335685897266735,0.29235464438280445,0.9531626490796576,0.9571410649960398,0.00397841591638215,-0.003978415916382101,-0.292354644382808,False,True
de9a09f3-6021-5322-bb75-a6a0dc72d91d,22,8,crystal-palace,4e797913-6f5e-54d0-807d-555d7ec82308,Jefferson Lerma Solís,MID,RCB,1,90.0,0.1533081120331647,11.116036565766205,0.0,UNKNOWN,UNKNOWN,1.0,0.8466918879668353,-78.88396343423379,78.88396343423379,LOW_PSTART_STARTED,0.1452610070731104,10.812235522592974,6.658666666666666,6.915000000000002,-0.2563333333333357,-0.2971428571428571,-0.7227283058577738,-0.4029972685010082,-0.3766846769112634,0.0,20.0,UNKNOWN,UNKNOWN,78.88396343423379,79.18776447740703,0.3038010431732374,0.8466918879668353,0.8547389929268896,0.008047104960054341,-0.008047104960054285,-0.3038010431732303,False,True
97b2d8d5-ad23-581e-a7ba-80ed12ecc351,23,9,everton,dea12abc-e8dd-5839-b626-0cb7e72e9a26,Iliman Ndiaye,MID,RAM,1,90.0,0.0695632192970835,6.3335940518408895,0.0,UNKNOWN,UNKNOWN,1.0,0.9304367807029164,-83.66640594815911,83.66640594815911,LOW_PSTART_STARTED,0.0660862011477023,6.0209979934743165,6.976666666666668,7.225833333333333,-0.2491666666666656,-1.1071428571428568,-0.9869642370408418,-0.3929447726175959,-0.90075179666671,0.0,20.0,UNKNOWN,UNKNOWN,83.66640594815911,83.97900200652569,0.3125960583665801,0.9304367807029165,0.9339137988522976,0.0034770181493811725,-0.0034770181493812002,-0.312596058366573,False,True
70cc935f-f357-52d9-b752-3a2a21e28e41,30,2,aston-villa,359bea2a-202d-5b9f-be77-415683313cef,Ian Maatsen,DEF,LB,0,8.0,0.855122228097312,79.31281403025284,1.0,LB,4-2-3-1,0.0,0.855122228097312,71.31281403025284,71.31281403025284,HIGH_PSTART_DID_NOT_START,0.8595040302253879,79.63604588051922,6.0600000000000005,6.914999999999999,-0.8549999999999986,-1.0285714285714294,-0.9671086746871256,-0.890637365568118,-0.8790173564490005,-0.0105199339744592,20.0,LB,4-2-3-1,71.31281403025284,71.63604588051922,0.32323185026638157,0.855122228097312,0.8595040302253879,0.004381802128075929,0.004381802128075929,0.32323185026638157,False,True
d9ace39d-a5ca-5496-84cb-231df913a305,25,2,aston-villa,b4f928ae-7ba3-580f-98d8-aafd811dfc4b,Lucas Digne,DEF,LB,1,85.0,0.1827927972812476,19.50958979592907,0.0,UNKNOWN,UNKNOWN,1.0,0.8172072027187524,-65.49041020407093,65.49041020407093,LOW_PSTART_STARTED,0.1775185345868606,19.16927034630097,6.9433333333333325,6.610833333333333,0.3324999999999996,0.3357142857142863,0.6738585470659545,0.5036365254057831,0.4199398951997662,0.0,20.0,UNKNOWN,UNKNOWN,65.49041020407093,65.83072965369902,0.34031944962809746,0.8172072027187525,0.8224814654131394,0.005274262694386911,-0.005274262694386994,-0.340319449628101,False,True
457d30c3-d5ec-5fbc-9e3e-b071192ded0c,30,9,everton,9cb12f76-aa67-5f6a-9571-1925e3cbe9ef,Tim Iroegbunam,MID,RDM,1,85.0,0.1644119120027834,16.679401231226212,0.0,UNKNOWN,UNKNOWN,1.0,0.8355880879972166,-68.32059876877379,68.32059876877379,LOW_PSTART_STARTED,0.1595771964636158,16.324599927205508,6.687333333333333,6.641666666666667,0.0456666666666665,0.0057142857142862,-0.9863457351557235,0.0759644828132001,0.007618900194188,0.0,20.0,UNKNOWN,UNKNOWN,68.32059876877379,68.67540007279449,0.35480130402069676,0.8355880879972166,0.8404228035363842,0.004834715539167589,-0.004834715539167617,-0.35480130402070387,False,True
7c80f6d1-598d-5dcc-b7e4-44865b2ed593,23,6,brighton-hove-albion,8336ddce-f2ef-5ef6-8084-2f36c38c78c2,Olivier Boscagli,DEF,LCB,1,87.0,0.184472570138254,19.49749235442816,0.0,UNKNOWN,UNKNOWN,1.0,0.815527429861746,-67.50250764557184,67.50250764557184,LOW_PSTART_STARTED,0.1802713119937178,19.134297603287138,7.008,8.155,-1.1469999999999994,-0.4242857142857144,-0.7721196843578332,-0.9572251766674126,-0.5122048810529835,0.0,20.0,UNKNOWN,UNKNOWN,67.50250764557184,67.86570239671286,0.3631947511410232,0.815527429861746,0.8197286880062822,0.004201258144536202,-0.004201258144536202,-0.3631947511410232,False,True
1e0e866b-bb70-545e-b6dc-8a8424b208c6,23,12,liverpool,66e53a63-86c7-5b13-92b7-7f9d7f77e440,Ibrahima Konaté,DEF,RCB,0,0.0,0.8274328617397904,75.03705534888044,1.0,RCB,4-2-3-1,0.0,0.8274328617397904,75.03705534888044,75.03705534888044,HIGH_PSTART_DID_NOT_START,0.8316224669662289,75.40032750229248,7.183333333333334,6.994166666666666,0.1891666666666678,0.6999999999999993,-0.3314394179785145,0.3052308441083097,0.7321442233518523,-0.0013182697664754,1.0,RCB,4-2-3-1,75.03705534888044,75.40032750229248,0.36327215341204067,0.8274328617397904,0.8316224669662289,0.00418960522643852,0.00418960522643852,0.36327215341204067,False,True
b301f28c-fc51-5c77-a542-a88c0f632cb3,38,4,afc-bournemouth,9b794fd2-1f1b-52a8-bb5e-459a0ac2702e,Alex Tóth,MID,CAM,1,56.0,0.0844643064529872,7.646365372868253,0.0,UNKNOWN,UNKNOWN,1.0,0.9155356935470128,-48.35363462713175,48.35363462713175,LOW_PSTART_STARTED,0.0776687843354997,7.280040241424055,6.85,0.0,0.0,0.0,0.0,0.0,0.0,0.0,20.0,UNKNOWN,UNKNOWN,48.35363462713175,48.719959758575946,0.3663251314441993,0.9155356935470128,0.9223312156645003,0.0067955221174874625,-0.006795522117487504,-0.3663251314441984,False,True
9ee83c24-99b9-5f01-a681-62d4f49c858d,34,14,manchester-united,85474434-c2d2-5904-bdbc-d8e7b1e46db0,Harry Maguire,DEF,LCB,1,90.0,0.0951666134848174,7.537438296060323,0.0,UNKNOWN,UNKNOWN,1.0,0.9048333865151824,-82.46256170393968,82.46256170393968,LOW_PSTART_STARTED,0.0902962448399436,7.155469738922959,6.339333333333333,7.028333333333333,-0.6890000000000001,-1.5628571428571414,-0.9908873001260308,-0.8172011944977546,-0.969494315343018,0.0,20.0,UNKNOWN,UNKNOWN,82.46256170393968,82.84453026107704,0.38196855713735545,0.9048333865151826,0.9097037551600564,0.004870368644873779,-0.004870368644873807,-0.38196855713736344,False,True
03ba7107-f9dd-5a5e-8bcd-9aa4919ff36d,22,9,everton,e9f5aa44-1c52-51c9-85a6-b079a6b78080,Merlin Röhl,MID,CAM,1,90.0,0.1925714444038658,24.443713282952,0.0,UNKNOWN,UNKNOWN,1.0,0.8074285555961341,-65.55628671704801,65.55628671704801,LOW_PSTART_STARTED,0.1875950269045415,24.039670966962067,6.72,6.272,0.4479999999999995,0.7714285714285722,0.5378397371196012,0.6331561212585206,0.77333475484071,0.0,20.0,UNKNOWN,UNKNOWN,65.556286717048,65.96032903303794,0.40404231598994045,0.8074285555961342,0.8124049730954586,0.004976417499324315,-0.004976417499324315,-0.40404231598993334,False,True
dec351fa-176e-54ff-a391-5e41f9eeee09,37,10,fulham,f0504a37-2a31-5f04-8704-2c307c2384cd,Sander Berge,MID,LDM,1,45.0,0.1401660173587793,13.087087918567573,0.0,UNKNOWN,UNKNOWN,1.0,0.8598339826412207,-31.912912081432427,31.912912081432427,LOW_PSTART_STARTED,0.1355946083441134,12.6781847361809,7.0200000000000005,6.863333333333333,0.1566666666666671,0.4071428571428566,0.6155309201478915,0.2553344983963145,0.4951476698187324,0.0,4.0,UNKNOWN,UNKNOWN,31.912912081432427,32.321815263819104,0.4089031823866769,0.8598339826412207,0.8644053916558866,0.004571409014665906,-0.004571409014665878,-0.40890318238667334,False,True
081f5491-2f1e-5422-bb74-cd9ec55d87c9,26,10,fulham,89e2dbba-92fb-5ebc-867f-5c1a954b2881,Jorge Cuenca Barreno,DEF,LCB,0,0.0,0.8831686895420541,79.26757688619189,1.0,LCB,4-2-3-1,0.0,0.8831686895420541,79.26757688619189,79.26757688619189,HIGH_PSTART_DID_NOT_START,0.8878654558137771,79.67811252287828,6.895333333333334,7.225,-0.3296666666666663,-0.3114285714285714,-0.7615941559557646,-0.5001037179100313,-0.3929112167608184,-0.0131870650504967,20.0,LCB,4-2-3-1,79.26757688619189,79.67811252287828,0.41053563668639015,0.8831686895420541,0.8878654558137771,0.004696766271722996,0.004696766271722996,0.41053563668639015,False,True
5766fb4a-8b72-52a7-9737-b231937d4d3c,30,12,liverpool,5ac01d0b-69fc-5dea-acd4-ecdaec724a83,Mohamed Salah,MID,RAM,0,26.0,0.9182709679610374,83.11791940541926,1.0,RAM,4-2-3-1,0.0,0.9182709679610374,57.11791940541926,57.11791940541926,HIGH_PSTART_DID_NOT_START,0.9233013639327564,83.53123133031924,7.324000000000001,7.383333333333334,-0.059333333333333,0.4414285714285713,0.8617231593133069,-0.098567799583176,0.528867386091077,-0.0104177722240245,20.0,RAM,4-2-3-1,57.11791940541926,57.531231330319244,0.41331192489998614,0.9182709679610374,0.9233013639327564,0.005030395971719059,0.005030395971719059,0.41331192489998614,False,True
cd31646e-3d5b-5b6b-97a2-0f706664986c,35,11,leeds-united,c550c5c9-6be9-5d60-a724-ed8b1d333548,Brenden Aaronson,MID,RAM,0,18.0,0.8486659583305197,71.24688657266569,1.0,RAM,3-4-2-1,0.0,0.8486659583305197,53.24688657266569,53.24688657266569,HIGH_PSTART_DID_NOT_START,0.8543220187411906,71.66301752845365,6.996,6.185000000000001,0.8109999999999982,-0.9771428571428578,0.8020898019449435,0.8744461000409249,-0.8624568742811556,0.0091648992906751,7.0,RAM,3-4-2-1,53.24688657266569,53.66301752845365,0.41613095578796333,0.8486659583305197,0.8543220187411906,0.0056560604106709045,0.0056560604106709045,0.41613095578796333,False,True
08ddad76-4191-5baa-9d72-080d772df8a4,37,2,aston-villa,7a546fa7-fe3d-5862-a0fc-4542c4583e9e,Ross Barkley,MID,CAM,0,45.0,0.8325011185056818,68.87623719153397,1.0,CAM,4-2-3-1,0.0,0.8325011185056818,23.87623719153397,23.87623719153397,HIGH_PSTART_DID_NOT_START,0.839062091106353,69.29255428916167,6.866666666666666,6.6725,0.1941666666666659,2.3,0.9532909670460458,0.3127684481488819,0.9956707161399166,0.0133699683623578,20.0,CAM,4-2-3-1,23.876237191533974,24.29255428916167,0.4163170976276973,0.8325011185056818,0.839062091106353,0.006560972600671233,0.006560972600671233,0.4163170976276973,False,True
9d7e2609-879a-5940-b916-fce719c34570,32,14,manchester-united,cd221270-eb70-5941-b084-b02fff2a8b2e,Lisandro Martínez,DEF,LCB,1,55.0,0.1957889381347722,18.780660210449,0.0,UNKNOWN,UNKNOWN,1.0,0.8042110618652278,-36.219339789551,36.219339789551,LOW_PSTART_STARTED,0.1910412190281547,18.360211687193825,7.568,7.055555555555555,0.5124444444444443,0.1971428571428584,0.9672521456938256,0.6931918724837082,0.2569659673669406,0.0,20.0,UNKNOWN,UNKNOWN,36.219339789551,36.639788312806175,0.4204485232551747,0.8042110618652278,0.8089587809718453,0.004747719106617421,-0.004747719106617476,-0.4204485232551747,False,True
31de2a73-94e2-5e1f-829e-f19990739961,28,2,aston-villa,d66fa01c-cc13-5ddf-bec4-31c90df4cade,Pau Torres,DEF,LCB,1,90.0,0.1594082596796908,14.541404878299485,0.0,UNKNOWN,UNKNOWN,1.0,0.8405917403203091,-75.45859512170051,75.45859512170051,LOW_PSTART_STARTED,0.154611191259312,14.12016586924686,6.213333333333333,6.821666666666666,-0.6083333333333334,-0.5214285714285714,-0.956992001817166,-0.7673657120446882,-0.6013365067333866,0.0,20.0,UNKNOWN,UNKNOWN,75.45859512170051,75.87983413075314,0.421239009052627,0.8405917403203091,0.845388808740688,0.004797068420378858,-0.004797068420378803,-0.42123900905262524,False,True
cf2cfda2-d007-5839-984a-e3c0650fa9de,23,8,crystal-palace,9a90c10b-4796-5eda-a505-8db9bc21605d,Ismaïla Sarr,MID,RAM,1,90.0,0.0729103103234459,6.646204729600697,0.0,UNKNOWN,UNKNOWN,1.0,0.927089689676554,-83.3537952703993,83.3537952703993,LOW_PSTART_STARTED,0.0682145275678481,6.224430742814443,6.513333333333333,7.394166666666667,-0.8808333333333342,-0.2642857142857142,-0.9268486901768924,-0.8992058811315877,-0.3384854017512051,0.0,20.0,UNKNOWN,UNKNOWN,83.3537952703993,83.77556925718555,0.4217739867862491,0.9270896896765541,0.9317854724321519,0.004695782755597788,-0.004695782755597802,-0.42177398678625444,False,True
9403bea8-f4be-5480-8cc6-7a1e94097a3f,23,18,tottenham-hotspur,1ffce999-e957-5580-a533-b5ad7d8de028,Dominic Solanke,FWD,UNKNOWN,1,90.0,0.1864302097830027,20.94829246186204,0.0,UNKNOWN,UNKNOWN,1.0,0.8135697902169973,-69.05170753813796,69.05170753813796,LOW_PSTART_STARTED,0.1803894809689065,20.524685252618987,7.012666666666666,0.0,0.0,1.1728571428571437,0.0,0.0,0.0,0.0,0.0,UNKNOWN,UNKNOWN,69.05170753813796,69.47531474738102,0.42360720924305895,0.8135697902169973,0.8196105190310935,0.00604072881409623,-0.006040728814096202,-0.42360720924305184,False,True
df7ba6cc-31bb-5cbf-8a2f-b79c5249f90f,26,12,liverpool,9e1945d4-3c6d-54ed-b8d0-6ba8f66541c2,Andrew Robertson,DEF,LB,1,90.0,0.1520293332862116,14.620105991916027,0.0,UNKNOWN,UNKNOWN,1.0,0.8479706667137884,-75.37989400808397,75.37989400808397,LOW_PSTART_STARTED,0.1448609788583766,14.194213897771734,7.509333333333333,6.908333333333332,0.6010000000000009,1.715714285714287,0.9331493326609804,0.7622932251994184,0.9796024817002672,0.0,20.0,UNKNOWN,UNKNOWN,75.37989400808397,75.80578610222827,0.4258920941443023,0.8479706667137884,0.8551390211416234,0.007168354427835033,-0.007168354427835005,-0.4258920941442934,False,True
4969d7af-c9d1-5c54-8620-d87f0b49cff8,36,12,liverpool,f2831f63-18d0-5405-9349-288d723614fe,Giorgi Mamardashvili,GK,GK,1,90.0,0.0721103499125518,4.48643588475908,0.0,UNKNOWN,UNKNOWN,1.0,0.9278896500874482,-85.51356411524092,85.51356411524092,LOW_PSTART_STARTED,0.0650106484758973,4.055660723281429,6.970666666666667,6.46090909090909,0.5097575757575772,-0.2585714285714298,0.7792009579590884,0.6908583308951127,-0.3317219748775059,0.0,1.0,UNKNOWN,UNKNOWN,85.51356411524092,85.94433927671857,0.4307751614776407,0.9278896500874482,0.9349893515241027,0.007099701436654504,-0.007099701436654504,-0.4307751614776514,False,True
25abf903-06d4-5b30-9573-1ca6d4317c79,36,14,manchester-united,c2bb5215-da9d-515a-81f0-604c302f3078,Noussair Mazraoui,DEF,RCB,1,90.0,0.151969337720398,22.197854931951653,0.0,UNKNOWN,UNKNOWN,1.0,0.848030662279602,-67.80214506804835,67.80214506804835,LOW_PSTART_STARTED,0.1463193316131033,21.760683462145217,6.926,6.845000000000001,0.0809999999999995,0.2871428571428565,0.9411220929523588,0.1341858099309079,0.3651861586995549,0.0,20.0,UNKNOWN,UNKNOWN,67.80214506804835,68.23931653785479,0.4371714698064437,0.848030662279602,0.8536806683868967,0.005650006107294714,-0.005650006107294714,-0.4371714698064366,False,True
3670426a-a771-510e-9762-2f3db0f13f12,27,11,leeds-united,9066de74-0bf4-5c6d-8a3f-3b977b735a67,Anton Stach,MID,LCM,1,82.0,0.1261807712620282,10.765465217956397,0.0,UNKNOWN,UNKNOWN,1.0,0.8738192287379717,-71.2345347820436,71.2345347820436,LOW_PSTART_STARTED,0.1206415158840519,10.323941725346575,7.698666666666667,7.110833333333333,0.5878333333333341,-0.468571428571428,0.9927448415288016,0.7529456320070029,-0.5544348388781409,0.0,20.0,UNKNOWN,UNKNOWN,71.2345347820436,71.67605827465343,0.44152349260983215,0.8738192287379718,0.8793584841159481,0.005539255377976282,-0.005539255377976296,-0.4415234926098215,False,True
cf2cfda2-d007-5839-984a-e3c0650fa9de,23,8,crystal-palace,0fa345a4-e26c-50d4-8f35-8b13aa9d7c09,Will Hughes,MID,LCM,0,14.0,0.8926980022126335,81.3479520669509,1.0,LCM,3-4-2-1,0.0,0.8926980022126335,67.3479520669509,67.3479520669509,HIGH_PSTART_DID_NOT_START,0.898366133520533,81.80245877934233,6.224,6.5475,-0.3235000000000001,-0.5228571428571422,-0.9714693527251304,-0.4923569051793726,-0.6025511034061045,-0.0130416060357061,20.0,LCM,3-4-2-1,67.3479520669509,67.80245877934233,0.45450671239143503,0.8926980022126335,0.898366133520533,0.005668131307899449,0.005668131307899449,0.45450671239143503,False,True
112601d1-209f-5611-b63b-01d0992c4ddd,26,7,chelsea,ec2bf467-94f7-5b79-97a2-3632c0d199a8,Wesley Fofana,DEF,RCB,0,11.0,0.869248612714846,81.1442258568819,1.0,RCB,4-2-3-1,0.0,0.869248612714846,70.1442258568819,70.1442258568819,HIGH_PSTART_DID_NOT_START,0.8759789728319888,81.60007227690686,7.228666666666667,7.121666666666669,0.1069999999999984,0.3671428571428565,0.9601461598684308,0.1764665784811894,0.4538384045494646,0.0082642408459309,20.0,RCB,4-2-3-1,70.1442258568819,70.60007227690686,0.45584642002495457,0.869248612714846,0.8759789728319888,0.006730360117142786,0.006730360117142786,0.45584642002495457,False,True
4969d7af-c9d1-5c54-8620-d87f0b49cff8,36,7,chelsea,932d386d-f372-53de-a37f-381a73a67e07,Jorrel Hato,DEF,LCB,1,90.0,0.1874850643791263,19.43800568578501,0.0,UNKNOWN,UNKNOWN,1.0,0.8125149356208736,-70.56199431421499,70.56199431421499,LOW_PSTART_STARTED,0.1822137070318981,18.98022045134813,6.680666666666667,6.821666666666666,-0.1409999999999991,-0.2585714285714298,-0.9290099347716918,-0.2307675127823629,-0.3317219748775059,0.0,20.0,UNKNOWN,UNKNOWN,70.56199431421499,71.01977954865187,0.45778523443688357,0.8125149356208737,0.8177862929681019,0.005271357347228167,-0.005271357347228195,-0.45778523443688,False,True
081f5491-2f1e-5422-bb74-cd9ec55d87c9,26,10,fulham,184a3e3b-1fa2-5323-8175-88f9b20eb992,Calvin Bassey,DEF,LCB,1,90.0,0.178736426687606,18.850453584450683,0.0,UNKNOWN,UNKNOWN,1.0,0.821263573312394,-71.14954641554931,71.14954641554931,LOW_PSTART_STARTED,0.1734453038434555,18.39206106910968,7.495333333333334,6.623333333333334,0.8719999999999999,2.152857142857143,0.9732848018377538,0.8963500236471119,0.9935971479938884,0.0,20.0,UNKNOWN,UNKNOWN,71.14954641554931,71.60793893089033,0.45839251534101777,0.821263573312394,0.8265546961565445,0.005291122844150564,-0.005291122844150509,-0.45839251534100356,False,True
4573eab6-7249-598b-9af6-d00c7d62f223,36,6,brighton-hove-albion,8336ddce-f2ef-5ef6-8084-2f36c38c78c2,Olivier Boscagli,DEF,LCB,0,0.0,0.815482219369705,74.5333494355958,1.0,LCB,4-2-3-1,0.0,0.815482219369705,74.5333494355958,74.5333494355958,HIGH_PSTART_DID_NOT_START,0.8210056227473924,74.99633225551666,6.822,7.217272727272729,-0.3952727272727285,-1.225714285714285,-0.6311548605486536,-0.5775561860058595,-0.9266694933285984,-0.0063079113277019,20.0,LCB,4-2-3-1,74.5333494355958,74.99633225551666,0.4629828199208674,0.815482219369705,0.8210056227473924,0.005523403377687419,0.005523403377687419,0.4629828199208674,False,True
98cff3cf-1de8-5696-a0e6-f4967eacc3c6,34,2,aston-villa,d66fa01c-cc13-5ddf-bec4-31c90df4cade,Pau Torres,DEF,LCB,1,90.0,0.1890807438466219,17.632603095653156,0.0,UNKNOWN,UNKNOWN,1.0,0.810919256153378,-72.36739690434685,72.36739690434685,LOW_PSTART_STARTED,0.1838485775997938,17.16567836192262,6.531333333333333,6.763333333333335,-0.2320000000000011,-0.5814285714285718,-0.9867612258935644,-0.3684830383497261,-0.6499649957872533,0.0,20.0,UNKNOWN,UNKNOWN,72.36739690434685,72.83432163807738,0.46692473373053645,0.8109192561533781,0.8161514224002062,0.005232166246828096,-0.005232166246828096,-0.46692473373053645,False,True
1e0e866b-bb70-545e-b6dc-8a8424b208c6,23,12,liverpool,69b2f335-365b-5201-b36b-babf799e628a,Curtis Jones,MID,LDM,0,31.0,0.8436781000979022,73.35304137378799,1.0,LDM,4-2-3-1,0.0,0.8436781000979022,42.35304137378799,42.35304137378799,HIGH_PSTART_DID_NOT_START,0.8494850122010822,73.82068002069174,6.714666666666667,6.898333333333333,-0.1836666666666664,-1.4242857142857144,-0.9812032894595896,-0.296895108409838,-0.9561558505715788,-0.0122352134780562,20.0,LDM,4-2-3-1,42.35304137378799,42.82068002069174,0.467638646903751,0.8436781000979022,0.8494850122010822,0.005806912103179962,0.005806912103179962,0.467638646903751,False,True
6087d963-451a-5a7b-b016-d3853de520ea,22,11,leeds-united,43ae6b5e-3989-58fb-8540-6a539dd06218,Jaka Bijol,DEF,CB,0,0.0,0.9052398913646484,82.41114768868282,1.0,CB,3-5-2,0.0,0.9052398913646484,82.41114768868282,82.41114768868282,HIGH_PSTART_DID_NOT_START,0.911137677580562,82.88344684684414,7.414000000000001,7.090999999999999,0.3230000000000013,1.17,0.9618456053694836,0.4917253256251757,0.9154204563159324,0.0052985447073441,20.0,CB,3-5-2,82.41114768868282,82.88344684684414,0.47229915816132007,0.9052398913646484,0.911137677580562,0.005897786215913525,0.005897786215913525,0.47229915816132007,False,True
081f5491-2f1e-5422-bb74-cd9ec55d87c9,26,10,fulham,e2d4248d-32fc-5ca0-8ae6-6abd3c22634e,Timothy Castagne,DEF,RB,0,0.0,0.802329952869877,70.00218213158303,1.0,RB,4-2-3-1,0.0,0.802329952869877,70.00218213158303,70.00218213158303,HIGH_PSTART_DID_NOT_START,0.809651026266464,70.48094873216812,6.430000000000001,6.865000000000001,-0.4350000000000005,-0.3857142857142861,-0.7629905203794795,-0.6199968679693746,-0.4732776874858029,-0.0119124831216469,20.0,RB,4-2-3-1,70.00218213158303,70.48094873216812,0.47876660058508946,0.802329952869877,0.809651026266464,0.007321073396587052,0.007321073396587052,0.47876660058508946,False,True
085aaeeb-84d3-58e5-8616-6a821bcd07d0,25,15,newcastle-united,428099b1-d444-5523-9c48-66ebf6956cc2,Anthony Elanga,MID,RW,0,45.0,0.8025558387116807,61.1818287813636,1.0,RW,4-3-3,0.0,0.8025558387116807,16.1818287813636,16.1818287813636,HIGH_PSTART_DID_NOT_START,0.8114510156324088,61.66920478458315,7.031333333333333,6.281666666666665,0.749666666666668,0.9614285714285726,0.9712812533233948,0.8481277804850923,0.8569915808375139,0.0168997580788693,20.0,RW,4-3-3,16.1818287813636,16.66920478458315,0.487376003219552,0.8025558387116807,0.8114510156324088,0.008895176920728165,0.008895176920728165,0.487376003219552,False,True
bdf85bea-b20c-50f1-8dd7-c1351c7015e0,28,10,fulham,9b9067ce-8398-553d-8496-d169d55e5396,Issa Diop,DEF,RCB,1,90.0,0.1519214922531876,14.56805106809913,0.0,UNKNOWN,UNKNOWN,1.0,0.8480785077468124,-75.43194893190088,75.43194893190088,LOW_PSTART_STARTED,0.1464062192076377,14.077497668682476,6.855333333333333,6.783333333333332,0.0720000000000009,-0.0114285714285715,0.7948414528353678,0.1194272985343874,-0.0152369159213621,0.0,20.0,UNKNOWN,UNKNOWN,75.43194893190088,75.92250233131753,0.49055339941665466,0.8480785077468124,0.8535937807923624,0.005515273045549995,-0.005515273045549912,-0.49055339941665466,False,True
1e0e866b-bb70-545e-b6dc-8a8424b208c6,23,12,liverpool,5ac01d0b-69fc-5dea-acd4-ecdaec724a83,Mohamed Salah,MID,RAM,1,90.0,0.1348175366072448,18.14841318754584,0.0,UNKNOWN,UNKNOWN,1.0,0.8651824633927552,-71.85158681245416,71.85158681245416,LOW_PSTART_STARTED,0.1288597460888574,17.653637667392612,7.325333333333333,6.891666666666667,0.4336666666666664,-0.5471428571428572,0.7689598628811193,0.6186269741942129,-0.6227739347655161,0.0,20.0,UNKNOWN,UNKNOWN,71.85158681245416,72.34636233260738,0.494775520153226,0.8651824633927552,0.8711402539111426,0.005957790518387407,-0.005957790518387407,-0.49477552015322956,False,True
e1b64232-1ee4-522c-b106-e651d9eba4ea,38,2,aston-villa,b4f928ae-7ba3-580f-98d8-aafd811dfc4b,Lucas Digne,DEF,LB,0,0.0,0.8173339042742042,75.34866679847443,1.0,LB,4-2-3-1,0.0,0.8173339042742042,75.34866679847443,75.34866679847443,HIGH_PSTART_DID_NOT_START,0.8238380884821854,75.87034633662877,6.8933333333333335,6.75,0.1433333333333335,0.7428571428571429,0.8513701422396679,0.2344459844514277,0.7575652997173081,0.0088974606798822,20.0,LB,4-2-3-1,75.34866679847443,75.87034633662877,0.5216795381543449,0.8173339042742042,0.8238380884821854,0.006504184207981267,0.006504184207981267,0.5216795381543449,False,True
54675f42-95ba-5491-a3fd-06557d576830,31,12,liverpool,4b503a23-131b-5e74-983e-6d9f3f06f2dd,Milos Kerkez,DEF,LB,1,75.0,0.1361270795240836,10.560048873731338,0.0,UNKNOWN,UNKNOWN,1.0,0.8638729204759164,-64.43995112626867,64.43995112626867,LOW_PSTART_STARTED,0.1279550497881696,10.027164853865164,6.804666666666666,7.195833333333333,-0.3911666666666669,-0.3528571428571432,-0.970837589441359,-0.5729774982736286,-0.4385839875642412,0.0,20.0,UNKNOWN,UNKNOWN,64.43995112626867,64.97283514613484,0.5328840198661737,0.8638729204759164,0.8720449502118304,0.008172029735914021,-0.008172029735913994,-0.5328840198661737,False,True
8f269e69-30e8-524b-8bbd-2a4eba3eecb6,31,10,fulham,af777f5c-5e76-5ea9-8f99-a7a8459df650,Kenny Tete,DEF,RB,0,0.0,0.8005331313436811,72.6874864379626,1.0,RB,4-2-3-1,0.0,0.8005331313436811,72.6874864379626,72.6874864379626,HIGH_PSTART_DID_NOT_START,0.8072357932607568,73.23805666695716,7.140666666666666,6.9625,0.1781666666666668,0.1485714285714285,0.9249459353131247,0.2885138781191935,0.1955440759149922,0.0029431739560312,20.0,RB,4-2-3-1,72.6874864379626,73.23805666695716,0.5505702289945589,0.8005331313436811,0.8072357932607568,0.006702661917075692,0.006702661917075692,0.5505702289945589,False,True
53a5b9eb-ba57-5a74-9126-31f1c9776a9b,38,5,brentford,f10b2a81-0b74-578a-872a-ded3a4da9ea0,Mikkel Damsgaard,MID,CAM,0,7.0,0.8409548348294076,75.18226658086351,1.0,CAM,4-2-3-1,0.0,0.8409548348294076,68.18226658086351,68.18226658086351,HIGH_PSTART_DID_NOT_START,0.8479822592448011,75.73718171768097,7.228666666666667,7.0675,0.1611666666666673,0.7314285714285713,0.9745432414575932,0.2623319991230977,0.7509971125070615,0.0108424162454812,20.0,CAM,4-2-3-1,68.18226658086351,68.73718171768097,0.5549151368174563,0.8409548348294076,0.8479822592448011,0.007027424415393502,0.007027424415393502,0.5549151368174563,False,True
7729aaf4-dd5e-5f38-a0a4-430fccf34c7c,30,17,sunderland,a213c4ca-4778-5981-91eb-7708f7294de0,Nilson Angulo,MID,RAM,0,0.0,0.8381331930979159,75.43887342492829,1.0,RAM,4-2-3-1,0.0,0.8381331930979159,75.43887342492829,75.43887342492829,HIGH_PSTART_DID_NOT_START,0.846101136451065,75.99559552787072,6.585999999999999,6.86,-0.2740000000000009,-0.0985714285714287,-0.9572716630310948,-0.4273635625477181,-0.1306770212847169,-0.0131229541887286,20.0,RAM,4-2-3-1,75.43887342492829,75.99559552787072,0.5567221029424303,0.8381331930979159,0.846101136451065,0.007967943353149098,0.007967943353149098,0.5567221029424303,False,True
53a5b9eb-ba57-5a74-9126-31f1c9776a9b,38,12,liverpool,9e1945d4-3c6d-54ed-b8d0-6ba8f66541c2,Andrew Robertson,DEF,LB,1,82.0,0.1447138815348718,9.942282195502193,0.0,UNKNOWN,UNKNOWN,1.0,0.8552861184651281,-72.05771780449781,72.05771780449781,LOW_PSTART_STARTED,0.1353332533694712,9.379646472163184,6.763999999999999,7.043333333333334,-0.2793333333333345,-1.4228571428571426,-0.8945888678342196,-0.434601302937452,-0.9559921889114656,0.0,20.0,UNKNOWN,UNKNOWN,72.05771780449781,72.62035352783681,0.5626357233389996,0.8552861184651281,0.8646667466305288,0.00938062816540064,-0.009380628165400612,-0.5626357233390085,False,True
08ddad76-4191-5baa-9d72-080d772df8a4,37,12,liverpool,abc5ff85-af28-52a6-899e-59f93406af42,Jeremie Frimpong,DEF,RAM,0,0.0,0.8389598818401099,76.97981473524113,1.0,RAM,4-2-3-1,0.0,0.8389598818401099,76.97981473524113,76.97981473524113,HIGH_PSTART_DID_NOT_START,0.8469692982099112,77.54439676410433,6.064000000000001,6.855833333333333,-0.7918333333333321,-0.4157142857142855,-0.985184273116585,-0.8667148328760489,-0.5037253712987255,-0.0174849386422261,20.0,RAM,4-2-3-1,76.97981473524113,77.54439676410433,0.5645820288631995,0.8389598818401099,0.8469692982099112,0.008009416369801237,0.008009416369801237,0.5645820288631995,False,True
52ecb34c-b2fd-592c-b014-dc770fdef03b,29,10,fulham,ada8c7db-805e-5910-b00a-946e17af3218,Ryan Sessegnon,MID,LB,0,8.0,0.8461259873686862,78.53610205196496,1.0,LB,4-2-3-1,0.0,0.8461259873686862,70.53610205196496,70.53610205196496,HIGH_PSTART_DID_NOT_START,0.8539364184055678,79.11799073331028,6.935999999999999,6.561666666666667,0.3743333333333316,0.7799999999999994,0.8052375163756936,0.5538298936720258,0.7778880665771845,0.0034739221014377,20.0,LB,4-2-3-1,70.53610205196496,71.11799073331028,0.581888681345319,0.8461259873686862,0.8539364184055678,0.0078104310368816154,0.0078104310368816154,0.581888681345319,False,True
7769decc-98b9-5b54-a4a3-fc4aa47199e9,35,10,fulham,ada8c7db-805e-5910-b00a-946e17af3218,Ryan Sessegnon,MID,LB,0,0.0,0.8615448142779173,71.37548608592894,1.0,LB,4-2-3-1,0.0,0.8615448142779173,71.37548608592894,71.37548608592894,HIGH_PSTART_DID_NOT_START,0.8710898715862312,71.97005911482424,7.682666666666666,6.475833333333333,1.206833333333333,1.4085714285714293,0.9655644219265698,0.9648234421296592,0.9543223860240178,0.0170921778573577,20.0,LB,4-2-3-1,71.37548608592894,71.97005911482424,0.5945730288952973,0.8615448142779173,0.8710898715862312,0.009545057308313898,0.009545057308313898,0.5945730288952973,False,True
5766fb4a-8b72-52a7-9737-b231937d4d3c,30,12,liverpool,debd2971-955d-5acb-b321-caec89c7ad6d,Rio Ngumoha,MID,UNKNOWN,1,63.0,0.1567300104853702,23.9557350716779,0.0,UNKNOWN,UNKNOWN,1.0,0.8432699895146297,-39.0442649283221,39.0442649283221,LOW_PSTART_STARTED,0.1473996559322535,23.357762468097427,7.061333333333333,6.469999999999999,0.5913333333333339,0.5328571428571429,0.0,0.0,0.0,0.0,0.0,UNKNOWN,UNKNOWN,39.0442649283221,39.64223753190257,0.5979726035804731,0.8432699895146298,0.8526003440677465,0.009330354553116704,-0.009330354553116704,-0.5979726035804731,False,True
01b894d5-057a-530b-917f-9397231a3249,22,4,afc-bournemouth,e51ce209-cf65-5a91-b162-98b8d46e6d71,Amine Adli,MID,RAM,1,78.0,0.1728129513052496,18.4356843033276,0.0,UNKNOWN,UNKNOWN,1.0,0.8271870486947503,-59.5643156966724,59.5643156966724,LOW_PSTART_STARTED,0.1608205738878013,17.83100004502163,6.816000000000001,6.5425,0.2735000000000003,1.5300000000000002,0.2667237739579088,0.426682186388152,0.9667472877842368,0.0,20.0,UNKNOWN,UNKNOWN,59.564315696672395,60.168999954978375,0.6046842583059799,0.8271870486947503,0.8391794261121988,0.011992377417448408,-0.011992377417448297,-0.6046842583059728,False,True
1f5f3541-628d-5710-ae0c-dc82c8ae86d8,24,8,crystal-palace,a5346cce-0d2c-5baf-97da-d70579ec7aa9,Chadi Riad Dnanou,DEF,UNKNOWN,1,60.0,0.1520646452097252,15.79458109811224,0.0,UNKNOWN,UNKNOWN,1.0,0.8479353547902748,-44.20541890188776,44.20541890188776,LOW_PSTART_STARTED,0.1438075842847966,15.188834381289718,7.17,0.0,0.0,0.0,0.0,0.0,0.0,0.0,0.0,UNKNOWN,UNKNOWN,44.20541890188776,44.811165618710284,0.605746716822523,0.8479353547902748,0.8561924157152034,0.008257060924928616,-0.008257060924928616,-0.6057467168225212,False,True
3418c353-5740-5e88-81c0-761343aedea4,32,12,liverpool,9e1945d4-3c6d-54ed-b8d0-6ba8f66541c2,Andrew Robertson,DEF,LB,1,90.0,0.1275268678384485,19.386591036677316,0.0,UNKNOWN,UNKNOWN,1.0,0.8724731321615515,-70.61340896332268,70.61340896332268,LOW_PSTART_STARTED,0.1192514483732596,18.71682193092444,6.456,7.031666666666667,-0.5756666666666668,-0.5914285714285716,-0.912493027533902,-0.7440289582441583,-0.6575989923900507,0.0,20.0,UNKNOWN,UNKNOWN,70.61340896332268,71.28317806907556,0.6697691057528772,0.8724731321615515,0.8807485516267404,0.008275419465188838,-0.008275419465188893,-0.6697691057528772,False,True
cf2cfda2-d007-5839-984a-e3c0650fa9de,23,8,crystal-palace,12886371-5fae-5789-af23-d20764ecfe3e,Daniel Muñoz,DEF,RWB,1,75.0,0.1234162587402337,11.200484676774527,0.0,UNKNOWN,UNKNOWN,1.0,0.8765837412597662,-63.79951532322547,63.79951532322547,LOW_PSTART_STARTED,0.1158742062103859,10.522500299836183,7.581333333333333,7.294166666666666,0.2871666666666677,0.9185714285714282,0.9860718216444758,0.4451306063655814,0.8410532419055639,0.0,20.0,UNKNOWN,UNKNOWN,63.79951532322547,64.47749970016382,0.6779843769383476,0.8765837412597663,0.8841257937896141,0.0075420525298477425,-0.007542052529847798,-0.677984376938344,False,True
798085e6-30c4-5023-9459-9ecd515df77f,26,4,afc-bournemouth,6caa4dfe-3a1a-5c7f-84ef-7342cdfb5745,Lewis Cook,MID,LDM,0,10.0,0.8702905174500031,79.78731601612185,1.0,LDM,4-2-3-1,0.0,0.8702905174500031,69.78731601612185,69.78731601612185,HIGH_PSTART_DID_NOT_START,0.8790281626566544,80.47527505896458,7.570666666666667,6.760000000000001,0.8106666666666662,0.2771428571428584,0.9067416726429433,0.8743152898296043,0.3535751233006245,0.0068869285181692,20.0,LDM,4-2-3-1,69.78731601612185,70.47527505896458,0.6879590428427349,0.8702905174500031,0.8790281626566544,0.008737645206651323,0.008737645206651323,0.6879590428427349,False,True
10d060ee-1672-5636-98a1-8b9e8f3f850d,29,17,sunderland,17b0293a-a54d-554b-bdba-368217c87ad9,Robin Roefs,GK,GK,0,0.0,0.9428889742983396,85.25795929852214,1.0,GK,4-4-2,0.0,0.9428889742983396,85.25795929852214,85.25795929852214,HIGH_PSTART_DID_NOT_START,0.9517475649203442,85.99350549095323,6.4673333333333325,6.936666666666667,-0.4693333333333349,-0.0371428571428564,0.0,0.0,0.0,0.0,0.0,GK,4-4-2,85.25795929852214,85.99350549095323,0.7355461924310873,0.9428889742983396,0.9517475649203442,0.008858590622004558,0.008858590622004558,0.7355461924310873,False,True
08ddad76-4191-5baa-9d72-080d772df8a4,37,2,aston-villa,0af685cb-5dfb-5870-a8e7-c5f8568a71ad,Tyrone Mings,DEF,LCB,0,0.0,0.8520843551400011,77.0983058581455,1.0,LCB,4-2-3-1,0.0,0.8520843551400011,77.0983058581455,77.0983058581455,HIGH_PSTART_DID_NOT_START,0.8605522446679242,77.8369033312341,6.284666666666666,6.697500000000001,-0.4128333333333343,-0.0528571428571424,-0.971406788221751,-0.5967314027600222,-0.0703597392553645,0.0003564454325552,20.0,LCB,4-2-3-1,77.0983058581455,77.8369033312341,0.7385974730886034,0.8520843551400011,0.8605522446679242,0.0084678895279231,0.0084678895279231,0.7385974730886034,False,True
54675f42-95ba-5491-a3fd-06557d576830,31,12,liverpool,bb7d5990-008e-5f6d-871a-83ec4490dd2d,Alisson Ramses Becker,GK,GK,0,0.0,0.9587731104846507,86.30121291964987,1.0,GK,4-2-3-1,0.0,0.9587731104846507,86.30121291964987,86.30121291964987,HIGH_PSTART_DID_NOT_START,0.967036937572433,87.04262555706619,7.266,7.139166666666667,0.1268333333333329,1.6157142857142857,0.9462276523004646,0.2082955124955433,0.9734516403665112,0.0152893403231167,1.0,GK,4-2-3-1,86.30121291964987,87.04262555706619,0.7414126374163175,0.9587731104846507,0.967036937572433,0.008263827087782283,0.008263827087782283,0.7414126374163175,False,True
cf2cfda2-d007-5839-984a-e3c0650fa9de,23,8,crystal-palace,0f20e713-a3d1-5036-b0b2-e9f32d1bc66f,Jaydee Canvot,DEF,RCB,1,64.0,0.1724523447530753,26.41085213772032,0.0,UNKNOWN,UNKNOWN,1.0,0.8275476552469248,-37.58914786227968,37.58914786227968,LOW_PSTART_STARTED,0.1624690688511961,25.643732604533163,6.834,6.628571428571429,0.2054285714285706,-0.5228571428571431,0.8438636635287763,0.3296013503391498,-0.6025511034061053,0.0,20.0,UNKNOWN,UNKNOWN,37.58914786227968,38.35626739546684,0.7671195331871559,0.8275476552469248,0.837530931148804,0.009983275901879196,-0.009983275901879196,-0.7671195331871559,False,True
5766fb4a-8b72-52a7-9737-b231937d4d3c,30,12,liverpool,1f949251-9252-593a-a2f0-d26d1f7e776b,Hugo Ekitiké,FWD,ST,0,26.0,0.8177079822450611,74.09107356558631,1.0,ST,4-2-3-1,0.0,0.8177079822450611,48.09107356558631,48.09107356558631,HIGH_PSTART_DID_NOT_START,0.8274976736389329,74.86252697415368,7.287999999999999,7.573333333333333,-0.2853333333333339,-1.3242857142857138,-0.8611499888991896,-0.4426771530691962,-0.9431378000169895,0.0025787688191425,20.0,ST,4-2-3-1,48.09107356558631,48.86252697415368,0.7714534085673677,0.8177079822450611,0.8274976736389329,0.009789691393871758,0.009789691393871758,0.7714534085673677,False,True
d9ace39d-a5ca-5496-84cb-231df913a305,25,4,afc-bournemouth,0832a3fd-b90b-54b3-8f2a-3ce07cc7b6bc,Rayan Vitor Simplício Rocha,MID,UNKNOWN,1,86.0,0.1947890146802734,31.60470747302849,0.0,UNKNOWN,UNKNOWN,1.0,0.8052109853197266,-54.39529252697151,54.39529252697151,LOW_PSTART_STARTED,0.1813453551228533,30.83009992476825,7.14,0.0,0.0,0.0,0.0,0.0,0.0,0.0,0.0,UNKNOWN,UNKNOWN,54.39529252697151,55.16990007523175,0.7746075482602421,0.8052109853197266,0.8186546448771467,0.013443659557420107,-0.013443659557420107,-0.7746075482602421,False,True
17a9d946-6355-53b8-baf6-c49011bd1d69,30,8,crystal-palace,4e7d3349-c869-51f6-a9f2-e86405e21be5,Dean Henderson,GK,GK,0,0.0,0.9296647814570204,84.06885640147651,1.0,GK,3-4-2-1,0.0,0.9296647814570204,84.06885640147651,84.06885640147651,HIGH_PSTART_DID_NOT_START,0.9403928984505806,84.97352413434784,7.486000000000001,6.863333333333334,0.6226666666666665,-0.5271428571428576,0.0,0.0,0.0,0.0,0.0,GK,3-4-2-1,84.06885640147651,84.97352413434784,0.9046677328713315,0.9296647814570204,0.9403928984505806,0.010728116993560244,0.010728116993560244,0.9046677328713315,False,True
b5ed6c3e-25b0-50e3-8e36-86250fd00a0b,30,4,afc-bournemouth,5e18290b-6577-5a0a-9541-c1bab3c65004,Adam Smith,DEF,RB,1,60.0,0.1338078672794876,14.365678983778407,0.0,UNKNOWN,UNKNOWN,1.0,0.8661921327205123,-45.63432101622159,45.63432101622159,LOW_PSTART_STARTED,0.1234067638433179,13.457474829451003,6.792,6.21875,0.5732499999999998,0.96,0.6744646648397504,0.742225479142707,0.8564849154724973,0.0,20.0,UNKNOWN,UNKNOWN,45.63432101622159,46.542525170549,0.9082041543274073,0.8661921327205124,0.876593236156682,0.010401103436169623,-0.010401103436169692,-0.9082041543274038,False,True
dd5772bc-85d8-5010-9a4b-eeb87df0c6be,33,12,liverpool,c0368969-bbd9-51aa-b3f8-938783260736,Alexander Isak,FWD,ST,1,71.0,0.1796415572849421,20.976891034987467,0.0,UNKNOWN,UNKNOWN,1.0,0.8203584427150579,-50.02310896501253,50.02310896501253,LOW_PSTART_STARTED,0.1675888414404942,20.06660524112202,6.252666666666666,6.5425,-0.289833333333334,-0.9700000000000006,-0.9874444792814798,-0.448687363044502,-0.8599970473696562,0.0,20.0,UNKNOWN,UNKNOWN,50.02310896501253,50.93339475887798,0.9102857938654481,0.8203584427150579,0.8324111585595058,0.012052715844447892,-0.012052715844447892,-0.9102857938654481,False,True
0d6a442b-e1f2-53f3-a9a8-0b75c19465d8,38,1,arsenal,9ac55e79-9cb2-5ac5-ae8c-6a2ebd620277,David Raya Martin,GK,GK,0,0.0,0.92065637099251,83.31590504877809,1.0,GK,4-4-2,0.0,0.92065637099251,83.31590504877809,83.31590504877809,HIGH_PSTART_DID_NOT_START,0.93199218725354,84.27086104916917,7.510000000000001,7.091666666666666,0.4183333333333348,-1.0285714285714294,0.0,0.0,0.0,0.0,0.0,GK,4-4-2,83.31590504877809,84.27086104916917,0.9549560003910784,0.92065637099251,0.93199218725354,0.011335816261030085,0.011335816261030085,0.9549560003910784,False,True
9f01409f-ff79-57df-908c-ea5de472f8ba,34,9,everton,7af4896b-be30-5d5e-9119-e9efade2cada,Jarrad Branthwaite,DEF,LCB,0,0.0,0.8574847751188559,75.67604390556767,1.0,LCB,4-2-3-1,0.0,0.8574847751188559,75.67604390556767,75.67604390556767,HIGH_PSTART_DID_NOT_START,0.8712219620111485,76.71123248912319,6.9093333333333335,7.191999999999998,-0.2826666666666648,0.2585714285714289,-0.7487042869693086,-0.439096634636339,0.3317219748775049,-0.0104322322421371,20.0,LCB,4-2-3-1,75.67604390556767,76.71123248912319,1.0351885835555237,0.8574847751188559,0.8712219620111485,0.013737186892292641,0.013737186892292641,1.0351885835555237,False,True
35e69758-b8a6-5f8b-9c26-dc2813d81978,34,12,liverpool,7a5568a1-0d6a-5388-9fe2-daf7af01c339,Freddie Woodman,GK,UNKNOWN,1,90.0,0.1687102066449334,20.24019550614436,0.0,UNKNOWN,UNKNOWN,1.0,0.8312897933550666,-69.75980449385564,69.75980449385564,LOW_PSTART_STARTED,0.1537910824717642,19.203582348930844,6.43,0.0,0.0,0.6900000000000004,0.0,0.0,0.0,0.0,0.0,UNKNOWN,UNKNOWN,69.75980449385564,70.79641765106916,1.036613157213523,0.8312897933550666,0.8462089175282358,0.014919124173169207,-0.014919124173169207,-1.036613157213516,False,True
9f01409f-ff79-57df-908c-ea5de472f8ba,34,9,everton,5089139a-ace7-504b-b31a-2d0b1307e0de,Norberto Bercique Gomes Betuncal,FWD,ST,0,0.0,0.8027942410336236,61.11511964594441,1.0,ST,4-2-3-1,0.0,0.8027942410336236,61.11511964594441,61.11511964594441,HIGH_PSTART_DID_NOT_START,0.8218811736333921,62.188570657122696,7.45,6.405,1.045,0.0642857142857149,0.9832373619131696,0.9404196275690548,0.0855049882346392,0.0176551938191857,20.0,ST,4-2-3-1,61.11511964594441,62.188570657122696,1.0734510111782853,0.8027942410336236,0.8218811736333921,0.019086932599768458,0.019086932599768458,1.0734510111782853,False,True
dfe891e4-ce71-5e78-94ea-cee9d70885e6,36,3,burnley,148b32f1-d60d-5cdd-9ffe-a5938fcb8671,Martin Dubravka,GK,GK,0,0.0,0.9199280001233856,83.2914641283373,1.0,GK,3-4-3,0.0,0.9199280001233856,83.2914641283373,83.2914641283373,HIGH_PSTART_DID_NOT_START,0.9327556814219192,84.36618388322654,6.398,6.538333333333333,-0.1403333333333334,-1.6028571428571432,0.0,0.0,0.0,0.0,0.0,GK,3-4-3,83.2914641283373,84.36618388322654,1.0747197548892444,0.9199280001233856,0.9327556814219192,0.012827681298533622,0.012827681298533622,1.0747197548892444,False,True
47e684ca-483b-5eca-8ec1-c94a86f9452a,28,5,brentford,3cfeb2a8-cad5-5980-9946-aecc5eb2b011,Caoimhin Kelleher,GK,GK,0,0.0,0.9291794781988856,83.9738040826033,1.0,GK,4-2-3-1,0.0,0.9291794781988856,83.9738040826033,83.9738040826033,HIGH_PSTART_DID_NOT_START,0.9421027569923616,85.07346007384264,6.588666666666667,6.876666666666666,-0.2879999999999993,-0.6828571428571433,0.0,0.0,0.0,0.0,0.0,GK,4-2-3-1,83.9738040826033,85.07346007384264,1.099655991239345,0.9291794781988856,0.9421027569923616,0.01292327879347599,0.01292327879347599,1.099655991239345,False,True
7769decc-98b9-5b54-a4a3-fc4aa47199e9,35,1,arsenal,fef527c5-6c7c-57b6-9192-f9347f34904a,Martin Ødegaard,MID,RCM,0,0.0,0.8145036535034441,74.21224688315867,1.0,RCM,4-3-3,0.0,0.8145036535034441,74.21224688315867,74.21224688315867,HIGH_PSTART_DID_NOT_START,0.8280082414744246,75.36163395234412,7.287999999999999,6.995833333333335,0.2921666666666649,0.475714285714286,0.9370552401034836,0.4517879136955221,0.5609962039301263,0.0061543352351513,20.0,RCM,4-3-3,74.21224688315867,75.36163395234412,1.149387069185451,0.8145036535034441,0.8280082414744246,0.01350458797098053,0.01350458797098053,1.149387069185451,False,True
239ea4cb-1b2e-5d4d-91ca-19aaa3980d39,23,2,aston-villa,5cde41a6-f4dd-545d-93c5-e931c1be6f72,Evann Guessand,MID,RAM,0,0.0,0.8142507791098142,74.25702621655074,1.0,RAM,4-2-3-1,0.0,0.8142507791098142,74.25702621655074,74.25702621655074,HIGH_PSTART_DID_NOT_START,0.8353290738546102,75.475544442948,6.671333333333334,6.521666666666667,0.1496666666666666,-1.095714285714286,-0.9085038310708432,0.2443963609184506,-0.8978374113622828,0.0039649033703033,20.0,RAM,4-2-3-1,74.25702621655074,75.475544442948,1.218518226397265,0.8142507791098142,0.8353290738546102,0.021078294744795945,0.021078294744795945,1.218518226397265,False,True
31ef1d95-b095-52ae-918e-26ed91e99a77,29,7,chelsea,412fc00b-6fb5-5606-bb30-04e075a83220,Robert Sánchez,GK,GK,0,0.0,0.9249622387901988,83.2909152725305,1.0,GK,4-2-3-1,0.0,0.9249622387901988,83.2909152725305,83.2909152725305,HIGH_PSTART_DID_NOT_START,0.9392689840024148,84.5700734497112,7.296,6.990833333333334,0.3051666666666666,0.137142857142857,0.8353413332651284,0.4688623379691675,0.1808459885628003,0.0135654409994181,1.0,GK,4-2-3-1,83.2909152725305,84.5700734497112,1.2791581771807046,0.9249622387901988,0.9392689840024148,0.014306745212215977,0.014306745212215977,1.2791581771807046,False,True
cf2cfda2-d007-5839-984a-e3c0650fa9de,23,8,crystal-palace,234b9ca0-1d3a-52c1-ae12-d422a588485e,Justin Devenny,MID,RWB,0,0.0,0.8249632213189735,77.79474560468469,1.0,RWB,3-4-2-1,0.0,0.8249632213189735,77.79474560468469,77.79474560468469,HIGH_PSTART_DID_NOT_START,0.8439945164037845,79.10902028500674,6.164666666666666,6.550833333333333,-0.386166666666667,-0.3314285714285718,-0.9823660824824776,-0.5673533007536427,-0.4152220511483027,-0.016437969678337,20.0,RWB,3-4-2-1,77.79474560468469,79.10902028500674,1.3142746803220433,0.8249632213189735,0.8439945164037845,0.01903129508481105,0.01903129508481105,1.3142746803220433,False,True
800418ef-112a-5f8a-9aae-e47025aa529d,25,19,west-ham-united,112ec44a-8ec0-5a5a-828a-d330905abb6b,Alphonse Areola,GK,GK,0,0.0,0.9260050949854508,83.36257380201413,1.0,GK,4-4-2,0.0,0.9260050949854508,83.36257380201413,83.36257380201413,HIGH_PSTART_DID_NOT_START,0.940749459257565,84.68515986111072,6.373999999999999,6.577500000000001,-0.2035000000000018,-1.2085714285714282,-0.3569038982840379,-0.3267332264357947,-0.9233708587552428,-0.0081201585273819,1.0,GK,4-4-2,83.36257380201413,84.68515986111072,1.3225860590965937,0.9260050949854508,0.940749459257565,0.01474436427211423,0.01474436427211423,1.3225860590965937,False,True
e1b64232-1ee4-522c-b106-e651d9eba4ea,38,13,manchester-city,67859d1e-575f-5ae4-aa8d-8f36bd11696e,Gianluigi Donnarumma,GK,GK,0,0.0,0.906094032502613,82.14295823514877,1.0,GK,4-2-3-1,0.0,0.906094032502613,82.14295823514877,82.14295823514877,HIGH_PSTART_DID_NOT_START,0.9228490273948668,83.54483609983501,7.364666666666666,7.302499999999999,0.0621666666666671,-0.9314285714285716,0.0577135708741321,0.103241932169989,-0.8459979689434792,-0.0004255098556732,1.0,GK,4-2-3-1,82.14295823514877,83.54483609983501,1.4018778646862415,0.906094032502613,0.9228490273948668,0.01675499489225385,0.01675499489225385,1.4018778646862415,False,True
d9ace39d-a5ca-5496-84cb-231df913a305,25,4,afc-bournemouth,5e18290b-6577-5a0a-9541-c1bab3c65004,Adam Smith,DEF,RB,0,4.0,0.8190132220167747,75.740516115045,1.0,RB,4-2-3-1,0.0,0.8190132220167747,71.740516115045,71.740516115045,HIGH_PSTART_DID_NOT_START,0.8372103074461335,77.17420788504353,6.792,6.21875,0.5732499999999998,0.96,0.2080297712989979,0.742225479142707,0.8564849154724973,-0.0057255421382697,20.0,RB,4-2-3-1,71.740516115045,73.17420788504353,1.433691769998532,0.8190132220167747,0.8372103074461335,0.018197085429358717,0.018197085429358717,1.433691769998532,False,True
ecd48097-3a63-58b6-a353-65332e720c42,32,18,tottenham-hotspur,3c77aa9b-7767-5636-9780-0d94d829b326,Guglielmo Vicario,GK,GK,0,0.0,0.8928518744885542,81.07029315286432,1.0,GK,4-4-2,0.0,0.8928518744885542,81.07029315286432,81.07029315286432,HIGH_PSTART_DID_NOT_START,0.9117637921344456,82.64640924924626,6.037333333333334,6.595833333333334,-0.5585000000000004,-0.5942857142857143,0.0,0.0,0.0,0.0,0.0,GK,4-4-2,81.07029315286432,82.64640924924626,1.5761160963819378,0.8928518744885542,0.9117637921344456,0.018911917645891396,0.018911917645891396,1.5761160963819378,False,True
bd6a2d47-5dc1-5837-8700-c916a4a9191c,33,20,wolverhampton-wanderers,698f23fd-0fa1-5358-8bd3-2b8aef91e946,José Malheiro de Sá,GK,GK,0,0.0,0.8686453176164677,78.23653067186838,1.0,GK,3-5-2,0.0,0.8686453176164677,78.23653067186838,78.23653067186838,HIGH_PSTART_DID_NOT_START,0.8963560095257558,80.71816184643218,6.404,6.965000000000001,-0.5610000000000008,-1.3800000000000008,-0.8611499888991896,-0.7329165549335757,-0.9507951431945212,-0.0167611229167463,1.0,GK,3-5-2,78.23653067186838,80.71816184643218,2.481631174563802,0.8686453176164677,0.8963560095257558,0.0277106919092881,0.0277106919092881,2.481631174563802,False,True
e1b64232-1ee4-522c-b106-e651d9eba4ea,38,2,aston-villa,db76d454-818a-5043-8d04-22e24f696027,Emiliano Martínez Romero,GK,GK,0,0.0,0.8633708160187761,77.75990642255535,1.0,GK,4-2-3-1,0.0,0.8633708160187761,77.75990642255535,77.75990642255535,HIGH_PSTART_DID_NOT_START,0.8922772742458446,80.34952705165163,6.8133333333333335,7.183333333333334,-0.3700000000000001,-0.2857142857142865,0.4690790231059652,-0.5488029060285573,-0.3635342705712578,0.0026269442290922,1.0,GK,4-2-3-1,77.75990642255535,80.34952705165163,2.589620629096288,0.8633708160187761,0.8922772742458446,0.0289064582270685,0.0289064582270685,2.589620629096288,False,True
1b47cbbf-a45e-55fb-ad9b-c13fd7e12a53,35,20,wolverhampton-wanderers,698f23fd-0fa1-5358-8bd3-2b8aef91e946,José Malheiro de Sá,GK,GK,0,0.0,0.8511977495273956,76.66344522712859,1.0,GK,3-4-2-1,0.0,0.8511977495273956,76.66344522712859,76.66344522712859,HIGH_PSTART_DID_NOT_START,0.8811048667416765,79.34390137260003,6.626666666666667,7.118333333333333,-0.4916666666666662,0.6714285714285726,0.0,-0.6747673832769358,0.713971297880078,-0.0019458943206245,1.0,GK,3-4-2-1,76.66344522712859,79.34390137260003,2.680456145471439,0.8511977495273956,0.8811048667416765,0.029907117214280965,0.029907117214280965,2.680456145471439,False,True
ee2e6f43-96fc-5070-b018-615238c06305,32,2,aston-villa,db76d454-818a-5043-8d04-22e24f696027,Emiliano Martínez Romero,GK,GK,0,0.0,0.8441804143324027,76.03615494528238,1.0,GK,4-2-3-1,0.0,0.8441804143324027,76.03615494528238,76.03615494528238,HIGH_PSTART_DID_NOT_START,0.8744358738993998,78.74751210796444,6.803333333333334,7.160000000000001,-0.3566666666666673,2.0928571428571425,0.3135200653213204,-0.5330845679924212,0.9924903550396867,0.0033953187192944,1.0,GK,4-2-3-1,76.03615494528238,78.74751210796444,2.711357162682063,0.8441804143324027,0.8744358738993998,0.030255459566997156,0.030255459566997156,2.711357162682063,False,True
79323fcf-ead5-5ef9-b1be-d211787d4251,29,15,newcastle-united,00be15e9-135e-5a79-956f-cd70f121b4b0,Nick Pope,GK,GK,0,0.0,0.8554606357779637,77.05835173898711,1.0,GK,4-3-3,0.0,0.8554606357779637,77.05835173898711,77.05835173898711,HIGH_PSTART_DID_NOT_START,0.8857630141395751,79.77154149663673,5.824,6.791666666666667,-0.9676666666666672,-1.508571428571428,-0.887729849386785,-0.9235694656806852,-0.964826184712174,-0.0180879877398559,1.0,GK,4-3-3,77.05835173898711,79.77154149663673,2.713189757649616,0.8554606357779637,0.8857630141395751,0.030302378361611426,0.030302378361611426,2.713189757649616,False,True
6087d963-451a-5a7b-b016-d3853de520ea,22,11,leeds-united,542e61a7-899c-5785-91c5-c76ab1e53e2d,Lucas Estella Perri,GK,GK,0,0.0,0.8033314131218436,72.34632237288108,1.0,GK,3-5-2,0.0,0.8033314131218436,72.34632237288108,72.34632237288108,HIGH_PSTART_DID_NOT_START,0.8399472173824021,75.63308827073162,6.173999999999999,6.593333333333334,-0.4193333333333351,-1.1657142857142846,-0.3175220410551093,-0.6036620372782598,-0.9144898534100924,-0.0089750764269279,1.0,GK,3-5-2,72.34632237288108,75.63308827073162,3.286765897850543,0.8033314131218436,0.8399472173824021,0.03661580426055844,0.03661580426055844,3.286765897850543,False,True
de92aec0-17cd-521d-ae3d-f425ab7e09dd,34,15,newcastle-united,ef597ccf-9296-5f73-a908-245e5d67b0ef,Aaron Ramsdale,GK,GK,0,0.0,0.8328082629870709,75.13472715148329,1.0,GK,4-3-3,0.0,0.8328082629870709,75.13472715148329,75.13472715148329,HIGH_PSTART_DID_NOT_START,0.8796655941215298,79.30088407968813,6.896,6.874999999999999,0.0210000000000007,-1.7057142857142864,0.9454076645285934,0.0349857153327807,-0.9790570029555004,0.0105071142096246,1.0,GK,4-3-3,75.13472715148329,79.30088407968813,4.166156928204842,0.8328082629870709,0.8796655941215298,0.04685733113445889,0.04685733113445889,4.166156928204842,False,True
dec351fa-176e-54ff-a391-5e41f9eeee09,37,20,wolverhampton-wanderers,2fa40b7b-3ae8-5f1c-9520-aa9d58b7aee5,Daniel Bentley,GK,GK,0,0.0,0.813056399386673,73.26595194177337,1.0,GK,3-4-2-1,0.0,0.813056399386673,73.26595194177337,73.26595194177337,HIGH_PSTART_DID_NOT_START,0.8772923341482864,79.01596005092685,6.757142857142857,0.0,0.0,-0.4366666666666665,0.2140961128597727,0.0,-0.524278710680009,0.001734692045817,1.0,GK,3-4-2-1,73.26595194177337,79.01596005092685,5.750008109153484,0.813056399386673,0.8772923341482864,0.06423593476161349,0.06423593476161349,5.750008109153484,False,True
