match_id,team_id,competition,kickoff,available_at,mapped_players,complete_player_stats,source,unmapped_lineup_players,missing_starter_stats,Index,source_match_id,source_commit,source_version_at,stats_path,unknown_start_labels,minutes_sum
25-26-prem-liverpool-vs-afc-bournemouth,4,prem,2025-08-15T19:00:00+00:00,2025-08-15T22:00:00+00:00,37,True,Historical Core,,,,,,,,,
25-26-prem-liverpool-vs-afc-bournemouth,12,prem,2025-08-15T19:00:00+00:00,2025-08-15T22:00:00+00:00,35,True,Historical Core,,,,,,,,,
25-26-prem-aston-villa-vs-newcastle-united,2,prem,2025-08-16T11:30:00+00:00,2025-08-16T14:30:00+00:00,36,True,Historical Core,,,,,,,,,
25-26-prem-aston-villa-vs-newcastle-united,15,prem,2025-08-16T11:30:00+00:00,2025-08-16T14:30:00+00:00,34,True,Historical Core,,,,,,,,,
25-26-prem-brighton-hove-albion-vs-fulham,6,prem,2025-08-16T14:00:00+00:00,2025-08-16T17:00:00+00:00,44,True,Historical Core,,,,,,,,,
25-26-prem-brighton-hove-albion-vs-fulham,10,prem,2025-08-16T14:00:00+00:00,2025-08-16T17:00:00+00:00,26,True,Historical Core,,,,,,,,,
25-26-prem-sunderland-vs-west-ham-united,17,prem,2025-08-16T14:00:00+00:00,2025-08-16T17:00:00+00:00,42,True,Historical Core,,,,,,,,,
25-26-prem-sunderland-vs-west-ham-united,19,prem,2025-08-16T14:00:00+00:00,2025-08-16T17:00:00+00:00,30,True,Historical Core,,,,,,,,,
25-26-prem-tottenham-hotspur-vs-burnley,3,prem,2025-08-16T14:00:00+00:00,2025-08-16T17:00:00+00:00,40,True,Historical Core,,,,,,,,,
25-26-prem-tottenham-hotspur-vs-burnley,18,prem,2025-08-16T14:00:00+00:00,2025-08-16T17:00:00+00:00,36,True,Historical Core,,,,,,,,,
25-26-prem-wolverhampton-wanderers-vs-manchester-city,13,prem,2025-08-16T16:30:00+00:00,2025-08-16T19:30:00+00:00,32,True,Historical Core,,,,,,,,,
25-26-prem-wolverhampton-wanderers-vs-manchester-city,20,prem,2025-08-16T16:30:00+00:00,2025-08-16T19:30:00+00:00,34,True,Historical Core,,,,,,,,,
25-26-prem-chelsea-vs-crystal-palace,7,prem,2025-08-17T13:00:00+00:00,2025-08-17T16:00:00+00:00,32,True,Historical Core,,,,,,,,,
25-26-prem-chelsea-vs-crystal-palace,8,prem,2025-08-17T13:00:00+00:00,2025-08-17T16:00:00+00:00,35,True,Historical Core,,,,,,,,,
25-26-prem-nottingham-forest-vs-brentford,5,prem,2025-08-17T13:00:00+00:00,2025-08-17T16:00:00+00:00,36,True,Historical Core,,,,,,,,,
25-26-prem-nottingham-forest-vs-brentford,16,prem,2025-08-17T13:00:00+00:00,2025-08-17T16:00:00+00:00,28,True,Historical Core,,,,,,,,,
25-26-prem-manchester-united-vs-arsenal,1,prem,2025-08-17T15:30:00+00:00,2025-08-17T18:30:00+00:00,33,True,Historical Core,,,,,,,,,
25-26-prem-manchester-united-vs-arsenal,14,prem,2025-08-17T15:30:00+00:00,2025-08-17T18:30:00+00:00,40,True,Historical Core,,,,,,,,,
25-26-prem-leeds-united-vs-everton,9,prem,2025-08-18T19:00:00+00:00,2025-08-18T22:00:00+00:00,30,True,Historical Core,,,,,,,,,
25-26-prem-leeds-united-vs-everton,11,prem,2025-08-18T19:00:00+00:00,2025-08-18T22:00:00+00:00,30,True,Historical Core,,,,,,,,,
25-26-prem-west-ham-united-vs-chelsea,7,prem,2025-08-22T19:00:00+00:00,2025-08-22T22:00:00+00:00,32,True,Historical Core,,,,,,,,,
25-26-prem-west-ham-united-vs-chelsea,19,prem,2025-08-22T19:00:00+00:00,2025-08-22T22:00:00+00:00,30,True,Historical Core,,,,,,,,,
25-26-prem-manchester-city-vs-tottenham-hotspur,13,prem,2025-08-23T11:30:00+00:00,2025-08-23T14:30:00+00:00,31,True,Historical Core,,,,,,,,,
25-26-prem-manchester-city-vs-tottenham-hotspur,18,prem,2025-08-23T11:30:00+00:00,2025-08-23T14:30:00+00:00,36,True,Historical Core,,,,,,,,,
25-26-prem-afc-bournemouth-vs-wolverhampton-wanderers,4,prem,2025-08-23T14:00:00+00:00,2025-08-23T17:00:00+00:00,38,True,Historical Core,,,,,,,,,
25-26-prem-afc-bournemouth-vs-wolverhampton-wanderers,20,prem,2025-08-23T14:00:00+00:00,2025-08-23T17:00:00+00:00,34,True,Historical Core,,,,,,,,,
25-26-prem-brentford-vs-aston-villa,2,prem,2025-08-23T14:00:00+00:00,2025-08-23T17:00:00+00:00,38,True,Historical Core,,,,,,,,,
25-26-prem-brentford-vs-aston-villa,5,prem,2025-08-23T14:00:00+00:00,2025-08-23T17:00:00+00:00,37,True,Historical Core,,,,,,,,,
25-26-prem-burnley-vs-sunderland,3,prem,2025-08-23T14:00:00+00:00,2025-08-23T17:00:00+00:00,40,True,Historical Core,,,,,,,,,
25-26-prem-burnley-vs-sunderland,17,prem,2025-08-23T14:00:00+00:00,2025-08-23T17:00:00+00:00,43,True,Historical Core,,,,,,,,,
25-26-prem-arsenal-vs-leeds-united,1,prem,2025-08-23T16:30:00+00:00,2025-08-23T19:30:00+00:00,34,True,Historical Core,,,,,,,,,
25-26-prem-arsenal-vs-leeds-united,11,prem,2025-08-23T16:30:00+00:00,2025-08-23T19:30:00+00:00,32,True,Historical Core,,,,,,,,,
25-26-prem-crystal-palace-vs-nottingham-forest,8,prem,2025-08-24T13:00:00+00:00,2025-08-24T16:00:00+00:00,35,True,Historical Core,,,,,,,,,
25-26-prem-crystal-palace-vs-nottingham-forest,16,prem,2025-08-24T13:00:00+00:00,2025-08-24T16:00:00+00:00,32,True,Historical Core,,,,,,,,,
25-26-prem-everton-vs-brighton-hove-albion,6,prem,2025-08-24T13:00:00+00:00,2025-08-24T16:00:00+00:00,44,True,Historical Core,,,,,,,,,
25-26-prem-everton-vs-brighton-hove-albion,9,prem,2025-08-24T13:00:00+00:00,2025-08-24T16:00:00+00:00,33,True,Historical Core,,,,,,,,,
25-26-prem-fulham-vs-manchester-united,10,prem,2025-08-24T15:30:00+00:00,2025-08-24T18:30:00+00:00,26,True,Historical Core,,,,,,,,,
25-26-prem-fulham-vs-manchester-united,14,prem,2025-08-24T15:30:00+00:00,2025-08-24T18:30:00+00:00,40,True,Historical Core,,,,,,,,,
25-26-prem-newcastle-united-vs-liverpool,12,prem,2025-08-25T19:00:00+00:00,2025-08-25T22:00:00+00:00,35,True,Historical Core,,,,,,,,,
25-26-prem-newcastle-united-vs-liverpool,15,prem,2025-08-25T19:00:00+00:00,2025-08-25T22:00:00+00:00,35,True,Historical Core,,,,,,,,,
25-26-efl-cup-west-ham-united-vs-wolverhampton-wanderers,19,efl-cup,2025-08-26T18:30:00+00:00,2025-08-26T21:30:00+00:00,14,True,FPL-Core-Insights snapshot,0.0,0.0,,,,,,,
25-26-efl-cup-west-ham-united-vs-wolverhampton-wanderers,20,efl-cup,2025-08-26T18:30:00+00:00,2025-08-26T21:30:00+00:00,16,True,FPL-Core-Insights snapshot,0.0,0.0,,,,,,,
25-26-efl-cup-brentford-vs-afc-bournemouth,4,efl-cup,2025-08-26T18:45:00+00:00,2025-08-26T21:45:00+00:00,14,False,FPL-Core-Insights snapshot,0.0,2.0,,,,,,,
25-26-efl-cup-brentford-vs-afc-bournemouth,5,efl-cup,2025-08-26T18:45:00+00:00,2025-08-26T21:45:00+00:00,16,True,FPL-Core-Insights snapshot,0.0,0.0,,,,,,,
25-26-efl-cup-derby-county-vs-burnley,3,efl-cup,2025-08-26T18:45:00+00:00,2025-08-26T21:45:00+00:00,13,False,FPL-Core-Insights snapshot,2.0,1.0,,,,,,,
25-26-efl-cup-huddersfield-town-vs-sunderland,17,efl-cup,2025-08-26T18:45:00+00:00,2025-08-26T21:45:00+00:00,14,True,FPL-Core-Insights snapshot,3.0,0.0,,,,,,,
25-26-efl-cup-leeds-united-vs-sheffield-wednesday,11,efl-cup,2025-08-26T19:00:00+00:00,2025-08-26T22:00:00+00:00,16,True,FPL-Core-Insights snapshot,0.0,0.0,,,,,,,
25-26-efl-cup-brighton-hove-albion-vs-oxford-united,6,efl-cup,2025-08-27T18:45:00+00:00,2025-08-27T21:45:00+00:00,15,False,FPL-Core-Insights snapshot,0.0,1.0,,,,,,,
25-26-efl-cup-bristol-city-vs-fulham,10,efl-cup,2025-08-27T18:45:00+00:00,2025-08-27T21:45:00+00:00,16,True,FPL-Core-Insights snapshot,0.0,0.0,,,,,,,
25-26-efl-cup-mansfield-town-vs-everton,9,efl-cup,2025-08-27T18:45:00+00:00,2025-08-27T21:45:00+00:00,16,True,FPL-Core-Insights snapshot,0.0,0.0,,,,,,,
25-26-efl-cup-manchester-united-vs-grimsby-town,14,efl-cup,2025-08-27T19:00:00+00:00,2025-08-27T22:00:00+00:00,16,True,FPL-Core-Insights snapshot,0.0,0.0,,,,,,,
25-26-prem-chelsea-vs-fulham,7,prem,2025-08-30T11:30:00+00:00,2025-08-30T14:30:00+00:00,32,True,Historical Core,,,,,,,,,
25-26-prem-chelsea-vs-fulham,10,prem,2025-08-30T11:30:00+00:00,2025-08-30T14:30:00+00:00,26,True,Historical Core,,,,,,,,,
25-26-prem-manchester-united-vs-burnley,3,prem,2025-08-30T14:00:00+00:00,2025-08-30T17:00:00+00:00,40,True,Historical Core,,,,,,,,,
25-26-prem-manchester-united-vs-burnley,14,prem,2025-08-30T14:00:00+00:00,2025-08-30T17:00:00+00:00,40,True,Historical Core,,,,,,,,,
25-26-prem-sunderland-vs-brentford,5,prem,2025-08-30T14:00:00+00:00,2025-08-30T17:00:00+00:00,37,True,Historical Core,,,,,,,,,
25-26-prem-sunderland-vs-brentford,17,prem,2025-08-30T14:00:00+00:00,2025-08-30T17:00:00+00:00,43,True,Historical Core,,,,,,,,,
25-26-prem-tottenham-hotspur-vs-afc-bournemouth,4,prem,2025-08-30T14:00:00+00:00,2025-08-30T17:00:00+00:00,38,True,Historical Core,,,,,,,,,
25-26-prem-tottenham-hotspur-vs-afc-bournemouth,18,prem,2025-08-30T14:00:00+00:00,2025-08-30T17:00:00+00:00,36,True,Historical Core,,,,,,,,,
25-26-prem-wolverhampton-wanderers-vs-everton,9,prem,2025-08-30T14:00:00+00:00,2025-08-30T17:00:00+00:00,34,True,Historical Core,,,,,,,,,
25-26-prem-wolverhampton-wanderers-vs-everton,20,prem,2025-08-30T14:00:00+00:00,2025-08-30T17:00:00+00:00,35,True,Historical Core,,,,,,,,,
25-26-prem-leeds-united-vs-newcastle-united,11,prem,2025-08-30T16:30:00+00:00,2025-08-30T19:30:00+00:00,33,True,Historical Core,,,,,,,,,
25-26-prem-leeds-united-vs-newcastle-united,15,prem,2025-08-30T16:30:00+00:00,2025-08-30T19:30:00+00:00,35,True,Historical Core,,,,,,,,,
25-26-prem-brighton-hove-albion-vs-manchester-city,6,prem,2025-08-31T13:00:00+00:00,2025-08-31T16:00:00+00:00,44,True,Historical Core,,,,,,,,,
25-26-prem-brighton-hove-albion-vs-manchester-city,13,prem,2025-08-31T13:00:00+00:00,2025-08-31T16:00:00+00:00,31,True,Historical Core,,,,,,,,,
25-26-prem-nottingham-forest-vs-west-ham-united,16,prem,2025-08-31T13:00:00+00:00,2025-08-31T16:00:00+00:00,32,True,Historical Core,,,,,,,,,
25-26-prem-nottingham-forest-vs-west-ham-united,19,prem,2025-08-31T13:00:00+00:00,2025-08-31T16:00:00+00:00,31,True,Historical Core,,,,,,,,,
25-26-prem-liverpool-vs-arsenal,1,prem,2025-08-31T15:30:00+00:00,2025-08-31T18:30:00+00:00,36,True,Historical Core,,,,,,,,,
25-26-prem-liverpool-vs-arsenal,12,prem,2025-08-31T15:30:00+00:00,2025-08-31T18:30:00+00:00,35,True,Historical Core,,,,,,,,,
25-26-prem-aston-villa-vs-crystal-palace,2,prem,2025-08-31T18:00:00+00:00,2025-08-31T21:00:00+00:00,39,True,Historical Core,,,,,,,,,
25-26-prem-aston-villa-vs-crystal-palace,8,prem,2025-08-31T18:00:00+00:00,2025-08-31T21:00:00+00:00,35,True,Historical Core,,,,,,,,,
25-26-prem-arsenal-vs-nottingham-forest,1,prem,2025-09-13T11:30:00+00:00,2025-09-13T14:30:00+00:00,35,True,Historical Core,,,,,,,,,
25-26-prem-arsenal-vs-nottingham-forest,16,prem,2025-09-13T11:30:00+00:00,2025-09-13T14:30:00+00:00,37,True,Historical Core,,,,,,,,,
25-26-prem-afc-bournemouth-vs-brighton-hove-albion,4,prem,2025-09-13T14:00:00+00:00,2025-09-13T17:00:00+00:00,40,True,Historical Core,,,,,,,,,
25-26-prem-afc-bournemouth-vs-brighton-hove-albion,6,prem,2025-09-13T14:00:00+00:00,2025-09-13T17:00:00+00:00,42,True,Historical Core,,,,,,,,,
25-26-prem-crystal-palace-vs-sunderland,8,prem,2025-09-13T14:00:00+00:00,2025-09-13T17:00:00+00:00,37,True,Historical Core,,,,,,,,,
25-26-prem-crystal-palace-vs-sunderland,17,prem,2025-09-13T14:00:00+00:00,2025-09-13T17:00:00+00:00,45,True,Historical Core,,,,,,,,,
25-26-prem-everton-vs-aston-villa,2,prem,2025-09-13T14:00:00+00:00,2025-09-13T17:00:00+00:00,42,True,Historical Core,,,,,,,,,
25-26-prem-everton-vs-aston-villa,9,prem,2025-09-13T14:00:00+00:00,2025-09-13T17:00:00+00:00,35,True,Historical Core,,,,,,,,,
25-26-prem-fulham-vs-leeds-united,10,prem,2025-09-13T14:00:00+00:00,2025-09-13T17:00:00+00:00,29,True,Historical Core,,,,,,,,,
25-26-prem-fulham-vs-leeds-united,11,prem,2025-09-13T14:00:00+00:00,2025-09-13T17:00:00+00:00,33,True,Historical Core,,,,,,,,,
25-26-prem-newcastle-united-vs-wolverhampton-wanderers,15,prem,2025-09-13T14:00:00+00:00,2025-09-13T17:00:00+00:00,36,True,Historical Core,,,,,,,,,
25-26-prem-newcastle-united-vs-wolverhampton-wanderers,20,prem,2025-09-13T14:00:00+00:00,2025-09-13T17:00:00+00:00,36,True,Historical Core,,,,,,,,,
25-26-prem-west-ham-united-vs-tottenham-hotspur,18,prem,2025-09-13T16:30:00+00:00,2025-09-13T19:30:00+00:00,38,True,Historical Core,,,,,,,,,
25-26-prem-west-ham-united-vs-tottenham-hotspur,19,prem,2025-09-13T16:30:00+00:00,2025-09-13T19:30:00+00:00,34,True,Historical Core,,,,,,,,,
25-26-prem-brentford-vs-chelsea,5,prem,2025-09-13T19:00:00+00:00,2025-09-13T22:00:00+00:00,37,True,Historical Core,,,,,,,,,
25-26-prem-brentford-vs-chelsea,7,prem,2025-09-13T19:00:00+00:00,2025-09-13T22:00:00+00:00,35,True,Historical Core,,,,,,,,,
25-26-prem-burnley-vs-liverpool,3,prem,2025-09-14T13:00:00+00:00,2025-09-14T16:00:00+00:00,41,True,Historical Core,,,,,,,,,
25-26-prem-burnley-vs-liverpool,12,prem,2025-09-14T13:00:00+00:00,2025-09-14T16:00:00+00:00,35,True,Historical Core,,,,,,,,,
25-26-prem-manchester-city-vs-manchester-united,13,prem,2025-09-14T15:30:00+00:00,2025-09-14T18:30:00+00:00,34,True,Historical Core,,,,,,,,,
25-26-prem-manchester-city-vs-manchester-united,14,prem,2025-09-14T15:30:00+00:00,2025-09-14T18:30:00+00:00,39,True,Historical Core,,,,,,,,,
25-26-champions-league-arsenal-vs-athletic-club,1,champions-league,2025-09-16T16:45:00+00:00,2025-09-16T19:45:00+00:00,15,True,FPL-Core-Insights snapshot,0.0,0.0,,,,,,,
25-26-champions-league-villarreal-vs-tottenham-hotspur,18,champions-league,2025-09-16T19:00:00+00:00,2025-09-16T22:00:00+00:00,16,True,FPL-Core-Insights snapshot,0.0,0.0,,,,,,,
25-26-efl-cup-aston-villa-vs-brentford,2,efl-cup,2025-09-16T19:00:00+00:00,2025-09-16T22:00:00+00:00,16,True,FPL-Core-Insights snapshot,1.0,0.0,,,,,,,
25-26-efl-cup-aston-villa-vs-brentford,5,efl-cup,2025-09-16T19:00:00+00:00,2025-09-16T22:00:00+00:00,16,True,FPL-Core-Insights snapshot,0.0,0.0,,,,,,,
25-26-efl-cup-millwall-vs-crystal-palace,8,efl-cup,2025-09-16T19:00:00+00:00,2025-09-16T22:00:00+00:00,15,True,FPL-Core-Insights snapshot,0.0,0.0,,,,,,,
25-26-champions-league-atletico-madrid-vs-liverpool,12,champions-league,2025-09-17T19:00:00+00:00,2025-09-17T22:00:00+00:00,16,True,FPL-Core-Insights snapshot,1.0,0.0,,,,,,,
25-26-champions-league-chelsea-vs-bayern-münchen,7,champions-league,2025-09-17T19:00:00+00:00,2025-09-17T22:00:00+00:00,14,True,FPL-Core-Insights snapshot,1.0,0.0,,,,,,,
25-26-efl-cup-nottingham-forest-vs-swansea-city,16,efl-cup,2025-09-17T19:00:00+00:00,2025-09-17T22:00:00+00:00,15,False,FPL-Core-Insights snapshot,0.0,1.0,,,,,,,
25-26-champions-league-napoli-vs-manchester-city,13,champions-league,2025-09-18T19:00:00+00:00,2025-09-18T22:00:00+00:00,16,True,FPL-Core-Insights snapshot,0.0,0.0,,,,,,,
restored-champions-league-2025-09-18-newcastleunited-vs-barcelona,15,champions-league,2025-09-18T19:00:00+00:00,2025-09-19T22:06:21+00:00,16,True,Original pre-deadline Git payload; independent fixture identity matched,,,0.0,25-26-champions-league-barcelona-vs-newcastle-united,1ce2a10d2ebe677fda8b6f3d1e7de9b22c38d04b,2025-09-19T22:06:21+00:00,data_v1_1/raw/deadline-cup-source-2025-26/GW5/playermatchstats.csv,0.0,990.0
25-26-prem-liverpool-vs-everton,9,prem,2025-09-20T11:30:00+00:00,2025-09-20T14:30:00+00:00,35,True,Historical Core,,,,,,,,,
25-26-prem-liverpool-vs-everton,12,prem,2025-09-20T11:30:00+00:00,2025-09-20T14:30:00+00:00,35,True,Historical Core,,,,,,,,,
25-26-prem-brighton-hove-albion-vs-tottenham-hotspur,6,prem,2025-09-20T14:00:00+00:00,2025-09-20T17:00:00+00:00,42,True,Historical Core,,,,,,,,,
25-26-prem-brighton-hove-albion-vs-tottenham-hotspur,18,prem,2025-09-20T14:00:00+00:00,2025-09-20T17:00:00+00:00,38,True,Historical Core,,,,,,,,,
25-26-prem-burnley-vs-nottingham-forest,3,prem,2025-09-20T14:00:00+00:00,2025-09-20T17:00:00+00:00,41,True,Historical Core,,,,,,,,,
25-26-prem-burnley-vs-nottingham-forest,16,prem,2025-09-20T14:00:00+00:00,2025-09-20T17:00:00+00:00,37,True,Historical Core,,,,,,,,,
25-26-prem-west-ham-united-vs-crystal-palace,8,prem,2025-09-20T14:00:00+00:00,2025-09-20T17:00:00+00:00,37,True,Historical Core,,,,,,,,,
25-26-prem-west-ham-united-vs-crystal-palace,19,prem,2025-09-20T14:00:00+00:00,2025-09-20T17:00:00+00:00,34,True,Historical Core,,,,,,,,,
25-26-prem-wolverhampton-wanderers-vs-leeds-united,11,prem,2025-09-20T14:00:00+00:00,2025-09-20T17:00:00+00:00,34,True,Historical Core,,,,,,,,,
25-26-prem-wolverhampton-wanderers-vs-leeds-united,20,prem,2025-09-20T14:00:00+00:00,2025-09-20T17:00:00+00:00,36,True,Historical Core,,,,,,,,,
25-26-prem-manchester-united-vs-chelsea,7,prem,2025-09-20T16:30:00+00:00,2025-09-20T19:30:00+00:00,35,True,Historical Core,,,,,,,,,
25-26-prem-manchester-united-vs-chelsea,14,prem,2025-09-20T16:30:00+00:00,2025-09-20T19:30:00+00:00,39,True,Historical Core,,,,,,,,,
25-26-prem-fulham-vs-brentford,5,prem,2025-09-20T19:00:00+00:00,2025-09-20T22:00:00+00:00,37,True,Historical Core,,,,,,,,,
25-26-prem-fulham-vs-brentford,10,prem,2025-09-20T19:00:00+00:00,2025-09-20T22:00:00+00:00,29,True,Historical Core,,,,,,,,,
25-26-prem-afc-bournemouth-vs-newcastle-united,4,prem,2025-09-21T13:00:00+00:00,2025-09-21T16:00:00+00:00,40,True,Historical Core,,,,,,,,,
25-26-prem-afc-bournemouth-vs-newcastle-united,15,prem,2025-09-21T13:00:00+00:00,2025-09-21T16:00:00+00:00,36,True,Historical Core,,,,,,,,,
25-26-prem-sunderland-vs-aston-villa,2,prem,2025-09-21T13:00:00+00:00,2025-09-21T16:00:00+00:00,42,True,Historical Core,,,,,,,,,
25-26-prem-sunderland-vs-aston-villa,17,prem,2025-09-21T13:00:00+00:00,2025-09-21T16:00:00+00:00,45,True,Historical Core,,,,,,,,,
25-26-prem-arsenal-vs-manchester-city,1,prem,2025-09-21T15:30:00+00:00,2025-09-21T18:30:00+00:00,35,True,Historical Core,,,,,,,,,
25-26-prem-arsenal-vs-manchester-city,13,prem,2025-09-21T15:30:00+00:00,2025-09-21T18:30:00+00:00,34,True,Historical Core,,,,,,,,,
25-26-efl-cup-brighton-hove-albion-vs-barnsley,6,efl-cup,2025-09-23T18:45:00+00:00,2025-09-23T21:45:00+00:00,16,True,FPL-Core-Insights snapshot,0.0,0.0,,,,,,,
25-26-efl-cup-cambridge-united-vs-fulham,10,efl-cup,2025-09-23T18:45:00+00:00,2025-09-23T21:45:00+00:00,16,True,FPL-Core-Insights snapshot,0.0,0.0,,,,,,,
25-26-efl-cup-cardiff-city-vs-burnley,3,efl-cup,2025-09-23T18:45:00+00:00,2025-09-23T21:45:00+00:00,14,True,FPL-Core-Insights snapshot,3.0,0.0,,,,,,,
25-26-efl-cup-chelsea-vs-lincoln-city,7,efl-cup,2025-09-23T18:45:00+00:00,2025-09-23T21:45:00+00:00,14,True,FPL-Core-Insights snapshot,2.0,0.0,,,,,,,
25-26-efl-cup-everton-vs-wolverhampton-wanderers,9,efl-cup,2025-09-23T18:45:00+00:00,2025-09-23T21:45:00+00:00,16,True,FPL-Core-Insights snapshot,0.0,0.0,,,,,,,
25-26-efl-cup-everton-vs-wolverhampton-wanderers,20,efl-cup,2025-09-23T18:45:00+00:00,2025-09-23T21:45:00+00:00,16,True,FPL-Core-Insights snapshot,0.0,0.0,,,,,,,
25-26-efl-cup-southampton-vs-liverpool,12,efl-cup,2025-09-23T19:00:00+00:00,2025-09-23T22:00:00+00:00,15,True,FPL-Core-Insights snapshot,2.0,0.0,,,,,,,
25-26-efl-cup-bradford-city-vs-newcastle-united,15,efl-cup,2025-09-24T18:45:00+00:00,2025-09-24T21:45:00+00:00,16,True,FPL-Core-Insights snapshot,0.0,0.0,,,,,,,
25-26-efl-cup-doncaster-rovers-vs-tottenham-hotspur,18,efl-cup,2025-09-24T18:45:00+00:00,2025-09-24T21:45:00+00:00,15,True,FPL-Core-Insights snapshot,1.0,0.0,,,,,,,
25-26-efl-cup-manchester-city-vs-huddersfield-town,13,efl-cup,2025-09-24T18:45:00+00:00,2025-09-24T21:45:00+00:00,14,True,FPL-Core-Insights snapshot,2.0,0.0,,,,,,,
25-26-efl-cup-arsenal-vs-port-vale,1,efl-cup,2025-09-24T19:00:00+00:00,2025-09-24T22:00:00+00:00,16,True,FPL-Core-Insights snapshot,0.0,0.0,,,,,,,
25-26-europa-league-nottingham-forest-vs-real-betis,16,europa-league,2025-09-24T19:00:00+00:00,2025-09-24T22:00:00+00:00,16,True,FPL-Core-Insights snapshot,0.0,0.0,,,,,,,
restored-europa-league-2025-09-25-astonvilla-vs-bologna,2,europa-league,2025-09-25T19:00:00+00:00,2025-09-27T08:24:40+00:00,14,True,Original pre-deadline Git payload; independent fixture identity matched,,,4.0,25-26-europa-league-bologna-vs-aston-villa,70f7aa2df66ca2ec4ca531dff1751678b551b548,2025-09-27T08:24:40+00:00,data_v1_1/raw/deadline-cup-source-2025-26/GW6/playermatchstats.csv,0.0,990.0
25-26-prem-brentford-vs-manchester-united,5,prem,2025-09-27T11:30:00+00:00,2025-09-27T14:30:00+00:00,37,True,Historical Core,,,,,,,,,
25-26-prem-brentford-vs-manchester-united,14,prem,2025-09-27T11:30:00+00:00,2025-09-27T14:30:00+00:00,39,True,Historical Core,,,,,,,,,
25-26-prem-chelsea-vs-brighton-hove-albion,6,prem,2025-09-27T14:00:00+00:00,2025-09-27T17:00:00+00:00,42,True,Historical Core,,,,,,,,,
25-26-prem-chelsea-vs-brighton-hove-albion,7,prem,2025-09-27T14:00:00+00:00,2025-09-27T17:00:00+00:00,35,True,Historical Core,,,,,,,,,
25-26-prem-crystal-palace-vs-liverpool,8,prem,2025-09-27T14:00:00+00:00,2025-09-27T17:00:00+00:00,37,True,Historical Core,,,,,,,,,
25-26-prem-crystal-palace-vs-liverpool,12,prem,2025-09-27T14:00:00+00:00,2025-09-27T17:00:00+00:00,35,True,Historical Core,,,,,,,,,
25-26-prem-leeds-united-vs-afc-bournemouth,4,prem,2025-09-27T14:00:00+00:00,2025-09-27T17:00:00+00:00,40,True,Historical Core,,,,,,,,,
25-26-prem-leeds-united-vs-afc-bournemouth,11,prem,2025-09-27T14:00:00+00:00,2025-09-27T17:00:00+00:00,34,True,Historical Core,,,,,,,,,
25-26-prem-manchester-city-vs-burnley,3,prem,2025-09-27T14:00:00+00:00,2025-09-27T17:00:00+00:00,41,True,Historical Core,,,,,,,,,
25-26-prem-manchester-city-vs-burnley,13,prem,2025-09-27T14:00:00+00:00,2025-09-27T17:00:00+00:00,35,True,Historical Core,,,,,,,,,
25-26-prem-nottingham-forest-vs-sunderland,16,prem,2025-09-27T16:30:00+00:00,2025-09-27T19:30:00+00:00,37,True,Historical Core,,,,,,,,,
25-26-prem-nottingham-forest-vs-sunderland,17,prem,2025-09-27T16:30:00+00:00,2025-09-27T19:30:00+00:00,45,True,Historical Core,,,,,,,,,
25-26-prem-tottenham-hotspur-vs-wolverhampton-wanderers,18,prem,2025-09-27T19:00:00+00:00,2025-09-27T22:00:00+00:00,38,True,Historical Core,,,,,,,,,
25-26-prem-tottenham-hotspur-vs-wolverhampton-wanderers,20,prem,2025-09-27T19:00:00+00:00,2025-09-27T22:00:00+00:00,36,True,Historical Core,,,,,,,,,
25-26-prem-aston-villa-vs-fulham,2,prem,2025-09-28T13:00:00+00:00,2025-09-28T16:00:00+00:00,42,True,Historical Core,,,,,,,,,
25-26-prem-aston-villa-vs-fulham,10,prem,2025-09-28T13:00:00+00:00,2025-09-28T16:00:00+00:00,29,True,Historical Core,,,,,,,,,
25-26-prem-newcastle-united-vs-arsenal,1,prem,2025-09-28T15:30:00+00:00,2025-09-28T18:30:00+00:00,35,True,Historical Core,,,,,,,,,
25-26-prem-newcastle-united-vs-arsenal,15,prem,2025-09-28T15:30:00+00:00,2025-09-28T18:30:00+00:00,36,True,Historical Core,,,,,,,,,
25-26-prem-everton-vs-west-ham-united,9,prem,2025-09-29T19:00:00+00:00,2025-09-29T22:00:00+00:00,35,True,Historical Core,,,,,,,,,
25-26-prem-everton-vs-west-ham-united,19,prem,2025-09-29T19:00:00+00:00,2025-09-29T22:00:00+00:00,34,True,Historical Core,,,,,,,,,
25-26-champions-league-benfica-vs-chelsea,7,champions-league,2025-09-30T19:00:00+00:00,2025-09-30T22:00:00+00:00,16,True,FPL-Core-Insights snapshot,1.0,0.0,,,,,,,
25-26-champions-league-tottenham-hotspur-vs-bodø/glimt,18,champions-league,2025-09-30T19:00:00+00:00,2025-09-30T22:00:00+00:00,16,True,FPL-Core-Insights snapshot,1.0,0.0,,,,,,,
restored-champions-league-2025-09-30-galatasaray-vs-liverpool,12,champions-league,2025-09-30T19:00:00+00:00,2025-10-02T18:04:44+00:00,16,True,Original pre-deadline Git payload; independent fixture identity matched,,,1.0,25-26-champions-league-liverpool-vs-galatasaray,b1db8a324a8f5dfe89763e078b5f46438c986d73,2025-10-02T18:04:44+00:00,data_v1_1/raw/deadline-cup-source-2025-26/strict/GW7/playermatchstats.csv,0.0,990.0
25-26-champions-league-newcastle-united-vs-union-st.gilloise,15,champions-league,2025-10-01T16:45:00+00:00,2025-10-01T19:45:00+00:00,16,True,FPL-Core-Insights snapshot,1.0,0.0,,,,,,,
25-26-champions-league-manchester-city-vs-monaco,13,champions-league,2025-10-01T19:00:00+00:00,2025-10-01T22:00:00+00:00,14,True,FPL-Core-Insights snapshot,0.0,0.0,,,,,,,
25-26-champions-league-olympiacos-vs-arsenal,1,champions-league,2025-10-01T19:00:00+00:00,2025-10-01T22:00:00+00:00,16,True,FPL-Core-Insights snapshot,0.0,0.0,,,,,,,
25-26-conference-league-crystal-palace-vs-dynamo-kyiv,8,conference-league,2025-10-02T16:45:00+00:00,2025-10-02T19:45:00+00:00,0,False,FPL-Core-Insights snapshot,0.0,0.0,,,,,,,
25-26-europa-league-aston-villa-vs-feyenoord,2,europa-league,2025-10-02T19:00:00+00:00,2025-10-02T22:00:00+00:00,16,True,FPL-Core-Insights snapshot,0.0,0.0,,,,,,,
restored-europa-league-2025-10-02-nottinghamforest-vs-midtjylland,16,europa-league,2025-10-02T19:00:00+00:00,2025-10-04T08:24:38+00:00,13,True,Original pre-deadline Git payload; independent fixture identity matched,,,5.0,25-26-europa-league-fc-midtjylland-vs-nottingham-forest,bc9293e918578a7799b7770ea14409919de7d408,2025-10-04T08:24:38+00:00,data_v1_1/raw/deadline-cup-source-2025-26/GW7/playermatchstats.csv,0.0,990.0
25-26-prem-afc-bournemouth-vs-fulham,4,prem,2025-10-03T19:00:00+00:00,2025-10-03T22:00:00+00:00,40,True,Historical Core,,,,,,,,,
25-26-prem-afc-bournemouth-vs-fulham,10,prem,2025-10-03T19:00:00+00:00,2025-10-03T22:00:00+00:00,29,True,Historical Core,,,,,,,,,
25-26-prem-leeds-united-vs-tottenham-hotspur,11,prem,2025-10-04T11:30:00+00:00,2025-10-04T14:30:00+00:00,34,True,Historical Core,,,,,,,,,
25-26-prem-leeds-united-vs-tottenham-hotspur,18,prem,2025-10-04T11:30:00+00:00,2025-10-04T14:30:00+00:00,38,True,Historical Core,,,,,,,,,
25-26-prem-arsenal-vs-west-ham-united,1,prem,2025-10-04T14:00:00+00:00,2025-10-04T17:00:00+00:00,35,True,Historical Core,,,,,,,,,
25-26-prem-arsenal-vs-west-ham-united,19,prem,2025-10-04T14:00:00+00:00,2025-10-04T17:00:00+00:00,34,True,Historical Core,,,,,,,,,
25-26-prem-manchester-united-vs-sunderland,14,prem,2025-10-04T14:00:00+00:00,2025-10-04T17:00:00+00:00,39,True,Historical Core,,,,,,,,,
25-26-prem-manchester-united-vs-sunderland,17,prem,2025-10-04T14:00:00+00:00,2025-10-04T17:00:00+00:00,45,True,Historical Core,,,,,,,,,
25-26-prem-chelsea-vs-liverpool,7,prem,2025-10-04T16:30:00+00:00,2025-10-04T19:30:00+00:00,36,True,Historical Core,,,,,,,,,
25-26-prem-chelsea-vs-liverpool,12,prem,2025-10-04T16:30:00+00:00,2025-10-04T19:30:00+00:00,35,True,Historical Core,,,,,,,,,
25-26-prem-aston-villa-vs-burnley,2,prem,2025-10-05T13:00:00+00:00,2025-10-05T16:00:00+00:00,42,True,Historical Core,,,,,,,,,
25-26-prem-aston-villa-vs-burnley,3,prem,2025-10-05T13:00:00+00:00,2025-10-05T16:00:00+00:00,41,True,Historical Core,,,,,,,,,
25-26-prem-everton-vs-crystal-palace,8,prem,2025-10-05T13:00:00+00:00,2025-10-05T16:00:00+00:00,37,True,Historical Core,,,,,,,,,
25-26-prem-everton-vs-crystal-palace,9,prem,2025-10-05T13:00:00+00:00,2025-10-05T16:00:00+00:00,35,True,Historical Core,,,,,,,,,
25-26-prem-newcastle-united-vs-nottingham-forest,15,prem,2025-10-05T13:00:00+00:00,2025-10-05T16:00:00+00:00,36,True,Historical Core,,,,,,,,,
25-26-prem-newcastle-united-vs-nottingham-forest,16,prem,2025-10-05T13:00:00+00:00,2025-10-05T16:00:00+00:00,37,True,Historical Core,,,,,,,,,
25-26-prem-wolverhampton-wanderers-vs-brighton-hove-albion,6,prem,2025-10-05T13:00:00+00:00,2025-10-05T16:00:00+00:00,42,True,Historical Core,,,,,,,,,
25-26-prem-wolverhampton-wanderers-vs-brighton-hove-albion,20,prem,2025-10-05T13:00:00+00:00,2025-10-05T16:00:00+00:00,36,True,Historical Core,,,,,,,,,
25-26-prem-brentford-vs-manchester-city,5,prem,2025-10-05T15:30:00+00:00,2025-10-05T18:30:00+00:00,37,True,Historical Core,,,,,,,,,
25-26-prem-brentford-vs-manchester-city,13,prem,2025-10-05T15:30:00+00:00,2025-10-05T18:30:00+00:00,35,True,Historical Core,,,,,,,,,
25-26-prem-nottingham-forest-vs-chelsea,7,prem,2025-10-18T11:30:00+00:00,2025-10-18T14:30:00+00:00,36,True,Historical Core,,,,,,,,,
25-26-prem-nottingham-forest-vs-chelsea,16,prem,2025-10-18T11:30:00+00:00,2025-10-18T14:30:00+00:00,37,True,Historical Core,,,,,,,,,
25-26-prem-brighton-hove-albion-vs-newcastle-united,6,prem,2025-10-18T14:00:00+00:00,2025-10-18T17:00:00+00:00,43,True,Historical Core,,,,,,,,,
25-26-prem-brighton-hove-albion-vs-newcastle-united,15,prem,2025-10-18T14:00:00+00:00,2025-10-18T17:00:00+00:00,36,True,Historical Core,,,,,,,,,
25-26-prem-burnley-vs-leeds-united,3,prem,2025-10-18T14:00:00+00:00,2025-10-18T17:00:00+00:00,41,True,Historical Core,,,,,,,,,
25-26-prem-burnley-vs-leeds-united,11,prem,2025-10-18T14:00:00+00:00,2025-10-18T17:00:00+00:00,34,True,Historical Core,,,,,,,,,
25-26-prem-crystal-palace-vs-afc-bournemouth,4,prem,2025-10-18T14:00:00+00:00,2025-10-18T17:00:00+00:00,40,True,Historical Core,,,,,,,,,
25-26-prem-crystal-palace-vs-afc-bournemouth,8,prem,2025-10-18T14:00:00+00:00,2025-10-18T17:00:00+00:00,37,True,Historical Core,,,,,,,,,
25-26-prem-manchester-city-vs-everton,9,prem,2025-10-18T14:00:00+00:00,2025-10-18T17:00:00+00:00,35,True,Historical Core,,,,,,,,,
25-26-prem-manchester-city-vs-everton,13,prem,2025-10-18T14:00:00+00:00,2025-10-18T17:00:00+00:00,35,True,Historical Core,,,,,,,,,
25-26-prem-sunderland-vs-wolverhampton-wanderers,17,prem,2025-10-18T14:00:00+00:00,2025-10-18T17:00:00+00:00,45,True,Historical Core,,,,,,,,,
25-26-prem-sunderland-vs-wolverhampton-wanderers,20,prem,2025-10-18T14:00:00+00:00,2025-10-18T17:00:00+00:00,36,True,Historical Core,,,,,,,,,
25-26-prem-fulham-vs-arsenal,1,prem,2025-10-18T16:30:00+00:00,2025-10-18T19:30:00+00:00,35,True,Historical Core,,,,,,,,,
25-26-prem-fulham-vs-arsenal,10,prem,2025-10-18T16:30:00+00:00,2025-10-18T19:30:00+00:00,29,True,Historical Core,,,,,,,,,
25-26-prem-tottenham-hotspur-vs-aston-villa,2,prem,2025-10-19T13:00:00+00:00,2025-10-19T16:00:00+00:00,42,True,Historical Core,,,,,,,,,
25-26-prem-tottenham-hotspur-vs-aston-villa,18,prem,2025-10-19T13:00:00+00:00,2025-10-19T16:00:00+00:00,39,True,Historical Core,,,,,,,,,
25-26-prem-liverpool-vs-manchester-united,12,prem,2025-10-19T15:30:00+00:00,2025-10-19T18:30:00+00:00,35,True,Historical Core,,,,,,,,,
25-26-prem-liverpool-vs-manchester-united,14,prem,2025-10-19T15:30:00+00:00,2025-10-19T18:30:00+00:00,39,True,Historical Core,,,,,,,,,
25-26-prem-west-ham-united-vs-brentford,5,prem,2025-10-20T19:00:00+00:00,2025-10-20T22:00:00+00:00,37,True,Historical Core,,,,,,,,,
25-26-prem-west-ham-united-vs-brentford,19,prem,2025-10-20T19:00:00+00:00,2025-10-20T22:00:00+00:00,34,True,Historical Core,,,,,,,,,
25-26-champions-league-benfica-vs-newcastle-united,15,champions-league,2025-10-21T19:00:00+00:00,2025-10-21T22:00:00+00:00,16,True,FPL-Core-Insights snapshot,1.0,0.0,,,,,,,
25-26-champions-league-manchester-city-vs-villarreal,13,champions-league,2025-10-21T19:00:00+00:00,2025-10-21T22:00:00+00:00,16,True,FPL-Core-Insights snapshot,0.0,0.0,,,,,,,
restored-champions-league-2025-10-21-arsenal-vs-atleticomadrid,1,champions-league,2025-10-21T19:00:00+00:00,2025-10-24T17:04:49+00:00,16,True,Original pre-deadline Git payload; independent fixture identity matched,,,2.0,25-26-champions-league-atletico-madrid-vs-arsenal,71106aaf83a5b27658ae25579954723dfa9ab8fd,2025-10-24T17:04:49+00:00,data_v1_1/raw/deadline-cup-source-2025-26/strict/GW9/playermatchstats.csv,0.0,990.0
25-26-champions-league-ajax-vs-chelsea,7,champions-league,2025-10-22T19:00:00+00:00,2025-10-22T22:00:00+00:00,15,True,FPL-Core-Insights snapshot,1.0,0.0,,,,,,,
25-26-champions-league-liverpool-vs-eintracht-frankfurt,12,champions-league,2025-10-22T19:00:00+00:00,2025-10-22T22:00:00+00:00,16,True,FPL-Core-Insights snapshot,1.0,0.0,,,,,,,
25-26-champions-league-tottenham-hotspur-vs-monaco,18,champions-league,2025-10-22T19:00:00+00:00,2025-10-22T22:00:00+00:00,16,True,FPL-Core-Insights snapshot,0.0,0.0,,,,,,,
25-26-europa-league-aston-villa-vs-go-ahead-eagles,2,europa-league,2025-10-23T16:45:00+00:00,2025-10-23T19:45:00+00:00,16,True,FPL-Core-Insights snapshot,0.0,0.0,,,,,,,
restored-europa-league-2025-10-23-nottinghamforest-vs-porto,16,europa-league,2025-10-23T19:00:00+00:00,2025-10-24T22:06:44+00:00,14,True,Original pre-deadline Git payload; independent fixture identity matched,,,6.0,25-26-europa-league-fc-porto-vs-nottingham-forest,13ffe9de5b9ba508a3efe0b5fdff87ae8cdd6a9a,2025-10-24T22:06:44+00:00,data_v1_1/raw/deadline-cup-source-2025-26/GW9/playermatchstats.csv,0.0,990.0
25-26-prem-leeds-united-vs-west-ham-united,11,prem,2025-10-24T19:00:00+00:00,2025-10-24T22:00:00+00:00,34,True,Historical Core,,,,,,,,,
25-26-prem-leeds-united-vs-west-ham-united,19,prem,2025-10-24T19:00:00+00:00,2025-10-24T22:00:00+00:00,34,True,Historical Core,,,,,,,,,
25-26-prem-chelsea-vs-sunderland,7,prem,2025-10-25T14:00:00+00:00,2025-10-25T17:00:00+00:00,36,True,Historical Core,,,,,,,,,
25-26-prem-chelsea-vs-sunderland,17,prem,2025-10-25T14:00:00+00:00,2025-10-25T17:00:00+00:00,45,True,Historical Core,,,,,,,,,
25-26-prem-newcastle-united-vs-fulham,10,prem,2025-10-25T14:00:00+00:00,2025-10-25T17:00:00+00:00,29,True,Historical Core,,,,,,,,,
25-26-prem-newcastle-united-vs-fulham,15,prem,2025-10-25T14:00:00+00:00,2025-10-25T17:00:00+00:00,36,True,Historical Core,,,,,,,,,
25-26-prem-manchester-united-vs-brighton-hove-albion,6,prem,2025-10-25T16:30:00+00:00,2025-10-25T19:30:00+00:00,43,True,Historical Core,,,,,,,,,
25-26-prem-manchester-united-vs-brighton-hove-albion,14,prem,2025-10-25T16:30:00+00:00,2025-10-25T19:30:00+00:00,39,True,Historical Core,,,,,,,,,
25-26-prem-brentford-vs-liverpool,5,prem,2025-10-25T19:00:00+00:00,2025-10-25T22:00:00+00:00,37,True,Historical Core,,,,,,,,,
25-26-prem-brentford-vs-liverpool,12,prem,2025-10-25T19:00:00+00:00,2025-10-25T22:00:00+00:00,36,True,Historical Core,,,,,,,,,
25-26-prem-afc-bournemouth-vs-nottingham-forest,4,prem,2025-10-26T14:00:00+00:00,2025-10-26T17:00:00+00:00,40,True,Historical Core,,,,,,,,,
25-26-prem-afc-bournemouth-vs-nottingham-forest,16,prem,2025-10-26T14:00:00+00:00,2025-10-26T17:00:00+00:00,37,True,Historical Core,,,,,,,,,
25-26-prem-arsenal-vs-crystal-palace,1,prem,2025-10-26T14:00:00+00:00,2025-10-26T17:00:00+00:00,35,True,Historical Core,,,,,,,,,
25-26-prem-arsenal-vs-crystal-palace,8,prem,2025-10-26T14:00:00+00:00,2025-10-26T17:00:00+00:00,37,True,Historical Core,,,,,,,,,
25-26-prem-aston-villa-vs-manchester-city,2,prem,2025-10-26T14:00:00+00:00,2025-10-26T17:00:00+00:00,42,True,Historical Core,,,,,,,,,
25-26-prem-aston-villa-vs-manchester-city,13,prem,2025-10-26T14:00:00+00:00,2025-10-26T17:00:00+00:00,35,True,Historical Core,,,,,,,,,
25-26-prem-wolverhampton-wanderers-vs-burnley,3,prem,2025-10-26T14:00:00+00:00,2025-10-26T17:00:00+00:00,41,True,Historical Core,,,,,,,,,
25-26-prem-wolverhampton-wanderers-vs-burnley,20,prem,2025-10-26T14:00:00+00:00,2025-10-26T17:00:00+00:00,36,True,Historical Core,,,,,,,,,
25-26-prem-everton-vs-tottenham-hotspur,9,prem,2025-10-26T16:30:00+00:00,2025-10-26T19:30:00+00:00,35,True,Historical Core,,,,,,,,,
25-26-prem-everton-vs-tottenham-hotspur,18,prem,2025-10-26T16:30:00+00:00,2025-10-26T19:30:00+00:00,39,True,Historical Core,,,,,,,,,
25-26-efl-cup-brentford-vs-grimsby-town,5,efl-cup,2025-10-28T19:45:00+00:00,2025-10-28T22:45:00+00:00,16,True,FPL-Core-Insights snapshot,0.0,0.0,,,,,,,
25-26-efl-cup-fulham-vs-wycombe-wanderers,10,efl-cup,2025-10-28T19:45:00+00:00,2025-10-28T22:45:00+00:00,15,True,FPL-Core-Insights snapshot,0.0,0.0,,,,,,,
25-26-efl-cup-brighton-hove-albion-vs-arsenal,1,efl-cup,2025-10-29T19:45:00+00:00,2025-10-29T22:45:00+00:00,16,True,FPL-Core-Insights snapshot,0.0,0.0,,,,,,,
25-26-efl-cup-brighton-hove-albion-vs-arsenal,6,efl-cup,2025-10-29T19:45:00+00:00,2025-10-29T22:45:00+00:00,16,True,FPL-Core-Insights snapshot,1.0,0.0,,,,,,,
25-26-efl-cup-chelsea-vs-wolverhampton-wanderers,7,efl-cup,2025-10-29T19:45:00+00:00,2025-10-29T22:45:00+00:00,16,True,FPL-Core-Insights snapshot,0.0,0.0,,,,,,,
25-26-efl-cup-chelsea-vs-wolverhampton-wanderers,20,efl-cup,2025-10-29T19:45:00+00:00,2025-10-29T22:45:00+00:00,16,True,FPL-Core-Insights snapshot,0.0,0.0,,,,,,,
25-26-efl-cup-crystal-palace-vs-liverpool,8,efl-cup,2025-10-29T19:45:00+00:00,2025-10-29T22:45:00+00:00,16,True,FPL-Core-Insights snapshot,0.0,0.0,,,,,,,
25-26-efl-cup-crystal-palace-vs-liverpool,12,efl-cup,2025-10-29T19:45:00+00:00,2025-10-29T22:45:00+00:00,13,True,FPL-Core-Insights snapshot,6.0,0.0,,,,,,,
25-26-efl-cup-manchester-city-vs-swansea-city,13,efl-cup,2025-10-29T19:45:00+00:00,2025-10-29T22:45:00+00:00,14,True,FPL-Core-Insights snapshot,0.0,0.0,,,,,,,
25-26-efl-cup-tottenham-hotspur-vs-newcastle-united,15,efl-cup,2025-10-29T20:00:00+00:00,2025-10-29T23:00:00+00:00,16,True,FPL-Core-Insights snapshot,0.0,0.0,,,,,,,
25-26-efl-cup-tottenham-hotspur-vs-newcastle-united,18,efl-cup,2025-10-29T20:00:00+00:00,2025-10-29T23:00:00+00:00,14,True,FPL-Core-Insights snapshot,1.0,0.0,,,,,,,
25-26-prem-brighton-hove-albion-vs-leeds-united,6,prem,2025-11-01T15:00:00+00:00,2025-11-01T18:00:00+00:00,43,True,Historical Core,,,,,,,,,
25-26-prem-brighton-hove-albion-vs-leeds-united,11,prem,2025-11-01T15:00:00+00:00,2025-11-01T18:00:00+00:00,34,True,Historical Core,,,,,,,,,
25-26-prem-burnley-vs-arsenal,1,prem,2025-11-01T15:00:00+00:00,2025-11-01T18:00:00+00:00,35,True,Historical Core,,,,,,,,,
25-26-prem-burnley-vs-arsenal,3,prem,2025-11-01T15:00:00+00:00,2025-11-01T18:00:00+00:00,41,True,Historical Core,,,,,,,,,
25-26-prem-crystal-palace-vs-brentford,5,prem,2025-11-01T15:00:00+00:00,2025-11-01T18:00:00+00:00,37,True,Historical Core,,,,,,,,,
25-26-prem-crystal-palace-vs-brentford,8,prem,2025-11-01T15:00:00+00:00,2025-11-01T18:00:00+00:00,37,True,Historical Core,,,,,,,,,
25-26-prem-fulham-vs-wolverhampton-wanderers,10,prem,2025-11-01T15:00:00+00:00,2025-11-01T18:00:00+00:00,29,True,Historical Core,,,,,,,,,
25-26-prem-fulham-vs-wolverhampton-wanderers,20,prem,2025-11-01T15:00:00+00:00,2025-11-01T18:00:00+00:00,36,True,Historical Core,,,,,,,,,
25-26-prem-nottingham-forest-vs-manchester-united,14,prem,2025-11-01T15:00:00+00:00,2025-11-01T18:00:00+00:00,39,True,Historical Core,,,,,,,,,
25-26-prem-nottingham-forest-vs-manchester-united,16,prem,2025-11-01T15:00:00+00:00,2025-11-01T18:00:00+00:00,37,True,Historical Core,,,,,,,,,
25-26-prem-tottenham-hotspur-vs-chelsea,7,prem,2025-11-01T17:30:00+00:00,2025-11-01T20:30:00+00:00,36,True,Historical Core,,,,,,,,,
25-26-prem-tottenham-hotspur-vs-chelsea,18,prem,2025-11-01T17:30:00+00:00,2025-11-01T20:30:00+00:00,39,True,Historical Core,,,,,,,,,
25-26-prem-liverpool-vs-aston-villa,2,prem,2025-11-01T20:00:00+00:00,2025-11-01T23:00:00+00:00,42,True,Historical Core,,,,,,,,,
25-26-prem-liverpool-vs-aston-villa,12,prem,2025-11-01T20:00:00+00:00,2025-11-01T23:00:00+00:00,36,True,Historical Core,,,,,,,,,
25-26-prem-west-ham-united-vs-newcastle-united,15,prem,2025-11-02T14:00:00+00:00,2025-11-02T17:00:00+00:00,36,True,Historical Core,,,,,,,,,
25-26-prem-west-ham-united-vs-newcastle-united,19,prem,2025-11-02T14:00:00+00:00,2025-11-02T17:00:00+00:00,35,True,Historical Core,,,,,,,,,
25-26-prem-manchester-city-vs-afc-bournemouth,4,prem,2025-11-02T16:30:00+00:00,2025-11-02T19:30:00+00:00,40,True,Historical Core,,,,,,,,,
25-26-prem-manchester-city-vs-afc-bournemouth,13,prem,2025-11-02T16:30:00+00:00,2025-11-02T19:30:00+00:00,35,True,Historical Core,,,,,,,,,
25-26-prem-sunderland-vs-everton,9,prem,2025-11-03T20:00:00+00:00,2025-11-03T23:00:00+00:00,35,True,Historical Core,,,,,,,,,
25-26-prem-sunderland-vs-everton,17,prem,2025-11-03T20:00:00+00:00,2025-11-03T23:00:00+00:00,45,True,Historical Core,,,,,,,,,
25-26-champions-league-arsenal-vs-slavia-prague,1,champions-league,2025-11-04T17:45:00+00:00,2025-11-04T20:45:00+00:00,16,True,FPL-Core-Insights snapshot,2.0,0.0,,,,,,,
25-26-champions-league-fc-københavn-vs-tottenham-hotspur,18,champions-league,2025-11-04T20:00:00+00:00,2025-11-04T23:00:00+00:00,16,True,FPL-Core-Insights snapshot,0.0,0.0,,,,,,,
25-26-champions-league-real-madrid-vs-liverpool,12,champions-league,2025-11-04T20:00:00+00:00,2025-11-04T23:00:00+00:00,15,True,FPL-Core-Insights snapshot,1.0,0.0,,,,,,,
25-26-champions-league-chelsea-vs-qarabag-fk,7,champions-league,2025-11-05T17:45:00+00:00,2025-11-05T20:45:00+00:00,16,True,FPL-Core-Insights snapshot,0.0,0.0,,,,,,,
25-26-champions-league-athletic-club-vs-newcastle-united,15,champions-league,2025-11-05T20:00:00+00:00,2025-11-05T23:00:00+00:00,16,True,FPL-Core-Insights snapshot,1.0,0.0,,,,,,,
25-26-champions-league-borussia-dortmund-vs-manchester-city,13,champions-league,2025-11-05T20:00:00+00:00,2025-11-05T23:00:00+00:00,16,True,FPL-Core-Insights snapshot,0.0,0.0,,,,,,,
25-26-europa-league-nottingham-forest-vs-sturm-graz,16,europa-league,2025-11-06T17:45:00+00:00,2025-11-06T20:45:00+00:00,13,False,FPL-Core-Insights snapshot,3.0,1.0,,,,,,,
25-26-conference-league-az-alkmaar-vs-crystal-palace,8,conference-league,2025-11-06T20:00:00+00:00,2025-11-06T23:00:00+00:00,0,False,FPL-Core-Insights snapshot,0.0,0.0,,,,,,,
25-26-europa-league-maccabi-tel-aviv-vs-aston-villa,2,europa-league,2025-11-06T20:00:00+00:00,2025-11-06T23:00:00+00:00,16,True,FPL-Core-Insights snapshot,1.0,0.0,,,,,,,
25-26-prem-tottenham-hotspur-vs-manchester-united,14,prem,2025-11-08T12:30:00+00:00,2025-11-08T15:30:00+00:00,39,True,Historical Core,,,,,,,,,
25-26-prem-tottenham-hotspur-vs-manchester-united,18,prem,2025-11-08T12:30:00+00:00,2025-11-08T15:30:00+00:00,41,True,Historical Core,,,,,,,,,
25-26-prem-everton-vs-fulham,9,prem,2025-11-08T15:00:00+00:00,2025-11-08T18:00:00+00:00,35,True,Historical Core,,,,,,,,,
25-26-prem-everton-vs-fulham,10,prem,2025-11-08T15:00:00+00:00,2025-11-08T18:00:00+00:00,29,True,Historical Core,,,,,,,,,
25-26-prem-west-ham-united-vs-burnley,3,prem,2025-11-08T15:00:00+00:00,2025-11-08T18:00:00+00:00,41,True,Historical Core,,,,,,,,,
25-26-prem-west-ham-united-vs-burnley,19,prem,2025-11-08T15:00:00+00:00,2025-11-08T18:00:00+00:00,36,True,Historical Core,,,,,,,,,
25-26-prem-sunderland-vs-arsenal,1,prem,2025-11-08T17:30:00+00:00,2025-11-08T20:30:00+00:00,35,True,Historical Core,,,,,,,,,
25-26-prem-sunderland-vs-arsenal,17,prem,2025-11-08T17:30:00+00:00,2025-11-08T20:30:00+00:00,45,True,Historical Core,,,,,,,,,
25-26-prem-chelsea-vs-wolverhampton-wanderers,7,prem,2025-11-08T20:00:00+00:00,2025-11-08T23:00:00+00:00,36,True,Historical Core,,,,,,,,,
25-26-prem-chelsea-vs-wolverhampton-wanderers,20,prem,2025-11-08T20:00:00+00:00,2025-11-08T23:00:00+00:00,37,True,Historical Core,,,,,,,,,
25-26-prem-aston-villa-vs-afc-bournemouth,2,prem,2025-11-09T14:00:00+00:00,2025-11-09T17:00:00+00:00,42,True,Historical Core,,,,,,,,,
25-26-prem-aston-villa-vs-afc-bournemouth,4,prem,2025-11-09T14:00:00+00:00,2025-11-09T17:00:00+00:00,40,True,Historical Core,,,,,,,,,
25-26-prem-brentford-vs-newcastle-united,5,prem,2025-11-09T14:00:00+00:00,2025-11-09T17:00:00+00:00,38,True,Historical Core,,,,,,,,,
25-26-prem-brentford-vs-newcastle-united,15,prem,2025-11-09T14:00:00+00:00,2025-11-09T17:00:00+00:00,36,True,Historical Core,,,,,,,,,
25-26-prem-crystal-palace-vs-brighton-hove-albion,6,prem,2025-11-09T14:00:00+00:00,2025-11-09T17:00:00+00:00,43,True,Historical Core,,,,,,,,,
25-26-prem-crystal-palace-vs-brighton-hove-albion,8,prem,2025-11-09T14:00:00+00:00,2025-11-09T17:00:00+00:00,37,True,Historical Core,,,,,,,,,
25-26-prem-nottingham-forest-vs-leeds-united,11,prem,2025-11-09T14:00:00+00:00,2025-11-09T17:00:00+00:00,34,True,Historical Core,,,,,,,,,
25-26-prem-nottingham-forest-vs-leeds-united,16,prem,2025-11-09T14:00:00+00:00,2025-11-09T17:00:00+00:00,37,True,Historical Core,,,,,,,,,
25-26-prem-manchester-city-vs-liverpool,12,prem,2025-11-09T16:30:00+00:00,2025-11-09T19:30:00+00:00,36,True,Historical Core,,,,,,,,,
25-26-prem-manchester-city-vs-liverpool,13,prem,2025-11-09T16:30:00+00:00,2025-11-09T19:30:00+00:00,35,True,Historical Core,,,,,,,,,
25-26-prem-burnley-vs-chelsea,3,prem,2025-11-22T12:30:00+00:00,2025-11-22T15:30:00+00:00,41,True,Historical Core,,,,,,,,,
25-26-prem-burnley-vs-chelsea,7,prem,2025-11-22T12:30:00+00:00,2025-11-22T15:30:00+00:00,36,True,Historical Core,,,,,,,,,
25-26-prem-afc-bournemouth-vs-west-ham-united,4,prem,2025-11-22T15:00:00+00:00,2025-11-22T18:00:00+00:00,40,True,Historical Core,,,,,,,,,
25-26-prem-afc-bournemouth-vs-west-ham-united,19,prem,2025-11-22T15:00:00+00:00,2025-11-22T18:00:00+00:00,36,True,Historical Core,,,,,,,,,
25-26-prem-brighton-hove-albion-vs-brentford,5,prem,2025-11-22T15:00:00+00:00,2025-11-22T18:00:00+00:00,38,True,Historical Core,,,,,,,,,
25-26-prem-brighton-hove-albion-vs-brentford,6,prem,2025-11-22T15:00:00+00:00,2025-11-22T18:00:00+00:00,43,True,Historical Core,,,,,,,,,
25-26-prem-fulham-vs-sunderland,10,prem,2025-11-22T15:00:00+00:00,2025-11-22T18:00:00+00:00,29,True,Historical Core,,,,,,,,,
25-26-prem-fulham-vs-sunderland,17,prem,2025-11-22T15:00:00+00:00,2025-11-22T18:00:00+00:00,45,True,Historical Core,,,,,,,,,
25-26-prem-liverpool-vs-nottingham-forest,12,prem,2025-11-22T15:00:00+00:00,2025-11-22T18:00:00+00:00,36,True,Historical Core,,,,,,,,,
25-26-prem-liverpool-vs-nottingham-forest,16,prem,2025-11-22T15:00:00+00:00,2025-11-22T18:00:00+00:00,37,True,Historical Core,,,,,,,,,
25-26-prem-wolverhampton-wanderers-vs-crystal-palace,8,prem,2025-11-22T15:00:00+00:00,2025-11-22T18:00:00+00:00,37,True,Historical Core,,,,,,,,,
25-26-prem-wolverhampton-wanderers-vs-crystal-palace,20,prem,2025-11-22T15:00:00+00:00,2025-11-22T18:00:00+00:00,37,True,Historical Core,,,,,,,,,
25-26-prem-newcastle-united-vs-manchester-city,13,prem,2025-11-22T17:30:00+00:00,2025-11-22T20:30:00+00:00,35,True,Historical Core,,,,,,,,,
25-26-prem-newcastle-united-vs-manchester-city,15,prem,2025-11-22T17:30:00+00:00,2025-11-22T20:30:00+00:00,37,True,Historical Core,,,,,,,,,
25-26-prem-leeds-united-vs-aston-villa,2,prem,2025-11-23T14:00:00+00:00,2025-11-23T17:00:00+00:00,43,True,Historical Core,,,,,,,,,
25-26-prem-leeds-united-vs-aston-villa,11,prem,2025-11-23T14:00:00+00:00,2025-11-23T17:00:00+00:00,34,True,Historical Core,,,,,,,,,
25-26-prem-arsenal-vs-tottenham-hotspur,1,prem,2025-11-23T16:30:00+00:00,2025-11-23T19:30:00+00:00,35,True,Historical Core,,,,,,,,,
25-26-prem-arsenal-vs-tottenham-hotspur,18,prem,2025-11-23T16:30:00+00:00,2025-11-23T19:30:00+00:00,41,True,Historical Core,,,,,,,,,
25-26-prem-manchester-united-vs-everton,9,prem,2025-11-24T20:00:00+00:00,2025-11-24T23:00:00+00:00,35,True,Historical Core,,,,,,,,,
25-26-prem-manchester-united-vs-everton,14,prem,2025-11-24T20:00:00+00:00,2025-11-24T23:00:00+00:00,40,True,Historical Core,,,,,,,,,
25-26-champions-league-barcelona-vs-chelsea,7,champions-league,2025-11-25T20:00:00+00:00,2025-11-25T23:00:00+00:00,16,True,FPL-Core-Insights snapshot,0.0,0.0,,,,,,,
25-26-champions-league-bayer-leverkusen-vs-manchester-city,13,champions-league,2025-11-25T20:00:00+00:00,2025-11-25T23:00:00+00:00,16,True,FPL-Core-Insights snapshot,0.0,0.0,,,,,,,
25-26-champions-league-newcastle-united-vs-marseille,15,champions-league,2025-11-25T20:00:00+00:00,2025-11-25T23:00:00+00:00,16,True,FPL-Core-Insights snapshot,1.0,0.0,,,,,,,
25-26-champions-league-bayern-münchen-vs-arsenal,1,champions-league,2025-11-26T20:00:00+00:00,2025-11-26T23:00:00+00:00,16,True,FPL-Core-Insights snapshot,0.0,0.0,,,,,,,
25-26-champions-league-psv-eindhoven-vs-liverpool,12,champions-league,2025-11-26T20:00:00+00:00,2025-11-26T23:00:00+00:00,13,True,FPL-Core-Insights snapshot,1.0,0.0,,,,,,,
25-26-champions-league-tottenham-hotspur-vs-paris-saint-germain,18,champions-league,2025-11-26T20:00:00+00:00,2025-11-26T23:00:00+00:00,16,True,FPL-Core-Insights snapshot,1.0,0.0,,,,,,,
25-26-europa-league-young-boys-vs-aston-villa,2,europa-league,2025-11-27T17:45:00+00:00,2025-11-27T20:45:00+00:00,16,True,FPL-Core-Insights snapshot,1.0,0.0,,,,,,,
25-26-conference-league-crystal-palace-vs-strasbourg,8,conference-league,2025-11-27T20:00:00+00:00,2025-11-27T23:00:00+00:00,0,False,FPL-Core-Insights snapshot,0.0,0.0,,,,,,,
25-26-europa-league-malmö-ff-vs-nottingham-forest,16,europa-league,2025-11-27T20:00:00+00:00,2025-11-27T23:00:00+00:00,14,False,FPL-Core-Insights snapshot,2.0,1.0,,,,,,,
25-26-prem-brentford-vs-burnley,3,prem,2025-11-29T15:00:00+00:00,2025-11-29T18:00:00+00:00,41,True,Historical Core,,,,,,,,,
25-26-prem-brentford-vs-burnley,5,prem,2025-11-29T15:00:00+00:00,2025-11-29T18:00:00+00:00,38,True,Historical Core,,,,,,,,,
25-26-prem-manchester-city-vs-leeds-united,11,prem,2025-11-29T15:00:00+00:00,2025-11-29T18:00:00+00:00,34,True,Historical Core,,,,,,,,,
25-26-prem-manchester-city-vs-leeds-united,13,prem,2025-11-29T15:00:00+00:00,2025-11-29T18:00:00+00:00,35,True,Historical Core,,,,,,,,,
25-26-prem-sunderland-vs-afc-bournemouth,4,prem,2025-11-29T15:00:00+00:00,2025-11-29T18:00:00+00:00,40,True,Historical Core,,,,,,,,,
25-26-prem-sunderland-vs-afc-bournemouth,17,prem,2025-11-29T15:00:00+00:00,2025-11-29T18:00:00+00:00,45,True,Historical Core,,,,,,,,,
25-26-prem-everton-vs-newcastle-united,9,prem,2025-11-29T17:30:00+00:00,2025-11-29T20:30:00+00:00,35,True,Historical Core,,,,,,,,,
25-26-prem-everton-vs-newcastle-united,15,prem,2025-11-29T17:30:00+00:00,2025-11-29T20:30:00+00:00,37,True,Historical Core,,,,,,,,,
25-26-prem-tottenham-hotspur-vs-fulham,10,prem,2025-11-29T20:00:00+00:00,2025-11-29T23:00:00+00:00,29,True,Historical Core,,,,,,,,,
25-26-prem-tottenham-hotspur-vs-fulham,18,prem,2025-11-29T20:00:00+00:00,2025-11-29T23:00:00+00:00,41,True,Historical Core,,,,,,,,,
25-26-prem-crystal-palace-vs-manchester-united,8,prem,2025-11-30T12:00:00+00:00,2025-11-30T15:00:00+00:00,37,True,Historical Core,,,,,,,,,
25-26-prem-crystal-palace-vs-manchester-united,14,prem,2025-11-30T12:00:00+00:00,2025-11-30T15:00:00+00:00,40,True,Historical Core,,,,,,,,,
25-26-prem-aston-villa-vs-wolverhampton-wanderers,2,prem,2025-11-30T14:05:00+00:00,2025-11-30T17:05:00+00:00,43,True,Historical Core,,,,,,,,,
25-26-prem-aston-villa-vs-wolverhampton-wanderers,20,prem,2025-11-30T14:05:00+00:00,2025-11-30T17:05:00+00:00,37,True,Historical Core,,,,,,,,,
25-26-prem-nottingham-forest-vs-brighton-hove-albion,6,prem,2025-11-30T14:05:00+00:00,2025-11-30T17:05:00+00:00,43,True,Historical Core,,,,,,,,,
25-26-prem-nottingham-forest-vs-brighton-hove-albion,16,prem,2025-11-30T14:05:00+00:00,2025-11-30T17:05:00+00:00,37,True,Historical Core,,,,,,,,,
25-26-prem-west-ham-united-vs-liverpool,12,prem,2025-11-30T14:05:00+00:00,2025-11-30T17:05:00+00:00,36,True,Historical Core,,,,,,,,,
25-26-prem-west-ham-united-vs-liverpool,19,prem,2025-11-30T14:05:00+00:00,2025-11-30T17:05:00+00:00,36,True,Historical Core,,,,,,,,,
25-26-prem-chelsea-vs-arsenal,1,prem,2025-11-30T16:30:00+00:00,2025-11-30T19:30:00+00:00,35,True,Historical Core,,,,,,,,,
25-26-prem-chelsea-vs-arsenal,7,prem,2025-11-30T16:30:00+00:00,2025-11-30T19:30:00+00:00,36,True,Historical Core,,,,,,,,,
25-26-prem-afc-bournemouth-vs-everton,4,prem,2025-12-02T19:30:00+00:00,2025-12-02T22:30:00+00:00,41,True,Historical Core,,,,,,,,,
25-26-prem-afc-bournemouth-vs-everton,9,prem,2025-12-02T19:30:00+00:00,2025-12-02T22:30:00+00:00,35,True,Historical Core,,,,,,,,,
25-26-prem-fulham-vs-manchester-city,10,prem,2025-12-02T19:30:00+00:00,2025-12-02T22:30:00+00:00,29,True,Historical Core,,,,,,,,,
25-26-prem-fulham-vs-manchester-city,13,prem,2025-12-02T19:30:00+00:00,2025-12-02T22:30:00+00:00,35,True,Historical Core,,,,,,,,,
25-26-prem-newcastle-united-vs-tottenham-hotspur,15,prem,2025-12-02T20:15:00+00:00,2025-12-02T23:15:00+00:00,37,True,Historical Core,,,,,,,,,
25-26-prem-newcastle-united-vs-tottenham-hotspur,18,prem,2025-12-02T20:15:00+00:00,2025-12-02T23:15:00+00:00,41,True,Historical Core,,,,,,,,,
25-26-prem-arsenal-vs-brentford,1,prem,2025-12-03T19:30:00+00:00,2025-12-03T22:30:00+00:00,35,True,Historical Core,,,,,,,,,
25-26-prem-arsenal-vs-brentford,5,prem,2025-12-03T19:30:00+00:00,2025-12-03T22:30:00+00:00,38,True,Historical Core,,,,,,,,,
25-26-prem-brighton-hove-albion-vs-aston-villa,2,prem,2025-12-03T19:30:00+00:00,2025-12-03T22:30:00+00:00,44,True,Historical Core,,,,,,,,,
25-26-prem-brighton-hove-albion-vs-aston-villa,6,prem,2025-12-03T19:30:00+00:00,2025-12-03T22:30:00+00:00,43,True,Historical Core,,,,,,,,,
25-26-prem-burnley-vs-crystal-palace,3,prem,2025-12-03T19:30:00+00:00,2025-12-03T22:30:00+00:00,41,True,Historical Core,,,,,,,,,
25-26-prem-burnley-vs-crystal-palace,8,prem,2025-12-03T19:30:00+00:00,2025-12-03T22:30:00+00:00,37,True,Historical Core,,,,,,,,,
25-26-prem-wolverhampton-wanderers-vs-nottingham-forest,16,prem,2025-12-03T19:30:00+00:00,2025-12-03T22:30:00+00:00,37,True,Historical Core,,,,,,,,,
25-26-prem-wolverhampton-wanderers-vs-nottingham-forest,20,prem,2025-12-03T19:30:00+00:00,2025-12-03T22:30:00+00:00,37,True,Historical Core,,,,,,,,,
25-26-prem-leeds-united-vs-chelsea,7,prem,2025-12-03T20:15:00+00:00,2025-12-03T23:15:00+00:00,36,True,Historical Core,,,,,,,,,
25-26-prem-leeds-united-vs-chelsea,11,prem,2025-12-03T20:15:00+00:00,2025-12-03T23:15:00+00:00,34,True,Historical Core,,,,,,,,,
25-26-prem-liverpool-vs-sunderland,12,prem,2025-12-03T20:15:00+00:00,2025-12-03T23:15:00+00:00,36,True,Historical Core,,,,,,,,,
25-26-prem-liverpool-vs-sunderland,17,prem,2025-12-03T20:15:00+00:00,2025-12-03T23:15:00+00:00,45,True,Historical Core,,,,,,,,,
25-26-prem-manchester-united-vs-west-ham-united,14,prem,2025-12-04T20:00:00+00:00,2025-12-04T23:00:00+00:00,40,True,Historical Core,,,,,,,,,
25-26-prem-manchester-united-vs-west-ham-united,19,prem,2025-12-04T20:00:00+00:00,2025-12-04T23:00:00+00:00,37,True,Historical Core,,,,,,,,,
25-26-prem-aston-villa-vs-arsenal,1,prem,2025-12-06T12:30:00+00:00,2025-12-06T15:30:00+00:00,36,True,Historical Core,,,,,,,,,
25-26-prem-aston-villa-vs-arsenal,2,prem,2025-12-06T12:30:00+00:00,2025-12-06T15:30:00+00:00,44,True,Historical Core,,,,,,,,,
25-26-prem-afc-bournemouth-vs-chelsea,4,prem,2025-12-06T15:00:00+00:00,2025-12-06T18:00:00+00:00,41,True,Historical Core,,,,,,,,,
25-26-prem-afc-bournemouth-vs-chelsea,7,prem,2025-12-06T15:00:00+00:00,2025-12-06T18:00:00+00:00,36,True,Historical Core,,,,,,,,,
25-26-prem-everton-vs-nottingham-forest,9,prem,2025-12-06T15:00:00+00:00,2025-12-06T18:00:00+00:00,35,True,Historical Core,,,,,,,,,
25-26-prem-everton-vs-nottingham-forest,16,prem,2025-12-06T15:00:00+00:00,2025-12-06T18:00:00+00:00,37,True,Historical Core,,,,,,,,,
25-26-prem-manchester-city-vs-sunderland,13,prem,2025-12-06T15:00:00+00:00,2025-12-06T18:00:00+00:00,35,True,Historical Core,,,,,,,,,
25-26-prem-manchester-city-vs-sunderland,17,prem,2025-12-06T15:00:00+00:00,2025-12-06T18:00:00+00:00,45,True,Historical Core,,,,,,,,,
25-26-prem-newcastle-united-vs-burnley,3,prem,2025-12-06T15:00:00+00:00,2025-12-06T18:00:00+00:00,41,True,Historical Core,,,,,,,,,
25-26-prem-newcastle-united-vs-burnley,15,prem,2025-12-06T15:00:00+00:00,2025-12-06T18:00:00+00:00,37,True,Historical Core,,,,,,,,,
25-26-prem-tottenham-hotspur-vs-brentford,5,prem,2025-12-06T15:00:00+00:00,2025-12-06T18:00:00+00:00,38,True,Historical Core,,,,,,,,,
25-26-prem-tottenham-hotspur-vs-brentford,18,prem,2025-12-06T15:00:00+00:00,2025-12-06T18:00:00+00:00,41,True,Historical Core,,,,,,,,,
25-26-prem-leeds-united-vs-liverpool,11,prem,2025-12-06T17:30:00+00:00,2025-12-06T20:30:00+00:00,34,True,Historical Core,,,,,,,,,
25-26-prem-leeds-united-vs-liverpool,12,prem,2025-12-06T17:30:00+00:00,2025-12-06T20:30:00+00:00,36,True,Historical Core,,,,,,,,,
25-26-prem-brighton-hove-albion-vs-west-ham-united,6,prem,2025-12-07T14:00:00+00:00,2025-12-07T17:00:00+00:00,43,True,Historical Core,,,,,,,,,
25-26-prem-brighton-hove-albion-vs-west-ham-united,19,prem,2025-12-07T14:00:00+00:00,2025-12-07T17:00:00+00:00,37,True,Historical Core,,,,,,,,,
25-26-prem-fulham-vs-crystal-palace,8,prem,2025-12-07T16:30:00+00:00,2025-12-07T19:30:00+00:00,37,True,Historical Core,,,,,,,,,
25-26-prem-fulham-vs-crystal-palace,10,prem,2025-12-07T16:30:00+00:00,2025-12-07T19:30:00+00:00,29,True,Historical Core,,,,,,,,,
25-26-prem-wolverhampton-wanderers-vs-manchester-united,14,prem,2025-12-08T20:00:00+00:00,2025-12-08T23:00:00+00:00,40,True,Historical Core,,,,,,,,,
25-26-prem-wolverhampton-wanderers-vs-manchester-united,20,prem,2025-12-08T20:00:00+00:00,2025-12-08T23:00:00+00:00,37,True,Historical Core,,,,,,,,,
25-26-champions-league-chelsea-vs-atalanta,7,champions-league,2025-12-09T20:00:00+00:00,2025-12-09T23:00:00+00:00,15,True,FPL-Core-Insights snapshot,0.0,0.0,,,,,,,
25-26-champions-league-liverpool-vs-inter,12,champions-league,2025-12-09T20:00:00+00:00,2025-12-09T23:00:00+00:00,13,True,FPL-Core-Insights snapshot,0.0,0.0,,,,,,,
25-26-champions-league-slavia-prague-vs-tottenham-hotspur,18,champions-league,2025-12-09T20:00:00+00:00,2025-12-09T23:00:00+00:00,16,True,FPL-Core-Insights snapshot,1.0,0.0,,,,,,,
25-26-champions-league-arsenal-vs-club-brugge,1,champions-league,2025-12-10T20:00:00+00:00,2025-12-10T23:00:00+00:00,16,True,FPL-Core-Insights snapshot,2.0,0.0,,,,,,,
25-26-champions-league-newcastle-united-vs-bayer-leverkusen,15,champions-league,2025-12-10T20:00:00+00:00,2025-12-10T23:00:00+00:00,15,True,FPL-Core-Insights snapshot,2.0,0.0,,,,,,,
restored-champions-league-2025-12-10-realmadrid-vs-manchestercity,13,champions-league,2025-12-10T20:00:00+00:00,2025-12-11T06:08:56+00:00,15,False,Original pre-deadline Git payload; independent fixture identity matched,,,3.0,25-26-champions-league-manchester-city-vs-real-madrid,3a65536b34b2f14b8724af7bd85c3cb1d19a5dfd,2025-12-11T06:08:56+00:00,data_v1_1/raw/deadline-cup-source-2025-26/GW16/playermatchstats.csv,15.0,990.0
25-26-europa-league-nottingham-forest-vs-fc-utrecht,16,europa-league,2025-12-11T17:45:00+00:00,2025-12-11T20:45:00+00:00,15,False,FPL-Core-Insights snapshot,2.0,1.0,,,,,,,
25-26-conference-league-crystal-palace-vs-shelbourne,8,conference-league,2025-12-11T20:00:00+00:00,2025-12-11T23:00:00+00:00,0,False,FPL-Core-Insights snapshot,0.0,0.0,,,,,,,
25-26-europa-league-aston-villa-vs-basel,2,europa-league,2025-12-11T20:00:00+00:00,2025-12-11T23:00:00+00:00,16,True,FPL-Core-Insights snapshot,1.0,0.0,,,,,,,
25-26-prem-chelsea-vs-everton,7,prem,2025-12-13T15:00:00+00:00,2025-12-13T18:00:00+00:00,36,True,Historical Core,,,,,,,,,
25-26-prem-chelsea-vs-everton,9,prem,2025-12-13T15:00:00+00:00,2025-12-13T18:00:00+00:00,35,True,Historical Core,,,,,,,,,
25-26-prem-liverpool-vs-brighton-hove-albion,6,prem,2025-12-13T15:00:00+00:00,2025-12-13T18:00:00+00:00,43,True,Historical Core,,,,,,,,,
25-26-prem-liverpool-vs-brighton-hove-albion,12,prem,2025-12-13T15:00:00+00:00,2025-12-13T18:00:00+00:00,37,True,Historical Core,,,,,,,,,
25-26-prem-burnley-vs-fulham,3,prem,2025-12-13T17:30:00+00:00,2025-12-13T20:30:00+00:00,41,True,Historical Core,,,,,,,,,
25-26-prem-burnley-vs-fulham,10,prem,2025-12-13T17:30:00+00:00,2025-12-13T20:30:00+00:00,29,True,Historical Core,,,,,,,,,
25-26-prem-arsenal-vs-wolverhampton-wanderers,1,prem,2025-12-13T20:00:00+00:00,2025-12-13T23:00:00+00:00,36,True,Historical Core,,,,,,,,,
25-26-prem-arsenal-vs-wolverhampton-wanderers,20,prem,2025-12-13T20:00:00+00:00,2025-12-13T23:00:00+00:00,37,True,Historical Core,,,,,,,,,
25-26-prem-crystal-palace-vs-manchester-city,8,prem,2025-12-14T14:00:00+00:00,2025-12-14T17:00:00+00:00,37,True,Historical Core,,,,,,,,,
25-26-prem-crystal-palace-vs-manchester-city,13,prem,2025-12-14T14:00:00+00:00,2025-12-14T17:00:00+00:00,35,True,Historical Core,,,,,,,,,
25-26-prem-nottingham-forest-vs-tottenham-hotspur,16,prem,2025-12-14T14:00:00+00:00,2025-12-14T17:00:00+00:00,37,True,Historical Core,,,,,,,,,
25-26-prem-nottingham-forest-vs-tottenham-hotspur,18,prem,2025-12-14T14:00:00+00:00,2025-12-14T17:00:00+00:00,41,True,Historical Core,,,,,,,,,
25-26-prem-sunderland-vs-newcastle-united,15,prem,2025-12-14T14:00:00+00:00,2025-12-14T17:00:00+00:00,37,True,Historical Core,,,,,,,,,
25-26-prem-sunderland-vs-newcastle-united,17,prem,2025-12-14T14:00:00+00:00,2025-12-14T17:00:00+00:00,45,True,Historical Core,,,,,,,,,
25-26-prem-west-ham-united-vs-aston-villa,2,prem,2025-12-14T14:00:00+00:00,2025-12-14T17:00:00+00:00,44,True,Historical Core,,,,,,,,,
25-26-prem-west-ham-united-vs-aston-villa,19,prem,2025-12-14T14:00:00+00:00,2025-12-14T17:00:00+00:00,37,True,Historical Core,,,,,,,,,
25-26-prem-brentford-vs-leeds-united,5,prem,2025-12-14T16:30:00+00:00,2025-12-14T19:30:00+00:00,38,True,Historical Core,,,,,,,,,
25-26-prem-brentford-vs-leeds-united,11,prem,2025-12-14T16:30:00+00:00,2025-12-14T19:30:00+00:00,34,True,Historical Core,,,,,,,,,
25-26-prem-manchester-united-vs-afc-bournemouth,4,prem,2025-12-15T20:00:00+00:00,2025-12-15T23:00:00+00:00,41,True,Historical Core,,,,,,,,,
25-26-prem-manchester-united-vs-afc-bournemouth,14,prem,2025-12-15T20:00:00+00:00,2025-12-15T23:00:00+00:00,40,True,Historical Core,,,,,,,,,
25-26-efl-cup-chelsea-vs-cardiff-city,7,efl-cup,2025-12-16T20:00:00+00:00,2025-12-16T23:00:00+00:00,16,True,FPL-Core-Insights snapshot,0.0,0.0,,,,,,,
25-26-efl-cup-brentford-vs-manchester-city,5,efl-cup,2025-12-17T19:30:00+00:00,2025-12-17T22:30:00+00:00,16,True,FPL-Core-Insights snapshot,0.0,0.0,,,,,,,
25-26-efl-cup-brentford-vs-manchester-city,13,efl-cup,2025-12-17T19:30:00+00:00,2025-12-17T22:30:00+00:00,16,True,FPL-Core-Insights snapshot,0.0,0.0,,,,,,,
25-26-efl-cup-fulham-vs-newcastle-united,10,efl-cup,2025-12-17T20:15:00+00:00,2025-12-17T23:15:00+00:00,15,True,FPL-Core-Insights snapshot,0.0,0.0,,,,,,,
25-26-efl-cup-fulham-vs-newcastle-united,15,efl-cup,2025-12-17T20:15:00+00:00,2025-12-17T23:15:00+00:00,16,True,FPL-Core-Insights snapshot,0.0,0.0,,,,,,,
25-26-conference-league-kups-vs-crystal-palace,8,conference-league,2025-12-18T20:00:00+00:00,2025-12-18T23:00:00+00:00,0,False,FPL-Core-Insights snapshot,0.0,0.0,,,,,,,
25-26-prem-newcastle-united-vs-chelsea,7,prem,2025-12-20T12:30:00+00:00,2025-12-20T15:30:00+00:00,36,True,Historical Core,,,,,,,,,
25-26-prem-newcastle-united-vs-chelsea,15,prem,2025-12-20T12:30:00+00:00,2025-12-20T15:30:00+00:00,38,True,Historical Core,,,,,,,,,
25-26-prem-afc-bournemouth-vs-burnley,3,prem,2025-12-20T15:00:00+00:00,2025-12-20T18:00:00+00:00,41,True,Historical Core,,,,,,,,,
25-26-prem-afc-bournemouth-vs-burnley,4,prem,2025-12-20T15:00:00+00:00,2025-12-20T18:00:00+00:00,41,True,Historical Core,,,,,,,,,
25-26-prem-brighton-hove-albion-vs-sunderland,6,prem,2025-12-20T15:00:00+00:00,2025-12-20T18:00:00+00:00,44,True,Historical Core,,,,,,,,,
25-26-prem-brighton-hove-albion-vs-sunderland,17,prem,2025-12-20T15:00:00+00:00,2025-12-20T18:00:00+00:00,45,True,Historical Core,,,,,,,,,
25-26-prem-manchester-city-vs-west-ham-united,13,prem,2025-12-20T15:00:00+00:00,2025-12-20T18:00:00+00:00,37,True,Historical Core,,,,,,,,,
25-26-prem-manchester-city-vs-west-ham-united,19,prem,2025-12-20T15:00:00+00:00,2025-12-20T18:00:00+00:00,37,True,Historical Core,,,,,,,,,
25-26-prem-wolverhampton-wanderers-vs-brentford,5,prem,2025-12-20T15:00:00+00:00,2025-12-20T18:00:00+00:00,38,True,Historical Core,,,,,,,,,
25-26-prem-wolverhampton-wanderers-vs-brentford,20,prem,2025-12-20T15:00:00+00:00,2025-12-20T18:00:00+00:00,39,True,Historical Core,,,,,,,,,
25-26-prem-tottenham-hotspur-vs-liverpool,12,prem,2025-12-20T17:30:00+00:00,2025-12-20T20:30:00+00:00,37,True,Historical Core,,,,,,,,,
25-26-prem-tottenham-hotspur-vs-liverpool,18,prem,2025-12-20T17:30:00+00:00,2025-12-20T20:30:00+00:00,41,True,Historical Core,,,,,,,,,
25-26-prem-everton-vs-arsenal,1,prem,2025-12-20T20:00:00+00:00,2025-12-20T23:00:00+00:00,36,True,Historical Core,,,,,,,,,
25-26-prem-everton-vs-arsenal,9,prem,2025-12-20T20:00:00+00:00,2025-12-20T23:00:00+00:00,35,True,Historical Core,,,,,,,,,
25-26-prem-leeds-united-vs-crystal-palace,8,prem,2025-12-20T20:00:00+00:00,2025-12-20T23:00:00+00:00,38,True,Historical Core,,,,,,,,,
25-26-prem-leeds-united-vs-crystal-palace,11,prem,2025-12-20T20:00:00+00:00,2025-12-20T23:00:00+00:00,34,True,Historical Core,,,,,,,,,
25-26-prem-aston-villa-vs-manchester-united,2,prem,2025-12-21T16:30:00+00:00,2025-12-21T19:30:00+00:00,45,True,Historical Core,,,,,,,,,
25-26-prem-aston-villa-vs-manchester-united,14,prem,2025-12-21T16:30:00+00:00,2025-12-21T19:30:00+00:00,41,True,Historical Core,,,,,,,,,
25-26-prem-fulham-vs-nottingham-forest,10,prem,2025-12-22T20:00:00+00:00,2025-12-22T23:00:00+00:00,30,True,Historical Core,,,,,,,,,
25-26-prem-fulham-vs-nottingham-forest,16,prem,2025-12-22T20:00:00+00:00,2025-12-22T23:00:00+00:00,37,True,Historical Core,,,,,,,,,
25-26-efl-cup-crystal-palace-vs-arsenal,1,efl-cup,2025-12-23T20:00:00+00:00,2025-12-23T23:00:00+00:00,15,True,FPL-Core-Insights snapshot,0.0,0.0,,,,,,,
25-26-efl-cup-crystal-palace-vs-arsenal,8,efl-cup,2025-12-23T20:00:00+00:00,2025-12-23T23:00:00+00:00,16,True,FPL-Core-Insights snapshot,0.0,0.0,,,,,,,
25-26-prem-manchester-united-vs-newcastle-united,14,prem,2025-12-26T20:00:00+00:00,2025-12-26T23:00:00+00:00,42,True,Historical Core,,,,,,,,,
25-26-prem-manchester-united-vs-newcastle-united,15,prem,2025-12-26T20:00:00+00:00,2025-12-26T23:00:00+00:00,39,True,Historical Core,,,,,,,,,
25-26-prem-nottingham-forest-vs-manchester-city,13,prem,2025-12-27T12:30:00+00:00,2025-12-27T15:30:00+00:00,37,True,Historical Core,,,,,,,,,
25-26-prem-nottingham-forest-vs-manchester-city,16,prem,2025-12-27T12:30:00+00:00,2025-12-27T15:30:00+00:00,37,True,Historical Core,,,,,,,,,
25-26-prem-arsenal-vs-brighton-hove-albion,1,prem,2025-12-27T15:00:00+00:00,2025-12-27T18:00:00+00:00,36,True,Historical Core,,,,,,,,,
25-26-prem-arsenal-vs-brighton-hove-albion,6,prem,2025-12-27T15:00:00+00:00,2025-12-27T18:00:00+00:00,44,True,Historical Core,,,,,,,,,
25-26-prem-brentford-vs-afc-bournemouth,4,prem,2025-12-27T15:00:00+00:00,2025-12-27T18:00:00+00:00,41,True,Historical Core,,,,,,,,,
25-26-prem-brentford-vs-afc-bournemouth,5,prem,2025-12-27T15:00:00+00:00,2025-12-27T18:00:00+00:00,38,True,Historical Core,,,,,,,,,
25-26-prem-burnley-vs-everton,3,prem,2025-12-27T15:00:00+00:00,2025-12-27T18:00:00+00:00,41,True,Historical Core,,,,,,,,,
25-26-prem-burnley-vs-everton,9,prem,2025-12-27T15:00:00+00:00,2025-12-27T18:00:00+00:00,35,True,Historical Core,,,,,,,,,
25-26-prem-liverpool-vs-wolverhampton-wanderers,12,prem,2025-12-27T15:00:00+00:00,2025-12-27T18:00:00+00:00,37,True,Historical Core,,,,,,,,,
25-26-prem-liverpool-vs-wolverhampton-wanderers,20,prem,2025-12-27T15:00:00+00:00,2025-12-27T18:00:00+00:00,39,True,Historical Core,,,,,,,,,
25-26-prem-west-ham-united-vs-fulham,10,prem,2025-12-27T15:00:00+00:00,2025-12-27T18:00:00+00:00,30,True,Historical Core,,,,,,,,,
25-26-prem-west-ham-united-vs-fulham,19,prem,2025-12-27T15:00:00+00:00,2025-12-27T18:00:00+00:00,37,True,Historical Core,,,,,,,,,
25-26-prem-chelsea-vs-aston-villa,2,prem,2025-12-27T17:30:00+00:00,2025-12-27T20:30:00+00:00,45,True,Historical Core,,,,,,,,,
25-26-prem-chelsea-vs-aston-villa,7,prem,2025-12-27T17:30:00+00:00,2025-12-27T20:30:00+00:00,36,True,Historical Core,,,,,,,,,
25-26-prem-sunderland-vs-leeds-united,11,prem,2025-12-28T14:00:00+00:00,2025-12-28T17:00:00+00:00,34,True,Historical Core,,,,,,,,,
25-26-prem-sunderland-vs-leeds-united,17,prem,2025-12-28T14:00:00+00:00,2025-12-28T17:00:00+00:00,47,True,Historical Core,,,,,,,,,
25-26-prem-crystal-palace-vs-tottenham-hotspur,8,prem,2025-12-28T16:30:00+00:00,2025-12-28T19:30:00+00:00,39,True,Historical Core,,,,,,,,,
25-26-prem-crystal-palace-vs-tottenham-hotspur,18,prem,2025-12-28T16:30:00+00:00,2025-12-28T19:30:00+00:00,41,True,Historical Core,,,,,,,,,
25-26-prem-burnley-vs-newcastle-united,3,prem,2025-12-30T19:30:00+00:00,2025-12-30T22:30:00+00:00,42,True,Historical Core,,,,,,,,,
25-26-prem-burnley-vs-newcastle-united,15,prem,2025-12-30T19:30:00+00:00,2025-12-30T22:30:00+00:00,39,True,Historical Core,,,,,,,,,
25-26-prem-chelsea-vs-afc-bournemouth,4,prem,2025-12-30T19:30:00+00:00,2025-12-30T22:30:00+00:00,41,True,Historical Core,,,,,,,,,
25-26-prem-chelsea-vs-afc-bournemouth,7,prem,2025-12-30T19:30:00+00:00,2025-12-30T22:30:00+00:00,36,True,Historical Core,,,,,,,,,
25-26-prem-nottingham-forest-vs-everton,9,prem,2025-12-30T19:30:00+00:00,2025-12-30T22:30:00+00:00,36,True,Historical Core,,,,,,,,,
25-26-prem-nottingham-forest-vs-everton,16,prem,2025-12-30T19:30:00+00:00,2025-12-30T22:30:00+00:00,37,True,Historical Core,,,,,,,,,
25-26-prem-west-ham-united-vs-brighton-hove-albion,6,prem,2025-12-30T19:30:00+00:00,2025-12-30T22:30:00+00:00,44,True,Historical Core,,,,,,,,,
25-26-prem-west-ham-united-vs-brighton-hove-albion,19,prem,2025-12-30T19:30:00+00:00,2025-12-30T22:30:00+00:00,37,True,Historical Core,,,,,,,,,
25-26-prem-arsenal-vs-aston-villa,1,prem,2025-12-30T20:15:00+00:00,2025-12-30T23:15:00+00:00,36,True,Historical Core,,,,,,,,,
25-26-prem-arsenal-vs-aston-villa,2,prem,2025-12-30T20:15:00+00:00,2025-12-30T23:15:00+00:00,45,True,Historical Core,,,,,,,,,
25-26-prem-manchester-united-vs-wolverhampton-wanderers,14,prem,2025-12-30T20:15:00+00:00,2025-12-30T23:15:00+00:00,42,True,Historical Core,,,,,,,,,
25-26-prem-manchester-united-vs-wolverhampton-wanderers,20,prem,2025-12-30T20:15:00+00:00,2025-12-30T23:15:00+00:00,41,True,Historical Core,,,,,,,,,
25-26-prem-crystal-palace-vs-fulham,8,prem,2026-01-01T17:30:00+00:00,2026-01-01T20:30:00+00:00,40,True,Historical Core,,,,,,,,,
25-26-prem-crystal-palace-vs-fulham,10,prem,2026-01-01T17:30:00+00:00,2026-01-01T20:30:00+00:00,30,True,Historical Core,,,,,,,,,
25-26-prem-liverpool-vs-leeds-united,11,prem,2026-01-01T17:30:00+00:00,2026-01-01T20:30:00+00:00,34,True,Historical Core,,,,,,,,,
25-26-prem-liverpool-vs-leeds-united,12,prem,2026-01-01T17:30:00+00:00,2026-01-01T20:30:00+00:00,37,True,Historical Core,,,,,,,,,
25-26-prem-brentford-vs-tottenham-hotspur,5,prem,2026-01-01T20:00:00+00:00,2026-01-01T23:00:00+00:00,38,True,Historical Core,,,,,,,,,
25-26-prem-brentford-vs-tottenham-hotspur,18,prem,2026-01-01T20:00:00+00:00,2026-01-01T23:00:00+00:00,41,True,Historical Core,,,,,,,,,
25-26-prem-sunderland-vs-manchester-city,13,prem,2026-01-01T20:00:00+00:00,2026-01-01T23:00:00+00:00,37,True,Historical Core,,,,,,,,,
25-26-prem-sunderland-vs-manchester-city,17,prem,2026-01-01T20:00:00+00:00,2026-01-01T23:00:00+00:00,47,True,Historical Core,,,,,,,,,
25-26-prem-aston-villa-vs-nottingham-forest,2,prem,2026-01-03T12:30:00+00:00,2026-01-03T15:30:00+00:00,46,True,Historical Core,,,,,,,,,
25-26-prem-aston-villa-vs-nottingham-forest,16,prem,2026-01-03T12:30:00+00:00,2026-01-03T15:30:00+00:00,37,True,Historical Core,,,,,,,,,
25-26-prem-brighton-hove-albion-vs-burnley,3,prem,2026-01-03T15:00:00+00:00,2026-01-03T18:00:00+00:00,43,True,Historical Core,,,,,,,,,
25-26-prem-brighton-hove-albion-vs-burnley,6,prem,2026-01-03T15:00:00+00:00,2026-01-03T18:00:00+00:00,45,True,Historical Core,,,,,,,,,
25-26-prem-wolverhampton-wanderers-vs-west-ham-united,19,prem,2026-01-03T15:00:00+00:00,2026-01-03T18:00:00+00:00,38,True,Historical Core,,,,,,,,,
25-26-prem-wolverhampton-wanderers-vs-west-ham-united,20,prem,2026-01-03T15:00:00+00:00,2026-01-03T18:00:00+00:00,41,True,Historical Core,,,,,,,,,
25-26-prem-afc-bournemouth-vs-arsenal,1,prem,2026-01-03T17:30:00+00:00,2026-01-03T20:30:00+00:00,36,True,Historical Core,,,,,,,,,
25-26-prem-afc-bournemouth-vs-arsenal,4,prem,2026-01-03T17:30:00+00:00,2026-01-03T20:30:00+00:00,42,True,Historical Core,,,,,,,,,
25-26-prem-leeds-united-vs-manchester-united,11,prem,2026-01-04T12:30:00+00:00,2026-01-04T15:30:00+00:00,35,True,Historical Core,,,,,,,,,
25-26-prem-leeds-united-vs-manchester-united,14,prem,2026-01-04T12:30:00+00:00,2026-01-04T15:30:00+00:00,43,True,Historical Core,,,,,,,,,
25-26-prem-everton-vs-brentford,5,prem,2026-01-04T15:00:00+00:00,2026-01-04T18:00:00+00:00,38,True,Historical Core,,,,,,,,,
25-26-prem-everton-vs-brentford,9,prem,2026-01-04T15:00:00+00:00,2026-01-04T18:00:00+00:00,36,True,Historical Core,,,,,,,,,
25-26-prem-newcastle-united-vs-crystal-palace,8,prem,2026-01-04T15:00:00+00:00,2026-01-04T18:00:00+00:00,41,True,Historical Core,,,,,,,,,
25-26-prem-newcastle-united-vs-crystal-palace,15,prem,2026-01-04T15:00:00+00:00,2026-01-04T18:00:00+00:00,39,True,Historical Core,,,,,,,,,
25-26-prem-tottenham-hotspur-vs-sunderland,17,prem,2026-01-04T15:00:00+00:00,2026-01-04T18:00:00+00:00,47,True,Historical Core,,,,,,,,,
25-26-prem-tottenham-hotspur-vs-sunderland,18,prem,2026-01-04T15:00:00+00:00,2026-01-04T18:00:00+00:00,41,True,Historical Core,,,,,,,,,
25-26-prem-fulham-vs-liverpool,10,prem,2026-01-04T15:15:00+00:00,2026-01-04T18:15:00+00:00,31,True,Historical Core,,,,,,,,,
25-26-prem-fulham-vs-liverpool,12,prem,2026-01-04T15:15:00+00:00,2026-01-04T18:15:00+00:00,37,True,Historical Core,,,,,,,,,
25-26-prem-manchester-city-vs-chelsea,7,prem,2026-01-04T17:30:00+00:00,2026-01-04T20:30:00+00:00,37,True,Historical Core,,,,,,,,,
25-26-prem-manchester-city-vs-chelsea,13,prem,2026-01-04T17:30:00+00:00,2026-01-04T20:30:00+00:00,37,True,Historical Core,,,,,,,,,
25-26-prem-west-ham-united-vs-nottingham-forest,16,prem,2026-01-06T20:00:00+00:00,2026-01-06T23:00:00+00:00,37,True,Historical Core,,,,,,,,,
25-26-prem-west-ham-united-vs-nottingham-forest,19,prem,2026-01-06T20:00:00+00:00,2026-01-06T23:00:00+00:00,39,True,Historical Core,,,,,,,,,
25-26-prem-afc-bournemouth-vs-tottenham-hotspur,4,prem,2026-01-07T19:30:00+00:00,2026-01-07T22:30:00+00:00,42,True,Historical Core,,,,,,,,,
25-26-prem-afc-bournemouth-vs-tottenham-hotspur,18,prem,2026-01-07T19:30:00+00:00,2026-01-07T22:30:00+00:00,41,True,Historical Core,,,,,,,,,
25-26-prem-brentford-vs-sunderland,5,prem,2026-01-07T19:30:00+00:00,2026-01-07T22:30:00+00:00,38,True,Historical Core,,,,,,,,,
25-26-prem-brentford-vs-sunderland,17,prem,2026-01-07T19:30:00+00:00,2026-01-07T22:30:00+00:00,47,True,Historical Core,,,,,,,,,
25-26-prem-crystal-palace-vs-aston-villa,2,prem,2026-01-07T19:30:00+00:00,2026-01-07T22:30:00+00:00,47,True,Historical Core,,,,,,,,,
25-26-prem-crystal-palace-vs-aston-villa,8,prem,2026-01-07T19:30:00+00:00,2026-01-07T22:30:00+00:00,42,True,Historical Core,,,,,,,,,
25-26-prem-everton-vs-wolverhampton-wanderers,9,prem,2026-01-07T19:30:00+00:00,2026-01-07T22:30:00+00:00,36,True,Historical Core,,,,,,,,,
25-26-prem-everton-vs-wolverhampton-wanderers,20,prem,2026-01-07T19:30:00+00:00,2026-01-07T22:30:00+00:00,41,True,Historical Core,,,,,,,,,
25-26-prem-fulham-vs-chelsea,7,prem,2026-01-07T19:30:00+00:00,2026-01-07T22:30:00+00:00,37,True,Historical Core,,,,,,,,,
25-26-prem-fulham-vs-chelsea,10,prem,2026-01-07T19:30:00+00:00,2026-01-07T22:30:00+00:00,31,True,Historical Core,,,,,,,,,
25-26-prem-manchester-city-vs-brighton-hove-albion,6,prem,2026-01-07T19:30:00+00:00,2026-01-07T22:30:00+00:00,46,True,Historical Core,,,,,,,,,
25-26-prem-manchester-city-vs-brighton-hove-albion,13,prem,2026-01-07T19:30:00+00:00,2026-01-07T22:30:00+00:00,38,True,Historical Core,,,,,,,,,
25-26-prem-burnley-vs-manchester-united,3,prem,2026-01-07T20:15:00+00:00,2026-01-07T23:15:00+00:00,43,True,Historical Core,,,,,,,,,
25-26-prem-burnley-vs-manchester-united,14,prem,2026-01-07T20:15:00+00:00,2026-01-07T23:15:00+00:00,43,True,Historical Core,,,,,,,,,
25-26-prem-newcastle-united-vs-leeds-united,11,prem,2026-01-07T20:15:00+00:00,2026-01-07T23:15:00+00:00,35,True,Historical Core,,,,,,,,,
25-26-prem-newcastle-united-vs-leeds-united,15,prem,2026-01-07T20:15:00+00:00,2026-01-07T23:15:00+00:00,39,True,Historical Core,,,,,,,,,
25-26-prem-arsenal-vs-liverpool,1,prem,2026-01-08T20:00:00+00:00,2026-01-08T23:00:00+00:00,36,True,Historical Core,,,,,,,,,
25-26-prem-arsenal-vs-liverpool,12,prem,2026-01-08T20:00:00+00:00,2026-01-08T23:00:00+00:00,37,True,Historical Core,,,,,,,,,
25-26-efl-cup-manchester-city-vs-newcastle-united,13,efl-cup,2026-01-13T20:00:00+00:00,2026-01-13T23:00:00+00:00,16,True,FPL-Core-Insights snapshot,0.0,0.0,,,,,,,
25-26-efl-cup-manchester-city-vs-newcastle-united,15,efl-cup,2026-01-13T20:00:00+00:00,2026-01-13T23:00:00+00:00,16,True,FPL-Core-Insights snapshot,0.0,0.0,,,,,,,
25-26-efl-cup-arsenal-vs-chelsea,1,efl-cup,2026-01-14T20:00:00+00:00,2026-01-14T23:00:00+00:00,15,True,FPL-Core-Insights snapshot,0.0,0.0,,,,,,,
25-26-efl-cup-arsenal-vs-chelsea,7,efl-cup,2026-01-14T20:00:00+00:00,2026-01-14T23:00:00+00:00,15,True,FPL-Core-Insights snapshot,0.0,0.0,,,,,,,
25-26-prem-manchester-united-vs-manchester-city,13,prem,2026-01-17T12:30:00+00:00,2026-01-17T15:30:00+00:00,39,True,Historical Core,,,,,,,,,
25-26-prem-manchester-united-vs-manchester-city,14,prem,2026-01-17T12:30:00+00:00,2026-01-17T15:30:00+00:00,43,True,Historical Core,,,,,,,,,
25-26-prem-chelsea-vs-brentford,5,prem,2026-01-17T15:00:00+00:00,2026-01-17T18:00:00+00:00,39,True,Historical Core,,,,,,,,,
25-26-prem-chelsea-vs-brentford,7,prem,2026-01-17T15:00:00+00:00,2026-01-17T18:00:00+00:00,36,True,Historical Core,,,,,,,,,
25-26-prem-leeds-united-vs-fulham,10,prem,2026-01-17T15:00:00+00:00,2026-01-17T18:00:00+00:00,31,True,Historical Core,,,,,,,,,
25-26-prem-leeds-united-vs-fulham,11,prem,2026-01-17T15:00:00+00:00,2026-01-17T18:00:00+00:00,36,True,Historical Core,,,,,,,,,
25-26-prem-liverpool-vs-burnley,3,prem,2026-01-17T15:00:00+00:00,2026-01-17T18:00:00+00:00,43,True,Historical Core,,,,,,,,,
25-26-prem-liverpool-vs-burnley,12,prem,2026-01-17T15:00:00+00:00,2026-01-17T18:00:00+00:00,37,True,Historical Core,,,,,,,,,
25-26-prem-sunderland-vs-crystal-palace,8,prem,2026-01-17T15:00:00+00:00,2026-01-17T18:00:00+00:00,43,True,Historical Core,,,,,,,,,
25-26-prem-sunderland-vs-crystal-palace,17,prem,2026-01-17T15:00:00+00:00,2026-01-17T18:00:00+00:00,47,True,Historical Core,,,,,,,,,
25-26-prem-tottenham-hotspur-vs-west-ham-united,18,prem,2026-01-17T15:00:00+00:00,2026-01-17T18:00:00+00:00,42,True,Historical Core,,,,,,,,,
25-26-prem-tottenham-hotspur-vs-west-ham-united,19,prem,2026-01-17T15:00:00+00:00,2026-01-17T18:00:00+00:00,39,True,Historical Core,,,,,,,,,
25-26-prem-nottingham-forest-vs-arsenal,1,prem,2026-01-17T17:30:00+00:00,2026-01-17T20:30:00+00:00,36,True,Historical Core,,,,,,,,,
25-26-prem-nottingham-forest-vs-arsenal,16,prem,2026-01-17T17:30:00+00:00,2026-01-17T20:30:00+00:00,37,True,Historical Core,,,,,,,,,
25-26-prem-wolverhampton-wanderers-vs-newcastle-united,15,prem,2026-01-18T14:00:00+00:00,2026-01-18T17:00:00+00:00,39,True,Historical Core,,,,,,,,,
25-26-prem-wolverhampton-wanderers-vs-newcastle-united,20,prem,2026-01-18T14:00:00+00:00,2026-01-18T17:00:00+00:00,41,True,Historical Core,,,,,,,,,
25-26-prem-aston-villa-vs-everton,2,prem,2026-01-18T16:30:00+00:00,2026-01-18T19:30:00+00:00,47,True,Historical Core,,,,,,,,,
25-26-prem-aston-villa-vs-everton,9,prem,2026-01-18T16:30:00+00:00,2026-01-18T19:30:00+00:00,36,True,Historical Core,,,,,,,,,
25-26-prem-brighton-hove-albion-vs-afc-bournemouth,4,prem,2026-01-19T20:00:00+00:00,2026-01-19T23:00:00+00:00,42,True,Historical Core,,,,,,,,,
25-26-prem-brighton-hove-albion-vs-afc-bournemouth,6,prem,2026-01-19T20:00:00+00:00,2026-01-19T23:00:00+00:00,46,True,Historical Core,,,,,,,,,
25-26-champions-league-manchester-city-vs-bodø/glimt,13,champions-league,2026-01-20T17:45:00+00:00,2026-01-20T20:45:00+00:00,12,True,FPL-Core-Insights snapshot,2.0,0.0,,,,,,,
25-26-champions-league-arsenal-vs-inter,1,champions-league,2026-01-20T20:00:00+00:00,2026-01-20T23:00:00+00:00,16,True,FPL-Core-Insights snapshot,0.0,0.0,,,,,,,
25-26-champions-league-borussia-dortmund-vs-tottenham-hotspur,18,champions-league,2026-01-20T20:00:00+00:00,2026-01-20T23:00:00+00:00,13,True,FPL-Core-Insights snapshot,2.0,0.0,,,,,,,
25-26-champions-league-liverpool-vs-marseille,12,champions-league,2026-01-21T20:00:00+00:00,2026-01-21T23:00:00+00:00,13,True,FPL-Core-Insights snapshot,0.0,0.0,,,,,,,
25-26-champions-league-pafos-fc-vs-chelsea,7,champions-league,2026-01-21T20:00:00+00:00,2026-01-21T23:00:00+00:00,16,True,FPL-Core-Insights snapshot,1.0,0.0,,,,,,,
25-26-champions-league-psv-eindhoven-vs-newcastle-united,15,champions-league,2026-01-21T20:00:00+00:00,2026-01-21T23:00:00+00:00,16,True,FPL-Core-Insights snapshot,1.0,0.0,,,,,,,
25-26-europa-league-aston-villa-vs-fenerbahçe,2,europa-league,2026-01-22T17:45:00+00:00,2026-01-22T20:45:00+00:00,16,True,FPL-Core-Insights snapshot,1.0,0.0,,,,,,,
25-26-europa-league-nottingham-forest-vs-braga,16,europa-league,2026-01-22T20:00:00+00:00,2026-01-22T23:00:00+00:00,16,True,FPL-Core-Insights snapshot,3.0,0.0,,,,,,,
25-26-prem-west-ham-united-vs-sunderland,17,prem,2026-01-24T12:30:00+00:00,2026-01-24T15:30:00+00:00,48,True,Historical Core,,,,,,,,,
25-26-prem-west-ham-united-vs-sunderland,19,prem,2026-01-24T12:30:00+00:00,2026-01-24T15:30:00+00:00,40,True,Historical Core,,,,,,,,,
25-26-prem-burnley-vs-tottenham-hotspur,3,prem,2026-01-24T15:00:00+00:00,2026-01-24T18:00:00+00:00,43,True,Historical Core,,,,,,,,,
25-26-prem-burnley-vs-tottenham-hotspur,18,prem,2026-01-24T15:00:00+00:00,2026-01-24T18:00:00+00:00,42,True,Historical Core,,,,,,,,,
25-26-prem-fulham-vs-brighton-hove-albion,6,prem,2026-01-24T15:00:00+00:00,2026-01-24T18:00:00+00:00,46,True,Historical Core,,,,,,,,,
25-26-prem-fulham-vs-brighton-hove-albion,10,prem,2026-01-24T15:00:00+00:00,2026-01-24T18:00:00+00:00,31,True,Historical Core,,,,,,,,,
25-26-prem-manchester-city-vs-wolverhampton-wanderers,13,prem,2026-01-24T15:00:00+00:00,2026-01-24T18:00:00+00:00,40,True,Historical Core,,,,,,,,,
25-26-prem-manchester-city-vs-wolverhampton-wanderers,20,prem,2026-01-24T15:00:00+00:00,2026-01-24T18:00:00+00:00,41,True,Historical Core,,,,,,,,,
25-26-prem-afc-bournemouth-vs-liverpool,4,prem,2026-01-24T17:30:00+00:00,2026-01-24T20:30:00+00:00,43,True,Historical Core,,,,,,,,,
25-26-prem-afc-bournemouth-vs-liverpool,12,prem,2026-01-24T17:30:00+00:00,2026-01-24T20:30:00+00:00,37,True,Historical Core,,,,,,,,,
25-26-prem-brentford-vs-nottingham-forest,5,prem,2026-01-25T14:00:00+00:00,2026-01-25T17:00:00+00:00,39,True,Historical Core,,,,,,,,,
25-26-prem-brentford-vs-nottingham-forest,16,prem,2026-01-25T14:00:00+00:00,2026-01-25T17:00:00+00:00,37,True,Historical Core,,,,,,,,,
25-26-prem-crystal-palace-vs-chelsea,7,prem,2026-01-25T14:00:00+00:00,2026-01-25T17:00:00+00:00,37,True,Historical Core,,,,,,,,,
25-26-prem-crystal-palace-vs-chelsea,8,prem,2026-01-25T14:00:00+00:00,2026-01-25T17:00:00+00:00,42,True,Historical Core,,,,,,,,,
25-26-prem-newcastle-united-vs-aston-villa,2,prem,2026-01-25T14:00:00+00:00,2026-01-25T17:00:00+00:00,47,True,Historical Core,,,,,,,,,
25-26-prem-newcastle-united-vs-aston-villa,15,prem,2026-01-25T14:00:00+00:00,2026-01-25T17:00:00+00:00,39,True,Historical Core,,,,,,,,,
25-26-prem-arsenal-vs-manchester-united,1,prem,2026-01-25T16:30:00+00:00,2026-01-25T19:30:00+00:00,36,True,Historical Core,,,,,,,,,
25-26-prem-arsenal-vs-manchester-united,14,prem,2026-01-25T16:30:00+00:00,2026-01-25T19:30:00+00:00,43,True,Historical Core,,,,,,,,,
25-26-prem-everton-vs-leeds-united,9,prem,2026-01-26T20:00:00+00:00,2026-01-26T23:00:00+00:00,36,True,Historical Core,,,,,,,,,
25-26-prem-everton-vs-leeds-united,11,prem,2026-01-26T20:00:00+00:00,2026-01-26T23:00:00+00:00,36,True,Historical Core,,,,,,,,,
25-26-champions-league-chelsea-vs-napoli,7,champions-league,2026-01-28T20:00:00+00:00,2026-01-28T23:00:00+00:00,16,True,FPL-Core-Insights snapshot,0.0,0.0,,,,,,,
25-26-champions-league-galatasaray-vs-manchester-city,13,champions-league,2026-01-28T20:00:00+00:00,2026-01-28T23:00:00+00:00,14,True,FPL-Core-Insights snapshot,0.0,0.0,,,,,,,
25-26-champions-league-kairat-almaty-vs-arsenal,1,champions-league,2026-01-28T20:00:00+00:00,2026-01-28T23:00:00+00:00,14,True,FPL-Core-Insights snapshot,3.0,0.0,,,,,,,
25-26-champions-league-newcastle-united-vs-paris-saint-germain,15,champions-league,2026-01-28T20:00:00+00:00,2026-01-28T23:00:00+00:00,14,True,FPL-Core-Insights snapshot,1.0,0.0,,,,,,,
25-26-champions-league-qarabag-fk-vs-liverpool,12,champions-league,2026-01-28T20:00:00+00:00,2026-01-28T23:00:00+00:00,16,True,FPL-Core-Insights snapshot,0.0,0.0,,,,,,,
25-26-champions-league-tottenham-hotspur-vs-eintracht-frankfurt,18,champions-league,2026-01-28T20:00:00+00:00,2026-01-28T23:00:00+00:00,14,True,FPL-Core-Insights snapshot,2.0,0.0,,,,,,,
25-26-europa-league-ferencvaros-vs-nottingham-forest,16,europa-league,2026-01-29T20:00:00+00:00,2026-01-29T23:00:00+00:00,16,True,FPL-Core-Insights snapshot,3.0,0.0,,,,,,,
25-26-europa-league-salzburg-vs-aston-villa,2,europa-league,2026-01-29T20:00:00+00:00,2026-01-29T23:00:00+00:00,15,True,FPL-Core-Insights snapshot,1.0,0.0,,,,,,,
25-26-prem-brighton-hove-albion-vs-everton,6,prem,2026-01-31T15:00:00+00:00,2026-01-31T18:00:00+00:00,47,True,Historical Core,,,,,,,,,
25-26-prem-brighton-hove-albion-vs-everton,9,prem,2026-01-31T15:00:00+00:00,2026-01-31T18:00:00+00:00,36,True,Historical Core,,,,,,,,,
25-26-prem-leeds-united-vs-arsenal,1,prem,2026-01-31T15:00:00+00:00,2026-01-31T18:00:00+00:00,36,True,Historical Core,,,,,,,,,
25-26-prem-leeds-united-vs-arsenal,11,prem,2026-01-31T15:00:00+00:00,2026-01-31T18:00:00+00:00,36,True,Historical Core,,,,,,,,,
25-26-prem-wolverhampton-wanderers-vs-afc-bournemouth,4,prem,2026-01-31T15:00:00+00:00,2026-01-31T18:00:00+00:00,45,True,Historical Core,,,,,,,,,
25-26-prem-wolverhampton-wanderers-vs-afc-bournemouth,20,prem,2026-01-31T15:00:00+00:00,2026-01-31T18:00:00+00:00,42,True,Historical Core,,,,,,,,,
25-26-prem-chelsea-vs-west-ham-united,7,prem,2026-01-31T17:30:00+00:00,2026-01-31T20:30:00+00:00,37,True,Historical Core,,,,,,,,,
25-26-prem-chelsea-vs-west-ham-united,19,prem,2026-01-31T17:30:00+00:00,2026-01-31T20:30:00+00:00,39,True,Historical Core,,,,,,,,,
25-26-prem-liverpool-vs-newcastle-united,12,prem,2026-01-31T20:00:00+00:00,2026-01-31T23:00:00+00:00,37,True,Historical Core,,,,,,,,,
25-26-prem-liverpool-vs-newcastle-united,15,prem,2026-01-31T20:00:00+00:00,2026-01-31T23:00:00+00:00,39,True,Historical Core,,,,,,,,,
25-26-prem-aston-villa-vs-brentford,2,prem,2026-02-01T14:00:00+00:00,2026-02-01T17:00:00+00:00,49,True,Historical Core,,,,,,,,,
25-26-prem-aston-villa-vs-brentford,5,prem,2026-02-01T14:00:00+00:00,2026-02-01T17:00:00+00:00,40,True,Historical Core,,,,,,,,,
25-26-prem-manchester-united-vs-fulham,10,prem,2026-02-01T14:00:00+00:00,2026-02-01T17:00:00+00:00,31,True,Historical Core,,,,,,,,,
25-26-prem-manchester-united-vs-fulham,14,prem,2026-02-01T14:00:00+00:00,2026-02-01T17:00:00+00:00,43,True,Historical Core,,,,,,,,,
25-26-prem-nottingham-forest-vs-crystal-palace,8,prem,2026-02-01T14:00:00+00:00,2026-02-01T17:00:00+00:00,42,True,Historical Core,,,,,,,,,
25-26-prem-nottingham-forest-vs-crystal-palace,16,prem,2026-02-01T14:00:00+00:00,2026-02-01T17:00:00+00:00,37,True,Historical Core,,,,,,,,,
25-26-prem-tottenham-hotspur-vs-manchester-city,13,prem,2026-02-01T16:30:00+00:00,2026-02-01T19:30:00+00:00,39,True,Historical Core,,,,,,,,,
25-26-prem-tottenham-hotspur-vs-manchester-city,18,prem,2026-02-01T16:30:00+00:00,2026-02-01T19:30:00+00:00,44,True,Historical Core,,,,,,,,,
25-26-prem-sunderland-vs-burnley,3,prem,2026-02-02T20:00:00+00:00,2026-02-02T23:00:00+00:00,44,True,Historical Core,,,,,,,,,
25-26-prem-sunderland-vs-burnley,17,prem,2026-02-02T20:00:00+00:00,2026-02-02T23:00:00+00:00,48,True,Historical Core,,,,,,,,,
25-26-efl-cup-chelsea-vs-arsenal,1,efl-cup,2026-02-03T20:00:00+00:00,2026-02-03T23:00:00+00:00,13,True,FPL-Core-Insights snapshot,0.0,0.0,,,,,,,
25-26-efl-cup-chelsea-vs-arsenal,7,efl-cup,2026-02-03T20:00:00+00:00,2026-02-03T23:00:00+00:00,15,True,FPL-Core-Insights snapshot,1.0,0.0,,,,,,,
25-26-efl-cup-newcastle-united-vs-manchester-city,13,efl-cup,2026-02-04T20:00:00+00:00,2026-02-04T23:00:00+00:00,16,True,FPL-Core-Insights snapshot,0.0,0.0,,,,,,,
25-26-efl-cup-newcastle-united-vs-manchester-city,15,efl-cup,2026-02-04T20:00:00+00:00,2026-02-04T23:00:00+00:00,16,True,FPL-Core-Insights snapshot,0.0,0.0,,,,,,,
25-26-prem-leeds-united-vs-nottingham-forest,11,prem,2026-02-06T20:00:00+00:00,2026-02-06T23:00:00+00:00,36,True,Historical Core,,,,,,,,,
25-26-prem-leeds-united-vs-nottingham-forest,16,prem,2026-02-06T20:00:00+00:00,2026-02-06T23:00:00+00:00,39,True,Historical Core,,,,,,,,,
25-26-prem-manchester-united-vs-tottenham-hotspur,14,prem,2026-02-07T12:30:00+00:00,2026-02-07T15:30:00+00:00,43,True,Historical Core,,,,,,,,,
25-26-prem-manchester-united-vs-tottenham-hotspur,18,prem,2026-02-07T12:30:00+00:00,2026-02-07T15:30:00+00:00,44,True,Historical Core,,,,,,,,,
25-26-prem-afc-bournemouth-vs-aston-villa,2,prem,2026-02-07T15:00:00+00:00,2026-02-07T18:00:00+00:00,48,True,Historical Core,,,,,,,,,
25-26-prem-afc-bournemouth-vs-aston-villa,4,prem,2026-02-07T15:00:00+00:00,2026-02-07T18:00:00+00:00,45,True,Historical Core,,,,,,,,,
25-26-prem-arsenal-vs-sunderland,1,prem,2026-02-07T15:00:00+00:00,2026-02-07T18:00:00+00:00,36,True,Historical Core,,,,,,,,,
25-26-prem-arsenal-vs-sunderland,17,prem,2026-02-07T15:00:00+00:00,2026-02-07T18:00:00+00:00,50,True,Historical Core,,,,,,,,,
25-26-prem-burnley-vs-west-ham-united,3,prem,2026-02-07T15:00:00+00:00,2026-02-07T18:00:00+00:00,44,True,Historical Core,,,,,,,,,
25-26-prem-burnley-vs-west-ham-united,19,prem,2026-02-07T15:00:00+00:00,2026-02-07T18:00:00+00:00,40,True,Historical Core,,,,,,,,,
25-26-prem-fulham-vs-everton,9,prem,2026-02-07T15:00:00+00:00,2026-02-07T18:00:00+00:00,37,True,Historical Core,,,,,,,,,
25-26-prem-fulham-vs-everton,10,prem,2026-02-07T15:00:00+00:00,2026-02-07T18:00:00+00:00,31,True,Historical Core,,,,,,,,,
25-26-prem-wolverhampton-wanderers-vs-chelsea,7,prem,2026-02-07T15:00:00+00:00,2026-02-07T18:00:00+00:00,36,True,Historical Core,,,,,,,,,
25-26-prem-wolverhampton-wanderers-vs-chelsea,20,prem,2026-02-07T15:00:00+00:00,2026-02-07T18:00:00+00:00,43,True,Historical Core,,,,,,,,,
25-26-prem-newcastle-united-vs-brentford,5,prem,2026-02-07T17:30:00+00:00,2026-02-07T20:30:00+00:00,40,True,Historical Core,,,,,,,,,
25-26-prem-newcastle-united-vs-brentford,15,prem,2026-02-07T17:30:00+00:00,2026-02-07T20:30:00+00:00,39,True,Historical Core,,,,,,,,,
25-26-prem-brighton-hove-albion-vs-crystal-palace,6,prem,2026-02-08T14:00:00+00:00,2026-02-08T17:00:00+00:00,47,True,Historical Core,,,,,,,,,
25-26-prem-brighton-hove-albion-vs-crystal-palace,8,prem,2026-02-08T14:00:00+00:00,2026-02-08T17:00:00+00:00,44,True,Historical Core,,,,,,,,,
25-26-prem-liverpool-vs-manchester-city,12,prem,2026-02-08T16:30:00+00:00,2026-02-08T19:30:00+00:00,37,True,Historical Core,,,,,,,,,
25-26-prem-liverpool-vs-manchester-city,13,prem,2026-02-08T16:30:00+00:00,2026-02-08T19:30:00+00:00,38,True,Historical Core,,,,,,,,,
25-26-prem-chelsea-vs-leeds-united,7,prem,2026-02-10T19:30:00+00:00,2026-02-10T22:30:00+00:00,36,True,Historical Core,,,,,,,,,
25-26-prem-chelsea-vs-leeds-united,11,prem,2026-02-10T19:30:00+00:00,2026-02-10T22:30:00+00:00,36,True,Historical Core,,,,,,,,,
25-26-prem-everton-vs-afc-bournemouth,4,prem,2026-02-10T19:30:00+00:00,2026-02-10T22:30:00+00:00,45,True,Historical Core,,,,,,,,,
25-26-prem-everton-vs-afc-bournemouth,9,prem,2026-02-10T19:30:00+00:00,2026-02-10T22:30:00+00:00,37,True,Historical Core,,,,,,,,,
25-26-prem-tottenham-hotspur-vs-newcastle-united,15,prem,2026-02-10T19:30:00+00:00,2026-02-10T22:30:00+00:00,39,True,Historical Core,,,,,,,,,
25-26-prem-tottenham-hotspur-vs-newcastle-united,18,prem,2026-02-10T19:30:00+00:00,2026-02-10T22:30:00+00:00,44,True,Historical Core,,,,,,,,,
25-26-prem-west-ham-united-vs-manchester-united,14,prem,2026-02-10T20:15:00+00:00,2026-02-10T23:15:00+00:00,43,True,Historical Core,,,,,,,,,
25-26-prem-west-ham-united-vs-manchester-united,19,prem,2026-02-10T20:15:00+00:00,2026-02-10T23:15:00+00:00,40,True,Historical Core,,,,,,,,,
25-26-prem-aston-villa-vs-brighton-hove-albion,2,prem,2026-02-11T19:30:00+00:00,2026-02-11T22:30:00+00:00,48,True,Historical Core,,,,,,,,,
25-26-prem-aston-villa-vs-brighton-hove-albion,6,prem,2026-02-11T19:30:00+00:00,2026-02-11T22:30:00+00:00,47,True,Historical Core,,,,,,,,,
25-26-prem-manchester-city-vs-fulham,10,prem,2026-02-11T19:30:00+00:00,2026-02-11T22:30:00+00:00,31,True,Historical Core,,,,,,,,,
25-26-prem-manchester-city-vs-fulham,13,prem,2026-02-11T19:30:00+00:00,2026-02-11T22:30:00+00:00,38,True,Historical Core,,,,,,,,,
25-26-prem-nottingham-forest-vs-wolverhampton-wanderers,16,prem,2026-02-11T19:30:00+00:00,2026-02-11T22:30:00+00:00,39,True,Historical Core,,,,,,,,,
25-26-prem-nottingham-forest-vs-wolverhampton-wanderers,20,prem,2026-02-11T19:30:00+00:00,2026-02-11T22:30:00+00:00,43,True,Historical Core,,,,,,,,,
25-26-prem-crystal-palace-vs-burnley,3,prem,2026-02-11T19:40:00+00:00,2026-02-11T22:40:00+00:00,44,True,Historical Core,,,,,,,,,
25-26-prem-crystal-palace-vs-burnley,8,prem,2026-02-11T19:40:00+00:00,2026-02-11T22:40:00+00:00,44,True,Historical Core,,,,,,,,,
25-26-prem-sunderland-vs-liverpool,12,prem,2026-02-11T20:15:00+00:00,2026-02-11T23:15:00+00:00,37,True,Historical Core,,,,,,,,,
25-26-prem-sunderland-vs-liverpool,17,prem,2026-02-11T20:15:00+00:00,2026-02-11T23:15:00+00:00,50,True,Historical Core,,,,,,,,,
25-26-prem-brentford-vs-arsenal,1,prem,2026-02-12T20:00:00+00:00,2026-02-12T23:00:00+00:00,36,True,Historical Core,,,,,,,,,
25-26-prem-brentford-vs-arsenal,5,prem,2026-02-12T20:00:00+00:00,2026-02-12T23:00:00+00:00,40,True,Historical Core,,,,,,,,,
25-26-prem-wolverhampton-wanderers-vs-arsenal,1,prem,2026-02-18T20:00:00+00:00,2026-02-18T23:00:00+00:00,36,True,Historical Core,,,,,,,,,
25-26-prem-wolverhampton-wanderers-vs-arsenal,20,prem,2026-02-18T20:00:00+00:00,2026-02-18T23:00:00+00:00,43,True,Historical Core,,,,,,,,,
25-26-prem-aston-villa-vs-leeds-united,2,prem,2026-02-21T15:00:00+00:00,2026-02-21T18:00:00+00:00,48,True,Historical Core,,,,,,,,,
25-26-prem-aston-villa-vs-leeds-united,11,prem,2026-02-21T15:00:00+00:00,2026-02-21T18:00:00+00:00,36,True,Historical Core,,,,,,,,,
25-26-prem-brentford-vs-brighton-hove-albion,5,prem,2026-02-21T15:00:00+00:00,2026-02-21T18:00:00+00:00,40,True,Historical Core,,,,,,,,,
25-26-prem-brentford-vs-brighton-hove-albion,6,prem,2026-02-21T15:00:00+00:00,2026-02-21T18:00:00+00:00,47,True,Historical Core,,,,,,,,,
25-26-prem-chelsea-vs-burnley,3,prem,2026-02-21T15:00:00+00:00,2026-02-21T18:00:00+00:00,44,True,Historical Core,,,,,,,,,
25-26-prem-chelsea-vs-burnley,7,prem,2026-02-21T15:00:00+00:00,2026-02-21T18:00:00+00:00,36,True,Historical Core,,,,,,,,,
25-26-prem-west-ham-united-vs-afc-bournemouth,4,prem,2026-02-21T17:30:00+00:00,2026-02-21T20:30:00+00:00,45,True,Historical Core,,,,,,,,,
25-26-prem-west-ham-united-vs-afc-bournemouth,19,prem,2026-02-21T17:30:00+00:00,2026-02-21T20:30:00+00:00,40,True,Historical Core,,,,,,,,,
25-26-prem-manchester-city-vs-newcastle-united,13,prem,2026-02-21T20:00:00+00:00,2026-02-21T23:00:00+00:00,38,True,Historical Core,,,,,,,,,
25-26-prem-manchester-city-vs-newcastle-united,15,prem,2026-02-21T20:00:00+00:00,2026-02-21T23:00:00+00:00,39,True,Historical Core,,,,,,,,,
25-26-prem-crystal-palace-vs-wolverhampton-wanderers,8,prem,2026-02-22T14:00:00+00:00,2026-02-22T17:00:00+00:00,44,True,Historical Core,,,,,,,,,
25-26-prem-crystal-palace-vs-wolverhampton-wanderers,20,prem,2026-02-22T14:00:00+00:00,2026-02-22T17:00:00+00:00,43,True,Historical Core,,,,,,,,,
25-26-prem-nottingham-forest-vs-liverpool,12,prem,2026-02-22T14:00:00+00:00,2026-02-22T17:00:00+00:00,37,True,Historical Core,,,,,,,,,
25-26-prem-nottingham-forest-vs-liverpool,16,prem,2026-02-22T14:00:00+00:00,2026-02-22T17:00:00+00:00,39,True,Historical Core,,,,,,,,,
25-26-prem-sunderland-vs-fulham,10,prem,2026-02-22T14:00:00+00:00,2026-02-22T17:00:00+00:00,31,True,Historical Core,,,,,,,,,
25-26-prem-sunderland-vs-fulham,17,prem,2026-02-22T14:00:00+00:00,2026-02-22T17:00:00+00:00,50,True,Historical Core,,,,,,,,,
25-26-prem-tottenham-hotspur-vs-arsenal,1,prem,2026-02-22T16:30:00+00:00,2026-02-22T19:30:00+00:00,36,True,Historical Core,,,,,,,,,
25-26-prem-tottenham-hotspur-vs-arsenal,18,prem,2026-02-22T16:30:00+00:00,2026-02-22T19:30:00+00:00,45,True,Historical Core,,,,,,,,,
25-26-prem-everton-vs-manchester-united,9,prem,2026-02-23T20:00:00+00:00,2026-02-23T23:00:00+00:00,37,True,Historical Core,,,,,,,,,
25-26-prem-everton-vs-manchester-united,14,prem,2026-02-23T20:00:00+00:00,2026-02-23T23:00:00+00:00,43,True,Historical Core,,,,,,,,,
25-26-prem-wolverhampton-wanderers-vs-aston-villa,2,prem,2026-02-27T20:00:00+00:00,2026-02-27T23:00:00+00:00,48,True,Historical Core,,,,,,,,,
25-26-prem-wolverhampton-wanderers-vs-aston-villa,20,prem,2026-02-27T20:00:00+00:00,2026-02-27T23:00:00+00:00,43,True,Historical Core,,,,,,,,,
25-26-prem-afc-bournemouth-vs-sunderland,4,prem,2026-02-28T12:30:00+00:00,2026-02-28T15:30:00+00:00,45,True,Historical Core,,,,,,,,,
25-26-prem-afc-bournemouth-vs-sunderland,17,prem,2026-02-28T12:30:00+00:00,2026-02-28T15:30:00+00:00,50,True,Historical Core,,,,,,,,,
25-26-prem-burnley-vs-brentford,3,prem,2026-02-28T15:00:00+00:00,2026-02-28T18:00:00+00:00,44,True,Historical Core,,,,,,,,,
25-26-prem-burnley-vs-brentford,5,prem,2026-02-28T15:00:00+00:00,2026-02-28T18:00:00+00:00,41,True,Historical Core,,,,,,,,,
25-26-prem-liverpool-vs-west-ham-united,12,prem,2026-02-28T15:00:00+00:00,2026-02-28T18:00:00+00:00,37,True,Historical Core,,,,,,,,,
25-26-prem-liverpool-vs-west-ham-united,19,prem,2026-02-28T15:00:00+00:00,2026-02-28T18:00:00+00:00,40,True,Historical Core,,,,,,,,,
25-26-prem-newcastle-united-vs-everton,9,prem,2026-02-28T15:00:00+00:00,2026-02-28T18:00:00+00:00,37,True,Historical Core,,,,,,,,,
25-26-prem-newcastle-united-vs-everton,15,prem,2026-02-28T15:00:00+00:00,2026-02-28T18:00:00+00:00,39,True,Historical Core,,,,,,,,,
25-26-prem-leeds-united-vs-manchester-city,11,prem,2026-02-28T17:30:00+00:00,2026-02-28T20:30:00+00:00,36,True,Historical Core,,,,,,,,,
25-26-prem-leeds-united-vs-manchester-city,13,prem,2026-02-28T17:30:00+00:00,2026-02-28T20:30:00+00:00,38,True,Historical Core,,,,,,,,,
25-26-prem-brighton-hove-albion-vs-nottingham-forest,6,prem,2026-03-01T14:00:00+00:00,2026-03-01T17:00:00+00:00,47,True,Historical Core,,,,,,,,,
25-26-prem-brighton-hove-albion-vs-nottingham-forest,16,prem,2026-03-01T14:00:00+00:00,2026-03-01T17:00:00+00:00,39,True,Historical Core,,,,,,,,,
25-26-prem-fulham-vs-tottenham-hotspur,10,prem,2026-03-01T14:00:00+00:00,2026-03-01T17:00:00+00:00,31,True,Historical Core,,,,,,,,,
25-26-prem-fulham-vs-tottenham-hotspur,18,prem,2026-03-01T14:00:00+00:00,2026-03-01T17:00:00+00:00,45,True,Historical Core,,,,,,,,,
25-26-prem-manchester-united-vs-crystal-palace,8,prem,2026-03-01T14:00:00+00:00,2026-03-01T17:00:00+00:00,44,True,Historical Core,,,,,,,,,
25-26-prem-manchester-united-vs-crystal-palace,14,prem,2026-03-01T14:00:00+00:00,2026-03-01T17:00:00+00:00,43,True,Historical Core,,,,,,,,,
25-26-prem-arsenal-vs-chelsea,1,prem,2026-03-01T16:30:00+00:00,2026-03-01T19:30:00+00:00,36,True,Historical Core,,,,,,,,,
25-26-prem-arsenal-vs-chelsea,7,prem,2026-03-01T16:30:00+00:00,2026-03-01T19:30:00+00:00,36,True,Historical Core,,,,,,,,,
25-26-prem-afc-bournemouth-vs-brentford,4,prem,2026-03-03T19:30:00+00:00,2026-03-03T22:30:00+00:00,45,True,Historical Core,,,,,,,,,
25-26-prem-afc-bournemouth-vs-brentford,5,prem,2026-03-03T19:30:00+00:00,2026-03-03T22:30:00+00:00,41,True,Historical Core,,,,,,,,,
25-26-prem-everton-vs-burnley,3,prem,2026-03-03T19:30:00+00:00,2026-03-03T22:30:00+00:00,45,True,Historical Core,,,,,,,,,
25-26-prem-everton-vs-burnley,9,prem,2026-03-03T19:30:00+00:00,2026-03-03T22:30:00+00:00,37,True,Historical Core,,,,,,,,,
25-26-prem-leeds-united-vs-sunderland,11,prem,2026-03-03T19:30:00+00:00,2026-03-03T22:30:00+00:00,36,True,Historical Core,,,,,,,,,
25-26-prem-leeds-united-vs-sunderland,17,prem,2026-03-03T19:30:00+00:00,2026-03-03T22:30:00+00:00,50,True,Historical Core,,,,,,,,,
25-26-prem-wolverhampton-wanderers-vs-liverpool,12,prem,2026-03-03T20:15:00+00:00,2026-03-03T23:15:00+00:00,37,True,Historical Core,,,,,,,,,
25-26-prem-wolverhampton-wanderers-vs-liverpool,20,prem,2026-03-03T20:15:00+00:00,2026-03-03T23:15:00+00:00,43,True,Historical Core,,,,,,,,,
25-26-prem-aston-villa-vs-chelsea,2,prem,2026-03-04T19:30:00+00:00,2026-03-04T22:30:00+00:00,48,True,Historical Core,,,,,,,,,
25-26-prem-aston-villa-vs-chelsea,7,prem,2026-03-04T19:30:00+00:00,2026-03-04T22:30:00+00:00,36,True,Historical Core,,,,,,,,,
25-26-prem-brighton-hove-albion-vs-arsenal,1,prem,2026-03-04T19:30:00+00:00,2026-03-04T22:30:00+00:00,36,True,Historical Core,,,,,,,,,
25-26-prem-brighton-hove-albion-vs-arsenal,6,prem,2026-03-04T19:30:00+00:00,2026-03-04T22:30:00+00:00,47,True,Historical Core,,,,,,,,,
25-26-prem-fulham-vs-west-ham-united,10,prem,2026-03-04T19:30:00+00:00,2026-03-04T22:30:00+00:00,31,True,Historical Core,,,,,,,,,
25-26-prem-fulham-vs-west-ham-united,19,prem,2026-03-04T19:30:00+00:00,2026-03-04T22:30:00+00:00,40,True,Historical Core,,,,,,,,,
25-26-prem-manchester-city-vs-nottingham-forest,13,prem,2026-03-04T19:30:00+00:00,2026-03-04T22:30:00+00:00,38,True,Historical Core,,,,,,,,,
25-26-prem-manchester-city-vs-nottingham-forest,16,prem,2026-03-04T19:30:00+00:00,2026-03-04T22:30:00+00:00,39,True,Historical Core,,,,,,,,,
25-26-prem-newcastle-united-vs-manchester-united,14,prem,2026-03-04T20:15:00+00:00,2026-03-04T23:15:00+00:00,43,True,Historical Core,,,,,,,,,
25-26-prem-newcastle-united-vs-manchester-united,15,prem,2026-03-04T20:15:00+00:00,2026-03-04T23:15:00+00:00,39,True,Historical Core,,,,,,,,,
25-26-prem-tottenham-hotspur-vs-crystal-palace,8,prem,2026-03-05T20:00:00+00:00,2026-03-05T23:00:00+00:00,44,True,Historical Core,,,,,,,,,
25-26-prem-tottenham-hotspur-vs-crystal-palace,18,prem,2026-03-05T20:00:00+00:00,2026-03-05T23:00:00+00:00,45,True,Historical Core,,,,,,,,,
25-26-prem-burnley-vs-afc-bournemouth,3,prem,2026-03-14T15:00:00+00:00,2026-03-14T18:00:00+00:00,45,True,Historical Core,,,,,,,,,
25-26-prem-burnley-vs-afc-bournemouth,4,prem,2026-03-14T15:00:00+00:00,2026-03-14T18:00:00+00:00,45,True,Historical Core,,,,,,,,,
25-26-prem-sunderland-vs-brighton-hove-albion,6,prem,2026-03-14T15:00:00+00:00,2026-03-14T18:00:00+00:00,47,True,Historical Core,,,,,,,,,
25-26-prem-sunderland-vs-brighton-hove-albion,17,prem,2026-03-14T15:00:00+00:00,2026-03-14T18:00:00+00:00,52,True,Historical Core,,,,,,,,,
25-26-prem-arsenal-vs-everton,1,prem,2026-03-14T17:30:00+00:00,2026-03-14T20:30:00+00:00,36,True,Historical Core,,,,,,,,,
25-26-prem-arsenal-vs-everton,9,prem,2026-03-14T17:30:00+00:00,2026-03-14T20:30:00+00:00,37,True,Historical Core,,,,,,,,,
25-26-prem-chelsea-vs-newcastle-united,7,prem,2026-03-14T17:30:00+00:00,2026-03-14T20:30:00+00:00,36,True,Historical Core,,,,,,,,,
25-26-prem-chelsea-vs-newcastle-united,15,prem,2026-03-14T17:30:00+00:00,2026-03-14T20:30:00+00:00,39,True,Historical Core,,,,,,,,,
25-26-prem-west-ham-united-vs-manchester-city,13,prem,2026-03-14T20:00:00+00:00,2026-03-14T23:00:00+00:00,38,True,Historical Core,,,,,,,,,
25-26-prem-west-ham-united-vs-manchester-city,19,prem,2026-03-14T20:00:00+00:00,2026-03-14T23:00:00+00:00,40,True,Historical Core,,,,,,,,,
25-26-prem-crystal-palace-vs-leeds-united,8,prem,2026-03-15T14:00:00+00:00,2026-03-15T17:00:00+00:00,44,True,Historical Core,,,,,,,,,
25-26-prem-crystal-palace-vs-leeds-united,11,prem,2026-03-15T14:00:00+00:00,2026-03-15T17:00:00+00:00,36,True,Historical Core,,,,,,,,,
25-26-prem-manchester-united-vs-aston-villa,2,prem,2026-03-15T14:00:00+00:00,2026-03-15T17:00:00+00:00,48,True,Historical Core,,,,,,,,,
25-26-prem-manchester-united-vs-aston-villa,14,prem,2026-03-15T14:00:00+00:00,2026-03-15T17:00:00+00:00,43,True,Historical Core,,,,,,,,,
25-26-prem-nottingham-forest-vs-fulham,10,prem,2026-03-15T14:00:00+00:00,2026-03-15T17:00:00+00:00,31,True,Historical Core,,,,,,,,,
25-26-prem-nottingham-forest-vs-fulham,16,prem,2026-03-15T14:00:00+00:00,2026-03-15T17:00:00+00:00,39,True,Historical Core,,,,,,,,,
25-26-prem-liverpool-vs-tottenham-hotspur,12,prem,2026-03-15T16:30:00+00:00,2026-03-15T19:30:00+00:00,37,True,Historical Core,,,,,,,,,
25-26-prem-liverpool-vs-tottenham-hotspur,18,prem,2026-03-15T16:30:00+00:00,2026-03-15T19:30:00+00:00,45,True,Historical Core,,,,,,,,,
25-26-prem-brentford-vs-wolverhampton-wanderers,5,prem,2026-03-16T20:00:00+00:00,2026-03-16T23:00:00+00:00,41,True,Historical Core,,,,,,,,,
25-26-prem-brentford-vs-wolverhampton-wanderers,20,prem,2026-03-16T20:00:00+00:00,2026-03-16T23:00:00+00:00,43,True,Historical Core,,,,,,,,,
25-26-prem-afc-bournemouth-vs-manchester-united,4,prem,2026-03-20T20:00:00+00:00,2026-03-20T23:00:00+00:00,45,True,Historical Core,,,,,,,,,
25-26-prem-afc-bournemouth-vs-manchester-united,14,prem,2026-03-20T20:00:00+00:00,2026-03-20T23:00:00+00:00,43,True,Historical Core,,,,,,,,,
25-26-prem-brighton-hove-albion-vs-liverpool,6,prem,2026-03-21T12:45:00+00:00,2026-03-21T15:45:00+00:00,47,True,Historical Core,,,,,,,,,
25-26-prem-brighton-hove-albion-vs-liverpool,12,prem,2026-03-21T12:45:00+00:00,2026-03-21T15:45:00+00:00,37,True,Historical Core,,,,,,,,,
25-26-prem-fulham-vs-burnley,3,prem,2026-03-21T15:00:00+00:00,2026-03-21T18:00:00+00:00,45,True,Historical Core,,,,,,,,,
25-26-prem-fulham-vs-burnley,10,prem,2026-03-21T15:00:00+00:00,2026-03-21T18:00:00+00:00,31,True,Historical Core,,,,,,,,,
25-26-prem-everton-vs-chelsea,7,prem,2026-03-21T17:30:00+00:00,2026-03-21T20:30:00+00:00,36,True,Historical Core,,,,,,,,,
25-26-prem-everton-vs-chelsea,9,prem,2026-03-21T17:30:00+00:00,2026-03-21T20:30:00+00:00,37,True,Historical Core,,,,,,,,,
25-26-prem-leeds-united-vs-brentford,5,prem,2026-03-21T20:00:00+00:00,2026-03-21T23:00:00+00:00,43,True,Historical Core,,,,,,,,,
25-26-prem-leeds-united-vs-brentford,11,prem,2026-03-21T20:00:00+00:00,2026-03-21T23:00:00+00:00,36,True,Historical Core,,,,,,,,,
25-26-prem-newcastle-united-vs-sunderland,15,prem,2026-03-22T12:00:00+00:00,2026-03-22T15:00:00+00:00,39,True,Historical Core,,,,,,,,,
25-26-prem-newcastle-united-vs-sunderland,17,prem,2026-03-22T12:00:00+00:00,2026-03-22T15:00:00+00:00,52,True,Historical Core,,,,,,,,,
25-26-prem-aston-villa-vs-west-ham-united,2,prem,2026-03-22T14:15:00+00:00,2026-03-22T17:15:00+00:00,48,True,Historical Core,,,,,,,,,
25-26-prem-aston-villa-vs-west-ham-united,19,prem,2026-03-22T14:15:00+00:00,2026-03-22T17:15:00+00:00,41,True,Historical Core,,,,,,,,,
25-26-prem-tottenham-hotspur-vs-nottingham-forest,16,prem,2026-03-22T14:15:00+00:00,2026-03-22T17:15:00+00:00,39,True,Historical Core,,,,,,,,,
25-26-prem-tottenham-hotspur-vs-nottingham-forest,18,prem,2026-03-22T14:15:00+00:00,2026-03-22T17:15:00+00:00,45,True,Historical Core,,,,,,,,,
25-26-prem-west-ham-united-vs-wolverhampton-wanderers,19,prem,2026-04-10T19:00:00+00:00,2026-04-10T22:00:00+00:00,41,True,Historical Core,,,,,,,,,
25-26-prem-west-ham-united-vs-wolverhampton-wanderers,20,prem,2026-04-10T19:00:00+00:00,2026-04-10T22:00:00+00:00,43,True,Historical Core,,,,,,,,,
25-26-prem-arsenal-vs-afc-bournemouth,1,prem,2026-04-11T11:30:00+00:00,2026-04-11T14:30:00+00:00,36,True,Historical Core,,,,,,,,,
25-26-prem-arsenal-vs-afc-bournemouth,4,prem,2026-04-11T11:30:00+00:00,2026-04-11T14:30:00+00:00,45,True,Historical Core,,,,,,,,,
25-26-prem-brentford-vs-everton,5,prem,2026-04-11T14:00:00+00:00,2026-04-11T17:00:00+00:00,44,True,Historical Core,,,,,,,,,
25-26-prem-brentford-vs-everton,9,prem,2026-04-11T14:00:00+00:00,2026-04-11T17:00:00+00:00,37,True,Historical Core,,,,,,,,,
25-26-prem-burnley-vs-brighton-hove-albion,3,prem,2026-04-11T14:00:00+00:00,2026-04-11T17:00:00+00:00,45,True,Historical Core,,,,,,,,,
25-26-prem-burnley-vs-brighton-hove-albion,6,prem,2026-04-11T14:00:00+00:00,2026-04-11T17:00:00+00:00,47,True,Historical Core,,,,,,,,,
25-26-prem-liverpool-vs-fulham,10,prem,2026-04-11T16:30:00+00:00,2026-04-11T19:30:00+00:00,31,True,Historical Core,,,,,,,,,
25-26-prem-liverpool-vs-fulham,12,prem,2026-04-11T16:30:00+00:00,2026-04-11T19:30:00+00:00,37,True,Historical Core,,,,,,,,,
25-26-prem-crystal-palace-vs-newcastle-united,8,prem,2026-04-12T13:00:00+00:00,2026-04-12T16:00:00+00:00,44,True,Historical Core,,,,,,,,,
25-26-prem-crystal-palace-vs-newcastle-united,15,prem,2026-04-12T13:00:00+00:00,2026-04-12T16:00:00+00:00,39,True,Historical Core,,,,,,,,,
25-26-prem-nottingham-forest-vs-aston-villa,2,prem,2026-04-12T13:00:00+00:00,2026-04-12T16:00:00+00:00,48,True,Historical Core,,,,,,,,,
25-26-prem-nottingham-forest-vs-aston-villa,16,prem,2026-04-12T13:00:00+00:00,2026-04-12T16:00:00+00:00,39,True,Historical Core,,,,,,,,,
25-26-prem-sunderland-vs-tottenham-hotspur,17,prem,2026-04-12T13:00:00+00:00,2026-04-12T16:00:00+00:00,52,True,Historical Core,,,,,,,,,
25-26-prem-sunderland-vs-tottenham-hotspur,18,prem,2026-04-12T13:00:00+00:00,2026-04-12T16:00:00+00:00,45,True,Historical Core,,,,,,,,,
25-26-prem-chelsea-vs-manchester-city,7,prem,2026-04-12T15:30:00+00:00,2026-04-12T18:30:00+00:00,36,True,Historical Core,,,,,,,,,
25-26-prem-chelsea-vs-manchester-city,13,prem,2026-04-12T15:30:00+00:00,2026-04-12T18:30:00+00:00,38,True,Historical Core,,,,,,,,,
25-26-prem-manchester-united-vs-leeds-united,11,prem,2026-04-13T19:00:00+00:00,2026-04-13T22:00:00+00:00,36,True,Historical Core,,,,,,,,,
25-26-prem-manchester-united-vs-leeds-united,14,prem,2026-04-13T19:00:00+00:00,2026-04-13T22:00:00+00:00,43,True,Historical Core,,,,,,,,,
25-26-prem-brentford-vs-fulham,5,prem,2026-04-18T11:30:00+00:00,2026-04-18T14:30:00+00:00,44,True,Historical Core,,,,,,,,,
25-26-prem-brentford-vs-fulham,10,prem,2026-04-18T11:30:00+00:00,2026-04-18T14:30:00+00:00,31,True,Historical Core,,,,,,,,,
25-26-prem-leeds-united-vs-wolverhampton-wanderers,11,prem,2026-04-18T14:00:00+00:00,2026-04-18T17:00:00+00:00,36,True,Historical Core,,,,,,,,,
25-26-prem-leeds-united-vs-wolverhampton-wanderers,20,prem,2026-04-18T14:00:00+00:00,2026-04-18T17:00:00+00:00,44,True,Historical Core,,,,,,,,,
25-26-prem-newcastle-united-vs-afc-bournemouth,4,prem,2026-04-18T14:00:00+00:00,2026-04-18T17:00:00+00:00,45,True,Historical Core,,,,,,,,,
25-26-prem-newcastle-united-vs-afc-bournemouth,15,prem,2026-04-18T14:00:00+00:00,2026-04-18T17:00:00+00:00,39,True,Historical Core,,,,,,,,,
25-26-prem-tottenham-hotspur-vs-brighton-hove-albion,6,prem,2026-04-18T16:30:00+00:00,2026-04-18T19:30:00+00:00,47,True,Historical Core,,,,,,,,,
25-26-prem-tottenham-hotspur-vs-brighton-hove-albion,18,prem,2026-04-18T16:30:00+00:00,2026-04-18T19:30:00+00:00,45,True,Historical Core,,,,,,,,,
25-26-prem-chelsea-vs-manchester-united,7,prem,2026-04-18T19:00:00+00:00,2026-04-18T22:00:00+00:00,37,True,Historical Core,,,,,,,,,
25-26-prem-chelsea-vs-manchester-united,14,prem,2026-04-18T19:00:00+00:00,2026-04-18T22:00:00+00:00,44,True,Historical Core,,,,,,,,,
25-26-prem-aston-villa-vs-sunderland,2,prem,2026-04-19T13:00:00+00:00,2026-04-19T16:00:00+00:00,48,True,Historical Core,,,,,,,,,
25-26-prem-aston-villa-vs-sunderland,17,prem,2026-04-19T13:00:00+00:00,2026-04-19T16:00:00+00:00,52,True,Historical Core,,,,,,,,,
25-26-prem-everton-vs-liverpool,9,prem,2026-04-19T13:00:00+00:00,2026-04-19T16:00:00+00:00,37,True,Historical Core,,,,,,,,,
25-26-prem-everton-vs-liverpool,12,prem,2026-04-19T13:00:00+00:00,2026-04-19T16:00:00+00:00,37,True,Historical Core,,,,,,,,,
25-26-prem-nottingham-forest-vs-burnley,3,prem,2026-04-19T13:00:00+00:00,2026-04-19T16:00:00+00:00,45,True,Historical Core,,,,,,,,,
25-26-prem-nottingham-forest-vs-burnley,16,prem,2026-04-19T13:00:00+00:00,2026-04-19T16:00:00+00:00,39,True,Historical Core,,,,,,,,,
25-26-prem-manchester-city-vs-arsenal,1,prem,2026-04-19T15:30:00+00:00,2026-04-19T18:30:00+00:00,36,True,Historical Core,,,,,,,,,
25-26-prem-manchester-city-vs-arsenal,13,prem,2026-04-19T15:30:00+00:00,2026-04-19T18:30:00+00:00,38,True,Historical Core,,,,,,,,,
25-26-prem-crystal-palace-vs-west-ham-united,8,prem,2026-04-20T19:00:00+00:00,2026-04-20T22:00:00+00:00,44,True,Historical Core,,,,,,,,,
25-26-prem-crystal-palace-vs-west-ham-united,19,prem,2026-04-20T19:00:00+00:00,2026-04-20T22:00:00+00:00,41,True,Historical Core,,,,,,,,,
25-26-prem-brighton-hove-albion-vs-chelsea,6,prem,2026-04-21T19:00:00+00:00,2026-04-21T22:00:00+00:00,47,True,Historical Core,,,,,,,,,
25-26-prem-brighton-hove-albion-vs-chelsea,7,prem,2026-04-21T19:00:00+00:00,2026-04-21T22:00:00+00:00,37,True,Historical Core,,,,,,,,,
25-26-prem-afc-bournemouth-vs-leeds-united,4,prem,2026-04-22T19:00:00+00:00,2026-04-22T22:00:00+00:00,45,True,Historical Core,,,,,,,,,
25-26-prem-afc-bournemouth-vs-leeds-united,11,prem,2026-04-22T19:00:00+00:00,2026-04-22T22:00:00+00:00,36,True,Historical Core,,,,,,,,,
25-26-prem-burnley-vs-manchester-city,3,prem,2026-04-22T19:00:00+00:00,2026-04-22T22:00:00+00:00,45,True,Historical Core,,,,,,,,,
25-26-prem-burnley-vs-manchester-city,13,prem,2026-04-22T19:00:00+00:00,2026-04-22T22:00:00+00:00,38,True,Historical Core,,,,,,,,,
25-26-prem-sunderland-vs-nottingham-forest,16,prem,2026-04-24T19:00:00+00:00,2026-04-24T22:00:00+00:00,39,True,Historical Core,,,,,,,,,
25-26-prem-sunderland-vs-nottingham-forest,17,prem,2026-04-24T19:00:00+00:00,2026-04-24T22:00:00+00:00,52,True,Historical Core,,,,,,,,,
25-26-prem-fulham-vs-aston-villa,2,prem,2026-04-25T11:30:00+00:00,2026-04-25T14:30:00+00:00,48,True,Historical Core,,,,,,,,,
25-26-prem-fulham-vs-aston-villa,10,prem,2026-04-25T11:30:00+00:00,2026-04-25T14:30:00+00:00,31,True,Historical Core,,,,,,,,,
25-26-prem-liverpool-vs-crystal-palace,8,prem,2026-04-25T14:00:00+00:00,2026-04-25T17:00:00+00:00,44,True,Historical Core,,,,,,,,,
25-26-prem-liverpool-vs-crystal-palace,12,prem,2026-04-25T14:00:00+00:00,2026-04-25T17:00:00+00:00,38,True,Historical Core,,,,,,,,,
25-26-prem-west-ham-united-vs-everton,9,prem,2026-04-25T14:00:00+00:00,2026-04-25T17:00:00+00:00,37,True,Historical Core,,,,,,,,,
25-26-prem-west-ham-united-vs-everton,19,prem,2026-04-25T14:00:00+00:00,2026-04-25T17:00:00+00:00,41,True,Historical Core,,,,,,,,,
25-26-prem-wolverhampton-wanderers-vs-tottenham-hotspur,18,prem,2026-04-25T14:00:00+00:00,2026-04-25T17:00:00+00:00,45,True,Historical Core,,,,,,,,,
25-26-prem-wolverhampton-wanderers-vs-tottenham-hotspur,20,prem,2026-04-25T14:00:00+00:00,2026-04-25T17:00:00+00:00,44,True,Historical Core,,,,,,,,,
25-26-prem-arsenal-vs-newcastle-united,1,prem,2026-04-25T16:30:00+00:00,2026-04-25T19:30:00+00:00,36,True,Historical Core,,,,,,,,,
25-26-prem-arsenal-vs-newcastle-united,15,prem,2026-04-25T16:30:00+00:00,2026-04-25T19:30:00+00:00,39,True,Historical Core,,,,,,,,,
25-26-prem-manchester-united-vs-brentford,5,prem,2026-04-27T19:00:00+00:00,2026-04-27T22:00:00+00:00,44,True,Historical Core,,,,,,,,,
25-26-prem-manchester-united-vs-brentford,14,prem,2026-04-27T19:00:00+00:00,2026-04-27T22:00:00+00:00,44,True,Historical Core,,,,,,,,,
25-26-prem-leeds-united-vs-burnley,3,prem,2026-05-01T19:00:00+00:00,2026-05-01T22:00:00+00:00,45,True,Historical Core,,,,,,,,,
25-26-prem-leeds-united-vs-burnley,11,prem,2026-05-01T19:00:00+00:00,2026-05-01T22:00:00+00:00,36,True,Historical Core,,,,,,,,,
25-26-prem-brentford-vs-west-ham-united,5,prem,2026-05-02T14:00:00+00:00,2026-05-02T17:00:00+00:00,44,True,Historical Core,,,,,,,,,
25-26-prem-brentford-vs-west-ham-united,19,prem,2026-05-02T14:00:00+00:00,2026-05-02T17:00:00+00:00,41,True,Historical Core,,,,,,,,,
25-26-prem-newcastle-united-vs-brighton-hove-albion,6,prem,2026-05-02T14:00:00+00:00,2026-05-02T17:00:00+00:00,47,True,Historical Core,,,,,,,,,
25-26-prem-newcastle-united-vs-brighton-hove-albion,15,prem,2026-05-02T14:00:00+00:00,2026-05-02T17:00:00+00:00,39,True,Historical Core,,,,,,,,,
25-26-prem-wolverhampton-wanderers-vs-sunderland,17,prem,2026-05-02T14:00:00+00:00,2026-05-02T17:00:00+00:00,52,True,Historical Core,,,,,,,,,
25-26-prem-wolverhampton-wanderers-vs-sunderland,20,prem,2026-05-02T14:00:00+00:00,2026-05-02T17:00:00+00:00,45,True,Historical Core,,,,,,,,,
25-26-prem-arsenal-vs-fulham,1,prem,2026-05-02T16:30:00+00:00,2026-05-02T19:30:00+00:00,36,True,Historical Core,,,,,,,,,
25-26-prem-arsenal-vs-fulham,10,prem,2026-05-02T16:30:00+00:00,2026-05-02T19:30:00+00:00,31,True,Historical Core,,,,,,,,,
25-26-prem-afc-bournemouth-vs-crystal-palace,4,prem,2026-05-03T13:00:00+00:00,2026-05-03T16:00:00+00:00,45,True,Historical Core,,,,,,,,,
25-26-prem-afc-bournemouth-vs-crystal-palace,8,prem,2026-05-03T13:00:00+00:00,2026-05-03T16:00:00+00:00,44,True,Historical Core,,,,,,,,,
25-26-prem-manchester-united-vs-liverpool,12,prem,2026-05-03T14:30:00+00:00,2026-05-03T17:30:00+00:00,39,True,Historical Core,,,,,,,,,
25-26-prem-manchester-united-vs-liverpool,14,prem,2026-05-03T14:30:00+00:00,2026-05-03T17:30:00+00:00,44,True,Historical Core,,,,,,,,,
25-26-prem-aston-villa-vs-tottenham-hotspur,2,prem,2026-05-03T18:00:00+00:00,2026-05-03T21:00:00+00:00,48,True,Historical Core,,,,,,,,,
25-26-prem-aston-villa-vs-tottenham-hotspur,18,prem,2026-05-03T18:00:00+00:00,2026-05-03T21:00:00+00:00,45,True,Historical Core,,,,,,,,,
25-26-prem-chelsea-vs-nottingham-forest,7,prem,2026-05-04T14:00:00+00:00,2026-05-04T17:00:00+00:00,37,True,Historical Core,,,,,,,,,
25-26-prem-chelsea-vs-nottingham-forest,16,prem,2026-05-04T14:00:00+00:00,2026-05-04T17:00:00+00:00,39,True,Historical Core,,,,,,,,,
25-26-prem-everton-vs-manchester-city,9,prem,2026-05-04T19:00:00+00:00,2026-05-04T22:00:00+00:00,37,True,Historical Core,,,,,,,,,
25-26-prem-everton-vs-manchester-city,13,prem,2026-05-04T19:00:00+00:00,2026-05-04T22:00:00+00:00,38,True,Historical Core,,,,,,,,,
25-26-prem-liverpool-vs-chelsea,7,prem,2026-05-09T11:30:00+00:00,2026-05-09T14:30:00+00:00,39,True,Historical Core,,,,,,,,,
25-26-prem-liverpool-vs-chelsea,12,prem,2026-05-09T11:30:00+00:00,2026-05-09T14:30:00+00:00,39,True,Historical Core,,,,,,,,,
25-26-prem-brighton-hove-albion-vs-wolverhampton-wanderers,6,prem,2026-05-09T14:00:00+00:00,2026-05-09T17:00:00+00:00,47,True,Historical Core,,,,,,,,,
25-26-prem-brighton-hove-albion-vs-wolverhampton-wanderers,20,prem,2026-05-09T14:00:00+00:00,2026-05-09T17:00:00+00:00,45,True,Historical Core,,,,,,,,,
25-26-prem-fulham-vs-afc-bournemouth,4,prem,2026-05-09T14:00:00+00:00,2026-05-09T17:00:00+00:00,45,True,Historical Core,,,,,,,,,
25-26-prem-fulham-vs-afc-bournemouth,10,prem,2026-05-09T14:00:00+00:00,2026-05-09T17:00:00+00:00,31,True,Historical Core,,,,,,,,,
25-26-prem-sunderland-vs-manchester-united,14,prem,2026-05-09T14:00:00+00:00,2026-05-09T17:00:00+00:00,44,True,Historical Core,,,,,,,,,
25-26-prem-sunderland-vs-manchester-united,17,prem,2026-05-09T14:00:00+00:00,2026-05-09T17:00:00+00:00,52,True,Historical Core,,,,,,,,,
25-26-prem-manchester-city-vs-brentford,5,prem,2026-05-09T16:30:00+00:00,2026-05-09T19:30:00+00:00,44,True,Historical Core,,,,,,,,,
25-26-prem-manchester-city-vs-brentford,13,prem,2026-05-09T16:30:00+00:00,2026-05-09T19:30:00+00:00,38,True,Historical Core,,,,,,,,,
25-26-prem-burnley-vs-aston-villa,2,prem,2026-05-10T13:00:00+00:00,2026-05-10T16:00:00+00:00,48,True,Historical Core,,,,,,,,,
25-26-prem-burnley-vs-aston-villa,3,prem,2026-05-10T13:00:00+00:00,2026-05-10T16:00:00+00:00,45,True,Historical Core,,,,,,,,,
25-26-prem-crystal-palace-vs-everton,8,prem,2026-05-10T13:00:00+00:00,2026-05-10T16:00:00+00:00,44,True,Historical Core,,,,,,,,,
25-26-prem-crystal-palace-vs-everton,9,prem,2026-05-10T13:00:00+00:00,2026-05-10T16:00:00+00:00,37,True,Historical Core,,,,,,,,,
25-26-prem-nottingham-forest-vs-newcastle-united,15,prem,2026-05-10T13:00:00+00:00,2026-05-10T16:00:00+00:00,39,True,Historical Core,,,,,,,,,
25-26-prem-nottingham-forest-vs-newcastle-united,16,prem,2026-05-10T13:00:00+00:00,2026-05-10T16:00:00+00:00,41,True,Historical Core,,,,,,,,,
25-26-prem-west-ham-united-vs-arsenal,1,prem,2026-05-10T15:30:00+00:00,2026-05-10T18:30:00+00:00,36,True,Historical Core,,,,,,,,,
25-26-prem-west-ham-united-vs-arsenal,19,prem,2026-05-10T15:30:00+00:00,2026-05-10T18:30:00+00:00,41,True,Historical Core,,,,,,,,,
25-26-prem-tottenham-hotspur-vs-leeds-united,11,prem,2026-05-11T19:00:00+00:00,2026-05-11T22:00:00+00:00,38,True,Historical Core,,,,,,,,,
25-26-prem-tottenham-hotspur-vs-leeds-united,18,prem,2026-05-11T19:00:00+00:00,2026-05-11T22:00:00+00:00,45,True,Historical Core,,,,,,,,,
25-26-prem-manchester-city-vs-crystal-palace,8,prem,2026-05-13T19:00:00+00:00,2026-05-13T22:00:00+00:00,44,True,Historical Core,,,,,,,,,
25-26-prem-manchester-city-vs-crystal-palace,13,prem,2026-05-13T19:00:00+00:00,2026-05-13T22:00:00+00:00,38,True,Historical Core,,,,,,,,,
25-26-prem-aston-villa-vs-liverpool,2,prem,2026-05-15T19:00:00+00:00,2026-05-15T22:00:00+00:00,48,True,Historical Core,,,,,,,,,
25-26-prem-aston-villa-vs-liverpool,12,prem,2026-05-15T19:00:00+00:00,2026-05-15T22:00:00+00:00,39,True,Historical Core,,,,,,,,,
25-26-prem-manchester-united-vs-nottingham-forest,14,prem,2026-05-17T11:30:00+00:00,2026-05-17T14:30:00+00:00,44,True,Historical Core,,,,,,,,,
25-26-prem-manchester-united-vs-nottingham-forest,16,prem,2026-05-17T11:30:00+00:00,2026-05-17T14:30:00+00:00,41,True,Historical Core,,,,,,,,,
25-26-prem-brentford-vs-crystal-palace,5,prem,2026-05-17T14:00:00+00:00,2026-05-17T17:00:00+00:00,44,True,Historical Core,,,,,,,,,
25-26-prem-brentford-vs-crystal-palace,8,prem,2026-05-17T14:00:00+00:00,2026-05-17T17:00:00+00:00,44,True,Historical Core,,,,,,,,,
25-26-prem-everton-vs-sunderland,9,prem,2026-05-17T14:00:00+00:00,2026-05-17T17:00:00+00:00,37,True,Historical Core,,,,,,,,,
25-26-prem-everton-vs-sunderland,17,prem,2026-05-17T14:00:00+00:00,2026-05-17T17:00:00+00:00,52,True,Historical Core,,,,,,,,,
25-26-prem-leeds-united-vs-brighton-hove-albion,6,prem,2026-05-17T14:00:00+00:00,2026-05-17T17:00:00+00:00,47,True,Historical Core,,,,,,,,,
25-26-prem-leeds-united-vs-brighton-hove-albion,11,prem,2026-05-17T14:00:00+00:00,2026-05-17T17:00:00+00:00,39,True,Historical Core,,,,,,,,,
25-26-prem-wolverhampton-wanderers-vs-fulham,10,prem,2026-05-17T14:00:00+00:00,2026-05-17T17:00:00+00:00,31,True,Historical Core,,,,,,,,,
25-26-prem-wolverhampton-wanderers-vs-fulham,20,prem,2026-05-17T14:00:00+00:00,2026-05-17T17:00:00+00:00,45,True,Historical Core,,,,,,,,,
25-26-prem-newcastle-united-vs-west-ham-united,15,prem,2026-05-17T16:30:00+00:00,2026-05-17T19:30:00+00:00,39,True,Historical Core,,,,,,,,,
25-26-prem-newcastle-united-vs-west-ham-united,19,prem,2026-05-17T16:30:00+00:00,2026-05-17T19:30:00+00:00,41,True,Historical Core,,,,,,,,,
25-26-prem-arsenal-vs-burnley,1,prem,2026-05-18T19:00:00+00:00,2026-05-18T22:00:00+00:00,36,True,Historical Core,,,,,,,,,
25-26-prem-arsenal-vs-burnley,3,prem,2026-05-18T19:00:00+00:00,2026-05-18T22:00:00+00:00,45,True,Historical Core,,,,,,,,,
25-26-prem-afc-bournemouth-vs-manchester-city,4,prem,2026-05-19T18:30:00+00:00,2026-05-19T21:30:00+00:00,45,True,Historical Core,,,,,,,,,
25-26-prem-afc-bournemouth-vs-manchester-city,13,prem,2026-05-19T18:30:00+00:00,2026-05-19T21:30:00+00:00,38,True,Historical Core,,,,,,,,,
25-26-prem-chelsea-vs-tottenham-hotspur,7,prem,2026-05-19T19:15:00+00:00,2026-05-19T22:15:00+00:00,40,True,Historical Core,,,,,,,,,
25-26-prem-chelsea-vs-tottenham-hotspur,18,prem,2026-05-19T19:15:00+00:00,2026-05-19T22:15:00+00:00,45,True,Historical Core,,,,,,,,,
25-26-prem-brighton-hove-albion-vs-manchester-united,6,prem,2026-05-24T15:00:00+00:00,2026-05-24T18:00:00+00:00,47,True,Historical Core,,,,,,,,,
25-26-prem-brighton-hove-albion-vs-manchester-united,14,prem,2026-05-24T15:00:00+00:00,2026-05-24T18:00:00+00:00,44,True,Historical Core,,,,,,,,,
25-26-prem-burnley-vs-wolverhampton-wanderers,3,prem,2026-05-24T15:00:00+00:00,2026-05-24T18:00:00+00:00,45,True,Historical Core,,,,,,,,,
25-26-prem-burnley-vs-wolverhampton-wanderers,20,prem,2026-05-24T15:00:00+00:00,2026-05-24T18:00:00+00:00,45,True,Historical Core,,,,,,,,,
25-26-prem-crystal-palace-vs-arsenal,1,prem,2026-05-24T15:00:00+00:00,2026-05-24T18:00:00+00:00,36,True,Historical Core,,,,,,,,,
25-26-prem-crystal-palace-vs-arsenal,8,prem,2026-05-24T15:00:00+00:00,2026-05-24T18:00:00+00:00,44,True,Historical Core,,,,,,,,,
25-26-prem-fulham-vs-newcastle-united,10,prem,2026-05-24T15:00:00+00:00,2026-05-24T18:00:00+00:00,31,True,Historical Core,,,,,,,,,
25-26-prem-fulham-vs-newcastle-united,15,prem,2026-05-24T15:00:00+00:00,2026-05-24T18:00:00+00:00,39,True,Historical Core,,,,,,,,,
25-26-prem-liverpool-vs-brentford,5,prem,2026-05-24T15:00:00+00:00,2026-05-24T18:00:00+00:00,44,True,Historical Core,,,,,,,,,
25-26-prem-liverpool-vs-brentford,12,prem,2026-05-24T15:00:00+00:00,2026-05-24T18:00:00+00:00,39,True,Historical Core,,,,,,,,,
25-26-prem-manchester-city-vs-aston-villa,2,prem,2026-05-24T15:00:00+00:00,2026-05-24T18:00:00+00:00,48,True,Historical Core,,,,,,,,,
25-26-prem-manchester-city-vs-aston-villa,13,prem,2026-05-24T15:00:00+00:00,2026-05-24T18:00:00+00:00,38,True,Historical Core,,,,,,,,,
25-26-prem-nottingham-forest-vs-afc-bournemouth,4,prem,2026-05-24T15:00:00+00:00,2026-05-24T18:00:00+00:00,45,True,Historical Core,,,,,,,,,
25-26-prem-nottingham-forest-vs-afc-bournemouth,16,prem,2026-05-24T15:00:00+00:00,2026-05-24T18:00:00+00:00,42,True,Historical Core,,,,,,,,,
25-26-prem-sunderland-vs-chelsea,7,prem,2026-05-24T15:00:00+00:00,2026-05-24T18:00:00+00:00,40,True,Historical Core,,,,,,,,,
25-26-prem-sunderland-vs-chelsea,17,prem,2026-05-24T15:00:00+00:00,2026-05-24T18:00:00+00:00,52,True,Historical Core,,,,,,,,,
25-26-prem-tottenham-hotspur-vs-everton,9,prem,2026-05-24T15:00:00+00:00,2026-05-24T18:00:00+00:00,37,True,Historical Core,,,,,,,,,
25-26-prem-tottenham-hotspur-vs-everton,18,prem,2026-05-24T15:00:00+00:00,2026-05-24T18:00:00+00:00,45,True,Historical Core,,,,,,,,,
25-26-prem-west-ham-united-vs-leeds-united,11,prem,2026-05-24T15:00:00+00:00,2026-05-24T18:00:00+00:00,39,True,Historical Core,,,,,,,,,
25-26-prem-west-ham-united-vs-leeds-united,19,prem,2026-05-24T15:00:00+00:00,2026-05-24T18:00:00+00:00,41,True,Historical Core,,,,,,,,,
