match_id,source_event_id,team_id,team_code,fpl_player_id,player_name,kickoff,available_at,competition,started,minutes,mapping_rule,round_name,player_uuid
fa-fotmob-5089899,5089899,16,17,12,Oleksandr Zinchenko,2026-01-09T19:30:00+00:00,2026-01-09T22:30:00+00:00,fa-cup,True,120.0,team_exact,3,86f15f9c-b65a-517d-92ff-a96318d5ae5b
fa-fotmob-5089899,5089899,16,17,426,James McAtee,2026-01-09T19:30:00+00:00,2026-01-09T22:30:00+00:00,fa-cup,True,120.0,team_exact,3,95d64f2a-d4e8-52d7-b6b5-d4388ee086e2
fa-fotmob-5089899,5089899,16,17,502,Matz Sels,2026-01-09T19:30:00+00:00,2026-01-09T22:30:00+00:00,fa-cup,True,120.0,team_exact,3,5dfbea2f-beb3-54f9-ad39-1f8f81f8a323
fa-fotmob-5089899,5089899,16,17,505,Nikola Milenkovic,2026-01-09T19:30:00+00:00,2026-01-09T22:30:00+00:00,fa-cup,False,0.0,team_exact,3,95a48a1c-ec3e-52d7-9657-44491739dede
fa-fotmob-5089899,5089899,16,17,506,Murillo,2026-01-09T19:30:00+00:00,2026-01-09T22:30:00+00:00,fa-cup,False,0.0,team_exact,3,8eec947b-c2ae-53d6-99f9-096b7744098a
fa-fotmob-5089899,5089899,16,17,508,Neco Williams,2026-01-09T19:30:00+00:00,2026-01-09T22:30:00+00:00,fa-cup,False,0.0,team_exact,3,77dbedf3-49eb-53ec-8cc5-c1d344c47ca2
fa-fotmob-5089899,5089899,16,17,510,Jair Cunha,2026-01-09T19:30:00+00:00,2026-01-09T22:30:00+00:00,fa-cup,True,120.0,team_exact,3,6c75a09d-abcd-5e49-80c0-b7bb0873304d
fa-fotmob-5089899,5089899,16,17,511,Morato,2026-01-09T19:30:00+00:00,2026-01-09T22:30:00+00:00,fa-cup,True,120.0,team_exact,3,f3622ce0-e53f-5501-815d-62c51a6d4fea
fa-fotmob-5089899,5089899,16,17,513,Zach Abbott,2026-01-09T19:30:00+00:00,2026-01-09T22:30:00+00:00,fa-cup,False,0.0,team_exact,3,368ba0e1-be00-5ed2-af7e-82ca90752b95
fa-fotmob-5089899,5089899,16,17,515,Morgan Gibbs-White,2026-01-09T19:30:00+00:00,2026-01-09T22:30:00+00:00,fa-cup,False,0.0,team_exact,3,68e23e27-5010-5c05-a3bd-23e48be32b93
fa-fotmob-5089899,5089899,16,17,516,Callum Hudson-Odoi,2026-01-09T19:30:00+00:00,2026-01-09T22:30:00+00:00,fa-cup,False,0.0,team_exact,3,18a6f100-002a-5b0b-8366-87056d767a12
fa-fotmob-5089899,5089899,16,17,519,Nicolás Dominguez,2026-01-09T19:30:00+00:00,2026-01-09T22:30:00+00:00,fa-cup,False,0.0,team_exact,3,a2afe8eb-9890-541f-9258-8202cd512f1f
fa-fotmob-5089899,5089899,16,17,526,Igor Jesus,2026-01-09T19:30:00+00:00,2026-01-09T22:30:00+00:00,fa-cup,True,120.0,team_exact,3,c708e3fc-c1ec-575e-9376-9578775d41dc
fa-fotmob-5089899,5089899,16,17,527,Taiwo Awoniyi,2026-01-09T19:30:00+00:00,2026-01-09T22:30:00+00:00,fa-cup,False,0.0,team_exact,3,4c28754a-2719-5e29-8ce7-41731afbf204
fa-fotmob-5089899,5089899,16,17,669,Dan Ndoye,2026-01-09T19:30:00+00:00,2026-01-09T22:30:00+00:00,fa-cup,True,120.0,team_exact,3,45ca4681-2d1e-540f-9f02-6746fdcaae79
fa-fotmob-5089899,5089899,16,17,693,Omari Hutchinson,2026-01-09T19:30:00+00:00,2026-01-09T22:30:00+00:00,fa-cup,True,120.0,team_exact,3,c648214a-7d9c-5efe-aa6f-da16039cd486
fa-fotmob-5089899,5089899,16,17,716,Nicolò Savona,2026-01-09T19:30:00+00:00,2026-01-09T22:30:00+00:00,fa-cup,True,120.0,team_exact,3,e46e6c45-efd0-538e-9f60-d68b8b3a42fe
fa-fotmob-5089899,5089899,16,17,734,Dilane Bakwa,2026-01-09T19:30:00+00:00,2026-01-09T22:30:00+00:00,fa-cup,True,120.0,team_exact,3,b741dff8-c470-5246-a88a-18fd87c23462
fa-fotmob-5089893,5089893,20,39,627,Sam Johnstone,2026-01-10T12:15:00+00:00,2026-01-10T15:15:00+00:00,fa-cup,True,90.0,team_exact,3,41af0355-d126-5dc9-b44e-6d3d4ad2661b
fa-fotmob-5089893,5089893,20,39,629,Daniel Bentley,2026-01-10T12:15:00+00:00,2026-01-10T15:15:00+00:00,fa-cup,False,0.0,team_exact,3,2fa40b7b-3ae8-5f1c-9520-aa9d58b7aee5
fa-fotmob-5089893,5089893,20,39,632,Matt Doherty,2026-01-10T12:15:00+00:00,2026-01-10T15:15:00+00:00,fa-cup,True,90.0,team_exact,3,1af989ce-689b-54c9-b0af-f7cc033bb301
fa-fotmob-5089893,5089893,20,39,640,Pedro Lima,2026-01-10T12:15:00+00:00,2026-01-10T15:15:00+00:00,fa-cup,False,0.0,team_exact,3,5c50ad44-fb04-5cd7-9d1f-513b77683809
fa-fotmob-5089893,5089893,20,39,643,André,2026-01-10T12:15:00+00:00,2026-01-10T15:15:00+00:00,fa-cup,True,90.0,team_exact,3,00cc549f-a9f0-54b0-8cbc-ef47c7f8251b
fa-fotmob-5089893,5089893,20,39,645,Fer López,2026-01-10T12:15:00+00:00,2026-01-10T15:15:00+00:00,fa-cup,False,0.0,team_exact,3,1ddf1d34-6f86-5fa6-a5b9-c192a8ae5692
fa-fotmob-5089893,5089893,20,39,654,Jørgen Strand Larsen,2026-01-10T12:15:00+00:00,2026-01-10T15:15:00+00:00,fa-cup,True,90.0,global_full_exact,3,b6fb865b-2ea3-5f14-9db7-b2b1c2d82003
fa-fotmob-5089893,5089893,20,39,663,Jhon Arias,2026-01-10T12:15:00+00:00,2026-01-10T15:15:00+00:00,fa-cup,True,90.0,team_exact,3,762b7b12-29aa-5f0f-aef0-ca1bf2237692
fa-fotmob-5089893,5089893,20,39,682,David Møller Wolfe,2026-01-10T12:15:00+00:00,2026-01-10T15:15:00+00:00,fa-cup,True,90.0,team_exact,3,3a3da8a7-b40c-5129-bab5-9c920e3a58ab
fa-fotmob-5089893,5089893,20,39,695,Jackson Tchatchoua,2026-01-10T12:15:00+00:00,2026-01-10T15:15:00+00:00,fa-cup,True,90.0,team_exact,3,a2bfdc0c-78a1-5fff-b07a-3cbbbabdeba5
fa-fotmob-5089893,5089893,20,39,709,Ladislav Krejcí,2026-01-10T12:15:00+00:00,2026-01-10T15:15:00+00:00,fa-cup,True,90.0,team_exact,3,aa986b3e-e0d4-5c58-b3da-46a8810d3ca9
fa-fotmob-5089893,5089893,20,39,720,Tolu Arokodare,2026-01-10T12:15:00+00:00,2026-01-10T15:15:00+00:00,fa-cup,False,0.0,team_exact,3,a97d91b0-ab9b-5d5d-a9e8-01690cad9588
fa-fotmob-5089893,5089893,20,39,749,Mateus Mané,2026-01-10T12:15:00+00:00,2026-01-10T15:15:00+00:00,fa-cup,False,0.0,team_exact,3,9ac5d5a9-74b6-578c-8e14-559019eb509d
fa-fotmob-5089905,5089905,9,11,287,Jordan Pickford,2026-01-10T12:15:00+00:00,2026-01-10T15:15:00+00:00,fa-cup,True,120.0,team_exact,3,57881605-ab70-5c0d-865f-433201de3f6f
fa-fotmob-5089905,5089905,9,11,291,James Tarkowski,2026-01-10T12:15:00+00:00,2026-01-10T15:15:00+00:00,fa-cup,True,120.0,team_exact,3,be864262-5b78-5455-be5c-8eb1eb4b8ed9
fa-fotmob-5089905,5089905,9,11,292,Vitaliy Mykolenko,2026-01-10T12:15:00+00:00,2026-01-10T15:15:00+00:00,fa-cup,True,120.0,team_unique_surname,3,563b4da9-f592-5401-92eb-a55748a6e3e1
fa-fotmob-5089905,5089905,9,11,293,Jake O'Brien,2026-01-10T12:15:00+00:00,2026-01-10T15:15:00+00:00,fa-cup,True,120.0,team_exact,3,36a20aea-e0e7-507c-ab6e-6740c5c56568
fa-fotmob-5089905,5089905,9,11,296,Nathan Patterson,2026-01-10T12:15:00+00:00,2026-01-10T15:15:00+00:00,fa-cup,True,120.0,team_exact,3,d8394430-94ff-553e-be45-217705fee1db
fa-fotmob-5089905,5089905,9,11,300,Dwight McNeil,2026-01-10T12:15:00+00:00,2026-01-10T15:15:00+00:00,fa-cup,True,120.0,team_exact,3,513a08ed-3905-5e99-98a3-849492c9d389
fa-fotmob-5089905,5089905,9,11,303,James Garner,2026-01-10T12:15:00+00:00,2026-01-10T15:15:00+00:00,fa-cup,True,120.0,team_exact,3,444bfe5b-015a-5ec2-ac21-34fd780e0aa5
fa-fotmob-5089905,5089905,9,11,305,Harrison Armstrong,2026-01-10T12:15:00+00:00,2026-01-10T15:15:00+00:00,fa-cup,True,120.0,team_exact,3,4788a762-a8dd-587b-88ad-eb1d2f51ec12
fa-fotmob-5089905,5089905,9,11,310,Thierno Barry,2026-01-10T12:15:00+00:00,2026-01-10T15:15:00+00:00,fa-cup,False,0.0,team_exact,3,39aed718-6b3b-5edf-84ad-3242e984c314
fa-fotmob-5089905,5089905,9,11,311,Beto,2026-01-10T12:15:00+00:00,2026-01-10T15:15:00+00:00,fa-cup,True,120.0,team_exact,3,5089139a-ace7-504b-b31a-2d0b1307e0de
fa-fotmob-5089905,5089905,9,11,707,Tyler Dibling,2026-01-10T12:15:00+00:00,2026-01-10T15:15:00+00:00,fa-cup,True,120.0,team_exact,3,ddd5f39d-2c3a-5f8e-a76f-e64d451f6ac1
fa-fotmob-5089905,5089905,9,11,728,Merlin Röhl,2026-01-10T12:15:00+00:00,2026-01-10T15:15:00+00:00,fa-cup,True,120.0,team_exact,3,e9f5aa44-1c52-51c9-85a6-b079a6b78080
fa-fotmob-5089905,5089905,17,56,531,Daniel Ballard,2026-01-10T12:15:00+00:00,2026-01-10T15:15:00+00:00,fa-cup,False,0.0,team_exact,3,3e322311-2a0b-53fc-a8b7-22ecd116c42e
fa-fotmob-5089905,5089905,17,56,532,Trai Hume,2026-01-10T12:15:00+00:00,2026-01-10T15:15:00+00:00,fa-cup,True,120.0,team_exact,3,2e06beff-d060-52c5-b090-ef85e142bc03
fa-fotmob-5089905,5089905,17,56,535,Dennis Cirkin,2026-01-10T12:15:00+00:00,2026-01-10T15:15:00+00:00,fa-cup,True,120.0,team_exact,3,599b3b1e-964d-5fae-b225-2aee23b65bad
fa-fotmob-5089905,5089905,17,56,539,Luke O'Nien,2026-01-10T12:15:00+00:00,2026-01-10T15:15:00+00:00,fa-cup,True,120.0,team_exact,3,98e68e85-52f1-5832-b572-18ffcbfa3d40
fa-fotmob-5089905,5089905,17,56,543,Simon Adingra,2026-01-10T12:15:00+00:00,2026-01-10T15:15:00+00:00,fa-cup,True,120.0,team_exact,3,7d600419-69d5-50b5-84da-7b3b616dc8e2
fa-fotmob-5089905,5089905,17,56,547,Enzo Le Fée,2026-01-10T12:15:00+00:00,2026-01-10T15:15:00+00:00,fa-cup,True,120.0,team_exact,3,40b6a84e-8e7e-529b-8b4e-a2979b1bc8e4
fa-fotmob-5089905,5089905,17,56,548,Romaine Mundle,2026-01-10T12:15:00+00:00,2026-01-10T15:15:00+00:00,fa-cup,True,120.0,team_exact,3,e65af070-c3e5-52d5-a47d-80432c274dc7
fa-fotmob-5089905,5089905,17,56,551,Chris Rigg,2026-01-10T12:15:00+00:00,2026-01-10T15:15:00+00:00,fa-cup,False,0.0,team_exact,3,eeb782c9-d515-562b-b132-d07e7ac988fa
fa-fotmob-5089905,5089905,17,56,552,Noah Sadiki,2026-01-10T12:15:00+00:00,2026-01-10T15:15:00+00:00,fa-cup,True,120.0,team_exact,3,e5098785-f2ed-5b29-af5e-f569a62ab2c0
fa-fotmob-5089905,5089905,17,56,560,Wilson Isidor,2026-01-10T12:15:00+00:00,2026-01-10T15:15:00+00:00,fa-cup,False,0.0,team_exact,3,cbc3d646-143c-51fb-9e03-365e6edc5e78
fa-fotmob-5089905,5089905,17,56,668,Granit Xhaka,2026-01-10T12:15:00+00:00,2026-01-10T15:15:00+00:00,fa-cup,True,120.0,team_exact,3,66bc60f5-fa76-5fa0-a7ca-b9f126393376
fa-fotmob-5089905,5089905,17,56,670,Robin Roefs,2026-01-10T12:15:00+00:00,2026-01-10T15:15:00+00:00,fa-cup,True,120.0,team_exact,3,17b0293a-a54d-554b-bdba-368217c87ad9
fa-fotmob-5089905,5089905,17,56,683,Omar Alderete,2026-01-10T12:15:00+00:00,2026-01-10T15:15:00+00:00,fa-cup,False,0.0,team_exact,3,bbeb1769-f6ef-5a78-abdb-84df15c86c28
fa-fotmob-5089905,5089905,17,56,694,Nordi Mukiele,2026-01-10T12:15:00+00:00,2026-01-10T15:15:00+00:00,fa-cup,True,120.0,team_exact,3,53bfdbe9-b833-5ee6-b24f-4b838a2a0fa6
fa-fotmob-5089905,5089905,17,56,724,Lutsharel Geertruida,2026-01-10T12:15:00+00:00,2026-01-10T15:15:00+00:00,fa-cup,False,0.0,team_exact,3,d7a7fcda-2a3c-55c2-80be-adc778736b39
fa-fotmob-5089905,5089905,17,56,730,Brian Brobbey,2026-01-10T12:15:00+00:00,2026-01-10T15:15:00+00:00,fa-cup,False,0.0,team_exact,3,bb4e74c1-9fc8-588e-8e27-159ea5d120df
fa-fotmob-5089921,5089921,8,31,253,Dean Henderson,2026-01-10T12:15:00+00:00,2026-01-10T15:15:00+00:00,fa-cup,False,0.0,team_exact,3,4e7d3349-c869-51f6-a9f2-e86405e21be5
fa-fotmob-5089921,5089921,8,31,254,Walter Benítez,2026-01-10T12:15:00+00:00,2026-01-10T15:15:00+00:00,fa-cup,True,90.0,team_exact,3,41c51b76-9927-5c91-821a-99eed1686fa9
fa-fotmob-5089921,5089921,8,31,257,Maxence Lacroix,2026-01-10T12:15:00+00:00,2026-01-10T15:15:00+00:00,fa-cup,False,0.0,team_exact,3,246d5877-ce20-5c48-bdc0-bdb7ede514b7
fa-fotmob-5089921,5089921,8,31,258,Tyrick Mitchell,2026-01-10T12:15:00+00:00,2026-01-10T15:15:00+00:00,fa-cup,False,0.0,team_exact,3,4406998b-108e-54ac-90cf-ff22cdf7c565
fa-fotmob-5089921,5089921,8,31,260,Marc Guéhi,2026-01-10T12:15:00+00:00,2026-01-10T15:15:00+00:00,fa-cup,True,90.0,global_full_exact,3,607bc478-1de3-5627-b97c-8cc0c015b3e0
fa-fotmob-5089921,5089921,8,31,261,Chris Richards,2026-01-10T12:15:00+00:00,2026-01-10T15:15:00+00:00,fa-cup,True,90.0,team_exact,3,39a54236-bfd4-52f7-8b23-eeb8ca167d6d
fa-fotmob-5089921,5089921,8,31,270,Will Hughes,2026-01-10T12:15:00+00:00,2026-01-10T15:15:00+00:00,fa-cup,False,0.0,team_exact,3,0fa345a4-e26c-50d4-8f35-8b13aa9d7c09
fa-fotmob-5089921,5089921,8,31,273,Adam Wharton,2026-01-10T12:15:00+00:00,2026-01-10T15:15:00+00:00,fa-cup,True,90.0,team_exact,3,73fbac33-4713-58ec-b9bd-242dfec592a2
fa-fotmob-5089921,5089921,8,31,276,Justin Devenny,2026-01-10T12:15:00+00:00,2026-01-10T15:15:00+00:00,fa-cup,True,90.0,team_exact,3,234b9ca0-1d3a-52c1-ae12-d422a588485e
fa-fotmob-5089921,5089921,8,31,580,Brennan Johnson,2026-01-10T12:15:00+00:00,2026-01-10T15:15:00+00:00,fa-cup,False,0.0,team_exact,3,e0417b35-b1b1-5957-8ee5-7996c5db5cb0
fa-fotmob-5089921,5089921,8,31,723,Jaydee Canvot,2026-01-10T12:15:00+00:00,2026-01-10T15:15:00+00:00,fa-cup,True,90.0,team_exact,3,0f20e713-a3d1-5036-b0b2-e9f32d1bc66f
fa-fotmob-5089901,5089901,13,43,82,Antoine Semenyo,2026-01-10T15:00:00+00:00,2026-01-10T18:00:00+00:00,fa-cup,True,90.0,team_exact,3,66ce5aaa-c0e9-5462-8a78-fae312616872
fa-fotmob-5089901,5089901,13,43,182,James Trafford,2026-01-10T15:00:00+00:00,2026-01-10T18:00:00+00:00,fa-cup,True,90.0,team_exact,3,8fc7e356-2dbb-50c9-8b7e-cc573f3855b4
fa-fotmob-5089901,5089901,13,43,405,Nathan Aké,2026-01-10T15:00:00+00:00,2026-01-10T18:00:00+00:00,fa-cup,True,90.0,team_exact,3,cffb76ef-9edc-5e36-95cd-8c4ce7623f4e
fa-fotmob-5089901,5089901,13,43,406,Abdukodir Khusanov,2026-01-10T15:00:00+00:00,2026-01-10T18:00:00+00:00,fa-cup,True,90.0,team_exact,3,74dac327-64c8-5269-84db-4a4550f5f921
fa-fotmob-5089901,5089901,13,43,407,Matheus Nunes,2026-01-10T15:00:00+00:00,2026-01-10T18:00:00+00:00,fa-cup,False,0.0,team_exact,3,a6c3f89e-b9b1-5e12-9487-4f18ad700191
fa-fotmob-5089901,5089901,13,43,410,Rico Lewis,2026-01-10T15:00:00+00:00,2026-01-10T18:00:00+00:00,fa-cup,True,90.0,team_exact,3,83730675-676b-50b6-b1eb-8dac7bf1945f
fa-fotmob-5089901,5089901,13,43,411,Nico O'Reilly,2026-01-10T15:00:00+00:00,2026-01-10T18:00:00+00:00,fa-cup,False,0.0,team_exact,3,692da677-7071-5b72-89bc-cc722ba518e2
fa-fotmob-5089901,5089901,13,43,414,Phil Foden,2026-01-10T15:00:00+00:00,2026-01-10T18:00:00+00:00,fa-cup,False,0.0,team_exact,3,f717009d-d433-5fa0-9cf5-1e081478a8f1
fa-fotmob-5089901,5089901,13,43,417,Rayan Cherki,2026-01-10T15:00:00+00:00,2026-01-10T18:00:00+00:00,fa-cup,True,90.0,team_exact,3,eebb4710-6fe9-53e9-81e0-a650547126a0
fa-fotmob-5089901,5089901,13,43,418,Jérémy Doku,2026-01-10T15:00:00+00:00,2026-01-10T18:00:00+00:00,fa-cup,False,0.0,team_exact,3,dfca7131-f158-5eea-ba5e-b71b5a3655b2
fa-fotmob-5089901,5089901,13,43,427,Tijjani Reijnders,2026-01-10T15:00:00+00:00,2026-01-10T18:00:00+00:00,fa-cup,True,90.0,team_exact,3,138e28b4-ff6e-5598-bbd5-0b255b509b73
fa-fotmob-5089901,5089901,13,43,430,Erling Haaland,2026-01-10T15:00:00+00:00,2026-01-10T18:00:00+00:00,fa-cup,True,90.0,team_exact,3,255ce56a-28f3-53e5-ae63-19f3c15aa12d
fa-fotmob-5089901,5089901,13,43,736,Gianluigi Donnarumma,2026-01-10T15:00:00+00:00,2026-01-10T18:00:00+00:00,fa-cup,False,0.0,team_exact,3,67859d1e-575f-5ae4-aa8d-8f36bd11696e
fa-fotmob-5089901,5089901,13,43,794,Max Alleyne,2026-01-10T15:00:00+00:00,2026-01-10T18:00:00+00:00,fa-cup,True,90.0,team_exact,3,438fc70b-3d5c-5a76-8236-a11719e82ea2
fa-fotmob-5089903,5089903,5,94,105,Hákon Rafn Valdimarsson,2026-01-10T15:00:00+00:00,2026-01-10T18:00:00+00:00,fa-cup,True,90.0,team_exact,3,2f4a5cd6-8238-5ff2-9cac-0239ae561506
fa-fotmob-5089903,5089903,5,94,106,Nathan Collins,2026-01-10T15:00:00+00:00,2026-01-10T18:00:00+00:00,fa-cup,False,0.0,team_exact,3,bb04fd88-02f4-5b58-a126-01b07e773bd8
fa-fotmob-5089903,5089903,5,94,107,Keane Lewis-Potter,2026-01-10T15:00:00+00:00,2026-01-10T18:00:00+00:00,fa-cup,True,90.0,team_exact,3,c5c12262-4fce-5d62-89d5-5e4ae2679565
fa-fotmob-5089903,5089903,5,94,108,Kristoffer Ajer,2026-01-10T15:00:00+00:00,2026-01-10T18:00:00+00:00,fa-cup,False,0.0,team_exact,3,0fc3de1a-eecc-53a7-b727-451560c890d1
fa-fotmob-5089903,5089903,5,94,109,Rico Henry,2026-01-10T15:00:00+00:00,2026-01-10T18:00:00+00:00,fa-cup,True,90.0,team_exact,3,04c00d3c-a507-5c56-8464-e17ca313c99d
fa-fotmob-5089903,5089903,5,94,110,Michael Kayode,2026-01-10T15:00:00+00:00,2026-01-10T18:00:00+00:00,fa-cup,False,0.0,team_exact,3,68341849-eb35-5296-a270-848df8393917
fa-fotmob-5089903,5089903,5,94,111,Ethan Pinnock,2026-01-10T15:00:00+00:00,2026-01-10T18:00:00+00:00,fa-cup,True,90.0,team_exact,3,2a5fa9ad-82a2-52c4-bba0-61a641eb0d07
fa-fotmob-5089903,5089903,5,94,113,Sepp van den Berg,2026-01-10T15:00:00+00:00,2026-01-10T18:00:00+00:00,fa-cup,True,90.0,team_exact,3,3dabd7b1-0f28-5272-86ae-4c5392e1aa45
fa-fotmob-5089903,5089903,5,94,116,Aaron Hickey,2026-01-10T15:00:00+00:00,2026-01-10T18:00:00+00:00,fa-cup,True,90.0,team_exact,3,e9e9ef49-852e-55b1-9544-097415eb392b
fa-fotmob-5089903,5089903,5,94,121,Mikkel Damsgaard,2026-01-10T15:00:00+00:00,2026-01-10T18:00:00+00:00,fa-cup,True,90.0,team_exact,3,f10b2a81-0b74-578a-872a-ded3a4da9ea0
fa-fotmob-5089903,5089903,5,94,124,Jordan Henderson,2026-01-10T15:00:00+00:00,2026-01-10T18:00:00+00:00,fa-cup,True,90.0,team_exact,3,d3c7337d-334b-58de-b6a2-e7e1ce9a18ea
fa-fotmob-5089903,5089903,5,94,125,Vitaly Janelt,2026-01-10T15:00:00+00:00,2026-01-10T18:00:00+00:00,fa-cup,False,0.0,team_exact,3,1ef77ed3-fd32-5bdb-aa75-d9414ac14df0
fa-fotmob-5089903,5089903,5,94,126,Mathias Jensen,2026-01-10T15:00:00+00:00,2026-01-10T18:00:00+00:00,fa-cup,True,90.0,team_exact,3,e5d36ad0-dba5-56c7-a5d2-b091b2fa1b0d
fa-fotmob-5089903,5089903,5,94,129,Yehor Yarmoliuk,2026-01-10T15:00:00+00:00,2026-01-10T18:00:00+00:00,fa-cup,False,0.0,team_exact,3,9a8ecf00-4990-5980-88ac-7e6f3426cc04
fa-fotmob-5089904,5089904,10,54,314,Bernd Leno,2026-01-10T15:00:00+00:00,2026-01-10T18:00:00+00:00,fa-cup,False,0.0,team_exact,3,83056bd2-b742-5b28-b32d-8ba4a3902c61
fa-fotmob-5089904,5089904,10,54,316,Antonee Robinson,2026-01-10T15:00:00+00:00,2026-01-10T18:00:00+00:00,fa-cup,False,0.0,team_exact,3,b0f2d5cb-b80d-5e8a-9e43-b15a89d555ca
fa-fotmob-5089904,5089904,10,54,317,Joachim Andersen,2026-01-10T15:00:00+00:00,2026-01-10T18:00:00+00:00,fa-cup,False,0.0,team_exact,3,c369cb81-fb27-51a7-8457-4b7a866bbbdc
fa-fotmob-5089904,5089904,10,54,319,Timothy Castagne,2026-01-10T15:00:00+00:00,2026-01-10T18:00:00+00:00,fa-cup,True,90.0,team_exact,3,e2d4248d-32fc-5ca0-8ae6-6abd3c22634e
fa-fotmob-5089904,5089904,10,54,320,Issa Diop,2026-01-10T15:00:00+00:00,2026-01-10T18:00:00+00:00,fa-cup,True,90.0,team_exact,3,9b9067ce-8398-553d-8496-d169d55e5396
fa-fotmob-5089904,5089904,10,54,325,Emile Smith Rowe,2026-01-10T15:00:00+00:00,2026-01-10T18:00:00+00:00,fa-cup,True,90.0,team_exact,3,7f48ec5f-f934-516a-9c1f-84d42bd974ff
fa-fotmob-5089904,5089904,10,54,328,Ryan Sessegnon,2026-01-10T15:00:00+00:00,2026-01-10T18:00:00+00:00,fa-cup,True,90.0,team_exact,3,ada8c7db-805e-5910-b00a-946e17af3218
fa-fotmob-5089904,5089904,10,54,329,Harry Wilson,2026-01-10T15:00:00+00:00,2026-01-10T18:00:00+00:00,fa-cup,False,0.0,team_exact,3,6cfbd227-d6d0-525d-810f-a1e929d406bf
fa-fotmob-5089904,5089904,10,54,330,Sander Berge,2026-01-10T15:00:00+00:00,2026-01-10T18:00:00+00:00,fa-cup,False,0.0,team_exact,3,f0504a37-2a31-5f04-8704-2c307c2384cd
fa-fotmob-5089904,5089904,10,54,331,Tom Cairney,2026-01-10T15:00:00+00:00,2026-01-10T18:00:00+00:00,fa-cup,False,0.0,team_exact,3,a9c228ea-04e0-5861-b004-a8719101c698
fa-fotmob-5089904,5089904,10,54,332,Sasa Lukic,2026-01-10T15:00:00+00:00,2026-01-10T18:00:00+00:00,fa-cup,True,90.0,team_exact,3,aa82079f-0382-5b01-bb3b-9224650f408b
fa-fotmob-5089904,5089904,10,54,336,Harrison Reed,2026-01-10T15:00:00+00:00,2026-01-10T18:00:00+00:00,fa-cup,True,90.0,team_exact,3,c04d1727-85e9-5596-a2b4-b5341c1ffb6a
fa-fotmob-5089904,5089904,10,54,731,Kevin,2026-01-10T15:00:00+00:00,2026-01-10T18:00:00+00:00,fa-cup,True,90.0,team_exact,3,4dba3178-ba81-5a3b-99aa-be47c6225e49
fa-fotmob-5089907,5089907,3,90,190,Hjalmar Ekdal,2026-01-10T15:00:00+00:00,2026-01-10T18:00:00+00:00,fa-cup,True,90.0,team_exact,3,0db48051-eb1a-516f-b185-a0846d6f83e1
fa-fotmob-5089907,5089907,3,90,191,Maxime Estève,2026-01-10T15:00:00+00:00,2026-01-10T18:00:00+00:00,fa-cup,True,90.0,team_exact,3,208bc81b-07bb-5202-9b86-f6535ba1a7a7
fa-fotmob-5089907,5089907,3,90,192,Quilindschy Hartman,2026-01-10T15:00:00+00:00,2026-01-10T18:00:00+00:00,fa-cup,True,90.0,team_exact,3,62a712a2-a9c6-5298-94c6-5bdfca8f45ab
fa-fotmob-5089907,5089907,3,90,193,Bashir Humphreys,2026-01-10T15:00:00+00:00,2026-01-10T18:00:00+00:00,fa-cup,False,0.0,team_exact,3,956e0ed0-2170-56bf-913d-61d007270278
fa-fotmob-5089907,5089907,3,90,195,Lucas Pires,2026-01-10T15:00:00+00:00,2026-01-10T18:00:00+00:00,fa-cup,False,0.0,team_exact,3,93153394-38ee-5f40-9adb-90f4f3307e4e
fa-fotmob-5089907,5089907,3,90,197,Oliver Sonne,2026-01-10T15:00:00+00:00,2026-01-10T18:00:00+00:00,fa-cup,True,90.0,team_exact,3,0e1f7351-8766-5aac-b7ce-1c0c2d514ae2
fa-fotmob-5089907,5089907,3,90,198,Axel Tuanzebe,2026-01-10T15:00:00+00:00,2026-01-10T18:00:00+00:00,fa-cup,False,0.0,team_exact,3,5c63f6f0-ec6c-54a9-af70-5b6a64ee0287
fa-fotmob-5089907,5089907,3,90,200,Jaidon Anthony,2026-01-10T15:00:00+00:00,2026-01-10T18:00:00+00:00,fa-cup,True,90.0,team_exact,3,f01a999e-cac7-5aa8-a867-4257d2382021
fa-fotmob-5089907,5089907,3,90,202,Jacob Bruun Larsen,2026-01-10T15:00:00+00:00,2026-01-10T18:00:00+00:00,fa-cup,True,90.0,team_exact,3,f33e474a-8556-5f17-915d-49956a1c0f64
fa-fotmob-5089907,5089907,3,90,206,Marcus Edwards,2026-01-10T15:00:00+00:00,2026-01-10T18:00:00+00:00,fa-cup,False,0.0,team_exact,3,145d420f-bb1d-5646-81b9-1baf31260fb4
fa-fotmob-5089907,5089907,3,90,207,Hannibal Mejbri,2026-01-10T15:00:00+00:00,2026-01-10T18:00:00+00:00,fa-cup,False,0.0,team_exact,3,9d1de056-bbbd-54d4-a192-06c57ccb0fd6
fa-fotmob-5089907,5089907,3,90,209,Josh Laurent,2026-01-10T15:00:00+00:00,2026-01-10T18:00:00+00:00,fa-cup,True,90.0,team_exact,3,f5da0015-9c1c-5ba2-a447-9fc51ceed482
fa-fotmob-5089907,5089907,3,90,210,Loum Tchaouna,2026-01-10T15:00:00+00:00,2026-01-10T18:00:00+00:00,fa-cup,True,90.0,team_exact,3,7271dade-6e34-5b7d-850a-ff0969f7a26e
fa-fotmob-5089907,5089907,3,90,676,Lesley Ugochukwu,2026-01-10T15:00:00+00:00,2026-01-10T18:00:00+00:00,fa-cup,True,90.0,team_exact,3,032150f9-1246-5989-8ac4-532f1e3bce74
fa-fotmob-5089907,5089907,3,90,680,Armando Broja,2026-01-10T15:00:00+00:00,2026-01-10T18:00:00+00:00,fa-cup,False,0.0,team_exact,3,b3a37e1a-2034-5649-97db-eea9b4ff11f9
fa-fotmob-5089907,5089907,3,90,722,Florentino,2026-01-10T15:00:00+00:00,2026-01-10T18:00:00+00:00,fa-cup,False,0.0,team_exact,3,c59d2c13-36a9-56b4-b9fc-1462e5df19fc
fa-fotmob-5089915,5089915,4,91,67,Djordje Petrovic,2026-01-10T15:00:00+00:00,2026-01-10T18:00:00+00:00,fa-cup,True,120.0,team_unique_surname,3,aec63649-ffe1-5e88-829b-d1e462e7e679
fa-fotmob-5089915,5089915,4,91,73,Adam Smith,2026-01-10T15:00:00+00:00,2026-01-10T18:00:00+00:00,fa-cup,True,120.0,team_exact,3,5e18290b-6577-5a0a-9541-c1bab3c65004
fa-fotmob-5089915,5089915,4,91,74,Adrien Truffert,2026-01-10T15:00:00+00:00,2026-01-10T18:00:00+00:00,fa-cup,False,0.0,team_exact,3,0cd772be-c8d3-5252-8b0a-47f4eeb619ac
fa-fotmob-5089915,5089915,4,91,77,James Hill,2026-01-10T15:00:00+00:00,2026-01-10T18:00:00+00:00,fa-cup,True,120.0,team_exact,3,4bc72200-ef9d-5946-9969-8e93b001acb1
fa-fotmob-5089915,5089915,4,91,84,Marcus Tavernier,2026-01-10T15:00:00+00:00,2026-01-10T18:00:00+00:00,fa-cup,False,0.0,team_exact,3,8ddc00f8-7aec-56e5-a5ba-d916b5ee5129
fa-fotmob-5089915,5089915,4,91,86,David Brooks,2026-01-10T15:00:00+00:00,2026-01-10T18:00:00+00:00,fa-cup,True,120.0,team_exact,3,712d8210-33f4-517b-8ca4-275cccea49a1
fa-fotmob-5089915,5089915,4,91,88,Lewis Cook,2026-01-10T15:00:00+00:00,2026-01-10T18:00:00+00:00,fa-cup,True,120.0,team_exact,3,6caa4dfe-3a1a-5c7f-84ef-7342cdfb5745
fa-fotmob-5089915,5089915,4,91,90,Alex Scott,2026-01-10T15:00:00+00:00,2026-01-10T18:00:00+00:00,fa-cup,True,120.0,team_exact,3,559670b7-3af4-5c20-8ab5-783da9a99601
fa-fotmob-5089915,5089915,4,91,97,Evanilson,2026-01-10T15:00:00+00:00,2026-01-10T18:00:00+00:00,fa-cup,False,0.0,team_exact,3,fb26090c-51ee-5620-9b67-0dad993b3242
fa-fotmob-5089915,5089915,4,91,100,Junior Kroupi,2026-01-10T15:00:00+00:00,2026-01-10T18:00:00+00:00,fa-cup,True,120.0,team_exact,3,c0582007-f657-5440-9f24-83c1666418bb
fa-fotmob-5089915,5089915,4,91,685,Bafodé Diakité,2026-01-10T15:00:00+00:00,2026-01-10T18:00:00+00:00,fa-cup,True,120.0,team_exact,3,0126b56d-12ca-5f44-ab39-66daa456359f
fa-fotmob-5089915,5089915,4,91,697,Amine Adli,2026-01-10T15:00:00+00:00,2026-01-10T18:00:00+00:00,fa-cup,True,120.0,team_exact,3,e51ce209-cf65-5a91-b162-98b8d46e6d71
fa-fotmob-5089915,5089915,4,91,721,Veljko Milosavljevic,2026-01-10T15:00:00+00:00,2026-01-10T18:00:00+00:00,fa-cup,False,0.0,team_exact,3,d1024899-f7ef-5fdb-9ad0-62b5c6b72bd5
fa-fotmob-5089915,5089915,15,4,52,Jacob Ramsey,2026-01-10T15:00:00+00:00,2026-01-10T18:00:00+00:00,fa-cup,True,120.0,team_exact,3,8385a2b5-f514-5b12-aa58-82c05b0c3586
fa-fotmob-5089915,5089915,15,4,135,Yoane Wissa,2026-01-10T15:00:00+00:00,2026-01-10T18:00:00+00:00,fa-cup,True,120.0,team_exact,3,f00c4421-dac8-5cde-9808-50d3e6144cb1
fa-fotmob-5089915,5089915,15,4,469,Nick Pope,2026-01-10T15:00:00+00:00,2026-01-10T18:00:00+00:00,fa-cup,False,0.0,team_exact,3,00be15e9-135e-5a79-956f-cd70f121b4b0
fa-fotmob-5089915,5089915,15,4,473,Lewis Hall,2026-01-10T15:00:00+00:00,2026-01-10T18:00:00+00:00,fa-cup,False,0.0,team_exact,3,19517dba-f8bc-5da6-921a-eec76cc74b58
fa-fotmob-5089915,5089915,15,4,475,Sven Botman,2026-01-10T15:00:00+00:00,2026-01-10T18:00:00+00:00,fa-cup,True,120.0,team_exact,3,fe525ab5-78d1-5766-a583-9b76113d2d57
fa-fotmob-5089915,5089915,15,4,477,Valentino Livramento,2026-01-10T15:00:00+00:00,2026-01-10T18:00:00+00:00,fa-cup,True,120.0,team_unique_surname,3,51e8b386-e9bf-5082-8db8-d994f8a48d0b
fa-fotmob-5089915,5089915,15,4,478,Kieran Trippier,2026-01-10T15:00:00+00:00,2026-01-10T18:00:00+00:00,fa-cup,True,120.0,team_exact,3,f60b2907-3c2e-5574-80f2-70b4f5078182
fa-fotmob-5089915,5089915,15,4,485,Anthony Gordon,2026-01-10T15:00:00+00:00,2026-01-10T18:00:00+00:00,fa-cup,False,0.0,team_exact,3,49545ac1-d9f9-5a0a-b1f5-5bbeeb1bb7f6
fa-fotmob-5089915,5089915,15,4,487,Harvey Barnes,2026-01-10T15:00:00+00:00,2026-01-10T18:00:00+00:00,fa-cup,True,120.0,team_exact,3,d7693e44-9092-592e-b518-8da97eaf9fdf
fa-fotmob-5089915,5089915,15,4,490,Joelinton,2026-01-10T15:00:00+00:00,2026-01-10T18:00:00+00:00,fa-cup,False,0.0,team_exact,3,133b6e37-92c1-5dc9-a4dd-a5f957768626
fa-fotmob-5089915,5089915,15,4,491,Sandro Tonali,2026-01-10T15:00:00+00:00,2026-01-10T18:00:00+00:00,fa-cup,True,120.0,team_exact,3,c7d912b7-acf9-59e7-a5a7-c7e64aed18da
fa-fotmob-5089915,5089915,15,4,494,Joseph Willock,2026-01-10T15:00:00+00:00,2026-01-10T18:00:00+00:00,fa-cup,True,120.0,team_unique_surname,3,fa7d8081-617d-5e86-a227-d01a088e1f55
fa-fotmob-5089915,5089915,15,4,497,Lewis Miley,2026-01-10T15:00:00+00:00,2026-01-10T18:00:00+00:00,fa-cup,False,0.0,team_exact,3,36a8b089-9a84-5fa6-ae4a-59a2994b9494
fa-fotmob-5089915,5089915,15,4,674,Aaron Ramsdale,2026-01-10T15:00:00+00:00,2026-01-10T18:00:00+00:00,fa-cup,True,120.0,team_exact,3,ef597ccf-9296-5f73-a908-245e5d67b0ef
fa-fotmob-5089915,5089915,15,4,684,Malick Thiaw,2026-01-10T15:00:00+00:00,2026-01-10T18:00:00+00:00,fa-cup,True,120.0,team_exact,3,b03249c0-b20e-52bd-a82c-add878e8eda0
fa-fotmob-5089915,5089915,15,4,714,Nick Woltemade,2026-01-10T15:00:00+00:00,2026-01-10T18:00:00+00:00,fa-cup,True,120.0,team_exact,3,a5e7c659-813a-5a36-8fb6-3f0f74e37c40
fa-fotmob-5089895,5089895,2,7,33,Marco Bizot,2026-01-10T17:45:00+00:00,2026-01-10T20:45:00+00:00,fa-cup,True,90.0,team_exact,3,91321184-4f36-5c7d-80ee-090e5416c822
fa-fotmob-5089895,5089895,2,7,36,Matty Cash,2026-01-10T17:45:00+00:00,2026-01-10T20:45:00+00:00,fa-cup,True,90.0,team_exact,3,2dc07ee0-9e62-54c5-a6ce-b50249434b2d
fa-fotmob-5089895,5089895,2,7,37,Lucas Digne,2026-01-10T17:45:00+00:00,2026-01-10T20:45:00+00:00,fa-cup,False,0.0,team_exact,3,b4f928ae-7ba3-580f-98d8-aafd811dfc4b
fa-fotmob-5089895,5089895,2,7,39,Ian Maatsen,2026-01-10T17:45:00+00:00,2026-01-10T20:45:00+00:00,fa-cup,True,90.0,team_exact,3,359bea2a-202d-5b9f-be77-415683313cef
fa-fotmob-5089895,5089895,2,7,40,Tyrone Mings,2026-01-10T17:45:00+00:00,2026-01-10T20:45:00+00:00,fa-cup,False,0.0,team_exact,3,0af685cb-5dfb-5870-a8e7-c5f8568a71ad
fa-fotmob-5089895,5089895,2,7,41,Pau Torres,2026-01-10T17:45:00+00:00,2026-01-10T20:45:00+00:00,fa-cup,True,90.0,team_exact,3,d66fa01c-cc13-5ddf-bec4-31c90df4cade
fa-fotmob-5089895,5089895,2,7,42,Andrés García,2026-01-10T17:45:00+00:00,2026-01-10T20:45:00+00:00,fa-cup,False,0.0,team_exact,3,958d771e-00a9-59f9-a094-b799d8712588
fa-fotmob-5089895,5089895,2,7,44,Lamare Bogarde,2026-01-10T17:45:00+00:00,2026-01-10T20:45:00+00:00,fa-cup,True,90.0,team_exact,3,c462a624-2653-5229-87c5-bd5b685f0e3c
fa-fotmob-5089895,5089895,2,7,47,Morgan Rogers,2026-01-10T17:45:00+00:00,2026-01-10T20:45:00+00:00,fa-cup,True,90.0,team_exact,3,77f6a9da-b2d4-5034-84c5-2580945368b8
fa-fotmob-5089895,5089895,2,7,48,Youri Tielemans,2026-01-10T17:45:00+00:00,2026-01-10T20:45:00+00:00,fa-cup,False,0.0,team_exact,3,b95b9e81-9894-50ab-b2de-c2234cfde8c6
fa-fotmob-5089895,5089895,2,7,53,Donyell Malen,2026-01-10T17:45:00+00:00,2026-01-10T20:45:00+00:00,fa-cup,True,90.0,team_exact,3,d837c631-a257-5737-bc4d-ffd7f2b0021b
fa-fotmob-5089895,5089895,2,7,54,John McGinn,2026-01-10T17:45:00+00:00,2026-01-10T20:45:00+00:00,fa-cup,True,90.0,team_exact,3,3f25f3e8-deb4-5121-abaf-e0c9f890735f
fa-fotmob-5089895,5089895,2,7,58,Boubacar Kamara,2026-01-10T17:45:00+00:00,2026-01-10T20:45:00+00:00,fa-cup,True,90.0,team_exact,3,4fd83b82-ea8a-5022-96ec-5b210b9695b8
fa-fotmob-5089895,5089895,2,7,64,Ollie Watkins,2026-01-10T17:45:00+00:00,2026-01-10T20:45:00+00:00,fa-cup,False,0.0,team_exact,3,a46d13d4-ea9c-563c-80b3-0e4a2e2883b8
fa-fotmob-5089895,5089895,2,7,456,Jadon Sancho,2026-01-10T17:45:00+00:00,2026-01-10T20:45:00+00:00,fa-cup,False,0.0,team_exact,3,08c10373-3236-58f3-8488-9bc9fad8dfde
fa-fotmob-5089895,5089895,2,7,719,Victor Nilsson Lindelöf,2026-01-10T17:45:00+00:00,2026-01-10T20:45:00+00:00,fa-cup,False,0.0,team_unique_surname,3,cb53d8d9-b190-5b1f-adab-60f5562d5d10
fa-fotmob-5089895,5089895,18,6,565,Guglielmo Vicario,2026-01-10T17:45:00+00:00,2026-01-10T20:45:00+00:00,fa-cup,True,90.0,team_exact,3,3c77aa9b-7767-5636-9780-0d94d829b326
fa-fotmob-5089895,5089895,18,6,567,Antonín Kinsky,2026-01-10T17:45:00+00:00,2026-01-10T20:45:00+00:00,fa-cup,False,0.0,team_exact,3,227cf32e-d062-5df9-8908-cb5491836ff8
fa-fotmob-5089895,5089895,18,6,568,Pedro Porro,2026-01-10T17:45:00+00:00,2026-01-10T20:45:00+00:00,fa-cup,True,90.0,team_exact,3,d4c29433-6018-52a2-83a9-429997023fab
fa-fotmob-5089895,5089895,18,6,570,Kevin Danso,2026-01-10T17:45:00+00:00,2026-01-10T20:45:00+00:00,fa-cup,True,90.0,team_exact,3,9e042355-866c-5b17-9097-0d84e263ecf3
fa-fotmob-5089895,5089895,18,6,571,Ben Davies,2026-01-10T17:45:00+00:00,2026-01-10T20:45:00+00:00,fa-cup,True,90.0,team_exact,3,1b5a9b51-4626-5901-8e54-14c32dbca29e
fa-fotmob-5089895,5089895,18,6,572,Radu Dragusin,2026-01-10T17:45:00+00:00,2026-01-10T20:45:00+00:00,fa-cup,False,0.0,team_exact,3,f0bfb35e-c09e-553b-a545-fec85a6cd62d
fa-fotmob-5089895,5089895,18,6,573,Djed Spence,2026-01-10T17:45:00+00:00,2026-01-10T20:45:00+00:00,fa-cup,False,0.0,team_exact,3,2eec990a-7277-5fb6-b8c8-10423fefbb47
fa-fotmob-5089895,5089895,18,6,574,Destiny Udogie,2026-01-10T17:45:00+00:00,2026-01-10T20:45:00+00:00,fa-cup,False,0.0,team_exact,3,95129b97-e678-584a-9c78-bc2d29fd7dfa
fa-fotmob-5089895,5089895,18,6,575,Micky van de Ven,2026-01-10T17:45:00+00:00,2026-01-10T20:45:00+00:00,fa-cup,True,90.0,team_exact,3,c13afcac-5201-5504-affd-a886825266d4
fa-fotmob-5089895,5089895,18,6,584,Mathys Tel,2026-01-10T17:45:00+00:00,2026-01-10T20:45:00+00:00,fa-cup,True,90.0,team_exact,3,4aecc997-ca9d-57ec-a854-3151849bde99
fa-fotmob-5089895,5089895,18,6,588,Wilson Odobert,2026-01-10T17:45:00+00:00,2026-01-10T20:45:00+00:00,fa-cup,True,90.0,team_exact,3,658b9548-4dbd-5b98-890b-0bb35c8a5625
fa-fotmob-5089895,5089895,18,6,591,Archie Gray,2026-01-10T17:45:00+00:00,2026-01-10T20:45:00+00:00,fa-cup,True,90.0,team_exact,3,976cba43-39e3-5bd2-a17b-74524487c441
fa-fotmob-5089895,5089895,18,6,597,Richarlison,2026-01-10T17:45:00+00:00,2026-01-10T20:45:00+00:00,fa-cup,True,90.0,team_exact,3,e8c63dd8-d5d3-5d3c-9ca3-16081a763f80
fa-fotmob-5089895,5089895,18,6,717,Xavi Simons,2026-01-10T17:45:00+00:00,2026-01-10T20:45:00+00:00,fa-cup,True,90.0,team_exact,3,c99e7187-586e-5722-8e10-93fd50f92627
fa-fotmob-5089895,5089895,18,6,726,Randal Kolo Muani,2026-01-10T17:45:00+00:00,2026-01-10T20:45:00+00:00,fa-cup,False,0.0,team_exact,3,3a736c36-502e-5f12-a3a0-3a915cdfdf76
fa-fotmob-5089900,5089900,7,8,168,Facundo Buonanotte,2026-01-10T20:00:00+00:00,2026-01-10T23:00:00+00:00,fa-cup,True,90.0,global_full_exact,3,c86ca08c-b2a0-524b-91f4-254b65701bdd
fa-fotmob-5089900,5089900,7,8,221,Filip Jörgensen,2026-01-10T20:00:00+00:00,2026-01-10T23:00:00+00:00,fa-cup,True,90.0,team_exact,3,d7143aed-fcb8-5af3-8721-72433dd889d7
fa-fotmob-5089900,5089900,7,8,226,Trevoh Chalobah,2026-01-10T20:00:00+00:00,2026-01-10T23:00:00+00:00,fa-cup,False,0.0,team_exact,3,fbe43cca-fb14-5420-94d6-3e253d5e57f2
fa-fotmob-5089900,5089900,7,8,230,Wesley Fofana,2026-01-10T20:00:00+00:00,2026-01-10T23:00:00+00:00,fa-cup,False,0.0,team_exact,3,ec2bf467-94f7-5b79-97a2-3632c0d199a8
fa-fotmob-5089900,5089900,7,8,232,Tosin Adarabioyo,2026-01-10T20:00:00+00:00,2026-01-10T23:00:00+00:00,fa-cup,True,90.0,team_exact,3,1cc11978-28c5-57b6-a8a3-ba979d1349e4
fa-fotmob-5089900,5089900,7,8,233,Josh Acheampong,2026-01-10T20:00:00+00:00,2026-01-10T23:00:00+00:00,fa-cup,True,90.0,team_exact,3,9998e641-8e7f-5837-8d46-ad335b484a00
fa-fotmob-5089900,5089900,7,8,237,Enzo Fernández,2026-01-10T20:00:00+00:00,2026-01-10T23:00:00+00:00,fa-cup,False,0.0,team_exact,3,5b51fc3a-1f45-56e1-9ecc-0bda87474227
fa-fotmob-5089900,5089900,7,8,238,Estêvão,2026-01-10T20:00:00+00:00,2026-01-10T23:00:00+00:00,fa-cup,False,0.0,team_exact,3,9b51b592-7b40-53df-a62d-6af0afa0bb0e
fa-fotmob-5089900,5089900,7,8,246,Andrey Santos,2026-01-10T20:00:00+00:00,2026-01-10T23:00:00+00:00,fa-cup,True,90.0,team_exact,3,762fd3f4-3f85-52c7-b5be-8c0c563cf25f
fa-fotmob-5089900,5089900,7,8,249,João Pedro,2026-01-10T20:00:00+00:00,2026-01-10T23:00:00+00:00,fa-cup,False,0.0,team_exact,3,4448091c-aeb7-5ab3-a537-b2b547480e63
fa-fotmob-5089900,5089900,7,8,250,Liam Delap,2026-01-10T20:00:00+00:00,2026-01-10T23:00:00+00:00,fa-cup,False,0.0,team_exact,3,8b1af3a3-b391-5111-954e-dbda5d6d12a5
fa-fotmob-5089900,5089900,7,8,252,Marc Guiu,2026-01-10T20:00:00+00:00,2026-01-10T23:00:00+00:00,fa-cup,True,90.0,team_exact,3,6538c4ff-2308-56ae-85e7-392fba76d555
fa-fotmob-5089900,5089900,7,8,672,Jorrel Hato,2026-01-10T20:00:00+00:00,2026-01-10T23:00:00+00:00,fa-cup,True,90.0,team_exact,3,932d386d-f372-53de-a37f-381a73a67e07
fa-fotmob-5089910,5089910,11,2,341,Karl Darlow,2026-01-11T12:00:00+00:00,2026-01-11T15:00:00+00:00,fa-cup,True,90.0,team_exact,3,d921acea-ffba-515b-a957-12586c43f133
fa-fotmob-5089910,5089910,11,2,343,Pascal Struijk,2026-01-11T12:00:00+00:00,2026-01-11T15:00:00+00:00,fa-cup,False,0.0,team_exact,3,5a70a2e2-7a8a-554e-9ac0-d3c00ac6383f
fa-fotmob-5089910,5089910,11,2,344,Jaka Bijol,2026-01-11T12:00:00+00:00,2026-01-11T15:00:00+00:00,fa-cup,True,90.0,team_exact,3,43ae6b5e-3989-58fb-8540-6a539dd06218
fa-fotmob-5089910,5089910,11,2,345,Sebastiaan Bornauw,2026-01-11T12:00:00+00:00,2026-01-11T15:00:00+00:00,fa-cup,True,90.0,team_exact,3,a8678248-1555-5a99-8bcd-6ec2a944ea53
fa-fotmob-5089910,5089910,11,2,350,Brenden Aaronson,2026-01-11T12:00:00+00:00,2026-01-11T15:00:00+00:00,fa-cup,False,0.0,team_exact,3,c550c5c9-6be9-5d60-a724-ed8b1d333548
fa-fotmob-5089910,5089910,11,2,351,Wilfried Gnonto,2026-01-11T12:00:00+00:00,2026-01-11T15:00:00+00:00,fa-cup,True,90.0,team_exact,3,636ed36a-8aff-58b0-a5e5-7b5894084b12
fa-fotmob-5089910,5089910,11,2,352,Jack Harrison,2026-01-11T12:00:00+00:00,2026-01-11T15:00:00+00:00,fa-cup,True,90.0,team_exact,3,72b4d47e-09d1-54dc-a733-48d72051bfd6
fa-fotmob-5089910,5089910,11,2,354,Ethan Ampadu,2026-01-11T12:00:00+00:00,2026-01-11T15:00:00+00:00,fa-cup,True,90.0,team_exact,3,82e95b4b-22b2-59a9-b33b-e199df378fe3
fa-fotmob-5089910,5089910,11,2,356,Ilia Gruev,2026-01-11T12:00:00+00:00,2026-01-11T15:00:00+00:00,fa-cup,True,90.0,team_exact,3,3c3955d4-e30d-55eb-924e-d252c6949a50
fa-fotmob-5089910,5089910,11,2,362,Joël Piroe,2026-01-11T12:00:00+00:00,2026-01-11T15:00:00+00:00,fa-cup,True,90.0,team_exact,3,444fa31b-486a-5e4b-94ca-7e00df06a41b
fa-fotmob-5089910,5089910,11,2,365,Lukas Nmecha,2026-01-11T12:00:00+00:00,2026-01-11T15:00:00+00:00,fa-cup,True,90.0,team_exact,3,2b912d01-8ef9-569f-bb93-0cec5c578194
fa-fotmob-5089910,5089910,11,2,493,Sean Longstaff,2026-01-11T12:00:00+00:00,2026-01-11T15:00:00+00:00,fa-cup,False,0.0,team_exact,3,015a7f1a-67ab-53dc-babc-333cf97f761f
fa-fotmob-5089910,5089910,11,2,660,Anton Stach,2026-01-11T12:00:00+00:00,2026-01-11T15:00:00+00:00,fa-cup,False,0.0,team_exact,3,9066de74-0bf4-5c6d-8a3f-3b977b735a67
fa-fotmob-5089910,5089910,11,2,665,Lucas Perri,2026-01-11T12:00:00+00:00,2026-01-11T15:00:00+00:00,fa-cup,False,0.0,team_unique_surname,3,542e61a7-899c-5785-91c5-c76ab1e53e2d
fa-fotmob-5089910,5089910,11,2,691,Dominic Calvert-Lewin,2026-01-11T12:00:00+00:00,2026-01-11T15:00:00+00:00,fa-cup,False,0.0,team_exact,3,63588bd5-68f8-567a-8175-c17ab42b05f3
fa-fotmob-5089910,5089910,11,2,698,Noah Okafor,2026-01-11T12:00:00+00:00,2026-01-11T15:00:00+00:00,fa-cup,True,90.0,team_exact,3,8e67ff00-ad19-5384-8c44-acf0faf97249
fa-fotmob-5089910,5089910,11,2,706,James Justin,2026-01-11T12:00:00+00:00,2026-01-11T15:00:00+00:00,fa-cup,False,0.0,team_exact,3,e5ce8638-ef71-56e5-ae05-c0e425118aa3
fa-fotmob-5089909,5089909,1,3,5,Gabriel,2026-01-11T14:00:00+00:00,2026-01-11T17:00:00+00:00,fa-cup,True,90.0,team_exact,3,291c5e04-2c65-573a-9493-d704d3de79de
fa-fotmob-5089909,5089909,1,3,8,Jurriën Timber,2026-01-11T14:00:00+00:00,2026-01-11T17:00:00+00:00,fa-cup,False,0.0,team_exact,3,77962072-d0d7-5304-8c20-9a75adfd2936
fa-fotmob-5089909,5089909,1,3,10,Myles Lewis-Skelly,2026-01-11T14:00:00+00:00,2026-01-11T17:00:00+00:00,fa-cup,True,90.0,team_exact,3,8bac1cb7-1c33-563a-9137-8a394efb10f5
fa-fotmob-5089909,5089909,1,3,11,Ben White,2026-01-11T14:00:00+00:00,2026-01-11T17:00:00+00:00,fa-cup,True,90.0,team_unique_surname,3,b6572497-1067-596a-a218-6e465214dcc8
fa-fotmob-5089909,5089909,1,3,16,Bukayo Saka,2026-01-11T14:00:00+00:00,2026-01-11T17:00:00+00:00,fa-cup,False,0.0,team_exact,3,4c3f279c-cb21-57c6-9d58-3decef97625e
fa-fotmob-5089909,5089909,1,3,17,Martin Ødegaard,2026-01-11T14:00:00+00:00,2026-01-11T17:00:00+00:00,fa-cup,False,0.0,team_exact,3,fef527c5-6c7c-57b6-9192-f9347f34904a
fa-fotmob-5089909,5089909,1,3,18,Noni Madueke,2026-01-11T14:00:00+00:00,2026-01-11T17:00:00+00:00,fa-cup,True,90.0,team_exact,3,70c234df-f148-59b3-b1f9-6d390e9cf562
fa-fotmob-5089909,5089909,1,3,21,Declan Rice,2026-01-11T14:00:00+00:00,2026-01-11T17:00:00+00:00,fa-cup,False,0.0,team_exact,3,a8d1cfeb-4f1e-53fc-a90a-4610ccf746c6
fa-fotmob-5089909,5089909,1,3,24,Christian Nørgaard,2026-01-11T14:00:00+00:00,2026-01-11T17:00:00+00:00,fa-cup,True,90.0,team_exact,3,47160bb8-b2e7-5eb8-8ca4-64757268e9ba
fa-fotmob-5089909,5089909,1,3,30,Kai Havertz,2026-01-11T14:00:00+00:00,2026-01-11T17:00:00+00:00,fa-cup,False,0.0,team_exact,3,ef53aa3a-f5fe-5a12-9743-66a2adc7f069
fa-fotmob-5089909,5089909,1,3,266,Eberechi Eze,2026-01-11T14:00:00+00:00,2026-01-11T17:00:00+00:00,fa-cup,True,90.0,team_exact,3,79caa72c-19b1-5ed2-9eea-49bec88916b3
fa-fotmob-5089909,5089909,1,3,666,Viktor Gyökeres,2026-01-11T14:00:00+00:00,2026-01-11T17:00:00+00:00,fa-cup,False,0.0,team_exact,3,234cf75e-2a33-5c20-84e6-e2da37e6e93e
fa-fotmob-5089902,5089902,19,21,605,Max Kilman,2026-01-11T14:30:00+00:00,2026-01-11T17:30:00+00:00,fa-cup,True,120.0,team_unique_surname,3,bb9f5ed9-455a-5a73-a068-c865110bd21e
fa-fotmob-5089902,5089902,19,21,606,Konstantinos Mavropanos,2026-01-11T14:30:00+00:00,2026-01-11T17:30:00+00:00,fa-cup,True,120.0,team_exact,3,a4b84834-eb21-54ba-be68-660ea3815e93
fa-fotmob-5089902,5089902,19,21,608,Oliver Scarles,2026-01-11T14:30:00+00:00,2026-01-11T17:30:00+00:00,fa-cup,False,0.0,team_unique_surname,3,df163264-e6df-5807-b72d-55a49982fc76
fa-fotmob-5089902,5089902,19,21,609,Jean-Clair Todibo,2026-01-11T14:30:00+00:00,2026-01-11T17:30:00+00:00,fa-cup,True,120.0,team_exact,3,46d563a5-35c2-5766-ad22-b778921da81d
fa-fotmob-5089902,5089902,19,21,610,Aaron Wan-Bissaka,2026-01-11T14:30:00+00:00,2026-01-11T17:30:00+00:00,fa-cup,True,120.0,team_exact,3,35ad91b8-a753-5dab-beac-21a352e5cb13
fa-fotmob-5089902,5089902,19,21,613,Tomás Soucek,2026-01-11T14:30:00+00:00,2026-01-11T17:30:00+00:00,fa-cup,False,0.0,team_exact,3,bafec5b4-70cd-5296-82ed-5f50f9b35506
fa-fotmob-5089902,5089902,19,21,615,Crysencio Summerville,2026-01-11T14:30:00+00:00,2026-01-11T17:30:00+00:00,fa-cup,True,120.0,team_exact,3,ef1caf6e-67a5-53c4-afb0-2523323cbfe4
fa-fotmob-5089902,5089902,19,21,618,Guido Rodríguez,2026-01-11T14:30:00+00:00,2026-01-11T17:30:00+00:00,fa-cup,False,0.0,team_exact,3,68f9569d-88d0-5993-a084-828e7f6a2610
fa-fotmob-5089902,5089902,19,21,621,Andy Irving,2026-01-11T14:30:00+00:00,2026-01-11T17:30:00+00:00,fa-cup,False,0.0,team_exact,3,6a2d7ef6-eb12-5dc2-aaad-c85d30c00b8f
fa-fotmob-5089902,5089902,19,21,623,Freddie Potts,2026-01-11T14:30:00+00:00,2026-01-11T17:30:00+00:00,fa-cup,True,120.0,team_exact,3,a0539466-bf5c-5202-baf7-336484f9a7c3
fa-fotmob-5089902,5089902,19,21,624,Jarrod Bowen,2026-01-11T14:30:00+00:00,2026-01-11T17:30:00+00:00,fa-cup,True,120.0,team_exact,3,4e68227a-9577-5c26-99fa-8a519b052582
fa-fotmob-5089902,5089902,19,21,659,Kyle Walker-Peters,2026-01-11T14:30:00+00:00,2026-01-11T17:30:00+00:00,fa-cup,False,0.0,team_exact,3,2d4c58d3-9f00-5834-a712-c8fbd35a2876
fa-fotmob-5089902,5089902,19,21,679,Mads Hermansen,2026-01-11T14:30:00+00:00,2026-01-11T17:30:00+00:00,fa-cup,True,120.0,team_exact,3,82a85fe5-3695-5749-b382-fb39650267e9
fa-fotmob-5089902,5089902,19,21,718,Soungoutou Magassa,2026-01-11T14:30:00+00:00,2026-01-11T17:30:00+00:00,fa-cup,True,120.0,team_exact,3,9fd390de-abdd-53c9-abf5-63b5a6ec3423
fa-fotmob-5089902,5089902,19,21,785,Pablo,2026-01-11T14:30:00+00:00,2026-01-11T17:30:00+00:00,fa-cup,False,0.0,team_exact,3,ad87488c-769c-5325-bce6-63daff9b32a3
fa-fotmob-5089902,5089902,19,21,791,Valentín Castellanos,2026-01-11T14:30:00+00:00,2026-01-11T17:30:00+00:00,fa-cup,True,120.0,team_exact,3,de5e511c-9379-5b70-8f43-d2b814dfdcc3
fa-fotmob-5089922,5089922,6,36,139,Bart Verbruggen,2026-01-11T16:30:00+00:00,2026-01-11T19:30:00+00:00,fa-cup,False,0.0,team_exact,3,9720eb96-9da3-5717-9ed4-45874361e243
fa-fotmob-5089922,5089922,6,36,143,Olivier Boscagli,2026-01-11T16:30:00+00:00,2026-01-11T19:30:00+00:00,fa-cup,True,90.0,team_exact,3,8336ddce-f2ef-5ef6-8084-2f36c38c78c2
fa-fotmob-5089922,5089922,6,36,144,Diego Coppola,2026-01-11T16:30:00+00:00,2026-01-11T19:30:00+00:00,fa-cup,True,90.0,team_exact,3,c8138451-1f86-5025-a3dd-94d71340efab
fa-fotmob-5089922,5089922,6,36,146,Lewis Dunk,2026-01-11T16:30:00+00:00,2026-01-11T19:30:00+00:00,fa-cup,False,0.0,team_exact,3,a93b852e-6cc5-59da-a7e7-213f7dec5f1b
fa-fotmob-5089922,5089922,6,36,151,Jan Paul van Hecke,2026-01-11T16:30:00+00:00,2026-01-11T19:30:00+00:00,fa-cup,False,0.0,team_exact,3,5bb0cf13-0fc0-5a3b-a79f-a3be5c5eb24e
fa-fotmob-5089922,5089922,6,36,152,Joël Veltman,2026-01-11T16:30:00+00:00,2026-01-11T19:30:00+00:00,fa-cup,True,90.0,team_exact,3,85e0702e-8a5f-5470-a46a-a212a63f3661
fa-fotmob-5089922,5089922,6,36,158,Georginio Rutter,2026-01-11T16:30:00+00:00,2026-01-11T19:30:00+00:00,fa-cup,True,90.0,team_exact,3,e951e717-39ca-59bd-bf7f-6e59ece9fd54
fa-fotmob-5089922,5089922,6,36,162,Brajan Gruda,2026-01-11T16:30:00+00:00,2026-01-11T19:30:00+00:00,fa-cup,True,90.0,team_exact,3,8c21213e-5c0e-56d3-81ae-b95f9e5b7c53
fa-fotmob-5089922,5089922,6,36,163,Jack Hinshelwood,2026-01-11T16:30:00+00:00,2026-01-11T19:30:00+00:00,fa-cup,True,90.0,team_exact,3,b0761079-7e99-5095-aa38-877404766193
fa-fotmob-5089922,5089922,6,36,166,Yasin Ayari,2026-01-11T16:30:00+00:00,2026-01-11T19:30:00+00:00,fa-cup,False,0.0,team_exact,3,de6b06be-d7b4-506e-9177-df5cf336214a
fa-fotmob-5089922,5089922,6,36,178,Danny Welbeck,2026-01-11T16:30:00+00:00,2026-01-11T19:30:00+00:00,fa-cup,True,90.0,team_exact,3,241cebf3-67a3-5813-9b2f-43078d129f42
fa-fotmob-5089922,5089922,6,36,181,Charalampos Kostoulas,2026-01-11T16:30:00+00:00,2026-01-11T19:30:00+00:00,fa-cup,False,0.0,team_exact,3,29b8ba2a-672c-5467-b297-bb4fcd65f263
fa-fotmob-5089922,5089922,6,36,783,Pascal Groß,2026-01-11T16:30:00+00:00,2026-01-11T19:30:00+00:00,fa-cup,True,90.0,team_exact,3,eb26516f-9061-5a83-a316-5cd4bef43df5
fa-fotmob-5089922,5089922,6,36,795,Harry Howell,2026-01-11T16:30:00+00:00,2026-01-11T19:30:00+00:00,fa-cup,False,0.0,team_exact,3,f941023a-8afb-5610-bf89-e6cc352c84c9
fa-fotmob-5089922,5089922,14,1,437,Lisandro Martínez,2026-01-11T16:30:00+00:00,2026-01-11T19:30:00+00:00,fa-cup,True,90.0,team_exact,3,cd221270-eb70-5941-b084-b02fff2a8b2e
fa-fotmob-5089922,5089922,14,1,441,Patrick Dorgu,2026-01-11T16:30:00+00:00,2026-01-11T19:30:00+00:00,fa-cup,True,90.0,team_exact,3,fba35e22-cb10-554f-ad2e-e62d2b5a5da8
fa-fotmob-5089922,5089922,14,1,442,Harry Maguire,2026-01-11T16:30:00+00:00,2026-01-11T19:30:00+00:00,fa-cup,False,0.0,team_exact,3,85474434-c2d2-5904-bdbc-d8e7b1e46db0
fa-fotmob-5089922,5089922,14,1,444,Leny Yoro,2026-01-11T16:30:00+00:00,2026-01-11T19:30:00+00:00,fa-cup,True,90.0,team_exact,3,82990c89-5786-50c7-898b-b6d67ce0f54a
fa-fotmob-5089922,5089922,14,1,447,Ayden Heaven,2026-01-11T16:30:00+00:00,2026-01-11T19:30:00+00:00,fa-cup,False,0.0,team_exact,3,3da0d46a-b47e-5811-9668-ebfa18ca336a
fa-fotmob-5089922,5089922,14,1,455,Mason Mount,2026-01-11T16:30:00+00:00,2026-01-11T19:30:00+00:00,fa-cup,True,90.0,team_exact,3,6a3d319d-e848-56e0-bc06-707ee4149c24
fa-fotmob-5089922,5089922,14,1,457,Casemiro,2026-01-11T16:30:00+00:00,2026-01-11T19:30:00+00:00,fa-cup,False,0.0,team_exact,3,e037fafa-e08a-50a4-8014-a43e6c2d13a4
fa-fotmob-5089922,5089922,14,1,458,Kobbie Mainoo,2026-01-11T16:30:00+00:00,2026-01-11T19:30:00+00:00,fa-cup,True,90.0,team_exact,3,06edf8b9-4201-50b7-b9f9-2e6a7842f113
fa-fotmob-5089922,5089922,14,1,466,Joshua Zirkzee,2026-01-11T16:30:00+00:00,2026-01-11T19:30:00+00:00,fa-cup,False,0.0,team_exact,3,65f4ba88-b61e-51b2-87e8-eed369448f75
fa-fotmob-5089922,5089922,14,1,681,Benjamin Sesko,2026-01-11T16:30:00+00:00,2026-01-11T19:30:00+00:00,fa-cup,True,90.0,team_exact,3,f2eb0907-28df-5daf-b912-aec135508e38
fa-fotmob-5089922,5089922,14,1,733,Senne Lammens,2026-01-11T16:30:00+00:00,2026-01-11T19:30:00+00:00,fa-cup,True,90.0,team_exact,3,63a30902-aa79-59d2-bbc6-903ff41e54dc
fa-fotmob-5089906,5089906,12,14,366,Alisson Becker,2026-01-12T19:45:00+00:00,2026-01-12T22:45:00+00:00,fa-cup,False,0.0,team_exact,3,bb7d5990-008e-5f6d-871a-83ec4490dd2d
fa-fotmob-5089906,5089906,12,14,367,Giorgi Mamardashvili,2026-01-12T19:45:00+00:00,2026-01-12T22:45:00+00:00,fa-cup,True,90.0,team_exact,3,f2831f63-18d0-5405-9349-288d723614fe
fa-fotmob-5089906,5089906,12,14,370,Jeremie Frimpong,2026-01-12T19:45:00+00:00,2026-01-12T22:45:00+00:00,fa-cup,True,90.0,team_exact,3,abc5ff85-af28-52a6-899e-59f93406af42
fa-fotmob-5089906,5089906,12,14,371,Milos Kerkez,2026-01-12T19:45:00+00:00,2026-01-12T22:45:00+00:00,fa-cup,False,0.0,team_exact,3,4b503a23-131b-5e74-983e-6d9f3f06f2dd
fa-fotmob-5089906,5089906,12,14,372,Andrew Robertson,2026-01-12T19:45:00+00:00,2026-01-12T22:45:00+00:00,fa-cup,True,90.0,team_exact,3,9e1945d4-3c6d-54ed-b8d0-6ba8f66541c2
fa-fotmob-5089906,5089906,12,14,373,Virgil van Dijk,2026-01-12T19:45:00+00:00,2026-01-12T22:45:00+00:00,fa-cup,True,90.0,team_exact,3,b8d260b7-8922-5c13-b885-b00fbe91b80e
fa-fotmob-5089906,5089906,12,14,374,Ibrahima Konaté,2026-01-12T19:45:00+00:00,2026-01-12T22:45:00+00:00,fa-cup,False,0.0,team_exact,3,66e53a63-86c7-5b13-92b7-7f9d7f77e440
fa-fotmob-5089906,5089906,12,14,376,Joseph Gomez,2026-01-12T19:45:00+00:00,2026-01-12T22:45:00+00:00,fa-cup,True,90.0,team_unique_surname,3,0ffc6ec2-ca3e-5db4-8ebf-a8eba45464b9
fa-fotmob-5089906,5089906,12,14,382,Florian Wirtz,2026-01-12T19:45:00+00:00,2026-01-12T22:45:00+00:00,fa-cup,False,0.0,team_exact,3,e1be452d-eabb-5030-8f89-d3b48d85fedb
fa-fotmob-5089906,5089906,12,14,384,Cody Gakpo,2026-01-12T19:45:00+00:00,2026-01-12T22:45:00+00:00,fa-cup,True,90.0,team_exact,3,3662a836-64ae-524d-ac5d-6c64245981a2
fa-fotmob-5089906,5089906,12,14,385,Federico Chiesa,2026-01-12T19:45:00+00:00,2026-01-12T22:45:00+00:00,fa-cup,True,90.0,team_exact,3,a71659ac-51ab-555b-9916-b585f197aa60
fa-fotmob-5089906,5089906,12,14,386,Alexis Mac Allister,2026-01-12T19:45:00+00:00,2026-01-12T22:45:00+00:00,fa-cup,True,90.0,team_exact,3,d982f8cc-b7f6-5eef-880a-7588a8d9c761
fa-fotmob-5089906,5089906,12,14,387,Dominik Szoboszlai,2026-01-12T19:45:00+00:00,2026-01-12T22:45:00+00:00,fa-cup,True,90.0,team_exact,3,b8cff13d-168c-5c65-ad52-99b0426b08f2
fa-fotmob-5089906,5089906,12,14,388,Curtis Jones,2026-01-12T19:45:00+00:00,2026-01-12T22:45:00+00:00,fa-cup,True,90.0,team_exact,3,69b2f335-365b-5201-b36b-babf799e628a
fa-fotmob-5089906,5089906,12,14,390,Ryan Gravenberch,2026-01-12T19:45:00+00:00,2026-01-12T22:45:00+00:00,fa-cup,False,0.0,team_exact,3,b02dbbb7-35b6-53d3-be68-f7c1b2c4e70f
fa-fotmob-5089906,5089906,12,14,661,Hugo Ekitiké,2026-01-12T19:45:00+00:00,2026-01-12T22:45:00+00:00,fa-cup,False,0.0,team_exact,3,1f949251-9252-593a-a2f0-d26d1f7e776b
fa-fotmob-5089906,5089906,12,14,686,Rio Ngumoha,2026-01-12T19:45:00+00:00,2026-01-12T22:45:00+00:00,fa-cup,True,90.0,team_exact,3,debd2971-955d-5acb-b321-caec89c7ad6d
fa-fotmob-5135167,5135167,7,8,225,Reece James,2026-02-13T19:45:00+00:00,2026-02-13T22:45:00+00:00,fa-cup,True,90.0,team_exact,4,3655e646-d6d9-51ce-a14d-bed863d96c3c
fa-fotmob-5135167,5135167,7,8,228,Malo Gusto,2026-02-13T19:45:00+00:00,2026-02-13T22:45:00+00:00,fa-cup,False,0.0,team_exact,4,972fc541-f01f-51fc-b746-5238f72285d7
fa-fotmob-5135167,5135167,7,8,230,Wesley Fofana,2026-02-13T19:45:00+00:00,2026-02-13T22:45:00+00:00,fa-cup,True,90.0,team_exact,4,ec2bf467-94f7-5b79-97a2-3632c0d199a8
fa-fotmob-5135167,5135167,7,8,231,Mamadou Sarr,2026-02-13T19:45:00+00:00,2026-02-13T22:45:00+00:00,fa-cup,True,90.0,team_exact,4,c1d2c6e2-92b5-5eb7-abc2-bfb9ba6fffa1
fa-fotmob-5135167,5135167,7,8,232,Tosin Adarabioyo,2026-02-13T19:45:00+00:00,2026-02-13T22:45:00+00:00,fa-cup,False,0.0,team_exact,4,1cc11978-28c5-57b6-a8a3-ba979d1349e4
fa-fotmob-5135167,5135167,7,8,233,Josh Acheampong,2026-02-13T19:45:00+00:00,2026-02-13T22:45:00+00:00,fa-cup,False,0.0,team_exact,4,9998e641-8e7f-5837-8d46-ad335b484a00
fa-fotmob-5135167,5135167,7,8,237,Enzo Fernández,2026-02-13T19:45:00+00:00,2026-02-13T22:45:00+00:00,fa-cup,False,0.0,team_exact,4,5b51fc3a-1f45-56e1-9ecc-0bda87474227
fa-fotmob-5135167,5135167,7,8,238,Estêvão,2026-02-13T19:45:00+00:00,2026-02-13T22:45:00+00:00,fa-cup,True,90.0,team_exact,4,9b51b592-7b40-53df-a62d-6af0afa0bb0e
fa-fotmob-5135167,5135167,7,8,246,Andrey Santos,2026-02-13T19:45:00+00:00,2026-02-13T22:45:00+00:00,fa-cup,True,90.0,team_exact,4,762fd3f4-3f85-52c7-b5be-8c0c563cf25f
fa-fotmob-5135167,5135167,7,8,249,João Pedro,2026-02-13T19:45:00+00:00,2026-02-13T22:45:00+00:00,fa-cup,False,0.0,team_exact,4,4448091c-aeb7-5ab3-a537-b2b547480e63
fa-fotmob-5135167,5135167,7,8,250,Liam Delap,2026-02-13T19:45:00+00:00,2026-02-13T22:45:00+00:00,fa-cup,True,90.0,team_exact,4,8b1af3a3-b391-5111-954e-dbda5d6d12a5
fa-fotmob-5135167,5135167,7,8,672,Jorrel Hato,2026-02-13T19:45:00+00:00,2026-02-13T22:45:00+00:00,fa-cup,True,90.0,team_exact,4,932d386d-f372-53de-a37f-381a73a67e07
fa-fotmob-5135167,5135167,7,8,829,Jesse Derry,2026-02-13T19:45:00+00:00,2026-02-13T22:45:00+00:00,fa-cup,False,0.0,team_exact,4,33ac99dd-6169-5c59-bc88-cc17620c7707
fa-fotmob-5135169,5135169,19,21,600,Alphonse Areola,2026-02-14T12:15:00+00:00,2026-02-14T15:15:00+00:00,fa-cup,True,120.0,team_exact,4,112ec44a-8ec0-5a5a-828a-d330905abb6b
fa-fotmob-5135169,5135169,19,21,603,Malick Diouf,2026-02-14T12:15:00+00:00,2026-02-14T15:15:00+00:00,fa-cup,False,0.0,team_unique_surname,4,17b6a342-b02c-5f36-a340-abadc722db36
fa-fotmob-5135169,5135169,19,21,605,Max Kilman,2026-02-14T12:15:00+00:00,2026-02-14T15:15:00+00:00,fa-cup,True,120.0,team_unique_surname,4,bb9f5ed9-455a-5a73-a068-c865110bd21e
fa-fotmob-5135169,5135169,19,21,606,Konstantinos Mavropanos,2026-02-14T12:15:00+00:00,2026-02-14T15:15:00+00:00,fa-cup,True,120.0,team_exact,4,a4b84834-eb21-54ba-be68-660ea3815e93
fa-fotmob-5135169,5135169,19,21,608,Oliver Scarles,2026-02-14T12:15:00+00:00,2026-02-14T15:15:00+00:00,fa-cup,True,120.0,team_unique_surname,4,df163264-e6df-5807-b72d-55a49982fc76
fa-fotmob-5135169,5135169,19,21,610,Aaron Wan-Bissaka,2026-02-14T12:15:00+00:00,2026-02-14T15:15:00+00:00,fa-cup,False,0.0,team_exact,4,35ad91b8-a753-5dab-beac-21a352e5cb13
fa-fotmob-5135169,5135169,19,21,615,Crysencio Summerville,2026-02-14T12:15:00+00:00,2026-02-14T15:15:00+00:00,fa-cup,False,0.0,team_exact,4,ef1caf6e-67a5-53c4-afb0-2523323cbfe4
fa-fotmob-5135169,5135169,19,21,623,Freddie Potts,2026-02-14T12:15:00+00:00,2026-02-14T15:15:00+00:00,fa-cup,False,0.0,team_exact,4,a0539466-bf5c-5202-baf7-336484f9a7c3
fa-fotmob-5135169,5135169,19,21,659,Kyle Walker-Peters,2026-02-14T12:15:00+00:00,2026-02-14T15:15:00+00:00,fa-cup,True,120.0,team_exact,4,2d4c58d3-9f00-5834-a712-c8fbd35a2876
fa-fotmob-5135169,5135169,19,21,671,Callum Wilson,2026-02-14T12:15:00+00:00,2026-02-14T15:15:00+00:00,fa-cup,True,120.0,team_exact,4,7464bba2-d459-5382-a1a5-4bc52ebe7af2
fa-fotmob-5135169,5135169,19,21,718,Soungoutou Magassa,2026-02-14T12:15:00+00:00,2026-02-14T15:15:00+00:00,fa-cup,True,120.0,team_exact,4,9fd390de-abdd-53c9-abf5-63b5a6ec3423
fa-fotmob-5135169,5135169,19,21,791,Valentín Castellanos,2026-02-14T12:15:00+00:00,2026-02-14T15:15:00+00:00,fa-cup,False,0.0,team_exact,4,de5e511c-9379-5b70-8f43-d2b814dfdcc3
fa-fotmob-5135169,5135169,19,21,815,Axel Disasi,2026-02-14T12:15:00+00:00,2026-02-14T15:15:00+00:00,fa-cup,False,0.0,team_exact,4,b9aca1a6-3e7e-50d1-85c7-bc4c6432da09
fa-fotmob-5135170,5135170,3,90,190,Hjalmar Ekdal,2026-02-14T15:00:00+00:00,2026-02-14T18:00:00+00:00,fa-cup,True,90.0,team_exact,4,0db48051-eb1a-516f-b185-a0846d6f83e1
fa-fotmob-5135170,5135170,3,90,191,Maxime Estève,2026-02-14T15:00:00+00:00,2026-02-14T18:00:00+00:00,fa-cup,True,90.0,team_exact,4,208bc81b-07bb-5202-9b86-f6535ba1a7a7
fa-fotmob-5135170,5135170,3,90,192,Quilindschy Hartman,2026-02-14T15:00:00+00:00,2026-02-14T18:00:00+00:00,fa-cup,True,90.0,team_exact,4,62a712a2-a9c6-5298-94c6-5bdfca8f45ab
fa-fotmob-5135170,5135170,3,90,193,Bashir Humphreys,2026-02-14T15:00:00+00:00,2026-02-14T18:00:00+00:00,fa-cup,False,0.0,team_exact,4,956e0ed0-2170-56bf-913d-61d007270278
fa-fotmob-5135170,5135170,3,90,195,Lucas Pires,2026-02-14T15:00:00+00:00,2026-02-14T18:00:00+00:00,fa-cup,False,0.0,team_exact,4,93153394-38ee-5f40-9adb-90f4f3307e4e
fa-fotmob-5135170,5135170,3,90,199,Joe Worrall,2026-02-14T15:00:00+00:00,2026-02-14T18:00:00+00:00,fa-cup,False,0.0,team_exact,4,8538fec0-f5e3-5124-9d3e-6b46fded6164
fa-fotmob-5135170,5135170,3,90,202,Jacob Bruun Larsen,2026-02-14T15:00:00+00:00,2026-02-14T18:00:00+00:00,fa-cup,True,90.0,team_exact,4,f33e474a-8556-5f17-915d-49956a1c0f64
fa-fotmob-5135170,5135170,3,90,206,Marcus Edwards,2026-02-14T15:00:00+00:00,2026-02-14T18:00:00+00:00,fa-cup,False,0.0,team_exact,4,145d420f-bb1d-5646-81b9-1baf31260fb4
fa-fotmob-5135170,5135170,3,90,207,Hannibal Mejbri,2026-02-14T15:00:00+00:00,2026-02-14T18:00:00+00:00,fa-cup,False,0.0,team_exact,4,9d1de056-bbbd-54d4-a192-06c57ccb0fd6
fa-fotmob-5135170,5135170,3,90,209,Josh Laurent,2026-02-14T15:00:00+00:00,2026-02-14T18:00:00+00:00,fa-cup,True,90.0,team_exact,4,f5da0015-9c1c-5ba2-a447-9fc51ceed482
fa-fotmob-5135170,5135170,3,90,210,Loum Tchaouna,2026-02-14T15:00:00+00:00,2026-02-14T18:00:00+00:00,fa-cup,True,90.0,team_exact,4,7271dade-6e34-5b7d-850a-ff0969f7a26e
fa-fotmob-5135170,5135170,3,90,215,Zian Flemming,2026-02-14T15:00:00+00:00,2026-02-14T18:00:00+00:00,fa-cup,False,0.0,team_exact,4,d32e1d40-cd0b-5139-ba7c-c76463a583d8
fa-fotmob-5135170,5135170,3,90,217,Lyle Foster,2026-02-14T15:00:00+00:00,2026-02-14T18:00:00+00:00,fa-cup,True,90.0,team_exact,4,fada1568-55fd-5aec-8b69-9db9bcbee6ae
fa-fotmob-5135170,5135170,3,90,614,James Ward-Prowse,2026-02-14T15:00:00+00:00,2026-02-14T18:00:00+00:00,fa-cup,True,90.0,team_exact,4,4156c194-ad00-5d9c-aa4d-5f67c7deba01
fa-fotmob-5135170,5135170,3,90,676,Lesley Ugochukwu,2026-02-14T15:00:00+00:00,2026-02-14T18:00:00+00:00,fa-cup,False,0.0,team_exact,4,032150f9-1246-5989-8ac4-532f1e3bce74
fa-fotmob-5135170,5135170,3,90,722,Florentino,2026-02-14T15:00:00+00:00,2026-02-14T18:00:00+00:00,fa-cup,True,90.0,team_exact,4,c59d2c13-36a9-56b4-b9fc-1462e5df19fc
fa-fotmob-5135175,5135175,13,43,82,Antoine Semenyo,2026-02-14T15:00:00+00:00,2026-02-14T18:00:00+00:00,fa-cup,False,0.0,team_exact,4,66ce5aaa-c0e9-5462-8a78-fae312616872
fa-fotmob-5135175,5135175,13,43,182,James Trafford,2026-02-14T15:00:00+00:00,2026-02-14T18:00:00+00:00,fa-cup,True,90.0,team_exact,4,8fc7e356-2dbb-50c9-8b7e-cc573f3855b4
fa-fotmob-5135175,5135175,13,43,260,Marc Guéhi,2026-02-14T15:00:00+00:00,2026-02-14T18:00:00+00:00,fa-cup,False,0.0,team_exact,4,607bc478-1de3-5627-b97c-8cc0c015b3e0
fa-fotmob-5135175,5135175,13,43,402,Rayan Aït-Nouri,2026-02-14T15:00:00+00:00,2026-02-14T18:00:00+00:00,fa-cup,True,90.0,team_exact,4,8f8bfbcb-af82-5a5c-952d-234afde668ad
fa-fotmob-5135175,5135175,13,43,406,Abdukodir Khusanov,2026-02-14T15:00:00+00:00,2026-02-14T18:00:00+00:00,fa-cup,True,90.0,team_exact,4,74dac327-64c8-5269-84db-4a4550f5f921
fa-fotmob-5135175,5135175,13,43,407,Matheus Nunes,2026-02-14T15:00:00+00:00,2026-02-14T18:00:00+00:00,fa-cup,False,0.0,team_exact,4,a6c3f89e-b9b1-5e12-9487-4f18ad700191
fa-fotmob-5135175,5135175,13,43,409,John Stones,2026-02-14T15:00:00+00:00,2026-02-14T18:00:00+00:00,fa-cup,True,90.0,team_exact,4,7eb8003c-fda3-5fc5-8d67-ca7a0d89468c
fa-fotmob-5135175,5135175,13,43,410,Rico Lewis,2026-02-14T15:00:00+00:00,2026-02-14T18:00:00+00:00,fa-cup,True,90.0,team_exact,4,83730675-676b-50b6-b1eb-8dac7bf1945f
fa-fotmob-5135175,5135175,13,43,411,Nico O'Reilly,2026-02-14T15:00:00+00:00,2026-02-14T18:00:00+00:00,fa-cup,False,0.0,team_exact,4,692da677-7071-5b72-89bc-cc722ba518e2
fa-fotmob-5135175,5135175,13,43,413,Omar Marmoush,2026-02-14T15:00:00+00:00,2026-02-14T18:00:00+00:00,fa-cup,True,90.0,team_exact,4,7ba3294a-acf2-50da-ba1c-626fce42c1dc
fa-fotmob-5135175,5135175,13,43,414,Phil Foden,2026-02-14T15:00:00+00:00,2026-02-14T18:00:00+00:00,fa-cup,True,90.0,team_exact,4,f717009d-d433-5fa0-9cf5-1e081478a8f1
fa-fotmob-5135175,5135175,13,43,417,Rayan Cherki,2026-02-14T15:00:00+00:00,2026-02-14T18:00:00+00:00,fa-cup,True,90.0,team_exact,4,eebb4710-6fe9-53e9-81e0-a650547126a0
fa-fotmob-5135175,5135175,13,43,427,Tijjani Reijnders,2026-02-14T15:00:00+00:00,2026-02-14T18:00:00+00:00,fa-cup,True,90.0,team_exact,4,138e28b4-ff6e-5598-bbd5-0b255b509b73
fa-fotmob-5135175,5135175,13,43,736,Gianluigi Donnarumma,2026-02-14T15:00:00+00:00,2026-02-14T18:00:00+00:00,fa-cup,False,0.0,team_exact,4,67859d1e-575f-5ae4-aa8d-8f36bd11696e
fa-fotmob-5135175,5135175,13,43,794,Max Alleyne,2026-02-14T15:00:00+00:00,2026-02-14T18:00:00+00:00,fa-cup,True,90.0,team_exact,4,438fc70b-3d5c-5a76-8236-a11719e82ea2
fa-fotmob-5135174,5135174,2,7,33,Marco Bizot,2026-02-14T17:45:00+00:00,2026-02-14T20:45:00+00:00,fa-cup,True,90.0,team_exact,4,91321184-4f36-5c7d-80ee-090e5416c822
fa-fotmob-5135174,5135174,2,7,37,Lucas Digne,2026-02-14T17:45:00+00:00,2026-02-14T20:45:00+00:00,fa-cup,True,90.0,team_exact,4,b4f928ae-7ba3-580f-98d8-aafd811dfc4b
fa-fotmob-5135174,5135174,2,7,39,Ian Maatsen,2026-02-14T17:45:00+00:00,2026-02-14T20:45:00+00:00,fa-cup,False,0.0,team_exact,4,359bea2a-202d-5b9f-be77-415683313cef
fa-fotmob-5135174,5135174,2,7,40,Tyrone Mings,2026-02-14T17:45:00+00:00,2026-02-14T20:45:00+00:00,fa-cup,False,0.0,team_exact,4,0af685cb-5dfb-5870-a8e7-c5f8568a71ad
fa-fotmob-5135174,5135174,2,7,41,Pau Torres,2026-02-14T17:45:00+00:00,2026-02-14T20:45:00+00:00,fa-cup,True,90.0,team_exact,4,d66fa01c-cc13-5ddf-bec4-31c90df4cade
fa-fotmob-5135174,5135174,2,7,42,Andrés García,2026-02-14T17:45:00+00:00,2026-02-14T20:45:00+00:00,fa-cup,False,0.0,team_exact,4,958d771e-00a9-59f9-a094-b799d8712588
fa-fotmob-5135174,5135174,2,7,44,Lamare Bogarde,2026-02-14T17:45:00+00:00,2026-02-14T20:45:00+00:00,fa-cup,True,90.0,team_exact,4,c462a624-2653-5229-87c5-bd5b685f0e3c
fa-fotmob-5135174,5135174,2,7,47,Morgan Rogers,2026-02-14T17:45:00+00:00,2026-02-14T20:45:00+00:00,fa-cup,True,90.0,team_exact,4,77f6a9da-b2d4-5034-84c5-2580945368b8
fa-fotmob-5135174,5135174,2,7,49,Leon Bailey,2026-02-14T17:45:00+00:00,2026-02-14T20:45:00+00:00,fa-cup,True,90.0,team_exact,4,fc551cf2-132e-5dac-a9b5-aaeb090b32b5
fa-fotmob-5135174,5135174,2,7,55,Ross Barkley,2026-02-14T17:45:00+00:00,2026-02-14T20:45:00+00:00,fa-cup,True,90.0,team_exact,4,7a546fa7-fe3d-5862-a0fc-4542c4583e9e
fa-fotmob-5135174,5135174,2,7,59,Amadou Onana,2026-02-14T17:45:00+00:00,2026-02-14T20:45:00+00:00,fa-cup,True,90.0,team_exact,4,492c6463-bf4e-50f7-a6c1-23e8693ceea0
fa-fotmob-5135174,5135174,2,7,64,Ollie Watkins,2026-02-14T17:45:00+00:00,2026-02-14T20:45:00+00:00,fa-cup,False,0.0,team_exact,4,a46d13d4-ea9c-563c-80b3-0e4a2e2883b8
fa-fotmob-5135174,5135174,2,7,456,Jadon Sancho,2026-02-14T17:45:00+00:00,2026-02-14T20:45:00+00:00,fa-cup,False,0.0,team_exact,4,08c10373-3236-58f3-8488-9bc9fad8dfde
fa-fotmob-5135174,5135174,2,7,699,Douglas Luiz,2026-02-14T17:45:00+00:00,2026-02-14T20:45:00+00:00,fa-cup,True,90.0,team_exact,4,75f6d292-641f-53ef-a822-a86d1d9c8086
fa-fotmob-5135174,5135174,2,7,719,Victor Nilsson Lindelöf,2026-02-14T17:45:00+00:00,2026-02-14T20:45:00+00:00,fa-cup,True,90.0,team_unique_surname,4,cb53d8d9-b190-5b1f-adab-60f5562d5d10
fa-fotmob-5135174,5135174,2,7,808,Tammy Abraham,2026-02-14T17:45:00+00:00,2026-02-14T20:45:00+00:00,fa-cup,True,90.0,team_exact,4,5dd58b2f-23b6-55e3-b59d-5617a42d6de1
fa-fotmob-5135174,5135174,15,4,52,Jacob Ramsey,2026-02-14T17:45:00+00:00,2026-02-14T20:45:00+00:00,fa-cup,True,90.0,team_exact,4,8385a2b5-f514-5b12-aa58-82c05b0c3586
fa-fotmob-5135174,5135174,15,4,469,Nick Pope,2026-02-14T17:45:00+00:00,2026-02-14T20:45:00+00:00,fa-cup,False,0.0,team_exact,4,00be15e9-135e-5a79-956f-cd70f121b4b0
fa-fotmob-5135174,5135174,15,4,473,Lewis Hall,2026-02-14T17:45:00+00:00,2026-02-14T20:45:00+00:00,fa-cup,True,90.0,team_exact,4,19517dba-f8bc-5da6-921a-eec76cc74b58
fa-fotmob-5135174,5135174,15,4,476,Daniel Burn,2026-02-14T17:45:00+00:00,2026-02-14T20:45:00+00:00,fa-cup,True,90.0,team_unique_surname,4,7d97f99a-8163-5c05-a74a-5dd9794bd812
fa-fotmob-5135174,5135174,15,4,478,Kieran Trippier,2026-02-14T17:45:00+00:00,2026-02-14T20:45:00+00:00,fa-cup,True,90.0,team_exact,4,f60b2907-3c2e-5574-80f2-70b4f5078182
fa-fotmob-5135174,5135174,15,4,485,Anthony Gordon,2026-02-14T17:45:00+00:00,2026-02-14T20:45:00+00:00,fa-cup,False,0.0,team_exact,4,49545ac1-d9f9-5a0a-b1f5-5bbeeb1bb7f6
fa-fotmob-5135174,5135174,15,4,486,Anthony Elanga,2026-02-14T17:45:00+00:00,2026-02-14T20:45:00+00:00,fa-cup,False,0.0,team_exact,4,428099b1-d444-5523-9c48-66ebf6956cc2
fa-fotmob-5135174,5135174,15,4,487,Harvey Barnes,2026-02-14T17:45:00+00:00,2026-02-14T20:45:00+00:00,fa-cup,True,90.0,team_exact,4,d7693e44-9092-592e-b518-8da97eaf9fdf
fa-fotmob-5135174,5135174,15,4,489,Jacob Murphy,2026-02-14T17:45:00+00:00,2026-02-14T20:45:00+00:00,fa-cup,True,90.0,team_exact,4,b5144153-3ffb-56d4-89c7-cf4cc50a101e
fa-fotmob-5135174,5135174,15,4,491,Sandro Tonali,2026-02-14T17:45:00+00:00,2026-02-14T20:45:00+00:00,fa-cup,True,90.0,team_exact,4,c7d912b7-acf9-59e7-a5a7-c7e64aed18da
fa-fotmob-5135174,5135174,15,4,494,Joseph Willock,2026-02-14T17:45:00+00:00,2026-02-14T20:45:00+00:00,fa-cup,False,0.0,team_unique_surname,4,fa7d8081-617d-5e86-a227-d01a088e1f55
fa-fotmob-5135174,5135174,15,4,500,William Osula,2026-02-14T17:45:00+00:00,2026-02-14T20:45:00+00:00,fa-cup,True,90.0,team_exact,4,c9bc6786-f728-505a-9d48-33b1f2444d9f
fa-fotmob-5135174,5135174,15,4,674,Aaron Ramsdale,2026-02-14T17:45:00+00:00,2026-02-14T20:45:00+00:00,fa-cup,True,90.0,team_exact,4,ef597ccf-9296-5f73-a908-245e5d67b0ef
fa-fotmob-5135174,5135174,15,4,684,Malick Thiaw,2026-02-14T17:45:00+00:00,2026-02-14T20:45:00+00:00,fa-cup,True,90.0,team_exact,4,b03249c0-b20e-52bd-a82c-add878e8eda0
fa-fotmob-5135174,5135174,15,4,714,Nick Woltemade,2026-02-14T17:45:00+00:00,2026-02-14T20:45:00+00:00,fa-cup,True,90.0,team_exact,4,a5e7c659-813a-5a36-8fb6-3f0f74e37c40
fa-fotmob-5135162,5135162,6,36,139,Bart Verbruggen,2026-02-14T20:00:00+00:00,2026-02-14T23:00:00+00:00,fa-cup,False,0.0,team_exact,4,9720eb96-9da3-5717-9ed4-45874361e243
fa-fotmob-5135162,5135162,6,36,143,Olivier Boscagli,2026-02-14T20:00:00+00:00,2026-02-14T23:00:00+00:00,fa-cup,False,0.0,team_exact,4,8336ddce-f2ef-5ef6-8084-2f36c38c78c2
fa-fotmob-5135162,5135162,6,36,145,Maxim De Cuyper,2026-02-14T20:00:00+00:00,2026-02-14T23:00:00+00:00,fa-cup,False,0.0,team_exact,4,b4dab7b7-e19a-5e09-89be-21a334277de4
fa-fotmob-5135162,5135162,6,36,146,Lewis Dunk,2026-02-14T20:00:00+00:00,2026-02-14T23:00:00+00:00,fa-cup,True,90.0,team_exact,4,a93b852e-6cc5-59da-a7e7-213f7dec5f1b
fa-fotmob-5135162,5135162,6,36,151,Jan Paul van Hecke,2026-02-14T20:00:00+00:00,2026-02-14T23:00:00+00:00,fa-cup,True,90.0,team_exact,4,5bb0cf13-0fc0-5a3b-a79f-a3be5c5eb24e
fa-fotmob-5135162,5135162,6,36,152,Joël Veltman,2026-02-14T20:00:00+00:00,2026-02-14T23:00:00+00:00,fa-cup,True,90.0,team_exact,4,85e0702e-8a5f-5470-a46a-a212a63f3661
fa-fotmob-5135162,5135162,6,36,158,Georginio Rutter,2026-02-14T20:00:00+00:00,2026-02-14T23:00:00+00:00,fa-cup,False,0.0,team_exact,4,e951e717-39ca-59bd-bf7f-6e59ece9fd54
fa-fotmob-5135162,5135162,6,36,160,Yankuba Minteh,2026-02-14T20:00:00+00:00,2026-02-14T23:00:00+00:00,fa-cup,False,0.0,team_exact,4,f6f6439f-07ed-5fba-988d-36a0c8ad3580
fa-fotmob-5135162,5135162,6,36,163,Jack Hinshelwood,2026-02-14T20:00:00+00:00,2026-02-14T23:00:00+00:00,fa-cup,True,90.0,team_exact,4,b0761079-7e99-5095-aa38-877404766193
fa-fotmob-5135162,5135162,6,36,167,Carlos Baleba,2026-02-14T20:00:00+00:00,2026-02-14T23:00:00+00:00,fa-cup,True,90.0,team_exact,4,2158389c-94df-554d-8089-885e17fa9cbe
fa-fotmob-5135162,5135162,6,36,170,James Milner,2026-02-14T20:00:00+00:00,2026-02-14T23:00:00+00:00,fa-cup,False,0.0,team_exact,4,a5750705-f098-5007-84b9-214a2063f4c8
fa-fotmob-5135162,5135162,6,36,173,Mats Wieffer,2026-02-14T20:00:00+00:00,2026-02-14T23:00:00+00:00,fa-cup,False,0.0,team_exact,4,e8f9ae6c-524f-581f-b52e-91657ed81bf5
fa-fotmob-5135162,5135162,6,36,178,Danny Welbeck,2026-02-14T20:00:00+00:00,2026-02-14T23:00:00+00:00,fa-cup,False,0.0,team_exact,4,241cebf3-67a3-5813-9b2f-43078d129f42
fa-fotmob-5135162,5135162,6,36,181,Charalampos Kostoulas,2026-02-14T20:00:00+00:00,2026-02-14T23:00:00+00:00,fa-cup,True,90.0,team_exact,4,29b8ba2a-672c-5467-b297-bb4fcd65f263
fa-fotmob-5135162,5135162,6,36,783,Pascal Groß,2026-02-14T20:00:00+00:00,2026-02-14T23:00:00+00:00,fa-cup,True,90.0,team_exact,4,eb26516f-9061-5a83-a316-5cd4bef43df5
fa-fotmob-5135162,5135162,6,36,795,Harry Howell,2026-02-14T20:00:00+00:00,2026-02-14T23:00:00+00:00,fa-cup,True,90.0,team_exact,4,f941023a-8afb-5610-bf89-e6cc352c84c9
fa-fotmob-5135162,5135162,12,14,366,Alisson Becker,2026-02-14T20:00:00+00:00,2026-02-14T23:00:00+00:00,fa-cup,True,90.0,team_exact,4,bb7d5990-008e-5f6d-871a-83ec4490dd2d
fa-fotmob-5135162,5135162,12,14,367,Giorgi Mamardashvili,2026-02-14T20:00:00+00:00,2026-02-14T23:00:00+00:00,fa-cup,False,0.0,team_exact,4,f2831f63-18d0-5405-9349-288d723614fe
fa-fotmob-5135162,5135162,12,14,371,Milos Kerkez,2026-02-14T20:00:00+00:00,2026-02-14T23:00:00+00:00,fa-cup,True,90.0,team_exact,4,4b503a23-131b-5e74-983e-6d9f3f06f2dd
fa-fotmob-5135162,5135162,12,14,372,Andrew Robertson,2026-02-14T20:00:00+00:00,2026-02-14T23:00:00+00:00,fa-cup,False,0.0,team_exact,4,9e1945d4-3c6d-54ed-b8d0-6ba8f66541c2
fa-fotmob-5135162,5135162,12,14,373,Virgil van Dijk,2026-02-14T20:00:00+00:00,2026-02-14T23:00:00+00:00,fa-cup,True,90.0,team_exact,4,b8d260b7-8922-5c13-b885-b00fbe91b80e
fa-fotmob-5135162,5135162,12,14,374,Ibrahima Konaté,2026-02-14T20:00:00+00:00,2026-02-14T23:00:00+00:00,fa-cup,True,90.0,team_exact,4,66e53a63-86c7-5b13-92b7-7f9d7f77e440
fa-fotmob-5135162,5135162,12,14,376,Joseph Gomez,2026-02-14T20:00:00+00:00,2026-02-14T23:00:00+00:00,fa-cup,False,0.0,team_unique_surname,4,0ffc6ec2-ca3e-5db4-8ebf-a8eba45464b9
fa-fotmob-5135162,5135162,12,14,381,Mohamed Salah,2026-02-14T20:00:00+00:00,2026-02-14T23:00:00+00:00,fa-cup,True,90.0,team_exact,4,5ac01d0b-69fc-5dea-acd4-ecdaec724a83
fa-fotmob-5135162,5135162,12,14,382,Florian Wirtz,2026-02-14T20:00:00+00:00,2026-02-14T23:00:00+00:00,fa-cup,True,90.0,team_exact,4,e1be452d-eabb-5030-8f89-d3b48d85fedb
fa-fotmob-5135162,5135162,12,14,384,Cody Gakpo,2026-02-14T20:00:00+00:00,2026-02-14T23:00:00+00:00,fa-cup,True,90.0,team_exact,4,3662a836-64ae-524d-ac5d-6c64245981a2
fa-fotmob-5135162,5135162,12,14,385,Federico Chiesa,2026-02-14T20:00:00+00:00,2026-02-14T23:00:00+00:00,fa-cup,True,90.0,team_exact,4,a71659ac-51ab-555b-9916-b585f197aa60
fa-fotmob-5135162,5135162,12,14,386,Alexis Mac Allister,2026-02-14T20:00:00+00:00,2026-02-14T23:00:00+00:00,fa-cup,True,90.0,team_exact,4,d982f8cc-b7f6-5eef-880a-7588a8d9c761
fa-fotmob-5135162,5135162,12,14,387,Dominik Szoboszlai,2026-02-14T20:00:00+00:00,2026-02-14T23:00:00+00:00,fa-cup,True,90.0,team_exact,4,b8cff13d-168c-5c65-ad52-99b0426b08f2
fa-fotmob-5135162,5135162,12,14,388,Curtis Jones,2026-02-14T20:00:00+00:00,2026-02-14T23:00:00+00:00,fa-cup,True,90.0,team_exact,4,69b2f335-365b-5201-b36b-babf799e628a
fa-fotmob-5135162,5135162,12,14,390,Ryan Gravenberch,2026-02-14T20:00:00+00:00,2026-02-14T23:00:00+00:00,fa-cup,False,0.0,team_exact,4,b02dbbb7-35b6-53d3-be68-f7c1b2c4e70f
fa-fotmob-5135162,5135162,12,14,661,Hugo Ekitiké,2026-02-14T20:00:00+00:00,2026-02-14T23:00:00+00:00,fa-cup,False,0.0,team_exact,4,1f949251-9252-593a-a2f0-d26d1f7e776b
fa-fotmob-5135162,5135162,12,14,686,Rio Ngumoha,2026-02-14T20:00:00+00:00,2026-02-14T23:00:00+00:00,fa-cup,False,0.0,team_exact,4,debd2971-955d-5acb-b321-caec89c7ad6d
fa-fotmob-5135177,5135177,11,2,168,Facundo Buonanotte,2026-02-15T12:00:00+00:00,2026-02-15T15:00:00+00:00,fa-cup,True,120.0,team_exact,4,c86ca08c-b2a0-524b-91f4-254b65701bdd
fa-fotmob-5135177,5135177,11,2,341,Karl Darlow,2026-02-15T12:00:00+00:00,2026-02-15T15:00:00+00:00,fa-cup,False,0.0,team_exact,4,d921acea-ffba-515b-a957-12586c43f133
fa-fotmob-5135177,5135177,11,2,342,Jayden Bogle,2026-02-15T12:00:00+00:00,2026-02-15T15:00:00+00:00,fa-cup,False,0.0,team_exact,4,474896af-e9ef-5bb3-b82b-79c2fb8c891e
fa-fotmob-5135177,5135177,11,2,344,Jaka Bijol,2026-02-15T12:00:00+00:00,2026-02-15T15:00:00+00:00,fa-cup,True,120.0,team_exact,4,43ae6b5e-3989-58fb-8540-6a539dd06218
fa-fotmob-5135177,5135177,11,2,345,Sebastiaan Bornauw,2026-02-15T12:00:00+00:00,2026-02-15T15:00:00+00:00,fa-cup,True,120.0,team_exact,4,a8678248-1555-5a99-8bcd-6ec2a944ea53
fa-fotmob-5135177,5135177,11,2,347,Gabriel Gudmundsson,2026-02-15T12:00:00+00:00,2026-02-15T15:00:00+00:00,fa-cup,True,120.0,team_exact,4,2151f057-0065-57a0-87e5-2a434738b8d1
fa-fotmob-5135177,5135177,11,2,348,Joe Rodon,2026-02-15T12:00:00+00:00,2026-02-15T15:00:00+00:00,fa-cup,False,0.0,team_exact,4,80984ab9-f368-5f6c-be67-3ca8dc321a4e
fa-fotmob-5135177,5135177,11,2,350,Brenden Aaronson,2026-02-15T12:00:00+00:00,2026-02-15T15:00:00+00:00,fa-cup,False,0.0,team_exact,4,c550c5c9-6be9-5d60-a724-ed8b1d333548
fa-fotmob-5135177,5135177,11,2,351,Wilfried Gnonto,2026-02-15T12:00:00+00:00,2026-02-15T15:00:00+00:00,fa-cup,True,120.0,team_exact,4,636ed36a-8aff-58b0-a5e5-7b5894084b12
fa-fotmob-5135177,5135177,11,2,354,Ethan Ampadu,2026-02-15T12:00:00+00:00,2026-02-15T15:00:00+00:00,fa-cup,False,0.0,team_exact,4,82e95b4b-22b2-59a9-b33b-e199df378fe3
fa-fotmob-5135177,5135177,11,2,356,Ilia Gruev,2026-02-15T12:00:00+00:00,2026-02-15T15:00:00+00:00,fa-cup,False,0.0,team_exact,4,3c3955d4-e30d-55eb-924e-d252c6949a50
fa-fotmob-5135177,5135177,11,2,362,Joël Piroe,2026-02-15T12:00:00+00:00,2026-02-15T15:00:00+00:00,fa-cup,False,0.0,team_exact,4,444fa31b-486a-5e4b-94ca-7e00df06a41b
fa-fotmob-5135177,5135177,11,2,365,Lukas Nmecha,2026-02-15T12:00:00+00:00,2026-02-15T15:00:00+00:00,fa-cup,True,120.0,team_exact,4,2b912d01-8ef9-569f-bb93-0cec5c578194
fa-fotmob-5135177,5135177,11,2,493,Sean Longstaff,2026-02-15T12:00:00+00:00,2026-02-15T15:00:00+00:00,fa-cup,True,120.0,team_exact,4,015a7f1a-67ab-53dc-babc-333cf97f761f
fa-fotmob-5135177,5135177,11,2,665,Lucas Perri,2026-02-15T12:00:00+00:00,2026-02-15T15:00:00+00:00,fa-cup,True,120.0,team_unique_surname,4,542e61a7-899c-5785-91c5-c76ab1e53e2d
fa-fotmob-5135177,5135177,11,2,691,Dominic Calvert-Lewin,2026-02-15T12:00:00+00:00,2026-02-15T15:00:00+00:00,fa-cup,False,0.0,team_exact,4,63588bd5-68f8-567a-8175-c17ab42b05f3
fa-fotmob-5135177,5135177,11,2,698,Noah Okafor,2026-02-15T12:00:00+00:00,2026-02-15T15:00:00+00:00,fa-cup,True,120.0,team_exact,4,8e67ff00-ad19-5384-8c44-acf0faf97249
fa-fotmob-5135177,5135177,11,2,706,James Justin,2026-02-15T12:00:00+00:00,2026-02-15T15:00:00+00:00,fa-cup,True,120.0,team_exact,4,e5ce8638-ef71-56e5-ae05-c0e425118aa3
fa-fotmob-5135173,5135173,20,39,627,Sam Johnstone,2026-02-15T13:30:00+00:00,2026-02-15T16:30:00+00:00,fa-cup,True,90.0,team_exact,4,41af0355-d126-5dc9-b44e-6d3d4ad2661b
fa-fotmob-5135173,5135173,20,39,629,Daniel Bentley,2026-02-15T13:30:00+00:00,2026-02-15T16:30:00+00:00,fa-cup,False,0.0,team_exact,4,2fa40b7b-3ae8-5f1c-9520-aa9d58b7aee5
fa-fotmob-5135173,5135173,20,39,632,Matt Doherty,2026-02-15T13:30:00+00:00,2026-02-15T16:30:00+00:00,fa-cup,False,0.0,team_exact,4,1af989ce-689b-54c9-b0af-f7cc033bb301
fa-fotmob-5135173,5135173,20,39,640,Pedro Lima,2026-02-15T13:30:00+00:00,2026-02-15T16:30:00+00:00,fa-cup,False,0.0,team_exact,4,5c50ad44-fb04-5cd7-9d1f-513b77683809
fa-fotmob-5135173,5135173,20,39,643,André,2026-02-15T13:30:00+00:00,2026-02-15T16:30:00+00:00,fa-cup,True,90.0,team_exact,4,00cc549f-a9f0-54b0-8cbc-ef47c7f8251b
fa-fotmob-5135173,5135173,20,39,644,Jean-Ricner Bellegarde,2026-02-15T13:30:00+00:00,2026-02-15T16:30:00+00:00,fa-cup,False,0.0,team_exact,4,ebd46261-67a5-56cc-9b55-02bde7f16bba
fa-fotmob-5135173,5135173,20,39,682,David Møller Wolfe,2026-02-15T13:30:00+00:00,2026-02-15T16:30:00+00:00,fa-cup,True,90.0,team_exact,4,3a3da8a7-b40c-5129-bab5-9c920e3a58ab
fa-fotmob-5135173,5135173,20,39,695,Jackson Tchatchoua,2026-02-15T13:30:00+00:00,2026-02-15T16:30:00+00:00,fa-cup,True,90.0,team_exact,4,a2bfdc0c-78a1-5fff-b07a-3cbbbabdeba5
fa-fotmob-5135173,5135173,20,39,709,Ladislav Krejcí,2026-02-15T13:30:00+00:00,2026-02-15T16:30:00+00:00,fa-cup,True,90.0,team_exact,4,aa986b3e-e0d4-5c58-b3da-46a8810d3ca9
fa-fotmob-5135173,5135173,20,39,720,Tolu Arokodare,2026-02-15T13:30:00+00:00,2026-02-15T16:30:00+00:00,fa-cup,True,90.0,team_exact,4,a97d91b0-ab9b-5d5d-a9e8-01690cad9588
fa-fotmob-5135173,5135173,20,39,749,Mateus Mané,2026-02-15T13:30:00+00:00,2026-02-15T16:30:00+00:00,fa-cup,True,90.0,team_exact,4,9ac5d5a9-74b6-578c-8e14-559019eb509d
fa-fotmob-5135173,5135173,20,39,816,Angel Gomes,2026-02-15T13:30:00+00:00,2026-02-15T16:30:00+00:00,fa-cup,False,0.0,team_exact,4,15d02b2c-303d-5403-b3ee-c1bb398578ae
fa-fotmob-5135173,5135173,20,39,817,Adam Armstrong,2026-02-15T13:30:00+00:00,2026-02-15T16:30:00+00:00,fa-cup,True,90.0,team_exact,4,ef5625b9-1910-5982-85f1-1966467ad375
fa-fotmob-5135161,5135161,10,54,314,Bernd Leno,2026-02-15T14:00:00+00:00,2026-02-15T17:00:00+00:00,fa-cup,False,0.0,team_exact,4,83056bd2-b742-5b28-b32d-8ba4a3902c61
fa-fotmob-5135161,5135161,10,54,316,Antonee Robinson,2026-02-15T14:00:00+00:00,2026-02-15T17:00:00+00:00,fa-cup,True,90.0,team_exact,4,b0f2d5cb-b80d-5e8a-9e43-b15a89d555ca
fa-fotmob-5135161,5135161,10,54,317,Joachim Andersen,2026-02-15T14:00:00+00:00,2026-02-15T17:00:00+00:00,fa-cup,False,0.0,team_exact,4,c369cb81-fb27-51a7-8457-4b7a866bbbdc
fa-fotmob-5135161,5135161,10,54,318,Calvin Bassey,2026-02-15T14:00:00+00:00,2026-02-15T17:00:00+00:00,fa-cup,False,0.0,team_exact,4,184a3e3b-1fa2-5323-8175-88f9b20eb992
fa-fotmob-5135161,5135161,10,54,319,Timothy Castagne,2026-02-15T14:00:00+00:00,2026-02-15T17:00:00+00:00,fa-cup,True,90.0,team_exact,4,e2d4248d-32fc-5ca0-8ae6-6abd3c22634e
fa-fotmob-5135161,5135161,10,54,320,Issa Diop,2026-02-15T14:00:00+00:00,2026-02-15T17:00:00+00:00,fa-cup,True,90.0,team_exact,4,9b9067ce-8398-553d-8496-d169d55e5396
fa-fotmob-5135161,5135161,10,54,322,Kenny Tete,2026-02-15T14:00:00+00:00,2026-02-15T17:00:00+00:00,fa-cup,False,0.0,team_exact,4,af777f5c-5e76-5ea9-8f99-a7a8459df650
fa-fotmob-5135161,5135161,10,54,324,Alex Iwobi,2026-02-15T14:00:00+00:00,2026-02-15T17:00:00+00:00,fa-cup,True,90.0,team_exact,4,bf6c1651-0779-512e-9c37-3b8ac8c14714
fa-fotmob-5135161,5135161,10,54,325,Emile Smith Rowe,2026-02-15T14:00:00+00:00,2026-02-15T17:00:00+00:00,fa-cup,False,0.0,team_exact,4,7f48ec5f-f934-516a-9c1f-84d42bd974ff
fa-fotmob-5135161,5135161,10,54,328,Ryan Sessegnon,2026-02-15T14:00:00+00:00,2026-02-15T17:00:00+00:00,fa-cup,False,0.0,team_exact,4,ada8c7db-805e-5910-b00a-946e17af3218
fa-fotmob-5135161,5135161,10,54,329,Harry Wilson,2026-02-15T14:00:00+00:00,2026-02-15T17:00:00+00:00,fa-cup,False,0.0,team_exact,4,6cfbd227-d6d0-525d-810f-a1e929d406bf
fa-fotmob-5135161,5135161,10,54,330,Sander Berge,2026-02-15T14:00:00+00:00,2026-02-15T17:00:00+00:00,fa-cup,False,0.0,team_exact,4,f0504a37-2a31-5f04-8704-2c307c2384cd
fa-fotmob-5135161,5135161,10,54,335,Joshua King,2026-02-15T14:00:00+00:00,2026-02-15T17:00:00+00:00,fa-cup,True,90.0,team_unique_surname,4,9f1ab4dd-f86c-5749-967d-c8f0fbfe15f7
fa-fotmob-5135161,5135161,10,54,336,Harrison Reed,2026-02-15T14:00:00+00:00,2026-02-15T17:00:00+00:00,fa-cup,True,90.0,team_exact,4,c04d1727-85e9-5596-a2b4-b5341c1ffb6a
fa-fotmob-5135161,5135161,10,54,424,Oscar Bobb,2026-02-15T14:00:00+00:00,2026-02-15T17:00:00+00:00,fa-cup,True,90.0,team_exact,4,ef856b2c-4200-58fa-8d76-23913677f5ba
fa-fotmob-5135161,5135161,10,54,731,Kevin,2026-02-15T14:00:00+00:00,2026-02-15T17:00:00+00:00,fa-cup,True,90.0,team_exact,4,4dba3178-ba81-5a3b-99aa-be47c6225e49
fa-fotmob-5135163,5135163,17,56,532,Trai Hume,2026-02-15T14:00:00+00:00,2026-02-15T17:00:00+00:00,fa-cup,True,90.0,team_exact,4,2e06beff-d060-52c5-b090-ef85e142bc03
fa-fotmob-5135163,5135163,17,56,535,Dennis Cirkin,2026-02-15T14:00:00+00:00,2026-02-15T17:00:00+00:00,fa-cup,True,90.0,team_exact,4,599b3b1e-964d-5fae-b225-2aee23b65bad
fa-fotmob-5135163,5135163,17,56,539,Luke O'Nien,2026-02-15T14:00:00+00:00,2026-02-15T17:00:00+00:00,fa-cup,True,90.0,team_exact,4,98e68e85-52f1-5832-b572-18ffcbfa3d40
fa-fotmob-5135163,5135163,17,56,544,Habib Diarra,2026-02-15T14:00:00+00:00,2026-02-15T17:00:00+00:00,fa-cup,True,90.0,team_exact,4,627a9a22-f6d8-553e-9594-316391089ebc
fa-fotmob-5135163,5135163,17,56,547,Enzo Le Fée,2026-02-15T14:00:00+00:00,2026-02-15T17:00:00+00:00,fa-cup,True,90.0,team_exact,4,40b6a84e-8e7e-529b-8b4e-a2979b1bc8e4
fa-fotmob-5135163,5135163,17,56,548,Romaine Mundle,2026-02-15T14:00:00+00:00,2026-02-15T17:00:00+00:00,fa-cup,True,90.0,team_exact,4,e65af070-c3e5-52d5-a47d-80432c274dc7
fa-fotmob-5135163,5135163,17,56,551,Chris Rigg,2026-02-15T14:00:00+00:00,2026-02-15T17:00:00+00:00,fa-cup,False,0.0,team_exact,4,eeb782c9-d515-562b-b132-d07e7ac988fa
fa-fotmob-5135163,5135163,17,56,552,Noah Sadiki,2026-02-15T14:00:00+00:00,2026-02-15T17:00:00+00:00,fa-cup,False,0.0,team_exact,4,e5098785-f2ed-5b29-af5e-f569a62ab2c0
fa-fotmob-5135163,5135163,17,56,553,Chemsdine Talbi,2026-02-15T14:00:00+00:00,2026-02-15T17:00:00+00:00,fa-cup,True,90.0,team_exact,4,483fd668-a74d-5c5c-9111-a023961f914b
fa-fotmob-5135163,5135163,17,56,560,Wilson Isidor,2026-02-15T14:00:00+00:00,2026-02-15T17:00:00+00:00,fa-cup,True,90.0,team_exact,4,cbc3d646-143c-51fb-9e03-365e6edc5e78
fa-fotmob-5135163,5135163,17,56,670,Robin Roefs,2026-02-15T14:00:00+00:00,2026-02-15T17:00:00+00:00,fa-cup,True,90.0,team_exact,4,17b0293a-a54d-554b-bdba-368217c87ad9
fa-fotmob-5135163,5135163,17,56,694,Nordi Mukiele,2026-02-15T14:00:00+00:00,2026-02-15T17:00:00+00:00,fa-cup,True,90.0,team_exact,4,53bfdbe9-b833-5ee6-b24f-4b838a2a0fa6
fa-fotmob-5135163,5135163,17,56,724,Lutsharel Geertruida,2026-02-15T14:00:00+00:00,2026-02-15T17:00:00+00:00,fa-cup,True,90.0,team_exact,4,d7a7fcda-2a3c-55c2-80be-adc778736b39
fa-fotmob-5135163,5135163,17,56,730,Brian Brobbey,2026-02-15T14:00:00+00:00,2026-02-15T17:00:00+00:00,fa-cup,False,0.0,team_exact,4,bb4e74c1-9fc8-588e-8e27-159ea5d120df
fa-fotmob-5135163,5135163,17,56,800,Jocelin Ta Bi,2026-02-15T14:00:00+00:00,2026-02-15T17:00:00+00:00,fa-cup,False,0.0,team_unique_surname,4,225f5e34-6fc2-5816-9440-78853ac977df
fa-fotmob-5135163,5135163,17,56,812,Melker Ellborg,2026-02-15T14:00:00+00:00,2026-02-15T17:00:00+00:00,fa-cup,False,0.0,team_exact,4,6a84c769-ac8f-5aa6-b83b-8d51625d8b35
fa-fotmob-5135163,5135163,17,56,813,Nilson Angulo,2026-02-15T14:00:00+00:00,2026-02-15T17:00:00+00:00,fa-cup,False,0.0,team_exact,4,a213c4ca-4778-5981-91eb-7708f7294de0
fa-fotmob-5135166,5135166,1,3,5,Gabriel,2026-02-15T16:30:00+00:00,2026-02-15T19:30:00+00:00,fa-cup,False,0.0,team_exact,4,291c5e04-2c65-573a-9493-d704d3de79de
fa-fotmob-5135166,5135166,1,3,6,William Saliba,2026-02-15T16:30:00+00:00,2026-02-15T19:30:00+00:00,fa-cup,True,90.0,team_exact,4,33f66c9a-ce45-5380-86e0-7903760138c9
fa-fotmob-5135166,5135166,1,3,10,Myles Lewis-Skelly,2026-02-15T16:30:00+00:00,2026-02-15T19:30:00+00:00,fa-cup,True,90.0,team_exact,4,8bac1cb7-1c33-563a-9137-8a394efb10f5
fa-fotmob-5135166,5135166,1,3,11,Ben White,2026-02-15T16:30:00+00:00,2026-02-15T19:30:00+00:00,fa-cup,True,90.0,team_unique_surname,4,b6572497-1067-596a-a218-6e465214dcc8
fa-fotmob-5135166,5135166,1,3,16,Bukayo Saka,2026-02-15T16:30:00+00:00,2026-02-15T19:30:00+00:00,fa-cup,True,90.0,team_exact,4,4c3f279c-cb21-57c6-9d58-3decef97625e
fa-fotmob-5135166,5135166,1,3,18,Noni Madueke,2026-02-15T16:30:00+00:00,2026-02-15T19:30:00+00:00,fa-cup,True,90.0,team_exact,4,70c234df-f148-59b3-b1f9-6d390e9cf562
fa-fotmob-5135166,5135166,1,3,20,Leandro Trossard,2026-02-15T16:30:00+00:00,2026-02-15T19:30:00+00:00,fa-cup,False,0.0,team_exact,4,0f08cbfd-21a3-57ae-9b9f-8692d62a6a24
fa-fotmob-5135166,5135166,1,3,21,Declan Rice,2026-02-15T16:30:00+00:00,2026-02-15T19:30:00+00:00,fa-cup,False,0.0,team_exact,4,a8d1cfeb-4f1e-53fc-a90a-4610ccf746c6
fa-fotmob-5135166,5135166,1,3,24,Christian Nørgaard,2026-02-15T16:30:00+00:00,2026-02-15T19:30:00+00:00,fa-cup,True,90.0,team_exact,4,47160bb8-b2e7-5eb8-8ca4-64757268e9ba
fa-fotmob-5135166,5135166,1,3,266,Eberechi Eze,2026-02-15T16:30:00+00:00,2026-02-15T19:30:00+00:00,fa-cup,True,90.0,team_exact,4,79caa72c-19b1-5ed2-9eea-49bec88916b3
fa-fotmob-5135166,5135166,1,3,662,Cristhian Mosquera,2026-02-15T16:30:00+00:00,2026-02-15T19:30:00+00:00,fa-cup,True,90.0,team_exact,4,b565eaae-40d9-5a94-8063-106bd85084b9
fa-fotmob-5135166,5135166,1,3,666,Viktor Gyökeres,2026-02-15T16:30:00+00:00,2026-02-15T19:30:00+00:00,fa-cup,False,0.0,team_exact,4,234cf75e-2a33-5c20-84e6-e2da37e6e93e
fa-fotmob-5135166,5135166,1,3,725,Piero Hincapié,2026-02-15T16:30:00+00:00,2026-02-15T19:30:00+00:00,fa-cup,False,0.0,team_exact,4,985b9a31-a1a8-56e4-8ff5-61888deeb760
fa-fotmob-5135176,5135176,5,94,83,Dango Ouattara,2026-02-16T19:30:00+00:00,2026-02-16T22:30:00+00:00,fa-cup,False,0.0,team_exact,4,9c63b373-5b16-5d1a-8ee1-2b35708a7892
fa-fotmob-5135176,5135176,5,94,105,Hákon Rafn Valdimarsson,2026-02-16T19:30:00+00:00,2026-02-16T22:30:00+00:00,fa-cup,True,90.0,team_exact,4,2f4a5cd6-8238-5ff2-9cac-0239ae561506
fa-fotmob-5135176,5135176,5,94,106,Nathan Collins,2026-02-16T19:30:00+00:00,2026-02-16T22:30:00+00:00,fa-cup,True,90.0,team_exact,4,bb04fd88-02f4-5b58-a126-01b07e773bd8
fa-fotmob-5135176,5135176,5,94,107,Keane Lewis-Potter,2026-02-16T19:30:00+00:00,2026-02-16T22:30:00+00:00,fa-cup,False,0.0,team_exact,4,c5c12262-4fce-5d62-89d5-5e4ae2679565
fa-fotmob-5135176,5135176,5,94,108,Kristoffer Ajer,2026-02-16T19:30:00+00:00,2026-02-16T22:30:00+00:00,fa-cup,False,0.0,team_exact,4,0fc3de1a-eecc-53a7-b727-451560c890d1
fa-fotmob-5135176,5135176,5,94,109,Rico Henry,2026-02-16T19:30:00+00:00,2026-02-16T22:30:00+00:00,fa-cup,False,0.0,team_exact,4,04c00d3c-a507-5c56-8464-e17ca313c99d
fa-fotmob-5135176,5135176,5,94,110,Michael Kayode,2026-02-16T19:30:00+00:00,2026-02-16T22:30:00+00:00,fa-cup,True,90.0,team_exact,4,68341849-eb35-5296-a270-848df8393917
fa-fotmob-5135176,5135176,5,94,111,Ethan Pinnock,2026-02-16T19:30:00+00:00,2026-02-16T22:30:00+00:00,fa-cup,True,90.0,team_exact,4,2a5fa9ad-82a2-52c4-bba0-61a641eb0d07
fa-fotmob-5135176,5135176,5,94,113,Sepp van den Berg,2026-02-16T19:30:00+00:00,2026-02-16T22:30:00+00:00,fa-cup,False,0.0,team_exact,4,3dabd7b1-0f28-5272-86ae-4c5392e1aa45
fa-fotmob-5135176,5135176,5,94,116,Aaron Hickey,2026-02-16T19:30:00+00:00,2026-02-16T22:30:00+00:00,fa-cup,True,90.0,team_exact,4,e9e9ef49-852e-55b1-9544-097415eb392b
fa-fotmob-5135176,5135176,5,94,125,Vitaly Janelt,2026-02-16T19:30:00+00:00,2026-02-16T22:30:00+00:00,fa-cup,True,90.0,team_exact,4,1ef77ed3-fd32-5bdb-aa75-d9414ac14df0
fa-fotmob-5135176,5135176,5,94,126,Mathias Jensen,2026-02-16T19:30:00+00:00,2026-02-16T22:30:00+00:00,fa-cup,True,90.0,team_exact,4,e5d36ad0-dba5-56c7-a5d2-b091b2fa1b0d
fa-fotmob-5135176,5135176,5,94,129,Yehor Yarmoliuk,2026-02-16T19:30:00+00:00,2026-02-16T22:30:00+00:00,fa-cup,True,90.0,team_exact,4,9a8ecf00-4990-5980-88ac-7e6f3426cc04
fa-fotmob-5186383,5186383,12,14,366,Alisson Becker,2026-03-06T20:00:00+00:00,2026-03-06T23:00:00+00:00,fa-cup,True,90.0,team_exact,5,bb7d5990-008e-5f6d-871a-83ec4490dd2d
fa-fotmob-5186383,5186383,12,14,367,Giorgi Mamardashvili,2026-03-06T20:00:00+00:00,2026-03-06T23:00:00+00:00,fa-cup,False,0.0,team_exact,5,f2831f63-18d0-5405-9349-288d723614fe
fa-fotmob-5186383,5186383,12,14,370,Jeremie Frimpong,2026-03-06T20:00:00+00:00,2026-03-06T23:00:00+00:00,fa-cup,False,0.0,team_exact,5,abc5ff85-af28-52a6-899e-59f93406af42
fa-fotmob-5186383,5186383,12,14,371,Milos Kerkez,2026-03-06T20:00:00+00:00,2026-03-06T23:00:00+00:00,fa-cup,False,0.0,team_exact,5,4b503a23-131b-5e74-983e-6d9f3f06f2dd
fa-fotmob-5186383,5186383,12,14,372,Andrew Robertson,2026-03-06T20:00:00+00:00,2026-03-06T23:00:00+00:00,fa-cup,True,90.0,team_exact,5,9e1945d4-3c6d-54ed-b8d0-6ba8f66541c2
fa-fotmob-5186383,5186383,12,14,373,Virgil van Dijk,2026-03-06T20:00:00+00:00,2026-03-06T23:00:00+00:00,fa-cup,True,90.0,team_exact,5,b8d260b7-8922-5c13-b885-b00fbe91b80e
fa-fotmob-5186383,5186383,12,14,374,Ibrahima Konaté,2026-03-06T20:00:00+00:00,2026-03-06T23:00:00+00:00,fa-cup,False,0.0,team_exact,5,66e53a63-86c7-5b13-92b7-7f9d7f77e440
fa-fotmob-5186383,5186383,12,14,376,Joseph Gomez,2026-03-06T20:00:00+00:00,2026-03-06T23:00:00+00:00,fa-cup,True,90.0,team_unique_surname,5,0ffc6ec2-ca3e-5db4-8ebf-a8eba45464b9
fa-fotmob-5186383,5186383,12,14,381,Mohamed Salah,2026-03-06T20:00:00+00:00,2026-03-06T23:00:00+00:00,fa-cup,True,90.0,team_exact,5,5ac01d0b-69fc-5dea-acd4-ecdaec724a83
fa-fotmob-5186383,5186383,12,14,382,Florian Wirtz,2026-03-06T20:00:00+00:00,2026-03-06T23:00:00+00:00,fa-cup,False,0.0,team_exact,5,e1be452d-eabb-5030-8f89-d3b48d85fedb
fa-fotmob-5186383,5186383,12,14,384,Cody Gakpo,2026-03-06T20:00:00+00:00,2026-03-06T23:00:00+00:00,fa-cup,True,90.0,team_exact,5,3662a836-64ae-524d-ac5d-6c64245981a2
fa-fotmob-5186383,5186383,12,14,385,Federico Chiesa,2026-03-06T20:00:00+00:00,2026-03-06T23:00:00+00:00,fa-cup,False,0.0,team_exact,5,a71659ac-51ab-555b-9916-b585f197aa60
fa-fotmob-5186383,5186383,12,14,386,Alexis Mac Allister,2026-03-06T20:00:00+00:00,2026-03-06T23:00:00+00:00,fa-cup,True,90.0,team_exact,5,d982f8cc-b7f6-5eef-880a-7588a8d9c761
fa-fotmob-5186383,5186383,12,14,387,Dominik Szoboszlai,2026-03-06T20:00:00+00:00,2026-03-06T23:00:00+00:00,fa-cup,True,90.0,team_exact,5,b8cff13d-168c-5c65-ad52-99b0426b08f2
fa-fotmob-5186383,5186383,12,14,388,Curtis Jones,2026-03-06T20:00:00+00:00,2026-03-06T23:00:00+00:00,fa-cup,True,90.0,team_exact,5,69b2f335-365b-5201-b36b-babf799e628a
fa-fotmob-5186383,5186383,12,14,390,Ryan Gravenberch,2026-03-06T20:00:00+00:00,2026-03-06T23:00:00+00:00,fa-cup,True,90.0,team_exact,5,b02dbbb7-35b6-53d3-be68-f7c1b2c4e70f
fa-fotmob-5186383,5186383,12,14,661,Hugo Ekitiké,2026-03-06T20:00:00+00:00,2026-03-06T23:00:00+00:00,fa-cup,False,0.0,team_exact,5,1f949251-9252-593a-a2f0-d26d1f7e776b
fa-fotmob-5186383,5186383,12,14,686,Rio Ngumoha,2026-03-06T20:00:00+00:00,2026-03-06T23:00:00+00:00,fa-cup,True,90.0,team_exact,5,debd2971-955d-5acb-b321-caec89c7ad6d
fa-fotmob-5186383,5186383,20,39,627,Sam Johnstone,2026-03-06T20:00:00+00:00,2026-03-06T23:00:00+00:00,fa-cup,True,90.0,team_exact,5,41af0355-d126-5dc9-b44e-6d3d4ad2661b
fa-fotmob-5186383,5186383,20,39,629,Daniel Bentley,2026-03-06T20:00:00+00:00,2026-03-06T23:00:00+00:00,fa-cup,False,0.0,team_exact,5,2fa40b7b-3ae8-5f1c-9520-aa9d58b7aee5
fa-fotmob-5186383,5186383,20,39,632,Matt Doherty,2026-03-06T20:00:00+00:00,2026-03-06T23:00:00+00:00,fa-cup,False,0.0,team_exact,5,1af989ce-689b-54c9-b0af-f7cc033bb301
fa-fotmob-5186383,5186383,20,39,637,Toti Gomes,2026-03-06T20:00:00+00:00,2026-03-06T23:00:00+00:00,fa-cup,True,90.0,team_exact,5,970e8a65-ee1a-5d1a-94d7-82973dc0b1dc
fa-fotmob-5186383,5186383,20,39,640,Pedro Lima,2026-03-06T20:00:00+00:00,2026-03-06T23:00:00+00:00,fa-cup,False,0.0,team_exact,5,5c50ad44-fb04-5cd7-9d1f-513b77683809
fa-fotmob-5186383,5186383,20,39,644,Jean-Ricner Bellegarde,2026-03-06T20:00:00+00:00,2026-03-06T23:00:00+00:00,fa-cup,True,90.0,team_exact,5,ebd46261-67a5-56cc-9b55-02bde7f16bba
fa-fotmob-5186383,5186383,20,39,682,David Møller Wolfe,2026-03-06T20:00:00+00:00,2026-03-06T23:00:00+00:00,fa-cup,False,0.0,team_exact,5,3a3da8a7-b40c-5129-bab5-9c920e3a58ab
fa-fotmob-5186383,5186383,20,39,695,Jackson Tchatchoua,2026-03-06T20:00:00+00:00,2026-03-06T23:00:00+00:00,fa-cup,True,90.0,team_exact,5,a2bfdc0c-78a1-5fff-b07a-3cbbbabdeba5
fa-fotmob-5186383,5186383,20,39,709,Ladislav Krejcí,2026-03-06T20:00:00+00:00,2026-03-06T23:00:00+00:00,fa-cup,False,0.0,team_exact,5,aa986b3e-e0d4-5c58-b3da-46a8810d3ca9
fa-fotmob-5186383,5186383,20,39,720,Tolu Arokodare,2026-03-06T20:00:00+00:00,2026-03-06T23:00:00+00:00,fa-cup,True,90.0,team_exact,5,a97d91b0-ab9b-5d5d-a9e8-01690cad9588
fa-fotmob-5186383,5186383,20,39,749,Mateus Mané,2026-03-06T20:00:00+00:00,2026-03-06T23:00:00+00:00,fa-cup,True,90.0,team_exact,5,9ac5d5a9-74b6-578c-8e14-559019eb509d
fa-fotmob-5186383,5186383,20,39,816,Angel Gomes,2026-03-06T20:00:00+00:00,2026-03-06T23:00:00+00:00,fa-cup,True,90.0,team_exact,5,15d02b2c-303d-5403-b3ee-c1bb398578ae
fa-fotmob-5186383,5186383,20,39,817,Adam Armstrong,2026-03-06T20:00:00+00:00,2026-03-06T23:00:00+00:00,fa-cup,False,0.0,team_exact,5,ef5625b9-1910-5982-85f1-1966467ad375
fa-fotmob-5186382,5186382,1,3,7,Riccardo Calafiori,2026-03-07T12:15:00+00:00,2026-03-07T15:15:00+00:00,fa-cup,True,90.0,team_exact,5,fa80a3f3-4a6b-5450-b9b2-8a68571a21a4
fa-fotmob-5186382,5186382,1,3,8,Jurriën Timber,2026-03-07T12:15:00+00:00,2026-03-07T15:15:00+00:00,fa-cup,False,0.0,team_exact,5,77962072-d0d7-5304-8c20-9a75adfd2936
fa-fotmob-5186382,5186382,1,3,16,Bukayo Saka,2026-03-07T12:15:00+00:00,2026-03-07T15:15:00+00:00,fa-cup,False,0.0,team_exact,5,4c3f279c-cb21-57c6-9d58-3decef97625e
fa-fotmob-5186382,5186382,1,3,18,Noni Madueke,2026-03-07T12:15:00+00:00,2026-03-07T15:15:00+00:00,fa-cup,True,90.0,team_exact,5,70c234df-f148-59b3-b1f9-6d390e9cf562
fa-fotmob-5186382,5186382,1,3,20,Leandro Trossard,2026-03-07T12:15:00+00:00,2026-03-07T15:15:00+00:00,fa-cup,True,90.0,team_exact,5,0f08cbfd-21a3-57ae-9b9f-8692d62a6a24
fa-fotmob-5186382,5186382,1,3,24,Christian Nørgaard,2026-03-07T12:15:00+00:00,2026-03-07T15:15:00+00:00,fa-cup,True,90.0,team_exact,5,47160bb8-b2e7-5eb8-8ca4-64757268e9ba
fa-fotmob-5186382,5186382,1,3,30,Kai Havertz,2026-03-07T12:15:00+00:00,2026-03-07T15:15:00+00:00,fa-cup,True,90.0,team_exact,5,ef53aa3a-f5fe-5a12-9743-66a2adc7f069
fa-fotmob-5186382,5186382,1,3,266,Eberechi Eze,2026-03-07T12:15:00+00:00,2026-03-07T15:15:00+00:00,fa-cup,False,0.0,team_exact,5,79caa72c-19b1-5ed2-9eea-49bec88916b3
fa-fotmob-5186382,5186382,1,3,662,Cristhian Mosquera,2026-03-07T12:15:00+00:00,2026-03-07T15:15:00+00:00,fa-cup,True,90.0,team_exact,5,b565eaae-40d9-5a94-8063-106bd85084b9
fa-fotmob-5186382,5186382,1,3,666,Viktor Gyökeres,2026-03-07T12:15:00+00:00,2026-03-07T15:15:00+00:00,fa-cup,False,0.0,team_exact,5,234cf75e-2a33-5c20-84e6-e2da37e6e93e
fa-fotmob-5186382,5186382,1,3,700,Max Dowman,2026-03-07T12:15:00+00:00,2026-03-07T15:15:00+00:00,fa-cup,True,90.0,team_exact,5,3bb649d5-6bd9-5f6f-ab96-003ed40fb0e5
fa-fotmob-5186382,5186382,1,3,725,Piero Hincapié,2026-03-07T12:15:00+00:00,2026-03-07T15:15:00+00:00,fa-cup,False,0.0,team_exact,5,985b9a31-a1a8-56e4-8ff5-61888deeb760
fa-fotmob-5186384,5186384,7,8,225,Reece James,2026-03-07T17:45:00+00:00,2026-03-07T20:45:00+00:00,fa-cup,False,0.0,team_exact,5,3655e646-d6d9-51ce-a14d-bed863d96c3c
fa-fotmob-5186384,5186384,7,8,226,Trevoh Chalobah,2026-03-07T17:45:00+00:00,2026-03-07T20:45:00+00:00,fa-cup,False,0.0,team_exact,5,fbe43cca-fb14-5420-94d6-3e253d5e57f2
fa-fotmob-5186384,5186384,7,8,228,Malo Gusto,2026-03-07T17:45:00+00:00,2026-03-07T20:45:00+00:00,fa-cup,False,0.0,team_exact,5,972fc541-f01f-51fc-b746-5238f72285d7
fa-fotmob-5186384,5186384,7,8,231,Mamadou Sarr,2026-03-07T17:45:00+00:00,2026-03-07T20:45:00+00:00,fa-cup,True,120.0,team_exact,5,c1d2c6e2-92b5-5eb7-abc2-bfb9ba6fffa1
fa-fotmob-5186384,5186384,7,8,232,Tosin Adarabioyo,2026-03-07T17:45:00+00:00,2026-03-07T20:45:00+00:00,fa-cup,True,120.0,team_exact,5,1cc11978-28c5-57b6-a8a3-ba979d1349e4
fa-fotmob-5186384,5186384,7,8,233,Josh Acheampong,2026-03-07T17:45:00+00:00,2026-03-07T20:45:00+00:00,fa-cup,True,120.0,team_exact,5,9998e641-8e7f-5837-8d46-ad335b484a00
fa-fotmob-5186384,5186384,7,8,244,Roméo Lavia,2026-03-07T17:45:00+00:00,2026-03-07T20:45:00+00:00,fa-cup,True,120.0,team_exact,5,f8666db2-925c-5357-81ba-263e71b165b3
fa-fotmob-5186384,5186384,7,8,246,Andrey Santos,2026-03-07T17:45:00+00:00,2026-03-07T20:45:00+00:00,fa-cup,True,120.0,team_exact,5,762fd3f4-3f85-52c7-b5be-8c0c563cf25f
fa-fotmob-5186384,5186384,7,8,249,João Pedro,2026-03-07T17:45:00+00:00,2026-03-07T20:45:00+00:00,fa-cup,False,0.0,team_exact,5,4448091c-aeb7-5ab3-a537-b2b547480e63
fa-fotmob-5186384,5186384,7,8,250,Liam Delap,2026-03-07T17:45:00+00:00,2026-03-07T20:45:00+00:00,fa-cup,True,120.0,team_exact,5,8b1af3a3-b391-5111-954e-dbda5d6d12a5
fa-fotmob-5186384,5186384,7,8,252,Marc Guiu,2026-03-07T17:45:00+00:00,2026-03-07T20:45:00+00:00,fa-cup,False,0.0,team_exact,5,6538c4ff-2308-56ae-85e7-392fba76d555
fa-fotmob-5186384,5186384,7,8,672,Jorrel Hato,2026-03-07T17:45:00+00:00,2026-03-07T20:45:00+00:00,fa-cup,True,120.0,team_exact,5,932d386d-f372-53de-a37f-381a73a67e07
fa-fotmob-5186384,5186384,7,8,829,Jesse Derry,2026-03-07T17:45:00+00:00,2026-03-07T20:45:00+00:00,fa-cup,False,0.0,team_exact,5,33ac99dd-6169-5c59-bc88-cc17620c7707
fa-fotmob-5186380,5186380,13,43,82,Antoine Semenyo,2026-03-07T20:00:00+00:00,2026-03-07T23:00:00+00:00,fa-cup,False,0.0,team_exact,5,66ce5aaa-c0e9-5462-8a78-fae312616872
fa-fotmob-5186380,5186380,13,43,182,James Trafford,2026-03-07T20:00:00+00:00,2026-03-07T23:00:00+00:00,fa-cup,True,90.0,team_exact,5,8fc7e356-2dbb-50c9-8b7e-cc573f3855b4
fa-fotmob-5186380,5186380,13,43,260,Marc Guéhi,2026-03-07T20:00:00+00:00,2026-03-07T23:00:00+00:00,fa-cup,False,0.0,team_exact,5,607bc478-1de3-5627-b97c-8cc0c015b3e0
fa-fotmob-5186380,5186380,13,43,402,Rayan Aït-Nouri,2026-03-07T20:00:00+00:00,2026-03-07T23:00:00+00:00,fa-cup,False,0.0,team_exact,5,8f8bfbcb-af82-5a5c-952d-234afde668ad
fa-fotmob-5186380,5186380,13,43,405,Nathan Aké,2026-03-07T20:00:00+00:00,2026-03-07T23:00:00+00:00,fa-cup,True,90.0,team_exact,5,cffb76ef-9edc-5e36-95cd-8c4ce7623f4e
fa-fotmob-5186380,5186380,13,43,406,Abdukodir Khusanov,2026-03-07T20:00:00+00:00,2026-03-07T23:00:00+00:00,fa-cup,True,90.0,team_exact,5,74dac327-64c8-5269-84db-4a4550f5f921
fa-fotmob-5186380,5186380,13,43,407,Matheus Nunes,2026-03-07T20:00:00+00:00,2026-03-07T23:00:00+00:00,fa-cup,True,90.0,team_exact,5,a6c3f89e-b9b1-5e12-9487-4f18ad700191
fa-fotmob-5186380,5186380,13,43,409,John Stones,2026-03-07T20:00:00+00:00,2026-03-07T23:00:00+00:00,fa-cup,True,90.0,team_exact,5,7eb8003c-fda3-5fc5-8d67-ca7a0d89468c
fa-fotmob-5186380,5186380,13,43,411,Nico O'Reilly,2026-03-07T20:00:00+00:00,2026-03-07T23:00:00+00:00,fa-cup,True,90.0,team_exact,5,692da677-7071-5b72-89bc-cc722ba518e2
fa-fotmob-5186380,5186380,13,43,413,Omar Marmoush,2026-03-07T20:00:00+00:00,2026-03-07T23:00:00+00:00,fa-cup,True,90.0,team_exact,5,7ba3294a-acf2-50da-ba1c-626fce42c1dc
fa-fotmob-5186380,5186380,13,43,414,Phil Foden,2026-03-07T20:00:00+00:00,2026-03-07T23:00:00+00:00,fa-cup,False,0.0,team_exact,5,f717009d-d433-5fa0-9cf5-1e081478a8f1
fa-fotmob-5186380,5186380,13,43,415,Savinho,2026-03-07T20:00:00+00:00,2026-03-07T23:00:00+00:00,fa-cup,True,90.0,team_exact,5,a8873d13-747b-51b1-97e7-d8505b4f0084
fa-fotmob-5186380,5186380,13,43,417,Rayan Cherki,2026-03-07T20:00:00+00:00,2026-03-07T23:00:00+00:00,fa-cup,False,0.0,team_exact,5,eebb4710-6fe9-53e9-81e0-a650547126a0
fa-fotmob-5186380,5186380,13,43,418,Jérémy Doku,2026-03-07T20:00:00+00:00,2026-03-07T23:00:00+00:00,fa-cup,True,90.0,team_exact,5,dfca7131-f158-5eea-ba5e-b71b5a3655b2
fa-fotmob-5186380,5186380,13,43,427,Tijjani Reijnders,2026-03-07T20:00:00+00:00,2026-03-07T23:00:00+00:00,fa-cup,True,90.0,team_exact,5,138e28b4-ff6e-5598-bbd5-0b255b509b73
fa-fotmob-5186380,5186380,13,43,736,Gianluigi Donnarumma,2026-03-07T20:00:00+00:00,2026-03-07T23:00:00+00:00,fa-cup,False,0.0,team_exact,5,67859d1e-575f-5ae4-aa8d-8f36bd11696e
fa-fotmob-5186380,5186380,15,4,135,Yoane Wissa,2026-03-07T20:00:00+00:00,2026-03-07T23:00:00+00:00,fa-cup,False,0.0,team_exact,5,f00c4421-dac8-5cde-9808-50d3e6144cb1
fa-fotmob-5186380,5186380,15,4,469,Nick Pope,2026-03-07T20:00:00+00:00,2026-03-07T23:00:00+00:00,fa-cup,False,0.0,team_exact,5,00be15e9-135e-5a79-956f-cd70f121b4b0
fa-fotmob-5186380,5186380,15,4,473,Lewis Hall,2026-03-07T20:00:00+00:00,2026-03-07T23:00:00+00:00,fa-cup,True,90.0,team_exact,5,19517dba-f8bc-5da6-921a-eec76cc74b58
fa-fotmob-5186380,5186380,15,4,475,Sven Botman,2026-03-07T20:00:00+00:00,2026-03-07T23:00:00+00:00,fa-cup,True,90.0,team_exact,5,fe525ab5-78d1-5766-a583-9b76113d2d57
fa-fotmob-5186380,5186380,15,4,476,Daniel Burn,2026-03-07T20:00:00+00:00,2026-03-07T23:00:00+00:00,fa-cup,False,0.0,team_unique_surname,5,7d97f99a-8163-5c05-a74a-5dd9794bd812
fa-fotmob-5186380,5186380,15,4,477,Valentino Livramento,2026-03-07T20:00:00+00:00,2026-03-07T23:00:00+00:00,fa-cup,False,0.0,team_unique_surname,5,51e8b386-e9bf-5082-8db8-d994f8a48d0b
fa-fotmob-5186380,5186380,15,4,478,Kieran Trippier,2026-03-07T20:00:00+00:00,2026-03-07T23:00:00+00:00,fa-cup,True,90.0,team_exact,5,f60b2907-3c2e-5574-80f2-70b4f5078182
fa-fotmob-5186380,5186380,15,4,485,Anthony Gordon,2026-03-07T20:00:00+00:00,2026-03-07T23:00:00+00:00,fa-cup,False,0.0,team_exact,5,49545ac1-d9f9-5a0a-b1f5-5bbeeb1bb7f6
fa-fotmob-5186380,5186380,15,4,486,Anthony Elanga,2026-03-07T20:00:00+00:00,2026-03-07T23:00:00+00:00,fa-cup,True,90.0,team_exact,5,428099b1-d444-5523-9c48-66ebf6956cc2
fa-fotmob-5186380,5186380,15,4,487,Harvey Barnes,2026-03-07T20:00:00+00:00,2026-03-07T23:00:00+00:00,fa-cup,True,90.0,team_exact,5,d7693e44-9092-592e-b518-8da97eaf9fdf
fa-fotmob-5186380,5186380,15,4,489,Jacob Murphy,2026-03-07T20:00:00+00:00,2026-03-07T23:00:00+00:00,fa-cup,False,0.0,team_exact,5,b5144153-3ffb-56d4-89c7-cf4cc50a101e
fa-fotmob-5186380,5186380,15,4,490,Joelinton,2026-03-07T20:00:00+00:00,2026-03-07T23:00:00+00:00,fa-cup,False,0.0,team_exact,5,133b6e37-92c1-5dc9-a4dd-a5f957768626
fa-fotmob-5186380,5186380,15,4,491,Sandro Tonali,2026-03-07T20:00:00+00:00,2026-03-07T23:00:00+00:00,fa-cup,True,90.0,team_exact,5,c7d912b7-acf9-59e7-a5a7-c7e64aed18da
fa-fotmob-5186380,5186380,15,4,494,Joseph Willock,2026-03-07T20:00:00+00:00,2026-03-07T23:00:00+00:00,fa-cup,True,90.0,team_unique_surname,5,fa7d8081-617d-5e86-a227-d01a088e1f55
fa-fotmob-5186380,5186380,15,4,500,William Osula,2026-03-07T20:00:00+00:00,2026-03-07T23:00:00+00:00,fa-cup,True,90.0,team_exact,5,c9bc6786-f728-505a-9d48-33b1f2444d9f
fa-fotmob-5186380,5186380,15,4,674,Aaron Ramsdale,2026-03-07T20:00:00+00:00,2026-03-07T23:00:00+00:00,fa-cup,True,90.0,team_exact,5,ef597ccf-9296-5f73-a908-245e5d67b0ef
fa-fotmob-5186380,5186380,15,4,684,Malick Thiaw,2026-03-07T20:00:00+00:00,2026-03-07T23:00:00+00:00,fa-cup,True,90.0,team_exact,5,b03249c0-b20e-52bd-a82c-add878e8eda0
fa-fotmob-5186380,5186380,15,4,714,Nick Woltemade,2026-03-07T20:00:00+00:00,2026-03-07T23:00:00+00:00,fa-cup,True,90.0,team_exact,5,a5e7c659-813a-5a36-8fb6-3f0f74e37c40
fa-fotmob-5186378,5186378,10,54,314,Bernd Leno,2026-03-08T12:00:00+00:00,2026-03-08T15:00:00+00:00,fa-cup,False,0.0,team_exact,5,83056bd2-b742-5b28-b32d-8ba4a3902c61
fa-fotmob-5186378,5186378,10,54,316,Antonee Robinson,2026-03-08T12:00:00+00:00,2026-03-08T15:00:00+00:00,fa-cup,False,0.0,team_exact,5,b0f2d5cb-b80d-5e8a-9e43-b15a89d555ca
fa-fotmob-5186378,5186378,10,54,317,Joachim Andersen,2026-03-08T12:00:00+00:00,2026-03-08T15:00:00+00:00,fa-cup,True,90.0,team_exact,5,c369cb81-fb27-51a7-8457-4b7a866bbbdc
fa-fotmob-5186378,5186378,10,54,318,Calvin Bassey,2026-03-08T12:00:00+00:00,2026-03-08T15:00:00+00:00,fa-cup,False,0.0,team_exact,5,184a3e3b-1fa2-5323-8175-88f9b20eb992
fa-fotmob-5186378,5186378,10,54,319,Timothy Castagne,2026-03-08T12:00:00+00:00,2026-03-08T15:00:00+00:00,fa-cup,True,90.0,team_exact,5,e2d4248d-32fc-5ca0-8ae6-6abd3c22634e
fa-fotmob-5186378,5186378,10,54,322,Kenny Tete,2026-03-08T12:00:00+00:00,2026-03-08T15:00:00+00:00,fa-cup,False,0.0,team_exact,5,af777f5c-5e76-5ea9-8f99-a7a8459df650
fa-fotmob-5186378,5186378,10,54,324,Alex Iwobi,2026-03-08T12:00:00+00:00,2026-03-08T15:00:00+00:00,fa-cup,False,0.0,team_exact,5,bf6c1651-0779-512e-9c37-3b8ac8c14714
fa-fotmob-5186378,5186378,10,54,325,Emile Smith Rowe,2026-03-08T12:00:00+00:00,2026-03-08T15:00:00+00:00,fa-cup,True,90.0,team_exact,5,7f48ec5f-f934-516a-9c1f-84d42bd974ff
fa-fotmob-5186378,5186378,10,54,328,Ryan Sessegnon,2026-03-08T12:00:00+00:00,2026-03-08T15:00:00+00:00,fa-cup,True,90.0,team_exact,5,ada8c7db-805e-5910-b00a-946e17af3218
fa-fotmob-5186378,5186378,10,54,330,Sander Berge,2026-03-08T12:00:00+00:00,2026-03-08T15:00:00+00:00,fa-cup,False,0.0,team_exact,5,f0504a37-2a31-5f04-8704-2c307c2384cd
fa-fotmob-5186378,5186378,10,54,331,Tom Cairney,2026-03-08T12:00:00+00:00,2026-03-08T15:00:00+00:00,fa-cup,True,90.0,team_exact,5,a9c228ea-04e0-5861-b004-a8719101c698
fa-fotmob-5186378,5186378,10,54,332,Sasa Lukic,2026-03-08T12:00:00+00:00,2026-03-08T15:00:00+00:00,fa-cup,False,0.0,team_exact,5,aa82079f-0382-5b01-bb3b-9224650f408b
fa-fotmob-5186378,5186378,10,54,335,Joshua King,2026-03-08T12:00:00+00:00,2026-03-08T15:00:00+00:00,fa-cup,False,0.0,team_unique_surname,5,9f1ab4dd-f86c-5749-967d-c8f0fbfe15f7
fa-fotmob-5186378,5186378,10,54,336,Harrison Reed,2026-03-08T12:00:00+00:00,2026-03-08T15:00:00+00:00,fa-cup,True,90.0,team_exact,5,c04d1727-85e9-5596-a2b4-b5341c1ffb6a
fa-fotmob-5186378,5186378,10,54,424,Oscar Bobb,2026-03-08T12:00:00+00:00,2026-03-08T15:00:00+00:00,fa-cup,True,90.0,team_exact,5,ef856b2c-4200-58fa-8d76-23913677f5ba
fa-fotmob-5186378,5186378,10,54,727,Samuel Chukwueze,2026-03-08T12:00:00+00:00,2026-03-08T15:00:00+00:00,fa-cup,True,90.0,team_exact,5,09be2cb2-a90e-562f-8a53-32294044e02f
fa-fotmob-5186379,5186379,17,56,531,Daniel Ballard,2026-03-08T13:30:00+00:00,2026-03-08T16:30:00+00:00,fa-cup,True,90.0,team_exact,5,3e322311-2a0b-53fc-a8b7-22ecd116c42e
fa-fotmob-5186379,5186379,17,56,539,Luke O'Nien,2026-03-08T13:30:00+00:00,2026-03-08T16:30:00+00:00,fa-cup,True,90.0,team_exact,5,98e68e85-52f1-5832-b572-18ffcbfa3d40
fa-fotmob-5186379,5186379,17,56,544,Habib Diarra,2026-03-08T13:30:00+00:00,2026-03-08T16:30:00+00:00,fa-cup,True,90.0,team_exact,5,627a9a22-f6d8-553e-9594-316391089ebc
fa-fotmob-5186379,5186379,17,56,547,Enzo Le Fée,2026-03-08T13:30:00+00:00,2026-03-08T16:30:00+00:00,fa-cup,True,90.0,team_exact,5,40b6a84e-8e7e-529b-8b4e-a2979b1bc8e4
fa-fotmob-5186379,5186379,17,56,551,Chris Rigg,2026-03-08T13:30:00+00:00,2026-03-08T16:30:00+00:00,fa-cup,True,90.0,team_exact,5,eeb782c9-d515-562b-b132-d07e7ac988fa
fa-fotmob-5186379,5186379,17,56,553,Chemsdine Talbi,2026-03-08T13:30:00+00:00,2026-03-08T16:30:00+00:00,fa-cup,True,90.0,team_exact,5,483fd668-a74d-5c5c-9111-a023961f914b
fa-fotmob-5186379,5186379,17,56,560,Wilson Isidor,2026-03-08T13:30:00+00:00,2026-03-08T16:30:00+00:00,fa-cup,False,0.0,team_exact,5,cbc3d646-143c-51fb-9e03-365e6edc5e78
fa-fotmob-5186379,5186379,17,56,668,Granit Xhaka,2026-03-08T13:30:00+00:00,2026-03-08T16:30:00+00:00,fa-cup,False,0.0,team_exact,5,66bc60f5-fa76-5fa0-a7ca-b9f126393376
fa-fotmob-5186379,5186379,17,56,683,Omar Alderete,2026-03-08T13:30:00+00:00,2026-03-08T16:30:00+00:00,fa-cup,True,90.0,team_exact,5,bbeb1769-f6ef-5a78-abdb-84df15c86c28
fa-fotmob-5186379,5186379,17,56,724,Lutsharel Geertruida,2026-03-08T13:30:00+00:00,2026-03-08T16:30:00+00:00,fa-cup,True,90.0,team_exact,5,d7a7fcda-2a3c-55c2-80be-adc778736b39
fa-fotmob-5186379,5186379,17,56,812,Melker Ellborg,2026-03-08T13:30:00+00:00,2026-03-08T16:30:00+00:00,fa-cup,True,90.0,team_exact,5,6a84c769-ac8f-5aa6-b83b-8d51625d8b35
fa-fotmob-5186379,5186379,17,56,813,Nilson Angulo,2026-03-08T13:30:00+00:00,2026-03-08T16:30:00+00:00,fa-cup,True,90.0,team_exact,5,a213c4ca-4778-5981-91eb-7708f7294de0
fa-fotmob-5186381,5186381,11,2,168,Facundo Buonanotte,2026-03-08T16:30:00+00:00,2026-03-08T19:30:00+00:00,fa-cup,False,0.0,team_exact,5,c86ca08c-b2a0-524b-91f4-254b65701bdd
fa-fotmob-5186381,5186381,11,2,341,Karl Darlow,2026-03-08T16:30:00+00:00,2026-03-08T19:30:00+00:00,fa-cup,False,0.0,team_exact,5,d921acea-ffba-515b-a957-12586c43f133
fa-fotmob-5186381,5186381,11,2,342,Jayden Bogle,2026-03-08T16:30:00+00:00,2026-03-08T19:30:00+00:00,fa-cup,False,0.0,team_exact,5,474896af-e9ef-5bb3-b82b-79c2fb8c891e
fa-fotmob-5186381,5186381,11,2,343,Pascal Struijk,2026-03-08T16:30:00+00:00,2026-03-08T19:30:00+00:00,fa-cup,False,0.0,team_exact,5,5a70a2e2-7a8a-554e-9ac0-d3c00ac6383f
fa-fotmob-5186381,5186381,11,2,344,Jaka Bijol,2026-03-08T16:30:00+00:00,2026-03-08T19:30:00+00:00,fa-cup,True,90.0,team_exact,5,43ae6b5e-3989-58fb-8540-6a539dd06218
fa-fotmob-5186381,5186381,11,2,345,Sebastiaan Bornauw,2026-03-08T16:30:00+00:00,2026-03-08T19:30:00+00:00,fa-cup,True,90.0,team_exact,5,a8678248-1555-5a99-8bcd-6ec2a944ea53
fa-fotmob-5186381,5186381,11,2,347,Gabriel Gudmundsson,2026-03-08T16:30:00+00:00,2026-03-08T19:30:00+00:00,fa-cup,True,90.0,team_exact,5,2151f057-0065-57a0-87e5-2a434738b8d1
fa-fotmob-5186381,5186381,11,2,350,Brenden Aaronson,2026-03-08T16:30:00+00:00,2026-03-08T19:30:00+00:00,fa-cup,False,0.0,team_exact,5,c550c5c9-6be9-5d60-a724-ed8b1d333548
fa-fotmob-5186381,5186381,11,2,351,Wilfried Gnonto,2026-03-08T16:30:00+00:00,2026-03-08T19:30:00+00:00,fa-cup,True,90.0,team_exact,5,636ed36a-8aff-58b0-a5e5-7b5894084b12
fa-fotmob-5186381,5186381,11,2,353,Daniel James,2026-03-08T16:30:00+00:00,2026-03-08T19:30:00+00:00,fa-cup,True,90.0,team_exact,5,6b487d4a-07ef-5c9e-b3e0-8bc10e69d873
fa-fotmob-5186381,5186381,11,2,354,Ethan Ampadu,2026-03-08T16:30:00+00:00,2026-03-08T19:30:00+00:00,fa-cup,True,90.0,team_exact,5,82e95b4b-22b2-59a9-b33b-e199df378fe3
fa-fotmob-5186381,5186381,11,2,356,Ilia Gruev,2026-03-08T16:30:00+00:00,2026-03-08T19:30:00+00:00,fa-cup,False,0.0,team_exact,5,3c3955d4-e30d-55eb-924e-d252c6949a50
fa-fotmob-5186381,5186381,11,2,362,Joël Piroe,2026-03-08T16:30:00+00:00,2026-03-08T19:30:00+00:00,fa-cup,True,90.0,team_exact,5,444fa31b-486a-5e4b-94ca-7e00df06a41b
fa-fotmob-5186381,5186381,11,2,365,Lukas Nmecha,2026-03-08T16:30:00+00:00,2026-03-08T19:30:00+00:00,fa-cup,True,90.0,team_exact,5,2b912d01-8ef9-569f-bb93-0cec5c578194
fa-fotmob-5186381,5186381,11,2,493,Sean Longstaff,2026-03-08T16:30:00+00:00,2026-03-08T19:30:00+00:00,fa-cup,True,90.0,team_exact,5,015a7f1a-67ab-53dc-babc-333cf97f761f
fa-fotmob-5186381,5186381,11,2,660,Anton Stach,2026-03-08T16:30:00+00:00,2026-03-08T19:30:00+00:00,fa-cup,False,0.0,team_exact,5,9066de74-0bf4-5c6d-8a3f-3b977b735a67
fa-fotmob-5186381,5186381,11,2,665,Lucas Perri,2026-03-08T16:30:00+00:00,2026-03-08T19:30:00+00:00,fa-cup,True,90.0,team_unique_surname,5,542e61a7-899c-5785-91c5-c76ab1e53e2d
fa-fotmob-5186381,5186381,11,2,706,James Justin,2026-03-08T16:30:00+00:00,2026-03-08T19:30:00+00:00,fa-cup,False,0.0,team_exact,5,e5ce8638-ef71-56e5-ae05-c0e425118aa3
fa-fotmob-5186385,5186385,5,94,83,Dango Ouattara,2026-03-09T19:30:00+00:00,2026-03-09T22:30:00+00:00,fa-cup,True,120.0,team_exact,5,9c63b373-5b16-5d1a-8ee1-2b35708a7892
fa-fotmob-5186385,5186385,5,94,101,Caoimhín Kelleher,2026-03-09T19:30:00+00:00,2026-03-09T22:30:00+00:00,fa-cup,True,120.0,team_exact,5,3cfeb2a8-cad5-5980-9946-aecc5eb2b011
fa-fotmob-5186385,5186385,5,94,105,Hákon Rafn Valdimarsson,2026-03-09T19:30:00+00:00,2026-03-09T22:30:00+00:00,fa-cup,False,0.0,team_exact,5,2f4a5cd6-8238-5ff2-9cac-0239ae561506
fa-fotmob-5186385,5186385,5,94,106,Nathan Collins,2026-03-09T19:30:00+00:00,2026-03-09T22:30:00+00:00,fa-cup,True,120.0,team_exact,5,bb04fd88-02f4-5b58-a126-01b07e773bd8
fa-fotmob-5186385,5186385,5,94,107,Keane Lewis-Potter,2026-03-09T19:30:00+00:00,2026-03-09T22:30:00+00:00,fa-cup,True,120.0,team_exact,5,c5c12262-4fce-5d62-89d5-5e4ae2679565
fa-fotmob-5186385,5186385,5,94,108,Kristoffer Ajer,2026-03-09T19:30:00+00:00,2026-03-09T22:30:00+00:00,fa-cup,True,120.0,team_exact,5,0fc3de1a-eecc-53a7-b727-451560c890d1
fa-fotmob-5186385,5186385,5,94,110,Michael Kayode,2026-03-09T19:30:00+00:00,2026-03-09T22:30:00+00:00,fa-cup,True,120.0,team_exact,5,68341849-eb35-5296-a270-848df8393917
fa-fotmob-5186385,5186385,5,94,111,Ethan Pinnock,2026-03-09T19:30:00+00:00,2026-03-09T22:30:00+00:00,fa-cup,False,0.0,team_exact,5,2a5fa9ad-82a2-52c4-bba0-61a641eb0d07
fa-fotmob-5186385,5186385,5,94,113,Sepp van den Berg,2026-03-09T19:30:00+00:00,2026-03-09T22:30:00+00:00,fa-cup,False,0.0,team_exact,5,3dabd7b1-0f28-5272-86ae-4c5392e1aa45
fa-fotmob-5186385,5186385,5,94,120,Kevin Schade,2026-03-09T19:30:00+00:00,2026-03-09T22:30:00+00:00,fa-cup,True,120.0,team_exact,5,e4c8a2d7-919b-5751-8fe8-5d4c55df8256
fa-fotmob-5186385,5186385,5,94,121,Mikkel Damsgaard,2026-03-09T19:30:00+00:00,2026-03-09T22:30:00+00:00,fa-cup,True,120.0,team_exact,5,f10b2a81-0b74-578a-872a-ded3a4da9ea0
fa-fotmob-5186385,5186385,5,94,124,Jordan Henderson,2026-03-09T19:30:00+00:00,2026-03-09T22:30:00+00:00,fa-cup,True,120.0,team_exact,5,d3c7337d-334b-58de-b6a2-e7e1ce9a18ea
fa-fotmob-5186385,5186385,5,94,126,Mathias Jensen,2026-03-09T19:30:00+00:00,2026-03-09T22:30:00+00:00,fa-cup,False,0.0,team_exact,5,e5d36ad0-dba5-56c7-a5d2-b091b2fa1b0d
fa-fotmob-5186385,5186385,5,94,129,Yehor Yarmoliuk,2026-03-09T19:30:00+00:00,2026-03-09T22:30:00+00:00,fa-cup,True,120.0,team_exact,5,9a8ecf00-4990-5980-88ac-7e6f3426cc04
fa-fotmob-5186385,5186385,19,21,600,Alphonse Areola,2026-03-09T19:30:00+00:00,2026-03-09T22:30:00+00:00,fa-cup,True,120.0,team_exact,5,112ec44a-8ec0-5a5a-828a-d330905abb6b
fa-fotmob-5186385,5186385,19,21,605,Max Kilman,2026-03-09T19:30:00+00:00,2026-03-09T22:30:00+00:00,fa-cup,False,0.0,team_unique_surname,5,bb9f5ed9-455a-5a73-a068-c865110bd21e
fa-fotmob-5186385,5186385,19,21,606,Konstantinos Mavropanos,2026-03-09T19:30:00+00:00,2026-03-09T22:30:00+00:00,fa-cup,True,120.0,team_exact,5,a4b84834-eb21-54ba-be68-660ea3815e93
fa-fotmob-5186385,5186385,19,21,608,Oliver Scarles,2026-03-09T19:30:00+00:00,2026-03-09T22:30:00+00:00,fa-cup,True,120.0,team_unique_surname,5,df163264-e6df-5807-b72d-55a49982fc76
fa-fotmob-5186385,5186385,19,21,610,Aaron Wan-Bissaka,2026-03-09T19:30:00+00:00,2026-03-09T22:30:00+00:00,fa-cup,False,0.0,team_exact,5,35ad91b8-a753-5dab-beac-21a352e5cb13
fa-fotmob-5186385,5186385,19,21,613,Tomás Soucek,2026-03-09T19:30:00+00:00,2026-03-09T22:30:00+00:00,fa-cup,True,120.0,team_exact,5,bafec5b4-70cd-5296-82ed-5f50f9b35506
fa-fotmob-5186385,5186385,19,21,615,Crysencio Summerville,2026-03-09T19:30:00+00:00,2026-03-09T22:30:00+00:00,fa-cup,False,0.0,team_exact,5,ef1caf6e-67a5-53c4-afb0-2523323cbfe4
fa-fotmob-5186385,5186385,19,21,623,Freddie Potts,2026-03-09T19:30:00+00:00,2026-03-09T22:30:00+00:00,fa-cup,False,0.0,team_exact,5,a0539466-bf5c-5202-baf7-336484f9a7c3
fa-fotmob-5186385,5186385,19,21,624,Jarrod Bowen,2026-03-09T19:30:00+00:00,2026-03-09T22:30:00+00:00,fa-cup,True,120.0,team_exact,5,4e68227a-9577-5c26-99fa-8a519b052582
fa-fotmob-5186385,5186385,19,21,659,Kyle Walker-Peters,2026-03-09T19:30:00+00:00,2026-03-09T22:30:00+00:00,fa-cup,True,120.0,team_exact,5,2d4c58d3-9f00-5834-a712-c8fbd35a2876
fa-fotmob-5186385,5186385,19,21,671,Callum Wilson,2026-03-09T19:30:00+00:00,2026-03-09T22:30:00+00:00,fa-cup,False,0.0,team_exact,5,7464bba2-d459-5382-a1a5-4bc52ebe7af2
fa-fotmob-5186385,5186385,19,21,718,Soungoutou Magassa,2026-03-09T19:30:00+00:00,2026-03-09T22:30:00+00:00,fa-cup,False,0.0,team_exact,5,9fd390de-abdd-53c9-abf5-63b5a6ec3423
fa-fotmob-5186385,5186385,19,21,785,Pablo,2026-03-09T19:30:00+00:00,2026-03-09T22:30:00+00:00,fa-cup,True,120.0,team_exact,5,ad87488c-769c-5325-bce6-63daff9b32a3
fa-fotmob-5186385,5186385,19,21,791,Valentín Castellanos,2026-03-09T19:30:00+00:00,2026-03-09T22:30:00+00:00,fa-cup,False,0.0,team_exact,5,de5e511c-9379-5b70-8f43-d2b814dfdcc3
fa-fotmob-5186385,5186385,19,21,815,Axel Disasi,2026-03-09T19:30:00+00:00,2026-03-09T22:30:00+00:00,fa-cup,True,120.0,team_exact,5,b9aca1a6-3e7e-50d1-85c7-bc4c6432da09
fa-fotmob-5231047,5231047,12,14,367,Giorgi Mamardashvili,2026-04-04T11:45:00+00:00,2026-04-04T14:45:00+00:00,fa-cup,True,90.0,team_exact,Quarter-Finals,f2831f63-18d0-5405-9349-288d723614fe
fa-fotmob-5231047,5231047,12,14,369,Freddie Woodman,2026-04-04T11:45:00+00:00,2026-04-04T14:45:00+00:00,fa-cup,False,0.0,team_exact,Quarter-Finals,7a5568a1-0d6a-5388-9fe2-daf7af01c339
fa-fotmob-5231047,5231047,12,14,370,Jeremie Frimpong,2026-04-04T11:45:00+00:00,2026-04-04T14:45:00+00:00,fa-cup,False,0.0,team_exact,Quarter-Finals,abc5ff85-af28-52a6-899e-59f93406af42
fa-fotmob-5231047,5231047,12,14,371,Milos Kerkez,2026-04-04T11:45:00+00:00,2026-04-04T14:45:00+00:00,fa-cup,True,90.0,team_exact,Quarter-Finals,4b503a23-131b-5e74-983e-6d9f3f06f2dd
fa-fotmob-5231047,5231047,12,14,372,Andrew Robertson,2026-04-04T11:45:00+00:00,2026-04-04T14:45:00+00:00,fa-cup,False,0.0,team_exact,Quarter-Finals,9e1945d4-3c6d-54ed-b8d0-6ba8f66541c2
fa-fotmob-5231047,5231047,12,14,373,Virgil van Dijk,2026-04-04T11:45:00+00:00,2026-04-04T14:45:00+00:00,fa-cup,True,90.0,team_exact,Quarter-Finals,b8d260b7-8922-5c13-b885-b00fbe91b80e
fa-fotmob-5231047,5231047,12,14,374,Ibrahima Konaté,2026-04-04T11:45:00+00:00,2026-04-04T14:45:00+00:00,fa-cup,True,90.0,team_exact,Quarter-Finals,66e53a63-86c7-5b13-92b7-7f9d7f77e440
fa-fotmob-5231047,5231047,12,14,376,Joseph Gomez,2026-04-04T11:45:00+00:00,2026-04-04T14:45:00+00:00,fa-cup,True,90.0,team_unique_surname,Quarter-Finals,0ffc6ec2-ca3e-5db4-8ebf-a8eba45464b9
fa-fotmob-5231047,5231047,12,14,381,Mohamed Salah,2026-04-04T11:45:00+00:00,2026-04-04T14:45:00+00:00,fa-cup,True,90.0,team_exact,Quarter-Finals,5ac01d0b-69fc-5dea-acd4-ecdaec724a83
fa-fotmob-5231047,5231047,12,14,382,Florian Wirtz,2026-04-04T11:45:00+00:00,2026-04-04T14:45:00+00:00,fa-cup,True,90.0,team_exact,Quarter-Finals,e1be452d-eabb-5030-8f89-d3b48d85fedb
fa-fotmob-5231047,5231047,12,14,384,Cody Gakpo,2026-04-04T11:45:00+00:00,2026-04-04T14:45:00+00:00,fa-cup,False,0.0,team_exact,Quarter-Finals,3662a836-64ae-524d-ac5d-6c64245981a2
fa-fotmob-5231047,5231047,12,14,385,Federico Chiesa,2026-04-04T11:45:00+00:00,2026-04-04T14:45:00+00:00,fa-cup,False,0.0,team_exact,Quarter-Finals,a71659ac-51ab-555b-9916-b585f197aa60
fa-fotmob-5231047,5231047,12,14,386,Alexis Mac Allister,2026-04-04T11:45:00+00:00,2026-04-04T14:45:00+00:00,fa-cup,False,0.0,team_exact,Quarter-Finals,d982f8cc-b7f6-5eef-880a-7588a8d9c761
fa-fotmob-5231047,5231047,12,14,387,Dominik Szoboszlai,2026-04-04T11:45:00+00:00,2026-04-04T14:45:00+00:00,fa-cup,True,90.0,team_exact,Quarter-Finals,b8cff13d-168c-5c65-ad52-99b0426b08f2
fa-fotmob-5231047,5231047,12,14,388,Curtis Jones,2026-04-04T11:45:00+00:00,2026-04-04T14:45:00+00:00,fa-cup,True,90.0,team_exact,Quarter-Finals,69b2f335-365b-5201-b36b-babf799e628a
fa-fotmob-5231047,5231047,12,14,390,Ryan Gravenberch,2026-04-04T11:45:00+00:00,2026-04-04T14:45:00+00:00,fa-cup,True,90.0,team_exact,Quarter-Finals,b02dbbb7-35b6-53d3-be68-f7c1b2c4e70f
fa-fotmob-5231047,5231047,12,14,661,Hugo Ekitiké,2026-04-04T11:45:00+00:00,2026-04-04T14:45:00+00:00,fa-cup,True,90.0,team_exact,Quarter-Finals,1f949251-9252-593a-a2f0-d26d1f7e776b
fa-fotmob-5231047,5231047,12,14,686,Rio Ngumoha,2026-04-04T11:45:00+00:00,2026-04-04T14:45:00+00:00,fa-cup,False,0.0,team_exact,Quarter-Finals,debd2971-955d-5acb-b321-caec89c7ad6d
fa-fotmob-5231047,5231047,13,43,82,Antoine Semenyo,2026-04-04T11:45:00+00:00,2026-04-04T14:45:00+00:00,fa-cup,True,90.0,team_exact,Quarter-Finals,66ce5aaa-c0e9-5462-8a78-fae312616872
fa-fotmob-5231047,5231047,13,43,182,James Trafford,2026-04-04T11:45:00+00:00,2026-04-04T14:45:00+00:00,fa-cup,True,90.0,team_exact,Quarter-Finals,8fc7e356-2dbb-50c9-8b7e-cc573f3855b4
fa-fotmob-5231047,5231047,13,43,260,Marc Guéhi,2026-04-04T11:45:00+00:00,2026-04-04T14:45:00+00:00,fa-cup,True,90.0,team_exact,Quarter-Finals,607bc478-1de3-5627-b97c-8cc0c015b3e0
fa-fotmob-5231047,5231047,13,43,402,Rayan Aït-Nouri,2026-04-04T11:45:00+00:00,2026-04-04T14:45:00+00:00,fa-cup,False,0.0,team_exact,Quarter-Finals,8f8bfbcb-af82-5a5c-952d-234afde668ad
fa-fotmob-5231047,5231047,13,43,405,Nathan Aké,2026-04-04T11:45:00+00:00,2026-04-04T14:45:00+00:00,fa-cup,False,0.0,team_exact,Quarter-Finals,cffb76ef-9edc-5e36-95cd-8c4ce7623f4e
fa-fotmob-5231047,5231047,13,43,406,Abdukodir Khusanov,2026-04-04T11:45:00+00:00,2026-04-04T14:45:00+00:00,fa-cup,True,90.0,team_exact,Quarter-Finals,74dac327-64c8-5269-84db-4a4550f5f921
fa-fotmob-5231047,5231047,13,43,407,Matheus Nunes,2026-04-04T11:45:00+00:00,2026-04-04T14:45:00+00:00,fa-cup,True,90.0,team_exact,Quarter-Finals,a6c3f89e-b9b1-5e12-9487-4f18ad700191
fa-fotmob-5231047,5231047,13,43,411,Nico O'Reilly,2026-04-04T11:45:00+00:00,2026-04-04T14:45:00+00:00,fa-cup,True,90.0,team_exact,Quarter-Finals,692da677-7071-5b72-89bc-cc722ba518e2
fa-fotmob-5231047,5231047,13,43,413,Omar Marmoush,2026-04-04T11:45:00+00:00,2026-04-04T14:45:00+00:00,fa-cup,False,0.0,team_exact,Quarter-Finals,7ba3294a-acf2-50da-ba1c-626fce42c1dc
fa-fotmob-5231047,5231047,13,43,414,Phil Foden,2026-04-04T11:45:00+00:00,2026-04-04T14:45:00+00:00,fa-cup,False,0.0,team_exact,Quarter-Finals,f717009d-d433-5fa0-9cf5-1e081478a8f1
fa-fotmob-5231047,5231047,13,43,415,Savinho,2026-04-04T11:45:00+00:00,2026-04-04T14:45:00+00:00,fa-cup,False,0.0,team_exact,Quarter-Finals,a8873d13-747b-51b1-97e7-d8505b4f0084
fa-fotmob-5231047,5231047,13,43,417,Rayan Cherki,2026-04-04T11:45:00+00:00,2026-04-04T14:45:00+00:00,fa-cup,True,90.0,team_exact,Quarter-Finals,eebb4710-6fe9-53e9-81e0-a650547126a0
fa-fotmob-5231047,5231047,13,43,418,Jérémy Doku,2026-04-04T11:45:00+00:00,2026-04-04T14:45:00+00:00,fa-cup,True,90.0,team_exact,Quarter-Finals,dfca7131-f158-5eea-ba5e-b71b5a3655b2
fa-fotmob-5231047,5231047,13,43,422,Mateo Kovacic,2026-04-04T11:45:00+00:00,2026-04-04T14:45:00+00:00,fa-cup,False,0.0,team_exact,Quarter-Finals,52ef863c-3a3d-510c-ac26-a4176d6b98ff
fa-fotmob-5231047,5231047,13,43,427,Tijjani Reijnders,2026-04-04T11:45:00+00:00,2026-04-04T14:45:00+00:00,fa-cup,False,0.0,team_exact,Quarter-Finals,138e28b4-ff6e-5598-bbd5-0b255b509b73
fa-fotmob-5231047,5231047,13,43,430,Erling Haaland,2026-04-04T11:45:00+00:00,2026-04-04T14:45:00+00:00,fa-cup,True,90.0,team_exact,Quarter-Finals,255ce56a-28f3-53e5-ae63-19f3c15aa12d
fa-fotmob-5231047,5231047,13,43,736,Gianluigi Donnarumma,2026-04-04T11:45:00+00:00,2026-04-04T14:45:00+00:00,fa-cup,False,0.0,team_exact,Quarter-Finals,67859d1e-575f-5ae4-aa8d-8f36bd11696e
fa-fotmob-5231046,5231046,7,8,228,Malo Gusto,2026-04-04T16:15:00+00:00,2026-04-04T19:15:00+00:00,fa-cup,True,90.0,team_exact,Quarter-Finals,972fc541-f01f-51fc-b746-5238f72285d7
fa-fotmob-5231046,5231046,7,8,230,Wesley Fofana,2026-04-04T16:15:00+00:00,2026-04-04T19:15:00+00:00,fa-cup,True,90.0,team_exact,Quarter-Finals,ec2bf467-94f7-5b79-97a2-3632c0d199a8
fa-fotmob-5231046,5231046,7,8,231,Mamadou Sarr,2026-04-04T16:15:00+00:00,2026-04-04T19:15:00+00:00,fa-cup,False,0.0,team_exact,Quarter-Finals,c1d2c6e2-92b5-5eb7-abc2-bfb9ba6fffa1
fa-fotmob-5231046,5231046,7,8,232,Tosin Adarabioyo,2026-04-04T16:15:00+00:00,2026-04-04T19:15:00+00:00,fa-cup,True,90.0,team_exact,Quarter-Finals,1cc11978-28c5-57b6-a8a3-ba979d1349e4
fa-fotmob-5231046,5231046,7,8,233,Josh Acheampong,2026-04-04T16:15:00+00:00,2026-04-04T19:15:00+00:00,fa-cup,False,0.0,team_exact,Quarter-Finals,9998e641-8e7f-5837-8d46-ad335b484a00
fa-fotmob-5231046,5231046,7,8,235,Cole Palmer,2026-04-04T16:15:00+00:00,2026-04-04T19:15:00+00:00,fa-cup,True,90.0,team_exact,Quarter-Finals,481b07c4-b805-52cf-a0ee-593af134790d
fa-fotmob-5231046,5231046,7,8,238,Estêvão,2026-04-04T16:15:00+00:00,2026-04-04T19:15:00+00:00,fa-cup,True,90.0,team_exact,Quarter-Finals,9b51b592-7b40-53df-a62d-6af0afa0bb0e
fa-fotmob-5231046,5231046,7,8,244,Roméo Lavia,2026-04-04T16:15:00+00:00,2026-04-04T19:15:00+00:00,fa-cup,True,90.0,team_exact,Quarter-Finals,f8666db2-925c-5357-81ba-263e71b165b3
fa-fotmob-5231046,5231046,7,8,246,Andrey Santos,2026-04-04T16:15:00+00:00,2026-04-04T19:15:00+00:00,fa-cup,True,90.0,team_exact,Quarter-Finals,762fd3f4-3f85-52c7-b5be-8c0c563cf25f
fa-fotmob-5231046,5231046,7,8,249,João Pedro,2026-04-04T16:15:00+00:00,2026-04-04T19:15:00+00:00,fa-cup,True,90.0,team_exact,Quarter-Finals,4448091c-aeb7-5ab3-a537-b2b547480e63
fa-fotmob-5231046,5231046,7,8,250,Liam Delap,2026-04-04T16:15:00+00:00,2026-04-04T19:15:00+00:00,fa-cup,False,0.0,team_exact,Quarter-Finals,8b1af3a3-b391-5111-954e-dbda5d6d12a5
fa-fotmob-5231046,5231046,7,8,672,Jorrel Hato,2026-04-04T16:15:00+00:00,2026-04-04T19:15:00+00:00,fa-cup,True,90.0,team_exact,Quarter-Finals,932d386d-f372-53de-a37f-381a73a67e07
fa-fotmob-5231045,5231045,1,3,5,Gabriel,2026-04-04T19:00:00+00:00,2026-04-04T22:00:00+00:00,fa-cup,True,90.0,team_exact,Quarter-Finals,291c5e04-2c65-573a-9493-d704d3de79de
fa-fotmob-5231045,5231045,1,3,6,William Saliba,2026-04-04T19:00:00+00:00,2026-04-04T22:00:00+00:00,fa-cup,False,0.0,team_exact,Quarter-Finals,33f66c9a-ce45-5380-86e0-7903760138c9
fa-fotmob-5231045,5231045,1,3,7,Riccardo Calafiori,2026-04-04T19:00:00+00:00,2026-04-04T22:00:00+00:00,fa-cup,False,0.0,team_exact,Quarter-Finals,fa80a3f3-4a6b-5450-b9b2-8a68571a21a4
fa-fotmob-5231045,5231045,1,3,10,Myles Lewis-Skelly,2026-04-04T19:00:00+00:00,2026-04-04T22:00:00+00:00,fa-cup,True,90.0,team_exact,Quarter-Finals,8bac1cb7-1c33-563a-9137-8a394efb10f5
fa-fotmob-5231045,5231045,1,3,11,Ben White,2026-04-04T19:00:00+00:00,2026-04-04T22:00:00+00:00,fa-cup,True,90.0,team_unique_surname,Quarter-Finals,b6572497-1067-596a-a218-6e465214dcc8
fa-fotmob-5231045,5231045,1,3,17,Martin Ødegaard,2026-04-04T19:00:00+00:00,2026-04-04T22:00:00+00:00,fa-cup,True,90.0,team_exact,Quarter-Finals,fef527c5-6c7c-57b6-9192-f9347f34904a
fa-fotmob-5231045,5231045,1,3,18,Noni Madueke,2026-04-04T19:00:00+00:00,2026-04-04T22:00:00+00:00,fa-cup,False,0.0,team_exact,Quarter-Finals,70c234df-f148-59b3-b1f9-6d390e9cf562
fa-fotmob-5231045,5231045,1,3,24,Christian Nørgaard,2026-04-04T19:00:00+00:00,2026-04-04T22:00:00+00:00,fa-cup,True,90.0,team_exact,Quarter-Finals,47160bb8-b2e7-5eb8-8ca4-64757268e9ba
fa-fotmob-5231045,5231045,1,3,30,Kai Havertz,2026-04-04T19:00:00+00:00,2026-04-04T22:00:00+00:00,fa-cup,True,90.0,team_exact,Quarter-Finals,ef53aa3a-f5fe-5a12-9743-66a2adc7f069
fa-fotmob-5231045,5231045,1,3,662,Cristhian Mosquera,2026-04-04T19:00:00+00:00,2026-04-04T22:00:00+00:00,fa-cup,True,90.0,team_exact,Quarter-Finals,b565eaae-40d9-5a94-8063-106bd85084b9
fa-fotmob-5231045,5231045,1,3,666,Viktor Gyökeres,2026-04-04T19:00:00+00:00,2026-04-04T22:00:00+00:00,fa-cup,False,0.0,team_exact,Quarter-Finals,234cf75e-2a33-5c20-84e6-e2da37e6e93e
fa-fotmob-5231045,5231045,1,3,700,Max Dowman,2026-04-04T19:00:00+00:00,2026-04-04T22:00:00+00:00,fa-cup,True,90.0,team_exact,Quarter-Finals,3bb649d5-6bd9-5f6f-ab96-003ed40fb0e5
fa-fotmob-5231346,5231346,11,2,341,Karl Darlow,2026-04-05T15:30:00+00:00,2026-04-05T18:30:00+00:00,fa-cup,False,0.0,team_exact,Quarter-Finals,d921acea-ffba-515b-a957-12586c43f133
fa-fotmob-5231346,5231346,11,2,342,Jayden Bogle,2026-04-05T15:30:00+00:00,2026-04-05T18:30:00+00:00,fa-cup,True,120.0,team_exact,Quarter-Finals,474896af-e9ef-5bb3-b82b-79c2fb8c891e
fa-fotmob-5231346,5231346,11,2,343,Pascal Struijk,2026-04-05T15:30:00+00:00,2026-04-05T18:30:00+00:00,fa-cup,True,120.0,team_exact,Quarter-Finals,5a70a2e2-7a8a-554e-9ac0-d3c00ac6383f
fa-fotmob-5231346,5231346,11,2,344,Jaka Bijol,2026-04-05T15:30:00+00:00,2026-04-05T18:30:00+00:00,fa-cup,True,120.0,team_exact,Quarter-Finals,43ae6b5e-3989-58fb-8540-6a539dd06218
fa-fotmob-5231346,5231346,11,2,345,Sebastiaan Bornauw,2026-04-05T15:30:00+00:00,2026-04-05T18:30:00+00:00,fa-cup,False,0.0,team_exact,Quarter-Finals,a8678248-1555-5a99-8bcd-6ec2a944ea53
fa-fotmob-5231346,5231346,11,2,348,Joe Rodon,2026-04-05T15:30:00+00:00,2026-04-05T18:30:00+00:00,fa-cup,True,120.0,team_exact,Quarter-Finals,80984ab9-f368-5f6c-be67-3ca8dc321a4e
fa-fotmob-5231346,5231346,11,2,350,Brenden Aaronson,2026-04-05T15:30:00+00:00,2026-04-05T18:30:00+00:00,fa-cup,False,0.0,team_exact,Quarter-Finals,c550c5c9-6be9-5d60-a724-ed8b1d333548
fa-fotmob-5231346,5231346,11,2,351,Wilfried Gnonto,2026-04-05T15:30:00+00:00,2026-04-05T18:30:00+00:00,fa-cup,False,0.0,team_exact,Quarter-Finals,636ed36a-8aff-58b0-a5e5-7b5894084b12
fa-fotmob-5231346,5231346,11,2,354,Ethan Ampadu,2026-04-05T15:30:00+00:00,2026-04-05T18:30:00+00:00,fa-cup,True,120.0,team_exact,Quarter-Finals,82e95b4b-22b2-59a9-b33b-e199df378fe3
fa-fotmob-5231346,5231346,11,2,356,Ilia Gruev,2026-04-05T15:30:00+00:00,2026-04-05T18:30:00+00:00,fa-cup,False,0.0,team_exact,Quarter-Finals,3c3955d4-e30d-55eb-924e-d252c6949a50
fa-fotmob-5231346,5231346,11,2,362,Joël Piroe,2026-04-05T15:30:00+00:00,2026-04-05T18:30:00+00:00,fa-cup,False,0.0,team_exact,Quarter-Finals,444fa31b-486a-5e4b-94ca-7e00df06a41b
fa-fotmob-5231346,5231346,11,2,365,Lukas Nmecha,2026-04-05T15:30:00+00:00,2026-04-05T18:30:00+00:00,fa-cup,True,120.0,team_exact,Quarter-Finals,2b912d01-8ef9-569f-bb93-0cec5c578194
fa-fotmob-5231346,5231346,11,2,493,Sean Longstaff,2026-04-05T15:30:00+00:00,2026-04-05T18:30:00+00:00,fa-cup,False,0.0,team_exact,Quarter-Finals,015a7f1a-67ab-53dc-babc-333cf97f761f
fa-fotmob-5231346,5231346,11,2,660,Anton Stach,2026-04-05T15:30:00+00:00,2026-04-05T18:30:00+00:00,fa-cup,True,120.0,team_exact,Quarter-Finals,9066de74-0bf4-5c6d-8a3f-3b977b735a67
fa-fotmob-5231346,5231346,11,2,665,Lucas Perri,2026-04-05T15:30:00+00:00,2026-04-05T18:30:00+00:00,fa-cup,True,120.0,team_unique_surname,Quarter-Finals,542e61a7-899c-5785-91c5-c76ab1e53e2d
fa-fotmob-5231346,5231346,11,2,691,Dominic Calvert-Lewin,2026-04-05T15:30:00+00:00,2026-04-05T18:30:00+00:00,fa-cup,False,0.0,team_exact,Quarter-Finals,63588bd5-68f8-567a-8175-c17ab42b05f3
fa-fotmob-5231346,5231346,11,2,698,Noah Okafor,2026-04-05T15:30:00+00:00,2026-04-05T18:30:00+00:00,fa-cup,True,120.0,team_exact,Quarter-Finals,8e67ff00-ad19-5384-8c44-acf0faf97249
fa-fotmob-5231346,5231346,11,2,706,James Justin,2026-04-05T15:30:00+00:00,2026-04-05T18:30:00+00:00,fa-cup,True,120.0,team_exact,Quarter-Finals,e5ce8638-ef71-56e5-ae05-c0e425118aa3
fa-fotmob-5231346,5231346,19,21,600,Alphonse Areola,2026-04-05T15:30:00+00:00,2026-04-05T18:30:00+00:00,fa-cup,True,120.0,team_exact,Quarter-Finals,112ec44a-8ec0-5a5a-828a-d330905abb6b
fa-fotmob-5231346,5231346,19,21,603,Malick Diouf,2026-04-05T15:30:00+00:00,2026-04-05T18:30:00+00:00,fa-cup,True,120.0,team_unique_surname,Quarter-Finals,17b6a342-b02c-5f36-a340-abadc722db36
fa-fotmob-5231346,5231346,19,21,605,Max Kilman,2026-04-05T15:30:00+00:00,2026-04-05T18:30:00+00:00,fa-cup,True,120.0,team_unique_surname,Quarter-Finals,bb9f5ed9-455a-5a73-a068-c865110bd21e
fa-fotmob-5231346,5231346,19,21,608,Oliver Scarles,2026-04-05T15:30:00+00:00,2026-04-05T18:30:00+00:00,fa-cup,False,0.0,team_unique_surname,Quarter-Finals,df163264-e6df-5807-b72d-55a49982fc76
fa-fotmob-5231346,5231346,19,21,613,Tomás Soucek,2026-04-05T15:30:00+00:00,2026-04-05T18:30:00+00:00,fa-cup,False,0.0,team_exact,Quarter-Finals,bafec5b4-70cd-5296-82ed-5f50f9b35506
fa-fotmob-5231346,5231346,19,21,623,Freddie Potts,2026-04-05T15:30:00+00:00,2026-04-05T18:30:00+00:00,fa-cup,True,120.0,team_exact,Quarter-Finals,a0539466-bf5c-5202-baf7-336484f9a7c3
fa-fotmob-5231346,5231346,19,21,624,Jarrod Bowen,2026-04-05T15:30:00+00:00,2026-04-05T18:30:00+00:00,fa-cup,True,120.0,team_exact,Quarter-Finals,4e68227a-9577-5c26-99fa-8a519b052582
fa-fotmob-5231346,5231346,19,21,659,Kyle Walker-Peters,2026-04-05T15:30:00+00:00,2026-04-05T18:30:00+00:00,fa-cup,True,120.0,team_exact,Quarter-Finals,2d4c58d3-9f00-5834-a712-c8fbd35a2876
fa-fotmob-5231346,5231346,19,21,718,Soungoutou Magassa,2026-04-05T15:30:00+00:00,2026-04-05T18:30:00+00:00,fa-cup,True,120.0,team_exact,Quarter-Finals,9fd390de-abdd-53c9-abf5-63b5a6ec3423
fa-fotmob-5231346,5231346,19,21,785,Pablo,2026-04-05T15:30:00+00:00,2026-04-05T18:30:00+00:00,fa-cup,False,0.0,team_exact,Quarter-Finals,ad87488c-769c-5325-bce6-63daff9b32a3
fa-fotmob-5231346,5231346,19,21,791,Valentín Castellanos,2026-04-05T15:30:00+00:00,2026-04-05T18:30:00+00:00,fa-cup,True,120.0,team_exact,Quarter-Finals,de5e511c-9379-5b70-8f43-d2b814dfdcc3
fa-fotmob-5231346,5231346,19,21,815,Axel Disasi,2026-04-05T15:30:00+00:00,2026-04-05T18:30:00+00:00,fa-cup,True,120.0,team_exact,Quarter-Finals,b9aca1a6-3e7e-50d1-85c7-bc4c6432da09
fa-fotmob-5293793,5293793,13,43,182,James Trafford,2026-04-25T16:15:00+00:00,2026-04-25T19:15:00+00:00,fa-cup,True,90.0,team_exact,Semi-Finals,8fc7e356-2dbb-50c9-8b7e-cc573f3855b4
fa-fotmob-5293793,5293793,13,43,260,Marc Guéhi,2026-04-25T16:15:00+00:00,2026-04-25T19:15:00+00:00,fa-cup,False,0.0,team_exact,Semi-Finals,607bc478-1de3-5627-b97c-8cc0c015b3e0
fa-fotmob-5293793,5293793,13,43,402,Rayan Aït-Nouri,2026-04-25T16:15:00+00:00,2026-04-25T19:15:00+00:00,fa-cup,True,90.0,team_exact,Semi-Finals,8f8bfbcb-af82-5a5c-952d-234afde668ad
fa-fotmob-5293793,5293793,13,43,405,Nathan Aké,2026-04-25T16:15:00+00:00,2026-04-25T19:15:00+00:00,fa-cup,True,90.0,team_exact,Semi-Finals,cffb76ef-9edc-5e36-95cd-8c4ce7623f4e
fa-fotmob-5293793,5293793,13,43,406,Abdukodir Khusanov,2026-04-25T16:15:00+00:00,2026-04-25T19:15:00+00:00,fa-cup,False,0.0,team_exact,Semi-Finals,74dac327-64c8-5269-84db-4a4550f5f921
fa-fotmob-5293793,5293793,13,43,407,Matheus Nunes,2026-04-25T16:15:00+00:00,2026-04-25T19:15:00+00:00,fa-cup,True,90.0,team_exact,Semi-Finals,a6c3f89e-b9b1-5e12-9487-4f18ad700191
fa-fotmob-5293793,5293793,13,43,409,John Stones,2026-04-25T16:15:00+00:00,2026-04-25T19:15:00+00:00,fa-cup,True,90.0,team_exact,Semi-Finals,7eb8003c-fda3-5fc5-8d67-ca7a0d89468c
fa-fotmob-5293793,5293793,13,43,410,Rico Lewis,2026-04-25T16:15:00+00:00,2026-04-25T19:15:00+00:00,fa-cup,False,0.0,team_exact,Semi-Finals,83730675-676b-50b6-b1eb-8dac7bf1945f
fa-fotmob-5293793,5293793,13,43,411,Nico O'Reilly,2026-04-25T16:15:00+00:00,2026-04-25T19:15:00+00:00,fa-cup,False,0.0,team_exact,Semi-Finals,692da677-7071-5b72-89bc-cc722ba518e2
fa-fotmob-5293793,5293793,13,43,413,Omar Marmoush,2026-04-25T16:15:00+00:00,2026-04-25T19:15:00+00:00,fa-cup,True,90.0,team_exact,Semi-Finals,7ba3294a-acf2-50da-ba1c-626fce42c1dc
fa-fotmob-5293793,5293793,13,43,414,Phil Foden,2026-04-25T16:15:00+00:00,2026-04-25T19:15:00+00:00,fa-cup,True,90.0,team_exact,Semi-Finals,f717009d-d433-5fa0-9cf5-1e081478a8f1
fa-fotmob-5293793,5293793,13,43,415,Savinho,2026-04-25T16:15:00+00:00,2026-04-25T19:15:00+00:00,fa-cup,False,0.0,team_exact,Semi-Finals,a8873d13-747b-51b1-97e7-d8505b4f0084
fa-fotmob-5293793,5293793,13,43,417,Rayan Cherki,2026-04-25T16:15:00+00:00,2026-04-25T19:15:00+00:00,fa-cup,True,90.0,team_exact,Semi-Finals,eebb4710-6fe9-53e9-81e0-a650547126a0
fa-fotmob-5293793,5293793,13,43,418,Jérémy Doku,2026-04-25T16:15:00+00:00,2026-04-25T19:15:00+00:00,fa-cup,False,0.0,team_exact,Semi-Finals,dfca7131-f158-5eea-ba5e-b71b5a3655b2
fa-fotmob-5293793,5293793,13,43,422,Mateo Kovacic,2026-04-25T16:15:00+00:00,2026-04-25T19:15:00+00:00,fa-cup,True,90.0,team_exact,Semi-Finals,52ef863c-3a3d-510c-ac26-a4176d6b98ff
fa-fotmob-5293793,5293793,13,43,427,Tijjani Reijnders,2026-04-25T16:15:00+00:00,2026-04-25T19:15:00+00:00,fa-cup,True,90.0,team_exact,Semi-Finals,138e28b4-ff6e-5598-bbd5-0b255b509b73
fa-fotmob-5293793,5293793,13,43,430,Erling Haaland,2026-04-25T16:15:00+00:00,2026-04-25T19:15:00+00:00,fa-cup,False,0.0,team_exact,Semi-Finals,255ce56a-28f3-53e5-ae63-19f3c15aa12d
fa-fotmob-5293793,5293793,13,43,736,Gianluigi Donnarumma,2026-04-25T16:15:00+00:00,2026-04-25T19:15:00+00:00,fa-cup,False,0.0,team_exact,Semi-Finals,67859d1e-575f-5ae4-aa8d-8f36bd11696e
fa-fotmob-5293794,5293794,7,8,226,Trevoh Chalobah,2026-04-26T14:00:00+00:00,2026-04-26T17:00:00+00:00,fa-cup,True,90.0,team_exact,Semi-Finals,fbe43cca-fb14-5420-94d6-3e253d5e57f2
fa-fotmob-5293794,5293794,7,8,228,Malo Gusto,2026-04-26T14:00:00+00:00,2026-04-26T17:00:00+00:00,fa-cup,True,90.0,team_exact,Semi-Finals,972fc541-f01f-51fc-b746-5238f72285d7
fa-fotmob-5293794,5293794,7,8,230,Wesley Fofana,2026-04-26T14:00:00+00:00,2026-04-26T17:00:00+00:00,fa-cup,False,0.0,team_exact,Semi-Finals,ec2bf467-94f7-5b79-97a2-3632c0d199a8
fa-fotmob-5293794,5293794,7,8,232,Tosin Adarabioyo,2026-04-26T14:00:00+00:00,2026-04-26T17:00:00+00:00,fa-cup,True,90.0,team_exact,Semi-Finals,1cc11978-28c5-57b6-a8a3-ba979d1349e4
fa-fotmob-5293794,5293794,7,8,233,Josh Acheampong,2026-04-26T14:00:00+00:00,2026-04-26T17:00:00+00:00,fa-cup,False,0.0,team_exact,Semi-Finals,9998e641-8e7f-5837-8d46-ad335b484a00
fa-fotmob-5293794,5293794,7,8,235,Cole Palmer,2026-04-26T14:00:00+00:00,2026-04-26T17:00:00+00:00,fa-cup,False,0.0,team_exact,Semi-Finals,481b07c4-b805-52cf-a0ee-593af134790d
fa-fotmob-5293794,5293794,7,8,237,Enzo Fernández,2026-04-26T14:00:00+00:00,2026-04-26T17:00:00+00:00,fa-cup,True,90.0,team_exact,Semi-Finals,5b51fc3a-1f45-56e1-9ecc-0bda87474227
fa-fotmob-5293794,5293794,7,8,244,Roméo Lavia,2026-04-26T14:00:00+00:00,2026-04-26T17:00:00+00:00,fa-cup,True,90.0,team_exact,Semi-Finals,f8666db2-925c-5357-81ba-263e71b165b3
fa-fotmob-5293794,5293794,7,8,246,Andrey Santos,2026-04-26T14:00:00+00:00,2026-04-26T17:00:00+00:00,fa-cup,False,0.0,team_exact,Semi-Finals,762fd3f4-3f85-52c7-b5be-8c0c563cf25f
fa-fotmob-5293794,5293794,7,8,249,João Pedro,2026-04-26T14:00:00+00:00,2026-04-26T17:00:00+00:00,fa-cup,True,90.0,team_exact,Semi-Finals,4448091c-aeb7-5ab3-a537-b2b547480e63
fa-fotmob-5293794,5293794,7,8,250,Liam Delap,2026-04-26T14:00:00+00:00,2026-04-26T17:00:00+00:00,fa-cup,False,0.0,team_exact,Semi-Finals,8b1af3a3-b391-5111-954e-dbda5d6d12a5
fa-fotmob-5293794,5293794,7,8,672,Jorrel Hato,2026-04-26T14:00:00+00:00,2026-04-26T17:00:00+00:00,fa-cup,False,0.0,team_exact,Semi-Finals,932d386d-f372-53de-a37f-381a73a67e07
fa-fotmob-5293794,5293794,7,8,829,Jesse Derry,2026-04-26T14:00:00+00:00,2026-04-26T17:00:00+00:00,fa-cup,False,0.0,team_exact,Semi-Finals,33ac99dd-6169-5c59-bc88-cc17620c7707
fa-fotmob-5293794,5293794,11,2,341,Karl Darlow,2026-04-26T14:00:00+00:00,2026-04-26T17:00:00+00:00,fa-cup,False,0.0,team_exact,Semi-Finals,d921acea-ffba-515b-a957-12586c43f133
fa-fotmob-5293794,5293794,11,2,342,Jayden Bogle,2026-04-26T14:00:00+00:00,2026-04-26T17:00:00+00:00,fa-cup,True,90.0,team_exact,Semi-Finals,474896af-e9ef-5bb3-b82b-79c2fb8c891e
fa-fotmob-5293794,5293794,11,2,343,Pascal Struijk,2026-04-26T14:00:00+00:00,2026-04-26T17:00:00+00:00,fa-cup,True,90.0,team_exact,Semi-Finals,5a70a2e2-7a8a-554e-9ac0-d3c00ac6383f
fa-fotmob-5293794,5293794,11,2,344,Jaka Bijol,2026-04-26T14:00:00+00:00,2026-04-26T17:00:00+00:00,fa-cup,True,90.0,team_exact,Semi-Finals,43ae6b5e-3989-58fb-8540-6a539dd06218
fa-fotmob-5293794,5293794,11,2,345,Sebastiaan Bornauw,2026-04-26T14:00:00+00:00,2026-04-26T17:00:00+00:00,fa-cup,False,0.0,team_exact,Semi-Finals,a8678248-1555-5a99-8bcd-6ec2a944ea53
fa-fotmob-5293794,5293794,11,2,347,Gabriel Gudmundsson,2026-04-26T14:00:00+00:00,2026-04-26T17:00:00+00:00,fa-cup,True,90.0,team_exact,Semi-Finals,2151f057-0065-57a0-87e5-2a434738b8d1
fa-fotmob-5293794,5293794,11,2,348,Joe Rodon,2026-04-26T14:00:00+00:00,2026-04-26T17:00:00+00:00,fa-cup,False,0.0,team_exact,Semi-Finals,80984ab9-f368-5f6c-be67-3ca8dc321a4e
fa-fotmob-5293794,5293794,11,2,350,Brenden Aaronson,2026-04-26T14:00:00+00:00,2026-04-26T17:00:00+00:00,fa-cup,True,90.0,team_exact,Semi-Finals,c550c5c9-6be9-5d60-a724-ed8b1d333548
fa-fotmob-5293794,5293794,11,2,351,Wilfried Gnonto,2026-04-26T14:00:00+00:00,2026-04-26T17:00:00+00:00,fa-cup,False,0.0,team_exact,Semi-Finals,636ed36a-8aff-58b0-a5e5-7b5894084b12
fa-fotmob-5293794,5293794,11,2,353,Daniel James,2026-04-26T14:00:00+00:00,2026-04-26T17:00:00+00:00,fa-cup,False,0.0,team_exact,Semi-Finals,6b487d4a-07ef-5c9e-b3e0-8bc10e69d873
fa-fotmob-5293794,5293794,11,2,354,Ethan Ampadu,2026-04-26T14:00:00+00:00,2026-04-26T17:00:00+00:00,fa-cup,True,90.0,team_exact,Semi-Finals,82e95b4b-22b2-59a9-b33b-e199df378fe3
fa-fotmob-5293794,5293794,11,2,362,Joël Piroe,2026-04-26T14:00:00+00:00,2026-04-26T17:00:00+00:00,fa-cup,False,0.0,team_exact,Semi-Finals,444fa31b-486a-5e4b-94ca-7e00df06a41b
fa-fotmob-5293794,5293794,11,2,365,Lukas Nmecha,2026-04-26T14:00:00+00:00,2026-04-26T17:00:00+00:00,fa-cup,False,0.0,team_exact,Semi-Finals,2b912d01-8ef9-569f-bb93-0cec5c578194
fa-fotmob-5293794,5293794,11,2,493,Sean Longstaff,2026-04-26T14:00:00+00:00,2026-04-26T17:00:00+00:00,fa-cup,False,0.0,team_exact,Semi-Finals,015a7f1a-67ab-53dc-babc-333cf97f761f
fa-fotmob-5293794,5293794,11,2,660,Anton Stach,2026-04-26T14:00:00+00:00,2026-04-26T17:00:00+00:00,fa-cup,False,0.0,team_exact,Semi-Finals,9066de74-0bf4-5c6d-8a3f-3b977b735a67
fa-fotmob-5293794,5293794,11,2,665,Lucas Perri,2026-04-26T14:00:00+00:00,2026-04-26T17:00:00+00:00,fa-cup,True,90.0,team_unique_surname,Semi-Finals,542e61a7-899c-5785-91c5-c76ab1e53e2d
fa-fotmob-5293794,5293794,11,2,691,Dominic Calvert-Lewin,2026-04-26T14:00:00+00:00,2026-04-26T17:00:00+00:00,fa-cup,True,90.0,team_exact,Semi-Finals,63588bd5-68f8-567a-8175-c17ab42b05f3
fa-fotmob-5293794,5293794,11,2,698,Noah Okafor,2026-04-26T14:00:00+00:00,2026-04-26T17:00:00+00:00,fa-cup,True,90.0,team_exact,Semi-Finals,8e67ff00-ad19-5384-8c44-acf0faf97249
fa-fotmob-5293794,5293794,11,2,706,James Justin,2026-04-26T14:00:00+00:00,2026-04-26T17:00:00+00:00,fa-cup,True,90.0,team_exact,Semi-Finals,e5ce8638-ef71-56e5-ae05-c0e425118aa3
fa-fotmob-5315746,5315746,7,8,221,Filip Jörgensen,2026-05-16T14:00:00+00:00,2026-05-16T17:00:00+00:00,fa-cup,False,0.0,team_exact,Final,d7143aed-fcb8-5af3-8721-72433dd889d7
fa-fotmob-5315746,5315746,7,8,225,Reece James,2026-05-16T14:00:00+00:00,2026-05-16T17:00:00+00:00,fa-cup,True,90.0,team_exact,Final,3655e646-d6d9-51ce-a14d-bed863d96c3c
fa-fotmob-5315746,5315746,7,8,226,Trevoh Chalobah,2026-05-16T14:00:00+00:00,2026-05-16T17:00:00+00:00,fa-cup,False,0.0,team_exact,Final,fbe43cca-fb14-5420-94d6-3e253d5e57f2
fa-fotmob-5315746,5315746,7,8,228,Malo Gusto,2026-05-16T14:00:00+00:00,2026-05-16T17:00:00+00:00,fa-cup,True,90.0,team_exact,Final,972fc541-f01f-51fc-b746-5238f72285d7
fa-fotmob-5315746,5315746,7,8,230,Wesley Fofana,2026-05-16T14:00:00+00:00,2026-05-16T17:00:00+00:00,fa-cup,True,90.0,team_exact,Final,ec2bf467-94f7-5b79-97a2-3632c0d199a8
fa-fotmob-5315746,5315746,7,8,232,Tosin Adarabioyo,2026-05-16T14:00:00+00:00,2026-05-16T17:00:00+00:00,fa-cup,False,0.0,team_exact,Final,1cc11978-28c5-57b6-a8a3-ba979d1349e4
fa-fotmob-5315746,5315746,7,8,233,Josh Acheampong,2026-05-16T14:00:00+00:00,2026-05-16T17:00:00+00:00,fa-cup,False,0.0,team_exact,Final,9998e641-8e7f-5837-8d46-ad335b484a00
fa-fotmob-5315746,5315746,7,8,235,Cole Palmer,2026-05-16T14:00:00+00:00,2026-05-16T17:00:00+00:00,fa-cup,True,90.0,team_exact,Final,481b07c4-b805-52cf-a0ee-593af134790d
fa-fotmob-5315746,5315746,7,8,237,Enzo Fernández,2026-05-16T14:00:00+00:00,2026-05-16T17:00:00+00:00,fa-cup,True,90.0,team_exact,Final,5b51fc3a-1f45-56e1-9ecc-0bda87474227
fa-fotmob-5315746,5315746,7,8,246,Andrey Santos,2026-05-16T14:00:00+00:00,2026-05-16T17:00:00+00:00,fa-cup,False,0.0,team_exact,Final,762fd3f4-3f85-52c7-b5be-8c0c563cf25f
fa-fotmob-5315746,5315746,7,8,249,João Pedro,2026-05-16T14:00:00+00:00,2026-05-16T17:00:00+00:00,fa-cup,True,90.0,team_exact,Final,4448091c-aeb7-5ab3-a537-b2b547480e63
fa-fotmob-5315746,5315746,7,8,250,Liam Delap,2026-05-16T14:00:00+00:00,2026-05-16T17:00:00+00:00,fa-cup,False,0.0,team_exact,Final,8b1af3a3-b391-5111-954e-dbda5d6d12a5
fa-fotmob-5315746,5315746,7,8,672,Jorrel Hato,2026-05-16T14:00:00+00:00,2026-05-16T17:00:00+00:00,fa-cup,True,90.0,team_exact,Final,932d386d-f372-53de-a37f-381a73a67e07
fa-fotmob-5315746,5315746,13,43,82,Antoine Semenyo,2026-05-16T14:00:00+00:00,2026-05-16T17:00:00+00:00,fa-cup,True,90.0,team_exact,Final,66ce5aaa-c0e9-5462-8a78-fae312616872
fa-fotmob-5315746,5315746,13,43,182,James Trafford,2026-05-16T14:00:00+00:00,2026-05-16T17:00:00+00:00,fa-cup,True,90.0,team_exact,Final,8fc7e356-2dbb-50c9-8b7e-cc573f3855b4
fa-fotmob-5315746,5315746,13,43,260,Marc Guéhi,2026-05-16T14:00:00+00:00,2026-05-16T17:00:00+00:00,fa-cup,True,90.0,team_exact,Final,607bc478-1de3-5627-b97c-8cc0c015b3e0
fa-fotmob-5315746,5315746,13,43,405,Nathan Aké,2026-05-16T14:00:00+00:00,2026-05-16T17:00:00+00:00,fa-cup,False,0.0,team_exact,Final,cffb76ef-9edc-5e36-95cd-8c4ce7623f4e
fa-fotmob-5315746,5315746,13,43,406,Abdukodir Khusanov,2026-05-16T14:00:00+00:00,2026-05-16T17:00:00+00:00,fa-cup,True,90.0,team_exact,Final,74dac327-64c8-5269-84db-4a4550f5f921
fa-fotmob-5315746,5315746,13,43,407,Matheus Nunes,2026-05-16T14:00:00+00:00,2026-05-16T17:00:00+00:00,fa-cup,True,90.0,team_exact,Final,a6c3f89e-b9b1-5e12-9487-4f18ad700191
fa-fotmob-5315746,5315746,13,43,409,John Stones,2026-05-16T14:00:00+00:00,2026-05-16T17:00:00+00:00,fa-cup,False,0.0,team_exact,Final,7eb8003c-fda3-5fc5-8d67-ca7a0d89468c
fa-fotmob-5315746,5315746,13,43,411,Nico O'Reilly,2026-05-16T14:00:00+00:00,2026-05-16T17:00:00+00:00,fa-cup,True,90.0,team_exact,Final,692da677-7071-5b72-89bc-cc722ba518e2
fa-fotmob-5315746,5315746,13,43,413,Omar Marmoush,2026-05-16T14:00:00+00:00,2026-05-16T17:00:00+00:00,fa-cup,True,90.0,team_exact,Final,7ba3294a-acf2-50da-ba1c-626fce42c1dc
fa-fotmob-5315746,5315746,13,43,414,Phil Foden,2026-05-16T14:00:00+00:00,2026-05-16T17:00:00+00:00,fa-cup,False,0.0,team_exact,Final,f717009d-d433-5fa0-9cf5-1e081478a8f1
fa-fotmob-5315746,5315746,13,43,415,Savinho,2026-05-16T14:00:00+00:00,2026-05-16T17:00:00+00:00,fa-cup,False,0.0,team_exact,Final,a8873d13-747b-51b1-97e7-d8505b4f0084
fa-fotmob-5315746,5315746,13,43,417,Rayan Cherki,2026-05-16T14:00:00+00:00,2026-05-16T17:00:00+00:00,fa-cup,False,0.0,team_exact,Final,eebb4710-6fe9-53e9-81e0-a650547126a0
fa-fotmob-5315746,5315746,13,43,418,Jérémy Doku,2026-05-16T14:00:00+00:00,2026-05-16T17:00:00+00:00,fa-cup,True,90.0,team_exact,Final,dfca7131-f158-5eea-ba5e-b71b5a3655b2
fa-fotmob-5315746,5315746,13,43,422,Mateo Kovacic,2026-05-16T14:00:00+00:00,2026-05-16T17:00:00+00:00,fa-cup,False,0.0,team_exact,Final,52ef863c-3a3d-510c-ac26-a4176d6b98ff
fa-fotmob-5315746,5315746,13,43,427,Tijjani Reijnders,2026-05-16T14:00:00+00:00,2026-05-16T17:00:00+00:00,fa-cup,False,0.0,team_exact,Final,138e28b4-ff6e-5598-bbd5-0b255b509b73
fa-fotmob-5315746,5315746,13,43,430,Erling Haaland,2026-05-16T14:00:00+00:00,2026-05-16T17:00:00+00:00,fa-cup,True,90.0,team_exact,Final,255ce56a-28f3-53e5-ae63-19f3c15aa12d
fa-fotmob-5315746,5315746,13,43,736,Gianluigi Donnarumma,2026-05-16T14:00:00+00:00,2026-05-16T17:00:00+00:00,fa-cup,False,0.0,team_exact,Final,67859d1e-575f-5ae4-aa8d-8f36bd11696e
