match_id,source_event_id,team_id,team_code,fpl_player_id,player_name,kickoff,available_at,competition,started,minutes,mapping_rule,round_name
fa-fotmob-5089899,5089899,16,17,12,Oleksandr Zinchenko,2026-01-09T19:30:00+00:00,2026-01-09T22:30:00+00:00,fa-cup,True,120.0,team_exact,3
fa-fotmob-5089899,5089899,16,17,426,James McAtee,2026-01-09T19:30:00+00:00,2026-01-09T22:30:00+00:00,fa-cup,True,120.0,team_exact,3
fa-fotmob-5089899,5089899,16,17,502,Matz Sels,2026-01-09T19:30:00+00:00,2026-01-09T22:30:00+00:00,fa-cup,True,120.0,team_exact,3
fa-fotmob-5089899,5089899,16,17,505,Nikola Milenkovic,2026-01-09T19:30:00+00:00,2026-01-09T22:30:00+00:00,fa-cup,False,0.0,team_exact,3
fa-fotmob-5089899,5089899,16,17,506,Murillo,2026-01-09T19:30:00+00:00,2026-01-09T22:30:00+00:00,fa-cup,False,0.0,team_exact,3
fa-fotmob-5089899,5089899,16,17,508,Neco Williams,2026-01-09T19:30:00+00:00,2026-01-09T22:30:00+00:00,fa-cup,False,0.0,team_exact,3
fa-fotmob-5089899,5089899,16,17,510,Jair Cunha,2026-01-09T19:30:00+00:00,2026-01-09T22:30:00+00:00,fa-cup,True,120.0,team_exact,3
fa-fotmob-5089899,5089899,16,17,511,Morato,2026-01-09T19:30:00+00:00,2026-01-09T22:30:00+00:00,fa-cup,True,120.0,team_exact,3
fa-fotmob-5089899,5089899,16,17,513,Zach Abbott,2026-01-09T19:30:00+00:00,2026-01-09T22:30:00+00:00,fa-cup,False,0.0,team_exact,3
fa-fotmob-5089899,5089899,16,17,515,Morgan Gibbs-White,2026-01-09T19:30:00+00:00,2026-01-09T22:30:00+00:00,fa-cup,False,0.0,team_exact,3
fa-fotmob-5089899,5089899,16,17,516,Callum Hudson-Odoi,2026-01-09T19:30:00+00:00,2026-01-09T22:30:00+00:00,fa-cup,False,0.0,team_exact,3
fa-fotmob-5089899,5089899,16,17,519,Nicolás Dominguez,2026-01-09T19:30:00+00:00,2026-01-09T22:30:00+00:00,fa-cup,False,0.0,team_exact,3
fa-fotmob-5089899,5089899,16,17,526,Igor Jesus,2026-01-09T19:30:00+00:00,2026-01-09T22:30:00+00:00,fa-cup,True,120.0,team_exact,3
fa-fotmob-5089899,5089899,16,17,527,Taiwo Awoniyi,2026-01-09T19:30:00+00:00,2026-01-09T22:30:00+00:00,fa-cup,False,0.0,team_exact,3
fa-fotmob-5089899,5089899,16,17,669,Dan Ndoye,2026-01-09T19:30:00+00:00,2026-01-09T22:30:00+00:00,fa-cup,True,120.0,team_exact,3
fa-fotmob-5089899,5089899,16,17,675,Angus Gunn,2026-01-09T19:30:00+00:00,2026-01-09T22:30:00+00:00,fa-cup,False,0.0,team_exact,3
fa-fotmob-5089899,5089899,16,17,693,Omari Hutchinson,2026-01-09T19:30:00+00:00,2026-01-09T22:30:00+00:00,fa-cup,True,120.0,team_exact,3
fa-fotmob-5089899,5089899,16,17,716,Nicolò Savona,2026-01-09T19:30:00+00:00,2026-01-09T22:30:00+00:00,fa-cup,True,120.0,team_exact,3
fa-fotmob-5089899,5089899,16,17,734,Dilane Bakwa,2026-01-09T19:30:00+00:00,2026-01-09T22:30:00+00:00,fa-cup,True,120.0,team_exact,3
fa-fotmob-5089893,5089893,20,39,627,Sam Johnstone,2026-01-10T12:15:00+00:00,2026-01-10T15:15:00+00:00,fa-cup,True,90.0,team_exact,3
fa-fotmob-5089893,5089893,20,39,629,Daniel Bentley,2026-01-10T12:15:00+00:00,2026-01-10T15:15:00+00:00,fa-cup,False,0.0,team_exact,3
fa-fotmob-5089893,5089893,20,39,632,Matt Doherty,2026-01-10T12:15:00+00:00,2026-01-10T15:15:00+00:00,fa-cup,True,90.0,team_exact,3
fa-fotmob-5089893,5089893,20,39,640,Pedro Lima,2026-01-10T12:15:00+00:00,2026-01-10T15:15:00+00:00,fa-cup,False,0.0,team_exact,3
fa-fotmob-5089893,5089893,20,39,643,André,2026-01-10T12:15:00+00:00,2026-01-10T15:15:00+00:00,fa-cup,True,90.0,team_exact,3
fa-fotmob-5089893,5089893,20,39,645,Fer López,2026-01-10T12:15:00+00:00,2026-01-10T15:15:00+00:00,fa-cup,False,0.0,team_exact,3
fa-fotmob-5089893,5089893,20,39,650,Tawanda Chirewa,2026-01-10T12:15:00+00:00,2026-01-10T15:15:00+00:00,fa-cup,False,0.0,team_exact,3
fa-fotmob-5089893,5089893,20,39,654,Jørgen Strand Larsen,2026-01-10T12:15:00+00:00,2026-01-10T15:15:00+00:00,fa-cup,True,90.0,global_full_exact,3
fa-fotmob-5089893,5089893,20,39,663,Jhon Arias,2026-01-10T12:15:00+00:00,2026-01-10T15:15:00+00:00,fa-cup,True,90.0,team_exact,3
fa-fotmob-5089893,5089893,20,39,682,David Møller Wolfe,2026-01-10T12:15:00+00:00,2026-01-10T15:15:00+00:00,fa-cup,True,90.0,team_exact,3
fa-fotmob-5089893,5089893,20,39,695,Jackson Tchatchoua,2026-01-10T12:15:00+00:00,2026-01-10T15:15:00+00:00,fa-cup,True,90.0,team_exact,3
fa-fotmob-5089893,5089893,20,39,709,Ladislav Krejcí,2026-01-10T12:15:00+00:00,2026-01-10T15:15:00+00:00,fa-cup,True,90.0,team_exact,3
fa-fotmob-5089893,5089893,20,39,720,Tolu Arokodare,2026-01-10T12:15:00+00:00,2026-01-10T15:15:00+00:00,fa-cup,False,0.0,team_exact,3
fa-fotmob-5089893,5089893,20,39,749,Mateus Mané,2026-01-10T12:15:00+00:00,2026-01-10T15:15:00+00:00,fa-cup,False,0.0,team_exact,3
fa-fotmob-5089905,5089905,9,11,287,Jordan Pickford,2026-01-10T12:15:00+00:00,2026-01-10T15:15:00+00:00,fa-cup,True,120.0,team_exact,3
fa-fotmob-5089905,5089905,9,11,288,Mark Travers,2026-01-10T12:15:00+00:00,2026-01-10T15:15:00+00:00,fa-cup,False,0.0,team_exact,3
fa-fotmob-5089905,5089905,9,11,291,James Tarkowski,2026-01-10T12:15:00+00:00,2026-01-10T15:15:00+00:00,fa-cup,True,120.0,team_exact,3
fa-fotmob-5089905,5089905,9,11,292,Vitaliy Mykolenko,2026-01-10T12:15:00+00:00,2026-01-10T15:15:00+00:00,fa-cup,True,120.0,team_unique_surname,3
fa-fotmob-5089905,5089905,9,11,293,Jake O'Brien,2026-01-10T12:15:00+00:00,2026-01-10T15:15:00+00:00,fa-cup,True,120.0,team_exact,3
fa-fotmob-5089905,5089905,9,11,296,Nathan Patterson,2026-01-10T12:15:00+00:00,2026-01-10T15:15:00+00:00,fa-cup,True,120.0,team_exact,3
fa-fotmob-5089905,5089905,9,11,298,Reece Welch,2026-01-10T12:15:00+00:00,2026-01-10T15:15:00+00:00,fa-cup,False,0.0,team_exact,3
fa-fotmob-5089905,5089905,9,11,300,Dwight McNeil,2026-01-10T12:15:00+00:00,2026-01-10T15:15:00+00:00,fa-cup,True,120.0,team_exact,3
fa-fotmob-5089905,5089905,9,11,303,James Garner,2026-01-10T12:15:00+00:00,2026-01-10T15:15:00+00:00,fa-cup,True,120.0,team_exact,3
fa-fotmob-5089905,5089905,9,11,305,Harrison Armstrong,2026-01-10T12:15:00+00:00,2026-01-10T15:15:00+00:00,fa-cup,True,120.0,team_exact,3
fa-fotmob-5089905,5089905,9,11,306,Callum Bates,2026-01-10T12:15:00+00:00,2026-01-10T15:15:00+00:00,fa-cup,False,0.0,team_exact,3
fa-fotmob-5089905,5089905,9,11,310,Thierno Barry,2026-01-10T12:15:00+00:00,2026-01-10T15:15:00+00:00,fa-cup,False,0.0,team_exact,3
fa-fotmob-5089905,5089905,9,11,311,Beto,2026-01-10T12:15:00+00:00,2026-01-10T15:15:00+00:00,fa-cup,True,120.0,team_exact,3
fa-fotmob-5089905,5089905,9,11,630,Tom King,2026-01-10T12:15:00+00:00,2026-01-10T15:15:00+00:00,fa-cup,False,0.0,team_exact,3
fa-fotmob-5089905,5089905,9,11,667,Adam Aznou,2026-01-10T12:15:00+00:00,2026-01-10T15:15:00+00:00,fa-cup,False,0.0,team_exact,3
fa-fotmob-5089905,5089905,9,11,705,Elijah Campbell,2026-01-10T12:15:00+00:00,2026-01-10T15:15:00+00:00,fa-cup,False,0.0,team_exact,3
fa-fotmob-5089905,5089905,9,11,707,Tyler Dibling,2026-01-10T12:15:00+00:00,2026-01-10T15:15:00+00:00,fa-cup,True,120.0,team_exact,3
fa-fotmob-5089905,5089905,9,11,728,Merlin Röhl,2026-01-10T12:15:00+00:00,2026-01-10T15:15:00+00:00,fa-cup,True,120.0,team_exact,3
fa-fotmob-5089905,5089905,9,11,779,Braiden Graham,2026-01-10T12:15:00+00:00,2026-01-10T15:15:00+00:00,fa-cup,False,0.0,team_exact,3
fa-fotmob-5089905,5089905,17,56,528,Anthony Patterson,2026-01-10T12:15:00+00:00,2026-01-10T15:15:00+00:00,fa-cup,False,0.0,team_exact,3
fa-fotmob-5089905,5089905,17,56,531,Daniel Ballard,2026-01-10T12:15:00+00:00,2026-01-10T15:15:00+00:00,fa-cup,False,0.0,team_exact,3
fa-fotmob-5089905,5089905,17,56,532,Trai Hume,2026-01-10T12:15:00+00:00,2026-01-10T15:15:00+00:00,fa-cup,True,120.0,team_exact,3
fa-fotmob-5089905,5089905,17,56,535,Dennis Cirkin,2026-01-10T12:15:00+00:00,2026-01-10T15:15:00+00:00,fa-cup,True,120.0,team_exact,3
fa-fotmob-5089905,5089905,17,56,536,Leo Hjelde,2026-01-10T12:15:00+00:00,2026-01-10T15:15:00+00:00,fa-cup,False,0.0,team_unique_surname,3
fa-fotmob-5089905,5089905,17,56,539,Luke O'Nien,2026-01-10T12:15:00+00:00,2026-01-10T15:15:00+00:00,fa-cup,True,120.0,team_exact,3
fa-fotmob-5089905,5089905,17,56,543,Simon Adingra,2026-01-10T12:15:00+00:00,2026-01-10T15:15:00+00:00,fa-cup,True,120.0,team_exact,3
fa-fotmob-5089905,5089905,17,56,547,Enzo Le Fée,2026-01-10T12:15:00+00:00,2026-01-10T15:15:00+00:00,fa-cup,True,120.0,team_exact,3
fa-fotmob-5089905,5089905,17,56,548,Romaine Mundle,2026-01-10T12:15:00+00:00,2026-01-10T15:15:00+00:00,fa-cup,True,120.0,team_exact,3
fa-fotmob-5089905,5089905,17,56,549,Daniel Neil,2026-01-10T12:15:00+00:00,2026-01-10T15:15:00+00:00,fa-cup,False,0.0,team_unique_surname,3
fa-fotmob-5089905,5089905,17,56,551,Chris Rigg,2026-01-10T12:15:00+00:00,2026-01-10T15:15:00+00:00,fa-cup,False,0.0,team_exact,3
fa-fotmob-5089905,5089905,17,56,552,Noah Sadiki,2026-01-10T12:15:00+00:00,2026-01-10T15:15:00+00:00,fa-cup,True,120.0,team_exact,3
fa-fotmob-5089905,5089905,17,56,560,Wilson Isidor,2026-01-10T12:15:00+00:00,2026-01-10T15:15:00+00:00,fa-cup,False,0.0,team_exact,3
fa-fotmob-5089905,5089905,17,56,668,Granit Xhaka,2026-01-10T12:15:00+00:00,2026-01-10T15:15:00+00:00,fa-cup,True,120.0,team_exact,3
fa-fotmob-5089905,5089905,17,56,670,Robin Roefs,2026-01-10T12:15:00+00:00,2026-01-10T15:15:00+00:00,fa-cup,True,120.0,team_exact,3
fa-fotmob-5089905,5089905,17,56,683,Omar Alderete,2026-01-10T12:15:00+00:00,2026-01-10T15:15:00+00:00,fa-cup,False,0.0,team_exact,3
fa-fotmob-5089905,5089905,17,56,694,Nordi Mukiele,2026-01-10T12:15:00+00:00,2026-01-10T15:15:00+00:00,fa-cup,True,120.0,team_exact,3
fa-fotmob-5089905,5089905,17,56,724,Lutsharel Geertruida,2026-01-10T12:15:00+00:00,2026-01-10T15:15:00+00:00,fa-cup,False,0.0,team_exact,3
fa-fotmob-5089905,5089905,17,56,730,Brian Brobbey,2026-01-10T12:15:00+00:00,2026-01-10T15:15:00+00:00,fa-cup,False,0.0,team_exact,3
fa-fotmob-5089921,5089921,8,31,253,Dean Henderson,2026-01-10T12:15:00+00:00,2026-01-10T15:15:00+00:00,fa-cup,False,0.0,team_exact,3
fa-fotmob-5089921,5089921,8,31,254,Walter Benítez,2026-01-10T12:15:00+00:00,2026-01-10T15:15:00+00:00,fa-cup,True,90.0,team_exact,3
fa-fotmob-5089921,5089921,8,31,257,Maxence Lacroix,2026-01-10T12:15:00+00:00,2026-01-10T15:15:00+00:00,fa-cup,False,0.0,team_exact,3
fa-fotmob-5089921,5089921,8,31,258,Tyrick Mitchell,2026-01-10T12:15:00+00:00,2026-01-10T15:15:00+00:00,fa-cup,False,0.0,team_exact,3
fa-fotmob-5089921,5089921,8,31,259,Borna Sosa,2026-01-10T12:15:00+00:00,2026-01-10T15:15:00+00:00,fa-cup,True,90.0,team_exact,3
fa-fotmob-5089921,5089921,8,31,260,Marc Guéhi,2026-01-10T12:15:00+00:00,2026-01-10T15:15:00+00:00,fa-cup,True,90.0,global_full_exact,3
fa-fotmob-5089921,5089921,8,31,261,Chris Richards,2026-01-10T12:15:00+00:00,2026-01-10T15:15:00+00:00,fa-cup,True,90.0,team_exact,3
fa-fotmob-5089921,5089921,8,31,270,Will Hughes,2026-01-10T12:15:00+00:00,2026-01-10T15:15:00+00:00,fa-cup,False,0.0,team_exact,3
fa-fotmob-5089921,5089921,8,31,273,Adam Wharton,2026-01-10T12:15:00+00:00,2026-01-10T15:15:00+00:00,fa-cup,True,90.0,team_exact,3
fa-fotmob-5089921,5089921,8,31,276,Justin Devenny,2026-01-10T12:15:00+00:00,2026-01-10T15:15:00+00:00,fa-cup,True,90.0,team_exact,3
fa-fotmob-5089921,5089921,8,31,281,Kaden Rodney,2026-01-10T12:15:00+00:00,2026-01-10T15:15:00+00:00,fa-cup,True,90.0,team_exact,3
fa-fotmob-5089921,5089921,8,31,286,Zach Marsh,2026-01-10T12:15:00+00:00,2026-01-10T15:15:00+00:00,fa-cup,False,0.0,team_exact,3
fa-fotmob-5089921,5089921,8,31,580,Brennan Johnson,2026-01-10T12:15:00+00:00,2026-01-10T15:15:00+00:00,fa-cup,False,0.0,team_exact,3
fa-fotmob-5089921,5089921,8,31,723,Jaydee Canvot,2026-01-10T12:15:00+00:00,2026-01-10T15:15:00+00:00,fa-cup,True,90.0,team_exact,3
fa-fotmob-5089921,5089921,8,31,732,Christantus Uche,2026-01-10T12:15:00+00:00,2026-01-10T15:15:00+00:00,fa-cup,True,90.0,team_exact,3
fa-fotmob-5089921,5089921,8,31,762,Joél Drakes-Thomas,2026-01-10T12:15:00+00:00,2026-01-10T15:15:00+00:00,fa-cup,True,90.0,team_exact,3
fa-fotmob-5089921,5089921,8,31,773,Dean Benamar,2026-01-10T12:15:00+00:00,2026-01-10T15:15:00+00:00,fa-cup,False,0.0,team_exact,3
fa-fotmob-5089921,5089921,8,31,780,Ben Casey,2026-01-10T12:15:00+00:00,2026-01-10T15:15:00+00:00,fa-cup,False,0.0,team_exact,3
fa-fotmob-5089921,5089921,8,31,793,George King,2026-01-10T12:15:00+00:00,2026-01-10T15:15:00+00:00,fa-cup,False,0.0,team_exact,3
fa-fotmob-5089901,5089901,13,43,82,Antoine Semenyo,2026-01-10T15:00:00+00:00,2026-01-10T18:00:00+00:00,fa-cup,True,90.0,team_exact,3
fa-fotmob-5089901,5089901,13,43,182,James Trafford,2026-01-10T15:00:00+00:00,2026-01-10T18:00:00+00:00,fa-cup,True,90.0,team_exact,3
fa-fotmob-5089901,5089901,13,43,405,Nathan Aké,2026-01-10T15:00:00+00:00,2026-01-10T18:00:00+00:00,fa-cup,True,90.0,team_exact,3
fa-fotmob-5089901,5089901,13,43,406,Abdukodir Khusanov,2026-01-10T15:00:00+00:00,2026-01-10T18:00:00+00:00,fa-cup,True,90.0,team_exact,3
fa-fotmob-5089901,5089901,13,43,407,Matheus Nunes,2026-01-10T15:00:00+00:00,2026-01-10T18:00:00+00:00,fa-cup,False,0.0,team_exact,3
fa-fotmob-5089901,5089901,13,43,410,Rico Lewis,2026-01-10T15:00:00+00:00,2026-01-10T18:00:00+00:00,fa-cup,True,90.0,team_exact,3
fa-fotmob-5089901,5089901,13,43,411,Nico O'Reilly,2026-01-10T15:00:00+00:00,2026-01-10T18:00:00+00:00,fa-cup,False,0.0,team_exact,3
fa-fotmob-5089901,5089901,13,43,414,Phil Foden,2026-01-10T15:00:00+00:00,2026-01-10T18:00:00+00:00,fa-cup,False,0.0,team_exact,3
fa-fotmob-5089901,5089901,13,43,417,Rayan Cherki,2026-01-10T15:00:00+00:00,2026-01-10T18:00:00+00:00,fa-cup,True,90.0,team_exact,3
fa-fotmob-5089901,5089901,13,43,418,Jérémy Doku,2026-01-10T15:00:00+00:00,2026-01-10T18:00:00+00:00,fa-cup,False,0.0,team_exact,3
fa-fotmob-5089901,5089901,13,43,427,Tijjani Reijnders,2026-01-10T15:00:00+00:00,2026-01-10T18:00:00+00:00,fa-cup,True,90.0,team_exact,3
fa-fotmob-5089901,5089901,13,43,430,Erling Haaland,2026-01-10T15:00:00+00:00,2026-01-10T18:00:00+00:00,fa-cup,True,90.0,team_exact,3
fa-fotmob-5089901,5089901,13,43,736,Gianluigi Donnarumma,2026-01-10T15:00:00+00:00,2026-01-10T18:00:00+00:00,fa-cup,False,0.0,team_exact,3
fa-fotmob-5089901,5089901,13,43,739,Divine Mukasa,2026-01-10T15:00:00+00:00,2026-01-10T18:00:00+00:00,fa-cup,False,0.0,team_exact,3
fa-fotmob-5089901,5089901,13,43,740,Stephen Mfuni,2026-01-10T15:00:00+00:00,2026-01-10T18:00:00+00:00,fa-cup,False,0.0,team_exact,3
fa-fotmob-5089901,5089901,13,43,742,Ryan McAidoo,2026-01-10T15:00:00+00:00,2026-01-10T18:00:00+00:00,fa-cup,True,90.0,team_exact,3
fa-fotmob-5089901,5089901,13,43,794,Max Alleyne,2026-01-10T15:00:00+00:00,2026-01-10T18:00:00+00:00,fa-cup,True,90.0,team_exact,3
fa-fotmob-5089903,5089903,5,94,27,Reiss Nelson,2026-01-10T15:00:00+00:00,2026-01-10T18:00:00+00:00,fa-cup,True,90.0,team_exact,3
fa-fotmob-5089903,5089903,5,94,104,Julian Eyestone,2026-01-10T15:00:00+00:00,2026-01-10T18:00:00+00:00,fa-cup,False,0.0,team_exact,3
fa-fotmob-5089903,5089903,5,94,105,Hákon Rafn Valdimarsson,2026-01-10T15:00:00+00:00,2026-01-10T18:00:00+00:00,fa-cup,True,90.0,team_exact,3
fa-fotmob-5089903,5089903,5,94,106,Nathan Collins,2026-01-10T15:00:00+00:00,2026-01-10T18:00:00+00:00,fa-cup,False,0.0,team_exact,3
fa-fotmob-5089903,5089903,5,94,107,Keane Lewis-Potter,2026-01-10T15:00:00+00:00,2026-01-10T18:00:00+00:00,fa-cup,True,90.0,team_exact,3
fa-fotmob-5089903,5089903,5,94,108,Kristoffer Ajer,2026-01-10T15:00:00+00:00,2026-01-10T18:00:00+00:00,fa-cup,False,0.0,team_exact,3
fa-fotmob-5089903,5089903,5,94,109,Rico Henry,2026-01-10T15:00:00+00:00,2026-01-10T18:00:00+00:00,fa-cup,True,90.0,team_exact,3
fa-fotmob-5089903,5089903,5,94,110,Michael Kayode,2026-01-10T15:00:00+00:00,2026-01-10T18:00:00+00:00,fa-cup,False,0.0,team_exact,3
fa-fotmob-5089903,5089903,5,94,111,Ethan Pinnock,2026-01-10T15:00:00+00:00,2026-01-10T18:00:00+00:00,fa-cup,True,90.0,team_exact,3
fa-fotmob-5089903,5089903,5,94,113,Sepp van den Berg,2026-01-10T15:00:00+00:00,2026-01-10T18:00:00+00:00,fa-cup,True,90.0,team_exact,3
fa-fotmob-5089903,5089903,5,94,114,Benjamin Arthur,2026-01-10T15:00:00+00:00,2026-01-10T18:00:00+00:00,fa-cup,False,0.0,team_exact,3
fa-fotmob-5089903,5089903,5,94,116,Aaron Hickey,2026-01-10T15:00:00+00:00,2026-01-10T18:00:00+00:00,fa-cup,True,90.0,team_exact,3
fa-fotmob-5089903,5089903,5,94,121,Mikkel Damsgaard,2026-01-10T15:00:00+00:00,2026-01-10T18:00:00+00:00,fa-cup,True,90.0,team_exact,3
fa-fotmob-5089903,5089903,5,94,124,Jordan Henderson,2026-01-10T15:00:00+00:00,2026-01-10T18:00:00+00:00,fa-cup,True,90.0,team_exact,3
fa-fotmob-5089903,5089903,5,94,125,Vitaly Janelt,2026-01-10T15:00:00+00:00,2026-01-10T18:00:00+00:00,fa-cup,False,0.0,team_exact,3
fa-fotmob-5089903,5089903,5,94,126,Mathias Jensen,2026-01-10T15:00:00+00:00,2026-01-10T18:00:00+00:00,fa-cup,True,90.0,team_exact,3
fa-fotmob-5089903,5089903,5,94,129,Yehor Yarmoliuk,2026-01-10T15:00:00+00:00,2026-01-10T18:00:00+00:00,fa-cup,False,0.0,team_exact,3
fa-fotmob-5089903,5089903,5,94,130,Romelle Donovan,2026-01-10T15:00:00+00:00,2026-01-10T18:00:00+00:00,fa-cup,True,90.0,team_exact,3
fa-fotmob-5089903,5089903,5,94,131,Yunus Emre Konak,2026-01-10T15:00:00+00:00,2026-01-10T18:00:00+00:00,fa-cup,False,0.0,team_exact,3
fa-fotmob-5089904,5089904,10,54,314,Bernd Leno,2026-01-10T15:00:00+00:00,2026-01-10T18:00:00+00:00,fa-cup,False,0.0,team_exact,3
fa-fotmob-5089904,5089904,10,54,316,Antonee Robinson,2026-01-10T15:00:00+00:00,2026-01-10T18:00:00+00:00,fa-cup,False,0.0,team_exact,3
fa-fotmob-5089904,5089904,10,54,317,Joachim Andersen,2026-01-10T15:00:00+00:00,2026-01-10T18:00:00+00:00,fa-cup,False,0.0,team_exact,3
fa-fotmob-5089904,5089904,10,54,319,Timothy Castagne,2026-01-10T15:00:00+00:00,2026-01-10T18:00:00+00:00,fa-cup,True,90.0,team_exact,3
fa-fotmob-5089904,5089904,10,54,320,Issa Diop,2026-01-10T15:00:00+00:00,2026-01-10T18:00:00+00:00,fa-cup,True,90.0,team_exact,3
fa-fotmob-5089904,5089904,10,54,323,Samuel Amissah,2026-01-10T15:00:00+00:00,2026-01-10T18:00:00+00:00,fa-cup,False,0.0,team_exact,3
fa-fotmob-5089904,5089904,10,54,325,Emile Smith Rowe,2026-01-10T15:00:00+00:00,2026-01-10T18:00:00+00:00,fa-cup,True,90.0,team_exact,3
fa-fotmob-5089904,5089904,10,54,328,Ryan Sessegnon,2026-01-10T15:00:00+00:00,2026-01-10T18:00:00+00:00,fa-cup,True,90.0,team_exact,3
fa-fotmob-5089904,5089904,10,54,329,Harry Wilson,2026-01-10T15:00:00+00:00,2026-01-10T18:00:00+00:00,fa-cup,False,0.0,team_exact,3
fa-fotmob-5089904,5089904,10,54,330,Sander Berge,2026-01-10T15:00:00+00:00,2026-01-10T18:00:00+00:00,fa-cup,False,0.0,team_exact,3
fa-fotmob-5089904,5089904,10,54,331,Tom Cairney,2026-01-10T15:00:00+00:00,2026-01-10T18:00:00+00:00,fa-cup,False,0.0,team_exact,3
fa-fotmob-5089904,5089904,10,54,332,Sasa Lukic,2026-01-10T15:00:00+00:00,2026-01-10T18:00:00+00:00,fa-cup,True,90.0,team_exact,3
fa-fotmob-5089904,5089904,10,54,336,Harrison Reed,2026-01-10T15:00:00+00:00,2026-01-10T18:00:00+00:00,fa-cup,True,90.0,team_exact,3
fa-fotmob-5089904,5089904,10,54,664,Benjamin Lecomte,2026-01-10T15:00:00+00:00,2026-01-10T18:00:00+00:00,fa-cup,True,90.0,team_exact,3
fa-fotmob-5089904,5089904,10,54,731,Kevin,2026-01-10T15:00:00+00:00,2026-01-10T18:00:00+00:00,fa-cup,True,90.0,team_exact,3
fa-fotmob-5089904,5089904,10,54,737,Jonah Kusi-Asare,2026-01-10T15:00:00+00:00,2026-01-10T18:00:00+00:00,fa-cup,True,90.0,team_exact,3
fa-fotmob-5089904,5089904,10,54,770,Seth Ridgeon,2026-01-10T15:00:00+00:00,2026-01-10T18:00:00+00:00,fa-cup,False,0.0,team_exact,3
fa-fotmob-5089907,5089907,3,90,185,Václav Hladky,2026-01-10T15:00:00+00:00,2026-01-10T18:00:00+00:00,fa-cup,False,0.0,team_exact,3
fa-fotmob-5089907,5089907,3,90,190,Hjalmar Ekdal,2026-01-10T15:00:00+00:00,2026-01-10T18:00:00+00:00,fa-cup,True,90.0,team_exact,3
fa-fotmob-5089907,5089907,3,90,191,Maxime Estève,2026-01-10T15:00:00+00:00,2026-01-10T18:00:00+00:00,fa-cup,True,90.0,team_exact,3
fa-fotmob-5089907,5089907,3,90,192,Quilindschy Hartman,2026-01-10T15:00:00+00:00,2026-01-10T18:00:00+00:00,fa-cup,True,90.0,team_exact,3
fa-fotmob-5089907,5089907,3,90,193,Bashir Humphreys,2026-01-10T15:00:00+00:00,2026-01-10T18:00:00+00:00,fa-cup,False,0.0,team_exact,3
fa-fotmob-5089907,5089907,3,90,195,Lucas Pires,2026-01-10T15:00:00+00:00,2026-01-10T18:00:00+00:00,fa-cup,False,0.0,team_exact,3
fa-fotmob-5089907,5089907,3,90,197,Oliver Sonne,2026-01-10T15:00:00+00:00,2026-01-10T18:00:00+00:00,fa-cup,True,90.0,team_exact,3
fa-fotmob-5089907,5089907,3,90,198,Axel Tuanzebe,2026-01-10T15:00:00+00:00,2026-01-10T18:00:00+00:00,fa-cup,False,0.0,team_exact,3
fa-fotmob-5089907,5089907,3,90,200,Jaidon Anthony,2026-01-10T15:00:00+00:00,2026-01-10T18:00:00+00:00,fa-cup,True,90.0,team_exact,3
fa-fotmob-5089907,5089907,3,90,202,Jacob Bruun Larsen,2026-01-10T15:00:00+00:00,2026-01-10T18:00:00+00:00,fa-cup,True,90.0,team_exact,3
fa-fotmob-5089907,5089907,3,90,206,Marcus Edwards,2026-01-10T15:00:00+00:00,2026-01-10T18:00:00+00:00,fa-cup,False,0.0,team_exact,3
fa-fotmob-5089907,5089907,3,90,207,Hannibal Mejbri,2026-01-10T15:00:00+00:00,2026-01-10T18:00:00+00:00,fa-cup,False,0.0,team_exact,3
fa-fotmob-5089907,5089907,3,90,209,Josh Laurent,2026-01-10T15:00:00+00:00,2026-01-10T18:00:00+00:00,fa-cup,True,90.0,team_exact,3
fa-fotmob-5089907,5089907,3,90,210,Loum Tchaouna,2026-01-10T15:00:00+00:00,2026-01-10T18:00:00+00:00,fa-cup,True,90.0,team_exact,3
fa-fotmob-5089907,5089907,3,90,213,Jaydon Banel,2026-01-10T15:00:00+00:00,2026-01-10T18:00:00+00:00,fa-cup,False,0.0,team_exact,3
fa-fotmob-5089907,5089907,3,90,218,Ashley Barnes,2026-01-10T15:00:00+00:00,2026-01-10T18:00:00+00:00,fa-cup,True,90.0,team_exact,3
fa-fotmob-5089907,5089907,3,90,676,Lesley Ugochukwu,2026-01-10T15:00:00+00:00,2026-01-10T18:00:00+00:00,fa-cup,True,90.0,team_exact,3
fa-fotmob-5089907,5089907,3,90,680,Armando Broja,2026-01-10T15:00:00+00:00,2026-01-10T18:00:00+00:00,fa-cup,False,0.0,team_exact,3
fa-fotmob-5089907,5089907,3,90,722,Florentino,2026-01-10T15:00:00+00:00,2026-01-10T18:00:00+00:00,fa-cup,False,0.0,team_exact,3
fa-fotmob-5089915,5089915,4,91,67,Djordje Petrovic,2026-01-10T15:00:00+00:00,2026-01-10T18:00:00+00:00,fa-cup,True,120.0,team_unique_surname,3
fa-fotmob-5089915,5089915,4,91,73,Adam Smith,2026-01-10T15:00:00+00:00,2026-01-10T18:00:00+00:00,fa-cup,True,120.0,team_exact,3
fa-fotmob-5089915,5089915,4,91,74,Adrien Truffert,2026-01-10T15:00:00+00:00,2026-01-10T18:00:00+00:00,fa-cup,False,0.0,team_exact,3
fa-fotmob-5089915,5089915,4,91,77,James Hill,2026-01-10T15:00:00+00:00,2026-01-10T18:00:00+00:00,fa-cup,True,120.0,team_exact,3
fa-fotmob-5089915,5089915,4,91,84,Marcus Tavernier,2026-01-10T15:00:00+00:00,2026-01-10T18:00:00+00:00,fa-cup,False,0.0,team_exact,3
fa-fotmob-5089915,5089915,4,91,86,David Brooks,2026-01-10T15:00:00+00:00,2026-01-10T18:00:00+00:00,fa-cup,True,120.0,team_exact,3
fa-fotmob-5089915,5089915,4,91,88,Lewis Cook,2026-01-10T15:00:00+00:00,2026-01-10T18:00:00+00:00,fa-cup,True,120.0,team_exact,3
fa-fotmob-5089915,5089915,4,91,90,Alex Scott,2026-01-10T15:00:00+00:00,2026-01-10T18:00:00+00:00,fa-cup,True,120.0,team_exact,3
fa-fotmob-5089915,5089915,4,91,97,Evanilson,2026-01-10T15:00:00+00:00,2026-01-10T18:00:00+00:00,fa-cup,False,0.0,team_exact,3
fa-fotmob-5089915,5089915,4,91,98,Enes Ünal,2026-01-10T15:00:00+00:00,2026-01-10T18:00:00+00:00,fa-cup,True,120.0,team_exact,3
fa-fotmob-5089915,5089915,4,91,100,Junior Kroupi,2026-01-10T15:00:00+00:00,2026-01-10T18:00:00+00:00,fa-cup,True,120.0,team_exact,3
fa-fotmob-5089915,5089915,4,91,685,Bafodé Diakité,2026-01-10T15:00:00+00:00,2026-01-10T18:00:00+00:00,fa-cup,True,120.0,team_exact,3
fa-fotmob-5089915,5089915,4,91,687,Remy Rees-Dottin,2026-01-10T15:00:00+00:00,2026-01-10T18:00:00+00:00,fa-cup,False,0.0,team_exact,3
fa-fotmob-5089915,5089915,4,91,697,Amine Adli,2026-01-10T15:00:00+00:00,2026-01-10T18:00:00+00:00,fa-cup,True,120.0,team_exact,3
fa-fotmob-5089915,5089915,4,91,721,Veljko Milosavljevic,2026-01-10T15:00:00+00:00,2026-01-10T18:00:00+00:00,fa-cup,False,0.0,team_exact,3
fa-fotmob-5089915,5089915,4,91,756,Malcom Dacosta,2026-01-10T15:00:00+00:00,2026-01-10T18:00:00+00:00,fa-cup,False,0.0,team_exact,3
fa-fotmob-5089915,5089915,4,91,782,Fraser Forster,2026-01-10T15:00:00+00:00,2026-01-10T18:00:00+00:00,fa-cup,False,0.0,team_exact,3
fa-fotmob-5089915,5089915,15,4,52,Jacob Ramsey,2026-01-10T15:00:00+00:00,2026-01-10T18:00:00+00:00,fa-cup,True,120.0,team_exact,3
fa-fotmob-5089915,5089915,15,4,135,Yoane Wissa,2026-01-10T15:00:00+00:00,2026-01-10T18:00:00+00:00,fa-cup,True,120.0,team_exact,3
fa-fotmob-5089915,5089915,15,4,469,Nick Pope,2026-01-10T15:00:00+00:00,2026-01-10T18:00:00+00:00,fa-cup,False,0.0,team_exact,3
fa-fotmob-5089915,5089915,15,4,473,Lewis Hall,2026-01-10T15:00:00+00:00,2026-01-10T18:00:00+00:00,fa-cup,False,0.0,team_exact,3
fa-fotmob-5089915,5089915,15,4,475,Sven Botman,2026-01-10T15:00:00+00:00,2026-01-10T18:00:00+00:00,fa-cup,True,120.0,team_exact,3
fa-fotmob-5089915,5089915,15,4,477,Valentino Livramento,2026-01-10T15:00:00+00:00,2026-01-10T18:00:00+00:00,fa-cup,True,120.0,team_unique_surname,3
fa-fotmob-5089915,5089915,15,4,478,Kieran Trippier,2026-01-10T15:00:00+00:00,2026-01-10T18:00:00+00:00,fa-cup,True,120.0,team_exact,3
fa-fotmob-5089915,5089915,15,4,481,Alex Murphy,2026-01-10T15:00:00+00:00,2026-01-10T18:00:00+00:00,fa-cup,False,0.0,team_exact,3
fa-fotmob-5089915,5089915,15,4,485,Anthony Gordon,2026-01-10T15:00:00+00:00,2026-01-10T18:00:00+00:00,fa-cup,False,0.0,team_exact,3
fa-fotmob-5089915,5089915,15,4,487,Harvey Barnes,2026-01-10T15:00:00+00:00,2026-01-10T18:00:00+00:00,fa-cup,True,120.0,team_exact,3
fa-fotmob-5089915,5089915,15,4,490,Joelinton,2026-01-10T15:00:00+00:00,2026-01-10T18:00:00+00:00,fa-cup,False,0.0,team_exact,3
fa-fotmob-5089915,5089915,15,4,491,Sandro Tonali,2026-01-10T15:00:00+00:00,2026-01-10T18:00:00+00:00,fa-cup,True,120.0,team_exact,3
fa-fotmob-5089915,5089915,15,4,494,Joseph Willock,2026-01-10T15:00:00+00:00,2026-01-10T18:00:00+00:00,fa-cup,True,120.0,team_unique_surname,3
fa-fotmob-5089915,5089915,15,4,497,Lewis Miley,2026-01-10T15:00:00+00:00,2026-01-10T18:00:00+00:00,fa-cup,False,0.0,team_exact,3
fa-fotmob-5089915,5089915,15,4,501,Sean Neave,2026-01-10T15:00:00+00:00,2026-01-10T18:00:00+00:00,fa-cup,False,0.0,team_exact,3
fa-fotmob-5089915,5089915,15,4,674,Aaron Ramsdale,2026-01-10T15:00:00+00:00,2026-01-10T18:00:00+00:00,fa-cup,True,120.0,team_exact,3
fa-fotmob-5089915,5089915,15,4,684,Malick Thiaw,2026-01-10T15:00:00+00:00,2026-01-10T18:00:00+00:00,fa-cup,True,120.0,team_exact,3
fa-fotmob-5089915,5089915,15,4,714,Nick Woltemade,2026-01-10T15:00:00+00:00,2026-01-10T18:00:00+00:00,fa-cup,True,120.0,team_exact,3
fa-fotmob-5089915,5089915,15,4,772,Sam Alabi,2026-01-10T15:00:00+00:00,2026-01-10T18:00:00+00:00,fa-cup,False,0.0,team_exact,3
fa-fotmob-5089895,5089895,2,7,33,Marco Bizot,2026-01-10T17:45:00+00:00,2026-01-10T20:45:00+00:00,fa-cup,True,90.0,team_exact,3
fa-fotmob-5089895,5089895,2,7,36,Matty Cash,2026-01-10T17:45:00+00:00,2026-01-10T20:45:00+00:00,fa-cup,True,90.0,team_exact,3
fa-fotmob-5089895,5089895,2,7,37,Lucas Digne,2026-01-10T17:45:00+00:00,2026-01-10T20:45:00+00:00,fa-cup,False,0.0,team_exact,3
fa-fotmob-5089895,5089895,2,7,39,Ian Maatsen,2026-01-10T17:45:00+00:00,2026-01-10T20:45:00+00:00,fa-cup,True,90.0,team_exact,3
fa-fotmob-5089895,5089895,2,7,40,Tyrone Mings,2026-01-10T17:45:00+00:00,2026-01-10T20:45:00+00:00,fa-cup,False,0.0,team_exact,3
fa-fotmob-5089895,5089895,2,7,41,Pau Torres,2026-01-10T17:45:00+00:00,2026-01-10T20:45:00+00:00,fa-cup,True,90.0,team_exact,3
fa-fotmob-5089895,5089895,2,7,42,Andrés García,2026-01-10T17:45:00+00:00,2026-01-10T20:45:00+00:00,fa-cup,False,0.0,team_exact,3
fa-fotmob-5089895,5089895,2,7,44,Lamare Bogarde,2026-01-10T17:45:00+00:00,2026-01-10T20:45:00+00:00,fa-cup,True,90.0,team_exact,3
fa-fotmob-5089895,5089895,2,7,47,Morgan Rogers,2026-01-10T17:45:00+00:00,2026-01-10T20:45:00+00:00,fa-cup,True,90.0,team_exact,3
fa-fotmob-5089895,5089895,2,7,48,Youri Tielemans,2026-01-10T17:45:00+00:00,2026-01-10T20:45:00+00:00,fa-cup,False,0.0,team_exact,3
fa-fotmob-5089895,5089895,2,7,53,Donyell Malen,2026-01-10T17:45:00+00:00,2026-01-10T20:45:00+00:00,fa-cup,True,90.0,team_exact,3
fa-fotmob-5089895,5089895,2,7,54,John McGinn,2026-01-10T17:45:00+00:00,2026-01-10T20:45:00+00:00,fa-cup,True,90.0,team_exact,3
fa-fotmob-5089895,5089895,2,7,58,Boubacar Kamara,2026-01-10T17:45:00+00:00,2026-01-10T20:45:00+00:00,fa-cup,True,90.0,team_exact,3
fa-fotmob-5089895,5089895,2,7,64,Ollie Watkins,2026-01-10T17:45:00+00:00,2026-01-10T20:45:00+00:00,fa-cup,False,0.0,team_exact,3
fa-fotmob-5089895,5089895,2,7,456,Jadon Sancho,2026-01-10T17:45:00+00:00,2026-01-10T20:45:00+00:00,fa-cup,False,0.0,team_exact,3
fa-fotmob-5089895,5089895,2,7,688,James Wright,2026-01-10T17:45:00+00:00,2026-01-10T20:45:00+00:00,fa-cup,False,0.0,team_exact,3
fa-fotmob-5089895,5089895,2,7,719,Victor Nilsson Lindelöf,2026-01-10T17:45:00+00:00,2026-01-10T20:45:00+00:00,fa-cup,False,0.0,team_unique_surname,3
fa-fotmob-5089895,5089895,2,7,754,George Hemmings,2026-01-10T17:45:00+00:00,2026-01-10T20:45:00+00:00,fa-cup,False,0.0,team_exact,3
fa-fotmob-5089895,5089895,18,6,565,Guglielmo Vicario,2026-01-10T17:45:00+00:00,2026-01-10T20:45:00+00:00,fa-cup,True,90.0,team_exact,3
fa-fotmob-5089895,5089895,18,6,567,Antonín Kinsky,2026-01-10T17:45:00+00:00,2026-01-10T20:45:00+00:00,fa-cup,False,0.0,team_exact,3
fa-fotmob-5089895,5089895,18,6,568,Pedro Porro,2026-01-10T17:45:00+00:00,2026-01-10T20:45:00+00:00,fa-cup,True,90.0,team_exact,3
fa-fotmob-5089895,5089895,18,6,570,Kevin Danso,2026-01-10T17:45:00+00:00,2026-01-10T20:45:00+00:00,fa-cup,True,90.0,team_exact,3
fa-fotmob-5089895,5089895,18,6,571,Ben Davies,2026-01-10T17:45:00+00:00,2026-01-10T20:45:00+00:00,fa-cup,True,90.0,team_exact,3
fa-fotmob-5089895,5089895,18,6,572,Radu Dragusin,2026-01-10T17:45:00+00:00,2026-01-10T20:45:00+00:00,fa-cup,False,0.0,team_exact,3
fa-fotmob-5089895,5089895,18,6,573,Djed Spence,2026-01-10T17:45:00+00:00,2026-01-10T20:45:00+00:00,fa-cup,False,0.0,team_exact,3
fa-fotmob-5089895,5089895,18,6,574,Destiny Udogie,2026-01-10T17:45:00+00:00,2026-01-10T20:45:00+00:00,fa-cup,False,0.0,team_exact,3
fa-fotmob-5089895,5089895,18,6,575,Micky van de Ven,2026-01-10T17:45:00+00:00,2026-01-10T20:45:00+00:00,fa-cup,True,90.0,team_exact,3
fa-fotmob-5089895,5089895,18,6,584,Mathys Tel,2026-01-10T17:45:00+00:00,2026-01-10T20:45:00+00:00,fa-cup,True,90.0,team_exact,3
fa-fotmob-5089895,5089895,18,6,588,Wilson Odobert,2026-01-10T17:45:00+00:00,2026-01-10T20:45:00+00:00,fa-cup,True,90.0,team_exact,3
fa-fotmob-5089895,5089895,18,6,591,Archie Gray,2026-01-10T17:45:00+00:00,2026-01-10T20:45:00+00:00,fa-cup,True,90.0,team_exact,3
fa-fotmob-5089895,5089895,18,6,597,Richarlison,2026-01-10T17:45:00+00:00,2026-01-10T20:45:00+00:00,fa-cup,True,90.0,team_exact,3
fa-fotmob-5089895,5089895,18,6,599,Dane Scarlett,2026-01-10T17:45:00+00:00,2026-01-10T20:45:00+00:00,fa-cup,False,0.0,team_exact,3
fa-fotmob-5089895,5089895,18,6,717,Xavi Simons,2026-01-10T17:45:00+00:00,2026-01-10T20:45:00+00:00,fa-cup,True,90.0,team_exact,3
fa-fotmob-5089895,5089895,18,6,726,Randal Kolo Muani,2026-01-10T17:45:00+00:00,2026-01-10T20:45:00+00:00,fa-cup,False,0.0,team_exact,3
fa-fotmob-5089895,5089895,18,6,745,Junai Byfield,2026-01-10T17:45:00+00:00,2026-01-10T20:45:00+00:00,fa-cup,False,0.0,team_exact,3
fa-fotmob-5089895,5089895,18,6,790,Lucá Williams-Barnett,2026-01-10T17:45:00+00:00,2026-01-10T20:45:00+00:00,fa-cup,False,0.0,team_exact,3
fa-fotmob-5089900,5089900,7,8,168,Facundo Buonanotte,2026-01-10T20:00:00+00:00,2026-01-10T23:00:00+00:00,fa-cup,True,90.0,global_full_exact,3
fa-fotmob-5089900,5089900,7,8,221,Filip Jörgensen,2026-01-10T20:00:00+00:00,2026-01-10T23:00:00+00:00,fa-cup,True,90.0,team_exact,3
fa-fotmob-5089900,5089900,7,8,226,Trevoh Chalobah,2026-01-10T20:00:00+00:00,2026-01-10T23:00:00+00:00,fa-cup,False,0.0,team_exact,3
fa-fotmob-5089900,5089900,7,8,230,Wesley Fofana,2026-01-10T20:00:00+00:00,2026-01-10T23:00:00+00:00,fa-cup,False,0.0,team_exact,3
fa-fotmob-5089900,5089900,7,8,232,Tosin Adarabioyo,2026-01-10T20:00:00+00:00,2026-01-10T23:00:00+00:00,fa-cup,True,90.0,team_exact,3
fa-fotmob-5089900,5089900,7,8,233,Josh Acheampong,2026-01-10T20:00:00+00:00,2026-01-10T23:00:00+00:00,fa-cup,True,90.0,team_exact,3
fa-fotmob-5089900,5089900,7,8,237,Enzo Fernández,2026-01-10T20:00:00+00:00,2026-01-10T23:00:00+00:00,fa-cup,False,0.0,team_exact,3
fa-fotmob-5089900,5089900,7,8,238,Estêvão,2026-01-10T20:00:00+00:00,2026-01-10T23:00:00+00:00,fa-cup,False,0.0,team_exact,3
fa-fotmob-5089900,5089900,7,8,246,Andrey Santos,2026-01-10T20:00:00+00:00,2026-01-10T23:00:00+00:00,fa-cup,True,90.0,team_exact,3
fa-fotmob-5089900,5089900,7,8,249,João Pedro,2026-01-10T20:00:00+00:00,2026-01-10T23:00:00+00:00,fa-cup,False,0.0,team_exact,3
fa-fotmob-5089900,5089900,7,8,250,Liam Delap,2026-01-10T20:00:00+00:00,2026-01-10T23:00:00+00:00,fa-cup,False,0.0,team_exact,3
fa-fotmob-5089900,5089900,7,8,252,Marc Guiu,2026-01-10T20:00:00+00:00,2026-01-10T23:00:00+00:00,fa-cup,True,90.0,team_exact,3
fa-fotmob-5089900,5089900,7,8,672,Jorrel Hato,2026-01-10T20:00:00+00:00,2026-01-10T23:00:00+00:00,fa-cup,True,90.0,team_exact,3
fa-fotmob-5089910,5089910,11,2,341,Karl Darlow,2026-01-11T12:00:00+00:00,2026-01-11T15:00:00+00:00,fa-cup,True,90.0,team_exact,3
fa-fotmob-5089910,5089910,11,2,343,Pascal Struijk,2026-01-11T12:00:00+00:00,2026-01-11T15:00:00+00:00,fa-cup,False,0.0,team_exact,3
fa-fotmob-5089910,5089910,11,2,344,Jaka Bijol,2026-01-11T12:00:00+00:00,2026-01-11T15:00:00+00:00,fa-cup,True,90.0,team_exact,3
fa-fotmob-5089910,5089910,11,2,345,Sebastiaan Bornauw,2026-01-11T12:00:00+00:00,2026-01-11T15:00:00+00:00,fa-cup,True,90.0,team_exact,3
fa-fotmob-5089910,5089910,11,2,346,Sam Byram,2026-01-11T12:00:00+00:00,2026-01-11T15:00:00+00:00,fa-cup,False,0.0,team_exact,3
fa-fotmob-5089910,5089910,11,2,350,Brenden Aaronson,2026-01-11T12:00:00+00:00,2026-01-11T15:00:00+00:00,fa-cup,False,0.0,team_exact,3
fa-fotmob-5089910,5089910,11,2,351,Wilfried Gnonto,2026-01-11T12:00:00+00:00,2026-01-11T15:00:00+00:00,fa-cup,True,90.0,team_exact,3
fa-fotmob-5089910,5089910,11,2,352,Jack Harrison,2026-01-11T12:00:00+00:00,2026-01-11T15:00:00+00:00,fa-cup,True,90.0,team_exact,3
fa-fotmob-5089910,5089910,11,2,354,Ethan Ampadu,2026-01-11T12:00:00+00:00,2026-01-11T15:00:00+00:00,fa-cup,True,90.0,team_exact,3
fa-fotmob-5089910,5089910,11,2,356,Ilia Gruev,2026-01-11T12:00:00+00:00,2026-01-11T15:00:00+00:00,fa-cup,True,90.0,team_exact,3
fa-fotmob-5089910,5089910,11,2,362,Joël Piroe,2026-01-11T12:00:00+00:00,2026-01-11T15:00:00+00:00,fa-cup,True,90.0,team_exact,3
fa-fotmob-5089910,5089910,11,2,365,Lukas Nmecha,2026-01-11T12:00:00+00:00,2026-01-11T15:00:00+00:00,fa-cup,True,90.0,team_exact,3
fa-fotmob-5089910,5089910,11,2,493,Sean Longstaff,2026-01-11T12:00:00+00:00,2026-01-11T15:00:00+00:00,fa-cup,False,0.0,team_exact,3
fa-fotmob-5089910,5089910,11,2,660,Anton Stach,2026-01-11T12:00:00+00:00,2026-01-11T15:00:00+00:00,fa-cup,False,0.0,team_exact,3
fa-fotmob-5089910,5089910,11,2,665,Lucas Perri,2026-01-11T12:00:00+00:00,2026-01-11T15:00:00+00:00,fa-cup,False,0.0,team_unique_surname,3
fa-fotmob-5089910,5089910,11,2,691,Dominic Calvert-Lewin,2026-01-11T12:00:00+00:00,2026-01-11T15:00:00+00:00,fa-cup,False,0.0,team_exact,3
fa-fotmob-5089910,5089910,11,2,698,Noah Okafor,2026-01-11T12:00:00+00:00,2026-01-11T15:00:00+00:00,fa-cup,True,90.0,team_exact,3
fa-fotmob-5089910,5089910,11,2,706,James Justin,2026-01-11T12:00:00+00:00,2026-01-11T15:00:00+00:00,fa-cup,False,0.0,team_exact,3
fa-fotmob-5089910,5089910,11,2,787,Sam Chambers,2026-01-11T12:00:00+00:00,2026-01-11T15:00:00+00:00,fa-cup,False,0.0,team_exact,3
fa-fotmob-5089909,5089909,1,3,5,Gabriel,2026-01-11T14:00:00+00:00,2026-01-11T17:00:00+00:00,fa-cup,True,90.0,team_exact,3
fa-fotmob-5089909,5089909,1,3,8,Jurriën Timber,2026-01-11T14:00:00+00:00,2026-01-11T17:00:00+00:00,fa-cup,False,0.0,team_exact,3
fa-fotmob-5089909,5089909,1,3,10,Myles Lewis-Skelly,2026-01-11T14:00:00+00:00,2026-01-11T17:00:00+00:00,fa-cup,True,90.0,team_exact,3
fa-fotmob-5089909,5089909,1,3,11,Ben White,2026-01-11T14:00:00+00:00,2026-01-11T17:00:00+00:00,fa-cup,True,90.0,team_unique_surname,3
fa-fotmob-5089909,5089909,1,3,16,Bukayo Saka,2026-01-11T14:00:00+00:00,2026-01-11T17:00:00+00:00,fa-cup,False,0.0,team_exact,3
fa-fotmob-5089909,5089909,1,3,17,Martin Ødegaard,2026-01-11T14:00:00+00:00,2026-01-11T17:00:00+00:00,fa-cup,False,0.0,team_exact,3
fa-fotmob-5089909,5089909,1,3,18,Noni Madueke,2026-01-11T14:00:00+00:00,2026-01-11T17:00:00+00:00,fa-cup,True,90.0,team_exact,3
fa-fotmob-5089909,5089909,1,3,21,Declan Rice,2026-01-11T14:00:00+00:00,2026-01-11T17:00:00+00:00,fa-cup,False,0.0,team_exact,3
fa-fotmob-5089909,5089909,1,3,24,Christian Nørgaard,2026-01-11T14:00:00+00:00,2026-01-11T17:00:00+00:00,fa-cup,True,90.0,team_exact,3
fa-fotmob-5089909,5089909,1,3,25,Ethan Nwaneri,2026-01-11T14:00:00+00:00,2026-01-11T17:00:00+00:00,fa-cup,True,90.0,team_exact,3
fa-fotmob-5089909,5089909,1,3,30,Kai Havertz,2026-01-11T14:00:00+00:00,2026-01-11T17:00:00+00:00,fa-cup,False,0.0,team_exact,3
fa-fotmob-5089909,5089909,1,3,266,Eberechi Eze,2026-01-11T14:00:00+00:00,2026-01-11T17:00:00+00:00,fa-cup,True,90.0,team_exact,3
fa-fotmob-5089909,5089909,1,3,666,Viktor Gyökeres,2026-01-11T14:00:00+00:00,2026-01-11T17:00:00+00:00,fa-cup,False,0.0,team_exact,3
fa-fotmob-5089909,5089909,1,3,759,Marli Salmon,2026-01-11T14:00:00+00:00,2026-01-11T17:00:00+00:00,fa-cup,False,0.0,team_exact,3
fa-fotmob-5089902,5089902,19,21,605,Max Kilman,2026-01-11T14:30:00+00:00,2026-01-11T17:30:00+00:00,fa-cup,True,120.0,team_unique_surname,3
fa-fotmob-5089902,5089902,19,21,606,Konstantinos Mavropanos,2026-01-11T14:30:00+00:00,2026-01-11T17:30:00+00:00,fa-cup,True,120.0,team_exact,3
fa-fotmob-5089902,5089902,19,21,608,Oliver Scarles,2026-01-11T14:30:00+00:00,2026-01-11T17:30:00+00:00,fa-cup,False,0.0,team_unique_surname,3
fa-fotmob-5089902,5089902,19,21,609,Jean-Clair Todibo,2026-01-11T14:30:00+00:00,2026-01-11T17:30:00+00:00,fa-cup,True,120.0,team_exact,3
fa-fotmob-5089902,5089902,19,21,610,Aaron Wan-Bissaka,2026-01-11T14:30:00+00:00,2026-01-11T17:30:00+00:00,fa-cup,True,120.0,team_exact,3
fa-fotmob-5089902,5089902,19,21,613,Tomás Soucek,2026-01-11T14:30:00+00:00,2026-01-11T17:30:00+00:00,fa-cup,False,0.0,team_exact,3
fa-fotmob-5089902,5089902,19,21,615,Crysencio Summerville,2026-01-11T14:30:00+00:00,2026-01-11T17:30:00+00:00,fa-cup,True,120.0,team_exact,3
fa-fotmob-5089902,5089902,19,21,618,Guido Rodríguez,2026-01-11T14:30:00+00:00,2026-01-11T17:30:00+00:00,fa-cup,False,0.0,team_exact,3
fa-fotmob-5089902,5089902,19,21,621,Andy Irving,2026-01-11T14:30:00+00:00,2026-01-11T17:30:00+00:00,fa-cup,False,0.0,team_exact,3
fa-fotmob-5089902,5089902,19,21,623,Freddie Potts,2026-01-11T14:30:00+00:00,2026-01-11T17:30:00+00:00,fa-cup,True,120.0,team_exact,3
fa-fotmob-5089902,5089902,19,21,624,Jarrod Bowen,2026-01-11T14:30:00+00:00,2026-01-11T17:30:00+00:00,fa-cup,True,120.0,team_exact,3
fa-fotmob-5089902,5089902,19,21,659,Kyle Walker-Peters,2026-01-11T14:30:00+00:00,2026-01-11T17:30:00+00:00,fa-cup,False,0.0,team_exact,3
fa-fotmob-5089902,5089902,19,21,679,Mads Hermansen,2026-01-11T14:30:00+00:00,2026-01-11T17:30:00+00:00,fa-cup,True,120.0,team_exact,3
fa-fotmob-5089902,5089902,19,21,718,Soungoutou Magassa,2026-01-11T14:30:00+00:00,2026-01-11T17:30:00+00:00,fa-cup,True,120.0,team_exact,3
fa-fotmob-5089902,5089902,19,21,747,Ezra Mayers,2026-01-11T14:30:00+00:00,2026-01-11T17:30:00+00:00,fa-cup,True,120.0,team_exact,3
fa-fotmob-5089902,5089902,19,21,752,Airidas Golambeckis,2026-01-11T14:30:00+00:00,2026-01-11T17:30:00+00:00,fa-cup,False,0.0,team_exact,3
fa-fotmob-5089902,5089902,19,21,758,Mohamadou Kanté,2026-01-11T14:30:00+00:00,2026-01-11T17:30:00+00:00,fa-cup,False,0.0,team_exact,3
fa-fotmob-5089902,5089902,19,21,785,Pablo,2026-01-11T14:30:00+00:00,2026-01-11T17:30:00+00:00,fa-cup,False,0.0,team_exact,3
fa-fotmob-5089902,5089902,19,21,791,Valentín Castellanos,2026-01-11T14:30:00+00:00,2026-01-11T17:30:00+00:00,fa-cup,True,120.0,team_exact,3
fa-fotmob-5089902,5089902,19,21,825,Finlay Herrick,2026-01-11T14:30:00+00:00,2026-01-11T17:30:00+00:00,fa-cup,False,0.0,team_exact,3
fa-fotmob-5089922,5089922,6,36,138,Jason Steele,2026-01-11T16:30:00+00:00,2026-01-11T19:30:00+00:00,fa-cup,True,90.0,team_exact,3
fa-fotmob-5089922,5089922,6,36,139,Bart Verbruggen,2026-01-11T16:30:00+00:00,2026-01-11T19:30:00+00:00,fa-cup,False,0.0,team_exact,3
fa-fotmob-5089922,5089922,6,36,143,Olivier Boscagli,2026-01-11T16:30:00+00:00,2026-01-11T19:30:00+00:00,fa-cup,True,90.0,team_exact,3
fa-fotmob-5089922,5089922,6,36,144,Diego Coppola,2026-01-11T16:30:00+00:00,2026-01-11T19:30:00+00:00,fa-cup,True,90.0,team_exact,3
fa-fotmob-5089922,5089922,6,36,146,Lewis Dunk,2026-01-11T16:30:00+00:00,2026-01-11T19:30:00+00:00,fa-cup,False,0.0,team_exact,3
fa-fotmob-5089922,5089922,6,36,151,Jan Paul van Hecke,2026-01-11T16:30:00+00:00,2026-01-11T19:30:00+00:00,fa-cup,False,0.0,team_exact,3
fa-fotmob-5089922,5089922,6,36,152,Joël Veltman,2026-01-11T16:30:00+00:00,2026-01-11T19:30:00+00:00,fa-cup,True,90.0,team_exact,3
fa-fotmob-5089922,5089922,6,36,156,Charlie Tasker,2026-01-11T16:30:00+00:00,2026-01-11T19:30:00+00:00,fa-cup,False,0.0,team_exact,3
fa-fotmob-5089922,5089922,6,36,158,Georginio Rutter,2026-01-11T16:30:00+00:00,2026-01-11T19:30:00+00:00,fa-cup,True,90.0,team_exact,3
fa-fotmob-5089922,5089922,6,36,162,Brajan Gruda,2026-01-11T16:30:00+00:00,2026-01-11T19:30:00+00:00,fa-cup,True,90.0,team_exact,3
fa-fotmob-5089922,5089922,6,36,163,Jack Hinshelwood,2026-01-11T16:30:00+00:00,2026-01-11T19:30:00+00:00,fa-cup,True,90.0,team_exact,3
fa-fotmob-5089922,5089922,6,36,166,Yasin Ayari,2026-01-11T16:30:00+00:00,2026-01-11T19:30:00+00:00,fa-cup,False,0.0,team_exact,3
fa-fotmob-5089922,5089922,6,36,172,Tom Watson,2026-01-11T16:30:00+00:00,2026-01-11T19:30:00+00:00,fa-cup,False,0.0,team_exact,3
fa-fotmob-5089922,5089922,6,36,178,Danny Welbeck,2026-01-11T16:30:00+00:00,2026-01-11T19:30:00+00:00,fa-cup,True,90.0,team_exact,3
fa-fotmob-5089922,5089922,6,36,181,Charalampos Kostoulas,2026-01-11T16:30:00+00:00,2026-01-11T19:30:00+00:00,fa-cup,False,0.0,team_exact,3
fa-fotmob-5089922,5089922,6,36,783,Pascal Groß,2026-01-11T16:30:00+00:00,2026-01-11T19:30:00+00:00,fa-cup,True,90.0,team_exact,3
fa-fotmob-5089922,5089922,6,36,795,Harry Howell,2026-01-11T16:30:00+00:00,2026-01-11T19:30:00+00:00,fa-cup,False,0.0,team_exact,3
fa-fotmob-5089922,5089922,14,1,437,Lisandro Martínez,2026-01-11T16:30:00+00:00,2026-01-11T19:30:00+00:00,fa-cup,True,90.0,team_exact,3
fa-fotmob-5089922,5089922,14,1,441,Patrick Dorgu,2026-01-11T16:30:00+00:00,2026-01-11T19:30:00+00:00,fa-cup,True,90.0,team_exact,3
fa-fotmob-5089922,5089922,14,1,442,Harry Maguire,2026-01-11T16:30:00+00:00,2026-01-11T19:30:00+00:00,fa-cup,False,0.0,team_exact,3
fa-fotmob-5089922,5089922,14,1,444,Leny Yoro,2026-01-11T16:30:00+00:00,2026-01-11T19:30:00+00:00,fa-cup,True,90.0,team_exact,3
fa-fotmob-5089922,5089922,14,1,447,Ayden Heaven,2026-01-11T16:30:00+00:00,2026-01-11T19:30:00+00:00,fa-cup,False,0.0,team_exact,3
fa-fotmob-5089922,5089922,14,1,448,Tyrell Malacia,2026-01-11T16:30:00+00:00,2026-01-11T19:30:00+00:00,fa-cup,False,0.0,team_exact,3
fa-fotmob-5089922,5089922,14,1,455,Mason Mount,2026-01-11T16:30:00+00:00,2026-01-11T19:30:00+00:00,fa-cup,True,90.0,team_exact,3
fa-fotmob-5089922,5089922,14,1,457,Casemiro,2026-01-11T16:30:00+00:00,2026-01-11T19:30:00+00:00,fa-cup,False,0.0,team_exact,3
fa-fotmob-5089922,5089922,14,1,458,Kobbie Mainoo,2026-01-11T16:30:00+00:00,2026-01-11T19:30:00+00:00,fa-cup,True,90.0,team_exact,3
fa-fotmob-5089922,5089922,14,1,462,Jack Fletcher,2026-01-11T16:30:00+00:00,2026-01-11T19:30:00+00:00,fa-cup,False,0.0,team_exact,3
fa-fotmob-5089922,5089922,14,1,466,Joshua Zirkzee,2026-01-11T16:30:00+00:00,2026-01-11T19:30:00+00:00,fa-cup,False,0.0,team_exact,3
fa-fotmob-5089922,5089922,14,1,681,Benjamin Sesko,2026-01-11T16:30:00+00:00,2026-01-11T19:30:00+00:00,fa-cup,True,90.0,team_exact,3
fa-fotmob-5089922,5089922,14,1,733,Senne Lammens,2026-01-11T16:30:00+00:00,2026-01-11T19:30:00+00:00,fa-cup,True,90.0,team_exact,3
fa-fotmob-5089922,5089922,14,1,755,Shea Lacey,2026-01-11T16:30:00+00:00,2026-01-11T19:30:00+00:00,fa-cup,False,0.0,team_exact,3
fa-fotmob-5089922,5089922,14,1,771,Tyler Fletcher,2026-01-11T16:30:00+00:00,2026-01-11T19:30:00+00:00,fa-cup,False,0.0,team_exact,3
fa-fotmob-5089906,5089906,12,14,366,Alisson Becker,2026-01-12T19:45:00+00:00,2026-01-12T22:45:00+00:00,fa-cup,False,0.0,team_exact,3
fa-fotmob-5089906,5089906,12,14,367,Giorgi Mamardashvili,2026-01-12T19:45:00+00:00,2026-01-12T22:45:00+00:00,fa-cup,True,90.0,team_exact,3
fa-fotmob-5089906,5089906,12,14,370,Jeremie Frimpong,2026-01-12T19:45:00+00:00,2026-01-12T22:45:00+00:00,fa-cup,True,90.0,team_exact,3
fa-fotmob-5089906,5089906,12,14,371,Milos Kerkez,2026-01-12T19:45:00+00:00,2026-01-12T22:45:00+00:00,fa-cup,False,0.0,team_exact,3
fa-fotmob-5089906,5089906,12,14,372,Andrew Robertson,2026-01-12T19:45:00+00:00,2026-01-12T22:45:00+00:00,fa-cup,True,90.0,team_exact,3
fa-fotmob-5089906,5089906,12,14,373,Virgil van Dijk,2026-01-12T19:45:00+00:00,2026-01-12T22:45:00+00:00,fa-cup,True,90.0,team_exact,3
fa-fotmob-5089906,5089906,12,14,374,Ibrahima Konaté,2026-01-12T19:45:00+00:00,2026-01-12T22:45:00+00:00,fa-cup,False,0.0,team_exact,3
fa-fotmob-5089906,5089906,12,14,376,Joseph Gomez,2026-01-12T19:45:00+00:00,2026-01-12T22:45:00+00:00,fa-cup,True,90.0,team_unique_surname,3
fa-fotmob-5089906,5089906,12,14,380,Calvin Ramsay,2026-01-12T19:45:00+00:00,2026-01-12T22:45:00+00:00,fa-cup,False,0.0,team_exact,3
fa-fotmob-5089906,5089906,12,14,382,Florian Wirtz,2026-01-12T19:45:00+00:00,2026-01-12T22:45:00+00:00,fa-cup,False,0.0,team_exact,3
fa-fotmob-5089906,5089906,12,14,384,Cody Gakpo,2026-01-12T19:45:00+00:00,2026-01-12T22:45:00+00:00,fa-cup,True,90.0,team_exact,3
fa-fotmob-5089906,5089906,12,14,385,Federico Chiesa,2026-01-12T19:45:00+00:00,2026-01-12T22:45:00+00:00,fa-cup,True,90.0,team_exact,3
fa-fotmob-5089906,5089906,12,14,386,Alexis Mac Allister,2026-01-12T19:45:00+00:00,2026-01-12T22:45:00+00:00,fa-cup,True,90.0,team_exact,3
fa-fotmob-5089906,5089906,12,14,387,Dominik Szoboszlai,2026-01-12T19:45:00+00:00,2026-01-12T22:45:00+00:00,fa-cup,True,90.0,team_exact,3
fa-fotmob-5089906,5089906,12,14,388,Curtis Jones,2026-01-12T19:45:00+00:00,2026-01-12T22:45:00+00:00,fa-cup,True,90.0,team_exact,3
fa-fotmob-5089906,5089906,12,14,390,Ryan Gravenberch,2026-01-12T19:45:00+00:00,2026-01-12T22:45:00+00:00,fa-cup,False,0.0,team_exact,3
fa-fotmob-5089906,5089906,12,14,396,Trey Nyoni,2026-01-12T19:45:00+00:00,2026-01-12T22:45:00+00:00,fa-cup,False,0.0,team_exact,3
fa-fotmob-5089906,5089906,12,14,661,Hugo Ekitiké,2026-01-12T19:45:00+00:00,2026-01-12T22:45:00+00:00,fa-cup,False,0.0,team_exact,3
fa-fotmob-5089906,5089906,12,14,686,Rio Ngumoha,2026-01-12T19:45:00+00:00,2026-01-12T22:45:00+00:00,fa-cup,True,90.0,team_exact,3
fa-fotmob-5135167,5135167,7,8,225,Reece James,2026-02-13T19:45:00+00:00,2026-02-13T22:45:00+00:00,fa-cup,True,90.0,team_exact,4
fa-fotmob-5135167,5135167,7,8,228,Malo Gusto,2026-02-13T19:45:00+00:00,2026-02-13T22:45:00+00:00,fa-cup,False,0.0,team_exact,4
fa-fotmob-5135167,5135167,7,8,230,Wesley Fofana,2026-02-13T19:45:00+00:00,2026-02-13T22:45:00+00:00,fa-cup,True,90.0,team_exact,4
fa-fotmob-5135167,5135167,7,8,231,Mamadou Sarr,2026-02-13T19:45:00+00:00,2026-02-13T22:45:00+00:00,fa-cup,True,90.0,team_exact,4
fa-fotmob-5135167,5135167,7,8,232,Tosin Adarabioyo,2026-02-13T19:45:00+00:00,2026-02-13T22:45:00+00:00,fa-cup,False,0.0,team_exact,4
fa-fotmob-5135167,5135167,7,8,233,Josh Acheampong,2026-02-13T19:45:00+00:00,2026-02-13T22:45:00+00:00,fa-cup,False,0.0,team_exact,4
fa-fotmob-5135167,5135167,7,8,237,Enzo Fernández,2026-02-13T19:45:00+00:00,2026-02-13T22:45:00+00:00,fa-cup,False,0.0,team_exact,4
fa-fotmob-5135167,5135167,7,8,238,Estêvão,2026-02-13T19:45:00+00:00,2026-02-13T22:45:00+00:00,fa-cup,True,90.0,team_exact,4
fa-fotmob-5135167,5135167,7,8,246,Andrey Santos,2026-02-13T19:45:00+00:00,2026-02-13T22:45:00+00:00,fa-cup,True,90.0,team_exact,4
fa-fotmob-5135167,5135167,7,8,249,João Pedro,2026-02-13T19:45:00+00:00,2026-02-13T22:45:00+00:00,fa-cup,False,0.0,team_exact,4
fa-fotmob-5135167,5135167,7,8,250,Liam Delap,2026-02-13T19:45:00+00:00,2026-02-13T22:45:00+00:00,fa-cup,True,90.0,team_exact,4
fa-fotmob-5135167,5135167,7,8,672,Jorrel Hato,2026-02-13T19:45:00+00:00,2026-02-13T22:45:00+00:00,fa-cup,True,90.0,team_exact,4
fa-fotmob-5135167,5135167,7,8,803,Teddy Sharman-Lowe,2026-02-13T19:45:00+00:00,2026-02-13T22:45:00+00:00,fa-cup,False,0.0,team_exact,4
fa-fotmob-5135167,5135167,7,8,829,Jesse Derry,2026-02-13T19:45:00+00:00,2026-02-13T22:45:00+00:00,fa-cup,False,0.0,team_exact,4
fa-fotmob-5135167,5135167,7,8,840,Shumaira Mheuka,2026-02-13T19:45:00+00:00,2026-02-13T22:45:00+00:00,fa-cup,False,0.0,team_exact,4
fa-fotmob-5135169,5135169,19,21,600,Alphonse Areola,2026-02-14T12:15:00+00:00,2026-02-14T15:15:00+00:00,fa-cup,True,120.0,team_exact,4
fa-fotmob-5135169,5135169,19,21,603,Malick Diouf,2026-02-14T12:15:00+00:00,2026-02-14T15:15:00+00:00,fa-cup,False,0.0,team_unique_surname,4
fa-fotmob-5135169,5135169,19,21,605,Max Kilman,2026-02-14T12:15:00+00:00,2026-02-14T15:15:00+00:00,fa-cup,True,120.0,team_unique_surname,4
fa-fotmob-5135169,5135169,19,21,606,Konstantinos Mavropanos,2026-02-14T12:15:00+00:00,2026-02-14T15:15:00+00:00,fa-cup,True,120.0,team_exact,4
fa-fotmob-5135169,5135169,19,21,608,Oliver Scarles,2026-02-14T12:15:00+00:00,2026-02-14T15:15:00+00:00,fa-cup,True,120.0,team_unique_surname,4
fa-fotmob-5135169,5135169,19,21,610,Aaron Wan-Bissaka,2026-02-14T12:15:00+00:00,2026-02-14T15:15:00+00:00,fa-cup,False,0.0,team_exact,4
fa-fotmob-5135169,5135169,19,21,615,Crysencio Summerville,2026-02-14T12:15:00+00:00,2026-02-14T15:15:00+00:00,fa-cup,False,0.0,team_exact,4
fa-fotmob-5135169,5135169,19,21,622,Lewis Orford,2026-02-14T12:15:00+00:00,2026-02-14T15:15:00+00:00,fa-cup,False,0.0,team_exact,4
fa-fotmob-5135169,5135169,19,21,623,Freddie Potts,2026-02-14T12:15:00+00:00,2026-02-14T15:15:00+00:00,fa-cup,False,0.0,team_exact,4
fa-fotmob-5135169,5135169,19,21,659,Kyle Walker-Peters,2026-02-14T12:15:00+00:00,2026-02-14T15:15:00+00:00,fa-cup,True,120.0,team_exact,4
fa-fotmob-5135169,5135169,19,21,671,Callum Wilson,2026-02-14T12:15:00+00:00,2026-02-14T15:15:00+00:00,fa-cup,True,120.0,team_exact,4
fa-fotmob-5135169,5135169,19,21,718,Soungoutou Magassa,2026-02-14T12:15:00+00:00,2026-02-14T15:15:00+00:00,fa-cup,True,120.0,team_exact,4
fa-fotmob-5135169,5135169,19,21,747,Ezra Mayers,2026-02-14T12:15:00+00:00,2026-02-14T15:15:00+00:00,fa-cup,True,120.0,team_exact,4
fa-fotmob-5135169,5135169,19,21,758,Mohamadou Kanté,2026-02-14T12:15:00+00:00,2026-02-14T15:15:00+00:00,fa-cup,True,120.0,team_exact,4
fa-fotmob-5135169,5135169,19,21,791,Valentín Castellanos,2026-02-14T12:15:00+00:00,2026-02-14T15:15:00+00:00,fa-cup,False,0.0,team_exact,4
fa-fotmob-5135169,5135169,19,21,802,Keiber Lamadrid,2026-02-14T12:15:00+00:00,2026-02-14T15:15:00+00:00,fa-cup,True,120.0,team_exact,4
fa-fotmob-5135169,5135169,19,21,815,Axel Disasi,2026-02-14T12:15:00+00:00,2026-02-14T15:15:00+00:00,fa-cup,False,0.0,team_exact,4
fa-fotmob-5135169,5135169,19,21,825,Finlay Herrick,2026-02-14T12:15:00+00:00,2026-02-14T15:15:00+00:00,fa-cup,False,0.0,team_exact,4
fa-fotmob-5135170,5135170,3,90,185,Václav Hladky,2026-02-14T15:00:00+00:00,2026-02-14T18:00:00+00:00,fa-cup,False,0.0,team_exact,4
fa-fotmob-5135170,5135170,3,90,190,Hjalmar Ekdal,2026-02-14T15:00:00+00:00,2026-02-14T18:00:00+00:00,fa-cup,True,90.0,team_exact,4
fa-fotmob-5135170,5135170,3,90,191,Maxime Estève,2026-02-14T15:00:00+00:00,2026-02-14T18:00:00+00:00,fa-cup,True,90.0,team_exact,4
fa-fotmob-5135170,5135170,3,90,192,Quilindschy Hartman,2026-02-14T15:00:00+00:00,2026-02-14T18:00:00+00:00,fa-cup,True,90.0,team_exact,4
fa-fotmob-5135170,5135170,3,90,193,Bashir Humphreys,2026-02-14T15:00:00+00:00,2026-02-14T18:00:00+00:00,fa-cup,False,0.0,team_exact,4
fa-fotmob-5135170,5135170,3,90,195,Lucas Pires,2026-02-14T15:00:00+00:00,2026-02-14T18:00:00+00:00,fa-cup,False,0.0,team_exact,4
fa-fotmob-5135170,5135170,3,90,199,Joe Worrall,2026-02-14T15:00:00+00:00,2026-02-14T18:00:00+00:00,fa-cup,False,0.0,team_exact,4
fa-fotmob-5135170,5135170,3,90,202,Jacob Bruun Larsen,2026-02-14T15:00:00+00:00,2026-02-14T18:00:00+00:00,fa-cup,True,90.0,team_exact,4
fa-fotmob-5135170,5135170,3,90,203,Enock Agyei,2026-02-14T15:00:00+00:00,2026-02-14T18:00:00+00:00,fa-cup,False,0.0,team_exact,4
fa-fotmob-5135170,5135170,3,90,206,Marcus Edwards,2026-02-14T15:00:00+00:00,2026-02-14T18:00:00+00:00,fa-cup,False,0.0,team_exact,4
fa-fotmob-5135170,5135170,3,90,207,Hannibal Mejbri,2026-02-14T15:00:00+00:00,2026-02-14T18:00:00+00:00,fa-cup,False,0.0,team_exact,4
fa-fotmob-5135170,5135170,3,90,209,Josh Laurent,2026-02-14T15:00:00+00:00,2026-02-14T18:00:00+00:00,fa-cup,True,90.0,team_exact,4
fa-fotmob-5135170,5135170,3,90,210,Loum Tchaouna,2026-02-14T15:00:00+00:00,2026-02-14T18:00:00+00:00,fa-cup,True,90.0,team_exact,4
fa-fotmob-5135170,5135170,3,90,215,Zian Flemming,2026-02-14T15:00:00+00:00,2026-02-14T18:00:00+00:00,fa-cup,False,0.0,team_exact,4
fa-fotmob-5135170,5135170,3,90,217,Lyle Foster,2026-02-14T15:00:00+00:00,2026-02-14T18:00:00+00:00,fa-cup,True,90.0,team_exact,4
fa-fotmob-5135170,5135170,3,90,218,Ashley Barnes,2026-02-14T15:00:00+00:00,2026-02-14T18:00:00+00:00,fa-cup,True,90.0,team_exact,4
fa-fotmob-5135170,5135170,3,90,614,James Ward-Prowse,2026-02-14T15:00:00+00:00,2026-02-14T18:00:00+00:00,fa-cup,True,90.0,team_exact,4
fa-fotmob-5135170,5135170,3,90,676,Lesley Ugochukwu,2026-02-14T15:00:00+00:00,2026-02-14T18:00:00+00:00,fa-cup,False,0.0,team_exact,4
fa-fotmob-5135170,5135170,3,90,722,Florentino,2026-02-14T15:00:00+00:00,2026-02-14T18:00:00+00:00,fa-cup,True,90.0,team_exact,4
fa-fotmob-5135175,5135175,13,43,82,Antoine Semenyo,2026-02-14T15:00:00+00:00,2026-02-14T18:00:00+00:00,fa-cup,False,0.0,team_exact,4
fa-fotmob-5135175,5135175,13,43,182,James Trafford,2026-02-14T15:00:00+00:00,2026-02-14T18:00:00+00:00,fa-cup,True,90.0,team_exact,4
fa-fotmob-5135175,5135175,13,43,260,Marc Guéhi,2026-02-14T15:00:00+00:00,2026-02-14T18:00:00+00:00,fa-cup,False,0.0,team_exact,4
fa-fotmob-5135175,5135175,13,43,402,Rayan Aït-Nouri,2026-02-14T15:00:00+00:00,2026-02-14T18:00:00+00:00,fa-cup,True,90.0,team_exact,4
fa-fotmob-5135175,5135175,13,43,406,Abdukodir Khusanov,2026-02-14T15:00:00+00:00,2026-02-14T18:00:00+00:00,fa-cup,True,90.0,team_exact,4
fa-fotmob-5135175,5135175,13,43,407,Matheus Nunes,2026-02-14T15:00:00+00:00,2026-02-14T18:00:00+00:00,fa-cup,False,0.0,team_exact,4
fa-fotmob-5135175,5135175,13,43,409,John Stones,2026-02-14T15:00:00+00:00,2026-02-14T18:00:00+00:00,fa-cup,True,90.0,team_exact,4
fa-fotmob-5135175,5135175,13,43,410,Rico Lewis,2026-02-14T15:00:00+00:00,2026-02-14T18:00:00+00:00,fa-cup,True,90.0,team_exact,4
fa-fotmob-5135175,5135175,13,43,411,Nico O'Reilly,2026-02-14T15:00:00+00:00,2026-02-14T18:00:00+00:00,fa-cup,False,0.0,team_exact,4
fa-fotmob-5135175,5135175,13,43,413,Omar Marmoush,2026-02-14T15:00:00+00:00,2026-02-14T18:00:00+00:00,fa-cup,True,90.0,team_exact,4
fa-fotmob-5135175,5135175,13,43,414,Phil Foden,2026-02-14T15:00:00+00:00,2026-02-14T18:00:00+00:00,fa-cup,True,90.0,team_exact,4
fa-fotmob-5135175,5135175,13,43,417,Rayan Cherki,2026-02-14T15:00:00+00:00,2026-02-14T18:00:00+00:00,fa-cup,True,90.0,team_exact,4
fa-fotmob-5135175,5135175,13,43,427,Tijjani Reijnders,2026-02-14T15:00:00+00:00,2026-02-14T18:00:00+00:00,fa-cup,True,90.0,team_exact,4
fa-fotmob-5135175,5135175,13,43,736,Gianluigi Donnarumma,2026-02-14T15:00:00+00:00,2026-02-14T18:00:00+00:00,fa-cup,False,0.0,team_exact,4
fa-fotmob-5135175,5135175,13,43,742,Ryan McAidoo,2026-02-14T15:00:00+00:00,2026-02-14T18:00:00+00:00,fa-cup,False,0.0,team_exact,4
fa-fotmob-5135175,5135175,13,43,794,Max Alleyne,2026-02-14T15:00:00+00:00,2026-02-14T18:00:00+00:00,fa-cup,True,90.0,team_exact,4
fa-fotmob-5135174,5135174,2,7,33,Marco Bizot,2026-02-14T17:45:00+00:00,2026-02-14T20:45:00+00:00,fa-cup,True,90.0,team_exact,4
fa-fotmob-5135174,5135174,2,7,37,Lucas Digne,2026-02-14T17:45:00+00:00,2026-02-14T20:45:00+00:00,fa-cup,True,90.0,team_exact,4
fa-fotmob-5135174,5135174,2,7,39,Ian Maatsen,2026-02-14T17:45:00+00:00,2026-02-14T20:45:00+00:00,fa-cup,False,0.0,team_exact,4
fa-fotmob-5135174,5135174,2,7,40,Tyrone Mings,2026-02-14T17:45:00+00:00,2026-02-14T20:45:00+00:00,fa-cup,False,0.0,team_exact,4
fa-fotmob-5135174,5135174,2,7,41,Pau Torres,2026-02-14T17:45:00+00:00,2026-02-14T20:45:00+00:00,fa-cup,True,90.0,team_exact,4
fa-fotmob-5135174,5135174,2,7,42,Andrés García,2026-02-14T17:45:00+00:00,2026-02-14T20:45:00+00:00,fa-cup,False,0.0,team_exact,4
fa-fotmob-5135174,5135174,2,7,44,Lamare Bogarde,2026-02-14T17:45:00+00:00,2026-02-14T20:45:00+00:00,fa-cup,True,90.0,team_exact,4
fa-fotmob-5135174,5135174,2,7,47,Morgan Rogers,2026-02-14T17:45:00+00:00,2026-02-14T20:45:00+00:00,fa-cup,True,90.0,team_exact,4
fa-fotmob-5135174,5135174,2,7,49,Leon Bailey,2026-02-14T17:45:00+00:00,2026-02-14T20:45:00+00:00,fa-cup,True,90.0,team_exact,4
fa-fotmob-5135174,5135174,2,7,55,Ross Barkley,2026-02-14T17:45:00+00:00,2026-02-14T20:45:00+00:00,fa-cup,True,90.0,team_exact,4
fa-fotmob-5135174,5135174,2,7,59,Amadou Onana,2026-02-14T17:45:00+00:00,2026-02-14T20:45:00+00:00,fa-cup,True,90.0,team_exact,4
fa-fotmob-5135174,5135174,2,7,64,Ollie Watkins,2026-02-14T17:45:00+00:00,2026-02-14T20:45:00+00:00,fa-cup,False,0.0,team_exact,4
fa-fotmob-5135174,5135174,2,7,456,Jadon Sancho,2026-02-14T17:45:00+00:00,2026-02-14T20:45:00+00:00,fa-cup,False,0.0,team_exact,4
fa-fotmob-5135174,5135174,2,7,699,Douglas Luiz,2026-02-14T17:45:00+00:00,2026-02-14T20:45:00+00:00,fa-cup,True,90.0,team_exact,4
fa-fotmob-5135174,5135174,2,7,719,Victor Nilsson Lindelöf,2026-02-14T17:45:00+00:00,2026-02-14T20:45:00+00:00,fa-cup,True,90.0,team_unique_surname,4
fa-fotmob-5135174,5135174,2,7,808,Tammy Abraham,2026-02-14T17:45:00+00:00,2026-02-14T20:45:00+00:00,fa-cup,True,90.0,team_exact,4
fa-fotmob-5135174,5135174,15,4,52,Jacob Ramsey,2026-02-14T17:45:00+00:00,2026-02-14T20:45:00+00:00,fa-cup,True,90.0,team_exact,4
fa-fotmob-5135174,5135174,15,4,469,Nick Pope,2026-02-14T17:45:00+00:00,2026-02-14T20:45:00+00:00,fa-cup,False,0.0,team_exact,4
fa-fotmob-5135174,5135174,15,4,473,Lewis Hall,2026-02-14T17:45:00+00:00,2026-02-14T20:45:00+00:00,fa-cup,True,90.0,team_exact,4
fa-fotmob-5135174,5135174,15,4,476,Daniel Burn,2026-02-14T17:45:00+00:00,2026-02-14T20:45:00+00:00,fa-cup,True,90.0,team_unique_surname,4
fa-fotmob-5135174,5135174,15,4,478,Kieran Trippier,2026-02-14T17:45:00+00:00,2026-02-14T20:45:00+00:00,fa-cup,True,90.0,team_exact,4
fa-fotmob-5135174,5135174,15,4,481,Alex Murphy,2026-02-14T17:45:00+00:00,2026-02-14T20:45:00+00:00,fa-cup,False,0.0,team_exact,4
fa-fotmob-5135174,5135174,15,4,485,Anthony Gordon,2026-02-14T17:45:00+00:00,2026-02-14T20:45:00+00:00,fa-cup,False,0.0,team_exact,4
fa-fotmob-5135174,5135174,15,4,486,Anthony Elanga,2026-02-14T17:45:00+00:00,2026-02-14T20:45:00+00:00,fa-cup,False,0.0,team_exact,4
fa-fotmob-5135174,5135174,15,4,487,Harvey Barnes,2026-02-14T17:45:00+00:00,2026-02-14T20:45:00+00:00,fa-cup,True,90.0,team_exact,4
fa-fotmob-5135174,5135174,15,4,489,Jacob Murphy,2026-02-14T17:45:00+00:00,2026-02-14T20:45:00+00:00,fa-cup,True,90.0,team_exact,4
fa-fotmob-5135174,5135174,15,4,491,Sandro Tonali,2026-02-14T17:45:00+00:00,2026-02-14T20:45:00+00:00,fa-cup,True,90.0,team_exact,4
fa-fotmob-5135174,5135174,15,4,494,Joseph Willock,2026-02-14T17:45:00+00:00,2026-02-14T20:45:00+00:00,fa-cup,False,0.0,team_unique_surname,4
fa-fotmob-5135174,5135174,15,4,500,William Osula,2026-02-14T17:45:00+00:00,2026-02-14T20:45:00+00:00,fa-cup,True,90.0,team_exact,4
fa-fotmob-5135174,5135174,15,4,501,Sean Neave,2026-02-14T17:45:00+00:00,2026-02-14T20:45:00+00:00,fa-cup,False,0.0,team_exact,4
fa-fotmob-5135174,5135174,15,4,674,Aaron Ramsdale,2026-02-14T17:45:00+00:00,2026-02-14T20:45:00+00:00,fa-cup,True,90.0,team_exact,4
fa-fotmob-5135174,5135174,15,4,684,Malick Thiaw,2026-02-14T17:45:00+00:00,2026-02-14T20:45:00+00:00,fa-cup,True,90.0,team_exact,4
fa-fotmob-5135174,5135174,15,4,689,Seung-Soo Park,2026-02-14T17:45:00+00:00,2026-02-14T20:45:00+00:00,fa-cup,False,0.0,team_exact,4
fa-fotmob-5135174,5135174,15,4,714,Nick Woltemade,2026-02-14T17:45:00+00:00,2026-02-14T20:45:00+00:00,fa-cup,True,90.0,team_exact,4
fa-fotmob-5135174,5135174,15,4,753,John Ruddy,2026-02-14T17:45:00+00:00,2026-02-14T20:45:00+00:00,fa-cup,False,0.0,team_exact,4
fa-fotmob-5135174,5135174,15,4,765,Leo Shahar,2026-02-14T17:45:00+00:00,2026-02-14T20:45:00+00:00,fa-cup,False,0.0,team_exact,4
fa-fotmob-5135162,5135162,6,36,138,Jason Steele,2026-02-14T20:00:00+00:00,2026-02-14T23:00:00+00:00,fa-cup,True,90.0,team_exact,4
fa-fotmob-5135162,5135162,6,36,139,Bart Verbruggen,2026-02-14T20:00:00+00:00,2026-02-14T23:00:00+00:00,fa-cup,False,0.0,team_exact,4
fa-fotmob-5135162,5135162,6,36,143,Olivier Boscagli,2026-02-14T20:00:00+00:00,2026-02-14T23:00:00+00:00,fa-cup,False,0.0,team_exact,4
fa-fotmob-5135162,5135162,6,36,145,Maxim De Cuyper,2026-02-14T20:00:00+00:00,2026-02-14T23:00:00+00:00,fa-cup,False,0.0,team_exact,4
fa-fotmob-5135162,5135162,6,36,146,Lewis Dunk,2026-02-14T20:00:00+00:00,2026-02-14T23:00:00+00:00,fa-cup,True,90.0,team_exact,4
fa-fotmob-5135162,5135162,6,36,151,Jan Paul van Hecke,2026-02-14T20:00:00+00:00,2026-02-14T23:00:00+00:00,fa-cup,True,90.0,team_exact,4
fa-fotmob-5135162,5135162,6,36,152,Joël Veltman,2026-02-14T20:00:00+00:00,2026-02-14T23:00:00+00:00,fa-cup,True,90.0,team_exact,4
fa-fotmob-5135162,5135162,6,36,158,Georginio Rutter,2026-02-14T20:00:00+00:00,2026-02-14T23:00:00+00:00,fa-cup,False,0.0,team_exact,4
fa-fotmob-5135162,5135162,6,36,160,Yankuba Minteh,2026-02-14T20:00:00+00:00,2026-02-14T23:00:00+00:00,fa-cup,False,0.0,team_exact,4
fa-fotmob-5135162,5135162,6,36,163,Jack Hinshelwood,2026-02-14T20:00:00+00:00,2026-02-14T23:00:00+00:00,fa-cup,True,90.0,team_exact,4
fa-fotmob-5135162,5135162,6,36,167,Carlos Baleba,2026-02-14T20:00:00+00:00,2026-02-14T23:00:00+00:00,fa-cup,True,90.0,team_exact,4
fa-fotmob-5135162,5135162,6,36,170,James Milner,2026-02-14T20:00:00+00:00,2026-02-14T23:00:00+00:00,fa-cup,False,0.0,team_exact,4
fa-fotmob-5135162,5135162,6,36,173,Mats Wieffer,2026-02-14T20:00:00+00:00,2026-02-14T23:00:00+00:00,fa-cup,False,0.0,team_exact,4
fa-fotmob-5135162,5135162,6,36,178,Danny Welbeck,2026-02-14T20:00:00+00:00,2026-02-14T23:00:00+00:00,fa-cup,False,0.0,team_exact,4
fa-fotmob-5135162,5135162,6,36,181,Charalampos Kostoulas,2026-02-14T20:00:00+00:00,2026-02-14T23:00:00+00:00,fa-cup,True,90.0,team_exact,4
fa-fotmob-5135162,5135162,6,36,783,Pascal Groß,2026-02-14T20:00:00+00:00,2026-02-14T23:00:00+00:00,fa-cup,True,90.0,team_exact,4
fa-fotmob-5135162,5135162,6,36,795,Harry Howell,2026-02-14T20:00:00+00:00,2026-02-14T23:00:00+00:00,fa-cup,True,90.0,team_exact,4
fa-fotmob-5135162,5135162,12,14,366,Alisson Becker,2026-02-14T20:00:00+00:00,2026-02-14T23:00:00+00:00,fa-cup,True,90.0,team_exact,4
fa-fotmob-5135162,5135162,12,14,367,Giorgi Mamardashvili,2026-02-14T20:00:00+00:00,2026-02-14T23:00:00+00:00,fa-cup,False,0.0,team_exact,4
fa-fotmob-5135162,5135162,12,14,371,Milos Kerkez,2026-02-14T20:00:00+00:00,2026-02-14T23:00:00+00:00,fa-cup,True,90.0,team_exact,4
fa-fotmob-5135162,5135162,12,14,372,Andrew Robertson,2026-02-14T20:00:00+00:00,2026-02-14T23:00:00+00:00,fa-cup,False,0.0,team_exact,4
fa-fotmob-5135162,5135162,12,14,373,Virgil van Dijk,2026-02-14T20:00:00+00:00,2026-02-14T23:00:00+00:00,fa-cup,True,90.0,team_exact,4
fa-fotmob-5135162,5135162,12,14,374,Ibrahima Konaté,2026-02-14T20:00:00+00:00,2026-02-14T23:00:00+00:00,fa-cup,True,90.0,team_exact,4
fa-fotmob-5135162,5135162,12,14,376,Joseph Gomez,2026-02-14T20:00:00+00:00,2026-02-14T23:00:00+00:00,fa-cup,False,0.0,team_unique_surname,4
fa-fotmob-5135162,5135162,12,14,380,Calvin Ramsay,2026-02-14T20:00:00+00:00,2026-02-14T23:00:00+00:00,fa-cup,False,0.0,team_exact,4
fa-fotmob-5135162,5135162,12,14,381,Mohamed Salah,2026-02-14T20:00:00+00:00,2026-02-14T23:00:00+00:00,fa-cup,True,90.0,team_exact,4
fa-fotmob-5135162,5135162,12,14,382,Florian Wirtz,2026-02-14T20:00:00+00:00,2026-02-14T23:00:00+00:00,fa-cup,True,90.0,team_exact,4
fa-fotmob-5135162,5135162,12,14,384,Cody Gakpo,2026-02-14T20:00:00+00:00,2026-02-14T23:00:00+00:00,fa-cup,True,90.0,team_exact,4
fa-fotmob-5135162,5135162,12,14,385,Federico Chiesa,2026-02-14T20:00:00+00:00,2026-02-14T23:00:00+00:00,fa-cup,True,90.0,team_exact,4
fa-fotmob-5135162,5135162,12,14,386,Alexis Mac Allister,2026-02-14T20:00:00+00:00,2026-02-14T23:00:00+00:00,fa-cup,True,90.0,team_exact,4
fa-fotmob-5135162,5135162,12,14,387,Dominik Szoboszlai,2026-02-14T20:00:00+00:00,2026-02-14T23:00:00+00:00,fa-cup,True,90.0,team_exact,4
fa-fotmob-5135162,5135162,12,14,388,Curtis Jones,2026-02-14T20:00:00+00:00,2026-02-14T23:00:00+00:00,fa-cup,True,90.0,team_exact,4
fa-fotmob-5135162,5135162,12,14,390,Ryan Gravenberch,2026-02-14T20:00:00+00:00,2026-02-14T23:00:00+00:00,fa-cup,False,0.0,team_exact,4
fa-fotmob-5135162,5135162,12,14,396,Trey Nyoni,2026-02-14T20:00:00+00:00,2026-02-14T23:00:00+00:00,fa-cup,False,0.0,team_exact,4
fa-fotmob-5135162,5135162,12,14,661,Hugo Ekitiké,2026-02-14T20:00:00+00:00,2026-02-14T23:00:00+00:00,fa-cup,False,0.0,team_exact,4
fa-fotmob-5135162,5135162,12,14,686,Rio Ngumoha,2026-02-14T20:00:00+00:00,2026-02-14T23:00:00+00:00,fa-cup,False,0.0,team_exact,4
fa-fotmob-5135162,5135162,12,14,746,Kieran Morrison,2026-02-14T20:00:00+00:00,2026-02-14T23:00:00+00:00,fa-cup,False,0.0,team_exact,4
fa-fotmob-5135177,5135177,11,2,168,Facundo Buonanotte,2026-02-15T12:00:00+00:00,2026-02-15T15:00:00+00:00,fa-cup,True,120.0,team_exact,4
fa-fotmob-5135177,5135177,11,2,341,Karl Darlow,2026-02-15T12:00:00+00:00,2026-02-15T15:00:00+00:00,fa-cup,False,0.0,team_exact,4
fa-fotmob-5135177,5135177,11,2,342,Jayden Bogle,2026-02-15T12:00:00+00:00,2026-02-15T15:00:00+00:00,fa-cup,False,0.0,team_exact,4
fa-fotmob-5135177,5135177,11,2,344,Jaka Bijol,2026-02-15T12:00:00+00:00,2026-02-15T15:00:00+00:00,fa-cup,True,120.0,team_exact,4
fa-fotmob-5135177,5135177,11,2,345,Sebastiaan Bornauw,2026-02-15T12:00:00+00:00,2026-02-15T15:00:00+00:00,fa-cup,True,120.0,team_exact,4
fa-fotmob-5135177,5135177,11,2,346,Sam Byram,2026-02-15T12:00:00+00:00,2026-02-15T15:00:00+00:00,fa-cup,False,0.0,team_exact,4
fa-fotmob-5135177,5135177,11,2,347,Gabriel Gudmundsson,2026-02-15T12:00:00+00:00,2026-02-15T15:00:00+00:00,fa-cup,True,120.0,team_exact,4
fa-fotmob-5135177,5135177,11,2,348,Joe Rodon,2026-02-15T12:00:00+00:00,2026-02-15T15:00:00+00:00,fa-cup,False,0.0,team_exact,4
fa-fotmob-5135177,5135177,11,2,350,Brenden Aaronson,2026-02-15T12:00:00+00:00,2026-02-15T15:00:00+00:00,fa-cup,False,0.0,team_exact,4
fa-fotmob-5135177,5135177,11,2,351,Wilfried Gnonto,2026-02-15T12:00:00+00:00,2026-02-15T15:00:00+00:00,fa-cup,True,120.0,team_exact,4
fa-fotmob-5135177,5135177,11,2,354,Ethan Ampadu,2026-02-15T12:00:00+00:00,2026-02-15T15:00:00+00:00,fa-cup,False,0.0,team_exact,4
fa-fotmob-5135177,5135177,11,2,356,Ilia Gruev,2026-02-15T12:00:00+00:00,2026-02-15T15:00:00+00:00,fa-cup,False,0.0,team_exact,4
fa-fotmob-5135177,5135177,11,2,362,Joël Piroe,2026-02-15T12:00:00+00:00,2026-02-15T15:00:00+00:00,fa-cup,False,0.0,team_exact,4
fa-fotmob-5135177,5135177,11,2,365,Lukas Nmecha,2026-02-15T12:00:00+00:00,2026-02-15T15:00:00+00:00,fa-cup,True,120.0,team_exact,4
fa-fotmob-5135177,5135177,11,2,493,Sean Longstaff,2026-02-15T12:00:00+00:00,2026-02-15T15:00:00+00:00,fa-cup,True,120.0,team_exact,4
fa-fotmob-5135177,5135177,11,2,665,Lucas Perri,2026-02-15T12:00:00+00:00,2026-02-15T15:00:00+00:00,fa-cup,True,120.0,team_unique_surname,4
fa-fotmob-5135177,5135177,11,2,691,Dominic Calvert-Lewin,2026-02-15T12:00:00+00:00,2026-02-15T15:00:00+00:00,fa-cup,False,0.0,team_exact,4
fa-fotmob-5135177,5135177,11,2,698,Noah Okafor,2026-02-15T12:00:00+00:00,2026-02-15T15:00:00+00:00,fa-cup,True,120.0,team_exact,4
fa-fotmob-5135177,5135177,11,2,706,James Justin,2026-02-15T12:00:00+00:00,2026-02-15T15:00:00+00:00,fa-cup,True,120.0,team_exact,4
fa-fotmob-5135173,5135173,20,39,627,Sam Johnstone,2026-02-15T13:30:00+00:00,2026-02-15T16:30:00+00:00,fa-cup,True,90.0,team_exact,4
fa-fotmob-5135173,5135173,20,39,629,Daniel Bentley,2026-02-15T13:30:00+00:00,2026-02-15T16:30:00+00:00,fa-cup,False,0.0,team_exact,4
fa-fotmob-5135173,5135173,20,39,632,Matt Doherty,2026-02-15T13:30:00+00:00,2026-02-15T16:30:00+00:00,fa-cup,False,0.0,team_exact,4
fa-fotmob-5135173,5135173,20,39,640,Pedro Lima,2026-02-15T13:30:00+00:00,2026-02-15T16:30:00+00:00,fa-cup,False,0.0,team_exact,4
fa-fotmob-5135173,5135173,20,39,643,André,2026-02-15T13:30:00+00:00,2026-02-15T16:30:00+00:00,fa-cup,True,90.0,team_exact,4
fa-fotmob-5135173,5135173,20,39,644,Jean-Ricner Bellegarde,2026-02-15T13:30:00+00:00,2026-02-15T16:30:00+00:00,fa-cup,False,0.0,team_exact,4
fa-fotmob-5135173,5135173,20,39,651,Tom Edozie,2026-02-15T13:30:00+00:00,2026-02-15T16:30:00+00:00,fa-cup,False,0.0,team_exact,4
fa-fotmob-5135173,5135173,20,39,682,David Møller Wolfe,2026-02-15T13:30:00+00:00,2026-02-15T16:30:00+00:00,fa-cup,True,90.0,team_exact,4
fa-fotmob-5135173,5135173,20,39,695,Jackson Tchatchoua,2026-02-15T13:30:00+00:00,2026-02-15T16:30:00+00:00,fa-cup,True,90.0,team_exact,4
fa-fotmob-5135173,5135173,20,39,709,Ladislav Krejcí,2026-02-15T13:30:00+00:00,2026-02-15T16:30:00+00:00,fa-cup,True,90.0,team_exact,4
fa-fotmob-5135173,5135173,20,39,720,Tolu Arokodare,2026-02-15T13:30:00+00:00,2026-02-15T16:30:00+00:00,fa-cup,True,90.0,team_exact,4
fa-fotmob-5135173,5135173,20,39,749,Mateus Mané,2026-02-15T13:30:00+00:00,2026-02-15T16:30:00+00:00,fa-cup,True,90.0,team_exact,4
fa-fotmob-5135173,5135173,20,39,767,Luke Rawlings,2026-02-15T13:30:00+00:00,2026-02-15T16:30:00+00:00,fa-cup,False,0.0,team_exact,4
fa-fotmob-5135173,5135173,20,39,816,Angel Gomes,2026-02-15T13:30:00+00:00,2026-02-15T16:30:00+00:00,fa-cup,False,0.0,team_exact,4
fa-fotmob-5135173,5135173,20,39,817,Adam Armstrong,2026-02-15T13:30:00+00:00,2026-02-15T16:30:00+00:00,fa-cup,True,90.0,team_exact,4
fa-fotmob-5135161,5135161,10,54,314,Bernd Leno,2026-02-15T14:00:00+00:00,2026-02-15T17:00:00+00:00,fa-cup,False,0.0,team_exact,4
fa-fotmob-5135161,5135161,10,54,316,Antonee Robinson,2026-02-15T14:00:00+00:00,2026-02-15T17:00:00+00:00,fa-cup,True,90.0,team_exact,4
fa-fotmob-5135161,5135161,10,54,317,Joachim Andersen,2026-02-15T14:00:00+00:00,2026-02-15T17:00:00+00:00,fa-cup,False,0.0,team_exact,4
fa-fotmob-5135161,5135161,10,54,318,Calvin Bassey,2026-02-15T14:00:00+00:00,2026-02-15T17:00:00+00:00,fa-cup,False,0.0,team_exact,4
fa-fotmob-5135161,5135161,10,54,319,Timothy Castagne,2026-02-15T14:00:00+00:00,2026-02-15T17:00:00+00:00,fa-cup,True,90.0,team_exact,4
fa-fotmob-5135161,5135161,10,54,320,Issa Diop,2026-02-15T14:00:00+00:00,2026-02-15T17:00:00+00:00,fa-cup,True,90.0,team_exact,4
fa-fotmob-5135161,5135161,10,54,322,Kenny Tete,2026-02-15T14:00:00+00:00,2026-02-15T17:00:00+00:00,fa-cup,False,0.0,team_exact,4
fa-fotmob-5135161,5135161,10,54,324,Alex Iwobi,2026-02-15T14:00:00+00:00,2026-02-15T17:00:00+00:00,fa-cup,True,90.0,team_exact,4
fa-fotmob-5135161,5135161,10,54,325,Emile Smith Rowe,2026-02-15T14:00:00+00:00,2026-02-15T17:00:00+00:00,fa-cup,False,0.0,team_exact,4
fa-fotmob-5135161,5135161,10,54,328,Ryan Sessegnon,2026-02-15T14:00:00+00:00,2026-02-15T17:00:00+00:00,fa-cup,False,0.0,team_exact,4
fa-fotmob-5135161,5135161,10,54,329,Harry Wilson,2026-02-15T14:00:00+00:00,2026-02-15T17:00:00+00:00,fa-cup,False,0.0,team_exact,4
fa-fotmob-5135161,5135161,10,54,330,Sander Berge,2026-02-15T14:00:00+00:00,2026-02-15T17:00:00+00:00,fa-cup,False,0.0,team_exact,4
fa-fotmob-5135161,5135161,10,54,335,Joshua King,2026-02-15T14:00:00+00:00,2026-02-15T17:00:00+00:00,fa-cup,True,90.0,team_unique_surname,4
fa-fotmob-5135161,5135161,10,54,336,Harrison Reed,2026-02-15T14:00:00+00:00,2026-02-15T17:00:00+00:00,fa-cup,True,90.0,team_exact,4
fa-fotmob-5135161,5135161,10,54,424,Oscar Bobb,2026-02-15T14:00:00+00:00,2026-02-15T17:00:00+00:00,fa-cup,True,90.0,team_exact,4
fa-fotmob-5135161,5135161,10,54,664,Benjamin Lecomte,2026-02-15T14:00:00+00:00,2026-02-15T17:00:00+00:00,fa-cup,True,90.0,team_exact,4
fa-fotmob-5135161,5135161,10,54,731,Kevin,2026-02-15T14:00:00+00:00,2026-02-15T17:00:00+00:00,fa-cup,True,90.0,team_exact,4
fa-fotmob-5135163,5135163,17,56,532,Trai Hume,2026-02-15T14:00:00+00:00,2026-02-15T17:00:00+00:00,fa-cup,True,90.0,team_exact,4
fa-fotmob-5135163,5135163,17,56,535,Dennis Cirkin,2026-02-15T14:00:00+00:00,2026-02-15T17:00:00+00:00,fa-cup,True,90.0,team_exact,4
fa-fotmob-5135163,5135163,17,56,539,Luke O'Nien,2026-02-15T14:00:00+00:00,2026-02-15T17:00:00+00:00,fa-cup,True,90.0,team_exact,4
fa-fotmob-5135163,5135163,17,56,544,Habib Diarra,2026-02-15T14:00:00+00:00,2026-02-15T17:00:00+00:00,fa-cup,True,90.0,team_exact,4
fa-fotmob-5135163,5135163,17,56,547,Enzo Le Fée,2026-02-15T14:00:00+00:00,2026-02-15T17:00:00+00:00,fa-cup,True,90.0,team_exact,4
fa-fotmob-5135163,5135163,17,56,548,Romaine Mundle,2026-02-15T14:00:00+00:00,2026-02-15T17:00:00+00:00,fa-cup,True,90.0,team_exact,4
fa-fotmob-5135163,5135163,17,56,551,Chris Rigg,2026-02-15T14:00:00+00:00,2026-02-15T17:00:00+00:00,fa-cup,False,0.0,team_exact,4
fa-fotmob-5135163,5135163,17,56,552,Noah Sadiki,2026-02-15T14:00:00+00:00,2026-02-15T17:00:00+00:00,fa-cup,False,0.0,team_exact,4
fa-fotmob-5135163,5135163,17,56,553,Chemsdine Talbi,2026-02-15T14:00:00+00:00,2026-02-15T17:00:00+00:00,fa-cup,True,90.0,team_exact,4
fa-fotmob-5135163,5135163,17,56,560,Wilson Isidor,2026-02-15T14:00:00+00:00,2026-02-15T17:00:00+00:00,fa-cup,True,90.0,team_exact,4
fa-fotmob-5135163,5135163,17,56,670,Robin Roefs,2026-02-15T14:00:00+00:00,2026-02-15T17:00:00+00:00,fa-cup,True,90.0,team_exact,4
fa-fotmob-5135163,5135163,17,56,694,Nordi Mukiele,2026-02-15T14:00:00+00:00,2026-02-15T17:00:00+00:00,fa-cup,True,90.0,team_exact,4
fa-fotmob-5135163,5135163,17,56,724,Lutsharel Geertruida,2026-02-15T14:00:00+00:00,2026-02-15T17:00:00+00:00,fa-cup,True,90.0,team_exact,4
fa-fotmob-5135163,5135163,17,56,730,Brian Brobbey,2026-02-15T14:00:00+00:00,2026-02-15T17:00:00+00:00,fa-cup,False,0.0,team_exact,4
fa-fotmob-5135163,5135163,17,56,774,Jenson Jones,2026-02-15T14:00:00+00:00,2026-02-15T17:00:00+00:00,fa-cup,False,0.0,team_exact,4
fa-fotmob-5135163,5135163,17,56,800,Jocelin Ta Bi,2026-02-15T14:00:00+00:00,2026-02-15T17:00:00+00:00,fa-cup,False,0.0,team_unique_surname,4
fa-fotmob-5135163,5135163,17,56,812,Melker Ellborg,2026-02-15T14:00:00+00:00,2026-02-15T17:00:00+00:00,fa-cup,False,0.0,team_exact,4
fa-fotmob-5135163,5135163,17,56,813,Nilson Angulo,2026-02-15T14:00:00+00:00,2026-02-15T17:00:00+00:00,fa-cup,False,0.0,team_exact,4
fa-fotmob-5135163,5135163,17,56,821,Jack Whittaker,2026-02-15T14:00:00+00:00,2026-02-15T17:00:00+00:00,fa-cup,False,0.0,team_exact,4
fa-fotmob-5135166,5135166,1,3,4,Tommy Setford,2026-02-15T16:30:00+00:00,2026-02-15T19:30:00+00:00,fa-cup,False,0.0,team_exact,4
fa-fotmob-5135166,5135166,1,3,5,Gabriel,2026-02-15T16:30:00+00:00,2026-02-15T19:30:00+00:00,fa-cup,False,0.0,team_exact,4
fa-fotmob-5135166,5135166,1,3,6,William Saliba,2026-02-15T16:30:00+00:00,2026-02-15T19:30:00+00:00,fa-cup,True,90.0,team_exact,4
fa-fotmob-5135166,5135166,1,3,10,Myles Lewis-Skelly,2026-02-15T16:30:00+00:00,2026-02-15T19:30:00+00:00,fa-cup,True,90.0,team_exact,4
fa-fotmob-5135166,5135166,1,3,11,Ben White,2026-02-15T16:30:00+00:00,2026-02-15T19:30:00+00:00,fa-cup,True,90.0,team_unique_surname,4
fa-fotmob-5135166,5135166,1,3,16,Bukayo Saka,2026-02-15T16:30:00+00:00,2026-02-15T19:30:00+00:00,fa-cup,True,90.0,team_exact,4
fa-fotmob-5135166,5135166,1,3,18,Noni Madueke,2026-02-15T16:30:00+00:00,2026-02-15T19:30:00+00:00,fa-cup,True,90.0,team_exact,4
fa-fotmob-5135166,5135166,1,3,20,Leandro Trossard,2026-02-15T16:30:00+00:00,2026-02-15T19:30:00+00:00,fa-cup,False,0.0,team_exact,4
fa-fotmob-5135166,5135166,1,3,21,Declan Rice,2026-02-15T16:30:00+00:00,2026-02-15T19:30:00+00:00,fa-cup,False,0.0,team_exact,4
fa-fotmob-5135166,5135166,1,3,24,Christian Nørgaard,2026-02-15T16:30:00+00:00,2026-02-15T19:30:00+00:00,fa-cup,True,90.0,team_exact,4
fa-fotmob-5135166,5135166,1,3,266,Eberechi Eze,2026-02-15T16:30:00+00:00,2026-02-15T19:30:00+00:00,fa-cup,True,90.0,team_exact,4
fa-fotmob-5135166,5135166,1,3,662,Cristhian Mosquera,2026-02-15T16:30:00+00:00,2026-02-15T19:30:00+00:00,fa-cup,True,90.0,team_exact,4
fa-fotmob-5135166,5135166,1,3,666,Viktor Gyökeres,2026-02-15T16:30:00+00:00,2026-02-15T19:30:00+00:00,fa-cup,False,0.0,team_exact,4
fa-fotmob-5135166,5135166,1,3,725,Piero Hincapié,2026-02-15T16:30:00+00:00,2026-02-15T19:30:00+00:00,fa-cup,False,0.0,team_exact,4
fa-fotmob-5135166,5135166,1,3,759,Marli Salmon,2026-02-15T16:30:00+00:00,2026-02-15T19:30:00+00:00,fa-cup,False,0.0,team_exact,4
fa-fotmob-5135176,5135176,5,94,27,Reiss Nelson,2026-02-16T19:30:00+00:00,2026-02-16T22:30:00+00:00,fa-cup,True,90.0,team_exact,4
fa-fotmob-5135176,5135176,5,94,83,Dango Ouattara,2026-02-16T19:30:00+00:00,2026-02-16T22:30:00+00:00,fa-cup,False,0.0,team_exact,4
fa-fotmob-5135176,5135176,5,94,102,Ellery Balcombe,2026-02-16T19:30:00+00:00,2026-02-16T22:30:00+00:00,fa-cup,False,0.0,team_exact,4
fa-fotmob-5135176,5135176,5,94,105,Hákon Rafn Valdimarsson,2026-02-16T19:30:00+00:00,2026-02-16T22:30:00+00:00,fa-cup,True,90.0,team_exact,4
fa-fotmob-5135176,5135176,5,94,106,Nathan Collins,2026-02-16T19:30:00+00:00,2026-02-16T22:30:00+00:00,fa-cup,True,90.0,team_exact,4
fa-fotmob-5135176,5135176,5,94,107,Keane Lewis-Potter,2026-02-16T19:30:00+00:00,2026-02-16T22:30:00+00:00,fa-cup,False,0.0,team_exact,4
fa-fotmob-5135176,5135176,5,94,108,Kristoffer Ajer,2026-02-16T19:30:00+00:00,2026-02-16T22:30:00+00:00,fa-cup,False,0.0,team_exact,4
fa-fotmob-5135176,5135176,5,94,109,Rico Henry,2026-02-16T19:30:00+00:00,2026-02-16T22:30:00+00:00,fa-cup,False,0.0,team_exact,4
fa-fotmob-5135176,5135176,5,94,110,Michael Kayode,2026-02-16T19:30:00+00:00,2026-02-16T22:30:00+00:00,fa-cup,True,90.0,team_exact,4
fa-fotmob-5135176,5135176,5,94,111,Ethan Pinnock,2026-02-16T19:30:00+00:00,2026-02-16T22:30:00+00:00,fa-cup,True,90.0,team_exact,4
fa-fotmob-5135176,5135176,5,94,113,Sepp van den Berg,2026-02-16T19:30:00+00:00,2026-02-16T22:30:00+00:00,fa-cup,False,0.0,team_exact,4
fa-fotmob-5135176,5135176,5,94,116,Aaron Hickey,2026-02-16T19:30:00+00:00,2026-02-16T22:30:00+00:00,fa-cup,True,90.0,team_exact,4
fa-fotmob-5135176,5135176,5,94,125,Vitaly Janelt,2026-02-16T19:30:00+00:00,2026-02-16T22:30:00+00:00,fa-cup,True,90.0,team_exact,4
fa-fotmob-5135176,5135176,5,94,126,Mathias Jensen,2026-02-16T19:30:00+00:00,2026-02-16T22:30:00+00:00,fa-cup,True,90.0,team_exact,4
fa-fotmob-5135176,5135176,5,94,129,Yehor Yarmoliuk,2026-02-16T19:30:00+00:00,2026-02-16T22:30:00+00:00,fa-cup,True,90.0,team_exact,4
fa-fotmob-5135176,5135176,5,94,130,Romelle Donovan,2026-02-16T19:30:00+00:00,2026-02-16T22:30:00+00:00,fa-cup,True,90.0,team_exact,4
fa-fotmob-5135176,5135176,5,94,797,Kaye Furo,2026-02-16T19:30:00+00:00,2026-02-16T22:30:00+00:00,fa-cup,True,90.0,team_exact,4
fa-fotmob-5135176,5135176,5,94,810,Luka Bentt,2026-02-16T19:30:00+00:00,2026-02-16T22:30:00+00:00,fa-cup,False,0.0,team_exact,4
fa-fotmob-5135176,5135176,5,94,819,Ollie Shield,2026-02-16T19:30:00+00:00,2026-02-16T22:30:00+00:00,fa-cup,False,0.0,team_exact,4
fa-fotmob-5135176,5135176,5,94,823,Joshua Stephenson,2026-02-16T19:30:00+00:00,2026-02-16T22:30:00+00:00,fa-cup,False,0.0,team_exact,4
fa-fotmob-5186383,5186383,12,14,366,Alisson Becker,2026-03-06T20:00:00+00:00,2026-03-06T23:00:00+00:00,fa-cup,True,90.0,team_exact,5
fa-fotmob-5186383,5186383,12,14,367,Giorgi Mamardashvili,2026-03-06T20:00:00+00:00,2026-03-06T23:00:00+00:00,fa-cup,False,0.0,team_exact,5
fa-fotmob-5186383,5186383,12,14,370,Jeremie Frimpong,2026-03-06T20:00:00+00:00,2026-03-06T23:00:00+00:00,fa-cup,False,0.0,team_exact,5
fa-fotmob-5186383,5186383,12,14,371,Milos Kerkez,2026-03-06T20:00:00+00:00,2026-03-06T23:00:00+00:00,fa-cup,False,0.0,team_exact,5
fa-fotmob-5186383,5186383,12,14,372,Andrew Robertson,2026-03-06T20:00:00+00:00,2026-03-06T23:00:00+00:00,fa-cup,True,90.0,team_exact,5
fa-fotmob-5186383,5186383,12,14,373,Virgil van Dijk,2026-03-06T20:00:00+00:00,2026-03-06T23:00:00+00:00,fa-cup,True,90.0,team_exact,5
fa-fotmob-5186383,5186383,12,14,374,Ibrahima Konaté,2026-03-06T20:00:00+00:00,2026-03-06T23:00:00+00:00,fa-cup,False,0.0,team_exact,5
fa-fotmob-5186383,5186383,12,14,376,Joseph Gomez,2026-03-06T20:00:00+00:00,2026-03-06T23:00:00+00:00,fa-cup,True,90.0,team_unique_surname,5
fa-fotmob-5186383,5186383,12,14,381,Mohamed Salah,2026-03-06T20:00:00+00:00,2026-03-06T23:00:00+00:00,fa-cup,True,90.0,team_exact,5
fa-fotmob-5186383,5186383,12,14,382,Florian Wirtz,2026-03-06T20:00:00+00:00,2026-03-06T23:00:00+00:00,fa-cup,False,0.0,team_exact,5
fa-fotmob-5186383,5186383,12,14,384,Cody Gakpo,2026-03-06T20:00:00+00:00,2026-03-06T23:00:00+00:00,fa-cup,True,90.0,team_exact,5
fa-fotmob-5186383,5186383,12,14,385,Federico Chiesa,2026-03-06T20:00:00+00:00,2026-03-06T23:00:00+00:00,fa-cup,False,0.0,team_exact,5
fa-fotmob-5186383,5186383,12,14,386,Alexis Mac Allister,2026-03-06T20:00:00+00:00,2026-03-06T23:00:00+00:00,fa-cup,True,90.0,team_exact,5
fa-fotmob-5186383,5186383,12,14,387,Dominik Szoboszlai,2026-03-06T20:00:00+00:00,2026-03-06T23:00:00+00:00,fa-cup,True,90.0,team_exact,5
fa-fotmob-5186383,5186383,12,14,388,Curtis Jones,2026-03-06T20:00:00+00:00,2026-03-06T23:00:00+00:00,fa-cup,True,90.0,team_exact,5
fa-fotmob-5186383,5186383,12,14,390,Ryan Gravenberch,2026-03-06T20:00:00+00:00,2026-03-06T23:00:00+00:00,fa-cup,True,90.0,team_exact,5
fa-fotmob-5186383,5186383,12,14,396,Trey Nyoni,2026-03-06T20:00:00+00:00,2026-03-06T23:00:00+00:00,fa-cup,False,0.0,team_exact,5
fa-fotmob-5186383,5186383,12,14,661,Hugo Ekitiké,2026-03-06T20:00:00+00:00,2026-03-06T23:00:00+00:00,fa-cup,False,0.0,team_exact,5
fa-fotmob-5186383,5186383,12,14,686,Rio Ngumoha,2026-03-06T20:00:00+00:00,2026-03-06T23:00:00+00:00,fa-cup,True,90.0,team_exact,5
fa-fotmob-5186383,5186383,12,14,746,Kieran Morrison,2026-03-06T20:00:00+00:00,2026-03-06T23:00:00+00:00,fa-cup,False,0.0,team_exact,5
fa-fotmob-5186383,5186383,20,39,627,Sam Johnstone,2026-03-06T20:00:00+00:00,2026-03-06T23:00:00+00:00,fa-cup,True,90.0,team_exact,5
fa-fotmob-5186383,5186383,20,39,629,Daniel Bentley,2026-03-06T20:00:00+00:00,2026-03-06T23:00:00+00:00,fa-cup,False,0.0,team_exact,5
fa-fotmob-5186383,5186383,20,39,632,Matt Doherty,2026-03-06T20:00:00+00:00,2026-03-06T23:00:00+00:00,fa-cup,False,0.0,team_exact,5
fa-fotmob-5186383,5186383,20,39,637,Toti Gomes,2026-03-06T20:00:00+00:00,2026-03-06T23:00:00+00:00,fa-cup,True,90.0,team_exact,5
fa-fotmob-5186383,5186383,20,39,640,Pedro Lima,2026-03-06T20:00:00+00:00,2026-03-06T23:00:00+00:00,fa-cup,False,0.0,team_exact,5
fa-fotmob-5186383,5186383,20,39,644,Jean-Ricner Bellegarde,2026-03-06T20:00:00+00:00,2026-03-06T23:00:00+00:00,fa-cup,True,90.0,team_exact,5
fa-fotmob-5186383,5186383,20,39,651,Tom Edozie,2026-03-06T20:00:00+00:00,2026-03-06T23:00:00+00:00,fa-cup,False,0.0,team_exact,5
fa-fotmob-5186383,5186383,20,39,682,David Møller Wolfe,2026-03-06T20:00:00+00:00,2026-03-06T23:00:00+00:00,fa-cup,False,0.0,team_exact,5
fa-fotmob-5186383,5186383,20,39,695,Jackson Tchatchoua,2026-03-06T20:00:00+00:00,2026-03-06T23:00:00+00:00,fa-cup,True,90.0,team_exact,5
fa-fotmob-5186383,5186383,20,39,709,Ladislav Krejcí,2026-03-06T20:00:00+00:00,2026-03-06T23:00:00+00:00,fa-cup,False,0.0,team_exact,5
fa-fotmob-5186383,5186383,20,39,720,Tolu Arokodare,2026-03-06T20:00:00+00:00,2026-03-06T23:00:00+00:00,fa-cup,True,90.0,team_exact,5
fa-fotmob-5186383,5186383,20,39,749,Mateus Mané,2026-03-06T20:00:00+00:00,2026-03-06T23:00:00+00:00,fa-cup,True,90.0,team_exact,5
fa-fotmob-5186383,5186383,20,39,816,Angel Gomes,2026-03-06T20:00:00+00:00,2026-03-06T23:00:00+00:00,fa-cup,True,90.0,team_exact,5
fa-fotmob-5186383,5186383,20,39,817,Adam Armstrong,2026-03-06T20:00:00+00:00,2026-03-06T23:00:00+00:00,fa-cup,False,0.0,team_exact,5
fa-fotmob-5186382,5186382,1,3,4,Tommy Setford,2026-03-07T12:15:00+00:00,2026-03-07T15:15:00+00:00,fa-cup,False,0.0,team_exact,5
fa-fotmob-5186382,5186382,1,3,7,Riccardo Calafiori,2026-03-07T12:15:00+00:00,2026-03-07T15:15:00+00:00,fa-cup,True,90.0,team_exact,5
fa-fotmob-5186382,5186382,1,3,8,Jurriën Timber,2026-03-07T12:15:00+00:00,2026-03-07T15:15:00+00:00,fa-cup,False,0.0,team_exact,5
fa-fotmob-5186382,5186382,1,3,16,Bukayo Saka,2026-03-07T12:15:00+00:00,2026-03-07T15:15:00+00:00,fa-cup,False,0.0,team_exact,5
fa-fotmob-5186382,5186382,1,3,18,Noni Madueke,2026-03-07T12:15:00+00:00,2026-03-07T15:15:00+00:00,fa-cup,True,90.0,team_exact,5
fa-fotmob-5186382,5186382,1,3,20,Leandro Trossard,2026-03-07T12:15:00+00:00,2026-03-07T15:15:00+00:00,fa-cup,True,90.0,team_exact,5
fa-fotmob-5186382,5186382,1,3,24,Christian Nørgaard,2026-03-07T12:15:00+00:00,2026-03-07T15:15:00+00:00,fa-cup,True,90.0,team_exact,5
fa-fotmob-5186382,5186382,1,3,30,Kai Havertz,2026-03-07T12:15:00+00:00,2026-03-07T15:15:00+00:00,fa-cup,True,90.0,team_exact,5
fa-fotmob-5186382,5186382,1,3,266,Eberechi Eze,2026-03-07T12:15:00+00:00,2026-03-07T15:15:00+00:00,fa-cup,False,0.0,team_exact,5
fa-fotmob-5186382,5186382,1,3,662,Cristhian Mosquera,2026-03-07T12:15:00+00:00,2026-03-07T15:15:00+00:00,fa-cup,True,90.0,team_exact,5
fa-fotmob-5186382,5186382,1,3,666,Viktor Gyökeres,2026-03-07T12:15:00+00:00,2026-03-07T15:15:00+00:00,fa-cup,False,0.0,team_exact,5
fa-fotmob-5186382,5186382,1,3,700,Max Dowman,2026-03-07T12:15:00+00:00,2026-03-07T15:15:00+00:00,fa-cup,True,90.0,team_exact,5
fa-fotmob-5186382,5186382,1,3,711,Andre Harriman-Annous,2026-03-07T12:15:00+00:00,2026-03-07T15:15:00+00:00,fa-cup,False,0.0,team_exact,5
fa-fotmob-5186382,5186382,1,3,725,Piero Hincapié,2026-03-07T12:15:00+00:00,2026-03-07T15:15:00+00:00,fa-cup,False,0.0,team_exact,5
fa-fotmob-5186382,5186382,1,3,759,Marli Salmon,2026-03-07T12:15:00+00:00,2026-03-07T15:15:00+00:00,fa-cup,True,90.0,team_exact,5
fa-fotmob-5186384,5186384,7,8,225,Reece James,2026-03-07T17:45:00+00:00,2026-03-07T20:45:00+00:00,fa-cup,False,0.0,team_exact,5
fa-fotmob-5186384,5186384,7,8,226,Trevoh Chalobah,2026-03-07T17:45:00+00:00,2026-03-07T20:45:00+00:00,fa-cup,False,0.0,team_exact,5
fa-fotmob-5186384,5186384,7,8,228,Malo Gusto,2026-03-07T17:45:00+00:00,2026-03-07T20:45:00+00:00,fa-cup,False,0.0,team_exact,5
fa-fotmob-5186384,5186384,7,8,231,Mamadou Sarr,2026-03-07T17:45:00+00:00,2026-03-07T20:45:00+00:00,fa-cup,True,120.0,team_exact,5
fa-fotmob-5186384,5186384,7,8,232,Tosin Adarabioyo,2026-03-07T17:45:00+00:00,2026-03-07T20:45:00+00:00,fa-cup,True,120.0,team_exact,5
fa-fotmob-5186384,5186384,7,8,233,Josh Acheampong,2026-03-07T17:45:00+00:00,2026-03-07T20:45:00+00:00,fa-cup,True,120.0,team_exact,5
fa-fotmob-5186384,5186384,7,8,244,Roméo Lavia,2026-03-07T17:45:00+00:00,2026-03-07T20:45:00+00:00,fa-cup,True,120.0,team_exact,5
fa-fotmob-5186384,5186384,7,8,246,Andrey Santos,2026-03-07T17:45:00+00:00,2026-03-07T20:45:00+00:00,fa-cup,True,120.0,team_exact,5
fa-fotmob-5186384,5186384,7,8,249,João Pedro,2026-03-07T17:45:00+00:00,2026-03-07T20:45:00+00:00,fa-cup,False,0.0,team_exact,5
fa-fotmob-5186384,5186384,7,8,250,Liam Delap,2026-03-07T17:45:00+00:00,2026-03-07T20:45:00+00:00,fa-cup,True,120.0,team_exact,5
fa-fotmob-5186384,5186384,7,8,252,Marc Guiu,2026-03-07T17:45:00+00:00,2026-03-07T20:45:00+00:00,fa-cup,False,0.0,team_exact,5
fa-fotmob-5186384,5186384,7,8,672,Jorrel Hato,2026-03-07T17:45:00+00:00,2026-03-07T20:45:00+00:00,fa-cup,True,120.0,team_exact,5
fa-fotmob-5186384,5186384,7,8,803,Teddy Sharman-Lowe,2026-03-07T17:45:00+00:00,2026-03-07T20:45:00+00:00,fa-cup,False,0.0,team_exact,5
fa-fotmob-5186384,5186384,7,8,829,Jesse Derry,2026-03-07T17:45:00+00:00,2026-03-07T20:45:00+00:00,fa-cup,False,0.0,team_exact,5
fa-fotmob-5186380,5186380,13,43,82,Antoine Semenyo,2026-03-07T20:00:00+00:00,2026-03-07T23:00:00+00:00,fa-cup,False,0.0,team_exact,5
fa-fotmob-5186380,5186380,13,43,182,James Trafford,2026-03-07T20:00:00+00:00,2026-03-07T23:00:00+00:00,fa-cup,True,90.0,team_exact,5
fa-fotmob-5186380,5186380,13,43,260,Marc Guéhi,2026-03-07T20:00:00+00:00,2026-03-07T23:00:00+00:00,fa-cup,False,0.0,team_exact,5
fa-fotmob-5186380,5186380,13,43,402,Rayan Aït-Nouri,2026-03-07T20:00:00+00:00,2026-03-07T23:00:00+00:00,fa-cup,False,0.0,team_exact,5
fa-fotmob-5186380,5186380,13,43,405,Nathan Aké,2026-03-07T20:00:00+00:00,2026-03-07T23:00:00+00:00,fa-cup,True,90.0,team_exact,5
fa-fotmob-5186380,5186380,13,43,406,Abdukodir Khusanov,2026-03-07T20:00:00+00:00,2026-03-07T23:00:00+00:00,fa-cup,True,90.0,team_exact,5
fa-fotmob-5186380,5186380,13,43,407,Matheus Nunes,2026-03-07T20:00:00+00:00,2026-03-07T23:00:00+00:00,fa-cup,True,90.0,team_exact,5
fa-fotmob-5186380,5186380,13,43,409,John Stones,2026-03-07T20:00:00+00:00,2026-03-07T23:00:00+00:00,fa-cup,True,90.0,team_exact,5
fa-fotmob-5186380,5186380,13,43,411,Nico O'Reilly,2026-03-07T20:00:00+00:00,2026-03-07T23:00:00+00:00,fa-cup,True,90.0,team_exact,5
fa-fotmob-5186380,5186380,13,43,413,Omar Marmoush,2026-03-07T20:00:00+00:00,2026-03-07T23:00:00+00:00,fa-cup,True,90.0,team_exact,5
fa-fotmob-5186380,5186380,13,43,414,Phil Foden,2026-03-07T20:00:00+00:00,2026-03-07T23:00:00+00:00,fa-cup,False,0.0,team_exact,5
fa-fotmob-5186380,5186380,13,43,415,Savinho,2026-03-07T20:00:00+00:00,2026-03-07T23:00:00+00:00,fa-cup,True,90.0,team_exact,5
fa-fotmob-5186380,5186380,13,43,417,Rayan Cherki,2026-03-07T20:00:00+00:00,2026-03-07T23:00:00+00:00,fa-cup,False,0.0,team_exact,5
fa-fotmob-5186380,5186380,13,43,418,Jérémy Doku,2026-03-07T20:00:00+00:00,2026-03-07T23:00:00+00:00,fa-cup,True,90.0,team_exact,5
fa-fotmob-5186380,5186380,13,43,427,Tijjani Reijnders,2026-03-07T20:00:00+00:00,2026-03-07T23:00:00+00:00,fa-cup,True,90.0,team_exact,5
fa-fotmob-5186380,5186380,13,43,736,Gianluigi Donnarumma,2026-03-07T20:00:00+00:00,2026-03-07T23:00:00+00:00,fa-cup,False,0.0,team_exact,5
fa-fotmob-5186380,5186380,15,4,135,Yoane Wissa,2026-03-07T20:00:00+00:00,2026-03-07T23:00:00+00:00,fa-cup,False,0.0,team_exact,5
fa-fotmob-5186380,5186380,15,4,469,Nick Pope,2026-03-07T20:00:00+00:00,2026-03-07T23:00:00+00:00,fa-cup,False,0.0,team_exact,5
fa-fotmob-5186380,5186380,15,4,473,Lewis Hall,2026-03-07T20:00:00+00:00,2026-03-07T23:00:00+00:00,fa-cup,True,90.0,team_exact,5
fa-fotmob-5186380,5186380,15,4,475,Sven Botman,2026-03-07T20:00:00+00:00,2026-03-07T23:00:00+00:00,fa-cup,True,90.0,team_exact,5
fa-fotmob-5186380,5186380,15,4,476,Daniel Burn,2026-03-07T20:00:00+00:00,2026-03-07T23:00:00+00:00,fa-cup,False,0.0,team_unique_surname,5
fa-fotmob-5186380,5186380,15,4,477,Valentino Livramento,2026-03-07T20:00:00+00:00,2026-03-07T23:00:00+00:00,fa-cup,False,0.0,team_unique_surname,5
fa-fotmob-5186380,5186380,15,4,478,Kieran Trippier,2026-03-07T20:00:00+00:00,2026-03-07T23:00:00+00:00,fa-cup,True,90.0,team_exact,5
fa-fotmob-5186380,5186380,15,4,481,Alex Murphy,2026-03-07T20:00:00+00:00,2026-03-07T23:00:00+00:00,fa-cup,False,0.0,team_exact,5
fa-fotmob-5186380,5186380,15,4,485,Anthony Gordon,2026-03-07T20:00:00+00:00,2026-03-07T23:00:00+00:00,fa-cup,False,0.0,team_exact,5
fa-fotmob-5186380,5186380,15,4,486,Anthony Elanga,2026-03-07T20:00:00+00:00,2026-03-07T23:00:00+00:00,fa-cup,True,90.0,team_exact,5
fa-fotmob-5186380,5186380,15,4,487,Harvey Barnes,2026-03-07T20:00:00+00:00,2026-03-07T23:00:00+00:00,fa-cup,True,90.0,team_exact,5
fa-fotmob-5186380,5186380,15,4,489,Jacob Murphy,2026-03-07T20:00:00+00:00,2026-03-07T23:00:00+00:00,fa-cup,False,0.0,team_exact,5
fa-fotmob-5186380,5186380,15,4,490,Joelinton,2026-03-07T20:00:00+00:00,2026-03-07T23:00:00+00:00,fa-cup,False,0.0,team_exact,5
fa-fotmob-5186380,5186380,15,4,491,Sandro Tonali,2026-03-07T20:00:00+00:00,2026-03-07T23:00:00+00:00,fa-cup,True,90.0,team_exact,5
fa-fotmob-5186380,5186380,15,4,494,Joseph Willock,2026-03-07T20:00:00+00:00,2026-03-07T23:00:00+00:00,fa-cup,True,90.0,team_unique_surname,5
fa-fotmob-5186380,5186380,15,4,500,William Osula,2026-03-07T20:00:00+00:00,2026-03-07T23:00:00+00:00,fa-cup,True,90.0,team_exact,5
fa-fotmob-5186380,5186380,15,4,501,Sean Neave,2026-03-07T20:00:00+00:00,2026-03-07T23:00:00+00:00,fa-cup,False,0.0,team_exact,5
fa-fotmob-5186380,5186380,15,4,674,Aaron Ramsdale,2026-03-07T20:00:00+00:00,2026-03-07T23:00:00+00:00,fa-cup,True,90.0,team_exact,5
fa-fotmob-5186380,5186380,15,4,684,Malick Thiaw,2026-03-07T20:00:00+00:00,2026-03-07T23:00:00+00:00,fa-cup,True,90.0,team_exact,5
fa-fotmob-5186380,5186380,15,4,714,Nick Woltemade,2026-03-07T20:00:00+00:00,2026-03-07T23:00:00+00:00,fa-cup,True,90.0,team_exact,5
fa-fotmob-5186378,5186378,10,54,314,Bernd Leno,2026-03-08T12:00:00+00:00,2026-03-08T15:00:00+00:00,fa-cup,False,0.0,team_exact,5
fa-fotmob-5186378,5186378,10,54,316,Antonee Robinson,2026-03-08T12:00:00+00:00,2026-03-08T15:00:00+00:00,fa-cup,False,0.0,team_exact,5
fa-fotmob-5186378,5186378,10,54,317,Joachim Andersen,2026-03-08T12:00:00+00:00,2026-03-08T15:00:00+00:00,fa-cup,True,90.0,team_exact,5
fa-fotmob-5186378,5186378,10,54,318,Calvin Bassey,2026-03-08T12:00:00+00:00,2026-03-08T15:00:00+00:00,fa-cup,False,0.0,team_exact,5
fa-fotmob-5186378,5186378,10,54,319,Timothy Castagne,2026-03-08T12:00:00+00:00,2026-03-08T15:00:00+00:00,fa-cup,True,90.0,team_exact,5
fa-fotmob-5186378,5186378,10,54,322,Kenny Tete,2026-03-08T12:00:00+00:00,2026-03-08T15:00:00+00:00,fa-cup,False,0.0,team_exact,5
fa-fotmob-5186378,5186378,10,54,324,Alex Iwobi,2026-03-08T12:00:00+00:00,2026-03-08T15:00:00+00:00,fa-cup,False,0.0,team_exact,5
fa-fotmob-5186378,5186378,10,54,325,Emile Smith Rowe,2026-03-08T12:00:00+00:00,2026-03-08T15:00:00+00:00,fa-cup,True,90.0,team_exact,5
fa-fotmob-5186378,5186378,10,54,328,Ryan Sessegnon,2026-03-08T12:00:00+00:00,2026-03-08T15:00:00+00:00,fa-cup,True,90.0,team_exact,5
fa-fotmob-5186378,5186378,10,54,330,Sander Berge,2026-03-08T12:00:00+00:00,2026-03-08T15:00:00+00:00,fa-cup,False,0.0,team_exact,5
fa-fotmob-5186378,5186378,10,54,331,Tom Cairney,2026-03-08T12:00:00+00:00,2026-03-08T15:00:00+00:00,fa-cup,True,90.0,team_exact,5
fa-fotmob-5186378,5186378,10,54,332,Sasa Lukic,2026-03-08T12:00:00+00:00,2026-03-08T15:00:00+00:00,fa-cup,False,0.0,team_exact,5
fa-fotmob-5186378,5186378,10,54,335,Joshua King,2026-03-08T12:00:00+00:00,2026-03-08T15:00:00+00:00,fa-cup,False,0.0,team_unique_surname,5
fa-fotmob-5186378,5186378,10,54,336,Harrison Reed,2026-03-08T12:00:00+00:00,2026-03-08T15:00:00+00:00,fa-cup,True,90.0,team_exact,5
fa-fotmob-5186378,5186378,10,54,424,Oscar Bobb,2026-03-08T12:00:00+00:00,2026-03-08T15:00:00+00:00,fa-cup,True,90.0,team_exact,5
fa-fotmob-5186378,5186378,10,54,664,Benjamin Lecomte,2026-03-08T12:00:00+00:00,2026-03-08T15:00:00+00:00,fa-cup,True,90.0,team_exact,5
fa-fotmob-5186378,5186378,10,54,727,Samuel Chukwueze,2026-03-08T12:00:00+00:00,2026-03-08T15:00:00+00:00,fa-cup,True,90.0,team_exact,5
fa-fotmob-5186379,5186379,17,56,529,Simon Moore,2026-03-08T13:30:00+00:00,2026-03-08T16:30:00+00:00,fa-cup,False,0.0,team_exact,5
fa-fotmob-5186379,5186379,17,56,531,Daniel Ballard,2026-03-08T13:30:00+00:00,2026-03-08T16:30:00+00:00,fa-cup,True,90.0,team_exact,5
fa-fotmob-5186379,5186379,17,56,539,Luke O'Nien,2026-03-08T13:30:00+00:00,2026-03-08T16:30:00+00:00,fa-cup,True,90.0,team_exact,5
fa-fotmob-5186379,5186379,17,56,544,Habib Diarra,2026-03-08T13:30:00+00:00,2026-03-08T16:30:00+00:00,fa-cup,True,90.0,team_exact,5
fa-fotmob-5186379,5186379,17,56,546,Milan Aleksic,2026-03-08T13:30:00+00:00,2026-03-08T16:30:00+00:00,fa-cup,False,0.0,team_exact,5
fa-fotmob-5186379,5186379,17,56,547,Enzo Le Fée,2026-03-08T13:30:00+00:00,2026-03-08T16:30:00+00:00,fa-cup,True,90.0,team_exact,5
fa-fotmob-5186379,5186379,17,56,551,Chris Rigg,2026-03-08T13:30:00+00:00,2026-03-08T16:30:00+00:00,fa-cup,True,90.0,team_exact,5
fa-fotmob-5186379,5186379,17,56,553,Chemsdine Talbi,2026-03-08T13:30:00+00:00,2026-03-08T16:30:00+00:00,fa-cup,True,90.0,team_exact,5
fa-fotmob-5186379,5186379,17,56,557,Harrison Jones,2026-03-08T13:30:00+00:00,2026-03-08T16:30:00+00:00,fa-cup,False,0.0,team_exact,5
fa-fotmob-5186379,5186379,17,56,560,Wilson Isidor,2026-03-08T13:30:00+00:00,2026-03-08T16:30:00+00:00,fa-cup,False,0.0,team_exact,5
fa-fotmob-5186379,5186379,17,56,562,Ahmed Abdullahi,2026-03-08T13:30:00+00:00,2026-03-08T16:30:00+00:00,fa-cup,False,0.0,team_exact,5
fa-fotmob-5186379,5186379,17,56,668,Granit Xhaka,2026-03-08T13:30:00+00:00,2026-03-08T16:30:00+00:00,fa-cup,False,0.0,team_exact,5
fa-fotmob-5186379,5186379,17,56,683,Omar Alderete,2026-03-08T13:30:00+00:00,2026-03-08T16:30:00+00:00,fa-cup,True,90.0,team_exact,5
fa-fotmob-5186379,5186379,17,56,724,Lutsharel Geertruida,2026-03-08T13:30:00+00:00,2026-03-08T16:30:00+00:00,fa-cup,True,90.0,team_exact,5
fa-fotmob-5186379,5186379,17,56,774,Jenson Jones,2026-03-08T13:30:00+00:00,2026-03-08T16:30:00+00:00,fa-cup,False,0.0,team_exact,5
fa-fotmob-5186379,5186379,17,56,812,Melker Ellborg,2026-03-08T13:30:00+00:00,2026-03-08T16:30:00+00:00,fa-cup,True,90.0,team_exact,5
fa-fotmob-5186379,5186379,17,56,813,Nilson Angulo,2026-03-08T13:30:00+00:00,2026-03-08T16:30:00+00:00,fa-cup,True,90.0,team_exact,5
fa-fotmob-5186379,5186379,17,56,821,Jack Whittaker,2026-03-08T13:30:00+00:00,2026-03-08T16:30:00+00:00,fa-cup,False,0.0,team_exact,5
fa-fotmob-5186381,5186381,11,2,168,Facundo Buonanotte,2026-03-08T16:30:00+00:00,2026-03-08T19:30:00+00:00,fa-cup,False,0.0,team_exact,5
fa-fotmob-5186381,5186381,11,2,341,Karl Darlow,2026-03-08T16:30:00+00:00,2026-03-08T19:30:00+00:00,fa-cup,False,0.0,team_exact,5
fa-fotmob-5186381,5186381,11,2,342,Jayden Bogle,2026-03-08T16:30:00+00:00,2026-03-08T19:30:00+00:00,fa-cup,False,0.0,team_exact,5
fa-fotmob-5186381,5186381,11,2,343,Pascal Struijk,2026-03-08T16:30:00+00:00,2026-03-08T19:30:00+00:00,fa-cup,False,0.0,team_exact,5
fa-fotmob-5186381,5186381,11,2,344,Jaka Bijol,2026-03-08T16:30:00+00:00,2026-03-08T19:30:00+00:00,fa-cup,True,90.0,team_exact,5
fa-fotmob-5186381,5186381,11,2,345,Sebastiaan Bornauw,2026-03-08T16:30:00+00:00,2026-03-08T19:30:00+00:00,fa-cup,True,90.0,team_exact,5
fa-fotmob-5186381,5186381,11,2,346,Sam Byram,2026-03-08T16:30:00+00:00,2026-03-08T19:30:00+00:00,fa-cup,False,0.0,team_exact,5
fa-fotmob-5186381,5186381,11,2,347,Gabriel Gudmundsson,2026-03-08T16:30:00+00:00,2026-03-08T19:30:00+00:00,fa-cup,True,90.0,team_exact,5
fa-fotmob-5186381,5186381,11,2,350,Brenden Aaronson,2026-03-08T16:30:00+00:00,2026-03-08T19:30:00+00:00,fa-cup,False,0.0,team_exact,5
fa-fotmob-5186381,5186381,11,2,351,Wilfried Gnonto,2026-03-08T16:30:00+00:00,2026-03-08T19:30:00+00:00,fa-cup,True,90.0,team_exact,5
fa-fotmob-5186381,5186381,11,2,353,Daniel James,2026-03-08T16:30:00+00:00,2026-03-08T19:30:00+00:00,fa-cup,True,90.0,team_exact,5
fa-fotmob-5186381,5186381,11,2,354,Ethan Ampadu,2026-03-08T16:30:00+00:00,2026-03-08T19:30:00+00:00,fa-cup,True,90.0,team_exact,5
fa-fotmob-5186381,5186381,11,2,356,Ilia Gruev,2026-03-08T16:30:00+00:00,2026-03-08T19:30:00+00:00,fa-cup,False,0.0,team_exact,5
fa-fotmob-5186381,5186381,11,2,362,Joël Piroe,2026-03-08T16:30:00+00:00,2026-03-08T19:30:00+00:00,fa-cup,True,90.0,team_exact,5
fa-fotmob-5186381,5186381,11,2,365,Lukas Nmecha,2026-03-08T16:30:00+00:00,2026-03-08T19:30:00+00:00,fa-cup,True,90.0,team_exact,5
fa-fotmob-5186381,5186381,11,2,493,Sean Longstaff,2026-03-08T16:30:00+00:00,2026-03-08T19:30:00+00:00,fa-cup,True,90.0,team_exact,5
fa-fotmob-5186381,5186381,11,2,660,Anton Stach,2026-03-08T16:30:00+00:00,2026-03-08T19:30:00+00:00,fa-cup,False,0.0,team_exact,5
fa-fotmob-5186381,5186381,11,2,665,Lucas Perri,2026-03-08T16:30:00+00:00,2026-03-08T19:30:00+00:00,fa-cup,True,90.0,team_unique_surname,5
fa-fotmob-5186381,5186381,11,2,706,James Justin,2026-03-08T16:30:00+00:00,2026-03-08T19:30:00+00:00,fa-cup,False,0.0,team_exact,5
fa-fotmob-5186385,5186385,5,94,83,Dango Ouattara,2026-03-09T19:30:00+00:00,2026-03-09T22:30:00+00:00,fa-cup,True,120.0,team_exact,5
fa-fotmob-5186385,5186385,5,94,101,Caoimhín Kelleher,2026-03-09T19:30:00+00:00,2026-03-09T22:30:00+00:00,fa-cup,True,120.0,team_exact,5
fa-fotmob-5186385,5186385,5,94,105,Hákon Rafn Valdimarsson,2026-03-09T19:30:00+00:00,2026-03-09T22:30:00+00:00,fa-cup,False,0.0,team_exact,5
fa-fotmob-5186385,5186385,5,94,106,Nathan Collins,2026-03-09T19:30:00+00:00,2026-03-09T22:30:00+00:00,fa-cup,True,120.0,team_exact,5
fa-fotmob-5186385,5186385,5,94,107,Keane Lewis-Potter,2026-03-09T19:30:00+00:00,2026-03-09T22:30:00+00:00,fa-cup,True,120.0,team_exact,5
fa-fotmob-5186385,5186385,5,94,108,Kristoffer Ajer,2026-03-09T19:30:00+00:00,2026-03-09T22:30:00+00:00,fa-cup,True,120.0,team_exact,5
fa-fotmob-5186385,5186385,5,94,110,Michael Kayode,2026-03-09T19:30:00+00:00,2026-03-09T22:30:00+00:00,fa-cup,True,120.0,team_exact,5
fa-fotmob-5186385,5186385,5,94,111,Ethan Pinnock,2026-03-09T19:30:00+00:00,2026-03-09T22:30:00+00:00,fa-cup,False,0.0,team_exact,5
fa-fotmob-5186385,5186385,5,94,113,Sepp van den Berg,2026-03-09T19:30:00+00:00,2026-03-09T22:30:00+00:00,fa-cup,False,0.0,team_exact,5
fa-fotmob-5186385,5186385,5,94,120,Kevin Schade,2026-03-09T19:30:00+00:00,2026-03-09T22:30:00+00:00,fa-cup,True,120.0,team_exact,5
fa-fotmob-5186385,5186385,5,94,121,Mikkel Damsgaard,2026-03-09T19:30:00+00:00,2026-03-09T22:30:00+00:00,fa-cup,True,120.0,team_exact,5
fa-fotmob-5186385,5186385,5,94,124,Jordan Henderson,2026-03-09T19:30:00+00:00,2026-03-09T22:30:00+00:00,fa-cup,True,120.0,team_exact,5
fa-fotmob-5186385,5186385,5,94,126,Mathias Jensen,2026-03-09T19:30:00+00:00,2026-03-09T22:30:00+00:00,fa-cup,False,0.0,team_exact,5
fa-fotmob-5186385,5186385,5,94,129,Yehor Yarmoliuk,2026-03-09T19:30:00+00:00,2026-03-09T22:30:00+00:00,fa-cup,True,120.0,team_exact,5
fa-fotmob-5186385,5186385,5,94,130,Romelle Donovan,2026-03-09T19:30:00+00:00,2026-03-09T22:30:00+00:00,fa-cup,False,0.0,team_exact,5
fa-fotmob-5186385,5186385,5,94,797,Kaye Furo,2026-03-09T19:30:00+00:00,2026-03-09T22:30:00+00:00,fa-cup,False,0.0,team_exact,5
fa-fotmob-5186385,5186385,5,94,810,Luka Bentt,2026-03-09T19:30:00+00:00,2026-03-09T22:30:00+00:00,fa-cup,False,0.0,team_exact,5
fa-fotmob-5186385,5186385,5,94,819,Ollie Shield,2026-03-09T19:30:00+00:00,2026-03-09T22:30:00+00:00,fa-cup,False,0.0,team_exact,5
fa-fotmob-5186385,5186385,5,94,823,Joshua Stephenson,2026-03-09T19:30:00+00:00,2026-03-09T22:30:00+00:00,fa-cup,False,0.0,team_exact,5
fa-fotmob-5186385,5186385,19,21,600,Alphonse Areola,2026-03-09T19:30:00+00:00,2026-03-09T22:30:00+00:00,fa-cup,True,120.0,team_exact,5
fa-fotmob-5186385,5186385,19,21,605,Max Kilman,2026-03-09T19:30:00+00:00,2026-03-09T22:30:00+00:00,fa-cup,False,0.0,team_unique_surname,5
fa-fotmob-5186385,5186385,19,21,606,Konstantinos Mavropanos,2026-03-09T19:30:00+00:00,2026-03-09T22:30:00+00:00,fa-cup,True,120.0,team_exact,5
fa-fotmob-5186385,5186385,19,21,608,Oliver Scarles,2026-03-09T19:30:00+00:00,2026-03-09T22:30:00+00:00,fa-cup,True,120.0,team_unique_surname,5
fa-fotmob-5186385,5186385,19,21,610,Aaron Wan-Bissaka,2026-03-09T19:30:00+00:00,2026-03-09T22:30:00+00:00,fa-cup,False,0.0,team_exact,5
fa-fotmob-5186385,5186385,19,21,613,Tomás Soucek,2026-03-09T19:30:00+00:00,2026-03-09T22:30:00+00:00,fa-cup,True,120.0,team_exact,5
fa-fotmob-5186385,5186385,19,21,615,Crysencio Summerville,2026-03-09T19:30:00+00:00,2026-03-09T22:30:00+00:00,fa-cup,False,0.0,team_exact,5
fa-fotmob-5186385,5186385,19,21,623,Freddie Potts,2026-03-09T19:30:00+00:00,2026-03-09T22:30:00+00:00,fa-cup,False,0.0,team_exact,5
fa-fotmob-5186385,5186385,19,21,624,Jarrod Bowen,2026-03-09T19:30:00+00:00,2026-03-09T22:30:00+00:00,fa-cup,True,120.0,team_exact,5
fa-fotmob-5186385,5186385,19,21,659,Kyle Walker-Peters,2026-03-09T19:30:00+00:00,2026-03-09T22:30:00+00:00,fa-cup,True,120.0,team_exact,5
fa-fotmob-5186385,5186385,19,21,671,Callum Wilson,2026-03-09T19:30:00+00:00,2026-03-09T22:30:00+00:00,fa-cup,False,0.0,team_exact,5
fa-fotmob-5186385,5186385,19,21,718,Soungoutou Magassa,2026-03-09T19:30:00+00:00,2026-03-09T22:30:00+00:00,fa-cup,False,0.0,team_exact,5
fa-fotmob-5186385,5186385,19,21,747,Ezra Mayers,2026-03-09T19:30:00+00:00,2026-03-09T22:30:00+00:00,fa-cup,False,0.0,team_exact,5
fa-fotmob-5186385,5186385,19,21,758,Mohamadou Kanté,2026-03-09T19:30:00+00:00,2026-03-09T22:30:00+00:00,fa-cup,True,120.0,team_exact,5
fa-fotmob-5186385,5186385,19,21,785,Pablo,2026-03-09T19:30:00+00:00,2026-03-09T22:30:00+00:00,fa-cup,True,120.0,team_exact,5
fa-fotmob-5186385,5186385,19,21,791,Valentín Castellanos,2026-03-09T19:30:00+00:00,2026-03-09T22:30:00+00:00,fa-cup,False,0.0,team_exact,5
fa-fotmob-5186385,5186385,19,21,815,Axel Disasi,2026-03-09T19:30:00+00:00,2026-03-09T22:30:00+00:00,fa-cup,True,120.0,team_exact,5
fa-fotmob-5186385,5186385,19,21,825,Finlay Herrick,2026-03-09T19:30:00+00:00,2026-03-09T22:30:00+00:00,fa-cup,False,0.0,team_exact,5
fa-fotmob-5231047,5231047,12,14,367,Giorgi Mamardashvili,2026-04-04T11:45:00+00:00,2026-04-04T14:45:00+00:00,fa-cup,True,90.0,team_exact,Quarter-Finals
fa-fotmob-5231047,5231047,12,14,369,Freddie Woodman,2026-04-04T11:45:00+00:00,2026-04-04T14:45:00+00:00,fa-cup,False,0.0,team_exact,Quarter-Finals
fa-fotmob-5231047,5231047,12,14,370,Jeremie Frimpong,2026-04-04T11:45:00+00:00,2026-04-04T14:45:00+00:00,fa-cup,False,0.0,team_exact,Quarter-Finals
fa-fotmob-5231047,5231047,12,14,371,Milos Kerkez,2026-04-04T11:45:00+00:00,2026-04-04T14:45:00+00:00,fa-cup,True,90.0,team_exact,Quarter-Finals
fa-fotmob-5231047,5231047,12,14,372,Andrew Robertson,2026-04-04T11:45:00+00:00,2026-04-04T14:45:00+00:00,fa-cup,False,0.0,team_exact,Quarter-Finals
fa-fotmob-5231047,5231047,12,14,373,Virgil van Dijk,2026-04-04T11:45:00+00:00,2026-04-04T14:45:00+00:00,fa-cup,True,90.0,team_exact,Quarter-Finals
fa-fotmob-5231047,5231047,12,14,374,Ibrahima Konaté,2026-04-04T11:45:00+00:00,2026-04-04T14:45:00+00:00,fa-cup,True,90.0,team_exact,Quarter-Finals
fa-fotmob-5231047,5231047,12,14,376,Joseph Gomez,2026-04-04T11:45:00+00:00,2026-04-04T14:45:00+00:00,fa-cup,True,90.0,team_unique_surname,Quarter-Finals
fa-fotmob-5231047,5231047,12,14,381,Mohamed Salah,2026-04-04T11:45:00+00:00,2026-04-04T14:45:00+00:00,fa-cup,True,90.0,team_exact,Quarter-Finals
fa-fotmob-5231047,5231047,12,14,382,Florian Wirtz,2026-04-04T11:45:00+00:00,2026-04-04T14:45:00+00:00,fa-cup,True,90.0,team_exact,Quarter-Finals
fa-fotmob-5231047,5231047,12,14,384,Cody Gakpo,2026-04-04T11:45:00+00:00,2026-04-04T14:45:00+00:00,fa-cup,False,0.0,team_exact,Quarter-Finals
fa-fotmob-5231047,5231047,12,14,385,Federico Chiesa,2026-04-04T11:45:00+00:00,2026-04-04T14:45:00+00:00,fa-cup,False,0.0,team_exact,Quarter-Finals
fa-fotmob-5231047,5231047,12,14,386,Alexis Mac Allister,2026-04-04T11:45:00+00:00,2026-04-04T14:45:00+00:00,fa-cup,False,0.0,team_exact,Quarter-Finals
fa-fotmob-5231047,5231047,12,14,387,Dominik Szoboszlai,2026-04-04T11:45:00+00:00,2026-04-04T14:45:00+00:00,fa-cup,True,90.0,team_exact,Quarter-Finals
fa-fotmob-5231047,5231047,12,14,388,Curtis Jones,2026-04-04T11:45:00+00:00,2026-04-04T14:45:00+00:00,fa-cup,True,90.0,team_exact,Quarter-Finals
fa-fotmob-5231047,5231047,12,14,390,Ryan Gravenberch,2026-04-04T11:45:00+00:00,2026-04-04T14:45:00+00:00,fa-cup,True,90.0,team_exact,Quarter-Finals
fa-fotmob-5231047,5231047,12,14,396,Trey Nyoni,2026-04-04T11:45:00+00:00,2026-04-04T14:45:00+00:00,fa-cup,False,0.0,team_exact,Quarter-Finals
fa-fotmob-5231047,5231047,12,14,661,Hugo Ekitiké,2026-04-04T11:45:00+00:00,2026-04-04T14:45:00+00:00,fa-cup,True,90.0,team_exact,Quarter-Finals
fa-fotmob-5231047,5231047,12,14,686,Rio Ngumoha,2026-04-04T11:45:00+00:00,2026-04-04T14:45:00+00:00,fa-cup,False,0.0,team_exact,Quarter-Finals
fa-fotmob-5231047,5231047,12,14,746,Kieran Morrison,2026-04-04T11:45:00+00:00,2026-04-04T14:45:00+00:00,fa-cup,False,0.0,team_exact,Quarter-Finals
fa-fotmob-5231047,5231047,13,43,82,Antoine Semenyo,2026-04-04T11:45:00+00:00,2026-04-04T14:45:00+00:00,fa-cup,True,90.0,team_exact,Quarter-Finals
fa-fotmob-5231047,5231047,13,43,182,James Trafford,2026-04-04T11:45:00+00:00,2026-04-04T14:45:00+00:00,fa-cup,True,90.0,team_exact,Quarter-Finals
fa-fotmob-5231047,5231047,13,43,260,Marc Guéhi,2026-04-04T11:45:00+00:00,2026-04-04T14:45:00+00:00,fa-cup,True,90.0,team_exact,Quarter-Finals
fa-fotmob-5231047,5231047,13,43,402,Rayan Aït-Nouri,2026-04-04T11:45:00+00:00,2026-04-04T14:45:00+00:00,fa-cup,False,0.0,team_exact,Quarter-Finals
fa-fotmob-5231047,5231047,13,43,405,Nathan Aké,2026-04-04T11:45:00+00:00,2026-04-04T14:45:00+00:00,fa-cup,False,0.0,team_exact,Quarter-Finals
fa-fotmob-5231047,5231047,13,43,406,Abdukodir Khusanov,2026-04-04T11:45:00+00:00,2026-04-04T14:45:00+00:00,fa-cup,True,90.0,team_exact,Quarter-Finals
fa-fotmob-5231047,5231047,13,43,407,Matheus Nunes,2026-04-04T11:45:00+00:00,2026-04-04T14:45:00+00:00,fa-cup,True,90.0,team_exact,Quarter-Finals
fa-fotmob-5231047,5231047,13,43,411,Nico O'Reilly,2026-04-04T11:45:00+00:00,2026-04-04T14:45:00+00:00,fa-cup,True,90.0,team_exact,Quarter-Finals
fa-fotmob-5231047,5231047,13,43,413,Omar Marmoush,2026-04-04T11:45:00+00:00,2026-04-04T14:45:00+00:00,fa-cup,False,0.0,team_exact,Quarter-Finals
fa-fotmob-5231047,5231047,13,43,414,Phil Foden,2026-04-04T11:45:00+00:00,2026-04-04T14:45:00+00:00,fa-cup,False,0.0,team_exact,Quarter-Finals
fa-fotmob-5231047,5231047,13,43,415,Savinho,2026-04-04T11:45:00+00:00,2026-04-04T14:45:00+00:00,fa-cup,False,0.0,team_exact,Quarter-Finals
fa-fotmob-5231047,5231047,13,43,417,Rayan Cherki,2026-04-04T11:45:00+00:00,2026-04-04T14:45:00+00:00,fa-cup,True,90.0,team_exact,Quarter-Finals
fa-fotmob-5231047,5231047,13,43,418,Jérémy Doku,2026-04-04T11:45:00+00:00,2026-04-04T14:45:00+00:00,fa-cup,True,90.0,team_exact,Quarter-Finals
fa-fotmob-5231047,5231047,13,43,422,Mateo Kovacic,2026-04-04T11:45:00+00:00,2026-04-04T14:45:00+00:00,fa-cup,False,0.0,team_exact,Quarter-Finals
fa-fotmob-5231047,5231047,13,43,427,Tijjani Reijnders,2026-04-04T11:45:00+00:00,2026-04-04T14:45:00+00:00,fa-cup,False,0.0,team_exact,Quarter-Finals
fa-fotmob-5231047,5231047,13,43,430,Erling Haaland,2026-04-04T11:45:00+00:00,2026-04-04T14:45:00+00:00,fa-cup,True,90.0,team_exact,Quarter-Finals
fa-fotmob-5231047,5231047,13,43,736,Gianluigi Donnarumma,2026-04-04T11:45:00+00:00,2026-04-04T14:45:00+00:00,fa-cup,False,0.0,team_exact,Quarter-Finals
fa-fotmob-5231046,5231046,7,8,228,Malo Gusto,2026-04-04T16:15:00+00:00,2026-04-04T19:15:00+00:00,fa-cup,True,90.0,team_exact,Quarter-Finals
fa-fotmob-5231046,5231046,7,8,230,Wesley Fofana,2026-04-04T16:15:00+00:00,2026-04-04T19:15:00+00:00,fa-cup,True,90.0,team_exact,Quarter-Finals
fa-fotmob-5231046,5231046,7,8,231,Mamadou Sarr,2026-04-04T16:15:00+00:00,2026-04-04T19:15:00+00:00,fa-cup,False,0.0,team_exact,Quarter-Finals
fa-fotmob-5231046,5231046,7,8,232,Tosin Adarabioyo,2026-04-04T16:15:00+00:00,2026-04-04T19:15:00+00:00,fa-cup,True,90.0,team_exact,Quarter-Finals
fa-fotmob-5231046,5231046,7,8,233,Josh Acheampong,2026-04-04T16:15:00+00:00,2026-04-04T19:15:00+00:00,fa-cup,False,0.0,team_exact,Quarter-Finals
fa-fotmob-5231046,5231046,7,8,235,Cole Palmer,2026-04-04T16:15:00+00:00,2026-04-04T19:15:00+00:00,fa-cup,True,90.0,team_exact,Quarter-Finals
fa-fotmob-5231046,5231046,7,8,238,Estêvão,2026-04-04T16:15:00+00:00,2026-04-04T19:15:00+00:00,fa-cup,True,90.0,team_exact,Quarter-Finals
fa-fotmob-5231046,5231046,7,8,244,Roméo Lavia,2026-04-04T16:15:00+00:00,2026-04-04T19:15:00+00:00,fa-cup,True,90.0,team_exact,Quarter-Finals
fa-fotmob-5231046,5231046,7,8,246,Andrey Santos,2026-04-04T16:15:00+00:00,2026-04-04T19:15:00+00:00,fa-cup,True,90.0,team_exact,Quarter-Finals
fa-fotmob-5231046,5231046,7,8,249,João Pedro,2026-04-04T16:15:00+00:00,2026-04-04T19:15:00+00:00,fa-cup,True,90.0,team_exact,Quarter-Finals
fa-fotmob-5231046,5231046,7,8,250,Liam Delap,2026-04-04T16:15:00+00:00,2026-04-04T19:15:00+00:00,fa-cup,False,0.0,team_exact,Quarter-Finals
fa-fotmob-5231046,5231046,7,8,672,Jorrel Hato,2026-04-04T16:15:00+00:00,2026-04-04T19:15:00+00:00,fa-cup,True,90.0,team_exact,Quarter-Finals
fa-fotmob-5231046,5231046,7,8,803,Teddy Sharman-Lowe,2026-04-04T16:15:00+00:00,2026-04-04T19:15:00+00:00,fa-cup,False,0.0,team_exact,Quarter-Finals
fa-fotmob-5231046,5231046,7,8,834,Ryan Kavuma-McQueen,2026-04-04T16:15:00+00:00,2026-04-04T19:15:00+00:00,fa-cup,False,0.0,team_exact,Quarter-Finals
fa-fotmob-5231045,5231045,1,3,5,Gabriel,2026-04-04T19:00:00+00:00,2026-04-04T22:00:00+00:00,fa-cup,True,90.0,team_exact,Quarter-Finals
fa-fotmob-5231045,5231045,1,3,6,William Saliba,2026-04-04T19:00:00+00:00,2026-04-04T22:00:00+00:00,fa-cup,False,0.0,team_exact,Quarter-Finals
fa-fotmob-5231045,5231045,1,3,7,Riccardo Calafiori,2026-04-04T19:00:00+00:00,2026-04-04T22:00:00+00:00,fa-cup,False,0.0,team_exact,Quarter-Finals
fa-fotmob-5231045,5231045,1,3,10,Myles Lewis-Skelly,2026-04-04T19:00:00+00:00,2026-04-04T22:00:00+00:00,fa-cup,True,90.0,team_exact,Quarter-Finals
fa-fotmob-5231045,5231045,1,3,11,Ben White,2026-04-04T19:00:00+00:00,2026-04-04T22:00:00+00:00,fa-cup,True,90.0,team_unique_surname,Quarter-Finals
fa-fotmob-5231045,5231045,1,3,17,Martin Ødegaard,2026-04-04T19:00:00+00:00,2026-04-04T22:00:00+00:00,fa-cup,True,90.0,team_exact,Quarter-Finals
fa-fotmob-5231045,5231045,1,3,18,Noni Madueke,2026-04-04T19:00:00+00:00,2026-04-04T22:00:00+00:00,fa-cup,False,0.0,team_exact,Quarter-Finals
fa-fotmob-5231045,5231045,1,3,24,Christian Nørgaard,2026-04-04T19:00:00+00:00,2026-04-04T22:00:00+00:00,fa-cup,True,90.0,team_exact,Quarter-Finals
fa-fotmob-5231045,5231045,1,3,30,Kai Havertz,2026-04-04T19:00:00+00:00,2026-04-04T22:00:00+00:00,fa-cup,True,90.0,team_exact,Quarter-Finals
fa-fotmob-5231045,5231045,1,3,662,Cristhian Mosquera,2026-04-04T19:00:00+00:00,2026-04-04T22:00:00+00:00,fa-cup,True,90.0,team_exact,Quarter-Finals
fa-fotmob-5231045,5231045,1,3,666,Viktor Gyökeres,2026-04-04T19:00:00+00:00,2026-04-04T22:00:00+00:00,fa-cup,False,0.0,team_exact,Quarter-Finals
fa-fotmob-5231045,5231045,1,3,700,Max Dowman,2026-04-04T19:00:00+00:00,2026-04-04T22:00:00+00:00,fa-cup,True,90.0,team_exact,Quarter-Finals
fa-fotmob-5231045,5231045,1,3,711,Andre Harriman-Annous,2026-04-04T19:00:00+00:00,2026-04-04T22:00:00+00:00,fa-cup,False,0.0,team_exact,Quarter-Finals
fa-fotmob-5231045,5231045,1,3,759,Marli Salmon,2026-04-04T19:00:00+00:00,2026-04-04T22:00:00+00:00,fa-cup,False,0.0,team_exact,Quarter-Finals
fa-fotmob-5231346,5231346,11,2,341,Karl Darlow,2026-04-05T15:30:00+00:00,2026-04-05T18:30:00+00:00,fa-cup,False,0.0,team_exact,Quarter-Finals
fa-fotmob-5231346,5231346,11,2,342,Jayden Bogle,2026-04-05T15:30:00+00:00,2026-04-05T18:30:00+00:00,fa-cup,True,120.0,team_exact,Quarter-Finals
fa-fotmob-5231346,5231346,11,2,343,Pascal Struijk,2026-04-05T15:30:00+00:00,2026-04-05T18:30:00+00:00,fa-cup,True,120.0,team_exact,Quarter-Finals
fa-fotmob-5231346,5231346,11,2,344,Jaka Bijol,2026-04-05T15:30:00+00:00,2026-04-05T18:30:00+00:00,fa-cup,True,120.0,team_exact,Quarter-Finals
fa-fotmob-5231346,5231346,11,2,345,Sebastiaan Bornauw,2026-04-05T15:30:00+00:00,2026-04-05T18:30:00+00:00,fa-cup,False,0.0,team_exact,Quarter-Finals
fa-fotmob-5231346,5231346,11,2,346,Sam Byram,2026-04-05T15:30:00+00:00,2026-04-05T18:30:00+00:00,fa-cup,False,0.0,team_exact,Quarter-Finals
fa-fotmob-5231346,5231346,11,2,348,Joe Rodon,2026-04-05T15:30:00+00:00,2026-04-05T18:30:00+00:00,fa-cup,True,120.0,team_exact,Quarter-Finals
fa-fotmob-5231346,5231346,11,2,350,Brenden Aaronson,2026-04-05T15:30:00+00:00,2026-04-05T18:30:00+00:00,fa-cup,False,0.0,team_exact,Quarter-Finals
fa-fotmob-5231346,5231346,11,2,351,Wilfried Gnonto,2026-04-05T15:30:00+00:00,2026-04-05T18:30:00+00:00,fa-cup,False,0.0,team_exact,Quarter-Finals
fa-fotmob-5231346,5231346,11,2,354,Ethan Ampadu,2026-04-05T15:30:00+00:00,2026-04-05T18:30:00+00:00,fa-cup,True,120.0,team_exact,Quarter-Finals
fa-fotmob-5231346,5231346,11,2,356,Ilia Gruev,2026-04-05T15:30:00+00:00,2026-04-05T18:30:00+00:00,fa-cup,False,0.0,team_exact,Quarter-Finals
fa-fotmob-5231346,5231346,11,2,362,Joël Piroe,2026-04-05T15:30:00+00:00,2026-04-05T18:30:00+00:00,fa-cup,False,0.0,team_exact,Quarter-Finals
fa-fotmob-5231346,5231346,11,2,365,Lukas Nmecha,2026-04-05T15:30:00+00:00,2026-04-05T18:30:00+00:00,fa-cup,True,120.0,team_exact,Quarter-Finals
fa-fotmob-5231346,5231346,11,2,493,Sean Longstaff,2026-04-05T15:30:00+00:00,2026-04-05T18:30:00+00:00,fa-cup,False,0.0,team_exact,Quarter-Finals
fa-fotmob-5231346,5231346,11,2,660,Anton Stach,2026-04-05T15:30:00+00:00,2026-04-05T18:30:00+00:00,fa-cup,True,120.0,team_exact,Quarter-Finals
fa-fotmob-5231346,5231346,11,2,665,Lucas Perri,2026-04-05T15:30:00+00:00,2026-04-05T18:30:00+00:00,fa-cup,True,120.0,team_unique_surname,Quarter-Finals
fa-fotmob-5231346,5231346,11,2,691,Dominic Calvert-Lewin,2026-04-05T15:30:00+00:00,2026-04-05T18:30:00+00:00,fa-cup,False,0.0,team_exact,Quarter-Finals
fa-fotmob-5231346,5231346,11,2,698,Noah Okafor,2026-04-05T15:30:00+00:00,2026-04-05T18:30:00+00:00,fa-cup,True,120.0,team_exact,Quarter-Finals
fa-fotmob-5231346,5231346,11,2,706,James Justin,2026-04-05T15:30:00+00:00,2026-04-05T18:30:00+00:00,fa-cup,True,120.0,team_exact,Quarter-Finals
fa-fotmob-5231346,5231346,19,21,600,Alphonse Areola,2026-04-05T15:30:00+00:00,2026-04-05T18:30:00+00:00,fa-cup,True,120.0,team_exact,Quarter-Finals
fa-fotmob-5231346,5231346,19,21,603,Malick Diouf,2026-04-05T15:30:00+00:00,2026-04-05T18:30:00+00:00,fa-cup,True,120.0,team_unique_surname,Quarter-Finals
fa-fotmob-5231346,5231346,19,21,605,Max Kilman,2026-04-05T15:30:00+00:00,2026-04-05T18:30:00+00:00,fa-cup,True,120.0,team_unique_surname,Quarter-Finals
fa-fotmob-5231346,5231346,19,21,608,Oliver Scarles,2026-04-05T15:30:00+00:00,2026-04-05T18:30:00+00:00,fa-cup,False,0.0,team_unique_surname,Quarter-Finals
fa-fotmob-5231346,5231346,19,21,613,Tomás Soucek,2026-04-05T15:30:00+00:00,2026-04-05T18:30:00+00:00,fa-cup,False,0.0,team_exact,Quarter-Finals
fa-fotmob-5231346,5231346,19,21,623,Freddie Potts,2026-04-05T15:30:00+00:00,2026-04-05T18:30:00+00:00,fa-cup,True,120.0,team_exact,Quarter-Finals
fa-fotmob-5231346,5231346,19,21,624,Jarrod Bowen,2026-04-05T15:30:00+00:00,2026-04-05T18:30:00+00:00,fa-cup,True,120.0,team_exact,Quarter-Finals
fa-fotmob-5231346,5231346,19,21,659,Kyle Walker-Peters,2026-04-05T15:30:00+00:00,2026-04-05T18:30:00+00:00,fa-cup,True,120.0,team_exact,Quarter-Finals
fa-fotmob-5231346,5231346,19,21,718,Soungoutou Magassa,2026-04-05T15:30:00+00:00,2026-04-05T18:30:00+00:00,fa-cup,True,120.0,team_exact,Quarter-Finals
fa-fotmob-5231346,5231346,19,21,747,Ezra Mayers,2026-04-05T15:30:00+00:00,2026-04-05T18:30:00+00:00,fa-cup,False,0.0,team_exact,Quarter-Finals
fa-fotmob-5231346,5231346,19,21,752,Airidas Golambeckis,2026-04-05T15:30:00+00:00,2026-04-05T18:30:00+00:00,fa-cup,False,0.0,team_exact,Quarter-Finals
fa-fotmob-5231346,5231346,19,21,758,Mohamadou Kanté,2026-04-05T15:30:00+00:00,2026-04-05T18:30:00+00:00,fa-cup,False,0.0,team_exact,Quarter-Finals
fa-fotmob-5231346,5231346,19,21,785,Pablo,2026-04-05T15:30:00+00:00,2026-04-05T18:30:00+00:00,fa-cup,False,0.0,team_exact,Quarter-Finals
fa-fotmob-5231346,5231346,19,21,791,Valentín Castellanos,2026-04-05T15:30:00+00:00,2026-04-05T18:30:00+00:00,fa-cup,True,120.0,team_exact,Quarter-Finals
fa-fotmob-5231346,5231346,19,21,802,Keiber Lamadrid,2026-04-05T15:30:00+00:00,2026-04-05T18:30:00+00:00,fa-cup,False,0.0,team_exact,Quarter-Finals
fa-fotmob-5231346,5231346,19,21,815,Axel Disasi,2026-04-05T15:30:00+00:00,2026-04-05T18:30:00+00:00,fa-cup,True,120.0,team_exact,Quarter-Finals
fa-fotmob-5231346,5231346,19,21,825,Finlay Herrick,2026-04-05T15:30:00+00:00,2026-04-05T18:30:00+00:00,fa-cup,False,0.0,team_exact,Quarter-Finals
fa-fotmob-5293793,5293793,13,43,182,James Trafford,2026-04-25T16:15:00+00:00,2026-04-25T19:15:00+00:00,fa-cup,True,90.0,team_exact,Semi-Finals
fa-fotmob-5293793,5293793,13,43,260,Marc Guéhi,2026-04-25T16:15:00+00:00,2026-04-25T19:15:00+00:00,fa-cup,False,0.0,team_exact,Semi-Finals
fa-fotmob-5293793,5293793,13,43,402,Rayan Aït-Nouri,2026-04-25T16:15:00+00:00,2026-04-25T19:15:00+00:00,fa-cup,True,90.0,team_exact,Semi-Finals
fa-fotmob-5293793,5293793,13,43,405,Nathan Aké,2026-04-25T16:15:00+00:00,2026-04-25T19:15:00+00:00,fa-cup,True,90.0,team_exact,Semi-Finals
fa-fotmob-5293793,5293793,13,43,406,Abdukodir Khusanov,2026-04-25T16:15:00+00:00,2026-04-25T19:15:00+00:00,fa-cup,False,0.0,team_exact,Semi-Finals
fa-fotmob-5293793,5293793,13,43,407,Matheus Nunes,2026-04-25T16:15:00+00:00,2026-04-25T19:15:00+00:00,fa-cup,True,90.0,team_exact,Semi-Finals
fa-fotmob-5293793,5293793,13,43,409,John Stones,2026-04-25T16:15:00+00:00,2026-04-25T19:15:00+00:00,fa-cup,True,90.0,team_exact,Semi-Finals
fa-fotmob-5293793,5293793,13,43,410,Rico Lewis,2026-04-25T16:15:00+00:00,2026-04-25T19:15:00+00:00,fa-cup,False,0.0,team_exact,Semi-Finals
fa-fotmob-5293793,5293793,13,43,411,Nico O'Reilly,2026-04-25T16:15:00+00:00,2026-04-25T19:15:00+00:00,fa-cup,False,0.0,team_exact,Semi-Finals
fa-fotmob-5293793,5293793,13,43,413,Omar Marmoush,2026-04-25T16:15:00+00:00,2026-04-25T19:15:00+00:00,fa-cup,True,90.0,team_exact,Semi-Finals
fa-fotmob-5293793,5293793,13,43,414,Phil Foden,2026-04-25T16:15:00+00:00,2026-04-25T19:15:00+00:00,fa-cup,True,90.0,team_exact,Semi-Finals
fa-fotmob-5293793,5293793,13,43,415,Savinho,2026-04-25T16:15:00+00:00,2026-04-25T19:15:00+00:00,fa-cup,False,0.0,team_exact,Semi-Finals
fa-fotmob-5293793,5293793,13,43,417,Rayan Cherki,2026-04-25T16:15:00+00:00,2026-04-25T19:15:00+00:00,fa-cup,True,90.0,team_exact,Semi-Finals
fa-fotmob-5293793,5293793,13,43,418,Jérémy Doku,2026-04-25T16:15:00+00:00,2026-04-25T19:15:00+00:00,fa-cup,False,0.0,team_exact,Semi-Finals
fa-fotmob-5293793,5293793,13,43,422,Mateo Kovacic,2026-04-25T16:15:00+00:00,2026-04-25T19:15:00+00:00,fa-cup,True,90.0,team_exact,Semi-Finals
fa-fotmob-5293793,5293793,13,43,427,Tijjani Reijnders,2026-04-25T16:15:00+00:00,2026-04-25T19:15:00+00:00,fa-cup,True,90.0,team_exact,Semi-Finals
fa-fotmob-5293793,5293793,13,43,430,Erling Haaland,2026-04-25T16:15:00+00:00,2026-04-25T19:15:00+00:00,fa-cup,False,0.0,team_exact,Semi-Finals
fa-fotmob-5293793,5293793,13,43,736,Gianluigi Donnarumma,2026-04-25T16:15:00+00:00,2026-04-25T19:15:00+00:00,fa-cup,False,0.0,team_exact,Semi-Finals
fa-fotmob-5293794,5293794,7,8,226,Trevoh Chalobah,2026-04-26T14:00:00+00:00,2026-04-26T17:00:00+00:00,fa-cup,True,90.0,team_exact,Semi-Finals
fa-fotmob-5293794,5293794,7,8,228,Malo Gusto,2026-04-26T14:00:00+00:00,2026-04-26T17:00:00+00:00,fa-cup,True,90.0,team_exact,Semi-Finals
fa-fotmob-5293794,5293794,7,8,230,Wesley Fofana,2026-04-26T14:00:00+00:00,2026-04-26T17:00:00+00:00,fa-cup,False,0.0,team_exact,Semi-Finals
fa-fotmob-5293794,5293794,7,8,232,Tosin Adarabioyo,2026-04-26T14:00:00+00:00,2026-04-26T17:00:00+00:00,fa-cup,True,90.0,team_exact,Semi-Finals
fa-fotmob-5293794,5293794,7,8,233,Josh Acheampong,2026-04-26T14:00:00+00:00,2026-04-26T17:00:00+00:00,fa-cup,False,0.0,team_exact,Semi-Finals
fa-fotmob-5293794,5293794,7,8,235,Cole Palmer,2026-04-26T14:00:00+00:00,2026-04-26T17:00:00+00:00,fa-cup,False,0.0,team_exact,Semi-Finals
fa-fotmob-5293794,5293794,7,8,237,Enzo Fernández,2026-04-26T14:00:00+00:00,2026-04-26T17:00:00+00:00,fa-cup,True,90.0,team_exact,Semi-Finals
fa-fotmob-5293794,5293794,7,8,244,Roméo Lavia,2026-04-26T14:00:00+00:00,2026-04-26T17:00:00+00:00,fa-cup,True,90.0,team_exact,Semi-Finals
fa-fotmob-5293794,5293794,7,8,246,Andrey Santos,2026-04-26T14:00:00+00:00,2026-04-26T17:00:00+00:00,fa-cup,False,0.0,team_exact,Semi-Finals
fa-fotmob-5293794,5293794,7,8,249,João Pedro,2026-04-26T14:00:00+00:00,2026-04-26T17:00:00+00:00,fa-cup,True,90.0,team_exact,Semi-Finals
fa-fotmob-5293794,5293794,7,8,250,Liam Delap,2026-04-26T14:00:00+00:00,2026-04-26T17:00:00+00:00,fa-cup,False,0.0,team_exact,Semi-Finals
fa-fotmob-5293794,5293794,7,8,672,Jorrel Hato,2026-04-26T14:00:00+00:00,2026-04-26T17:00:00+00:00,fa-cup,False,0.0,team_exact,Semi-Finals
fa-fotmob-5293794,5293794,7,8,803,Teddy Sharman-Lowe,2026-04-26T14:00:00+00:00,2026-04-26T17:00:00+00:00,fa-cup,False,0.0,team_exact,Semi-Finals
fa-fotmob-5293794,5293794,7,8,829,Jesse Derry,2026-04-26T14:00:00+00:00,2026-04-26T17:00:00+00:00,fa-cup,False,0.0,team_exact,Semi-Finals
fa-fotmob-5293794,5293794,11,2,341,Karl Darlow,2026-04-26T14:00:00+00:00,2026-04-26T17:00:00+00:00,fa-cup,False,0.0,team_exact,Semi-Finals
fa-fotmob-5293794,5293794,11,2,342,Jayden Bogle,2026-04-26T14:00:00+00:00,2026-04-26T17:00:00+00:00,fa-cup,True,90.0,team_exact,Semi-Finals
fa-fotmob-5293794,5293794,11,2,343,Pascal Struijk,2026-04-26T14:00:00+00:00,2026-04-26T17:00:00+00:00,fa-cup,True,90.0,team_exact,Semi-Finals
fa-fotmob-5293794,5293794,11,2,344,Jaka Bijol,2026-04-26T14:00:00+00:00,2026-04-26T17:00:00+00:00,fa-cup,True,90.0,team_exact,Semi-Finals
fa-fotmob-5293794,5293794,11,2,345,Sebastiaan Bornauw,2026-04-26T14:00:00+00:00,2026-04-26T17:00:00+00:00,fa-cup,False,0.0,team_exact,Semi-Finals
fa-fotmob-5293794,5293794,11,2,347,Gabriel Gudmundsson,2026-04-26T14:00:00+00:00,2026-04-26T17:00:00+00:00,fa-cup,True,90.0,team_exact,Semi-Finals
fa-fotmob-5293794,5293794,11,2,348,Joe Rodon,2026-04-26T14:00:00+00:00,2026-04-26T17:00:00+00:00,fa-cup,False,0.0,team_exact,Semi-Finals
fa-fotmob-5293794,5293794,11,2,350,Brenden Aaronson,2026-04-26T14:00:00+00:00,2026-04-26T17:00:00+00:00,fa-cup,True,90.0,team_exact,Semi-Finals
fa-fotmob-5293794,5293794,11,2,351,Wilfried Gnonto,2026-04-26T14:00:00+00:00,2026-04-26T17:00:00+00:00,fa-cup,False,0.0,team_exact,Semi-Finals
fa-fotmob-5293794,5293794,11,2,353,Daniel James,2026-04-26T14:00:00+00:00,2026-04-26T17:00:00+00:00,fa-cup,False,0.0,team_exact,Semi-Finals
fa-fotmob-5293794,5293794,11,2,354,Ethan Ampadu,2026-04-26T14:00:00+00:00,2026-04-26T17:00:00+00:00,fa-cup,True,90.0,team_exact,Semi-Finals
fa-fotmob-5293794,5293794,11,2,362,Joël Piroe,2026-04-26T14:00:00+00:00,2026-04-26T17:00:00+00:00,fa-cup,False,0.0,team_exact,Semi-Finals
fa-fotmob-5293794,5293794,11,2,365,Lukas Nmecha,2026-04-26T14:00:00+00:00,2026-04-26T17:00:00+00:00,fa-cup,False,0.0,team_exact,Semi-Finals
fa-fotmob-5293794,5293794,11,2,493,Sean Longstaff,2026-04-26T14:00:00+00:00,2026-04-26T17:00:00+00:00,fa-cup,False,0.0,team_exact,Semi-Finals
fa-fotmob-5293794,5293794,11,2,660,Anton Stach,2026-04-26T14:00:00+00:00,2026-04-26T17:00:00+00:00,fa-cup,False,0.0,team_exact,Semi-Finals
fa-fotmob-5293794,5293794,11,2,665,Lucas Perri,2026-04-26T14:00:00+00:00,2026-04-26T17:00:00+00:00,fa-cup,True,90.0,team_unique_surname,Semi-Finals
fa-fotmob-5293794,5293794,11,2,691,Dominic Calvert-Lewin,2026-04-26T14:00:00+00:00,2026-04-26T17:00:00+00:00,fa-cup,True,90.0,team_exact,Semi-Finals
fa-fotmob-5293794,5293794,11,2,698,Noah Okafor,2026-04-26T14:00:00+00:00,2026-04-26T17:00:00+00:00,fa-cup,True,90.0,team_exact,Semi-Finals
fa-fotmob-5293794,5293794,11,2,706,James Justin,2026-04-26T14:00:00+00:00,2026-04-26T17:00:00+00:00,fa-cup,True,90.0,team_exact,Semi-Finals
fa-fotmob-5315746,5315746,7,8,221,Filip Jörgensen,2026-05-16T14:00:00+00:00,2026-05-16T17:00:00+00:00,fa-cup,False,0.0,team_exact,Final
fa-fotmob-5315746,5315746,7,8,225,Reece James,2026-05-16T14:00:00+00:00,2026-05-16T17:00:00+00:00,fa-cup,True,90.0,team_exact,Final
fa-fotmob-5315746,5315746,7,8,226,Trevoh Chalobah,2026-05-16T14:00:00+00:00,2026-05-16T17:00:00+00:00,fa-cup,False,0.0,team_exact,Final
fa-fotmob-5315746,5315746,7,8,228,Malo Gusto,2026-05-16T14:00:00+00:00,2026-05-16T17:00:00+00:00,fa-cup,True,90.0,team_exact,Final
fa-fotmob-5315746,5315746,7,8,230,Wesley Fofana,2026-05-16T14:00:00+00:00,2026-05-16T17:00:00+00:00,fa-cup,True,90.0,team_exact,Final
fa-fotmob-5315746,5315746,7,8,232,Tosin Adarabioyo,2026-05-16T14:00:00+00:00,2026-05-16T17:00:00+00:00,fa-cup,False,0.0,team_exact,Final
fa-fotmob-5315746,5315746,7,8,233,Josh Acheampong,2026-05-16T14:00:00+00:00,2026-05-16T17:00:00+00:00,fa-cup,False,0.0,team_exact,Final
fa-fotmob-5315746,5315746,7,8,235,Cole Palmer,2026-05-16T14:00:00+00:00,2026-05-16T17:00:00+00:00,fa-cup,True,90.0,team_exact,Final
fa-fotmob-5315746,5315746,7,8,237,Enzo Fernández,2026-05-16T14:00:00+00:00,2026-05-16T17:00:00+00:00,fa-cup,True,90.0,team_exact,Final
fa-fotmob-5315746,5315746,7,8,246,Andrey Santos,2026-05-16T14:00:00+00:00,2026-05-16T17:00:00+00:00,fa-cup,False,0.0,team_exact,Final
fa-fotmob-5315746,5315746,7,8,249,João Pedro,2026-05-16T14:00:00+00:00,2026-05-16T17:00:00+00:00,fa-cup,True,90.0,team_exact,Final
fa-fotmob-5315746,5315746,7,8,250,Liam Delap,2026-05-16T14:00:00+00:00,2026-05-16T17:00:00+00:00,fa-cup,False,0.0,team_exact,Final
fa-fotmob-5315746,5315746,7,8,672,Jorrel Hato,2026-05-16T14:00:00+00:00,2026-05-16T17:00:00+00:00,fa-cup,True,90.0,team_exact,Final
fa-fotmob-5315746,5315746,13,43,82,Antoine Semenyo,2026-05-16T14:00:00+00:00,2026-05-16T17:00:00+00:00,fa-cup,True,90.0,team_exact,Final
fa-fotmob-5315746,5315746,13,43,182,James Trafford,2026-05-16T14:00:00+00:00,2026-05-16T17:00:00+00:00,fa-cup,True,90.0,team_exact,Final
fa-fotmob-5315746,5315746,13,43,260,Marc Guéhi,2026-05-16T14:00:00+00:00,2026-05-16T17:00:00+00:00,fa-cup,True,90.0,team_exact,Final
fa-fotmob-5315746,5315746,13,43,405,Nathan Aké,2026-05-16T14:00:00+00:00,2026-05-16T17:00:00+00:00,fa-cup,False,0.0,team_exact,Final
fa-fotmob-5315746,5315746,13,43,406,Abdukodir Khusanov,2026-05-16T14:00:00+00:00,2026-05-16T17:00:00+00:00,fa-cup,True,90.0,team_exact,Final
fa-fotmob-5315746,5315746,13,43,407,Matheus Nunes,2026-05-16T14:00:00+00:00,2026-05-16T17:00:00+00:00,fa-cup,True,90.0,team_exact,Final
fa-fotmob-5315746,5315746,13,43,409,John Stones,2026-05-16T14:00:00+00:00,2026-05-16T17:00:00+00:00,fa-cup,False,0.0,team_exact,Final
fa-fotmob-5315746,5315746,13,43,411,Nico O'Reilly,2026-05-16T14:00:00+00:00,2026-05-16T17:00:00+00:00,fa-cup,True,90.0,team_exact,Final
fa-fotmob-5315746,5315746,13,43,413,Omar Marmoush,2026-05-16T14:00:00+00:00,2026-05-16T17:00:00+00:00,fa-cup,True,90.0,team_exact,Final
fa-fotmob-5315746,5315746,13,43,414,Phil Foden,2026-05-16T14:00:00+00:00,2026-05-16T17:00:00+00:00,fa-cup,False,0.0,team_exact,Final
fa-fotmob-5315746,5315746,13,43,415,Savinho,2026-05-16T14:00:00+00:00,2026-05-16T17:00:00+00:00,fa-cup,False,0.0,team_exact,Final
fa-fotmob-5315746,5315746,13,43,417,Rayan Cherki,2026-05-16T14:00:00+00:00,2026-05-16T17:00:00+00:00,fa-cup,False,0.0,team_exact,Final
fa-fotmob-5315746,5315746,13,43,418,Jérémy Doku,2026-05-16T14:00:00+00:00,2026-05-16T17:00:00+00:00,fa-cup,True,90.0,team_exact,Final
fa-fotmob-5315746,5315746,13,43,422,Mateo Kovacic,2026-05-16T14:00:00+00:00,2026-05-16T17:00:00+00:00,fa-cup,False,0.0,team_exact,Final
fa-fotmob-5315746,5315746,13,43,427,Tijjani Reijnders,2026-05-16T14:00:00+00:00,2026-05-16T17:00:00+00:00,fa-cup,False,0.0,team_exact,Final
fa-fotmob-5315746,5315746,13,43,430,Erling Haaland,2026-05-16T14:00:00+00:00,2026-05-16T17:00:00+00:00,fa-cup,True,90.0,team_exact,Final
fa-fotmob-5315746,5315746,13,43,736,Gianluigi Donnarumma,2026-05-16T14:00:00+00:00,2026-05-16T17:00:00+00:00,fa-cup,False,0.0,team_exact,Final
