team,player,player_uuid,fpl_pos,primary_role,primary_q,primary_H,secondary_roles,all_realistic_roles,role_count_q20,gw_latest,pstart_input,flags
afc-bournemouth,Adrien Truffert,0cd772be-c8d3-5252-8b0a-47f4eeb619ac,DEF,LB,0.9353,0.995,,LB:0.94,1,38,,OK
afc-bournemouth,Marcos Senesi,a3c3b39a-01de-5b45-bc30-ba20944b56aa,DEF,LCB,0.9344,0.9783,,LCB:0.93,1,38,,OK
afc-bournemouth,Adam Smith,5e18290b-6577-5a0a-9541-c1bab3c65004,DEF,RB,0.813,0.3365,,RB:0.81,1,38,,OK
afc-bournemouth,Álex Jiménez Sánchez,102764c4-bb3d-515e-a161-665b3bc0daf5,DEF,RB,0.7807,0.621,RAM:0.14,RB:0.78; RAM:0.14,1,38,,OK
afc-bournemouth,Bafodé Diakité,0126b56d-12ca-5f44-ab39-66daa456359f,DEF,RCB,0.6419,0.1661,,RCB:0.64; LCB:0.08,1,38,,OK
afc-bournemouth,James Hill,4bc72200-ef9d-5946-9969-8e93b001acb1,DEF,RCB,0.9067,0.7833,,RCB:0.91,1,38,,OK
afc-bournemouth,Veljko Milosavljevic,d1024899-f7ef-5fdb-9ad0-62b5c6b72bd5,DEF,RCB,0.4111,0.0506,,RCB:0.41,1,38,,OK
afc-bournemouth,Chris Mepham,d78f4914-c91a-5304-b99a-7fb62e3cae80,DEF,UNKNOWN,0.0,0.0,,,0,38,,UNKNOWN_ROLE|LOW_PRIMARY_Q|LOW_ROLE_EVIDENCE
afc-bournemouth,Illia Zabarnyi,181a8851-38f6-5860-81d4-fa120c303791,DEF,UNKNOWN,0.0,0.0,,,0,38,,UNKNOWN_ROLE|LOW_PRIMARY_Q|LOW_ROLE_EVIDENCE
afc-bournemouth,Julio Soler,464c329c-f48d-5c66-a598-3b786656039d,DEF,UNKNOWN,0.0,0.0,,,0,38,,UNKNOWN_ROLE|LOW_PRIMARY_Q|LOW_ROLE_EVIDENCE
afc-bournemouth,Julián Araujo Zúñiga,3e61580c-5a6e-5b01-ae61-bbe1bd176448,DEF,UNKNOWN,0.0,0.0,,,0,38,,UNKNOWN_ROLE|LOW_PRIMARY_Q|LOW_ROLE_EVIDENCE
afc-bournemouth,Matai Akinmboni,593f130c-029a-519e-99b2-2efbad8db85c,DEF,UNKNOWN,0.0,0.0,,,0,38,,UNKNOWN_ROLE|LOW_PRIMARY_Q|LOW_ROLE_EVIDENCE
afc-bournemouth,Owen Bevan,ebb0047c-1d74-5500-9b6f-bfcf1f4850fa,DEF,UNKNOWN,0.0,0.0,,,0,38,,UNKNOWN_ROLE|LOW_PRIMARY_Q|LOW_ROLE_EVIDENCE
afc-bournemouth,Junior Kroupi,c0582007-f657-5440-9f24-83c1666418bb,FWD,CAM,0.6967,0.5367,ST:0.13,CAM:0.70; ST:0.13; LAM:0.08,1,38,,OK
afc-bournemouth,Francisco Evanilson de Lima Barbosa,fb26090c-51ee-5620-9b67-0dad993b3242,FWD,ST,0.9208,0.89,,ST:0.92,1,38,,OK
afc-bournemouth,Daniel Adu-Adjei,fa056e15-7491-5ea6-b5b9-9272ccb67279,FWD,UNKNOWN,0.0,0.0,,,0,38,,UNKNOWN_ROLE|LOW_PRIMARY_Q|LOW_ROLE_EVIDENCE
afc-bournemouth,Enes Ünal,bc22dc55-e6f1-5652-865d-afc8b20050e9,FWD,UNKNOWN,0.0,0.0,,,0,38,,UNKNOWN_ROLE|LOW_PRIMARY_Q|LOW_ROLE_EVIDENCE
afc-bournemouth,Đorđe Petrović,aec63649-ffe1-5e88-829b-d1e462e7e679,GK,GK,1.0,0.995,,GK:1.00,1,38,,OK
afc-bournemouth,Alex Paulsen,a96d53d3-d160-52b6-99b3-674b5732caf9,GK,UNKNOWN,0.0,0.0,,,0,38,,UNKNOWN_ROLE|LOW_PRIMARY_Q|LOW_ROLE_EVIDENCE
afc-bournemouth,Callan McKenna,e5113eeb-009b-5c03-912e-73d28bc314d1,GK,UNKNOWN,0.0,0.0,,,0,38,,UNKNOWN_ROLE|LOW_PRIMARY_Q|LOW_ROLE_EVIDENCE
afc-bournemouth,Christos Mandas,46aa1f65-58cf-5336-a5b9-987fec584086,GK,UNKNOWN,0.0,0.0,,,0,38,,UNKNOWN_ROLE|LOW_PRIMARY_Q|LOW_ROLE_EVIDENCE
afc-bournemouth,Fraser Forster,3ab94b43-d375-5807-9666-7c419c15fd62,GK,UNKNOWN,0.0,0.0,,,0,38,,UNKNOWN_ROLE|LOW_PRIMARY_Q|LOW_ROLE_EVIDENCE
afc-bournemouth,Norberto Murara Neto,a7cb351a-4afd-594f-b568-de92320223cd,GK,UNKNOWN,0.0,0.0,,,0,38,,UNKNOWN_ROLE|LOW_PRIMARY_Q|LOW_ROLE_EVIDENCE
afc-bournemouth,Will Dennis,eb7cb920-43c6-5bd3-aa05-8d063bd39e11,GK,UNKNOWN,0.0,0.0,,,0,38,,UNKNOWN_ROLE|LOW_PRIMARY_Q|LOW_ROLE_EVIDENCE
afc-bournemouth,Alex Tóth,9b794fd2-1f1b-52a8-bb5e-459a0ac2702e,MID,CAM,0.2667,0.0396,,CAM:0.27,1,38,,LOW_PRIMARY_Q
afc-bournemouth,Justin Kluivert,6f535252-3c34-5ef4-9e4b-fee2b978a96c,MID,CAM,0.6465,0.151,,CAM:0.65,1,38,,OK
afc-bournemouth,Amine Adli,e51ce209-cf65-5a91-b162-98b8d46e6d71,MID,LAM,0.6795,0.2293,,LAM:0.68; RAM:0.10,1,38,,OK
afc-bournemouth,Antoine Semenyo,66ce5aaa-c0e9-5462-8a78-fae312616872,MID,LAM,0.6796,0.6905,RAM:0.20,LAM:0.68; RAM:0.20,1,21,,OK
afc-bournemouth,Marcus Tavernier,8ddc00f8-7aec-56e5-a5ba-d916b5ee5129,MID,LAM,0.4343,0.3745,CAM:0.24; RAM:0.13,LAM:0.43; CAM:0.24; RAM:0.13; RDM:0.07,2,38,,MULTI_ROLE
afc-bournemouth,Lewis Cook,6caa4dfe-3a1a-5c7f-84ef-7342cdfb5745,MID,LDM,0.4915,0.1273,RDM:0.21,LDM:0.49; RDM:0.21; RB:0.06,2,38,,MULTI_ROLE
afc-bournemouth,Ryan Christie,a64b9087-3727-58f9-8f2f-95b904b936bf,MID,LDM,0.8117,0.4019,,LDM:0.81,1,38,,OK
afc-bournemouth,Tyler Adams,0f8b78a8-3315-50f5-8b1d-435ce1fc41ac,MID,LDM,0.4926,0.2458,RDM:0.32,LDM:0.49; RDM:0.32,2,38,,MULTI_ROLE
afc-bournemouth,David Brooks,712d8210-33f4-517b-8ca4-275cccea49a1,MID,RAM,0.4637,0.139,LAM:0.21,RAM:0.46; LAM:0.21,2,38,,MULTI_ROLE
afc-bournemouth,Rayan Vitor Simplício Rocha,0832a3fd-b90b-54b3-8f2a-3ce07cc7b6bc,MID,RAM,0.8157,0.524,,RAM:0.82; LAM:0.08,1,38,,OK
afc-bournemouth,Alex Scott,559670b7-3af4-5c20-8ab5-783da9a99601,MID,RDM,0.7211,0.7207,LDM:0.16,RDM:0.72; LDM:0.16,1,38,,OK
afc-bournemouth,Ben Doak,483f8101-061d-5046-bf3f-4b213da9d8c0,MID,UNKNOWN,0.0,0.0,,,0,38,,UNKNOWN_ROLE|LOW_PRIMARY_Q|LOW_ROLE_EVIDENCE
afc-bournemouth,Ben Winterburn,8dce8133-b0b0-59f5-ade1-2292ed543482,MID,UNKNOWN,0.0,0.0,,,0,38,,UNKNOWN_ROLE|LOW_PRIMARY_Q|LOW_ROLE_EVIDENCE
afc-bournemouth,Charlie Stevens,a6bdefcf-d1cc-5cf5-b107-5db1175ae6d7,MID,UNKNOWN,0.0,0.0,,,0,38,,UNKNOWN_ROLE|LOW_PRIMARY_Q|LOW_ROLE_EVIDENCE
afc-bournemouth,Dominic Sadi,f2384d23-40fc-571b-be81-f06bf589e501,MID,UNKNOWN,0.0,0.0,,,0,38,,UNKNOWN_ROLE|LOW_PRIMARY_Q|LOW_ROLE_EVIDENCE
afc-bournemouth,Hamed Traorè,909664fe-31c5-508a-9d41-cef85b23ba93,MID,UNKNOWN,0.0,0.0,,,0,38,,UNKNOWN_ROLE|LOW_PRIMARY_Q|LOW_ROLE_EVIDENCE
afc-bournemouth,Luis Sinisterra Lucumí,86d0010e-673c-5965-9b92-c376e3c2d6bb,MID,UNKNOWN,0.0,0.0,,,0,38,,UNKNOWN_ROLE|LOW_PRIMARY_Q|LOW_ROLE_EVIDENCE
afc-bournemouth,Malcom DaCosta,8d9c6042-8350-5012-a4f8-d49d969cb337,MID,UNKNOWN,0.0,0.0,,,0,38,,UNKNOWN_ROLE|LOW_PRIMARY_Q|LOW_ROLE_EVIDENCE
afc-bournemouth,Philip Billing,7cb988ef-4744-5ce3-98cc-c754ea7e1140,MID,UNKNOWN,0.0,0.0,,,0,38,,UNKNOWN_ROLE|LOW_PRIMARY_Q|LOW_ROLE_EVIDENCE
afc-bournemouth,Remy Rees-Dottin,9530e952-b482-54f0-b009-1c37b1deac4b,MID,UNKNOWN,0.0,0.0,,,0,38,,UNKNOWN_ROLE|LOW_PRIMARY_Q|LOW_ROLE_EVIDENCE
afc-bournemouth,Romain Faivre,a53c733c-fb3d-55f5-9802-cbc27c0120a1,MID,UNKNOWN,0.0,0.0,,,0,38,,UNKNOWN_ROLE|LOW_PRIMARY_Q|LOW_ROLE_EVIDENCE
afc-bournemouth,Zain Silcott-Duberry,008d2c76-fdd2-5900-b0a7-76f161624033,MID,UNKNOWN,0.0,0.0,,,0,38,,UNKNOWN_ROLE|LOW_PRIMARY_Q|LOW_ROLE_EVIDENCE
arsenal,Piero Hincapié,985b9a31-a1a8-56e4-8ff5-61888deeb760,DEF,LB,0.7229,0.4446,LCB:0.17,LB:0.72; LCB:0.17,1,38,,OK
arsenal,Riccardo Calafiori,fa80a3f3-4a6b-5450-b9b2-8a68571a21a4,DEF,LB,0.8432,0.4477,,LB:0.84,1,38,,OK
arsenal,Gabriel dos Santos Magalhães,291c5e04-2c65-573a-9493-d704d3de79de,DEF,LCB,0.928,0.8766,,LCB:0.93,1,38,,OK
arsenal,Myles Lewis-Skelly,8bac1cb7-1c33-563a-9137-8a394efb10f5,DEF,LDM,0.4984,0.1341,LB:0.26,LDM:0.50; LB:0.26,2,38,,MULTI_ROLE
arsenal,Benjamin White,b6572497-1067-596a-a218-6e465214dcc8,DEF,RB,0.7836,0.3182,,RB:0.78,1,38,,OK
arsenal,Cristhian Mosquera,b565eaae-40d9-5a94-8063-106bd85084b9,DEF,RB,0.4205,0.131,RCB:0.35,RB:0.42; RCB:0.35,2,38,,MULTI_ROLE
arsenal,Jurriën Timber,77962072-d0d7-5304-8c20-9a75adfd2936,DEF,RB,0.7934,0.5249,,RB:0.79; RCB:0.06,1,38,,OK
arsenal,William Saliba,33f66c9a-ce45-5380-86e0-7903760138c9,DEF,RCB,0.9069,0.8336,,RCB:0.91,1,38,,OK
arsenal,Brayden Clarke,53f79086-b75b-5e77-bf4d-083e306c86f8,DEF,UNKNOWN,0.0,0.0,,,0,38,,UNKNOWN_ROLE|LOW_PRIMARY_Q|LOW_ROLE_EVIDENCE
arsenal,Jakub Kiwior,703fb4f9-8d03-5326-a00f-f86e171d6e05,DEF,UNKNOWN,0.0,0.0,,,0,38,,UNKNOWN_ROLE|LOW_PRIMARY_Q|LOW_ROLE_EVIDENCE
arsenal,Josh Nichols,29956348-fac8-5e91-9982-9c49cd82dcb9,DEF,UNKNOWN,0.0,0.0,,,0,38,,UNKNOWN_ROLE|LOW_PRIMARY_Q|LOW_ROLE_EVIDENCE
arsenal,Maldini Kacurri,0d3d9bb7-74e6-5cfb-b634-4f3c4989e24e,DEF,UNKNOWN,0.0,0.0,,,0,38,,UNKNOWN_ROLE|LOW_PRIMARY_Q|LOW_ROLE_EVIDENCE
arsenal,Marli Salmon,4e7e2452-fc18-56ea-affd-727b7b8276b6,DEF,UNKNOWN,0.0,0.0,,,0,38,,UNKNOWN_ROLE|LOW_PRIMARY_Q|LOW_ROLE_EVIDENCE
arsenal,Gabriel Fernando de Jesus,1a956dd6-5231-5dd8-954b-7236c855bc20,FWD,ST,0.3772,0.0645,,ST:0.38,1,38,,LOW_PRIMARY_Q
arsenal,Kai Havertz,ef53aa3a-f5fe-5a12-9743-66a2adc7f069,FWD,ST,0.5452,0.2348,CAM:0.17,ST:0.55; CAM:0.17; RCM:0.09,1,38,,OK
arsenal,Viktor Gyökeres,234cf75e-2a33-5c20-84e6-e2da37e6e93e,FWD,ST,0.8862,0.6266,,ST:0.89,1,38,,OK
arsenal,David Raya Martin,9ac55e79-9cb2-5ac5-ae8c-6a2ebd620277,GK,GK,1.0,0.995,,GK:1.00,1,38,,OK
arsenal,Karl Hein,9f85ef17-226f-529f-aa02-602567d75521,GK,UNKNOWN,0.0,0.0,,,0,38,,UNKNOWN_ROLE|LOW_PRIMARY_Q|LOW_ROLE_EVIDENCE
arsenal,Kepa Arrizabalaga,eeb9fc59-f254-555c-b473-e81a697d50ea,GK,UNKNOWN,0.0,0.0,,,0,38,,UNKNOWN_ROLE|LOW_PRIMARY_Q|LOW_ROLE_EVIDENCE
arsenal,Tommy Setford,bb3b8274-9ec6-590d-960b-7359ace76c10,GK,UNKNOWN,0.0,0.0,,,0,38,,UNKNOWN_ROLE|LOW_PRIMARY_Q|LOW_ROLE_EVIDENCE
arsenal,Eberechi Eze,79caa72c-19b1-5ed2-9eea-49bec88916b3,MID,CAM,0.5414,0.3621,LW:0.16; LCM:0.12,CAM:0.54; LW:0.16; LCM:0.12; RCM:0.08,1,38,,OK
arsenal,Martín Zubimendi Ibáñez,7844404e-dd2c-5f68-9390-675ab60be346,MID,CM,0.4964,0.4255,RDM:0.42,CM:0.50; RDM:0.42,2,38,,MULTI_ROLE
arsenal,Gabriel Martinelli Silva,4a30d43b-d2c4-514a-8544-4ba07f51e68a,MID,LAM,0.4218,0.1335,LW:0.30,LAM:0.42; LW:0.30,2,38,,MULTI_ROLE
arsenal,Leandro Trossard,0f08cbfd-21a3-57ae-9b9f-8692d62a6a24,MID,LAM,0.4736,0.3018,LW:0.42,LAM:0.47; LW:0.42,2,38,,MULTI_ROLE
arsenal,Declan Rice,a8d1cfeb-4f1e-53fc-a90a-4610ccf746c6,MID,LCM,0.378,0.374,LDM:0.35; RDM:0.11,LCM:0.38; LDM:0.35; RDM:0.11; CM:0.08,2,38,,LOW_PRIMARY_Q|MULTI_ROLE
arsenal,Bukayo Saka,4c3f279c-cb21-57c6-9d58-3decef97625e,MID,RAM,0.4492,0.3345,RW:0.41,RAM:0.45; RW:0.41,2,38,,MULTI_ROLE
arsenal,Martin Ødegaard,fef527c5-6c7c-57b6-9192-f9347f34904a,MID,RCM,0.8411,0.3888,,RCM:0.84,1,38,,OK
arsenal,Noni Madueke,70c234df-f148-59b3-b1f9-6d390e9cf562,MID,RW,0.4413,0.231,RAM:0.28,RW:0.44; RAM:0.28; LAM:0.10,2,38,,MULTI_ROLE
arsenal,Mikel Merino,8901f1b0-9efa-5490-859d-c7c80fe69b52,MID,ST,0.3461,0.0742,LCM:0.25,ST:0.35; LCM:0.25; RCM:0.07,2,38,,LOW_PRIMARY_Q|MULTI_ROLE
arsenal,Albert Sambi Lokonga,243f9c2e-b8f4-53d0-af55-74882ba4580b,MID,UNKNOWN,0.0,0.0,,,0,38,,UNKNOWN_ROLE|LOW_PRIMARY_Q|LOW_ROLE_EVIDENCE
arsenal,Andre Harriman-Annous,a59c8c73-081c-5af5-b38a-63728986d689,MID,UNKNOWN,0.0,0.0,,,0,38,,UNKNOWN_ROLE|LOW_PRIMARY_Q|LOW_ROLE_EVIDENCE
arsenal,Christian Nørgaard,47160bb8-b2e7-5eb8-8ca4-64757268e9ba,MID,UNKNOWN,0.0,0.0,,,0,38,,UNKNOWN_ROLE|LOW_PRIMARY_Q|LOW_ROLE_EVIDENCE
arsenal,Ethan Nwaneri,e56ccbdf-4f96-5baa-8699-639841e474cf,MID,UNKNOWN,0.0,0.0,,,0,38,,UNKNOWN_ROLE|LOW_PRIMARY_Q|LOW_ROLE_EVIDENCE
arsenal,Fábio Ferreira Vieira,70245325-9bbb-54d2-9b6b-e05fbcd8bb71,MID,UNKNOWN,0.0,0.0,,,0,38,,UNKNOWN_ROLE|LOW_PRIMARY_Q|LOW_ROLE_EVIDENCE
arsenal,Ismeal Kabia,a8b3a441-1675-58e1-8c43-6db19800fa7a,MID,UNKNOWN,0.0,0.0,,,0,38,,UNKNOWN_ROLE|LOW_PRIMARY_Q|LOW_ROLE_EVIDENCE
arsenal,Max Dowman,3bb649d5-6bd9-5f6f-ab96-003ed40fb0e5,MID,UNKNOWN,0.0,0.0,,,0,38,,UNKNOWN_ROLE|LOW_PRIMARY_Q|LOW_ROLE_EVIDENCE
aston-villa,Ian Maatsen,359bea2a-202d-5b9f-be77-415683313cef,DEF,LB,0.8672,0.4945,,LB:0.87,1,38,,OK
aston-villa,Lucas Digne,b4f928ae-7ba3-580f-98d8-aafd811dfc4b,DEF,LB,0.8714,0.5055,,LB:0.87,1,38,,OK
aston-villa,Pau Torres,d66fa01c-cc13-5ddf-bec4-31c90df4cade,DEF,LCB,0.8706,0.4651,,LCB:0.87,1,38,,OK
aston-villa,Tyrone Mings,0af685cb-5dfb-5870-a8e7-c5f8568a71ad,DEF,LCB,0.8443,0.4088,,LCB:0.84,1,38,,OK
aston-villa,Victor Lindelöf,cb53d8d9-b190-5b1f-adab-60f5562d5d10,DEF,LCB,0.3132,0.1261,RCB:0.30; RDM:0.24,LCB:0.31; RCB:0.30; RDM:0.24,3,38,,LOW_PRIMARY_Q|MULTI_ROLE
aston-villa,Matty Cash,2dc07ee0-9e62-54c5-a6ce-b50249434b2d,DEF,RB,0.9266,0.8949,,RB:0.93,1,38,,OK
aston-villa,Ezri Konsa Ngoyo,3ec8e07c-7a46-5230-8927-d222d0ffa7dd,DEF,RCB,0.9275,0.8675,,RCB:0.93,1,38,,OK
aston-villa,Lamare Bogarde,c462a624-2653-5229-87c5-bd5b685f0e3c,DEF,RDM,0.4417,0.164,RB:0.30,RDM:0.44; RB:0.30; LDM:0.08,2,38,,MULTI_ROLE
aston-villa,Alexandre Moreno Lopera,df661983-7efb-5039-9382-a6bb05a46fca,DEF,UNKNOWN,0.0,0.0,,,0,38,,UNKNOWN_ROLE|LOW_PRIMARY_Q|LOW_ROLE_EVIDENCE
aston-villa,Andrés García,958d771e-00a9-59f9-a094-b799d8712588,DEF,UNKNOWN,0.0,0.0,,,0,38,,UNKNOWN_ROLE|LOW_PRIMARY_Q|LOW_ROLE_EVIDENCE
aston-villa,Leon Routh,a4798308-8b08-58ce-bee3-f8f992c39433,DEF,UNKNOWN,0.0,0.0,,,0,38,,UNKNOWN_ROLE|LOW_PRIMARY_Q|LOW_ROLE_EVIDENCE
aston-villa,Lino Sousa,c3bdffac-23a6-5dc0-afbc-2dac9debaaec,DEF,UNKNOWN,0.0,0.0,,,0,38,,UNKNOWN_ROLE|LOW_PRIMARY_Q|LOW_ROLE_EVIDENCE
aston-villa,TJ Carroll,911a6c24-cbd6-51b5-a0e6-63141da5941a,DEF,UNKNOWN,0.0,0.0,,,0,38,,UNKNOWN_ROLE|LOW_PRIMARY_Q|LOW_ROLE_EVIDENCE
aston-villa,Travis Patterson,a465fc20-4efd-5bc6-8425-d03b549097a3,DEF,UNKNOWN,0.0,0.0,,,0,38,,UNKNOWN_ROLE|LOW_PRIMARY_Q|LOW_ROLE_EVIDENCE
aston-villa,Triston Rowe,a77f0bd7-b9b5-51f5-af70-c69a28ce9a92,DEF,UNKNOWN,0.0,0.0,,,0,38,,UNKNOWN_ROLE|LOW_PRIMARY_Q|LOW_ROLE_EVIDENCE
aston-villa,Yasin Özcan,ff6ac8b3-f76c-56db-8744-bf4a56390581,DEF,UNKNOWN,0.0,0.0,,,0,38,,UNKNOWN_ROLE|LOW_PRIMARY_Q|LOW_ROLE_EVIDENCE
aston-villa,Ollie Watkins,a46d13d4-ea9c-563c-80b3-0e4a2e2883b8,FWD,ST,0.9199,0.8484,,ST:0.92,1,38,,OK
aston-villa,Tammy Abraham,5dd58b2f-23b6-55e3-b59d-5617a42d6de1,FWD,ST,0.5194,0.0972,,ST:0.52,1,38,,OK
aston-villa,Zépiqueno Redmond,89ce4151-856a-5f41-95d3-f389f8485b67,FWD,UNKNOWN,0.0,0.0,,,0,38,,UNKNOWN_ROLE|LOW_PRIMARY_Q|LOW_ROLE_EVIDENCE
aston-villa,Emiliano Martínez Romero,db76d454-818a-5043-8d04-22e24f696027,GK,GK,1.0,0.8984,,GK:1.00,1,38,,OK
aston-villa,Marco Bizot,91321184-4f36-5c7d-80ee-090e5416c822,GK,GK,1.0,0.1016,,GK:1.00,1,38,,OK
aston-villa,Filip Marschall,403473dc-0639-5520-b946-3672b4d2eb76,GK,UNKNOWN,0.0,0.0,,,0,38,,UNKNOWN_ROLE|LOW_PRIMARY_Q|LOW_ROLE_EVIDENCE
aston-villa,James Wright,a5e88d98-0294-52ef-9968-f81bd1db5d39,GK,UNKNOWN,0.0,0.0,,,0,38,,UNKNOWN_ROLE|LOW_PRIMARY_Q|LOW_ROLE_EVIDENCE
aston-villa,Joe Gauci,bd5307f1-09ef-54fa-a533-e5a4d61dba38,GK,UNKNOWN,0.0,0.0,,,0,38,,UNKNOWN_ROLE|LOW_PRIMARY_Q|LOW_ROLE_EVIDENCE
aston-villa,Ronnie Hollingshead,4eff34eb-4869-5c38-bfd5-d8fdac31cd65,GK,UNKNOWN,0.0,0.0,,,0,38,,UNKNOWN_ROLE|LOW_PRIMARY_Q|LOW_ROLE_EVIDENCE
aston-villa,Sam Proctor,a0358c69-0ee6-5665-8e69-284ac90e79e2,GK,UNKNOWN,0.0,0.0,,,0,38,,UNKNOWN_ROLE|LOW_PRIMARY_Q|LOW_ROLE_EVIDENCE
aston-villa,Harvey Elliott,c3ed1064-989c-5d91-badd-450b776d7aa2,MID,CAM,0.1023,0.015,,CAM:0.10,0,38,,LOW_PRIMARY_Q
aston-villa,Morgan Rogers,77f6a9da-b2d4-5034-84c5-2580945368b8,MID,CAM,0.4418,0.4515,LAM:0.41,CAM:0.44; LAM:0.41,2,38,,MULTI_ROLE
aston-villa,Ross Barkley,7a546fa7-fe3d-5862-a0fc-4542c4583e9e,MID,CAM,0.5899,0.2336,LDM:0.22,CAM:0.59; LDM:0.22,2,38,,MULTI_ROLE
aston-villa,Emiliano Buendía Stati,c200ab96-c995-5e7a-a713-5bac0dc5b3fa,MID,LAM,0.759,0.4747,,LAM:0.76; CAM:0.06; LW:0.06,1,38,,OK
aston-villa,Douglas Luiz Soares de Paulo,75f6d292-641f-53ef-a822-a86d1d9c8086,MID,LDM,0.6045,0.1812,RDM:0.13,LDM:0.60; RDM:0.13,1,38,,OK
aston-villa,Youri Tielemans,b95b9e81-9894-50ab-b2de-c2234cfde8c6,MID,LDM,0.7518,0.5013,CAM:0.10,LDM:0.75; CAM:0.10; LCM:0.05,1,38,,OK
aston-villa,Evann Guessand,5cde41a6-f4dd-545d-93c5-e931c1be6f72,MID,RAM,0.5926,0.161,,RAM:0.59; LAM:0.07,1,24,,OK
aston-villa,Jadon Sancho,08c10373-3236-58f3-8488-9bc9fad8dfde,MID,RAM,0.7808,0.3102,,RAM:0.78,1,38,,OK
aston-villa,John McGinn,3f25f3e8-deb4-5121-abaf-e0c9f890735f,MID,RAM,0.6338,0.4443,CAM:0.16,RAM:0.63; CAM:0.16; RW:0.05,1,38,,OK
aston-villa,Leon Bailey,fc551cf2-132e-5dac-a9b5-aaeb090b32b5,MID,RAM,0.4505,0.0815,,RAM:0.45,1,38,,OK
aston-villa,Amadou Onana,492c6463-bf4e-50f7-a6c1-23e8693ceea0,MID,RDM,0.6973,0.4176,LDM:0.17,RDM:0.70; LDM:0.17,1,38,,OK
aston-villa,Boubacar Kamara,4fd83b82-ea8a-5022-96ec-5b210b9695b8,MID,RDM,0.56,0.1689,RCM:0.16,RDM:0.56; RCM:0.16; LDM:0.07,1,38,,OK
aston-villa,Donyell Malen,d837c631-a257-5737-bc4d-ffd7f2b0021b,MID,ST,0.36,0.0576,,ST:0.36; RAM:0.08,1,38,,LOW_PRIMARY_Q
aston-villa,Alysson Edward Franco da Rocha dos Santos,78a5fb9b-0cc3-5ca8-9c14-4b1df8bc2701,MID,UNKNOWN,0.0,0.0,,,0,38,,UNKNOWN_ROLE|LOW_PRIMARY_Q|LOW_ROLE_EVIDENCE
aston-villa,Ben Broggio,776ca00b-064f-5962-b13e-39b9ecc19565,MID,UNKNOWN,0.0,0.0,,,0,38,,UNKNOWN_ROLE|LOW_PRIMARY_Q|LOW_ROLE_EVIDENCE
aston-villa,Bradley Burrowes,f9c97a6f-e17d-5698-8c75-c663ad76efc9,MID,UNKNOWN,0.0,0.0,,,0,38,,UNKNOWN_ROLE|LOW_PRIMARY_Q|LOW_ROLE_EVIDENCE
aston-villa,Enzo Barrenechea,6e6140a4-aa53-53d9-8294-65bcc27fb797,MID,UNKNOWN,0.0,0.0,,,0,38,,UNKNOWN_ROLE|LOW_PRIMARY_Q|LOW_ROLE_EVIDENCE
aston-villa,George Hemmings,c99bcd9a-7c5c-5af7-a7b7-c656aaa7b5c0,MID,UNKNOWN,0.0,0.0,,,0,38,,UNKNOWN_ROLE|LOW_PRIMARY_Q|LOW_ROLE_EVIDENCE
aston-villa,Jamaldeen Jimoh,10bf80fe-07e5-553b-a3ee-42780a276766,MID,UNKNOWN,0.0,0.0,,,0,38,,UNKNOWN_ROLE|LOW_PRIMARY_Q|LOW_ROLE_EVIDENCE
aston-villa,Kadan Young,bcc6a105-7ef3-5eb5-9726-42cc4774fab6,MID,UNKNOWN,0.0,0.0,,,0,38,,UNKNOWN_ROLE|LOW_PRIMARY_Q|LOW_ROLE_EVIDENCE
aston-villa,Leander Dendoncker,6ab4d1ec-2347-5b21-a77c-9c1c7d979f72,MID,UNKNOWN,0.0,0.0,,,0,38,,UNKNOWN_ROLE|LOW_PRIMARY_Q|LOW_ROLE_EVIDENCE
aston-villa,Lewis Dobbin,6517ec6b-b699-5e53-b78b-8bbbcce330f1,MID,UNKNOWN,0.0,0.0,,,0,38,,UNKNOWN_ROLE|LOW_PRIMARY_Q|LOW_ROLE_EVIDENCE
aston-villa,Samuel Iling-Junior,0149b1c8-68c4-54bd-8de0-efa8eb1f3390,MID,UNKNOWN,0.0,0.0,,,0,38,,UNKNOWN_ROLE|LOW_PRIMARY_Q|LOW_ROLE_EVIDENCE
brentford,Ethan Pinnock,2a5fa9ad-82a2-52c4-bba0-61a641eb0d07,DEF,CB,0.4361,0.0559,LCB:0.12,CB:0.44; LCB:0.12,1,38,,OK
brentford,Aaron Hickey,e9e9ef49-852e-55b1-9544-097415eb392b,DEF,LB,0.3015,0.078,LCM:0.24; RB:0.11,LB:0.30; LCM:0.24; RB:0.11; LWB:0.06,2,38,,LOW_PRIMARY_Q|MULTI_ROLE
brentford,Keane Lewis-Potter,c5c12262-4fce-5d62-89d5-5e4ae2679565,DEF,LB,0.561,0.3664,LAM:0.10,LB:0.56; LAM:0.10; LWB:0.10; RAM:0.09; RW:0.06,1,38,,OK
brentford,Rico Henry,04c00d3c-a507-5c56-8464-e17ca313c99d,DEF,LB,0.7926,0.3486,,LB:0.79,1,38,,OK
brentford,Nathan Collins,bb04fd88-02f4-5b58-a126-01b07e773bd8,DEF,LCB,0.738,0.6448,RCB:0.17,LCB:0.74; RCB:0.17,1,38,,OK
brentford,Michael Kayode,68341849-eb35-5296-a270-848df8393917,DEF,RB,0.8485,0.8702,,RB:0.85; RWB:0.09,1,38,,OK
brentford,Kristoffer Ajer,0fc3de1a-eecc-53a7-b727-451560c890d1,DEF,RCB,0.7902,0.4708,,RCB:0.79; LB:0.10,1,38,,OK
brentford,Sepp van den Berg,3dabd7b1-0f28-5272-86ae-4c5392e1aa45,DEF,RCB,0.4812,0.3769,LCB:0.42,RCB:0.48; LCB:0.42,2,38,,MULTI_ROLE
brentford,Benjamin Arthur,5b43c35a-b3de-551b-9414-8d197b694796,DEF,UNKNOWN,0.0,0.0,,,0,38,,UNKNOWN_ROLE|LOW_PRIMARY_Q|LOW_ROLE_EVIDENCE
brentford,Benjamin Fredrick,64ea5a0c-6a53-55f2-ae6f-2b9d19c3ef4c,DEF,UNKNOWN,0.0,0.0,,,0,38,,UNKNOWN_ROLE|LOW_PRIMARY_Q|LOW_ROLE_EVIDENCE
brentford,Conor McManus,84a81438-2d6f-5b57-9f53-a19eb89da5ec,DEF,UNKNOWN,0.0,0.0,,,0,38,,UNKNOWN_ROLE|LOW_PRIMARY_Q|LOW_ROLE_EVIDENCE
brentford,Jayden Meghoma,1f00be1d-f337-5d52-8681-3b0fa688f138,DEF,UNKNOWN,0.0,0.0,,,0,38,,UNKNOWN_ROLE|LOW_PRIMARY_Q|LOW_ROLE_EVIDENCE
brentford,Ji-Soo Kim,4529cc9c-0d9e-5c75-9cdb-c96823dbb4bb,DEF,UNKNOWN,0.0,0.0,,,0,38,,UNKNOWN_ROLE|LOW_PRIMARY_Q|LOW_ROLE_EVIDENCE
brentford,Joshua Stephenson,a6ed8ddf-dbbe-57e0-85cb-f4de4f26a559,DEF,UNKNOWN,0.0,0.0,,,0,38,,UNKNOWN_ROLE|LOW_PRIMARY_Q|LOW_ROLE_EVIDENCE
brentford,Mads Roerslev Rasmussen,a99d4078-6d91-5523-9b16-44a8f956825f,DEF,UNKNOWN,0.0,0.0,,,0,38,,UNKNOWN_ROLE|LOW_PRIMARY_Q|LOW_ROLE_EVIDENCE
brentford,Ollie Shield,bb2b3164-02e8-5f8e-a60c-627d9ed7a85b,DEF,UNKNOWN,0.0,0.0,,,0,38,,UNKNOWN_ROLE|LOW_PRIMARY_Q|LOW_ROLE_EVIDENCE
brentford,Igor Thiago Nascimento Rodrigues,a23baf91-ec47-50be-b8ff-f71c64818005,FWD,ST,0.9343,0.9742,,ST:0.93,1,38,,OK
brentford,Iwan Morgan,bacd8263-8eeb-5ef3-b645-49a241fa83d9,FWD,UNKNOWN,0.0,0.0,,,0,38,,UNKNOWN_ROLE|LOW_PRIMARY_Q|LOW_ROLE_EVIDENCE
brentford,Kaye Furo,f7819d5a-97b7-5cd3-b00d-4a24f02de6d0,FWD,UNKNOWN,0.0,0.0,,,0,38,,UNKNOWN_ROLE|LOW_PRIMARY_Q|LOW_ROLE_EVIDENCE
brentford,Caoimhin Kelleher,3cfeb2a8-cad5-5980-9946-aecc5eb2b011,GK,GK,1.0,0.9545,,GK:1.00,1,38,,OK
brentford,Hákon Valdimarsson,2f4a5cd6-8238-5ff2-9cac-0239ae561506,GK,GK,1.0,0.0455,,GK:1.00,1,38,,OK
brentford,Ellery Balcombe,4bebf70a-f9d7-55fe-8796-9a275b3e9028,GK,UNKNOWN,0.0,0.0,,,0,38,,UNKNOWN_ROLE|LOW_PRIMARY_Q|LOW_ROLE_EVIDENCE
brentford,Julian Eyestone,55869120-1b6d-5919-931f-3dde3bca7732,GK,UNKNOWN,0.0,0.0,,,0,38,,UNKNOWN_ROLE|LOW_PRIMARY_Q|LOW_ROLE_EVIDENCE
brentford,Matthew Cox,dea74422-f842-5f22-bd36-3db6e8fed901,GK,UNKNOWN,0.0,0.0,,,0,38,,UNKNOWN_ROLE|LOW_PRIMARY_Q|LOW_ROLE_EVIDENCE
brentford,Antoni Milambo,dc426f23-df1b-5d0d-9706-56cdf33051e4,MID,CAM,0.0876,0.0129,,CAM:0.09,0,38,,LOW_PRIMARY_Q
brentford,Mikkel Damsgaard,f10b2a81-0b74-578a-872a-ded3a4da9ea0,MID,CAM,0.6422,0.4852,LAM:0.11,CAM:0.64; LAM:0.11; LW:0.08; LCM:0.08,1,38,,OK
brentford,Fábio Freitas Gouveia Carvalho,4cf06c6b-b8c9-5159-90b0-88803e09c4a1,MID,LAM,0.1224,0.0126,,LAM:0.12,0,38,,LOW_PRIMARY_Q
brentford,Kevin Schade,e4c8a2d7-919b-5751-8fe8-5d4c55df8256,MID,LAM,0.6452,0.5459,ST:0.18,LAM:0.65; ST:0.18; LW:0.09,1,38,,OK
brentford,Mathias Jensen,e5d36ad0-dba5-56c7-a5d2-b091b2fa1b0d,MID,LDM,0.3738,0.3236,CAM:0.26; RCM:0.14,LDM:0.37; CAM:0.26; RCM:0.14; LCM:0.08; RAM:0.08,2,38,,LOW_PRIMARY_Q|MULTI_ROLE
brentford,Vitaly Janelt,1ef77ed3-fd32-5bdb-aa75-d9414ac14df0,MID,LDM,0.7184,0.334,CM:0.13,LDM:0.72; CM:0.13,1,38,,OK
brentford,Dango Ouattara,9c63b373-5b16-5d1a-8ee1-2b35708a7892,MID,RAM,0.7802,0.591,,RAM:0.78; RW:0.06; LAM:0.05,1,38,,OK
brentford,Jordan Henderson,d3c7337d-334b-58de-b6a2-e7e1ce9a18ea,MID,RDM,0.4928,0.2559,CM:0.17; DM:0.12,RDM:0.49; CM:0.17; DM:0.12; RCM:0.06,1,38,,OK
brentford,Yegor Yarmoliuk,9a8ecf00-4990-5980-88ac-7e6f3426cc04,MID,RDM,0.608,0.5058,RCM:0.12,RDM:0.61; RCM:0.12; LDM:0.09; RW:0.08,1,38,,OK
brentford,Frank Onyeka,cd93311b-58a9-510b-8120-ba03b92e7228,MID,UNKNOWN,0.0,0.0,,,0,38,,UNKNOWN_ROLE|LOW_PRIMARY_Q|LOW_ROLE_EVIDENCE
brentford,Gustavo Nunes Fernandes Gomes,d6b7449d-0441-5bbc-b84b-21746e1dad97,MID,UNKNOWN,0.0,0.0,,,0,38,,UNKNOWN_ROLE|LOW_PRIMARY_Q|LOW_ROLE_EVIDENCE
brentford,Josh Dasilva,5b437fb1-87e8-5470-a8b1-31f7023f6c2a,MID,UNKNOWN,0.0,0.0,,,0,38,,UNKNOWN_ROLE|LOW_PRIMARY_Q|LOW_ROLE_EVIDENCE
brentford,Luka Bentt,264b0f60-fa6c-50b7-8ef3-421507dcd83e,MID,UNKNOWN,0.0,0.0,,,0,38,,UNKNOWN_ROLE|LOW_PRIMARY_Q|LOW_ROLE_EVIDENCE
brentford,Myles Peart-Harris,4ec42b84-392d-57a7-92df-daad5757198d,MID,UNKNOWN,0.0,0.0,,,0,38,,UNKNOWN_ROLE|LOW_PRIMARY_Q|LOW_ROLE_EVIDENCE
brentford,Paris Maghoma,a0dfa4d7-9b37-5a30-a0cf-b03abfdc34be,MID,UNKNOWN,0.0,0.0,,,0,38,,UNKNOWN_ROLE|LOW_PRIMARY_Q|LOW_ROLE_EVIDENCE
brentford,Reiss Nelson,87151194-80fd-5b68-bbdf-f224a0c09158,MID,UNKNOWN,0.0,0.0,,,0,38,,UNKNOWN_ROLE|LOW_PRIMARY_Q|LOW_ROLE_EVIDENCE
brentford,Riley Owen,49be184d-c700-5f44-b645-1ba5d87d644b,MID,UNKNOWN,0.0,0.0,,,0,38,,UNKNOWN_ROLE|LOW_PRIMARY_Q|LOW_ROLE_EVIDENCE
brentford,Romelle Donovan,b984befd-344f-5d67-a3ff-50b9a56e45a2,MID,UNKNOWN,0.0,0.0,,,0,38,,UNKNOWN_ROLE|LOW_PRIMARY_Q|LOW_ROLE_EVIDENCE
brentford,Ryan Trevitt,c28ae9a8-3584-5002-85a9-89ca8147f495,MID,UNKNOWN,0.0,0.0,,,0,38,,UNKNOWN_ROLE|LOW_PRIMARY_Q|LOW_ROLE_EVIDENCE
brentford,Yunus Konak,f73bea41-d2c0-55f4-af54-36b47dcde7d3,MID,UNKNOWN,0.0,0.0,,,0,38,,UNKNOWN_ROLE|LOW_PRIMARY_Q|LOW_ROLE_EVIDENCE
brighton-hove-albion,Ferdi Kadioglu,962c06ed-3fb4-5908-98c9-be26b5491e6c,DEF,LB,0.648,0.6675,RB:0.15; RAM:0.11,LB:0.65; RB:0.15; RAM:0.11,1,38,,OK
brighton-hove-albion,Maxim De Cuyper,b4dab7b7-e19a-5e09-89be-21a334277de4,DEF,LB,0.6557,0.2791,LAM:0.15,LB:0.66; LAM:0.15,1,38,,OK
brighton-hove-albion,Lewis Dunk,a93b852e-6cc5-59da-a7e7-213f7dec5f1b,DEF,LCB,0.8697,0.665,,LCB:0.87,1,38,,OK
brighton-hove-albion,Olivier Boscagli,8336ddce-f2ef-5ef6-8084-2f36c38c78c2,DEF,LCB,0.7755,0.335,,LCB:0.78; LB:0.07,1,38,,OK
brighton-hove-albion,Joël Veltman,85e0702e-8a5f-5470-a46a-a212a63f3661,DEF,RB,0.7287,0.2069,,RB:0.73,1,38,,OK
brighton-hove-albion,Diego Coppola,c8138451-1f86-5025-a3dd-94d71340efab,DEF,RCB,0.3692,0.0439,,RCB:0.37,1,38,,LOW_PRIMARY_Q
brighton-hove-albion,Jan Paul van Hecke,5bb0cf13-0fc0-5a3b-a79f-a3be5c5eb24e,DEF,RCB,0.9126,0.9181,,RCB:0.91,1,38,,OK
brighton-hove-albion,Adam Webster,3917f1b2-1d96-56d9-af9f-d6585f6ebf10,DEF,UNKNOWN,0.0,0.0,,,0,38,,UNKNOWN_ROLE|LOW_PRIMARY_Q|LOW_ROLE_EVIDENCE
brighton-hove-albion,Charlie Tasker,00ad5869-a47a-5c59-b975-adb72270f617,DEF,UNKNOWN,0.0,0.0,,,0,38,,UNKNOWN_ROLE|LOW_PRIMARY_Q|LOW_ROLE_EVIDENCE
brighton-hove-albion,Eiran Cashin,bb1c6b45-f46d-5df3-baab-d20837cbe113,DEF,UNKNOWN,0.0,0.0,,,0,38,,UNKNOWN_ROLE|LOW_PRIMARY_Q|LOW_ROLE_EVIDENCE
brighton-hove-albion,Freddie Simmonds,8289350b-f830-5496-9137-32f7b3f77d43,DEF,UNKNOWN,0.0,0.0,,,0,38,,UNKNOWN_ROLE|LOW_PRIMARY_Q|LOW_ROLE_EVIDENCE
brighton-hove-albion,Igor Julio dos Santos de Paulo,6e21ee2c-7d42-59f6-9ab0-1b28ff340661,DEF,UNKNOWN,0.0,0.0,,,0,38,,UNKNOWN_ROLE|LOW_PRIMARY_Q|LOW_ROLE_EVIDENCE
brighton-hove-albion,Jacob Slater,64fa3e13-ccee-56ad-b6f3-2c60afe4a2ff,DEF,UNKNOWN,0.0,0.0,,,0,38,,UNKNOWN_ROLE|LOW_PRIMARY_Q|LOW_ROLE_EVIDENCE
brighton-hove-albion,Pervis Estupiñán,9bb8e7d2-a8e3-5342-9f34-48fbca039eb0,DEF,UNKNOWN,0.0,0.0,,,0,38,,UNKNOWN_ROLE|LOW_PRIMARY_Q|LOW_ROLE_EVIDENCE
brighton-hove-albion,Tariq Lamptey,d8501eba-6bc4-5ac0-9a1f-fa248d1c9ab2,DEF,UNKNOWN,0.0,0.0,,,0,38,,UNKNOWN_ROLE|LOW_PRIMARY_Q|LOW_ROLE_EVIDENCE
brighton-hove-albion,Charalampos Kostoulas,29b8ba2a-672c-5467-b297-bb4fcd65f263,FWD,ST,0.4176,0.0594,,ST:0.42,1,38,,OK
brighton-hove-albion,Danny Welbeck,241cebf3-67a3-5813-9b2f-43078d129f42,FWD,ST,0.9033,0.7165,,ST:0.90,1,38,,OK
brighton-hove-albion,Stefanos Tzimas,48ac53a0-cc4d-5091-97ab-1bfa01220791,FWD,ST,0.0969,0.0214,,ST:0.10,0,38,,LOW_PRIMARY_Q
brighton-hove-albion,Evan Ferguson,28ce41ec-3e1f-5839-935c-32db711adacd,FWD,UNKNOWN,0.0,0.0,,,0,38,,UNKNOWN_ROLE|LOW_PRIMARY_Q|LOW_ROLE_EVIDENCE
brighton-hove-albion,Bart Verbruggen,9720eb96-9da3-5717-9ed4-45874361e243,GK,GK,1.0,0.995,,GK:1.00,1,38,,OK
brighton-hove-albion,Carl Rushworth,0f9cb694-f315-5de7-86cf-b16a29dedbaa,GK,UNKNOWN,0.0,0.0,,,0,38,,UNKNOWN_ROLE|LOW_PRIMARY_Q|LOW_ROLE_EVIDENCE
brighton-hove-albion,Jason Steele,dfac9811-cc18-58e5-81d2-b7fa8135945b,GK,UNKNOWN,0.0,0.0,,,0,38,,UNKNOWN_ROLE|LOW_PRIMARY_Q|LOW_ROLE_EVIDENCE
brighton-hove-albion,Kjell Scherpen,b2b6d779-38a1-56c1-9429-ec48f7c95ed6,GK,UNKNOWN,0.0,0.0,,,0,38,,UNKNOWN_ROLE|LOW_PRIMARY_Q|LOW_ROLE_EVIDENCE
brighton-hove-albion,Tom McGill,1995586e-258d-535d-962d-968fe2cdcd57,GK,UNKNOWN,0.0,0.0,,,0,38,,UNKNOWN_ROLE|LOW_PRIMARY_Q|LOW_ROLE_EVIDENCE
brighton-hove-albion,Jack Hinshelwood,b0761079-7e99-5095-aa38-877404766193,MID,CAM,0.683,0.5266,,CAM:0.68; LCM:0.07; RCM:0.05; LDM:0.05,1,38,,OK
brighton-hove-albion,Matt O'Riley,7b8905f9-3045-5c8d-9f0a-ed998a0d417a,MID,CAM,0.1867,0.0188,,CAM:0.19,0,38,,LOW_PRIMARY_Q
brighton-hove-albion,Kaoru Mitoma,a07371ec-857a-5545-8632-0e982ad6b1be,MID,LAM,0.6511,0.4071,LW:0.23,LAM:0.65; LW:0.23,2,38,,MULTI_ROLE
brighton-hove-albion,Carlos Baleba,2158389c-94df-554d-8089-885e17fa9cbe,MID,LDM,0.3892,0.2221,RDM:0.37; CM:0.12,LDM:0.39; RDM:0.37; CM:0.12,2,38,,LOW_PRIMARY_Q|MULTI_ROLE
brighton-hove-albion,Pascal Groß,eb26516f-9061-5a83-a316-5cd4bef43df5,MID,LDM,0.4872,0.3843,RDM:0.28; LCM:0.12,LDM:0.49; RDM:0.28; LCM:0.12,2,38,,MULTI_ROLE
brighton-hove-albion,Brajan Gruda,8c21213e-5c0e-56d3-81ae-b95f9e5b7c53,MID,RAM,0.3419,0.0804,CAM:0.29,RAM:0.34; CAM:0.29,2,38,,LOW_PRIMARY_Q|MULTI_ROLE
brighton-hove-albion,Diego Gómez,bec3b39e-5fff-5ae4-a7ba-ba525d5b3911,MID,RAM,0.3882,0.2752,RW:0.15; CAM:0.13; LAM:0.12; LDM:0.11,RAM:0.39; RW:0.15; CAM:0.13; LAM:0.12; LDM:0.11,1,38,,LOW_PRIMARY_Q
brighton-hove-albion,Harry Howell,f941023a-8afb-5610-bf89-e6cc352c84c9,MID,RAM,0.2903,0.0373,,RAM:0.29,1,38,,LOW_PRIMARY_Q
brighton-hove-albion,Yankuba Minteh,f6f6439f-07ed-5fba-988d-36a0c8ad3580,MID,RAM,0.5111,0.3705,LAM:0.39,RAM:0.51; LAM:0.39,2,38,,MULTI_ROLE
brighton-hove-albion,Mats Wieffer,e8f9ae6c-524f-581f-b52e-91657ed81bf5,MID,RB,0.8744,0.5846,,RB:0.87,1,38,,OK
brighton-hove-albion,James Milner,a5750705-f098-5007-84b9-214a2063f4c8,MID,RDM,0.5179,0.1401,CM:0.16,RDM:0.52; CM:0.16; LDM:0.08,1,38,,OK
brighton-hove-albion,Yasin Ayari,de6b06be-d7b4-506e-9177-df5cf336214a,MID,RDM,0.4625,0.2039,LDM:0.21; RCM:0.18,RDM:0.46; LDM:0.21; RCM:0.18,2,38,,MULTI_ROLE
brighton-hove-albion,Georginio Rutter,e951e717-39ca-59bd-bf7f-6e59ece9fd54,MID,ST,0.4718,0.2027,CAM:0.32,ST:0.47; CAM:0.32; RW:0.06,2,38,,MULTI_ROLE
brighton-hove-albion,Abdallah Sima,557cf0bf-a115-54fd-bb9e-5a6f95a71265,MID,UNKNOWN,0.0,0.0,,,0,38,,UNKNOWN_ROLE|LOW_PRIMARY_Q|LOW_ROLE_EVIDENCE
brighton-hove-albion,Adrian Mazilu,251dcb1d-c3df-5f9a-94ea-1931739dbafe,MID,UNKNOWN,0.0,0.0,,,0,38,,UNKNOWN_ROLE|LOW_PRIMARY_Q|LOW_ROLE_EVIDENCE
brighton-hove-albion,Andrew Moran,8cb2efea-6f9d-5d62-8a23-00ed1f64956d,MID,UNKNOWN,0.0,0.0,,,0,38,,UNKNOWN_ROLE|LOW_PRIMARY_Q|LOW_ROLE_EVIDENCE
brighton-hove-albion,Jeremy Sarmiento Morante,0aeece15-3538-5151-935f-97e640a48a21,MID,UNKNOWN,0.0,0.0,,,0,38,,UNKNOWN_ROLE|LOW_PRIMARY_Q|LOW_ROLE_EVIDENCE
brighton-hove-albion,Joe Knight,1f50297a-f30b-5940-aed9-50b9422a087e,MID,UNKNOWN,0.0,0.0,,,0,38,,UNKNOWN_ROLE|LOW_PRIMARY_Q|LOW_ROLE_EVIDENCE
brighton-hove-albion,Julio Enciso,303c3ac4-bfae-536a-a3e8-ab8d6e6ad9e3,MID,UNKNOWN,0.0,0.0,,,0,38,,UNKNOWN_ROLE|LOW_PRIMARY_Q|LOW_ROLE_EVIDENCE
brighton-hove-albion,Malick Yalcouyé,b65bed9a-d93e-523d-9e4c-f70189353ac0,MID,UNKNOWN,0.0,0.0,,,0,38,,UNKNOWN_ROLE|LOW_PRIMARY_Q|LOW_ROLE_EVIDENCE
brighton-hove-albion,Nehemiah Oriola,d353e410-e488-5bca-8e63-b0faaf5f9627,MID,UNKNOWN,0.0,0.0,,,0,38,,UNKNOWN_ROLE|LOW_PRIMARY_Q|LOW_ROLE_EVIDENCE
brighton-hove-albion,Solly March,65252572-e474-5eab-a75e-02367b186eb6,MID,UNKNOWN,0.0,0.0,,,0,38,,UNKNOWN_ROLE|LOW_PRIMARY_Q|LOW_ROLE_EVIDENCE
brighton-hove-albion,Tom Watson,126dee9c-b54b-5652-8798-46183678b962,MID,UNKNOWN,0.0,0.0,,,0,38,,UNKNOWN_ROLE|LOW_PRIMARY_Q|LOW_ROLE_EVIDENCE
burnley,Joe Worrall,8538fec0-f5e3-5124-9d3e-6b46fded6164,DEF,CB,0.6141,0.1491,,CB:0.61; RCB:0.10,1,38,,OK
burnley,Quilindschy Hartman,62a712a2-a9c6-5298-94c6-5bdfca8f45ab,DEF,LB,0.5669,0.3011,LWB:0.31,LB:0.57; LWB:0.31,2,38,,MULTI_ROLE
burnley,Maxime Esteve,208bc81b-07bb-5202-9b86-f6535ba1a7a7,DEF,LCB,0.76,0.7611,CB:0.17,LCB:0.76; CB:0.17,1,38,,OK
burnley,Lucas Pires Silva,93153394-38ee-5f40-9adb-90f4f3307e4e,DEF,LWB,0.4876,0.2461,LB:0.39,LWB:0.49; LB:0.39,2,38,,MULTI_ROLE
burnley,Kyle Walker,b7ff49f3-d1e0-5e63-b004-29bee7a1f2ea,DEF,RB,0.4492,0.4059,RWB:0.44,RB:0.45; RWB:0.44,2,38,,MULTI_ROLE
burnley,Axel Tuanzebe,5c63f6f0-ec6c-54a9-af70-5b6a64ee0287,DEF,RCB,0.7233,0.2767,,RCB:0.72; CB:0.06,1,38,,OK
burnley,Bashir Humphreys,956e0ed0-2170-56bf-913d-61d007270278,DEF,RCB,0.4056,0.2595,LCB:0.32; LWB:0.11,RCB:0.41; LCB:0.32; LWB:0.11; RB:0.08,2,38,,MULTI_ROLE
burnley,Hjalmar Ekdal,0db48051-eb1a-516f-b185-a0846d6f83e1,DEF,RCB,0.4946,0.2275,CB:0.33,RCB:0.49; CB:0.33,2,38,,MULTI_ROLE
burnley,Oliver Sonne,0e1f7351-8766-5aac-b7ce-1c0c2d514ae2,DEF,RWB,0.1096,0.0127,,RWB:0.11,0,38,,LOW_PRIMARY_Q
burnley,Connor Roberts,f68e734e-4a2a-542c-a81f-ebf5e8176ed3,DEF,UNKNOWN,0.0,0.0,,,0,38,,UNKNOWN_ROLE|LOW_PRIMARY_Q|LOW_ROLE_EVIDENCE
burnley,Hannes Delcroix,67dc539b-3733-5360-8bca-4e010b9d0399,DEF,UNKNOWN,0.0,0.0,,,0,38,,UNKNOWN_ROLE|LOW_PRIMARY_Q|LOW_ROLE_EVIDENCE
burnley,Jordan Beyer,a95b2b22-86ab-55a2-b8c0-579b12057d69,DEF,UNKNOWN,0.0,0.0,,,0,38,,UNKNOWN_ROLE|LOW_PRIMARY_Q|LOW_ROLE_EVIDENCE
burnley,Owen Dodgson,b4b2b453-0c93-5786-823f-c76cbfebc5e2,DEF,UNKNOWN,0.0,0.0,,,0,38,,UNKNOWN_ROLE|LOW_PRIMARY_Q|LOW_ROLE_EVIDENCE
burnley,Shurandy Sambo,662a7847-3e62-591b-861a-06b661f69d81,DEF,UNKNOWN,0.0,0.0,,,0,38,,UNKNOWN_ROLE|LOW_PRIMARY_Q|LOW_ROLE_EVIDENCE
burnley,Armando Broja,b3a37e1a-2034-5649-97db-eea9b4ff11f9,FWD,ST,0.6884,0.1747,,ST:0.69,1,38,,OK
burnley,Lyle Foster,fada1568-55fd-5aec-8b69-9db9bcbee6ae,FWD,ST,0.4232,0.1412,RAM:0.26,ST:0.42; RAM:0.26; RW:0.08,2,38,,MULTI_ROLE
burnley,Zian Flemming,d32e1d40-cd0b-5139-ba7c-c76463a583d8,FWD,ST,0.9032,0.6922,,ST:0.90,1,38,,OK
burnley,Ashley Barnes,5fb792bd-a16d-529a-ac0b-bbeb08b3f6a3,FWD,UNKNOWN,0.0,0.0,,,0,38,,UNKNOWN_ROLE|LOW_PRIMARY_Q|LOW_ROLE_EVIDENCE
burnley,Michael Obafemi,bdd098bc-619c-5454-9033-1861adae23c6,FWD,UNKNOWN,0.0,0.0,,,0,38,,UNKNOWN_ROLE|LOW_PRIMARY_Q|LOW_ROLE_EVIDENCE
burnley,Zeki Amdouni,80a65522-b89f-5c4c-a67b-2ca3cfb2b7a0,FWD,UNKNOWN,0.0,0.0,,,0,38,,UNKNOWN_ROLE|LOW_PRIMARY_Q|LOW_ROLE_EVIDENCE
burnley,Martin Dubravka,148b32f1-d60d-5cdd-9ffe-a5938fcb8671,GK,GK,1.0,0.8546,,GK:1.00,1,38,,OK
burnley,Max Weiß,63254645-c19e-5669-ae4c-6995093f3b92,GK,GK,1.0,0.1454,,GK:1.00,1,38,,OK
burnley,Etienne Green,82d78668-6338-58aa-b907-868b632bb213,GK,UNKNOWN,0.0,0.0,,,0,38,,UNKNOWN_ROLE|LOW_PRIMARY_Q|LOW_ROLE_EVIDENCE
burnley,Václav Hladký,1b326c59-dec4-5234-b7fd-4d18c39f76a9,GK,UNKNOWN,0.0,0.0,,,0,38,,UNKNOWN_ROLE|LOW_PRIMARY_Q|LOW_ROLE_EVIDENCE
burnley,Hannibal Mejbri,9d1de056-bbbd-54d4-a192-06c57ccb0fd6,MID,CAM,0.4183,0.2577,LCM:0.32,CAM:0.42; LCM:0.32; RCM:0.08,2,38,,MULTI_ROLE
burnley,Jaidon Anthony,f01a999e-cac7-5aa8-a867-4257d2382021,MID,LAM,0.6622,0.6049,LW:0.27,LAM:0.66; LW:0.27,2,38,,MULTI_ROLE
burnley,Florentino Ibrain Morris Luís,c59d2c13-36a9-56b4-b9fc-1462e5df19fc,MID,LCM,0.3675,0.2367,LDM:0.24; RDM:0.22,LCM:0.37; LDM:0.24; RDM:0.22,3,38,,LOW_PRIMARY_Q|MULTI_ROLE
burnley,Jacob Bruun Larsen,f33e474a-8556-5f17-915d-49956a1c0f64,MID,LW,0.2569,0.0559,RAM:0.26,LW:0.26; RAM:0.26; RW:0.09; ST:0.09,2,38,,LOW_PRIMARY_Q|MULTI_ROLE
burnley,Loum Tchaouna,7271dade-6e34-5b7d-850a-ff0969f7a26e,MID,RAM,0.3978,0.1641,RW:0.39,RAM:0.40; RW:0.39; LW:0.05,2,38,,LOW_PRIMARY_Q|MULTI_ROLE
burnley,Marcus Edwards,145d420f-bb1d-5646-81b9-1baf31260fb4,MID,RAM,0.6502,0.275,RW:0.18,RAM:0.65; RW:0.18,1,38,,OK
burnley,Josh Laurent,f5da0015-9c1c-5ba2-a447-9fc51ceed482,MID,RCB,0.3362,0.1644,LCM:0.12; RWB:0.11; LDM:0.10,RCB:0.34; LCM:0.12; RWB:0.11; LDM:0.10; RDM:0.10; RCM:0.09,1,38,,LOW_PRIMARY_Q
burnley,Josh Cullen,eef1cb4a-8a4c-5cee-9eac-636079e4d785,MID,RCM,0.213,0.0615,RDM:0.21; CM:0.19; LCM:0.15,RCM:0.21; RDM:0.21; CM:0.19; LCM:0.15,2,38,,LOW_PRIMARY_Q|MULTI_ROLE
burnley,Lesley Ugochukwu,032150f9-1246-5989-8ac4-532f1e3bce74,MID,RCM,0.415,0.2893,LDM:0.19; CAM:0.18,RCM:0.41; LDM:0.19; CAM:0.18; RAM:0.06; LCM:0.06,1,38,,OK
burnley,James Ward-Prowse,4156c194-ad00-5d9c-aa4d-5f67c7deba01,MID,RDM,0.3769,0.1479,RCM:0.24; LCM:0.12; LDM:0.12,RDM:0.38; RCM:0.24; LCM:0.12; LDM:0.12,2,38,,LOW_PRIMARY_Q|MULTI_ROLE
burnley,Aaron Ramsey,18acbb03-f646-5b28-a5bb-39ca35eb934f,MID,UNKNOWN,0.0,0.0,,,0,38,,UNKNOWN_ROLE|LOW_PRIMARY_Q|LOW_ROLE_EVIDENCE
burnley,Darko Churlinov,fb3f8fac-c095-5c2d-ac79-d0e24c05b044,MID,UNKNOWN,0.0,0.0,,,0,38,,UNKNOWN_ROLE|LOW_PRIMARY_Q|LOW_ROLE_EVIDENCE
burnley,Enock Agyei,d40f83b6-8429-5261-95ec-71df2079d3df,MID,UNKNOWN,0.0,0.0,,,0,38,,UNKNOWN_ROLE|LOW_PRIMARY_Q|LOW_ROLE_EVIDENCE
burnley,George Brierley,e53add03-6030-558a-a221-1773d0f9a78b,MID,UNKNOWN,0.0,0.0,,,0,38,,UNKNOWN_ROLE|LOW_PRIMARY_Q|LOW_ROLE_EVIDENCE
burnley,Jaydon Banel,09f1c29e-1d11-57a0-95a1-6eb555a44bd1,MID,UNKNOWN,0.0,0.0,,,0,38,,UNKNOWN_ROLE|LOW_PRIMARY_Q|LOW_ROLE_EVIDENCE
burnley,Kian McMahon-Brown,d5a6f92e-7e3e-5c28-ab87-193b5bdcf225,MID,UNKNOWN,0.0,0.0,,,0,38,,UNKNOWN_ROLE|LOW_PRIMARY_Q|LOW_ROLE_EVIDENCE
burnley,Luca Koleosho,31a31d10-0241-5005-ad49-f59e17a9c312,MID,UNKNOWN,0.0,0.0,,,0,38,,UNKNOWN_ROLE|LOW_PRIMARY_Q|LOW_ROLE_EVIDENCE
burnley,Manuel Benson Hedilazio,784acf6a-679c-5235-9bba-1582bd4a318b,MID,UNKNOWN,0.0,0.0,,,0,38,,UNKNOWN_ROLE|LOW_PRIMARY_Q|LOW_ROLE_EVIDENCE
burnley,Mike Trésor,fce9dbe0-bc76-504c-94e1-b393570abede,MID,UNKNOWN,0.0,0.0,,,0,38,,UNKNOWN_ROLE|LOW_PRIMARY_Q|LOW_ROLE_EVIDENCE
burnley,Oliver Pimlott,58685fa7-5712-51d8-a787-afb92ba62ddf,MID,UNKNOWN,0.0,0.0,,,0,38,,UNKNOWN_ROLE|LOW_PRIMARY_Q|LOW_ROLE_EVIDENCE
burnley,Oluwaseun Adewumi,33302943-3ddc-5684-b6ae-4b59d8e3ab8e,MID,UNKNOWN,0.0,0.0,,,0,38,,UNKNOWN_ROLE|LOW_PRIMARY_Q|LOW_ROLE_EVIDENCE
chelsea,Marc Cucurella Saseta,3d33e637-0658-5cc2-964e-b281c5cdf9fc,DEF,LB,0.7649,0.6693,,LB:0.76; LAM:0.09; LW:0.08,1,38,,OK
chelsea,Benoît Badiashile,4dc8670b-9980-5a26-9e9d-c98c1f9bb333,DEF,LCB,0.593,0.1235,,LCB:0.59,1,38,,OK
chelsea,Jorrel Hato,932d386d-f372-53de-a37f-381a73a67e07,DEF,LCB,0.4525,0.2307,LB:0.42,LCB:0.45; LB:0.42,2,38,,MULTI_ROLE
chelsea,Levi Colwill,46f70fd6-45f6-55b9-884d-24feb13db9c3,DEF,LCB,0.5085,0.0713,,LCB:0.51,1,38,,OK
chelsea,Mamadou Sarr,c1d2c6e2-92b5-5eb7-abc2-bfb9ba6fffa1,DEF,LCB,0.3791,0.0439,,LCB:0.38,1,38,,LOW_PRIMARY_Q
chelsea,Tosin Adarabioyo,1cc11978-28c5-57b6-a8a3-ba979d1349e4,DEF,LCB,0.4606,0.1268,RCB:0.20,LCB:0.46; RCB:0.20,2,38,,MULTI_ROLE
chelsea,Trevoh Chalobah,fbe43cca-fb14-5420-94d6-3e253d5e57f2,DEF,LCB,0.5274,0.3869,RCB:0.37,LCB:0.53; RCB:0.37,2,38,,MULTI_ROLE
chelsea,Josh Acheampong,9998e641-8e7f-5837-8d46-ad335b484a00,DEF,RB,0.4069,0.1187,RCB:0.25,RB:0.41; RCB:0.25; LCB:0.06,2,38,,MULTI_ROLE
chelsea,Malo Gusto,972fc541-f01f-51fc-b746-5238f72285d7,DEF,RB,0.7774,0.6343,LB:0.11,RB:0.78; LB:0.11,1,38,,OK
chelsea,Reece James,3655e646-d6d9-51ce-a14d-bed863d96c3c,DEF,RB,0.4448,0.2117,RDM:0.32,RB:0.44; RDM:0.32; RCM:0.10,2,38,,MULTI_ROLE
chelsea,Wesley Fofana,ec2bf467-94f7-5b79-97a2-3632c0d199a8,DEF,RCB,0.8859,0.6134,,RCB:0.89,1,38,,OK
chelsea,Aaron Anselmino,c501a519-9def-5d4f-8667-f326dd161177,DEF,UNKNOWN,0.0,0.0,,,0,38,,UNKNOWN_ROLE|LOW_PRIMARY_Q|LOW_ROLE_EVIDENCE
chelsea,João Pedro Junqueira de Jesus,4448091c-aeb7-5ab3-a537-b2b547480e63,FWD,ST,0.8261,0.6533,,ST:0.83; CAM:0.09,1,38,,OK
chelsea,Liam Delap,8b1af3a3-b391-5111-954e-dbda5d6d12a5,FWD,ST,0.8067,0.3294,,ST:0.81,1,38,,OK
chelsea,Marc Guiu Paz,6538c4ff-2308-56ae-85e7-392fba76d555,FWD,ST,0.1515,0.0173,,ST:0.15,0,38,,LOW_PRIMARY_Q
chelsea,Nicolas Jackson,14394b8e-b6dc-52d7-8711-db31e2d5afc5,FWD,UNKNOWN,0.0,0.0,,,0,38,,UNKNOWN_ROLE|LOW_PRIMARY_Q|LOW_ROLE_EVIDENCE
chelsea,Shumaira Mheuka,e193642b-a6b4-53a0-9d0e-1e71ab70a347,FWD,UNKNOWN,0.0,0.0,,,0,38,,UNKNOWN_ROLE|LOW_PRIMARY_Q|LOW_ROLE_EVIDENCE
chelsea,Filip Jørgensen,d7143aed-fcb8-5af3-8721-72433dd889d7,GK,GK,1.0,0.137,,GK:1.00,1,38,,OK
chelsea,Robert Sánchez,412fc00b-6fb5-5606-bb30-04e075a83220,GK,GK,1.0,0.863,,GK:1.00,1,38,,OK
chelsea,Gabriel Słonina,9d723959-80a6-5a8b-a21b-2cca95b2ab7c,GK,UNKNOWN,0.0,0.0,,,0,38,,UNKNOWN_ROLE|LOW_PRIMARY_Q|LOW_ROLE_EVIDENCE
chelsea,Max Merrick,dc638cac-db3d-56dd-9d2a-a3a75b54c5b5,GK,UNKNOWN,0.0,0.0,,,0,38,,UNKNOWN_ROLE|LOW_PRIMARY_Q|LOW_ROLE_EVIDENCE
chelsea,Mike Penders,f1c0774d-5c89-577b-bdf9-fe6b58ed1b6e,GK,UNKNOWN,0.0,0.0,,,0,38,,UNKNOWN_ROLE|LOW_PRIMARY_Q|LOW_ROLE_EVIDENCE
chelsea,Teddy Sharman-Lowe,0bbf4c7c-2ef0-50b5-9f1d-7be9fb72ecfd,GK,UNKNOWN,0.0,0.0,,,0,38,,UNKNOWN_ROLE|LOW_PRIMARY_Q|LOW_ROLE_EVIDENCE
chelsea,Cole Palmer,481b07c4-b805-52cf-a0ee-593af134790d,MID,CAM,0.4446,0.3885,RAM:0.34,CAM:0.44; RAM:0.34; RW:0.05; LW:0.05,2,38,,MULTI_ROLE
chelsea,Enzo Fernández,5b51fc3a-1f45-56e1-9ecc-0bda87474227,MID,CAM,0.4117,0.395,LDM:0.22; LAM:0.15; LCM:0.12,CAM:0.41; LDM:0.22; LAM:0.15; LCM:0.12; RDM:0.05,2,38,,MULTI_ROLE
chelsea,Facundo Buonanotte,c86ca08c-b2a0-524b-91f4-254b65701bdd,MID,CAM,0.1845,0.0367,,CAM:0.18,0,21,,LOW_PRIMARY_Q
chelsea,Alejandro Garnacho,4ef46620-e339-50a5-9169-d9c6d85f3a47,MID,LAM,0.5782,0.2099,LW:0.20,LAM:0.58; LW:0.20,2,38,,MULTI_ROLE
chelsea,Jamie Bynoe-Gittens,102260dc-086e-540f-ac1b-5c571502d8d4,MID,LAM,0.3079,0.0457,RW:0.11,LAM:0.31; RW:0.11,1,38,,LOW_PRIMARY_Q
chelsea,Jesse Derry,33ac99dd-6169-5c59-bc88-cc17620c7707,MID,LAM,0.3381,0.0669,,LAM:0.34,1,38,,LOW_PRIMARY_Q
chelsea,Pedro Lomba Neto,653dcb32-98a1-5bdb-afc4-4dcee772c921,MID,LAM,0.3887,0.291,RAM:0.38; RW:0.13,LAM:0.39; RAM:0.38; RW:0.13,2,38,,LOW_PRIMARY_Q|MULTI_ROLE
chelsea,Moisés Caicedo Corozo,c92d55cb-06d1-553d-aad7-f64c0de898a5,MID,LDM,0.4475,0.4439,RDM:0.29,LDM:0.45; RDM:0.29; LCM:0.07; CM:0.06,2,38,,MULTI_ROLE
chelsea,Estêvão Almeida de Oliveira Gonçalves,9b51b592-7b40-53df-a62d-6af0afa0bb0e,MID,RAM,0.6724,0.2608,,RAM:0.67,1,38,,OK
chelsea,Andrey Nascimento dos Santos,762fd3f4-3f85-52c7-b5be-8c0c563cf25f,MID,RDM,0.4382,0.2189,LDM:0.31,RDM:0.44; LDM:0.31; CM:0.08,2,38,,MULTI_ROLE
chelsea,Roméo Lavia,f8666db2-925c-5357-81ba-263e71b165b3,MID,RDM,0.3778,0.1123,RCM:0.26,RDM:0.38; RCM:0.26,2,38,,LOW_PRIMARY_Q|MULTI_ROLE
chelsea,Christopher Nkunku,895b3f1f-0f9e-528b-86a3-7a7cba558310,MID,UNKNOWN,0.0,0.0,,,0,38,,UNKNOWN_ROLE|LOW_PRIMARY_Q|LOW_ROLE_EVIDENCE
chelsea,Dário Luís Essugo,1cbf9470-32ae-558b-85b7-1337e7cc76f0,MID,UNKNOWN,0.0,0.0,,,0,38,,UNKNOWN_ROLE|LOW_PRIMARY_Q|LOW_ROLE_EVIDENCE
chelsea,Kendry Páez Andrade,877d9c71-fd12-5aab-8c4b-9df2eb81bbf0,MID,UNKNOWN,0.0,0.0,,,0,38,,UNKNOWN_ROLE|LOW_PRIMARY_Q|LOW_ROLE_EVIDENCE
chelsea,Landon Emenalo,64e1d98b-b70a-5d8f-a6fe-c77a7ea90c46,MID,UNKNOWN,0.0,0.0,,,0,38,,UNKNOWN_ROLE|LOW_PRIMARY_Q|LOW_ROLE_EVIDENCE
chelsea,Mathis Eboué,fe9a1543-b64c-5f41-9c1e-8ceab47a9679,MID,UNKNOWN,0.0,0.0,,,0,38,,UNKNOWN_ROLE|LOW_PRIMARY_Q|LOW_ROLE_EVIDENCE
chelsea,Mykhailo Mudryk,7ad17b55-f67d-5f9d-9f04-df4f76c1e314,MID,UNKNOWN,0.0,0.0,,,0,38,,UNKNOWN_ROLE|LOW_PRIMARY_Q|LOW_ROLE_EVIDENCE
chelsea,Ryan Kavuma-McQueen,45e56d29-fbb6-5964-afdf-bc8805b99518,MID,UNKNOWN,0.0,0.0,,,0,38,,UNKNOWN_ROLE|LOW_PRIMARY_Q|LOW_ROLE_EVIDENCE
chelsea,Tyrique George,3c785544-9ef9-55d3-b726-bcbf136d1d05,MID,UNKNOWN,0.0,0.0,,,0,24,,UNKNOWN_ROLE|LOW_PRIMARY_Q|LOW_ROLE_EVIDENCE
crystal-palace,Maxence Lacroix,246d5877-ce20-5c48-bdc0-bdb7ede514b7,DEF,CB,0.9279,0.916,,CB:0.93,1,38,,OK
crystal-palace,Chadi Riad Dnanou,a5346cce-0d2c-5baf-97da-d70579ec7aa9,DEF,LCB,0.7451,0.2375,,LCB:0.75,1,38,,OK
crystal-palace,Jaydee Canvot,0f20e713-a3d1-5036-b0b2-e9f32d1bc66f,DEF,LCB,0.5406,0.3742,RCB:0.37,LCB:0.54; RCB:0.37,2,38,,MULTI_ROLE
crystal-palace,Marc Guéhi,607bc478-1de3-5627-b97c-8cc0c015b3e0,DEF,LCB,0.9205,0.9485,,LCB:0.92,1,22,,OK
crystal-palace,Tyrick Mitchell,4406998b-108e-54ac-90cf-ff22cdf7c565,DEF,LWB,0.9295,0.9348,,LWB:0.93,1,38,,OK
crystal-palace,Chris Richards,39a54236-bfd4-52f7-8b23-eeb8ca167d6d,DEF,RCB,0.719,0.6052,LCB:0.11,RCB:0.72; LCB:0.11; CB:0.10,1,38,,OK
crystal-palace,Daniel Muñoz,12886371-5fae-5789-af23-d20764ecfe3e,DEF,RWB,0.9118,0.777,,RWB:0.91,1,38,,OK
crystal-palace,Nathaniel Clyne,09b6a6ee-2109-55b8-8083-5b532f8d0c96,DEF,RWB,0.5662,0.1173,,RWB:0.57,1,38,,OK
crystal-palace,Borna Sosa,4c10d440-b565-5bcf-ad55-059b98c84cb4,DEF,UNKNOWN,0.0,0.0,,,0,38,,UNKNOWN_ROLE|LOW_PRIMARY_Q|LOW_ROLE_EVIDENCE
crystal-palace,Caleb Kporha,bd5423ef-c3cd-59a3-ac25-5401c93ceabd,DEF,UNKNOWN,0.0,0.0,,,0,38,,UNKNOWN_ROLE|LOW_PRIMARY_Q|LOW_ROLE_EVIDENCE
crystal-palace,Danny Imray,e68c597b-f82a-5110-a6b0-2ac05e79459f,DEF,UNKNOWN,0.0,0.0,,,0,38,,UNKNOWN_ROLE|LOW_PRIMARY_Q|LOW_ROLE_EVIDENCE
crystal-palace,Dean Benamar,75c61312-34c3-5360-8382-01f6f4596567,DEF,UNKNOWN,0.0,0.0,,,0,38,,UNKNOWN_ROLE|LOW_PRIMARY_Q|LOW_ROLE_EVIDENCE
crystal-palace,George King,d059b9c1-1893-5319-8a4c-4c28ebb95283,DEF,UNKNOWN,0.0,0.0,,,0,38,,UNKNOWN_ROLE|LOW_PRIMARY_Q|LOW_ROLE_EVIDENCE
crystal-palace,Rob Holding,338f3d83-aa9c-5345-b935-7d288bc48226,DEF,UNKNOWN,0.0,0.0,,,0,38,,UNKNOWN_ROLE|LOW_PRIMARY_Q|LOW_ROLE_EVIDENCE
crystal-palace,Eddie Nketiah,1f91ab10-338d-519d-85b9-048aa573cfc2,FWD,RAM,0.3045,0.0391,,RAM:0.30,1,38,,LOW_PRIMARY_Q
crystal-palace,Jean-Philippe Mateta,7b9dc65d-483e-5ff9-af51-946aceed51e9,FWD,ST,0.8499,0.4473,,ST:0.85,1,38,,OK
crystal-palace,Jørgen Strand Larsen,b6fb865b-2ea3-5f14-9db7-b2b1c2d82003,FWD,ST,0.8526,0.5167,,ST:0.85,1,38,,OK
crystal-palace,Ben Casey,ed672a48-600c-5147-a36f-cae465e9604d,FWD,UNKNOWN,0.0,0.0,,,0,38,,UNKNOWN_ROLE|LOW_PRIMARY_Q|LOW_ROLE_EVIDENCE
crystal-palace,Christantus Uche,0ceddf30-d182-564d-801e-0606074c20fd,FWD,UNKNOWN,0.0,0.0,,,0,38,,UNKNOWN_ROLE|LOW_PRIMARY_Q|LOW_ROLE_EVIDENCE
crystal-palace,Odsonne Edouard,54c6bc18-644b-57b1-900c-ac250e976e83,FWD,UNKNOWN,0.0,0.0,,,0,38,,UNKNOWN_ROLE|LOW_PRIMARY_Q|LOW_ROLE_EVIDENCE
crystal-palace,Zach Marsh,6d81b456-1e21-53df-b199-f937f3f1a15a,FWD,UNKNOWN,0.0,0.0,,,0,38,,UNKNOWN_ROLE|LOW_PRIMARY_Q|LOW_ROLE_EVIDENCE
crystal-palace,Dean Henderson,4e7d3349-c869-51f6-a9f2-e86405e21be5,GK,GK,1.0,0.9488,,GK:1.00,1,38,,OK
crystal-palace,Walter Benítez,41c51b76-9927-5c91-821a-99eed1686fa9,GK,GK,1.0,0.0512,,GK:1.00,1,38,,OK
crystal-palace,Remi Matthews,16ef4452-4723-591b-a4c4-1e6d28163523,GK,UNKNOWN,0.0,0.0,,,0,38,,UNKNOWN_ROLE|LOW_PRIMARY_Q|LOW_ROLE_EVIDENCE
crystal-palace,Brennan Johnson,e0417b35-b1b1-5957-8ee5-7996c5db5cb0,MID,LAM,0.3183,0.2117,RW:0.28; RAM:0.21,LAM:0.32; RW:0.28; RAM:0.21; RWB:0.08,3,38,,LOW_PRIMARY_Q|MULTI_ROLE
crystal-palace,Evann Guessand,5cde41a6-f4dd-545d-93c5-e931c1be6f72,MID,LAM,0.5927,0.1219,,LAM:0.59,1,38,,OK
crystal-palace,Yéremy Pino Santos,1e4afd94-5426-54f5-893e-eea93b538667,MID,LAM,0.5987,0.4279,LW:0.22,LAM:0.60; LW:0.22; ST:0.06,2,38,,MULTI_ROLE
crystal-palace,Daichi Kamada,d7ab42eb-50da-5a3f-a583-fdf38b0d2cfe,MID,LCM,0.6661,0.403,RCM:0.13,LCM:0.67; RCM:0.13; LAM:0.05,1,38,,OK
crystal-palace,Jefferson Lerma Solís,4e797913-6f5e-54d0-807d-555d7ec82308,MID,LCM,0.4524,0.2545,RCM:0.21; RCB:0.18,LCM:0.45; RCM:0.21; RCB:0.18; LCB:0.05,2,38,,MULTI_ROLE
crystal-palace,Will Hughes,0fa345a4-e26c-50d4-8f35-8b13aa9d7c09,MID,LCM,0.4845,0.2549,RCM:0.36,LCM:0.48; RCM:0.36,2,38,,MULTI_ROLE
crystal-palace,Justin Devenny,234b9ca0-1d3a-52c1-ae12-d422a588485e,MID,LWB,0.2814,0.0652,RWB:0.24; RAM:0.18,LWB:0.28; RWB:0.24; RAM:0.18,2,38,,LOW_PRIMARY_Q|MULTI_ROLE
crystal-palace,Ismaïla Sarr,9a90c10b-4796-5eda-a505-8db9bc21605d,MID,RAM,0.8664,0.5561,,RAM:0.87,1,38,,OK
crystal-palace,Adam Wharton,73fbac33-4713-58ec-b9bd-242dfec592a2,MID,RCM,0.7877,0.5889,LCM:0.12,RCM:0.79; LCM:0.12,1,38,,OK
crystal-palace,Asher Agbinone,4a3bf9a8-1ae9-5861-8928-532b92a6c22f,MID,UNKNOWN,0.0,0.0,,,0,38,,UNKNOWN_ROLE|LOW_PRIMARY_Q|LOW_ROLE_EVIDENCE
crystal-palace,Cheick Doucouré,497b8d6a-c411-513c-a163-1c4721829380,MID,UNKNOWN,0.0,0.0,,,0,38,,UNKNOWN_ROLE|LOW_PRIMARY_Q|LOW_ROLE_EVIDENCE
crystal-palace,David Ozoh,7d4bc651-f5e0-5ae8-9709-849c00f1a61b,MID,UNKNOWN,0.0,0.0,,,0,38,,UNKNOWN_ROLE|LOW_PRIMARY_Q|LOW_ROLE_EVIDENCE
crystal-palace,Franco Umeh-Chibueze,59c942dd-2dab-5b1a-9f04-5b62986736e0,MID,UNKNOWN,0.0,0.0,,,0,38,,UNKNOWN_ROLE|LOW_PRIMARY_Q|LOW_ROLE_EVIDENCE
crystal-palace,Jesurun Rak-Sakyi,1c8b5aea-2765-5fb4-8e3f-2e2c0d8e9789,MID,UNKNOWN,0.0,0.0,,,0,38,,UNKNOWN_ROLE|LOW_PRIMARY_Q|LOW_ROLE_EVIDENCE
crystal-palace,Joél Drakes-Thomas,2fe22142-e11b-534b-ade6-80198c5e69d3,MID,UNKNOWN,0.0,0.0,,,0,38,,UNKNOWN_ROLE|LOW_PRIMARY_Q|LOW_ROLE_EVIDENCE
crystal-palace,Kaden Rodney,2d40ee20-eb53-5bab-a013-8138df2fa8d6,MID,UNKNOWN,0.0,0.0,,,0,38,,UNKNOWN_ROLE|LOW_PRIMARY_Q|LOW_ROLE_EVIDENCE
crystal-palace,Malcolm Ebiowei,6d291bbc-dd81-5e79-9c2c-57d811927bb7,MID,UNKNOWN,0.0,0.0,,,0,38,,UNKNOWN_ROLE|LOW_PRIMARY_Q|LOW_ROLE_EVIDENCE
crystal-palace,Matheus França de Oliveira,243675a7-4ad0-538c-b467-4d86abacd336,MID,UNKNOWN,0.0,0.0,,,0,38,,UNKNOWN_ROLE|LOW_PRIMARY_Q|LOW_ROLE_EVIDENCE
crystal-palace,Naouirou Ahamada,4d2ef119-cee5-59de-b521-e76e507b10a3,MID,UNKNOWN,0.0,0.0,,,0,38,,UNKNOWN_ROLE|LOW_PRIMARY_Q|LOW_ROLE_EVIDENCE
crystal-palace,Rio Cardines,fb5999b1-7357-5d65-94c6-bba6bff6ac3a,MID,UNKNOWN,0.0,0.0,,,0,38,,UNKNOWN_ROLE|LOW_PRIMARY_Q|LOW_ROLE_EVIDENCE
crystal-palace,Romain Esse,57b5b559-19a6-51a0-9c8d-8fcc78039b53,MID,UNKNOWN,0.0,0.0,,,0,38,,UNKNOWN_ROLE|LOW_PRIMARY_Q|LOW_ROLE_EVIDENCE
everton,Vitalii Mykolenko,563b4da9-f592-5401-92eb-a55748a6e3e1,DEF,LB,0.93,0.9021,,LB:0.93,1,38,,OK
everton,Jarrad Branthwaite,7af4896b-be30-5d5e-9119-e9efade2cada,DEF,LCB,0.6195,0.2231,LB:0.20,LCB:0.62; LB:0.20,1,38,,OK
everton,Michael Keane,b429ad96-edac-5640-8304-cd7a0cf6d7fa,DEF,LCB,0.9091,0.683,,LCB:0.91,1,38,,OK
everton,Jake O'Brien,36a20aea-e0e7-507c-ab6e-6740c5c56568,DEF,RB,0.7936,0.7899,,RB:0.79; LCB:0.09,1,38,,OK
everton,Nathan Patterson,d8394430-94ff-553e-be45-217705fee1db,DEF,RB,0.4933,0.0789,,RB:0.49,1,38,,OK
everton,Seamus Coleman,305c798a-fbdf-56f1-849c-099d894a35e7,DEF,RB,0.0665,0.0195,,RB:0.07,0,38,,LOW_PRIMARY_Q
everton,James Tarkowski,be864262-5b78-5455-be5c-8eb1eb4b8ed9,DEF,RCB,0.9329,0.9488,,RCB:0.93,1,38,,OK
everton,Adam Aznou,56f5a725-392a-55e2-b14d-c367cb37e912,DEF,UNKNOWN,0.0,0.0,,,0,38,,UNKNOWN_ROLE|LOW_PRIMARY_Q|LOW_ROLE_EVIDENCE
everton,Elijah Campbell,a53e2f5c-8466-576d-b1e1-bcf8ef8cf4fe,DEF,UNKNOWN,0.0,0.0,,,0,38,,UNKNOWN_ROLE|LOW_PRIMARY_Q|LOW_ROLE_EVIDENCE
everton,Reece Welch,f91d8dc3-a6b9-50ae-8b60-4740532501f3,DEF,UNKNOWN,0.0,0.0,,,0,38,,UNKNOWN_ROLE|LOW_PRIMARY_Q|LOW_ROLE_EVIDENCE
everton,Roman Dixon,665d5a02-0a50-5c58-b9af-f3a596f034ae,DEF,UNKNOWN,0.0,0.0,,,0,38,,UNKNOWN_ROLE|LOW_PRIMARY_Q|LOW_ROLE_EVIDENCE
everton,Norberto Bercique Gomes Betuncal,5089139a-ace7-504b-b31a-2d0b1307e0de,FWD,ST,0.8667,0.5581,,ST:0.87,1,38,,OK
everton,Thierno Barry,39aed718-6b3b-5edf-84ad-3242e984c314,FWD,ST,0.8498,0.4419,,ST:0.85,1,38,,OK
everton,Braiden Graham,2b3c2d65-43ec-580f-a3a6-3c0407c52660,FWD,UNKNOWN,0.0,0.0,,,0,38,,UNKNOWN_ROLE|LOW_PRIMARY_Q|LOW_ROLE_EVIDENCE
everton,Martin Sherif,10e8170d-7e2b-59c5-ace8-bb28f971652e,FWD,UNKNOWN,0.0,0.0,,,0,38,,UNKNOWN_ROLE|LOW_PRIMARY_Q|LOW_ROLE_EVIDENCE
everton,Youssef Ramalho Chermiti,02097b11-2664-5254-bae0-da15e4e226fd,FWD,UNKNOWN,0.0,0.0,,,0,38,,UNKNOWN_ROLE|LOW_PRIMARY_Q|LOW_ROLE_EVIDENCE
everton,Jordan Pickford,57881605-ab70-5c0d-865f-433201de3f6f,GK,GK,1.0,0.995,,GK:1.00,1,38,,OK
everton,Harry Tyrer,3c33697d-f1f4-5c84-b4d4-fe5ba2bf4a3e,GK,UNKNOWN,0.0,0.0,,,0,38,,UNKNOWN_ROLE|LOW_PRIMARY_Q|LOW_ROLE_EVIDENCE
everton,Mark Travers,449977b8-953f-5ce6-891f-263d4632e3d0,GK,UNKNOWN,0.0,0.0,,,0,38,,UNKNOWN_ROLE|LOW_PRIMARY_Q|LOW_ROLE_EVIDENCE
everton,Tom King,f92892c3-1747-5c0a-a695-2a39400b3974,GK,UNKNOWN,0.0,0.0,,,0,38,,UNKNOWN_ROLE|LOW_PRIMARY_Q|LOW_ROLE_EVIDENCE
everton,Carlos Alcaraz,fff05087-e912-5616-900c-dbab609d6cf8,MID,CAM,0.4175,0.0721,,CAM:0.42; LAM:0.08; RAM:0.07,1,38,,OK
everton,Kiernan Dewsbury-Hall,1993b39f-9a1a-5805-bce4-6ff7cb40ebde,MID,CAM,0.8874,0.7753,,CAM:0.89,1,38,,OK
everton,Harrison Armstrong,4788a762-a8dd-587b-88ad-eb1d2f51ec12,MID,LAM,0.2646,0.0719,CAM:0.20; RAM:0.14; RCM:0.12,LAM:0.26; CAM:0.20; RAM:0.14; RCM:0.12,2,38,,LOW_PRIMARY_Q|MULTI_ROLE
everton,Iliman Ndiaye,dea12abc-e8dd-5839-b626-0cb7e72e9a26,MID,LAM,0.6525,0.5858,RAM:0.27,LAM:0.65; RAM:0.27,2,38,,MULTI_ROLE
everton,Jack Grealish,70f73e4b-067e-5b9a-9c56-6049178d3e61,MID,LAM,0.7027,0.2173,,LAM:0.70; LW:0.09,1,38,,OK
everton,Tyrique George,3c785544-9ef9-55d3-b726-bcbf136d1d05,MID,LAM,0.2782,0.0393,,LAM:0.28,1,38,,LOW_PRIMARY_Q
everton,James Garner,444bfe5b-015a-5ec2-ac21-34fd780e0aa5,MID,LDM,0.5304,0.5566,RDM:0.27; RB:0.10,LDM:0.53; RDM:0.27; RB:0.10,2,38,,MULTI_ROLE
everton,Dwight McNeil,513a08ed-3905-5e99-98a3-849492c9d389,MID,RAM,0.7064,0.399,,RAM:0.71; LAM:0.09; RW:0.06,1,38,,OK
everton,Merlin Röhl,e9f5aa44-1c52-51c9-85a6-b079a6b78080,MID,RAM,0.6298,0.2017,,RAM:0.63; RDM:0.09; CAM:0.08,1,38,,OK
everton,Tyler Dibling,ddd5f39d-2c3a-5f8e-a76f-e64d451f6ac1,MID,RAM,0.461,0.0756,,RAM:0.46,1,38,,OK
everton,Idrissa Gueye,d0fb5815-b17b-56d0-869e-d0e8910ab751,MID,RDM,0.5454,0.3686,LDM:0.36,RDM:0.55; LDM:0.36,2,38,,MULTI_ROLE
everton,Tim Iroegbunam,9cb12f76-aa67-5f6a-9571-1925e3cbe9ef,MID,RDM,0.5961,0.2939,LDM:0.22,RDM:0.60; LDM:0.22; LCM:0.06,2,38,,MULTI_ROLE
everton,Callum Bates,ce8b6d7b-8dfe-599e-9f1e-09de5a79f605,MID,UNKNOWN,0.0,0.0,,,0,38,,UNKNOWN_ROLE|LOW_PRIMARY_Q|LOW_ROLE_EVIDENCE
everton,Coby Ebere,b2d37505-28d0-53f0-9238-bb13559bf0ae,MID,UNKNOWN,0.0,0.0,,,0,38,,UNKNOWN_ROLE|LOW_PRIMARY_Q|LOW_ROLE_EVIDENCE
everton,Isaac Heath,f4de63a1-566c-55a8-bfd7-d9fd1efa3975,MID,UNKNOWN,0.0,0.0,,,0,38,,UNKNOWN_ROLE|LOW_PRIMARY_Q|LOW_ROLE_EVIDENCE
everton,Jenson Metcalfe,7d836281-43c0-58f9-a57e-3e73ea5c442f,MID,UNKNOWN,0.0,0.0,,,0,38,,UNKNOWN_ROLE|LOW_PRIMARY_Q|LOW_ROLE_EVIDENCE
everton,Tyler Onyango,06919308-2b7f-56b3-a019-7f39ab787840,MID,UNKNOWN,0.0,0.0,,,0,38,,UNKNOWN_ROLE|LOW_PRIMARY_Q|LOW_ROLE_EVIDENCE
fulham,Antonee Robinson,b0f2d5cb-b80d-5e8a-9e43-b15a89d555ca,DEF,LB,0.8208,0.5366,,LB:0.82; LWB:0.07,1,38,,OK
fulham,Calvin Bassey,184a3e3b-1fa2-5323-8175-88f9b20eb992,DEF,LCB,0.9112,0.7616,,LCB:0.91,1,38,,OK
fulham,Jorge Cuenca Barreno,89e2dbba-92fb-5ebc-867f-5c1a954b2881,DEF,LCB,0.764,0.2384,,LCB:0.76,1,38,,OK
fulham,Kenny Tete,af777f5c-5e76-5ea9-8f99-a7a8459df650,DEF,RB,0.8449,0.397,,RB:0.84,1,38,,OK
fulham,Timothy Castagne,e2d4248d-32fc-5ca0-8ae6-6abd3c22634e,DEF,RB,0.785,0.5477,,RB:0.79; RWB:0.09,1,38,,OK
fulham,Issa Diop,9b9067ce-8398-553d-8496-d169d55e5396,DEF,RCB,0.7631,0.2229,,RCB:0.76,1,38,,OK
fulham,Joachim Andersen,c369cb81-fb27-51a7-8457-4b7a866bbbdc,DEF,RCB,0.8579,0.7771,,RCB:0.86; CB:0.07,1,38,,OK
fulham,Samuel Amissah,9281e7d3-95c6-5154-b3c9-4063c1760d4a,DEF,UNKNOWN,0.0,0.0,,,0,38,,UNKNOWN_ROLE|LOW_PRIMARY_Q|LOW_ROLE_EVIDENCE
fulham,Raúl Jiménez,920d3e82-2ef6-5ae4-aa99-e8d693a9d888,FWD,ST,0.8893,0.6609,,ST:0.89,1,38,,OK
fulham,Rodrigo Muniz Carvalho,d23b8279-3fbf-54f8-827e-4312b70cd086,FWD,ST,0.8002,0.3232,,ST:0.80,1,38,,OK
fulham,Jonah Kusi-Asare,eeeaf0ca-8ef0-5078-9750-c1da71cc70a6,FWD,UNKNOWN,0.0,0.0,,,0,38,,UNKNOWN_ROLE|LOW_PRIMARY_Q|LOW_ROLE_EVIDENCE
fulham,Bernd Leno,83056bd2-b742-5b28-b32d-8ba4a3902c61,GK,GK,1.0,0.995,,GK:1.00,1,38,,OK
fulham,Alfie McNally,1e279394-1dc2-5db0-90f5-5df405248d22,GK,UNKNOWN,0.0,0.0,,,0,38,,UNKNOWN_ROLE|LOW_PRIMARY_Q|LOW_ROLE_EVIDENCE
fulham,Benjamin Lecomte,8d3a13d7-1211-5470-b576-b196e5e19318,GK,UNKNOWN,0.0,0.0,,,0,38,,UNKNOWN_ROLE|LOW_PRIMARY_Q|LOW_ROLE_EVIDENCE
fulham,Steven Benda,2884db2a-9a3e-58f5-be50-545bd0c7643d,GK,UNKNOWN,0.0,0.0,,,0,38,,UNKNOWN_ROLE|LOW_PRIMARY_Q|LOW_ROLE_EVIDENCE
fulham,Emile Smith Rowe,7f48ec5f-f934-516a-9c1f-84d42bd974ff,MID,CAM,0.7807,0.565,LAM:0.11,CAM:0.78; LAM:0.11,1,38,,OK
fulham,Joshua King,9f1ab4dd-f86c-5749-967d-c8f0fbfe15f7,MID,CAM,0.7231,0.2742,,CAM:0.72,1,38,,OK
fulham,Kevin Santos Lopes de Macedo,4dba3178-ba81-5a3b-99aa-be47c6225e49,MID,LAM,0.632,0.1593,,LAM:0.63,1,38,,OK
fulham,Oscar Bobb,ef856b2c-4200-58fa-8d76-23913677f5ba,MID,LAM,0.4847,0.1829,RAM:0.26,LAM:0.48; RAM:0.26,2,38,,MULTI_ROLE
fulham,Samuel Chukwueze,09be2cb2-a90e-562f-8a53-32294044e02f,MID,LAM,0.7006,0.3259,RAM:0.12,LAM:0.70; RAM:0.12,1,38,,OK
fulham,Ryan Sessegnon,ada8c7db-805e-5910-b00a-946e17af3218,MID,LB,0.765,0.318,,LB:0.77; RAM:0.05,1,38,,OK
fulham,Sander Berge,f0504a37-2a31-5f04-8704-2c307c2384cd,MID,LDM,0.5992,0.5205,RDM:0.28,LDM:0.60; RDM:0.28,2,38,,MULTI_ROLE
fulham,Tom Cairney,a9c228ea-04e0-5861-b004-a8719101c698,MID,LDM,0.4712,0.1223,LCM:0.20,LDM:0.47; LCM:0.20,2,38,,MULTI_ROLE
fulham,Adama Traoré Diarra,b7c9efe9-e4ac-5f89-b85e-5170d8689598,MID,RAM,0.2902,0.0419,,RAM:0.29,1,23,,LOW_PRIMARY_Q
fulham,Harry Wilson,6cfbd227-d6d0-525d-810f-a1e929d406bf,MID,RAM,0.8892,0.8085,,RAM:0.89,1,38,,OK
fulham,Alex Iwobi,bf6c1651-0779-512e-9c37-3b8ac8c14714,MID,RDM,0.38,0.2879,LAM:0.26; LDM:0.26,RDM:0.38; LAM:0.26; LDM:0.26,3,38,,LOW_PRIMARY_Q|MULTI_ROLE
fulham,Harrison Reed,c04d1727-85e9-5596-a2b4-b5341c1ffb6a,MID,RDM,0.4097,0.0683,,RDM:0.41,1,38,,OK
fulham,Sasa Lukic,aa82079f-0382-5b01-bb3b-9224650f408b,MID,RDM,0.6888,0.3595,LDM:0.13,RDM:0.69; LDM:0.13; RCM:0.05,1,38,,OK
fulham,Andreas Hoelgebaum Pereira,7eeea32d-a93f-528c-b39d-13738bb7845d,MID,UNKNOWN,0.0,0.0,,,0,38,,UNKNOWN_ROLE|LOW_PRIMARY_Q|LOW_ROLE_EVIDENCE
fulham,Luke Harris,736d59b4-ee4f-5f6a-b344-46cfa35656af,MID,UNKNOWN,0.0,0.0,,,0,38,,UNKNOWN_ROLE|LOW_PRIMARY_Q|LOW_ROLE_EVIDENCE
fulham,Martial Godo,aa380b97-b3f2-5b4a-8e61-1b6dd1a987f1,MID,UNKNOWN,0.0,0.0,,,0,38,,UNKNOWN_ROLE|LOW_PRIMARY_Q|LOW_ROLE_EVIDENCE
fulham,Seth Ridgeon,6d366ec9-c535-5d7b-98f7-1b1f90cd3d69,MID,UNKNOWN,0.0,0.0,,,0,38,,UNKNOWN_ROLE|LOW_PRIMARY_Q|LOW_ROLE_EVIDENCE
leeds-united,Jaka Bijol,43ae6b5e-3989-58fb-8540-6a539dd06218,DEF,CB,0.79,0.5868,LCB:0.12,CB:0.79; LCB:0.12,1,38,,OK
leeds-united,Pascal Struijk,5a70a2e2-7a8a-554e-9ac0-d3c00ac6383f,DEF,LCB,0.8667,0.793,,LCB:0.87; RCB:0.06,1,38,,OK
leeds-united,Sebastiaan Bornauw,a8678248-1555-5a99-8bcd-6ec2a944ea53,DEF,LCB,0.3317,0.0776,RCB:0.27; CB:0.13,LCB:0.33; RCB:0.27; CB:0.13,2,38,,LOW_PRIMARY_Q|MULTI_ROLE
leeds-united,Gabriel Gudmundsson,2151f057-0065-57a0-87e5-2a434738b8d1,DEF,LWB,0.6596,0.4811,LB:0.21,LWB:0.66; LB:0.21,2,38,,MULTI_ROLE
leeds-united,James Justin,e5ce8638-ef71-56e5-ae05-c0e425118aa3,DEF,LWB,0.3918,0.3314,RCB:0.31; RWB:0.15,LWB:0.39; RCB:0.31; RWB:0.15,2,38,,LOW_PRIMARY_Q|MULTI_ROLE
leeds-united,Joe Rodon,80984ab9-f368-5f6c-be67-3ca8dc321a4e,DEF,RCB,0.6905,0.5862,CB:0.19,RCB:0.69; CB:0.19,1,38,,OK
leeds-united,Jayden Bogle,474896af-e9ef-5bb3-b82b-79c2fb8c891e,DEF,RWB,0.6636,0.5433,RB:0.16,RWB:0.66; RB:0.16; RW:0.10,1,38,,OK
leeds-united,Isaac Schmidt,05464ed5-30b5-5db8-b69e-4ed4ecf68b91,DEF,UNKNOWN,0.0,0.0,,,0,38,,UNKNOWN_ROLE|LOW_PRIMARY_Q|LOW_ROLE_EVIDENCE
leeds-united,Jayden Lienou,75309ae5-7034-59b3-88da-c65d78251de3,DEF,UNKNOWN,0.0,0.0,,,0,38,,UNKNOWN_ROLE|LOW_PRIMARY_Q|LOW_ROLE_EVIDENCE
leeds-united,Sam Byram,9e6b179b-c48c-55e2-a994-96c7b2b50d30,DEF,UNKNOWN,0.0,0.0,,,0,38,,UNKNOWN_ROLE|LOW_PRIMARY_Q|LOW_ROLE_EVIDENCE
leeds-united,Dominic Calvert-Lewin,63588bd5-68f8-567a-8175-c17ab42b05f3,FWD,ST,0.9273,0.874,,ST:0.93,1,38,,OK
leeds-united,Joël Piroe,444fa31b-486a-5e4b-94ca-7e00df06a41b,FWD,ST,0.1567,0.0192,,ST:0.16,0,38,,LOW_PRIMARY_Q
leeds-united,Lukas Nmecha,2b912d01-8ef9-569f-bb93-0cec5c578194,FWD,ST,0.6945,0.2096,,ST:0.69,1,38,,OK
leeds-united,Harry Gray,28a76709-86bc-5374-b68f-317ce6a2fece,FWD,UNKNOWN,0.0,0.0,,,0,38,,UNKNOWN_ROLE|LOW_PRIMARY_Q|LOW_ROLE_EVIDENCE
leeds-united,Mateo Joseph Fernández,f7e01f64-b15b-5e5f-b9bb-443acf0263eb,FWD,UNKNOWN,0.0,0.0,,,0,38,,UNKNOWN_ROLE|LOW_PRIMARY_Q|LOW_ROLE_EVIDENCE
leeds-united,Patrick Bamford,2ae46311-d669-503a-b92c-a3711ab11610,FWD,UNKNOWN,0.0,0.0,,,0,38,,UNKNOWN_ROLE|LOW_PRIMARY_Q|LOW_ROLE_EVIDENCE
leeds-united,Karl Darlow,d921acea-ffba-515b-a957-12586c43f133,GK,GK,1.0,0.7647,,GK:1.00,1,38,,OK
leeds-united,Lucas Estella Perri,542e61a7-899c-5785-91c5-c76ab1e53e2d,GK,GK,1.0,0.2353,,GK:1.00,1,38,,OK
leeds-united,Alex Cairns,d5ed50c8-a1c0-5093-be21-18e0e2bcefa6,GK,UNKNOWN,0.0,0.0,,,0,38,,UNKNOWN_ROLE|LOW_PRIMARY_Q|LOW_ROLE_EVIDENCE
leeds-united,Illan Meslier,52774bd0-a651-51a2-9572-aa9c204ae1cd,GK,UNKNOWN,0.0,0.0,,,0,38,,UNKNOWN_ROLE|LOW_PRIMARY_Q|LOW_ROLE_EVIDENCE
leeds-united,Ethan Ampadu,82e95b4b-22b2-59a9-b33b-e199df378fe3,MID,CM,0.4387,0.4416,RCM:0.39,CM:0.44; RCM:0.39; CAM:0.05,2,38,,MULTI_ROLE
leeds-united,Ilia Gruev,3c3955d4-e30d-55eb-924e-d252c6949a50,MID,LCM,0.7388,0.3351,,LCM:0.74; CM:0.10,1,38,,OK
leeds-united,Tanaka Ao,3b36fb97-62ec-53b8-882c-bd6a01550f8c,MID,LCM,0.6518,0.3334,RCM:0.20,LCM:0.65; RCM:0.20,2,38,,MULTI_ROLE
leeds-united,Jack Harrison,72b4d47e-09d1-54dc-a733-48d72051bfd6,MID,LW,0.1338,0.0151,,LW:0.13,0,38,,LOW_PRIMARY_Q
leeds-united,Wilfried Gnonto,636ed36a-8aff-58b0-a5e5-7b5894084b12,MID,LW,0.2585,0.0359,,LW:0.26,1,38,,LOW_PRIMARY_Q
leeds-united,Anton Stach,9066de74-0bf4-5c6d-8a3f-3b977b735a67,MID,RCM,0.3942,0.3095,LCM:0.32; RW:0.10,RCM:0.39; LCM:0.32; RW:0.10; RAM:0.08,2,38,,LOW_PRIMARY_Q|MULTI_ROLE
leeds-united,Sean Longstaff,015a7f1a-67ab-53dc-babc-333cf97f761f,MID,RCM,0.5287,0.0918,,RCM:0.53; LCM:0.07,1,38,,OK
leeds-united,Daniel James,6b487d4a-07ef-5c9e-b3e0-8bc10e69d873,MID,RWB,0.5207,0.1436,RW:0.13,RWB:0.52; RW:0.13,1,38,,OK
leeds-united,Brenden Aaronson,c550c5c9-6be9-5d60-a724-ed8b1d333548,MID,ST,0.2404,0.2379,RAM:0.17; LW:0.17; RCM:0.11; RW:0.11,ST:0.24; RAM:0.17; LW:0.17; RCM:0.11; RW:0.11; CAM:0.08; LAM:0.07,1,38,,LOW_PRIMARY_Q
leeds-united,Noah Okafor,8e67ff00-ad19-5384-8c44-acf0faf97249,MID,ST,0.3753,0.1843,LAM:0.29; LW:0.17,ST:0.38; LAM:0.29; LW:0.17,2,38,,LOW_PRIMARY_Q|MULTI_ROLE
leeds-united,Alfie Cresswell,8aed7572-0495-5ac2-820c-f11d789d946b,MID,UNKNOWN,0.0,0.0,,,0,38,,UNKNOWN_ROLE|LOW_PRIMARY_Q|LOW_ROLE_EVIDENCE
leeds-united,Charlie Crew,b51b313f-f96d-5c33-b8be-063d710952f5,MID,UNKNOWN,0.0,0.0,,,0,38,,UNKNOWN_ROLE|LOW_PRIMARY_Q|LOW_ROLE_EVIDENCE
leeds-united,Darko Gyabi,42d589dd-2de8-5c4b-8de3-2ec64bd27ef3,MID,UNKNOWN,0.0,0.0,,,0,38,,UNKNOWN_ROLE|LOW_PRIMARY_Q|LOW_ROLE_EVIDENCE
leeds-united,Facundo Buonanotte,c86ca08c-b2a0-524b-91f4-254b65701bdd,MID,UNKNOWN,0.0,0.0,,,0,38,,UNKNOWN_ROLE|LOW_PRIMARY_Q|LOW_ROLE_EVIDENCE
leeds-united,Joe Gelhardt,efcc548f-5524-51fb-8c54-56bea848dc3f,MID,UNKNOWN,0.0,0.0,,,0,38,,UNKNOWN_ROLE|LOW_PRIMARY_Q|LOW_ROLE_EVIDENCE
leeds-united,Largie Ramazani,4ef7093e-03ff-5d62-a744-87ea8be7d38a,MID,UNKNOWN,0.0,0.0,,,0,38,,UNKNOWN_ROLE|LOW_PRIMARY_Q|LOW_ROLE_EVIDENCE
leeds-united,Rhys Chadwick,224e0505-bb1f-5108-9049-89f41bbc562d,MID,UNKNOWN,0.0,0.0,,,0,38,,UNKNOWN_ROLE|LOW_PRIMARY_Q|LOW_ROLE_EVIDENCE
leeds-united,Sam Chambers,da39b561-29f9-5523-9f7e-ce428995a667,MID,UNKNOWN,0.0,0.0,,,0,38,,UNKNOWN_ROLE|LOW_PRIMARY_Q|LOW_ROLE_EVIDENCE
leeds-united,Sam Greenwood,974ef92f-7944-5ffd-a730-7734e72c7dac,MID,UNKNOWN,0.0,0.0,,,0,38,,UNKNOWN_ROLE|LOW_PRIMARY_Q|LOW_ROLE_EVIDENCE
liverpool,Andrew Robertson,9e1945d4-3c6d-54ed-b8d0-6ba8f66541c2,DEF,LB,0.8271,0.3675,,LB:0.83,1,38,,OK
liverpool,Milos Kerkez,4b503a23-131b-5e74-983e-6d9f3f06f2dd,DEF,LB,0.8937,0.6325,,LB:0.89,1,38,,OK
liverpool,Virgil van Dijk,b8d260b7-8922-5c13-b885-b00fbe91b80e,DEF,LCB,0.9357,0.995,,LCB:0.94,1,38,,OK
liverpool,Jeremie Frimpong,abc5ff85-af28-52a6-899e-59f93406af42,DEF,RAM,0.4514,0.2175,RB:0.40,RAM:0.45; RB:0.40,2,38,,MULTI_ROLE
liverpool,Conor Bradley,78c0a2b0-1177-5877-a879-cde3ee7544cd,DEF,RB,0.6719,0.1696,,RB:0.67,1,38,,OK
liverpool,Joseph Gomez,0ffc6ec2-ca3e-5db4-8ebf-a8eba45464b9,DEF,RB,0.4878,0.1572,RCB:0.24,RB:0.49; RCB:0.24,2,38,,MULTI_ROLE
liverpool,Ibrahima Konaté,66e53a63-86c7-5b13-92b7-7f9d7f77e440,DEF,RCB,0.9284,0.9217,,RCB:0.93,1,38,,OK
liverpool,Amara Nallo,d4b5ff08-b86e-54fd-afa2-99a30a506fdf,DEF,UNKNOWN,0.0,0.0,,,0,38,,UNKNOWN_ROLE|LOW_PRIMARY_Q|LOW_ROLE_EVIDENCE
liverpool,Calvin Ramsay,47656ec5-5c9b-52ed-a044-52efc69c5073,DEF,UNKNOWN,0.0,0.0,,,0,38,,UNKNOWN_ROLE|LOW_PRIMARY_Q|LOW_ROLE_EVIDENCE
liverpool,Giovanni Leoni,a4f10188-4c42-55fd-b356-75102e031168,DEF,UNKNOWN,0.0,0.0,,,0,38,,UNKNOWN_ROLE|LOW_PRIMARY_Q|LOW_ROLE_EVIDENCE
liverpool,Konstantinos Tsimikas,9eccc04f-8346-57b1-bd1e-71323575dc04,DEF,UNKNOWN,0.0,0.0,,,0,38,,UNKNOWN_ROLE|LOW_PRIMARY_Q|LOW_ROLE_EVIDENCE
liverpool,Rhys Williams,d1f47c3f-5231-51c6-81dc-a5736cee9adb,DEF,UNKNOWN,0.0,0.0,,,0,38,,UNKNOWN_ROLE|LOW_PRIMARY_Q|LOW_ROLE_EVIDENCE
liverpool,Talla Ndiaye,ca26a4ce-2ced-5022-9763-3d7960d87d9c,DEF,UNKNOWN,0.0,0.0,,,0,38,,UNKNOWN_ROLE|LOW_PRIMARY_Q|LOW_ROLE_EVIDENCE
liverpool,Wellity Lucky,93048204-7621-5ffc-8c31-ed76da8f62f1,DEF,UNKNOWN,0.0,0.0,,,0,38,,UNKNOWN_ROLE|LOW_PRIMARY_Q|LOW_ROLE_EVIDENCE
liverpool,Alexander Isak,c0368969-bbd9-51aa-b3f8-938783260736,FWD,ST,0.6916,0.1827,,ST:0.69,1,38,,OK
liverpool,Hugo Ekitiké,1f949251-9252-593a-a2f0-d26d1f7e776b,FWD,ST,0.8452,0.435,,ST:0.85,1,38,,OK
liverpool,Darwin Núñez Ribeiro,138144e8-72f1-5e52-a26e-d5ee565f1904,FWD,UNKNOWN,0.0,0.0,,,0,38,,UNKNOWN_ROLE|LOW_PRIMARY_Q|LOW_ROLE_EVIDENCE
liverpool,Jayden Danns,0a3fb5ab-e9ba-57b4-bc4d-2b8f0219b826,FWD,UNKNOWN,0.0,0.0,,,0,38,,UNKNOWN_ROLE|LOW_PRIMARY_Q|LOW_ROLE_EVIDENCE
liverpool,Will Wright,e4e14fae-4616-5bcb-8b8f-ada565c92ea4,FWD,UNKNOWN,0.0,0.0,,,0,38,,UNKNOWN_ROLE|LOW_PRIMARY_Q|LOW_ROLE_EVIDENCE
liverpool,Alisson Ramses Becker,bb7d5990-008e-5f6d-871a-83ec4490dd2d,GK,GK,1.0,0.527,,GK:1.00,1,38,,OK
liverpool,Freddie Woodman,7a5568a1-0d6a-5388-9fe2-daf7af01c339,GK,GK,1.0,0.1266,,GK:1.00,1,38,,OK
liverpool,Giorgi Mamardashvili,f2831f63-18d0-5405-9349-288d723614fe,GK,GK,1.0,0.3464,,GK:1.00,1,38,,OK
liverpool,Ármin Pécsi,abbc599e-36f3-5bfb-baf8-47f6866dfc5a,GK,UNKNOWN,0.0,0.0,,,0,38,,UNKNOWN_ROLE|LOW_PRIMARY_Q|LOW_ROLE_EVIDENCE
liverpool,Dominik Szoboszlai,b8cff13d-168c-5c65-ad52-99b0426b08f2,MID,CAM,0.3217,0.3207,RDM:0.18; RB:0.18; RAM:0.13,CAM:0.32; RDM:0.18; RB:0.18; RAM:0.13; ST:0.07; RCM:0.05,1,38,,LOW_PRIMARY_Q
liverpool,Florian Wirtz,e1be452d-eabb-5030-8f89-d3b48d85fedb,MID,CAM,0.5177,0.4026,LAM:0.16; ST:0.13,CAM:0.52; LAM:0.16; ST:0.13; LCM:0.07,1,38,,OK
liverpool,Cody Gakpo,3662a836-64ae-524d-ac5d-6c64245981a2,MID,LAM,0.5728,0.5479,ST:0.34,LAM:0.57; ST:0.34,2,38,,MULTI_ROLE
liverpool,Rio Ngumoha,debd2971-955d-5acb-b321-caec89c7ad6d,MID,LAM,0.7397,0.2362,,LAM:0.74,1,38,,OK
liverpool,Alexis Mac Allister,d982f8cc-b7f6-5eef-880a-7588a8d9c761,MID,LDM,0.785,0.6855,CAM:0.12,LDM:0.79; CAM:0.12,1,38,,OK
liverpool,Federico Chiesa,a71659ac-51ab-555b-9916-b585f197aa60,MID,RAM,0.194,0.0255,,RAM:0.19,0,38,,LOW_PRIMARY_Q
liverpool,Mohamed Salah,5ac01d0b-69fc-5dea-acd4-ecdaec724a83,MID,RAM,0.8032,0.4583,,RAM:0.80; ST:0.06,1,38,,OK
liverpool,Curtis Jones,69b2f335-365b-5201-b36b-babf799e628a,MID,RB,0.4083,0.2415,LDM:0.21; RAM:0.13; CAM:0.10,RB:0.41; LDM:0.21; RAM:0.13; CAM:0.10,2,38,,MULTI_ROLE
liverpool,Wataru Endo,e294bf9c-b850-58e2-8e18-b24687408f28,MID,RB,0.2976,0.0394,,RB:0.30,1,38,,LOW_PRIMARY_Q
liverpool,Ryan Gravenberch,b02dbbb7-35b6-53d3-be68-f7c1b2c4e70f,MID,RDM,0.794,0.7533,,RDM:0.79; CM:0.07; LDM:0.07,1,38,,OK
liverpool,James McConnell,3bab7c49-aa46-58d8-90d6-4cf3bfbcf8da,MID,UNKNOWN,0.0,0.0,,,0,38,,UNKNOWN_ROLE|LOW_PRIMARY_Q|LOW_ROLE_EVIDENCE
liverpool,Kieran Morrison,8cc196a8-778a-516d-b076-6538623993c0,MID,UNKNOWN,0.0,0.0,,,0,38,,UNKNOWN_ROLE|LOW_PRIMARY_Q|LOW_ROLE_EVIDENCE
liverpool,Luis Díaz,d94247e4-7435-5b73-b547-77783343b8ef,MID,UNKNOWN,0.0,0.0,,,0,38,,UNKNOWN_ROLE|LOW_PRIMARY_Q|LOW_ROLE_EVIDENCE
liverpool,Stefan Bajcetic,c06a7898-18bc-59aa-9fea-bb61923ebd70,MID,UNKNOWN,0.0,0.0,,,0,38,,UNKNOWN_ROLE|LOW_PRIMARY_Q|LOW_ROLE_EVIDENCE
liverpool,Treymaurice Nyoni,b583437c-0e58-52e9-b157-bdf58f64c052,MID,UNKNOWN,0.0,0.0,,,0,38,,UNKNOWN_ROLE|LOW_PRIMARY_Q|LOW_ROLE_EVIDENCE
liverpool,Tyler Morton,cfee3285-846d-500c-84d7-88006991819d,MID,UNKNOWN,0.0,0.0,,,0,38,,UNKNOWN_ROLE|LOW_PRIMARY_Q|LOW_ROLE_EVIDENCE
manchester-city,Nico O'Reilly,692da677-7071-5b72-89bc-cc722ba518e2,DEF,LB,0.6127,0.5335,LAM:0.25,LB:0.61; LAM:0.25; LDM:0.07,2,38,,MULTI_ROLE
manchester-city,Rayan Aït-Nouri,8f8bfbcb-af82-5a5c-952d-234afde668ad,DEF,LB,0.6758,0.3283,LAM:0.17,LB:0.68; LAM:0.17,1,38,,OK
manchester-city,Joško Gvardiol,4238fdb0-cf75-58c4-b3b5-1e9939c55fc1,DEF,LCB,0.5928,0.1889,LB:0.19,LCB:0.59; LB:0.19,1,38,,OK
manchester-city,Marc Guéhi,607bc478-1de3-5627-b97c-8cc0c015b3e0,DEF,LCB,0.8291,0.6176,,LCB:0.83; RCB:0.09,1,38,,OK
manchester-city,Max Alleyne,438fc70b-3d5c-5a76-8236-a11719e82ea2,DEF,LCB,0.3695,0.0545,,LCB:0.37,1,38,,LOW_PRIMARY_Q
manchester-city,Nathan Aké,cffb76ef-9edc-5e36-95cd-8c4ce7623f4e,DEF,LCB,0.4612,0.0968,LB:0.23,LCB:0.46; LB:0.23,2,38,,MULTI_ROLE
manchester-city,Matheus Luiz Nunes,a6c3f89e-b9b1-5e12-9487-4f18ad700191,DEF,RB,0.9295,0.9336,,RB:0.93,1,38,,OK
manchester-city,Rico Lewis,83730675-676b-50b6-b1eb-8dac7bf1945f,DEF,RB,0.3673,0.0443,,RB:0.37,1,38,,LOW_PRIMARY_Q
manchester-city,Abdukodir Khusanov,74dac327-64c8-5269-84db-4a4550f5f921,DEF,RCB,0.8593,0.528,,RCB:0.86,1,38,,OK
manchester-city,John Stones,7eb8003c-fda3-5fc5-8d67-ca7a0d89468c,DEF,RCB,0.2979,0.0359,,RCB:0.30,1,38,,LOW_PRIMARY_Q
manchester-city,Rúben Gato Alves Dias,a71d684a-cc48-5dab-9f2a-addd0208884c,DEF,RCB,0.7942,0.3677,,RCB:0.79; LCB:0.06,1,38,,OK
manchester-city,Manuel Akanji,6109f956-a86b-50e2-b19c-30423f08c90c,DEF,UNKNOWN,0.0,0.0,,,0,38,,UNKNOWN_ROLE|LOW_PRIMARY_Q|LOW_ROLE_EVIDENCE
manchester-city,Stephen Mfuni,76b5ff9e-de1b-5e1c-9671-313179f87301,DEF,UNKNOWN,0.0,0.0,,,0,38,,UNKNOWN_ROLE|LOW_PRIMARY_Q|LOW_ROLE_EVIDENCE
manchester-city,Vitor de Oliveira Nunes dos Reis,8dd15921-9e34-56d6-b805-ffb703dc4224,DEF,UNKNOWN,0.0,0.0,,,0,38,,UNKNOWN_ROLE|LOW_PRIMARY_Q|LOW_ROLE_EVIDENCE
manchester-city,Erling Haaland,255ce56a-28f3-53e5-ae63-19f3c15aa12d,FWD,ST,0.9243,0.8591,,ST:0.92,1,38,,OK
manchester-city,Gianluigi Donnarumma,67859d1e-575f-5ae4-aa8d-8f36bd11696e,GK,GK,1.0,0.9739,,GK:1.00,1,38,,OK
manchester-city,James Trafford,8fc7e356-2dbb-50c9-8b7e-cc573f3855b4,GK,GK,1.0,0.0261,,GK:1.00,1,38,,OK
manchester-city,Ederson Santana de Moraes,7c9da209-7271-5ead-9590-5bb35f05a05e,GK,UNKNOWN,0.0,0.0,,,0,38,,UNKNOWN_ROLE|LOW_PRIMARY_Q|LOW_ROLE_EVIDENCE
manchester-city,Marcus Bettinelli,ddecc729-71bf-5e26-83fa-8f4b0557d6bb,GK,UNKNOWN,0.0,0.0,,,0,38,,UNKNOWN_ROLE|LOW_PRIMARY_Q|LOW_ROLE_EVIDENCE
manchester-city,Stefan Ortega Moreno,a493cdaf-9cab-5479-8687-9533f241460c,GK,UNKNOWN,0.0,0.0,,,0,24,,UNKNOWN_ROLE|LOW_PRIMARY_Q|LOW_ROLE_EVIDENCE
manchester-city,Bernardo Veiga de Carvalho e Silva,70198e6a-5cf9-5344-a2c0-f1b71dfeeb5f,MID,CAM,0.2508,0.2566,RCM:0.19; LDM:0.19; RDM:0.16,CAM:0.25; RCM:0.19; LDM:0.19; RDM:0.16; LCM:0.10; RW:0.06,1,38,,LOW_PRIMARY_Q
manchester-city,Rayan Cherki,eebb4710-6fe9-53e9-81e0-a650547126a0,MID,CAM,0.4313,0.276,RAM:0.29,CAM:0.43; RAM:0.29; LAM:0.07; RCM:0.05,2,38,,MULTI_ROLE
manchester-city,Nico González,a5ac6603-1c8f-569d-acdb-bba58bd047c8,MID,CM,0.4809,0.1554,RDM:0.17; DM:0.14,CM:0.48; RDM:0.17; DM:0.14,1,38,,OK
manchester-city,Rodrigo Hernandez,6f380ed1-cc12-5a44-847a-217354668a1e,MID,DM,0.7063,0.4173,LDM:0.17,DM:0.71; LDM:0.17,1,38,,OK
manchester-city,Jérémy Doku,dfca7131-f158-5eea-ba5e-b71b5a3655b2,MID,LAM,0.5822,0.318,LW:0.30,LAM:0.58; LW:0.30,2,38,,MULTI_ROLE
manchester-city,Mateo Kovacic,52ef863c-3a3d-510c-ac26-a4176d6b98ff,MID,LCM,0.4103,0.0744,,LCM:0.41,1,38,,OK
manchester-city,Phil Foden,f717009d-d433-5fa0-9cf5-1e081478a8f1,MID,LCM,0.3003,0.1379,RAM:0.17; RDM:0.14; LAM:0.13,LCM:0.30; RAM:0.17; RDM:0.14; LAM:0.13; RCM:0.09; RW:0.05,1,38,,LOW_PRIMARY_Q
manchester-city,Antoine Semenyo,66ce5aaa-c0e9-5462-8a78-fae312616872,MID,RAM,0.4854,0.3808,ST:0.29; RW:0.14,RAM:0.49; ST:0.29; RW:0.14,2,38,,MULTI_ROLE
manchester-city,Sávio 'Savinho' Moreira de Oliveira,a8873d13-747b-51b1-97e7-d8505b4f0084,MID,RAM,0.3849,0.0721,LW:0.12,RAM:0.38; LW:0.12; RW:0.10; LAM:0.08,1,38,,LOW_PRIMARY_Q
manchester-city,Tijjani Reijnders,138e28b4-ff6e-5598-bbd5-0b255b509b73,MID,RCM,0.3061,0.1095,LCM:0.26; RDM:0.15,RCM:0.31; LCM:0.26; RDM:0.15; LW:0.07,2,38,,LOW_PRIMARY_Q|MULTI_ROLE
manchester-city,Oscar Bobb,ef856b2c-4200-58fa-8d76-23913677f5ba,MID,RW,0.5819,0.1265,,RW:0.58,1,23,,OK
manchester-city,Omar Marmoush,7ba3294a-acf2-50da-ba1c-626fce42c1dc,MID,ST,0.7052,0.2497,,ST:0.71,1,38,,OK
manchester-city,Charlie Gray,db8017e7-100e-5284-985b-973c57b41eb1,MID,UNKNOWN,0.0,0.0,,,0,38,,UNKNOWN_ROLE|LOW_PRIMARY_Q|LOW_ROLE_EVIDENCE
manchester-city,Claudio Echeverri,23685de8-c39b-5824-8c5b-546d1bbf75e4,MID,UNKNOWN,0.0,0.0,,,0,38,,UNKNOWN_ROLE|LOW_PRIMARY_Q|LOW_ROLE_EVIDENCE
manchester-city,Divine Mukasa,201e624c-dbdb-53d2-bd0f-51add9b0065a,MID,UNKNOWN,0.0,0.0,,,0,38,,UNKNOWN_ROLE|LOW_PRIMARY_Q|LOW_ROLE_EVIDENCE
manchester-city,Ilkay Gündogan,03aa9721-b870-5123-9e60-a37f289d48f4,MID,UNKNOWN,0.0,0.0,,,0,38,,UNKNOWN_ROLE|LOW_PRIMARY_Q|LOW_ROLE_EVIDENCE
manchester-city,Kalvin Phillips,14629041-15dd-5022-aee0-77d30034ea61,MID,UNKNOWN,0.0,0.0,,,0,38,,UNKNOWN_ROLE|LOW_PRIMARY_Q|LOW_ROLE_EVIDENCE
manchester-city,Reigan Heskey,3f1aa38c-fd56-5adf-be5a-a23c7b331590,MID,UNKNOWN,0.0,0.0,,,0,38,,UNKNOWN_ROLE|LOW_PRIMARY_Q|LOW_ROLE_EVIDENCE
manchester-city,Ryan McAidoo,4073380f-fdfa-557a-86ed-8cd80b77ee9d,MID,UNKNOWN,0.0,0.0,,,0,38,,UNKNOWN_ROLE|LOW_PRIMARY_Q|LOW_ROLE_EVIDENCE
manchester-city,Sverre Nypan,90dd0286-b0cb-5e1a-9ffb-c86119467177,MID,UNKNOWN,0.0,0.0,,,0,38,,UNKNOWN_ROLE|LOW_PRIMARY_Q|LOW_ROLE_EVIDENCE
manchester-united,Matthijs de Ligt,914fa0d2-167c-55f6-8d3e-677d3abd15e0,DEF,CB,0.4499,0.0825,RCB:0.21,CB:0.45; RCB:0.21,2,38,,MULTI_ROLE
manchester-united,Patrick Dorgu,fba35e22-cb10-554f-ad2e-e62d2b5a5da8,DEF,LAM,0.3499,0.1015,LWB:0.27; RAM:0.16,LAM:0.35; LWB:0.27; RAM:0.16,2,38,,LOW_PRIMARY_Q|MULTI_ROLE
manchester-united,Luke Shaw,46c2018f-f80f-532e-b144-ef688e9f44eb,DEF,LB,0.731,0.7902,LCB:0.18,LB:0.73; LCB:0.18,1,38,,OK
manchester-united,Ayden Heaven,3da0d46a-b47e-5811-9668-ebfa18ca336a,DEF,LCB,0.477,0.1791,CB:0.21; RCB:0.15,LCB:0.48; CB:0.21; RCB:0.15,2,38,,MULTI_ROLE
manchester-united,Lisandro Martínez,cd221270-eb70-5941-b084-b02fff2a8b2e,DEF,LCB,0.8558,0.4211,,LCB:0.86,1,38,,OK
manchester-united,Diogo Dalot Teixeira,8d2526be-436d-5cc9-ac87-685d6e1cc27c,DEF,RB,0.7412,0.6245,LWB:0.12,RB:0.74; LWB:0.12; RWB:0.07,1,38,,OK
manchester-united,Noussair Mazraoui,c2bb5215-da9d-515a-81f0-604c302f3078,DEF,RB,0.3862,0.1144,RCB:0.30,RB:0.39; RCB:0.30; RWB:0.10,2,38,,LOW_PRIMARY_Q|MULTI_ROLE
manchester-united,Harry Maguire,85474434-c2d2-5904-bdbc-d8e7b1e46db0,DEF,RCB,0.5746,0.403,LCB:0.29,RCB:0.57; LCB:0.29,2,38,,MULTI_ROLE
manchester-united,Leny Yoro,82990c89-5786-50c7-898b-b6d67ce0f54a,DEF,RCB,0.8471,0.3948,,RCB:0.85,1,38,,OK
manchester-united,Diego León Blanco,dc37455d-e136-5cbf-bd39-ad65976452ea,DEF,UNKNOWN,0.0,0.0,,,0,38,,UNKNOWN_ROLE|LOW_PRIMARY_Q|LOW_ROLE_EVIDENCE
manchester-united,Godwill Kukonki,bf70640d-1ddd-5fed-92a7-6e29105224ac,DEF,UNKNOWN,0.0,0.0,,,0,38,,UNKNOWN_ROLE|LOW_PRIMARY_Q|LOW_ROLE_EVIDENCE
manchester-united,Harry Amass,6babb292-a645-5e1b-b4d5-28aa296e2170,DEF,UNKNOWN,0.0,0.0,,,0,38,,UNKNOWN_ROLE|LOW_PRIMARY_Q|LOW_ROLE_EVIDENCE
manchester-united,Tyler Fredricson,b0be752e-48b5-55b6-a5cc-4db545646b87,DEF,UNKNOWN,0.0,0.0,,,0,38,,UNKNOWN_ROLE|LOW_PRIMARY_Q|LOW_ROLE_EVIDENCE
manchester-united,Tyrell Malacia,b811a23d-b423-5518-bbf4-9c501dfa7e27,DEF,UNKNOWN,0.0,0.0,,,0,38,,UNKNOWN_ROLE|LOW_PRIMARY_Q|LOW_ROLE_EVIDENCE
manchester-united,Benjamin Sesko,f2eb0907-28df-5daf-b912-aec135508e38,FWD,ST,0.8555,0.4618,,ST:0.86,1,38,,OK
manchester-united,Joshua Zirkzee,65f4ba88-b61e-51b2-87e8-eed369448f75,FWD,ST,0.5341,0.113,,ST:0.53; RAM:0.08,1,38,,OK
manchester-united,Chido Obi-Martin,819b7c7d-510f-5e87-9598-9ffb7fdba6bd,FWD,UNKNOWN,0.0,0.0,,,0,38,,UNKNOWN_ROLE|LOW_PRIMARY_Q|LOW_ROLE_EVIDENCE
manchester-united,Ethan Wheatley,2a96dab1-4edc-53be-a938-3a9b093833e7,FWD,UNKNOWN,0.0,0.0,,,0,38,,UNKNOWN_ROLE|LOW_PRIMARY_Q|LOW_ROLE_EVIDENCE
manchester-united,Rasmus Højlund,128605db-ef96-581e-9536-1f9c6090a43e,FWD,UNKNOWN,0.0,0.0,,,0,38,,UNKNOWN_ROLE|LOW_PRIMARY_Q|LOW_ROLE_EVIDENCE
manchester-united,Altay Bayindir,f192bac3-5939-5751-bfc7-fc9da3a23532,GK,GK,1.0,0.0495,,GK:1.00,1,38,,OK
manchester-united,Senne Lammens,63a30902-aa79-59d2-bbc6-903ff41e54dc,GK,GK,1.0,0.9505,,GK:1.00,1,38,,OK
manchester-united,André Onana,56a3196e-0e47-5549-b09e-4059f2f52c05,GK,UNKNOWN,0.0,0.0,,,0,38,,UNKNOWN_ROLE|LOW_PRIMARY_Q|LOW_ROLE_EVIDENCE
manchester-united,Dermot Mee,e506edb1-3109-5180-85b9-a2063b0960f9,GK,UNKNOWN,0.0,0.0,,,0,38,,UNKNOWN_ROLE|LOW_PRIMARY_Q|LOW_ROLE_EVIDENCE
manchester-united,Elyh Harrison,d2035595-c8bf-52ec-be83-aa94cbdd1f5e,GK,UNKNOWN,0.0,0.0,,,0,38,,UNKNOWN_ROLE|LOW_PRIMARY_Q|LOW_ROLE_EVIDENCE
manchester-united,Tom Heaton,9b51d70e-f25b-5ceb-bfe6-08197c59b50b,GK,UNKNOWN,0.0,0.0,,,0,38,,UNKNOWN_ROLE|LOW_PRIMARY_Q|LOW_ROLE_EVIDENCE
manchester-united,Bruno Borges Fernandes,8b26f624-9357-5669-9698-f5fda36d4e75,MID,CAM,0.7517,0.7369,LCM:0.15,CAM:0.75; LCM:0.15,1,38,,OK
manchester-united,Matheus Santos Carneiro Da Cunha,1b9763d0-3c26-574c-9903-2c98b8431990,MID,LAM,0.7334,0.6373,ST:0.14,LAM:0.73; ST:0.14,1,38,,OK
manchester-united,Kobbie Mainoo,06edf8b9-4201-50b7-b9f9-2e6a7842f113,MID,LDM,0.8612,0.6296,,LDM:0.86; RDM:0.05,1,38,,OK
manchester-united,Amad Diallo,65910bcc-31a9-56bb-ba12-74e687cd31ec,MID,RAM,0.6359,0.4172,RWB:0.17,RAM:0.64; RWB:0.17; LAM:0.10,1,38,,OK
manchester-united,Bryan Mbeumo,be977983-b55e-52b9-96d5-b98b8b42edbb,MID,RAM,0.4988,0.4037,ST:0.32; LAM:0.10,RAM:0.50; ST:0.32; LAM:0.10,2,38,,MULTI_ROLE
manchester-united,Carlos Henrique Casimiro,e037fafa-e08a-50a4-8014-a43e6c2d13a4,MID,RDM,0.6777,0.6281,RCM:0.14,RDM:0.68; RCM:0.14; LDM:0.09,1,38,,OK
manchester-united,Manuel Ugarte,1bf5a1f9-7275-56b5-888b-e1417d195339,MID,RDM,0.2371,0.0502,RCM:0.17; LCM:0.14; LDM:0.13,RDM:0.24; RCM:0.17; LCM:0.14; LDM:0.13,1,38,,LOW_PRIMARY_Q
manchester-united,Mason Mount,6a3d319d-e848-56e0-bc06-707ee4149c24,MID,RDM,0.3039,0.0723,LAM:0.30,RDM:0.30; LAM:0.30; RAM:0.09; CAM:0.06,2,38,,LOW_PRIMARY_Q|MULTI_ROLE
manchester-united,Antony Matheus dos Santos,55143d8c-646d-5b69-aa97-acba4f0ffb1f,MID,UNKNOWN,0.0,0.0,,,0,38,,UNKNOWN_ROLE|LOW_PRIMARY_Q|LOW_ROLE_EVIDENCE
manchester-united,Bendito Mantato,c25595b5-e2ff-574c-a81a-7781e0f7e21c,MID,UNKNOWN,0.0,0.0,,,0,38,,UNKNOWN_ROLE|LOW_PRIMARY_Q|LOW_ROLE_EVIDENCE
manchester-united,Jack Fletcher,c094683d-901c-5fc7-8141-a12b87dfd452,MID,UNKNOWN,0.0,0.0,,,0,38,,UNKNOWN_ROLE|LOW_PRIMARY_Q|LOW_ROLE_EVIDENCE
manchester-united,Jack Moorhouse,8c95c60a-d2e8-5ad6-93e5-0da20edabc1c,MID,UNKNOWN,0.0,0.0,,,0,38,,UNKNOWN_ROLE|LOW_PRIMARY_Q|LOW_ROLE_EVIDENCE
manchester-united,Jayce Fitzgerald,7c216ccf-147f-5756-9a74-4d0b9402ce45,MID,UNKNOWN,0.0,0.0,,,0,38,,UNKNOWN_ROLE|LOW_PRIMARY_Q|LOW_ROLE_EVIDENCE
manchester-united,Jim Thwaites,90d13749-3400-5b29-97ac-80155b4b938a,MID,UNKNOWN,0.0,0.0,,,0,38,,UNKNOWN_ROLE|LOW_PRIMARY_Q|LOW_ROLE_EVIDENCE
manchester-united,Marcus Rashford,ce4e9feb-4403-58eb-8399-9928c574bf12,MID,UNKNOWN,0.0,0.0,,,0,38,,UNKNOWN_ROLE|LOW_PRIMARY_Q|LOW_ROLE_EVIDENCE
manchester-united,Shea Lacey,3e1b1cbc-faad-5ea4-8f2a-48694f197d92,MID,UNKNOWN,0.0,0.0,,,0,38,,UNKNOWN_ROLE|LOW_PRIMARY_Q|LOW_ROLE_EVIDENCE
manchester-united,Sékou Koné,19dca51d-e567-5833-865b-bf93ed6f1446,MID,UNKNOWN,0.0,0.0,,,0,38,,UNKNOWN_ROLE|LOW_PRIMARY_Q|LOW_ROLE_EVIDENCE
manchester-united,Toby Collyer,47894d22-89fc-5bbf-9ac1-bc02e0c1f66a,MID,UNKNOWN,0.0,0.0,,,0,38,,UNKNOWN_ROLE|LOW_PRIMARY_Q|LOW_ROLE_EVIDENCE
manchester-united,Tyler Fletcher,f06870d3-70b2-576f-aa34-548f7a56e5ff,MID,UNKNOWN,0.0,0.0,,,0,38,,UNKNOWN_ROLE|LOW_PRIMARY_Q|LOW_ROLE_EVIDENCE
newcastle-united,Dan Burn,7d97f99a-8163-5c05-a74a-5dd9794bd812,DEF,LB,0.4704,0.3008,LCB:0.43,LB:0.47; LCB:0.43,2,38,,MULTI_ROLE
newcastle-united,Lewis Hall,19517dba-f8bc-5da6-921a-eec76cc74b58,DEF,LB,0.8138,0.658,,LB:0.81; RB:0.09,1,38,,OK
newcastle-united,Fabian Schär,7ab09590-a77c-56c4-9a78-756ad9d93a0e,DEF,LCB,0.5143,0.1212,RCB:0.20,LCB:0.51; RCB:0.20,1,38,,OK
newcastle-united,Sven Botman,fe525ab5-78d1-5766-a583-9b76113d2d57,DEF,LCB,0.8426,0.583,,LCB:0.84,1,38,,OK
newcastle-united,Emil Krafth,2f6d1039-5d87-5a97-af8d-222573c68089,DEF,RB,0.1179,0.0178,,RB:0.12,0,38,,LOW_PRIMARY_Q
newcastle-united,Kieran Trippier,f60b2907-3c2e-5574-80f2-70b4f5078182,DEF,RB,0.8508,0.4374,,RB:0.85,1,38,,OK
newcastle-united,Tino Livramento,51e8b386-e9bf-5082-8db8-d994f8a48d0b,DEF,RB,0.6854,0.2321,,RB:0.69; LB:0.07,1,38,,OK
newcastle-united,Malick Thiaw,b03249c0-b20e-52bd-a82c-add878e8eda0,DEF,RCB,0.914,0.8974,,RCB:0.91,1,38,,OK
newcastle-united,Alex Murphy,b1d0e8b6-8d99-5966-bb22-0ea18cfa7da1,DEF,UNKNOWN,0.0,0.0,,,0,38,,UNKNOWN_ROLE|LOW_PRIMARY_Q|LOW_ROLE_EVIDENCE
newcastle-united,Harrison Ashby,e781a291-b6c8-5fbb-be17-ad3a53b47ceb,DEF,UNKNOWN,0.0,0.0,,,0,38,,UNKNOWN_ROLE|LOW_PRIMARY_Q|LOW_ROLE_EVIDENCE
newcastle-united,Jamaal Lascelles,6413050e-23fa-55d4-bcaa-e972e6db29e7,DEF,UNKNOWN,0.0,0.0,,,0,38,,UNKNOWN_ROLE|LOW_PRIMARY_Q|LOW_ROLE_EVIDENCE
newcastle-united,Leo Shahar,c04c6422-e06a-5aae-bfff-2f758a41daae,DEF,UNKNOWN,0.0,0.0,,,0,38,,UNKNOWN_ROLE|LOW_PRIMARY_Q|LOW_ROLE_EVIDENCE
newcastle-united,Matt Targett,6c66312d-25e7-5540-904a-5e3417543f1e,DEF,UNKNOWN,0.0,0.0,,,0,38,,UNKNOWN_ROLE|LOW_PRIMARY_Q|LOW_ROLE_EVIDENCE
newcastle-united,Miodrag Pivaš,538d819c-3a0c-5abf-8387-6bec194cc314,DEF,UNKNOWN,0.0,0.0,,,0,38,,UNKNOWN_ROLE|LOW_PRIMARY_Q|LOW_ROLE_EVIDENCE
newcastle-united,Nick Woltemade,a5e7c659-813a-5a36-8fb6-3f0f74e37c40,FWD,ST,0.4134,0.236,CAM:0.36; LCM:0.10,ST:0.41; CAM:0.36; LCM:0.10,2,38,,MULTI_ROLE
newcastle-united,William Osula,c9bc6786-f728-505a-9d48-33b1f2444d9f,FWD,ST,0.824,0.3694,,ST:0.82,1,38,,OK
newcastle-united,Yoane Wissa,f00c4421-dac8-5cde-9808-50d3e6144cb1,FWD,ST,0.5437,0.1057,,ST:0.54,1,38,,OK
newcastle-united,Sean Neave,2ee754fd-fcb9-5e94-ab98-d6653ca48ed3,FWD,UNKNOWN,0.0,0.0,,,0,38,,UNKNOWN_ROLE|LOW_PRIMARY_Q|LOW_ROLE_EVIDENCE
newcastle-united,Aaron Ramsdale,ef597ccf-9296-5f73-a908-245e5d67b0ef,GK,GK,1.0,0.3415,,GK:1.00,1,38,,OK
newcastle-united,Nick Pope,00be15e9-135e-5a79-956f-cd70f121b4b0,GK,GK,1.0,0.6585,,GK:1.00,1,38,,OK
newcastle-united,John Ruddy,6abfc218-76ab-5b19-912d-a309bac590d1,GK,UNKNOWN,0.0,0.0,,,0,38,,UNKNOWN_ROLE|LOW_PRIMARY_Q|LOW_ROLE_EVIDENCE
newcastle-united,Mark Gillespie,8e3eb280-3030-5cce-8434-6681ced4a7db,GK,UNKNOWN,0.0,0.0,,,0,38,,UNKNOWN_ROLE|LOW_PRIMARY_Q|LOW_ROLE_EVIDENCE
newcastle-united,Odysseas Vlachodimos,bbf2671d-3950-500a-b17b-50b422bd5ce2,GK,UNKNOWN,0.0,0.0,,,0,38,,UNKNOWN_ROLE|LOW_PRIMARY_Q|LOW_ROLE_EVIDENCE
newcastle-united,Sandro Tonali,c7d912b7-acf9-59e7-a5a7-c7e64aed18da,MID,CM,0.4261,0.3831,RCM:0.15; LDM:0.13,CM:0.43; RCM:0.15; LDM:0.13; RDM:0.09; DM:0.08; LCM:0.07,1,38,,OK
newcastle-united,Jacob Ramsey,8385a2b5-f514-5b12-aa58-82c05b0c3586,MID,LCM,0.2315,0.1458,RCM:0.21; LDM:0.19; LAM:0.15; LW:0.12,LCM:0.23; RCM:0.21; LDM:0.19; LAM:0.15; LW:0.12,2,38,,LOW_PRIMARY_Q|MULTI_ROLE
newcastle-united,Joelinton Cássio Apolinário de Lira,133b6e37-92c1-5dc9-a4dd-a5f957768626,MID,LCM,0.4348,0.2714,LAM:0.23,LCM:0.43; LAM:0.23; RDM:0.09; CM:0.09; LW:0.07,2,38,,MULTI_ROLE
newcastle-united,Harvey Barnes,d7693e44-9092-592e-b518-8da97eaf9fdf,MID,LW,0.4281,0.2582,RW:0.18; LAM:0.16; RAM:0.12,LW:0.43; RW:0.18; LAM:0.16; RAM:0.12,1,38,,OK
newcastle-united,Lewis Miley,36a8b089-9a84-5fa6-ae4a-59a2994b9494,MID,RB,0.467,0.2257,RCM:0.22; CM:0.13,RB:0.47; RCM:0.22; CM:0.13; LCM:0.06,2,38,,MULTI_ROLE
newcastle-united,Bruno Guimarães Rodriguez Moura,50df4a11-59ff-5eba-85dd-aaca25ba3cd2,MID,RCM,0.3277,0.2116,RDM:0.21; CM:0.20; LDM:0.11,RCM:0.33; RDM:0.21; CM:0.20; LDM:0.11; LCM:0.08,2,38,,LOW_PRIMARY_Q|MULTI_ROLE
newcastle-united,Joe Willock,fa7d8081-617d-5e86-a227-d01a088e1f55,MID,RCM,0.3165,0.1101,CAM:0.16; LCM:0.13; RDM:0.13,RCM:0.32; CAM:0.16; LCM:0.13; RDM:0.13; LW:0.08,1,38,,LOW_PRIMARY_Q
newcastle-united,Anthony Elanga,428099b1-d444-5523-9c48-66ebf6956cc2,MID,RW,0.7052,0.3102,RAM:0.11,RW:0.71; RAM:0.11,1,38,,OK
newcastle-united,Jacob Murphy,b5144153-3ffb-56d4-89c7-cf4cc50a101e,MID,RW,0.5206,0.2772,RAM:0.32,RW:0.52; RAM:0.32,2,38,,MULTI_ROLE
newcastle-united,Anthony Gordon,49545ac1-d9f9-5a0a-b1f5-5bbeeb1bb7f6,MID,ST,0.4818,0.2821,LW:0.40,ST:0.48; LW:0.40,2,38,,MULTI_ROLE
newcastle-united,Antoñito Cordero Campillo,d839a183-6b00-5d66-8fb2-8d0993f0c05f,MID,UNKNOWN,0.0,0.0,,,0,38,,UNKNOWN_ROLE|LOW_PRIMARY_Q|LOW_ROLE_EVIDENCE
newcastle-united,Garang Kuol,9e322b51-5d00-5f7d-a8ba-c90800eb2db3,MID,UNKNOWN,0.0,0.0,,,0,38,,UNKNOWN_ROLE|LOW_PRIMARY_Q|LOW_ROLE_EVIDENCE
newcastle-united,Isaac Hayden,d99a6045-8d3a-5651-bdce-f8d6b63c87e3,MID,UNKNOWN,0.0,0.0,,,0,38,,UNKNOWN_ROLE|LOW_PRIMARY_Q|LOW_ROLE_EVIDENCE
newcastle-united,Joe White,371d1eca-eb05-56bc-afca-e02ea1ef94f4,MID,UNKNOWN,0.0,0.0,,,0,38,,UNKNOWN_ROLE|LOW_PRIMARY_Q|LOW_ROLE_EVIDENCE
newcastle-united,Sam Alabi,1c1a3af2-8931-5c1b-aa9e-f924555dfbe8,MID,UNKNOWN,0.0,0.0,,,0,38,,UNKNOWN_ROLE|LOW_PRIMARY_Q|LOW_ROLE_EVIDENCE
newcastle-united,Seung-Soo Park,bd02197e-c505-5342-aef6-b6e564dcba18,MID,UNKNOWN,0.0,0.0,,,0,38,,UNKNOWN_ROLE|LOW_PRIMARY_Q|LOW_ROLE_EVIDENCE
nottingham-forest,Luca Netz,df240c75-117c-5865-8931-093b55e8d7fd,DEF,LB,0.5059,0.1373,LWB:0.25,LB:0.51; LWB:0.25,2,38,,MULTI_ROLE
nottingham-forest,Neco Williams,77dbedf3-49eb-53ec-8cc5-c1d344c47ca2,DEF,LB,0.6688,0.6406,RB:0.13,LB:0.67; RB:0.13; RWB:0.09; LWB:0.06,1,38,,OK
nottingham-forest,Oleksandr Zinchenko,86f15f9c-b65a-517d-92ff-a96318d5ae5b,DEF,LB,0.347,0.0427,,LB:0.35; LWB:0.10,1,38,,LOW_PRIMARY_Q
nottingham-forest,Felipe Rodrigues da Silva,f3622ce0-e53f-5501-815d-62c51a6d4fea,DEF,LCB,0.7985,0.336,,LCB:0.80,1,38,,OK
nottingham-forest,Murillo Santiago Costa dos Santos,8eec947b-c2ae-53d6-99f9-096b7744098a,DEF,LCB,0.8118,0.5428,,LCB:0.81; RCB:0.09,1,38,,OK
nottingham-forest,Nicolò Savona,e46e6c45-efd0-538e-9f60-d68b8b3a42fe,DEF,RB,0.6403,0.1475,,RB:0.64; RWB:0.06,1,38,,OK
nottingham-forest,Olu Aina,dfe46c71-1b4e-5387-a3a0-4accc6dc5b39,DEF,RB,0.7813,0.5053,,RB:0.78; RWB:0.07; LB:0.05,1,38,,OK
nottingham-forest,Zach Abbott,368ba0e1-be00-5ed2-af7e-82ca90752b95,DEF,RB,0.4716,0.0987,,RB:0.47,1,38,,OK
nottingham-forest,Jair Paula da Cunha Filho,6c75a09d-abcd-5e49-80c0-b7bb0873304d,DEF,RCB,0.3375,0.1186,CB:0.28; LCB:0.14,RCB:0.34; CB:0.28; LCB:0.14,2,38,,LOW_PRIMARY_Q|MULTI_ROLE
nottingham-forest,Nikola Milenković,95a48a1c-ec3e-52d7-9657-44491739dede,DEF,RCB,0.8306,0.8241,,RCB:0.83; LCB:0.05; CB:0.05,1,38,,OK
nottingham-forest,David Mota Veiga Teixeira do Carmo,2b56014e-36ea-5831-83eb-a7cea1c9966b,DEF,UNKNOWN,0.0,0.0,,,0,38,,UNKNOWN_ROLE|LOW_PRIMARY_Q|LOW_ROLE_EVIDENCE
nottingham-forest,Luis Eduardo Soares da Silva,6e97e309-0ec7-5e1f-af1d-d8a2fd2eec35,DEF,UNKNOWN,0.0,0.0,,,0,38,,UNKNOWN_ROLE|LOW_PRIMARY_Q|LOW_ROLE_EVIDENCE
nottingham-forest,Omar Richards,51739999-9a04-51dc-8b0d-cef46695f5c8,DEF,UNKNOWN,0.0,0.0,,,0,38,,UNKNOWN_ROLE|LOW_PRIMARY_Q|LOW_ROLE_EVIDENCE
nottingham-forest,Willy Boly,7bd0a9d6-bb34-5833-a203-195f3ed28398,DEF,UNKNOWN,0.0,0.0,,,0,38,,UNKNOWN_ROLE|LOW_PRIMARY_Q|LOW_ROLE_EVIDENCE
nottingham-forest,Chris Wood,dfe5ecab-1907-51dd-86d8-e202dc3cfab8,FWD,ST,0.7483,0.2388,,ST:0.75,1,38,,OK
nottingham-forest,Igor Jesus Maciel da Cruz,c708e3fc-c1ec-575e-9376-9578775d41dc,FWD,ST,0.829,0.7666,,ST:0.83; LAM:0.09,1,38,,OK
nottingham-forest,Lorenzo Lucca,1551c664-1407-507c-a3f7-41b9bc63a0f8,FWD,ST,0.3029,0.0399,,ST:0.30,1,38,,LOW_PRIMARY_Q
nottingham-forest,Taiwo Awoniyi,4c28754a-2719-5e29-8ce7-41731afbf204,FWD,ST,0.646,0.1436,,ST:0.65,1,38,,OK
nottingham-forest,Arnaud Kalimuendo,160a88b7-d0f5-5baf-a570-b22bd50320c5,FWD,UNKNOWN,0.0,0.0,,,0,38,,UNKNOWN_ROLE|LOW_PRIMARY_Q|LOW_ROLE_EVIDENCE
nottingham-forest,Lamin Sillah,2f9b6017-607a-59e7-b6c2-0babd2f20952,FWD,UNKNOWN,0.0,0.0,,,0,38,,UNKNOWN_ROLE|LOW_PRIMARY_Q|LOW_ROLE_EVIDENCE
nottingham-forest,John Victor Maciel Furtado,45407054-6d20-5e2f-99e1-2e3c19a4a991,GK,GK,1.0,0.1027,,GK:1.00,1,38,,OK
nottingham-forest,Matz Sels,5dfbea2f-beb3-54f9-ad39-1f8f81f8a323,GK,GK,1.0,0.7907,,GK:1.00,1,38,,OK
nottingham-forest,Stefan Ortega Moreno,a493cdaf-9cab-5479-8687-9533f241460c,GK,GK,1.0,0.1066,,GK:1.00,1,38,,OK
nottingham-forest,Angus Gunn,b39a5856-0719-5cce-a0aa-88ad8472b760,GK,UNKNOWN,0.0,0.0,,,0,38,,UNKNOWN_ROLE|LOW_PRIMARY_Q|LOW_ROLE_EVIDENCE
nottingham-forest,Carlos Miguel dos Santos Pereira,e88cb34f-491e-5950-b4e5-1af4b6f0859e,GK,UNKNOWN,0.0,0.0,,,0,38,,UNKNOWN_ROLE|LOW_PRIMARY_Q|LOW_ROLE_EVIDENCE
nottingham-forest,Matt Turner,830e3d1c-c6f4-5d02-8139-4678fa5dc9f7,GK,UNKNOWN,0.0,0.0,,,0,38,,UNKNOWN_ROLE|LOW_PRIMARY_Q|LOW_ROLE_EVIDENCE
nottingham-forest,Morgan Gibbs-White,68e23e27-5010-5c05-a3bd-23e48be32b93,MID,CAM,0.6468,0.5894,LW:0.15,CAM:0.65; LW:0.15; ST:0.06,1,38,,OK
nottingham-forest,Callum Hudson-Odoi,18a6f100-002a-5b0b-8366-87056d767a12,MID,LAM,0.6771,0.3721,RAM:0.19,LAM:0.68; RAM:0.19,1,38,,OK
nottingham-forest,Elliot Anderson,89ca84c0-8f48-5f1a-913d-799d45f1691e,MID,LDM,0.578,0.5711,LCM:0.26,LDM:0.58; LCM:0.26; RDM:0.08,2,38,,MULTI_ROLE
nottingham-forest,James McAtee,95d64f2a-d4e8-52d7-b6b5-d4388ee086e2,MID,LW,0.4728,0.0624,,LW:0.47; CAM:0.06,1,38,,OK
nottingham-forest,Dan Ndoye,45ca4681-2d1e-540f-9f02-6746fdcaae79,MID,RAM,0.4207,0.0895,LAM:0.19,RAM:0.42; LAM:0.19; LW:0.06,1,38,,OK
nottingham-forest,Dilane Bakwa,b741dff8-c470-5246-a88a-18fd87c23462,MID,RAM,0.3899,0.1393,RW:0.26,RAM:0.39; RW:0.26; LW:0.09,2,38,,LOW_PRIMARY_Q|MULTI_ROLE
nottingham-forest,Omari Hutchinson,c648214a-7d9c-5efe-aa6f-da16039cd486,MID,RAM,0.5384,0.3287,RW:0.24; LAM:0.11,RAM:0.54; RW:0.24; LAM:0.11,2,38,,MULTI_ROLE
nottingham-forest,Nicolás Domínguez,a2afe8eb-9890-541f-9258-8202cd512f1f,MID,RCM,0.2894,0.1712,LAM:0.20; LDM:0.13; LCM:0.13,RCM:0.29; LAM:0.20; LDM:0.13; LCM:0.13; CAM:0.06; RAM:0.05,2,38,,LOW_PRIMARY_Q|MULTI_ROLE
nottingham-forest,Ryan Yates,48738244-3ea2-5188-9df4-934c7ab97fe1,MID,RCM,0.5148,0.0719,,RCM:0.51,1,38,,OK
nottingham-forest,Douglas Luiz Soares de Paulo,75f6d292-641f-53ef-a822-a86d1d9c8086,MID,RDM,0.3821,0.1357,LDM:0.13; RCM:0.12,RDM:0.38; LDM:0.13; RCM:0.12,1,23,,LOW_PRIMARY_Q
nottingham-forest,Ibrahim Sangaré,fc1d6631-4455-5cd1-be3d-3748e604ca74,MID,RDM,0.7756,0.5189,,RDM:0.78; CM:0.08,1,38,,OK
nottingham-forest,Archie Whitehall,898f1b7b-a9b5-5b6f-a89b-cd0242564fee,MID,UNKNOWN,0.0,0.0,,,0,38,,UNKNOWN_ROLE|LOW_PRIMARY_Q|LOW_ROLE_EVIDENCE
nottingham-forest,Eric da Silva Moreira,745d2ecb-f1ae-5f49-9981-19e46e256bfd,MID,UNKNOWN,0.0,0.0,,,0,38,,UNKNOWN_ROLE|LOW_PRIMARY_Q|LOW_ROLE_EVIDENCE
nottingham-forest,Jimmy Sinclair,4e72762a-5c28-5795-936d-65cb49191866,MID,UNKNOWN,0.0,0.0,,,0,38,,UNKNOWN_ROLE|LOW_PRIMARY_Q|LOW_ROLE_EVIDENCE
nottingham-forest,João Pedro Ferreira Silva,5f17411d-c038-5e34-a617-3af584fd4072,MID,UNKNOWN,0.0,0.0,,,0,38,,UNKNOWN_ROLE|LOW_PRIMARY_Q|LOW_ROLE_EVIDENCE
nottingham-forest,Lewis O'Brien,48ff28dc-47a5-5bf2-aa77-5c8603c53a73,MID,UNKNOWN,0.0,0.0,,,0,38,,UNKNOWN_ROLE|LOW_PRIMARY_Q|LOW_ROLE_EVIDENCE
nottingham-forest,Marko Stamenić,e3585885-db68-53a1-9e54-3b826e4f4ab4,MID,UNKNOWN,0.0,0.0,,,0,38,,UNKNOWN_ROLE|LOW_PRIMARY_Q|LOW_ROLE_EVIDENCE
sunderland,Arthur Masuaku,8d2b9ffe-5bdc-5a57-a260-957032f24371,DEF,LB,0.177,0.024,,LB:0.18,0,38,,LOW_PRIMARY_Q
sunderland,Dennis Cirkin,599b3b1e-964d-5fae-b225-2aee23b65bad,DEF,LB,0.4582,0.0677,,LB:0.46,1,38,,OK
sunderland,Reinildo Mandava,cde7eda9-ac09-5cd3-abff-bd8116cd4a4e,DEF,LB,0.7616,0.4995,LWB:0.13,LB:0.76; LWB:0.13,1,38,,OK
sunderland,Trai Hume,2e06beff-d060-52c5-b090-ef85e142bc03,DEF,LB,0.3645,0.3172,RAM:0.30; RB:0.11,LB:0.36; RAM:0.30; RB:0.11; RWB:0.09; RW:0.06,2,38,,LOW_PRIMARY_Q|MULTI_ROLE
sunderland,Jenson Seelt,37f00cac-e0bd-5d5f-8d3b-b841092110ca,DEF,LCB,0.0932,0.013,,LCB:0.09,0,38,,LOW_PRIMARY_Q
sunderland,Omar Alderete,bbeb1769-f6ef-5a78-abdb-84df15c86c28,DEF,LCB,0.9267,0.9346,,LCB:0.93,1,38,,OK
sunderland,Lutsharel Geertruida,d7a7fcda-2a3c-55c2-80be-adc778736b39,DEF,RB,0.5591,0.2919,LDM:0.12,RB:0.56; LDM:0.12; RDM:0.09; LCB:0.09,1,38,,OK
sunderland,Nordi Mukiele,53bfdbe9-b833-5ee6-b24f-4b838a2a0fa6,DEF,RB,0.47,0.4228,RCB:0.43,RB:0.47; RCB:0.43,2,38,,MULTI_ROLE
sunderland,Daniel Ballard,3e322311-2a0b-53fc-a8b7-22ecd116c42e,DEF,RCB,0.7353,0.5043,CB:0.16,RCB:0.74; CB:0.16,1,38,,OK
sunderland,Luke O'Nien,98e68e85-52f1-5832-b572-18ffcbfa3d40,DEF,RCB,0.3968,0.107,RB:0.36,RCB:0.40; RB:0.36,2,38,,LOW_PRIMARY_Q|MULTI_ROLE
sunderland,Aji Alese,2ba72b94-907a-5e6e-97ce-976ce36a0c40,DEF,UNKNOWN,0.0,0.0,,,0,38,,UNKNOWN_ROLE|LOW_PRIMARY_Q|LOW_ROLE_EVIDENCE
sunderland,Jenson Jones,4e9df2c1-63ca-50df-9304-416e4fa2ccf0,DEF,UNKNOWN,0.0,0.0,,,0,38,,UNKNOWN_ROLE|LOW_PRIMARY_Q|LOW_ROLE_EVIDENCE
sunderland,Joe Anderson,44d6c92f-6d41-5d72-ba48-9aa87a02ae24,DEF,UNKNOWN,0.0,0.0,,,0,38,,UNKNOWN_ROLE|LOW_PRIMARY_Q|LOW_ROLE_EVIDENCE
sunderland,Leo Fuhr Hjelde,bfddd7b8-0e0f-5bf0-b639-5f0107a73071,DEF,UNKNOWN,0.0,0.0,,,0,38,,UNKNOWN_ROLE|LOW_PRIMARY_Q|LOW_ROLE_EVIDENCE
sunderland,Niall Huggins,2a538130-2bf1-5641-a473-bf61732a281a,DEF,UNKNOWN,0.0,0.0,,,0,38,,UNKNOWN_ROLE|LOW_PRIMARY_Q|LOW_ROLE_EVIDENCE
sunderland,Timothée Pembélé,0ad5271c-eb15-5a23-8c49-a030377474d2,DEF,UNKNOWN,0.0,0.0,,,0,38,,UNKNOWN_ROLE|LOW_PRIMARY_Q|LOW_ROLE_EVIDENCE
sunderland,Zak Johnson,7bf4ab14-fe8b-5f57-a8be-822956253273,DEF,UNKNOWN,0.0,0.0,,,0,38,,UNKNOWN_ROLE|LOW_PRIMARY_Q|LOW_ROLE_EVIDENCE
sunderland,Brian Brobbey,bb4e74c1-9fc8-588e-8e27-159ea5d120df,FWD,ST,0.9114,0.7681,,ST:0.91,1,38,,OK
sunderland,Eliezer Mayenda Dossou,6bc31bc4-e733-517c-ad34-ef2c089aaa40,FWD,ST,0.582,0.1527,RAM:0.11,ST:0.58; RAM:0.11,1,38,,OK
sunderland,Wilson Isidor,cbc3d646-143c-51fb-9e03-365e6edc5e78,FWD,ST,0.5791,0.1223,,ST:0.58,1,38,,OK
sunderland,Ahmed Abdullahi,cf9ee172-9abe-5b22-a179-ebe54d11b4a8,FWD,UNKNOWN,0.0,0.0,,,0,38,,UNKNOWN_ROLE|LOW_PRIMARY_Q|LOW_ROLE_EVIDENCE
sunderland,Luís Hemir Silva Semedo,9030ecb9-8e6a-531e-9df1-ebf30d797254,FWD,UNKNOWN,0.0,0.0,,,0,38,,UNKNOWN_ROLE|LOW_PRIMARY_Q|LOW_ROLE_EVIDENCE
sunderland,Nazarii Rusyn,a240343b-2624-5d51-90d8-f91ddbae1d2c,FWD,UNKNOWN,0.0,0.0,,,0,38,,UNKNOWN_ROLE|LOW_PRIMARY_Q|LOW_ROLE_EVIDENCE
sunderland,Melker Ellborg,6a84c769-ac8f-5aa6-b83b-8d51625d8b35,GK,GK,1.0,0.1394,,GK:1.00,1,38,,OK
sunderland,Robin Roefs,17b0293a-a54d-554b-bdba-368217c87ad9,GK,GK,1.0,0.8606,,GK:1.00,1,38,,OK
sunderland,Anthony Patterson,a5317ecc-a139-537c-b7b0-0ce2036209ee,GK,UNKNOWN,0.0,0.0,,,0,38,,UNKNOWN_ROLE|LOW_PRIMARY_Q|LOW_ROLE_EVIDENCE
sunderland,Blondy Nna Noukeu,9ca1990c-2f6e-5da3-bee4-29c146e15226,GK,UNKNOWN,0.0,0.0,,,0,38,,UNKNOWN_ROLE|LOW_PRIMARY_Q|LOW_ROLE_EVIDENCE
sunderland,Simon Moore,442f88c7-0aca-579d-8dc6-ba82c70ba6a1,GK,UNKNOWN,0.0,0.0,,,0,38,,UNKNOWN_ROLE|LOW_PRIMARY_Q|LOW_ROLE_EVIDENCE
sunderland,Enzo Le Fée,40b6a84e-8e7e-529b-8b4e-a2979b1bc8e4,MID,CAM,0.3727,0.3473,LAM:0.28; LCM:0.13,CAM:0.37; LAM:0.28; LCM:0.13; LW:0.08; LDM:0.07,2,38,,LOW_PRIMARY_Q|MULTI_ROLE
sunderland,Habib Diarra,627a9a22-f6d8-553e-9594-316391089ebc,MID,CAM,0.5559,0.3086,RCM:0.27,CAM:0.56; RCM:0.27; RW:0.06,2,38,,MULTI_ROLE
sunderland,Chemsdine Talbi,483fd668-a74d-5c5c-9111-a023961f914b,MID,LAM,0.3934,0.1902,LW:0.31,LAM:0.39; LW:0.31; RAM:0.09; RW:0.08,2,38,,LOW_PRIMARY_Q|MULTI_ROLE
sunderland,Nilson Angulo,a213c4ca-4778-5981-91eb-7708f7294de0,MID,LAM,0.4084,0.1079,RAM:0.19; LW:0.14,LAM:0.41; RAM:0.19; LW:0.14,1,38,,OK
sunderland,Romaine Mundle,e65af070-c3e5-52d5-a47d-80432c274dc7,MID,LAM,0.2559,0.0312,LW:0.16,LAM:0.26; LW:0.16,1,38,,LOW_PRIMARY_Q
sunderland,Simon Adingra,7d600419-69d5-50b5-84da-7b3b616dc8e2,MID,LAM,0.4043,0.0937,LW:0.21,LAM:0.40; LW:0.21,2,38,,MULTI_ROLE
sunderland,Noah Sadiki,e5098785-f2ed-5b29-af5e-f569a62ab2c0,MID,LDM,0.4521,0.4314,LCM:0.22; RDM:0.16,LDM:0.45; LCM:0.22; RDM:0.16; RCM:0.07,2,38,,MULTI_ROLE
sunderland,Chris Rigg,eeb782c9-d515-562b-b132-d07e7ac988fa,MID,RAM,0.4698,0.2199,RW:0.29,RAM:0.47; RW:0.29; CAM:0.05,2,38,,MULTI_ROLE
sunderland,Granit Xhaka,66bc60f5-fa76-5fa0-a7ca-b9f126393376,MID,RDM,0.5402,0.4551,LDM:0.13; RCM:0.12; DM:0.11,RDM:0.54; LDM:0.13; RCM:0.12; DM:0.11,1,38,,OK
sunderland,Bertrand Traoré,bcf42999-24c1-5f09-8693-5a3e09ad1527,MID,RW,0.3166,0.0611,RAM:0.25,RW:0.32; RAM:0.25,2,38,,LOW_PRIMARY_Q|MULTI_ROLE
sunderland,Djiamgone Jocelin Ta Bi,225f5e34-6fc2-5816-9440-78853ac977df,MID,RW,0.2156,0.0383,,RW:0.22,1,38,,LOW_PRIMARY_Q
sunderland,Abdoullah Ba,3566d465-75a0-5298-bcf1-fe5192f36854,MID,UNKNOWN,0.0,0.0,,,0,38,,UNKNOWN_ROLE|LOW_PRIMARY_Q|LOW_ROLE_EVIDENCE
sunderland,Alan Browne,4871c555-edc9-5ce5-b872-15963cdc7672,MID,UNKNOWN,0.0,0.0,,,0,38,,UNKNOWN_ROLE|LOW_PRIMARY_Q|LOW_ROLE_EVIDENCE
sunderland,Dan Neil,108c0e76-e71e-58ec-8110-b227fcaf4998,MID,UNKNOWN,0.0,0.0,,,0,38,,UNKNOWN_ROLE|LOW_PRIMARY_Q|LOW_ROLE_EVIDENCE
sunderland,Harrison Jones,fbd7b929-e9ee-5505-9389-8ef971bf9a18,MID,UNKNOWN,0.0,0.0,,,0,38,,UNKNOWN_ROLE|LOW_PRIMARY_Q|LOW_ROLE_EVIDENCE
sunderland,Ian Poveda-Ocampo,c0082dc9-d77a-56e6-be1e-68231935fbc8,MID,UNKNOWN,0.0,0.0,,,0,38,,UNKNOWN_ROLE|LOW_PRIMARY_Q|LOW_ROLE_EVIDENCE
sunderland,Jack Whittaker,b810772c-a39d-5e4e-98c0-8186441eb52c,MID,UNKNOWN,0.0,0.0,,,0,38,,UNKNOWN_ROLE|LOW_PRIMARY_Q|LOW_ROLE_EVIDENCE
sunderland,Jay Matete,731506ce-40a5-5db4-893a-975d95600377,MID,UNKNOWN,0.0,0.0,,,0,38,,UNKNOWN_ROLE|LOW_PRIMARY_Q|LOW_ROLE_EVIDENCE
sunderland,Jaydon Jones,68f4401f-2df4-5fca-a67e-3dc99572dc52,MID,UNKNOWN,0.0,0.0,,,0,38,,UNKNOWN_ROLE|LOW_PRIMARY_Q|LOW_ROLE_EVIDENCE
sunderland,Milan Aleksić,2242741c-0c9d-5d7b-b694-b2ed9e90a357,MID,UNKNOWN,0.0,0.0,,,0,38,,UNKNOWN_ROLE|LOW_PRIMARY_Q|LOW_ROLE_EVIDENCE
sunderland,Nectarios Triantis,97760a88-c1a9-5e60-a7ca-bc6440a312b0,MID,UNKNOWN,0.0,0.0,,,0,38,,UNKNOWN_ROLE|LOW_PRIMARY_Q|LOW_ROLE_EVIDENCE
sunderland,Patrick Roberts,3cf05c9c-7a55-5a44-a329-0902efc33077,MID,UNKNOWN,0.0,0.0,,,0,38,,UNKNOWN_ROLE|LOW_PRIMARY_Q|LOW_ROLE_EVIDENCE
sunderland,Pierre Ekwah Elimby,3685c427-c645-5be6-99f2-0de078214b9e,MID,UNKNOWN,0.0,0.0,,,0,38,,UNKNOWN_ROLE|LOW_PRIMARY_Q|LOW_ROLE_EVIDENCE
sunderland,Tymur Tutierov,d68b7c20-9791-5d52-9368-91c0484e32fb,MID,UNKNOWN,0.0,0.0,,,0,38,,UNKNOWN_ROLE|LOW_PRIMARY_Q|LOW_ROLE_EVIDENCE
tottenham-hotspur,Ben Davies,1b5a9b51-4626-5901-8e54-14c32dbca29e,DEF,LB,0.3057,0.053,,LB:0.31,1,38,,LOW_PRIMARY_Q
tottenham-hotspur,Destiny Udogie,95129b97-e678-584a-9c78-bc2d29fd7dfa,DEF,LB,0.7605,0.386,,LB:0.76; LWB:0.10,1,38,,OK
tottenham-hotspur,Djed Spence,2eec990a-7277-5fb6-b8c8-10423fefbb47,DEF,LB,0.6415,0.3162,LWB:0.14,LB:0.64; LWB:0.14; RB:0.07,1,38,,OK
tottenham-hotspur,Micky van de Ven,c13afcac-5201-5504-affd-a886825266d4,DEF,LCB,0.9006,0.846,,LCB:0.90,1,38,,OK
tottenham-hotspur,Radu Dragusin,f0bfb35e-c09e-553b-a545-fec85a6cd62d,DEF,LCB,0.3046,0.0791,RCB:0.30; CB:0.16,LCB:0.30; RCB:0.30; CB:0.16,2,38,,LOW_PRIMARY_Q|MULTI_ROLE
tottenham-hotspur,Pedro Porro,d4c29433-6018-52a2-83a9-429997023fab,DEF,RB,0.8156,0.7194,,RB:0.82; RW:0.06,1,38,,OK
tottenham-hotspur,Cristian Romero,b29e3c1f-f8e8-5b6a-a5de-fbd51d039e55,DEF,RCB,0.6137,0.3015,CB:0.13; LCB:0.12,RCB:0.61; CB:0.13; LCB:0.12,1,38,,OK
tottenham-hotspur,Kevin Danso,9e042355-866c-5b17-9097-0d84e263ecf3,DEF,RCB,0.8009,0.5036,,RCB:0.80; CB:0.07,1,38,,OK
tottenham-hotspur,João Victor de Souza Menezes,229e2aab-318b-5964-bc2e-1b5fcbac0a02,DEF,RW,0.2592,0.0463,LWB:0.19,RW:0.26; LWB:0.19,1,38,,LOW_PRIMARY_Q
tottenham-hotspur,Ashley Phillips,78294e25-5861-5ba5-a6d1-a71e77d3d91b,DEF,UNKNOWN,0.0,0.0,,,0,38,,UNKNOWN_ROLE|LOW_PRIMARY_Q|LOW_ROLE_EVIDENCE
tottenham-hotspur,James Rowswell,94b5c9be-f575-5c14-b7d5-81ee74991050,DEF,UNKNOWN,0.0,0.0,,,0,38,,UNKNOWN_ROLE|LOW_PRIMARY_Q|LOW_ROLE_EVIDENCE
tottenham-hotspur,Jun'ai Byfield,febe7f51-de0b-52b1-9d0c-59d8e1a3f195,DEF,UNKNOWN,0.0,0.0,,,0,38,,UNKNOWN_ROLE|LOW_PRIMARY_Q|LOW_ROLE_EVIDENCE
tottenham-hotspur,Luka Vušković,e04824e4-901c-57ba-ab27-e675bdfcdb72,DEF,UNKNOWN,0.0,0.0,,,0,38,,UNKNOWN_ROLE|LOW_PRIMARY_Q|LOW_ROLE_EVIDENCE
tottenham-hotspur,Takai Kōta,0ad4289b-eef3-5f06-83b5-482c024e0921,DEF,UNKNOWN,0.0,0.0,,,0,38,,UNKNOWN_ROLE|LOW_PRIMARY_Q|LOW_ROLE_EVIDENCE
tottenham-hotspur,Randal Kolo Muani,3a736c36-502e-5f12-a3a0-3a915cdfdf76,FWD,RAM,0.4071,0.3214,ST:0.27; RW:0.15,RAM:0.41; ST:0.27; RW:0.15; LAM:0.07,2,38,,MULTI_ROLE
tottenham-hotspur,Dominic Solanke,1ffce999-e957-5580-a533-b5ad7d8de028,FWD,ST,0.8587,0.4542,,ST:0.86,1,38,,OK
tottenham-hotspur,Richarlison de Andrade,e8c63dd8-d5d3-5d3c-9ca3-16081a763f80,FWD,ST,0.7917,0.4472,,ST:0.79; LW:0.07,1,38,,OK
tottenham-hotspur,Dane Scarlett,852ce8af-54d5-556e-8431-239c5c2bd592,FWD,UNKNOWN,0.0,0.0,,,0,38,,UNKNOWN_ROLE|LOW_PRIMARY_Q|LOW_ROLE_EVIDENCE
tottenham-hotspur,James Wilson,71b42af1-caa4-5720-9bcf-3d24a9ee0c81,FWD,UNKNOWN,0.0,0.0,,,0,38,,UNKNOWN_ROLE|LOW_PRIMARY_Q|LOW_ROLE_EVIDENCE
tottenham-hotspur,Will Lankshear,b2f79fc5-879a-5fce-afcf-f08ea106999e,FWD,UNKNOWN,0.0,0.0,,,0,38,,UNKNOWN_ROLE|LOW_PRIMARY_Q|LOW_ROLE_EVIDENCE
tottenham-hotspur,Antonín Kinsky,227cf32e-d062-5df9-8908-cb5491836ff8,GK,GK,1.0,0.3705,,GK:1.00,1,38,,OK
tottenham-hotspur,Guglielmo Vicario,3c77aa9b-7767-5636-9780-0d94d829b326,GK,GK,1.0,0.6295,,GK:1.00,1,38,,OK
tottenham-hotspur,Brandon Austin,fafdf287-5fd0-54e4-9c12-c2443be5103a,GK,UNKNOWN,0.0,0.0,,,0,38,,UNKNOWN_ROLE|LOW_PRIMARY_Q|LOW_ROLE_EVIDENCE
tottenham-hotspur,Conor Gallagher,d64982ba-72ef-52d6-b8fe-3706499963ab,MID,CAM,0.4344,0.2464,RCM:0.30,CAM:0.43; RCM:0.30; LCM:0.08,2,38,,MULTI_ROLE
tottenham-hotspur,Mathys Tel,4aecc997-ca9d-57ec-a854-3151849bde99,MID,LAM,0.6564,0.2991,LW:0.16,LAM:0.66; LW:0.16; ST:0.05,1,38,,OK
tottenham-hotspur,Pape Matar Sarr,e85a3c19-e5b4-542c-b4a1-85edbb700d53,MID,LCM,0.6608,0.2302,,LCM:0.66; LDM:0.08; RCM:0.06,1,38,,OK
tottenham-hotspur,Yves Bissouma,44d564d8-1d6f-5d92-906d-972644650a55,MID,LCM,0.298,0.1098,CM:0.20; LDM:0.16; RCM:0.14,LCM:0.30; CM:0.20; LDM:0.16; RCM:0.14,2,38,,LOW_PRIMARY_Q|MULTI_ROLE
tottenham-hotspur,Xavi Simons,c99e7187-586e-5722-8e10-93fd50f92627,MID,LW,0.3175,0.1579,LAM:0.24; CAM:0.23,LW:0.32; LAM:0.24; CAM:0.23; ST:0.10,3,38,,LOW_PRIMARY_Q|MULTI_ROLE
tottenham-hotspur,Brennan Johnson,e0417b35-b1b1-5957-8ee5-7996c5db5cb0,MID,RAM,0.3382,0.115,LW:0.23; LAM:0.19,RAM:0.34; LW:0.23; LAM:0.19,2,19,,LOW_PRIMARY_Q|MULTI_ROLE
tottenham-hotspur,Mohammed Kudus,140b9b50-7e76-5415-b5b4-069f22ec0a3a,MID,RAM,0.5201,0.1694,RW:0.21,RAM:0.52; RW:0.21,2,38,,MULTI_ROLE
tottenham-hotspur,Wilson Odobert,658b9548-4dbd-5b98-890b-0bb35c8a5625,MID,RAM,0.2635,0.057,LAM:0.14; RW:0.13; LW:0.12,RAM:0.26; LAM:0.14; RW:0.13; LW:0.12; CAM:0.10,1,38,,LOW_PRIMARY_Q
tottenham-hotspur,Archie Gray,976cba43-39e3-5bd2-a17b-74524487c441,MID,RCM,0.2132,0.1096,RWB:0.21; LDM:0.18; RB:0.13,RCM:0.21; RWB:0.21; LDM:0.18; RB:0.13; LB:0.08; CM:0.08,2,38,,LOW_PRIMARY_Q|MULTI_ROLE
tottenham-hotspur,Lucas Bergvall,99c5358b-6b7a-567b-a6ef-22541e365423,MID,RCM,0.227,0.0604,CAM:0.18; LAM:0.15,RCM:0.23; CAM:0.18; LAM:0.15; RAM:0.09; LCM:0.08,1,38,,LOW_PRIMARY_Q
tottenham-hotspur,João Palhinha Gonçalves,8e00491e-df3c-59d8-8196-500825daf087,MID,RDM,0.3611,0.2019,LDM:0.13; CM:0.13; RCB:0.11; RCM:0.10,RDM:0.36; LDM:0.13; CM:0.13; RCB:0.11; RCM:0.10; LCM:0.07,1,38,,LOW_PRIMARY_Q
tottenham-hotspur,Rodrigo Bentancur,27ff0ef1-a31f-5e26-bb7d-035a4248bad2,MID,RDM,0.4298,0.241,LDM:0.29,RDM:0.43; LDM:0.29; LCM:0.08; CM:0.08,2,38,,MULTI_ROLE
tottenham-hotspur,Bryan Gil Salvatierra,ca3c85c1-ae7a-593f-927f-70608030b583,MID,UNKNOWN,0.0,0.0,,,0,38,,UNKNOWN_ROLE|LOW_PRIMARY_Q|LOW_ROLE_EVIDENCE
tottenham-hotspur,Callum Olusesi,54274eb5-84a2-57b6-839e-1c4241166695,MID,UNKNOWN,0.0,0.0,,,0,38,,UNKNOWN_ROLE|LOW_PRIMARY_Q|LOW_ROLE_EVIDENCE
tottenham-hotspur,Dejan Kulusevski,d7a4f53c-7c50-5174-bf2c-c823ca104092,MID,UNKNOWN,0.0,0.0,,,0,38,,UNKNOWN_ROLE|LOW_PRIMARY_Q|LOW_ROLE_EVIDENCE
tottenham-hotspur,James Maddison,d8973344-62bc-53d6-8585-9558ca0c2bdc,MID,UNKNOWN,0.0,0.0,,,0,38,,UNKNOWN_ROLE|LOW_PRIMARY_Q|LOW_ROLE_EVIDENCE
tottenham-hotspur,Luca Williams-Barnett,6e33d302-1009-55a9-afac-e0e1252040dd,MID,UNKNOWN,0.0,0.0,,,0,38,,UNKNOWN_ROLE|LOW_PRIMARY_Q|LOW_ROLE_EVIDENCE
tottenham-hotspur,Manor Solomon,b1755e1d-8824-5aa0-8030-69bdb24ac34e,MID,UNKNOWN,0.0,0.0,,,0,38,,UNKNOWN_ROLE|LOW_PRIMARY_Q|LOW_ROLE_EVIDENCE
tottenham-hotspur,Mikey Moore,f6ee505e-c3d9-5984-8dea-9c996e4c5739,MID,UNKNOWN,0.0,0.0,,,0,38,,UNKNOWN_ROLE|LOW_PRIMARY_Q|LOW_ROLE_EVIDENCE
tottenham-hotspur,Min-Hyeok Yang,f6e19715-d636-5ef6-94ca-de4da1b87ccb,MID,UNKNOWN,0.0,0.0,,,0,38,,UNKNOWN_ROLE|LOW_PRIMARY_Q|LOW_ROLE_EVIDENCE
tottenham-hotspur,Rio Kyerematen,6584a157-53e2-59c9-b7cd-10dfd78c4956,MID,UNKNOWN,0.0,0.0,,,0,38,,UNKNOWN_ROLE|LOW_PRIMARY_Q|LOW_ROLE_EVIDENCE
tottenham-hotspur,Son Heung-min,2806a5bb-22bc-5a17-989f-28d47f8bb3aa,MID,UNKNOWN,0.0,0.0,,,0,38,,UNKNOWN_ROLE|LOW_PRIMARY_Q|LOW_ROLE_EVIDENCE
tottenham-hotspur,Yusuf Akhamrich,506dbb49-b124-521f-b8ab-c4af23dda086,MID,UNKNOWN,0.0,0.0,,,0,38,,UNKNOWN_ROLE|LOW_PRIMARY_Q|LOW_ROLE_EVIDENCE
west-ham-united,Igor Julio dos Santos de Paulo,6e21ee2c-7d42-59f6-9ab0-1b28ff340661,DEF,CB,0.3667,0.0467,,CB:0.37,1,23,,LOW_PRIMARY_Q
west-ham-united,El Hadji Malick Diouf,17b6a342-b02c-5f36-a340-abadc722db36,DEF,LB,0.6546,0.5867,LWB:0.27,LB:0.65; LWB:0.27,2,38,,MULTI_ROLE
west-ham-united,Oliver Scarles,df163264-e6df-5807-b72d-55a49982fc76,DEF,LB,0.6504,0.1605,,LB:0.65,1,38,,OK
west-ham-united,Axel Disasi,b9aca1a6-3e7e-50d1-85c7-bc4c6432da09,DEF,LCB,0.8011,0.5578,RCB:0.11,LCB:0.80; RCB:0.11,1,38,,OK
west-ham-united,Jean-Clair Todibo,46d563a5-35c2-5766-ad22-b778921da81d,DEF,LCB,0.4659,0.2911,RCB:0.41,LCB:0.47; RCB:0.41,2,38,,MULTI_ROLE
west-ham-united,Max Kilman,bb9f5ed9-455a-5a73-a068-c865110bd21e,DEF,LCB,0.417,0.1151,RCB:0.21; CB:0.15,LCB:0.42; RCB:0.21; CB:0.15,2,38,,MULTI_ROLE
west-ham-united,Nayef Aguerd,2739afa2-76d2-5669-864e-6c4324145c72,DEF,LCB,0.1886,0.019,,LCB:0.19,0,38,,LOW_PRIMARY_Q
west-ham-united,Aaron Wan-Bissaka,35ad91b8-a753-5dab-beac-21a352e5cb13,DEF,RB,0.58,0.3866,RWB:0.31,RB:0.58; RWB:0.31,2,38,,MULTI_ROLE
west-ham-united,Kyle Walker-Peters,2d4c58d3-9f00-5834-a712-c8fbd35a2876,DEF,RB,0.8247,0.3606,,RB:0.82,1,38,,OK
west-ham-united,Konstantinos Mavropanos,a4b84834-eb21-54ba-be68-660ea3815e93,DEF,RCB,0.7192,0.6353,CB:0.21,RCB:0.72; CB:0.21,2,38,,MULTI_ROLE
west-ham-united,Airidas Golambeckis,08426410-86da-5b24-ab93-8c2d98b90c80,DEF,UNKNOWN,0.0,0.0,,,0,38,,UNKNOWN_ROLE|LOW_PRIMARY_Q|LOW_ROLE_EVIDENCE
west-ham-united,Emerson Palmieri dos Santos,acc314a9-c700-5647-bc18-411e145424d4,DEF,UNKNOWN,0.0,0.0,,,0,38,,UNKNOWN_ROLE|LOW_PRIMARY_Q|LOW_ROLE_EVIDENCE
west-ham-united,Ezra Mayers,d72c4cd3-9cce-5df1-8cb6-e4ecd1525f0a,DEF,UNKNOWN,0.0,0.0,,,0,38,,UNKNOWN_ROLE|LOW_PRIMARY_Q|LOW_ROLE_EVIDENCE
west-ham-united,Kaelan Casey,b92086a9-bb0f-5d55-a7f2-aa71584fcb82,DEF,UNKNOWN,0.0,0.0,,,0,38,,UNKNOWN_ROLE|LOW_PRIMARY_Q|LOW_ROLE_EVIDENCE
west-ham-united,Pablo Felipe Pereira de Jesus,ad87488c-769c-5325-bce6-63daff9b32a3,FWD,CAM,0.6483,0.2917,LW:0.12,CAM:0.65; LW:0.12; LAM:0.08,1,38,,OK
west-ham-united,Jarrod Bowen,4e68227a-9577-5c26-99fa-8a519b052582,FWD,RW,0.4833,0.5105,RAM:0.35,RW:0.48; RAM:0.35; ST:0.08,2,38,,MULTI_ROLE
west-ham-united,Callum Wilson,7464bba2-d459-5382-a1a5-4bc52ebe7af2,FWD,ST,0.6878,0.228,,ST:0.69; CAM:0.08,1,38,,OK
west-ham-united,Niclas Füllkrug,5dc0f8a0-1a29-5eb7-bbf8-b2355b407d6f,FWD,ST,0.318,0.0424,,ST:0.32,1,38,,LOW_PRIMARY_Q
west-ham-united,Valentín Castellanos,de5e511c-9379-5b70-8f43-d2b814dfdcc3,FWD,ST,0.8924,0.6587,,ST:0.89,1,38,,OK
west-ham-united,Callum Marshall,0701125c-aeac-5baf-ae8d-822bddd96b24,FWD,UNKNOWN,0.0,0.0,,,0,38,,UNKNOWN_ROLE|LOW_PRIMARY_Q|LOW_ROLE_EVIDENCE
west-ham-united,Alphonse Areola,112ec44a-8ec0-5a5a-828a-d330905abb6b,GK,GK,1.0,0.3324,,GK:1.00,1,38,,OK
west-ham-united,Mads Hermansen,82a85fe5-3695-5749-b382-fb39650267e9,GK,GK,1.0,0.6676,,GK:1.00,1,38,,OK
west-ham-united,Finlay Herrick,f5aa8296-17cf-55f8-94a2-fa0e2ef64071,GK,UNKNOWN,0.0,0.0,,,0,38,,UNKNOWN_ROLE|LOW_PRIMARY_Q|LOW_ROLE_EVIDENCE
west-ham-united,Krisztián Hegyi,63c934bf-6f5a-5088-84c3-a0d5653e3cc8,GK,UNKNOWN,0.0,0.0,,,0,38,,UNKNOWN_ROLE|LOW_PRIMARY_Q|LOW_ROLE_EVIDENCE
west-ham-united,Lukasz Fabianski,5fbf4aa0-e37c-5a14-b25c-d70368ae9fed,GK,UNKNOWN,0.0,0.0,,,0,38,,UNKNOWN_ROLE|LOW_PRIMARY_Q|LOW_ROLE_EVIDENCE
west-ham-united,Wes Foderingham,b3476a8d-0bc8-5194-a9fc-70e9712ee31d,GK,UNKNOWN,0.0,0.0,,,0,38,,UNKNOWN_ROLE|LOW_PRIMARY_Q|LOW_ROLE_EVIDENCE
west-ham-united,Lucas Tolentino Coelho de Lima,e17b28b4-18e0-5316-b0b4-279fe412f5e5,MID,CAM,0.3552,0.1055,LCM:0.12; ST:0.11,CAM:0.36; LCM:0.12; ST:0.11; LAM:0.08; RAM:0.08; RCM:0.07,1,38,,LOW_PRIMARY_Q
west-ham-united,Freddie Potts,a0539466-bf5c-5202-baf7-336484f9a7c3,MID,CM,0.3663,0.1165,LDM:0.34,CM:0.37; LDM:0.34; RCM:0.06,2,38,,LOW_PRIMARY_Q|MULTI_ROLE
west-ham-united,Andy Irving,6a2d7ef6-eb12-5dc2-aaad-c85d30c00b8f,MID,LCM,0.1277,0.0168,LDM:0.12,LCM:0.13; LDM:0.12,0,38,,LOW_PRIMARY_Q
west-ham-united,Guido Rodríguez,68f9569d-88d0-5993-a084-828e7f6a2610,MID,LCM,0.2191,0.0275,,LCM:0.22,1,38,,LOW_PRIMARY_Q
west-ham-united,Mateus Gonçalo Espanha Fernandes,79420363-80f0-5eb5-bef5-e1e31f62877c,MID,LCM,0.6659,0.6575,,LCM:0.67; LDM:0.07; CAM:0.05,1,38,,OK
west-ham-united,James Ward-Prowse,4156c194-ad00-5d9c-aa4d-5f67c7deba01,MID,LDM,0.2481,0.0516,RCM:0.21; CM:0.16,LDM:0.25; RCM:0.21; CM:0.16,2,23,,LOW_PRIMARY_Q|MULTI_ROLE
west-ham-united,Crysencio Summerville,ef1caf6e-67a5-53c4-afb0-2523323cbfe4,MID,LW,0.5233,0.4397,LAM:0.33,LW:0.52; LAM:0.33; ST:0.06,2,38,,MULTI_ROLE
west-ham-united,Luis Guilherme Lira dos Santos,9edb1bd6-ff23-53a0-a02c-7ca47626ee0e,MID,LW,0.1271,0.019,,LW:0.13,0,38,,LOW_PRIMARY_Q
west-ham-united,Soungoutou Magassa,9fd390de-abdd-53c9-abf5-63b5a6ec3423,MID,RCM,0.3441,0.0929,RDM:0.23; LCM:0.14,RCM:0.34; RDM:0.23; LCM:0.14; DM:0.06,2,38,,LOW_PRIMARY_Q|MULTI_ROLE
west-ham-united,Tomas Soucek,bafec5b4-70cd-5296-82ed-5f50f9b35506,MID,RCM,0.7071,0.5899,RDM:0.12,RCM:0.71; RDM:0.12,1,38,,OK
west-ham-united,Adama Traoré Diarra,b7c9efe9-e4ac-5f89-b85e-5170d8689598,MID,UNKNOWN,0.0,0.0,,,0,38,,UNKNOWN_ROLE|LOW_PRIMARY_Q|LOW_ROLE_EVIDENCE
west-ham-united,Edson Álvarez Velázquez,b053eb8f-7651-5eeb-826a-248261aa7e09,MID,UNKNOWN,0.0,0.0,,,0,38,,UNKNOWN_ROLE|LOW_PRIMARY_Q|LOW_ROLE_EVIDENCE
west-ham-united,George Earthy,bfb04682-07f7-5376-b31d-0ecc97e42aa9,MID,UNKNOWN,0.0,0.0,,,0,38,,UNKNOWN_ROLE|LOW_PRIMARY_Q|LOW_ROLE_EVIDENCE
west-ham-united,Keiber Lamadrid,b6f95b82-3948-530a-af8b-7dc1803ca830,MID,UNKNOWN,0.0,0.0,,,0,38,,UNKNOWN_ROLE|LOW_PRIMARY_Q|LOW_ROLE_EVIDENCE
west-ham-united,Lewis Orford,a707d017-b234-5dd1-8a6b-b42ba7eea73b,MID,UNKNOWN,0.0,0.0,,,0,38,,UNKNOWN_ROLE|LOW_PRIMARY_Q|LOW_ROLE_EVIDENCE
west-ham-united,Maxwel Cornet,bce080d8-35bd-5a7f-bd9d-5d33b450ffd0,MID,UNKNOWN,0.0,0.0,,,0,38,,UNKNOWN_ROLE|LOW_PRIMARY_Q|LOW_ROLE_EVIDENCE
west-ham-united,Mohamadou Kanté,801d7a76-cf1f-5b76-bb8d-848b93ec78d0,MID,UNKNOWN,0.0,0.0,,,0,38,,UNKNOWN_ROLE|LOW_PRIMARY_Q|LOW_ROLE_EVIDENCE
wolverhampton-wanderers,Emmanuel Agbadou,94f8d943-9301-57ef-ac78-91de92b9eb41,DEF,CB,0.4115,0.0941,LCB:0.15; RCB:0.15,CB:0.41; LCB:0.15; RCB:0.15,1,38,,OK
wolverhampton-wanderers,Santiago Bueno,a8aed2e6-b0b5-5558-b149-fc0c412d9844,DEF,CB,0.6885,0.6262,RCB:0.21,CB:0.69; RCB:0.21,2,38,,MULTI_ROLE
wolverhampton-wanderers,Ladislav Krejcí,aa986b3e-e0d4-5c58-b3da-46a8810d3ca9,DEF,LCB,0.7876,0.5666,,LCB:0.79; LCM:0.07,1,38,,OK
wolverhampton-wanderers,Toti António Gomes,970e8a65-ee1a-5d1a-94d7-82973dc0b1dc,DEF,LCB,0.7396,0.3599,CB:0.12,LCB:0.74; CB:0.12,1,38,,OK
wolverhampton-wanderers,David Møller Wolfe,3a3da8a7-b40c-5129-bab5-9c920e3a58ab,DEF,LWB,0.5058,0.1526,LB:0.26,LWB:0.51; LB:0.26,2,38,,MULTI_ROLE
wolverhampton-wanderers,Hugo Bueno López,87fd1c0a-a5f8-5f19-b233-de67537cdeb2,DEF,LWB,0.8157,0.6837,,LWB:0.82; LB:0.09,1,38,,OK
wolverhampton-wanderers,Rodrigo Martins Gomes,bc4b8805-6f13-565d-a977-295468e6a0cb,DEF,RAM,0.4507,0.1271,RWB:0.19,RAM:0.45; RWB:0.19; LW:0.09; LWB:0.05,1,38,,OK
wolverhampton-wanderers,Matt Doherty,1af989ce-689b-54c9-b0af-f7cc033bb301,DEF,RCB,0.4518,0.1374,RB:0.12; RWB:0.11,RCB:0.45; RB:0.12; RWB:0.11; CB:0.09,1,38,,OK
wolverhampton-wanderers,Yerson Mosquera Valdelamar,b6e20f32-3f8f-5d7f-b0b7-140bc97b69fe,DEF,RCB,0.8042,0.6315,,RCB:0.80; RB:0.10,1,38,,OK
wolverhampton-wanderers,Jackson Tchatchoua,a2bfdc0c-78a1-5fff-b07a-3cbbbabdeba5,DEF,RWB,0.8534,0.4865,,RWB:0.85,1,38,,OK
wolverhampton-wanderers,Ki-Jana Hoever,5e05a265-c5a6-5d89-b646-3db7a5e9e98e,DEF,RWB,0.3795,0.0616,,RWB:0.38; RB:0.10,1,38,,LOW_PRIMARY_Q
wolverhampton-wanderers,Pedro Cardoso de Lima,5c50ad44-fb04-5cd7-9d1f-513b77683809,DEF,RWB,0.6709,0.1875,,RWB:0.67,1,38,,OK
wolverhampton-wanderers,Alfie Pond,e54c1f7b-3976-56a4-a0a5-7fff8ad4400a,DEF,UNKNOWN,0.0,0.0,,,0,38,,UNKNOWN_ROLE|LOW_PRIMARY_Q|LOW_ROLE_EVIDENCE
wolverhampton-wanderers,Bastien Meupiyou,13200e1e-5c14-5a9e-8587-4cabf5aaae7f,DEF,UNKNOWN,0.0,0.0,,,0,38,,UNKNOWN_ROLE|LOW_PRIMARY_Q|LOW_ROLE_EVIDENCE
wolverhampton-wanderers,Saheed Olagunju,def8916b-b527-5756-860b-34ba477a01f0,DEF,UNKNOWN,0.0,0.0,,,0,38,,UNKNOWN_ROLE|LOW_PRIMARY_Q|LOW_ROLE_EVIDENCE
wolverhampton-wanderers,Mateus Mané,9ac5d5a9-74b6-578c-8e14-559019eb509d,FWD,LAM,0.3488,0.2803,CAM:0.20; LCM:0.17; RAM:0.12,LAM:0.35; CAM:0.20; LCM:0.17; RAM:0.12; RCM:0.05,1,38,,LOW_PRIMARY_Q
wolverhampton-wanderers,Adam Armstrong,ef5625b9-1910-5982-85f1-1966467ad375,FWD,ST,0.6087,0.4343,LAM:0.15; RAM:0.15,ST:0.61; LAM:0.15; RAM:0.15,1,38,,OK
wolverhampton-wanderers,Jørgen Strand Larsen,b6fb865b-2ea3-5f14-9db7-b2b1c2d82003,FWD,ST,0.8544,0.5007,,ST:0.85,1,24,,OK
wolverhampton-wanderers,Tolu Arokodare,a97d91b0-ab9b-5d5d-a9e8-01690cad9588,FWD,ST,0.8232,0.333,,ST:0.82,1,38,,OK
wolverhampton-wanderers,Fabio Silva,9eed8cdc-25ce-5b02-b275-fd42a8af47a0,FWD,UNKNOWN,0.0,0.0,,,0,38,,UNKNOWN_ROLE|LOW_PRIMARY_Q|LOW_ROLE_EVIDENCE
wolverhampton-wanderers,Leon Chiwome,7a1a0c28-e905-5dc3-b473-375bc1a58c0e,FWD,UNKNOWN,0.0,0.0,,,0,38,,UNKNOWN_ROLE|LOW_PRIMARY_Q|LOW_ROLE_EVIDENCE
wolverhampton-wanderers,Nathan Fraser,070b389c-6cc8-5428-8c82-68e98b031ae2,FWD,UNKNOWN,0.0,0.0,,,0,38,,UNKNOWN_ROLE|LOW_PRIMARY_Q|LOW_ROLE_EVIDENCE
wolverhampton-wanderers,Sasa Kalajdzic,7be329fe-cc60-5f63-80c4-03a1366b6cd0,FWD,UNKNOWN,0.0,0.0,,,0,38,,UNKNOWN_ROLE|LOW_PRIMARY_Q|LOW_ROLE_EVIDENCE
wolverhampton-wanderers,Daniel Bentley,2fa40b7b-3ae8-5f1c-9520-aa9d58b7aee5,GK,GK,1.0,0.189,,GK:1.00,1,38,,OK
wolverhampton-wanderers,José Malheiro de Sá,698f23fd-0fa1-5358-8bd3-2b8aef91e946,GK,GK,1.0,0.6648,,GK:1.00,1,38,,OK
wolverhampton-wanderers,Sam Johnstone,41af0355-d126-5dc9-b44e-6d3d4ad2661b,GK,GK,1.0,0.1463,,GK:1.00,1,38,,OK
wolverhampton-wanderers,Alfie Brooks,5ef88ee7-67ce-5ea6-9f7d-768590a17478,GK,UNKNOWN,0.0,0.0,,,0,38,,UNKNOWN_ROLE|LOW_PRIMARY_Q|LOW_ROLE_EVIDENCE
wolverhampton-wanderers,Josh Gracey,96b97687-bd96-58d8-8dfd-1851ec2fee31,GK,UNKNOWN,0.0,0.0,,,0,38,,UNKNOWN_ROLE|LOW_PRIMARY_Q|LOW_ROLE_EVIDENCE
wolverhampton-wanderers,Angel Gomes,15d02b2c-303d-5403-b3ee-c1bb398578ae,MID,CAM,0.3004,0.0972,RCM:0.18; LDM:0.14; LAM:0.12,CAM:0.30; RCM:0.18; LDM:0.14; LAM:0.12,1,38,,LOW_PRIMARY_Q
wolverhampton-wanderers,João Victor Gomes da Silva,e2213bab-7401-5edc-9994-4eb0772f48ef,MID,LCM,0.5534,0.5017,RCM:0.20; RDM:0.12,LCM:0.55; RCM:0.20; RDM:0.12; CM:0.07,1,38,,OK
wolverhampton-wanderers,Jean-Ricner Bellegarde,ebd46261-67a5-56cc-9b55-02bde7f16bba,MID,RAM,0.4218,0.1723,RCM:0.26,RAM:0.42; RCM:0.26; LW:0.08,2,38,,MULTI_ROLE
wolverhampton-wanderers,André Trindade da Costa Neto,00cc549f-a9f0-54b0-8cbc-ef47c7f8251b,MID,RCM,0.39,0.3378,CM:0.30; LCM:0.16,RCM:0.39; CM:0.30; LCM:0.16; LDM:0.08,2,38,,LOW_PRIMARY_Q|MULTI_ROLE
wolverhampton-wanderers,Fer López González,1ddf1d34-6f86-5fa6-a5b9-c192a8ae5692,MID,RCM,0.1849,0.0238,,RCM:0.18; RAM:0.08,0,38,,LOW_PRIMARY_Q
wolverhampton-wanderers,Marshall Munetsi,8c70bef4-3e5d-5879-ade5-43db59c91c76,MID,RCM,0.2715,0.0422,LCM:0.16; RW:0.15,RCM:0.27; LCM:0.16; RW:0.15,1,38,,LOW_PRIMARY_Q
wolverhampton-wanderers,Jhon Arias,762b7b12-29aa-5f0f-aef0-ca1bf2237692,MID,RW,0.2789,0.0627,RCM:0.26,RW:0.28; RCM:0.26; LCM:0.08; RAM:0.07; LW:0.05,2,38,,LOW_PRIMARY_Q|MULTI_ROLE
wolverhampton-wanderers,Hwang Hee-chan,e3545d57-5636-57c9-a5ad-35a839d1f8bd,MID,ST,0.596,0.2764,LAM:0.19,ST:0.60; LAM:0.19,1,38,,OK
wolverhampton-wanderers,Boubacar Traoré,bc912383-b9db-5772-b425-cee0903f056b,MID,UNKNOWN,0.0,0.0,,,0,38,,UNKNOWN_ROLE|LOW_PRIMARY_Q|LOW_ROLE_EVIDENCE
wolverhampton-wanderers,Enso González,eeff7fa2-1d07-5074-ae49-1cf7014422e6,MID,UNKNOWN,0.0,0.0,,,0,38,,UNKNOWN_ROLE|LOW_PRIMARY_Q|LOW_ROLE_EVIDENCE
wolverhampton-wanderers,Ethan Sutherland,895530a6-b2e4-548b-a2f6-bec6611642ef,MID,UNKNOWN,0.0,0.0,,,0,38,,UNKNOWN_ROLE|LOW_PRIMARY_Q|LOW_ROLE_EVIDENCE
wolverhampton-wanderers,Gonçalo Manuel Ganchinho Guedes,1ebd62da-03f6-5bf1-92d5-fd0cd9edc9e8,MID,UNKNOWN,0.0,0.0,,,0,38,,UNKNOWN_ROLE|LOW_PRIMARY_Q|LOW_ROLE_EVIDENCE
wolverhampton-wanderers,Jerome Abbey,ab1bd1a1-7e46-5a2e-b6df-3f90bac73f90,MID,UNKNOWN,0.0,0.0,,,0,38,,UNKNOWN_ROLE|LOW_PRIMARY_Q|LOW_ROLE_EVIDENCE
wolverhampton-wanderers,Joseph Hodge,7882c582-9bb0-5054-9f22-bbe3adcefa59,MID,UNKNOWN,0.0,0.0,,,0,38,,UNKNOWN_ROLE|LOW_PRIMARY_Q|LOW_ROLE_EVIDENCE
wolverhampton-wanderers,Luke Rawlings,4a4c210a-b163-51bb-a7f6-5e5dd5870bbb,MID,UNKNOWN,0.0,0.0,,,0,38,,UNKNOWN_ROLE|LOW_PRIMARY_Q|LOW_ROLE_EVIDENCE
wolverhampton-wanderers,Tawanda Chirewa,82707ab5-c726-5a80-a634-33c7385fa2ef,MID,UNKNOWN,0.0,0.0,,,0,38,,UNKNOWN_ROLE|LOW_PRIMARY_Q|LOW_ROLE_EVIDENCE
wolverhampton-wanderers,Temple Ojinnaka,8e4c38d4-b3e1-565e-8355-6534c978fc31,MID,UNKNOWN,0.0,0.0,,,0,38,,UNKNOWN_ROLE|LOW_PRIMARY_Q|LOW_ROLE_EVIDENCE
wolverhampton-wanderers,Tom Edozie,65e0fe15-a1a2-5476-910a-832e300873cd,MID,UNKNOWN,0.0,0.0,,,0,38,,UNKNOWN_ROLE|LOW_PRIMARY_Q|LOW_ROLE_EVIDENCE
