source_match_id,external_player_id,player_name,team_external_id,started,minutes,in_matchday_squad,role_geometry,role_x,role_y,source_name,observed_at,competition_stage,fixture_uuid,team_id,gw,player_uuid,role_slot,changed
fplcore:25-26-prem-aston-villa-vs-newcastle-united,91321184-4f36-5c7d-80ee-090e5416c822,M. Bizot,2025-26:2,1,90.0,1,,9.8,47.9,fpl_core_insights_detailed,2025-08-16T14:30:00+00:00,GW1,57e6f29b-e64f-528a-8de0-189ed5bb4401,2,1,91321184-4f36-5c7d-80ee-090e5416c822,GK,True
fplcore:25-26-prem-aston-villa-vs-newcastle-united,00be15e9-135e-5a79-956f-cd70f121b4b0,N. Pope,2025-26:15,1,90.0,1,,12.1,48.3,fpl_core_insights_detailed,2025-08-16T14:30:00+00:00,GW1,57e6f29b-e64f-528a-8de0-189ed5bb4401,15,1,00be15e9-135e-5a79-956f-cd70f121b4b0,GK,True
fplcore:25-26-prem-brighton-hove-albion-vs-fulham,9720eb96-9da3-5717-9ed4-45874361e243,B. Verbruggen,2025-26:6,1,90.0,1,,12.2,49.4,fpl_core_insights_detailed,2025-08-16T17:00:00+00:00,GW1,a3180a71-b10f-5407-896c-4b469b473c35,6,1,9720eb96-9da3-5717-9ed4-45874361e243,GK,True
fplcore:25-26-prem-brighton-hove-albion-vs-fulham,83056bd2-b742-5b28-b32d-8ba4a3902c61,B. Leno,2025-26:10,1,90.0,1,,9.6,50.7,fpl_core_insights_detailed,2025-08-16T17:00:00+00:00,GW1,a3180a71-b10f-5407-896c-4b469b473c35,10,1,83056bd2-b742-5b28-b32d-8ba4a3902c61,GK,True
fplcore:25-26-prem-chelsea-vs-crystal-palace,412fc00b-6fb5-5606-bb30-04e075a83220,R. Sánchez,2025-26:7,1,90.0,1,,11.6,46.2,fpl_core_insights_detailed,2025-08-17T16:00:00+00:00,GW1,fcc89267-5602-5a4f-929c-b5032b964ab7,7,1,412fc00b-6fb5-5606-bb30-04e075a83220,GK,True
fplcore:25-26-prem-chelsea-vs-crystal-palace,fbe43cca-fb14-5420-94d6-3e253d5e57f2,T. Chalobah,2025-26:7,1,90.0,1,LB,44.9,72.3,fpl_core_insights_detailed,2025-08-17T16:00:00+00:00,GW1,fcc89267-5602-5a4f-929c-b5032b964ab7,7,1,fbe43cca-fb14-5420-94d6-3e253d5e57f2,LCB,True
fplcore:25-26-prem-chelsea-vs-crystal-palace,3d33e637-0658-5cc2-964e-b281c5cdf9fc,M. Cucurella,2025-26:7,1,90.0,1,LCB,58.9,71.8,fpl_core_insights_detailed,2025-08-17T16:00:00+00:00,GW1,fcc89267-5602-5a4f-929c-b5032b964ab7,7,1,3d33e637-0658-5cc2-964e-b281c5cdf9fc,LB,True
fplcore:25-26-prem-chelsea-vs-crystal-palace,4e7d3349-c869-51f6-a9f2-e86405e21be5,D. Henderson,2025-26:8,1,90.0,1,,7.9,46.0,fpl_core_insights_detailed,2025-08-17T16:00:00+00:00,GW1,fcc89267-5602-5a4f-929c-b5032b964ab7,8,1,4e7d3349-c869-51f6-a9f2-e86405e21be5,GK,True
fplcore:25-26-prem-chelsea-vs-crystal-palace,12886371-5fae-5789-af23-d20764ecfe3e,D. Muñoz,2025-26:8,1,90.0,1,RAM,48.8,18.2,fpl_core_insights_detailed,2025-08-17T16:00:00+00:00,GW1,fcc89267-5602-5a4f-929c-b5032b964ab7,8,1,12886371-5fae-5789-af23-d20764ecfe3e,RWB,True
fplcore:25-26-prem-chelsea-vs-crystal-palace,73fbac33-4713-58ec-b9bd-242dfec592a2,A. Wharton,2025-26:8,1,90.0,1,RWB,38.9,38.3,fpl_core_insights_detailed,2025-08-17T16:00:00+00:00,GW1,fcc89267-5602-5a4f-929c-b5032b964ab7,8,1,73fbac33-4713-58ec-b9bd-242dfec592a2,RCM,True
fplcore:25-26-prem-chelsea-vs-crystal-palace,9a90c10b-4796-5eda-a505-8db9bc21605d,I. Sarr,2025-26:8,1,90.0,1,RCM,45.1,42.4,fpl_core_insights_detailed,2025-08-17T16:00:00+00:00,GW1,fcc89267-5602-5a4f-929c-b5032b964ab7,8,1,9a90c10b-4796-5eda-a505-8db9bc21605d,RAM,True
fplcore:25-26-prem-chelsea-vs-crystal-palace,79caa72c-19b1-5ed2-9eea-49bec88916b3,E. Eze,2025-26:8,1,83.0,1,ST,56.6,77.4,fpl_core_insights_detailed,2025-08-17T16:00:00+00:00,GW1,fcc89267-5602-5a4f-929c-b5032b964ab7,8,1,79caa72c-19b1-5ed2-9eea-49bec88916b3,LAM,True
fplcore:25-26-prem-chelsea-vs-crystal-palace,7b9dc65d-483e-5ff9-af51-946aceed51e9,J. Mateta,2025-26:8,1,90.0,1,LAM,55.7,47.1,fpl_core_insights_detailed,2025-08-17T16:00:00+00:00,GW1,fcc89267-5602-5a4f-929c-b5032b964ab7,8,1,7b9dc65d-483e-5ff9-af51-946aceed51e9,ST,True
fplcore:25-26-prem-leeds-united-vs-everton,542e61a7-899c-5785-91c5-c76ab1e53e2d,L. Perri,2025-26:11,1,90.0,1,,12.0,52.1,fpl_core_insights_detailed,2025-08-18T22:00:00+00:00,GW1,8c4d1c96-e5b0-5d31-ab9a-7793c7d084cc,11,1,542e61a7-899c-5785-91c5-c76ab1e53e2d,GK,True
fplcore:25-26-prem-leeds-united-vs-everton,57881605-ab70-5c0d-865f-433201de3f6f,J. Pickford,2025-26:9,1,90.0,1,,11.3,53.0,fpl_core_insights_detailed,2025-08-18T22:00:00+00:00,GW1,8c4d1c96-e5b0-5d31-ab9a-7793c7d084cc,9,1,57881605-ab70-5c0d-865f-433201de3f6f,GK,True
fplcore:25-26-prem-liverpool-vs-afc-bournemouth,bb7d5990-008e-5f6d-871a-83ec4490dd2d,Alisson,2025-26:12,1,90.0,1,,14.1,46.0,fpl_core_insights_detailed,2025-08-15T22:00:00+00:00,GW1,73290e41-187c-56ed-867a-81ebdf72650a,12,1,bb7d5990-008e-5f6d-871a-83ec4490dd2d,GK,True
fplcore:25-26-prem-liverpool-vs-afc-bournemouth,aec63649-ffe1-5e88-829b-d1e462e7e679,Đ. Petrović,2025-26:4,1,90.0,1,,10.6,48.9,fpl_core_insights_detailed,2025-08-15T22:00:00+00:00,GW1,73290e41-187c-56ed-867a-81ebdf72650a,4,1,aec63649-ffe1-5e88-829b-d1e462e7e679,GK,True
fplcore:25-26-prem-manchester-united-vs-arsenal,f192bac3-5939-5751-bfc7-fc9da3a23532,A. Bayındır,2025-26:14,1,90.0,1,,9.6,47.1,fpl_core_insights_detailed,2025-08-17T18:30:00+00:00,GW1,8d624f0e-0153-5d03-addd-2332a5e8401b,14,1,f192bac3-5939-5751-bfc7-fc9da3a23532,GK,True
fplcore:25-26-prem-manchester-united-vs-arsenal,9ac55e79-9cb2-5ac5-ae8c-6a2ebd620277,D. Raya,2025-26:1,1,90.0,1,,8.8,53.1,fpl_core_insights_detailed,2025-08-17T18:30:00+00:00,GW1,8d624f0e-0153-5d03-addd-2332a5e8401b,1,1,9ac55e79-9cb2-5ac5-ae8c-6a2ebd620277,GK,True
fplcore:25-26-prem-nottingham-forest-vs-brentford,5dfbea2f-beb3-54f9-ad39-1f8f81f8a323,M. Sels,2025-26:16,1,90.0,1,,13.2,47.1,fpl_core_insights_detailed,2025-08-17T16:00:00+00:00,GW1,1370051d-9754-5ed7-9560-133b2a7a6e35,16,1,5dfbea2f-beb3-54f9-ad39-1f8f81f8a323,GK,True
fplcore:25-26-prem-nottingham-forest-vs-brentford,3cfeb2a8-cad5-5980-9946-aecc5eb2b011,C. Kelleher,2025-26:5,1,90.0,1,,10.7,48.1,fpl_core_insights_detailed,2025-08-17T16:00:00+00:00,GW1,1370051d-9754-5ed7-9560-133b2a7a6e35,5,1,3cfeb2a8-cad5-5980-9946-aecc5eb2b011,GK,True
fplcore:25-26-prem-nottingham-forest-vs-brentford,9a8ecf00-4990-5980-88ac-7e6f3426cc04,Y. Yarmolyuk,2025-26:5,1,90.0,1,LDM,38.7,48.9,fpl_core_insights_detailed,2025-08-17T16:00:00+00:00,GW1,1370051d-9754-5ed7-9560-133b2a7a6e35,5,1,9a8ecf00-4990-5980-88ac-7e6f3426cc04,RDM,True
fplcore:25-26-prem-nottingham-forest-vs-brentford,e5d36ad0-dba5-56c7-a5d2-b091b2fa1b0d,M. Jensen,2025-26:5,1,68.0,1,LAM,51.1,70.7,fpl_core_insights_detailed,2025-08-17T16:00:00+00:00,GW1,1370051d-9754-5ed7-9560-133b2a7a6e35,5,1,e5d36ad0-dba5-56c7-a5d2-b091b2fa1b0d,LDM,True
fplcore:25-26-prem-nottingham-forest-vs-brentford,c5c12262-4fce-5d62-89d5-5e4ae2679565,K. Lewis-Potter,2025-26:5,1,68.0,1,RDM,42.2,23.0,fpl_core_insights_detailed,2025-08-17T16:00:00+00:00,GW1,1370051d-9754-5ed7-9560-133b2a7a6e35,5,1,c5c12262-4fce-5d62-89d5-5e4ae2679565,RAM,True
fplcore:25-26-prem-nottingham-forest-vs-brentford,dc426f23-df1b-5d0d-9706-56cdf33051e4,A. Milambo,2025-26:5,1,45.0,1,RAM,47.4,40.7,fpl_core_insights_detailed,2025-08-17T16:00:00+00:00,GW1,1370051d-9754-5ed7-9560-133b2a7a6e35,5,1,dc426f23-df1b-5d0d-9706-56cdf33051e4,CAM,True
fplcore:25-26-prem-nottingham-forest-vs-brentford,4cf06c6b-b8c9-5159-90b0-88803e09c4a1,F. Carvalho,2025-26:5,1,90.0,1,CAM,60.5,48.8,fpl_core_insights_detailed,2025-08-17T16:00:00+00:00,GW1,1370051d-9754-5ed7-9560-133b2a7a6e35,5,1,4cf06c6b-b8c9-5159-90b0-88803e09c4a1,LAM,True
fplcore:25-26-prem-sunderland-vs-west-ham-united,17b0293a-a54d-554b-bdba-368217c87ad9,R. Roefs,2025-26:17,1,90.0,1,,8.3,50.1,fpl_core_insights_detailed,2025-08-16T17:00:00+00:00,GW1,a302c288-25c1-5854-b3b6-f1d6a9f35c0a,17,1,17b0293a-a54d-554b-bdba-368217c87ad9,GK,True
fplcore:25-26-prem-sunderland-vs-west-ham-united,82a85fe5-3695-5749-b382-fb39650267e9,M. Hermansen,2025-26:19,1,90.0,1,,13.4,47.3,fpl_core_insights_detailed,2025-08-16T17:00:00+00:00,GW1,a302c288-25c1-5854-b3b6-f1d6a9f35c0a,19,1,82a85fe5-3695-5749-b382-fb39650267e9,GK,True
fplcore:25-26-prem-sunderland-vs-west-ham-united,35ad91b8-a753-5dab-beac-21a352e5cb13,A. Wan-Bissaka,2025-26:19,1,90.0,1,CAM,57.3,11.9,fpl_core_insights_detailed,2025-08-16T17:00:00+00:00,GW1,a302c288-25c1-5854-b3b6-f1d6a9f35c0a,19,1,35ad91b8-a753-5dab-beac-21a352e5cb13,RWB,True
fplcore:25-26-prem-sunderland-vs-west-ham-united,4156c194-ad00-5d9c-aa4d-5f67c7deba01,J. Ward-Prowse,2025-26:19,1,70.0,1,RWB,53.9,28.9,fpl_core_insights_detailed,2025-08-16T17:00:00+00:00,GW1,a302c288-25c1-5854-b3b6-f1d6a9f35c0a,19,1,4156c194-ad00-5d9c-aa4d-5f67c7deba01,RCM,True
fplcore:25-26-prem-sunderland-vs-west-ham-united,e17b28b4-18e0-5316-b0b4-279fe412f5e5,L. Paquetá,2025-26:19,1,90.0,1,RCM,55.5,43.4,fpl_core_insights_detailed,2025-08-16T17:00:00+00:00,GW1,a302c288-25c1-5854-b3b6-f1d6a9f35c0a,19,1,e17b28b4-18e0-5316-b0b4-279fe412f5e5,CAM,True
fplcore:25-26-prem-tottenham-hotspur-vs-burnley,3c77aa9b-7767-5636-9780-0d94d829b326,G. Vicario,2025-26:18,1,90.0,1,,10.2,51.0,fpl_core_insights_detailed,2025-08-16T17:00:00+00:00,GW1,41fc66c1-c330-5d91-a82b-ccf8de64fc4e,18,1,3c77aa9b-7767-5636-9780-0d94d829b326,GK,True
fplcore:25-26-prem-tottenham-hotspur-vs-burnley,976cba43-39e3-5bd2-a17b-74524487c441,A. Gray,2025-26:18,1,70.0,1,LCM,47.7,50.2,fpl_core_insights_detailed,2025-08-16T17:00:00+00:00,GW1,41fc66c1-c330-5d91-a82b-ccf8de64fc4e,18,1,976cba43-39e3-5bd2-a17b-74524487c441,CM,True
fplcore:25-26-prem-tottenham-hotspur-vs-burnley,99c5358b-6b7a-567b-a6ef-22541e365423,L. Bergvall,2025-26:18,1,79.0,1,CM,57.7,45.7,fpl_core_insights_detailed,2025-08-16T17:00:00+00:00,GW1,41fc66c1-c330-5d91-a82b-ccf8de64fc4e,18,1,99c5358b-6b7a-567b-a6ef-22541e365423,LCM,True
fplcore:25-26-prem-tottenham-hotspur-vs-burnley,148b32f1-d60d-5cdd-9ffe-a5938fcb8671,M. Dúbravka,2025-26:3,1,90.0,1,,8.8,48.4,fpl_core_insights_detailed,2025-08-16T17:00:00+00:00,GW1,41fc66c1-c330-5d91-a82b-ccf8de64fc4e,3,1,148b32f1-d60d-5cdd-9ffe-a5938fcb8671,GK,True
fplcore:25-26-prem-tottenham-hotspur-vs-burnley,0e1f7351-8766-5aac-b7ce-1c0c2d514ae2,O. Sonne,2025-26:3,1,73.0,1,RCB,64.6,27.0,fpl_core_insights_detailed,2025-08-16T17:00:00+00:00,GW1,41fc66c1-c330-5d91-a82b-ccf8de64fc4e,3,1,0e1f7351-8766-5aac-b7ce-1c0c2d514ae2,RWB,True
fplcore:25-26-prem-tottenham-hotspur-vs-burnley,b7ff49f3-d1e0-5e63-b004-29bee7a1f2ea,K. Walker,2025-26:3,1,90.0,1,RWB,40.8,25.1,fpl_core_insights_detailed,2025-08-16T17:00:00+00:00,GW1,41fc66c1-c330-5d91-a82b-ccf8de64fc4e,3,1,b7ff49f3-d1e0-5e63-b004-29bee7a1f2ea,RCB,True
fplcore:25-26-prem-tottenham-hotspur-vs-burnley,9d1de056-bbbd-54d4-a192-06c57ccb0fd6,H. Mejbri,2025-26:3,1,62.0,1,RCM,66.4,57.6,fpl_core_insights_detailed,2025-08-16T17:00:00+00:00,GW1,41fc66c1-c330-5d91-a82b-ccf8de64fc4e,3,1,9d1de056-bbbd-54d4-a192-06c57ccb0fd6,RW,True
fplcore:25-26-prem-tottenham-hotspur-vs-burnley,f5da0015-9c1c-5ba2-a447-9fc51ceed482,J. Laurent,2025-26:3,1,62.0,1,RW,51.8,38.4,fpl_core_insights_detailed,2025-08-16T17:00:00+00:00,GW1,41fc66c1-c330-5d91-a82b-ccf8de64fc4e,3,1,f5da0015-9c1c-5ba2-a447-9fc51ceed482,RCM,True
fplcore:25-26-prem-wolverhampton-wanderers-vs-manchester-city,698f23fd-0fa1-5358-8bd3-2b8aef91e946,J. Sá,2025-26:20,1,90.0,1,,8.3,51.6,fpl_core_insights_detailed,2025-08-16T19:30:00+00:00,GW1,fbc83cfe-55d7-53fd-92a0-a8c1e2530236,20,1,698f23fd-0fa1-5358-8bd3-2b8aef91e946,GK,True
fplcore:25-26-prem-wolverhampton-wanderers-vs-manchester-city,8fc7e356-2dbb-50c9-8b7e-cc573f3855b4,J. Trafford,2025-26:13,1,90.0,1,,9.1,49.2,fpl_core_insights_detailed,2025-08-16T19:30:00+00:00,GW1,fbc83cfe-55d7-53fd-92a0-a8c1e2530236,13,1,8fc7e356-2dbb-50c9-8b7e-cc573f3855b4,GK,True
fplcore:25-26-prem-afc-bournemouth-vs-wolverhampton-wanderers,aec63649-ffe1-5e88-829b-d1e462e7e679,Đ. Petrović,2025-26:4,1,90.0,1,,10.9,50.1,fpl_core_insights_detailed,2025-08-23T17:00:00+00:00,GW2,4b1e1171-d53c-5564-819e-688d97d1bb7c,4,2,aec63649-ffe1-5e88-829b-d1e462e7e679,GK,True
fplcore:25-26-prem-afc-bournemouth-vs-wolverhampton-wanderers,698f23fd-0fa1-5358-8bd3-2b8aef91e946,J. Sá,2025-26:20,1,90.0,1,,10.2,44.8,fpl_core_insights_detailed,2025-08-23T17:00:00+00:00,GW2,4b1e1171-d53c-5564-819e-688d97d1bb7c,20,2,698f23fd-0fa1-5358-8bd3-2b8aef91e946,GK,True
fplcore:25-26-prem-arsenal-vs-leeds-united,9ac55e79-9cb2-5ac5-ae8c-6a2ebd620277,D. Raya,2025-26:1,1,90.0,1,,11.6,54.0,fpl_core_insights_detailed,2025-08-23T19:30:00+00:00,GW2,cf445bc3-a341-5bec-853b-cb5330a1ff9e,1,2,9ac55e79-9cb2-5ac5-ae8c-6a2ebd620277,GK,True
fplcore:25-26-prem-arsenal-vs-leeds-united,542e61a7-899c-5785-91c5-c76ab1e53e2d,L. Perri,2025-26:11,1,90.0,1,,10.5,51.0,fpl_core_insights_detailed,2025-08-23T19:30:00+00:00,GW2,cf445bc3-a341-5bec-853b-cb5330a1ff9e,11,2,542e61a7-899c-5785-91c5-c76ab1e53e2d,GK,True
fplcore:25-26-prem-brentford-vs-aston-villa,3cfeb2a8-cad5-5980-9946-aecc5eb2b011,C. Kelleher,2025-26:5,1,90.0,1,,12.8,49.6,fpl_core_insights_detailed,2025-08-23T17:00:00+00:00,GW2,82936855-948b-5658-b25d-7eb6fddc53db,5,2,3cfeb2a8-cad5-5980-9946-aecc5eb2b011,GK,True
fplcore:25-26-prem-brentford-vs-aston-villa,9c63b373-5b16-5d1a-8ee1-2b35708a7892,D. Ouattara,2025-26:5,1,83.0,1,CAM,51.0,33.5,fpl_core_insights_detailed,2025-08-23T17:00:00+00:00,GW2,82936855-948b-5658-b25d-7eb6fddc53db,5,2,9c63b373-5b16-5d1a-8ee1-2b35708a7892,RAM,True
fplcore:25-26-prem-brentford-vs-aston-villa,f10b2a81-0b74-578a-872a-ded3a4da9ea0,M. Damsgaard,2025-26:5,1,90.0,1,RAM,48.2,32.3,fpl_core_insights_detailed,2025-08-23T17:00:00+00:00,GW2,82936855-948b-5658-b25d-7eb6fddc53db,5,2,f10b2a81-0b74-578a-872a-ded3a4da9ea0,CAM,True
fplcore:25-26-prem-brentford-vs-aston-villa,db76d454-818a-5043-8d04-22e24f696027,E. Martínez,2025-26:2,1,90.0,1,,12.3,45.8,fpl_core_insights_detailed,2025-08-23T17:00:00+00:00,GW2,82936855-948b-5658-b25d-7eb6fddc53db,2,2,db76d454-818a-5043-8d04-22e24f696027,GK,True
fplcore:25-26-prem-brentford-vs-aston-villa,b95b9e81-9894-50ab-b2de-c2234cfde8c6,Y. Tielemans,2025-26:2,1,90.0,1,LAM,58.1,62.6,fpl_core_insights_detailed,2025-08-23T17:00:00+00:00,GW2,82936855-948b-5658-b25d-7eb6fddc53db,2,2,b95b9e81-9894-50ab-b2de-c2234cfde8c6,CAM,True
fplcore:25-26-prem-brentford-vs-aston-villa,77f6a9da-b2d4-5034-84c5-2580945368b8,M. Rogers,2025-26:2,1,90.0,1,CAM,67.1,56.5,fpl_core_insights_detailed,2025-08-23T17:00:00+00:00,GW2,82936855-948b-5658-b25d-7eb6fddc53db,2,2,77f6a9da-b2d4-5034-84c5-2580945368b8,LAM,True
fplcore:25-26-prem-burnley-vs-sunderland,148b32f1-d60d-5cdd-9ffe-a5938fcb8671,M. Dúbravka,2025-26:3,1,90.0,1,,10.2,48.5,fpl_core_insights_detailed,2025-08-23T17:00:00+00:00,GW2,383124d2-ef64-5714-a6ed-7144b14a2a22,3,2,148b32f1-d60d-5cdd-9ffe-a5938fcb8671,GK,True
fplcore:25-26-prem-burnley-vs-sunderland,17b0293a-a54d-554b-bdba-368217c87ad9,R. Roefs,2025-26:17,1,90.0,1,,13.7,55.1,fpl_core_insights_detailed,2025-08-23T17:00:00+00:00,GW2,383124d2-ef64-5714-a6ed-7144b14a2a22,17,2,17b0293a-a54d-554b-bdba-368217c87ad9,GK,True
fplcore:25-26-prem-burnley-vs-sunderland,483fd668-a74d-5c5c-9111-a023961f914b,C. Talbi,2025-26:17,1,62.0,1,ST,55.5,27.9,fpl_core_insights_detailed,2025-08-23T17:00:00+00:00,GW2,383124d2-ef64-5714-a6ed-7144b14a2a22,17,2,483fd668-a74d-5c5c-9111-a023961f914b,RW,True
fplcore:25-26-prem-burnley-vs-sunderland,6bc31bc4-e733-517c-ad34-ef2c089aaa40,E. Mayenda,2025-26:17,1,62.0,1,RW,48.7,27.2,fpl_core_insights_detailed,2025-08-23T17:00:00+00:00,GW2,383124d2-ef64-5714-a6ed-7144b14a2a22,17,2,6bc31bc4-e733-517c-ad34-ef2c089aaa40,ST,True
fplcore:25-26-prem-crystal-palace-vs-nottingham-forest,4e7d3349-c869-51f6-a9f2-e86405e21be5,D. Henderson,2025-26:8,1,90.0,1,,9.2,44.2,fpl_core_insights_detailed,2025-08-24T16:00:00+00:00,GW2,d2274c2d-6a3a-5476-beb5-48d6e174d3f5,8,2,4e7d3349-c869-51f6-a9f2-e86405e21be5,GK,True
fplcore:25-26-prem-crystal-palace-vs-nottingham-forest,5dfbea2f-beb3-54f9-ad39-1f8f81f8a323,M. Sels,2025-26:16,1,90.0,1,,10.2,46.8,fpl_core_insights_detailed,2025-08-24T16:00:00+00:00,GW2,d2274c2d-6a3a-5476-beb5-48d6e174d3f5,16,2,5dfbea2f-beb3-54f9-ad39-1f8f81f8a323,GK,True
fplcore:25-26-prem-everton-vs-brighton-hove-albion,57881605-ab70-5c0d-865f-433201de3f6f,J. Pickford,2025-26:9,1,90.0,1,,12.8,51.8,fpl_core_insights_detailed,2025-08-24T16:00:00+00:00,GW2,46936684-cd46-5e98-86cb-4ae2e5f4d17e,9,2,57881605-ab70-5c0d-865f-433201de3f6f,GK,True
fplcore:25-26-prem-everton-vs-brighton-hove-albion,9720eb96-9da3-5717-9ed4-45874361e243,B. Verbruggen,2025-26:6,1,90.0,1,,11.4,52.1,fpl_core_insights_detailed,2025-08-24T16:00:00+00:00,GW2,46936684-cd46-5e98-86cb-4ae2e5f4d17e,6,2,9720eb96-9da3-5717-9ed4-45874361e243,GK,True
fplcore:25-26-prem-fulham-vs-manchester-united,83056bd2-b742-5b28-b32d-8ba4a3902c61,B. Leno,2025-26:10,1,90.0,1,,8.5,51.2,fpl_core_insights_detailed,2025-08-24T18:30:00+00:00,GW2,abc6af2e-a356-5a49-bf3d-56937b05c56f,10,2,83056bd2-b742-5b28-b32d-8ba4a3902c61,GK,True
fplcore:25-26-prem-fulham-vs-manchester-united,aa82079f-0382-5b01-bb3b-9224650f408b,S. Lukić,2025-26:10,1,90.0,1,CAM,62.3,30.3,fpl_core_insights_detailed,2025-08-24T18:30:00+00:00,GW2,abc6af2e-a356-5a49-bf3d-56937b05c56f,10,2,aa82079f-0382-5b01-bb3b-9224650f408b,RDM,True
fplcore:25-26-prem-fulham-vs-manchester-united,9f1ab4dd-f86c-5749-967d-c8f0fbfe15f7,J. King,2025-26:10,1,70.0,1,RDM,58.6,44.0,fpl_core_insights_detailed,2025-08-24T18:30:00+00:00,GW2,abc6af2e-a356-5a49-bf3d-56937b05c56f,10,2,9f1ab4dd-f86c-5749-967d-c8f0fbfe15f7,CAM,True
fplcore:25-26-prem-fulham-vs-manchester-united,f192bac3-5939-5751-bfc7-fc9da3a23532,A. Bayındır,2025-26:14,1,90.0,1,,8.2,50.9,fpl_core_insights_detailed,2025-08-24T18:30:00+00:00,GW2,abc6af2e-a356-5a49-bf3d-56937b05c56f,14,2,f192bac3-5939-5751-bfc7-fc9da3a23532,GK,True
fplcore:25-26-prem-fulham-vs-manchester-united,fba35e22-cb10-554f-ad2e-e62d2b5a5da8,P. Dorgu,2025-26:14,1,90.0,1,LAM,54.3,84.4,fpl_core_insights_detailed,2025-08-24T18:30:00+00:00,GW2,abc6af2e-a356-5a49-bf3d-56937b05c56f,14,2,fba35e22-cb10-554f-ad2e-e62d2b5a5da8,LWB,True
fplcore:25-26-prem-fulham-vs-manchester-united,be977983-b55e-52b9-96d5-b98b8b42edbb,B. Mbeumo,2025-26:14,1,90.0,1,ST,67.1,28.6,fpl_core_insights_detailed,2025-08-24T18:30:00+00:00,GW2,abc6af2e-a356-5a49-bf3d-56937b05c56f,14,2,be977983-b55e-52b9-96d5-b98b8b42edbb,RAM,True
fplcore:25-26-prem-fulham-vs-manchester-united,6a3d319d-e848-56e0-bc06-707ee4149c24,M. Mount,2025-26:14,1,68.0,1,LWB,52.7,71.5,fpl_core_insights_detailed,2025-08-24T18:30:00+00:00,GW2,abc6af2e-a356-5a49-bf3d-56937b05c56f,14,2,6a3d319d-e848-56e0-bc06-707ee4149c24,LAM,True
fplcore:25-26-prem-fulham-vs-manchester-united,1b9763d0-3c26-574c-9903-2c98b8431990,M. Cunha,2025-26:14,1,90.0,1,RAM,58.5,58.9,fpl_core_insights_detailed,2025-08-24T18:30:00+00:00,GW2,abc6af2e-a356-5a49-bf3d-56937b05c56f,14,2,1b9763d0-3c26-574c-9903-2c98b8431990,ST,True
fplcore:25-26-prem-manchester-city-vs-tottenham-hotspur,8fc7e356-2dbb-50c9-8b7e-cc573f3855b4,J. Trafford,2025-26:13,1,90.0,1,,9.9,49.6,fpl_core_insights_detailed,2025-08-23T14:30:00+00:00,GW2,9c9a8c3f-4193-5894-8c7a-c76130bf3f65,13,2,8fc7e356-2dbb-50c9-8b7e-cc573f3855b4,GK,True
fplcore:25-26-prem-manchester-city-vs-tottenham-hotspur,3c77aa9b-7767-5636-9780-0d94d829b326,G. Vicario,2025-26:18,1,90.0,1,,12.1,52.0,fpl_core_insights_detailed,2025-08-23T14:30:00+00:00,GW2,9c9a8c3f-4193-5894-8c7a-c76130bf3f65,18,2,3c77aa9b-7767-5636-9780-0d94d829b326,GK,True
fplcore:25-26-prem-manchester-city-vs-tottenham-hotspur,e85a3c19-e5b4-542c-b4a1-85edbb700d53,P. M. Sarr,2025-26:18,1,90.0,1,CM,54.0,55.1,fpl_core_insights_detailed,2025-08-23T14:30:00+00:00,GW2,9c9a8c3f-4193-5894-8c7a-c76130bf3f65,18,2,e85a3c19-e5b4-542c-b4a1-85edbb700d53,RCM,True
fplcore:25-26-prem-manchester-city-vs-tottenham-hotspur,8e00491e-df3c-59d8-8196-500825daf087,J. Palhinha,2025-26:18,1,90.0,1,RCM,44.0,40.6,fpl_core_insights_detailed,2025-08-23T14:30:00+00:00,GW2,9c9a8c3f-4193-5894-8c7a-c76130bf3f65,18,2,8e00491e-df3c-59d8-8196-500825daf087,CM,True
fplcore:25-26-prem-newcastle-united-vs-liverpool,00be15e9-135e-5a79-956f-cd70f121b4b0,N. Pope,2025-26:15,1,90.0,1,,15.5,45.7,fpl_core_insights_detailed,2025-08-25T22:00:00+00:00,GW2,3099e008-4caa-511b-8f73-5459973ed7d9,15,2,00be15e9-135e-5a79-956f-cd70f121b4b0,GK,True
fplcore:25-26-prem-newcastle-united-vs-liverpool,7d97f99a-8163-5c05-a74a-5dd9794bd812,D. Burn,2025-26:15,1,90.0,1,LB,48.3,58.6,fpl_core_insights_detailed,2025-08-25T22:00:00+00:00,GW2,3099e008-4caa-511b-8f73-5459973ed7d9,15,2,7d97f99a-8163-5c05-a74a-5dd9794bd812,LCB,True
fplcore:25-26-prem-newcastle-united-vs-liverpool,51e8b386-e9bf-5082-8db8-d994f8a48d0b,V. Livramento,2025-26:15,1,90.0,1,LCB,55.7,50.1,fpl_core_insights_detailed,2025-08-25T22:00:00+00:00,GW2,3099e008-4caa-511b-8f73-5459973ed7d9,15,2,51e8b386-e9bf-5082-8db8-d994f8a48d0b,LB,True
fplcore:25-26-prem-newcastle-united-vs-liverpool,bb7d5990-008e-5f6d-871a-83ec4490dd2d,Alisson,2025-26:12,1,90.0,1,,12.7,49.9,fpl_core_insights_detailed,2025-08-25T22:00:00+00:00,GW2,3099e008-4caa-511b-8f73-5459973ed7d9,12,2,bb7d5990-008e-5f6d-871a-83ec4490dd2d,GK,True
fplcore:25-26-prem-west-ham-united-vs-chelsea,82a85fe5-3695-5749-b382-fb39650267e9,M. Hermansen,2025-26:19,1,90.0,1,,11.1,46.8,fpl_core_insights_detailed,2025-08-22T22:00:00+00:00,GW2,146952fe-3ce6-54a2-9a84-38480409072b,19,2,82a85fe5-3695-5749-b382-fb39650267e9,GK,True
fplcore:25-26-prem-west-ham-united-vs-chelsea,412fc00b-6fb5-5606-bb30-04e075a83220,R. Sánchez,2025-26:7,1,90.0,1,,9.5,46.3,fpl_core_insights_detailed,2025-08-22T22:00:00+00:00,GW2,146952fe-3ce6-54a2-9a84-38480409072b,7,2,412fc00b-6fb5-5606-bb30-04e075a83220,GK,True
fplcore:25-26-prem-aston-villa-vs-crystal-palace,91321184-4f36-5c7d-80ee-090e5416c822,M. Bizot,2025-26:2,1,90.0,1,,16.2,48.4,fpl_core_insights_detailed,2025-08-31T21:00:00+00:00,GW3,d3e35c27-9d89-56d5-9a04-c53436067c4e,2,3,91321184-4f36-5c7d-80ee-090e5416c822,GK,True
fplcore:25-26-prem-aston-villa-vs-crystal-palace,4e7d3349-c869-51f6-a9f2-e86405e21be5,D. Henderson,2025-26:8,1,90.0,1,,9.7,50.5,fpl_core_insights_detailed,2025-08-31T21:00:00+00:00,GW3,d3e35c27-9d89-56d5-9a04-c53436067c4e,8,3,4e7d3349-c869-51f6-a9f2-e86405e21be5,GK,True
fplcore:25-26-prem-aston-villa-vs-crystal-palace,73fbac33-4713-58ec-b9bd-242dfec592a2,A. Wharton,2025-26:8,1,55.0,1,LCM,47.1,42.6,fpl_core_insights_detailed,2025-08-31T21:00:00+00:00,GW3,d3e35c27-9d89-56d5-9a04-c53436067c4e,8,3,73fbac33-4713-58ec-b9bd-242dfec592a2,RCM,True
fplcore:25-26-prem-aston-villa-vs-crystal-palace,0fa345a4-e26c-50d4-8f35-8b13aa9d7c09,W. Hughes,2025-26:8,1,70.0,1,RAM,48.7,54.4,fpl_core_insights_detailed,2025-08-31T21:00:00+00:00,GW3,d3e35c27-9d89-56d5-9a04-c53436067c4e,8,3,0fa345a4-e26c-50d4-8f35-8b13aa9d7c09,LCM,True
fplcore:25-26-prem-aston-villa-vs-crystal-palace,9a90c10b-4796-5eda-a505-8db9bc21605d,I. Sarr,2025-26:8,1,90.0,1,RCM,47.9,30.6,fpl_core_insights_detailed,2025-08-31T21:00:00+00:00,GW3,d3e35c27-9d89-56d5-9a04-c53436067c4e,8,3,9a90c10b-4796-5eda-a505-8db9bc21605d,RAM,True
fplcore:25-26-prem-brighton-hove-albion-vs-manchester-city,9720eb96-9da3-5717-9ed4-45874361e243,B. Verbruggen,2025-26:6,1,90.0,1,,10.1,49.3,fpl_core_insights_detailed,2025-08-31T16:00:00+00:00,GW3,dc28ce88-ab30-5e0b-a323-9ff4961dd735,6,3,9720eb96-9da3-5717-9ed4-45874361e243,GK,True
fplcore:25-26-prem-brighton-hove-albion-vs-manchester-city,8fc7e356-2dbb-50c9-8b7e-cc573f3855b4,J. Trafford,2025-26:13,1,90.0,1,,9.3,49.3,fpl_core_insights_detailed,2025-08-31T16:00:00+00:00,GW3,dc28ce88-ab30-5e0b-a323-9ff4961dd735,13,3,8fc7e356-2dbb-50c9-8b7e-cc573f3855b4,GK,True
fplcore:25-26-prem-chelsea-vs-fulham,412fc00b-6fb5-5606-bb30-04e075a83220,R. Sánchez,2025-26:7,1,90.0,1,,13.4,48.8,fpl_core_insights_detailed,2025-08-30T14:30:00+00:00,GW3,4321d4f3-2f98-5743-bebf-85905feb310c,7,3,412fc00b-6fb5-5606-bb30-04e075a83220,GK,True
fplcore:25-26-prem-chelsea-vs-fulham,83056bd2-b742-5b28-b32d-8ba4a3902c61,B. Leno,2025-26:10,1,90.0,1,,9.7,48.8,fpl_core_insights_detailed,2025-08-30T14:30:00+00:00,GW3,4321d4f3-2f98-5743-bebf-85905feb310c,10,3,83056bd2-b742-5b28-b32d-8ba4a3902c61,GK,True
fplcore:25-26-prem-chelsea-vs-fulham,aa82079f-0382-5b01-bb3b-9224650f408b,S. Lukić,2025-26:10,1,90.0,1,RAM,53.0,39.6,fpl_core_insights_detailed,2025-08-30T14:30:00+00:00,GW3,4321d4f3-2f98-5743-bebf-85905feb310c,10,3,aa82079f-0382-5b01-bb3b-9224650f408b,RDM,True
fplcore:25-26-prem-chelsea-vs-fulham,e2d4248d-32fc-5ca0-8ae6-6abd3c22634e,T. Castagne,2025-26:10,1,59.0,1,RDM,44.1,22.7,fpl_core_insights_detailed,2025-08-30T14:30:00+00:00,GW3,4321d4f3-2f98-5743-bebf-85905feb310c,10,3,e2d4248d-32fc-5ca0-8ae6-6abd3c22634e,RAM,True
fplcore:25-26-prem-leeds-united-vs-newcastle-united,542e61a7-899c-5785-91c5-c76ab1e53e2d,L. Perri,2025-26:11,1,90.0,1,,9.7,49.3,fpl_core_insights_detailed,2025-08-30T19:30:00+00:00,GW3,4fa220b4-720c-5e7e-854e-5866b2bf56fe,11,3,542e61a7-899c-5785-91c5-c76ab1e53e2d,GK,True
fplcore:25-26-prem-leeds-united-vs-newcastle-united,00be15e9-135e-5a79-956f-cd70f121b4b0,N. Pope,2025-26:15,1,90.0,1,,9.5,51.0,fpl_core_insights_detailed,2025-08-30T19:30:00+00:00,GW3,4fa220b4-720c-5e7e-854e-5866b2bf56fe,15,3,00be15e9-135e-5a79-956f-cd70f121b4b0,GK,True
fplcore:25-26-prem-leeds-united-vs-newcastle-united,fe525ab5-78d1-5766-a583-9b76113d2d57,S. Botman,2025-26:15,1,67.0,1,LCB,28.0,53.5,fpl_core_insights_detailed,2025-08-30T19:30:00+00:00,GW3,4fa220b4-720c-5e7e-854e-5866b2bf56fe,15,3,fe525ab5-78d1-5766-a583-9b76113d2d57,CB,True
fplcore:25-26-prem-leeds-united-vs-newcastle-united,7d97f99a-8163-5c05-a74a-5dd9794bd812,D. Burn,2025-26:15,1,90.0,1,LWB,34.5,73.1,fpl_core_insights_detailed,2025-08-30T19:30:00+00:00,GW3,4fa220b4-720c-5e7e-854e-5866b2bf56fe,15,3,7d97f99a-8163-5c05-a74a-5dd9794bd812,LCB,True
fplcore:25-26-prem-leeds-united-vs-newcastle-united,51e8b386-e9bf-5082-8db8-d994f8a48d0b,V. Livramento,2025-26:15,1,90.0,1,CB,52.4,52.9,fpl_core_insights_detailed,2025-08-30T19:30:00+00:00,GW3,4fa220b4-720c-5e7e-854e-5866b2bf56fe,15,3,51e8b386-e9bf-5082-8db8-d994f8a48d0b,LWB,True
fplcore:25-26-prem-leeds-united-vs-newcastle-united,50df4a11-59ff-5eba-85dd-aaca25ba3cd2,B. Guimarães,2025-26:15,1,90.0,1,CM,50.0,48.8,fpl_core_insights_detailed,2025-08-30T19:30:00+00:00,GW3,4fa220b4-720c-5e7e-854e-5866b2bf56fe,15,3,50df4a11-59ff-5eba-85dd-aaca25ba3cd2,RCM,True
fplcore:25-26-prem-leeds-united-vs-newcastle-united,c7d912b7-acf9-59e7-a5a7-c7e64aed18da,S. Tonali,2025-26:15,1,90.0,1,RCM,50.7,43.2,fpl_core_insights_detailed,2025-08-30T19:30:00+00:00,GW3,4fa220b4-720c-5e7e-854e-5866b2bf56fe,15,3,c7d912b7-acf9-59e7-a5a7-c7e64aed18da,CM,True
fplcore:25-26-prem-liverpool-vs-arsenal,bb7d5990-008e-5f6d-871a-83ec4490dd2d,Alisson,2025-26:12,1,90.0,1,,12.5,49.3,fpl_core_insights_detailed,2025-08-31T18:30:00+00:00,GW3,aefb02a6-3424-5c1d-94dc-b48d25887d33,12,3,bb7d5990-008e-5f6d-871a-83ec4490dd2d,GK,True
fplcore:25-26-prem-liverpool-vs-arsenal,9ac55e79-9cb2-5ac5-ae8c-6a2ebd620277,D. Raya,2025-26:1,1,90.0,1,,14.4,49.2,fpl_core_insights_detailed,2025-08-31T18:30:00+00:00,GW3,aefb02a6-3424-5c1d-94dc-b48d25887d33,1,3,9ac55e79-9cb2-5ac5-ae8c-6a2ebd620277,GK,True
fplcore:25-26-prem-manchester-united-vs-burnley,f192bac3-5939-5751-bfc7-fc9da3a23532,A. Bayındır,2025-26:14,1,90.0,1,,11.7,46.6,fpl_core_insights_detailed,2025-08-30T17:00:00+00:00,GW3,659c3518-0e91-54f2-9c25-d88a9886fff0,14,3,f192bac3-5939-5751-bfc7-fc9da3a23532,GK,True
fplcore:25-26-prem-manchester-united-vs-burnley,be977983-b55e-52b9-96d5-b98b8b42edbb,B. Mbeumo,2025-26:14,1,90.0,1,ST,69.0,27.0,fpl_core_insights_detailed,2025-08-30T17:00:00+00:00,GW3,659c3518-0e91-54f2-9c25-d88a9886fff0,14,3,be977983-b55e-52b9-96d5-b98b8b42edbb,RAM,True
fplcore:25-26-prem-manchester-united-vs-burnley,1b9763d0-3c26-574c-9903-2c98b8431990,M. Cunha,2025-26:14,1,30.0,1,RAM,65.8,49.7,fpl_core_insights_detailed,2025-08-30T17:00:00+00:00,GW3,659c3518-0e91-54f2-9c25-d88a9886fff0,14,3,1b9763d0-3c26-574c-9903-2c98b8431990,ST,True
fplcore:25-26-prem-manchester-united-vs-burnley,148b32f1-d60d-5cdd-9ffe-a5938fcb8671,M. Dúbravka,2025-26:3,1,90.0,1,,8.4,49.8,fpl_core_insights_detailed,2025-08-30T17:00:00+00:00,GW3,659c3518-0e91-54f2-9c25-d88a9886fff0,3,3,148b32f1-d60d-5cdd-9ffe-a5938fcb8671,GK,True
fplcore:25-26-prem-nottingham-forest-vs-west-ham-united,5dfbea2f-beb3-54f9-ad39-1f8f81f8a323,M. Sels,2025-26:16,1,90.0,1,,10.0,50.5,fpl_core_insights_detailed,2025-08-31T16:00:00+00:00,GW3,70cbcf1c-1988-572b-ac02-a10d6da42e1d,16,3,5dfbea2f-beb3-54f9-ad39-1f8f81f8a323,GK,True
fplcore:25-26-prem-nottingham-forest-vs-west-ham-united,82a85fe5-3695-5749-b382-fb39650267e9,M. Hermansen,2025-26:19,1,90.0,1,,9.3,45.1,fpl_core_insights_detailed,2025-08-31T16:00:00+00:00,GW3,70cbcf1c-1988-572b-ac02-a10d6da42e1d,19,3,82a85fe5-3695-5749-b382-fb39650267e9,GK,True
fplcore:25-26-prem-nottingham-forest-vs-west-ham-united,4156c194-ad00-5d9c-aa4d-5f67c7deba01,J. Ward-Prowse,2025-26:19,1,74.0,1,LAM,48.4,57.6,fpl_core_insights_detailed,2025-08-31T16:00:00+00:00,GW3,70cbcf1c-1988-572b-ac02-a10d6da42e1d,19,3,4156c194-ad00-5d9c-aa4d-5f67c7deba01,LDM,True
fplcore:25-26-prem-nottingham-forest-vs-west-ham-united,79420363-80f0-5eb5-bef5-e1e31f62877c,M. Fernandes,2025-26:19,1,81.0,1,LDM,47.2,63.4,fpl_core_insights_detailed,2025-08-31T16:00:00+00:00,GW3,70cbcf1c-1988-572b-ac02-a10d6da42e1d,19,3,79420363-80f0-5eb5-bef5-e1e31f62877c,LAM,True
fplcore:25-26-prem-sunderland-vs-brentford,17b0293a-a54d-554b-bdba-368217c87ad9,R. Roefs,2025-26:17,1,90.0,1,,17.1,51.5,fpl_core_insights_detailed,2025-08-30T17:00:00+00:00,GW3,6eca785f-b419-534e-ad95-02384788b5fd,17,3,17b0293a-a54d-554b-bdba-368217c87ad9,GK,True
fplcore:25-26-prem-sunderland-vs-brentford,3cfeb2a8-cad5-5980-9946-aecc5eb2b011,C. Kelleher,2025-26:5,1,90.0,1,,14.6,47.8,fpl_core_insights_detailed,2025-08-30T17:00:00+00:00,GW3,6eca785f-b419-534e-ad95-02384788b5fd,5,3,3cfeb2a8-cad5-5980-9946-aecc5eb2b011,GK,True
fplcore:25-26-prem-tottenham-hotspur-vs-afc-bournemouth,3c77aa9b-7767-5636-9780-0d94d829b326,G. Vicario,2025-26:18,1,90.0,1,,12.9,46.1,fpl_core_insights_detailed,2025-08-30T17:00:00+00:00,GW3,54af7a56-49d9-5629-9679-60750ff8e3c7,18,3,3c77aa9b-7767-5636-9780-0d94d829b326,GK,True
fplcore:25-26-prem-tottenham-hotspur-vs-afc-bournemouth,c13afcac-5201-5504-affd-a886825266d4,M. van de Ven,2025-26:18,1,90.0,1,LB,33.0,71.4,fpl_core_insights_detailed,2025-08-30T17:00:00+00:00,GW3,54af7a56-49d9-5629-9679-60750ff8e3c7,18,3,c13afcac-5201-5504-affd-a886825266d4,LCB,True
fplcore:25-26-prem-tottenham-hotspur-vs-afc-bournemouth,2eec990a-7277-5fb6-b8c8-10423fefbb47,D. Spence,2025-26:18,1,90.0,1,LCB,46.1,62.2,fpl_core_insights_detailed,2025-08-30T17:00:00+00:00,GW3,54af7a56-49d9-5629-9679-60750ff8e3c7,18,3,2eec990a-7277-5fb6-b8c8-10423fefbb47,LB,True
fplcore:25-26-prem-tottenham-hotspur-vs-afc-bournemouth,aec63649-ffe1-5e88-829b-d1e462e7e679,Đ. Petrović,2025-26:4,1,90.0,1,,12.6,47.7,fpl_core_insights_detailed,2025-08-30T17:00:00+00:00,GW3,54af7a56-49d9-5629-9679-60750ff8e3c7,4,3,aec63649-ffe1-5e88-829b-d1e462e7e679,GK,True
fplcore:25-26-prem-wolverhampton-wanderers-vs-everton,698f23fd-0fa1-5358-8bd3-2b8aef91e946,J. Sá,2025-26:20,1,90.0,1,,13.8,51.8,fpl_core_insights_detailed,2025-08-30T17:00:00+00:00,GW3,0e411354-3ae9-59c4-a548-a02a2a873c43,20,3,698f23fd-0fa1-5358-8bd3-2b8aef91e946,GK,True
fplcore:25-26-prem-wolverhampton-wanderers-vs-everton,e2213bab-7401-5edc-9994-4eb0772f48ef,J. Gomes,2025-26:20,1,90.0,1,LCM,48.4,56.4,fpl_core_insights_detailed,2025-08-30T17:00:00+00:00,GW3,0e411354-3ae9-59c4-a548-a02a2a873c43,20,3,e2213bab-7401-5edc-9994-4eb0772f48ef,RCM,True
fplcore:25-26-prem-wolverhampton-wanderers-vs-everton,00cc549f-a9f0-54b0-8cbc-ef47c7f8251b,André,2025-26:20,1,63.0,1,RCM,40.1,55.8,fpl_core_insights_detailed,2025-08-30T17:00:00+00:00,GW3,0e411354-3ae9-59c4-a548-a02a2a873c43,20,3,00cc549f-a9f0-54b0-8cbc-ef47c7f8251b,LCM,True
fplcore:25-26-prem-wolverhampton-wanderers-vs-everton,57881605-ab70-5c0d-865f-433201de3f6f,J. Pickford,2025-26:9,1,90.0,1,,12.6,55.4,fpl_core_insights_detailed,2025-08-30T17:00:00+00:00,GW3,0e411354-3ae9-59c4-a548-a02a2a873c43,9,3,57881605-ab70-5c0d-865f-433201de3f6f,GK,True
fplcore:25-26-prem-afc-bournemouth-vs-brighton-hove-albion,aec63649-ffe1-5e88-829b-d1e462e7e679,Đ. Petrović,2025-26:4,1,90.0,1,,11.6,50.4,fpl_core_insights_detailed,2025-09-13T17:00:00+00:00,GW4,ff103df7-5a2c-5bcd-ba27-80029a68980c,4,4,aec63649-ffe1-5e88-829b-d1e462e7e679,GK,True
fplcore:25-26-prem-afc-bournemouth-vs-brighton-hove-albion,0f8b78a8-3315-50f5-8b1d-435ce1fc41ac,T. Adams,2025-26:4,1,90.0,1,LDM,43.5,57.5,fpl_core_insights_detailed,2025-09-13T17:00:00+00:00,GW4,ff103df7-5a2c-5bcd-ba27-80029a68980c,4,4,0f8b78a8-3315-50f5-8b1d-435ce1fc41ac,RDM,True
fplcore:25-26-prem-afc-bournemouth-vs-brighton-hove-albion,559670b7-3af4-5c20-8ab5-783da9a99601,A. Scott,2025-26:4,1,66.0,1,RDM,49.9,39.5,fpl_core_insights_detailed,2025-09-13T17:00:00+00:00,GW4,ff103df7-5a2c-5bcd-ba27-80029a68980c,4,4,559670b7-3af4-5c20-8ab5-783da9a99601,LDM,True
fplcore:25-26-prem-afc-bournemouth-vs-brighton-hove-albion,9720eb96-9da3-5717-9ed4-45874361e243,B. Verbruggen,2025-26:6,1,90.0,1,,12.1,47.1,fpl_core_insights_detailed,2025-09-13T17:00:00+00:00,GW4,ff103df7-5a2c-5bcd-ba27-80029a68980c,6,4,9720eb96-9da3-5717-9ed4-45874361e243,GK,True
fplcore:25-26-prem-arsenal-vs-nottingham-forest,9ac55e79-9cb2-5ac5-ae8c-6a2ebd620277,D. Raya,2025-26:1,1,90.0,1,,15.1,48.9,fpl_core_insights_detailed,2025-09-13T14:30:00+00:00,GW4,e59b8e69-eb11-5d6b-9803-402a227f4af5,1,4,9ac55e79-9cb2-5ac5-ae8c-6a2ebd620277,GK,True
fplcore:25-26-prem-arsenal-vs-nottingham-forest,5dfbea2f-beb3-54f9-ad39-1f8f81f8a323,M. Sels,2025-26:16,1,90.0,1,,8.4,48.8,fpl_core_insights_detailed,2025-09-13T14:30:00+00:00,GW4,e59b8e69-eb11-5d6b-9803-402a227f4af5,16,4,5dfbea2f-beb3-54f9-ad39-1f8f81f8a323,GK,True
fplcore:25-26-prem-arsenal-vs-nottingham-forest,77dbedf3-49eb-53ec-8cc5-c1d344c47ca2,N. Williams,2025-26:16,1,90.0,1,LB,37.1,72.7,fpl_core_insights_detailed,2025-09-13T14:30:00+00:00,GW4,e59b8e69-eb11-5d6b-9803-402a227f4af5,16,4,77dbedf3-49eb-53ec-8cc5-c1d344c47ca2,RB,True
fplcore:25-26-prem-arsenal-vs-nottingham-forest,95a48a1c-ec3e-52d7-9657-44491739dede,N. Milenković,2025-26:16,1,90.0,1,RB,36.9,39.2,fpl_core_insights_detailed,2025-09-13T14:30:00+00:00,GW4,e59b8e69-eb11-5d6b-9803-402a227f4af5,16,4,95a48a1c-ec3e-52d7-9657-44491739dede,RCB,True
fplcore:25-26-prem-arsenal-vs-nottingham-forest,8eec947b-c2ae-53d6-99f9-096b7744098a,Murillo,2025-26:16,1,36.0,1,RCB,18.3,68.4,fpl_core_insights_detailed,2025-09-13T14:30:00+00:00,GW4,e59b8e69-eb11-5d6b-9803-402a227f4af5,16,4,8eec947b-c2ae-53d6-99f9-096b7744098a,LCB,True
fplcore:25-26-prem-arsenal-vs-nottingham-forest,f3622ce0-e53f-5501-815d-62c51a6d4fea,F. Morato,2025-26:16,1,90.0,1,LCB,26.7,71.3,fpl_core_insights_detailed,2025-09-13T14:30:00+00:00,GW4,e59b8e69-eb11-5d6b-9803-402a227f4af5,16,4,f3622ce0-e53f-5501-815d-62c51a6d4fea,LB,True
fplcore:25-26-prem-brentford-vs-chelsea,3cfeb2a8-cad5-5980-9946-aecc5eb2b011,C. Kelleher,2025-26:5,1,90.0,1,,9.9,46.8,fpl_core_insights_detailed,2025-09-13T22:00:00+00:00,GW4,6bb3e518-52b1-5624-a408-fdfe8d4ebefd,5,4,3cfeb2a8-cad5-5980-9946-aecc5eb2b011,GK,True
fplcore:25-26-prem-brentford-vs-chelsea,412fc00b-6fb5-5606-bb30-04e075a83220,R. Sánchez,2025-26:7,1,90.0,1,,9.9,52.8,fpl_core_insights_detailed,2025-09-13T22:00:00+00:00,GW4,6bb3e518-52b1-5624-a408-fdfe8d4ebefd,7,4,412fc00b-6fb5-5606-bb30-04e075a83220,GK,True
fplcore:25-26-prem-burnley-vs-liverpool,148b32f1-d60d-5cdd-9ffe-a5938fcb8671,M. Dúbravka,2025-26:3,1,90.0,1,,7.8,51.5,fpl_core_insights_detailed,2025-09-14T16:00:00+00:00,GW4,d9bbd599-0018-5427-b422-1c8b68c09299,3,4,148b32f1-d60d-5cdd-9ffe-a5938fcb8671,GK,True
fplcore:25-26-prem-burnley-vs-liverpool,b7ff49f3-d1e0-5e63-b004-29bee7a1f2ea,K. Walker,2025-26:3,1,90.0,1,RCB,26.9,31.6,fpl_core_insights_detailed,2025-09-14T16:00:00+00:00,GW4,d9bbd599-0018-5427-b422-1c8b68c09299,3,4,b7ff49f3-d1e0-5e63-b004-29bee7a1f2ea,RWB,True
fplcore:25-26-prem-burnley-vs-liverpool,f5da0015-9c1c-5ba2-a447-9fc51ceed482,J. Laurent,2025-26:3,1,90.0,1,RWB,44.8,23.1,fpl_core_insights_detailed,2025-09-14T16:00:00+00:00,GW4,d9bbd599-0018-5427-b422-1c8b68c09299,3,4,f5da0015-9c1c-5ba2-a447-9fc51ceed482,RCB,True
fplcore:25-26-prem-burnley-vs-liverpool,bb7d5990-008e-5f6d-871a-83ec4490dd2d,Alisson,2025-26:12,1,90.0,1,,17.8,40.1,fpl_core_insights_detailed,2025-09-14T16:00:00+00:00,GW4,d9bbd599-0018-5427-b422-1c8b68c09299,12,4,bb7d5990-008e-5f6d-871a-83ec4490dd2d,GK,True
fplcore:25-26-prem-burnley-vs-liverpool,b8cff13d-168c-5c65-ad52-99b0426b08f2,D. Szoboszlai,2025-26:12,1,90.0,1,RCB,56.5,30.8,fpl_core_insights_detailed,2025-09-14T16:00:00+00:00,GW4,d9bbd599-0018-5427-b422-1c8b68c09299,12,4,b8cff13d-168c-5c65-ad52-99b0426b08f2,RB,True
fplcore:25-26-prem-burnley-vs-liverpool,66e53a63-86c7-5b13-92b7-7f9d7f77e440,I. Konaté,2025-26:12,1,86.0,1,RB,51.2,29.7,fpl_core_insights_detailed,2025-09-14T16:00:00+00:00,GW4,d9bbd599-0018-5427-b422-1c8b68c09299,12,4,66e53a63-86c7-5b13-92b7-7f9d7f77e440,RCB,True
fplcore:25-26-prem-crystal-palace-vs-sunderland,4e7d3349-c869-51f6-a9f2-e86405e21be5,D. Henderson,2025-26:8,1,90.0,1,,11.1,46.7,fpl_core_insights_detailed,2025-09-13T17:00:00+00:00,GW4,90f02256-4876-55de-ad51-91ed5d90e5dc,8,4,4e7d3349-c869-51f6-a9f2-e86405e21be5,GK,True
fplcore:25-26-prem-crystal-palace-vs-sunderland,12886371-5fae-5789-af23-d20764ecfe3e,D. Muñoz,2025-26:8,1,90.0,1,RAM,56.6,13.9,fpl_core_insights_detailed,2025-09-13T17:00:00+00:00,GW4,90f02256-4876-55de-ad51-91ed5d90e5dc,8,4,12886371-5fae-5789-af23-d20764ecfe3e,RWB,True
fplcore:25-26-prem-crystal-palace-vs-sunderland,0fa345a4-e26c-50d4-8f35-8b13aa9d7c09,W. Hughes,2025-26:8,1,90.0,1,RWB,53.5,35.5,fpl_core_insights_detailed,2025-09-13T17:00:00+00:00,GW4,90f02256-4876-55de-ad51-91ed5d90e5dc,8,4,0fa345a4-e26c-50d4-8f35-8b13aa9d7c09,RCM,True
fplcore:25-26-prem-crystal-palace-vs-sunderland,4e797913-6f5e-54d0-807d-555d7ec82308,J. Lerma,2025-26:8,1,68.0,1,RCM,49.1,58.8,fpl_core_insights_detailed,2025-09-13T17:00:00+00:00,GW4,90f02256-4876-55de-ad51-91ed5d90e5dc,8,4,4e797913-6f5e-54d0-807d-555d7ec82308,LCM,True
fplcore:25-26-prem-crystal-palace-vs-sunderland,1e4afd94-5426-54f5-893e-eea93b538667,Y. Pino,2025-26:8,1,83.0,1,LAM,60.6,48.9,fpl_core_insights_detailed,2025-09-13T17:00:00+00:00,GW4,90f02256-4876-55de-ad51-91ed5d90e5dc,8,4,1e4afd94-5426-54f5-893e-eea93b538667,RAM,True
fplcore:25-26-prem-crystal-palace-vs-sunderland,d7ab42eb-50da-5a3f-a583-fdf38b0d2cfe,D. Kamada,2025-26:8,1,90.0,1,LCM,54.2,64.3,fpl_core_insights_detailed,2025-09-13T17:00:00+00:00,GW4,90f02256-4876-55de-ad51-91ed5d90e5dc,8,4,d7ab42eb-50da-5a3f-a583-fdf38b0d2cfe,LAM,True
fplcore:25-26-prem-crystal-palace-vs-sunderland,17b0293a-a54d-554b-bdba-368217c87ad9,R. Roefs,2025-26:17,1,90.0,1,,10.6,54.4,fpl_core_insights_detailed,2025-09-13T17:00:00+00:00,GW4,90f02256-4876-55de-ad51-91ed5d90e5dc,17,4,17b0293a-a54d-554b-bdba-368217c87ad9,GK,True
fplcore:25-26-prem-everton-vs-aston-villa,57881605-ab70-5c0d-865f-433201de3f6f,J. Pickford,2025-26:9,1,90.0,1,,14.7,52.2,fpl_core_insights_detailed,2025-09-13T17:00:00+00:00,GW4,174dcf03-516d-5f7f-9e84-ea14d3e8f603,9,4,57881605-ab70-5c0d-865f-433201de3f6f,GK,True
fplcore:25-26-prem-everton-vs-aston-villa,db76d454-818a-5043-8d04-22e24f696027,E. Martínez,2025-26:2,1,90.0,1,,9.8,49.9,fpl_core_insights_detailed,2025-09-13T17:00:00+00:00,GW4,174dcf03-516d-5f7f-9e84-ea14d3e8f603,2,4,db76d454-818a-5043-8d04-22e24f696027,GK,True
fplcore:25-26-prem-fulham-vs-leeds-united,83056bd2-b742-5b28-b32d-8ba4a3902c61,B. Leno,2025-26:10,1,90.0,1,,8.5,49.8,fpl_core_insights_detailed,2025-09-13T17:00:00+00:00,GW4,b1cbdd00-dfcd-502f-a87a-94fc05e6eaf8,10,4,83056bd2-b742-5b28-b32d-8ba4a3902c61,GK,True
fplcore:25-26-prem-fulham-vs-leeds-united,d921acea-ffba-515b-a957-12586c43f133,K. Darlow,2025-26:11,1,90.0,1,,10.0,47.8,fpl_core_insights_detailed,2025-09-13T17:00:00+00:00,GW4,b1cbdd00-dfcd-502f-a87a-94fc05e6eaf8,11,4,d921acea-ffba-515b-a957-12586c43f133,GK,True
fplcore:25-26-prem-manchester-city-vs-manchester-united,67859d1e-575f-5ae4-aa8d-8f36bd11696e,G. Donnarumma,2025-26:13,1,90.0,1,,9.0,52.5,fpl_core_insights_detailed,2025-09-14T18:30:00+00:00,GW4,1a1134e4-d5c8-57ea-b65c-88c3c8bf959d,13,4,67859d1e-575f-5ae4-aa8d-8f36bd11696e,GK,True
fplcore:25-26-prem-manchester-city-vs-manchester-united,f192bac3-5939-5751-bfc7-fc9da3a23532,A. Bayındır,2025-26:14,1,90.0,1,,12.0,46.1,fpl_core_insights_detailed,2025-09-14T18:30:00+00:00,GW4,1a1134e4-d5c8-57ea-b65c-88c3c8bf959d,14,4,f192bac3-5939-5751-bfc7-fc9da3a23532,GK,True
fplcore:25-26-prem-manchester-city-vs-manchester-united,1bf5a1f9-7275-56b5-888b-e1417d195339,M. Ugarte,2025-26:14,1,79.0,1,LCM,51.1,52.8,fpl_core_insights_detailed,2025-09-14T18:30:00+00:00,GW4,1a1134e4-d5c8-57ea-b65c-88c3c8bf959d,14,4,1bf5a1f9-7275-56b5-888b-e1417d195339,RCM,True
fplcore:25-26-prem-manchester-city-vs-manchester-united,8b26f624-9357-5669-9698-f5fda36d4e75,B. Fernandes,2025-26:14,1,90.0,1,RCM,56.3,51.9,fpl_core_insights_detailed,2025-09-14T18:30:00+00:00,GW4,1a1134e4-d5c8-57ea-b65c-88c3c8bf959d,14,4,8b26f624-9357-5669-9698-f5fda36d4e75,LCM,True
fplcore:25-26-prem-manchester-city-vs-manchester-united,be977983-b55e-52b9-96d5-b98b8b42edbb,B. Mbeumo,2025-26:14,1,90.0,1,ST,67.8,23.7,fpl_core_insights_detailed,2025-09-14T18:30:00+00:00,GW4,1a1134e4-d5c8-57ea-b65c-88c3c8bf959d,14,4,be977983-b55e-52b9-96d5-b98b8b42edbb,RAM,True
fplcore:25-26-prem-manchester-city-vs-manchester-united,65910bcc-31a9-56bb-ba12-74e687cd31ec,A. Diallo,2025-26:14,1,90.0,1,RAM,65.1,32.7,fpl_core_insights_detailed,2025-09-14T18:30:00+00:00,GW4,1a1134e4-d5c8-57ea-b65c-88c3c8bf959d,14,4,65910bcc-31a9-56bb-ba12-74e687cd31ec,LAM,True
fplcore:25-26-prem-manchester-city-vs-manchester-united,f2eb0907-28df-5daf-b912-aec135508e38,B. Šeško,2025-26:14,1,79.0,1,LAM,60.3,46.7,fpl_core_insights_detailed,2025-09-14T18:30:00+00:00,GW4,1a1134e4-d5c8-57ea-b65c-88c3c8bf959d,14,4,f2eb0907-28df-5daf-b912-aec135508e38,ST,True
fplcore:25-26-prem-newcastle-united-vs-wolverhampton-wanderers,00be15e9-135e-5a79-956f-cd70f121b4b0,N. Pope,2025-26:15,1,90.0,1,,10.7,50.6,fpl_core_insights_detailed,2025-09-13T17:00:00+00:00,GW4,625870c9-9334-557d-9b80-bf7c82744909,15,4,00be15e9-135e-5a79-956f-cd70f121b4b0,GK,True
fplcore:25-26-prem-newcastle-united-vs-wolverhampton-wanderers,41af0355-d126-5dc9-b44e-6d3d4ad2661b,S. Johnstone,2025-26:20,1,90.0,1,,11.9,50.5,fpl_core_insights_detailed,2025-09-13T17:00:00+00:00,GW4,625870c9-9334-557d-9b80-bf7c82744909,20,4,41af0355-d126-5dc9-b44e-6d3d4ad2661b,GK,True
fplcore:25-26-prem-west-ham-united-vs-tottenham-hotspur,82a85fe5-3695-5749-b382-fb39650267e9,M. Hermansen,2025-26:19,1,90.0,1,,7.5,48.7,fpl_core_insights_detailed,2025-09-13T19:30:00+00:00,GW4,2deb1743-638a-571f-a14b-6cdf501f6b47,19,4,82a85fe5-3695-5749-b382-fb39650267e9,GK,True
fplcore:25-26-prem-west-ham-united-vs-tottenham-hotspur,4156c194-ad00-5d9c-aa4d-5f67c7deba01,J. Ward-Prowse,2025-26:19,1,90.0,1,LAM,52.6,57.7,fpl_core_insights_detailed,2025-09-13T19:30:00+00:00,GW4,2deb1743-638a-571f-a14b-6cdf501f6b47,19,4,4156c194-ad00-5d9c-aa4d-5f67c7deba01,LDM,True
fplcore:25-26-prem-west-ham-united-vs-tottenham-hotspur,ef1caf6e-67a5-53c4-afb0-2523323cbfe4,C. Summerville,2025-26:19,1,60.0,1,LDM,51.4,79.5,fpl_core_insights_detailed,2025-09-13T19:30:00+00:00,GW4,2deb1743-638a-571f-a14b-6cdf501f6b47,19,4,ef1caf6e-67a5-53c4-afb0-2523323cbfe4,LAM,True
fplcore:25-26-prem-west-ham-united-vs-tottenham-hotspur,3c77aa9b-7767-5636-9780-0d94d829b326,G. Vicario,2025-26:18,1,90.0,1,,11.0,50.1,fpl_core_insights_detailed,2025-09-13T19:30:00+00:00,GW4,2deb1743-638a-571f-a14b-6cdf501f6b47,18,4,3c77aa9b-7767-5636-9780-0d94d829b326,GK,True
fplcore:25-26-prem-afc-bournemouth-vs-newcastle-united,aec63649-ffe1-5e88-829b-d1e462e7e679,Đ. Petrović,2025-26:4,1,90.0,1,,12.1,49.5,fpl_core_insights_detailed,2025-09-21T16:00:00+00:00,GW5,353c53bd-a25e-5d94-9223-9b56c236ffd0,4,5,aec63649-ffe1-5e88-829b-d1e462e7e679,GK,True
fplcore:25-26-prem-afc-bournemouth-vs-newcastle-united,00be15e9-135e-5a79-956f-cd70f121b4b0,N. Pope,2025-26:15,1,90.0,1,,14.0,54.0,fpl_core_insights_detailed,2025-09-21T16:00:00+00:00,GW5,353c53bd-a25e-5d94-9223-9b56c236ffd0,15,5,00be15e9-135e-5a79-956f-cd70f121b4b0,GK,True
fplcore:25-26-prem-afc-bournemouth-vs-newcastle-united,51e8b386-e9bf-5082-8db8-d994f8a48d0b,V. Livramento,2025-26:15,1,90.0,1,RAM,57.2,11.7,fpl_core_insights_detailed,2025-09-21T16:00:00+00:00,GW5,353c53bd-a25e-5d94-9223-9b56c236ffd0,15,5,51e8b386-e9bf-5082-8db8-d994f8a48d0b,RWB,True
fplcore:25-26-prem-afc-bournemouth-vs-newcastle-united,c7d912b7-acf9-59e7-a5a7-c7e64aed18da,S. Tonali,2025-26:15,1,90.0,1,RWB,52.0,36.6,fpl_core_insights_detailed,2025-09-21T16:00:00+00:00,GW5,353c53bd-a25e-5d94-9223-9b56c236ffd0,15,5,c7d912b7-acf9-59e7-a5a7-c7e64aed18da,RCM,True
fplcore:25-26-prem-afc-bournemouth-vs-newcastle-united,36a8b089-9a84-5fa6-ae4a-59a2994b9494,L. Miley,2025-26:15,1,90.0,1,RCM,44.3,62.0,fpl_core_insights_detailed,2025-09-21T16:00:00+00:00,GW5,353c53bd-a25e-5d94-9223-9b56c236ffd0,15,5,36a8b089-9a84-5fa6-ae4a-59a2994b9494,LCM,True
fplcore:25-26-prem-afc-bournemouth-vs-newcastle-united,b5144153-3ffb-56d4-89c7-cf4cc50a101e,J. Murphy,2025-26:15,1,61.0,1,ST,64.5,23.0,fpl_core_insights_detailed,2025-09-21T16:00:00+00:00,GW5,353c53bd-a25e-5d94-9223-9b56c236ffd0,15,5,b5144153-3ffb-56d4-89c7-cf4cc50a101e,RAM,True
fplcore:25-26-prem-afc-bournemouth-vs-newcastle-united,fa7d8081-617d-5e86-a227-d01a088e1f55,J. Willock,2025-26:15,1,61.0,1,LCM,48.4,77.6,fpl_core_insights_detailed,2025-09-21T16:00:00+00:00,GW5,353c53bd-a25e-5d94-9223-9b56c236ffd0,15,5,fa7d8081-617d-5e86-a227-d01a088e1f55,LAM,True
fplcore:25-26-prem-afc-bournemouth-vs-newcastle-united,a5e7c659-813a-5a36-8fb6-3f0f74e37c40,N. Woltemade,2025-26:15,1,83.0,1,LAM,64.2,53.9,fpl_core_insights_detailed,2025-09-21T16:00:00+00:00,GW5,353c53bd-a25e-5d94-9223-9b56c236ffd0,15,5,a5e7c659-813a-5a36-8fb6-3f0f74e37c40,ST,True
fplcore:25-26-prem-arsenal-vs-manchester-city,9ac55e79-9cb2-5ac5-ae8c-6a2ebd620277,D. Raya,2025-26:1,1,90.0,1,,15.8,53.6,fpl_core_insights_detailed,2025-09-21T18:30:00+00:00,GW5,7315eda2-d3f8-5791-befc-69e1adfb3d8c,1,5,9ac55e79-9cb2-5ac5-ae8c-6a2ebd620277,GK,True
fplcore:25-26-prem-arsenal-vs-manchester-city,67859d1e-575f-5ae4-aa8d-8f36bd11696e,G. Donnarumma,2025-26:13,1,90.0,1,,9.4,49.7,fpl_core_insights_detailed,2025-09-21T18:30:00+00:00,GW5,7315eda2-d3f8-5791-befc-69e1adfb3d8c,13,5,67859d1e-575f-5ae4-aa8d-8f36bd11696e,GK,True
fplcore:25-26-prem-arsenal-vs-manchester-city,6f380ed1-cc12-5a44-847a-217354668a1e,Rodri,2025-26:13,1,90.0,1,RCM,44.9,49.2,fpl_core_insights_detailed,2025-09-21T18:30:00+00:00,GW5,7315eda2-d3f8-5791-befc-69e1adfb3d8c,13,5,6f380ed1-cc12-5a44-847a-217354668a1e,DM,True
fplcore:25-26-prem-arsenal-vs-manchester-city,f717009d-d433-5fa0-9cf5-1e081478a8f1,P. Foden,2025-26:13,1,67.0,1,DM,38.6,38.7,fpl_core_insights_detailed,2025-09-21T18:30:00+00:00,GW5,7315eda2-d3f8-5791-befc-69e1adfb3d8c,13,5,f717009d-d433-5fa0-9cf5-1e081478a8f1,RW,True
fplcore:25-26-prem-arsenal-vs-manchester-city,70198e6a-5cf9-5344-a2c0-f1b71dfeeb5f,B. Silva,2025-26:13,1,90.0,1,RW,51.6,30.0,fpl_core_insights_detailed,2025-09-21T18:30:00+00:00,GW5,7315eda2-d3f8-5791-befc-69e1adfb3d8c,13,5,70198e6a-5cf9-5344-a2c0-f1b71dfeeb5f,RCM,True
fplcore:25-26-prem-brighton-hove-albion-vs-tottenham-hotspur,9720eb96-9da3-5717-9ed4-45874361e243,B. Verbruggen,2025-26:6,1,90.0,1,,8.4,50.5,fpl_core_insights_detailed,2025-09-20T17:00:00+00:00,GW5,60d4cdef-16fc-5c70-b9d8-f777676c98d0,6,5,9720eb96-9da3-5717-9ed4-45874361e243,GK,True
fplcore:25-26-prem-brighton-hove-albion-vs-tottenham-hotspur,de6b06be-d7b4-506e-9177-df5cf336214a,Y. Ayari,2025-26:6,1,90.0,1,CAM,47.6,52.3,fpl_core_insights_detailed,2025-09-20T17:00:00+00:00,GW5,60d4cdef-16fc-5c70-b9d8-f777676c98d0,6,5,de6b06be-d7b4-506e-9177-df5cf336214a,LDM,True
fplcore:25-26-prem-brighton-hove-albion-vs-tottenham-hotspur,8c21213e-5c0e-56d3-81ae-b95f9e5b7c53,B. Gruda,2025-26:6,1,62.0,1,LDM,40.9,41.7,fpl_core_insights_detailed,2025-09-20T17:00:00+00:00,GW5,60d4cdef-16fc-5c70-b9d8-f777676c98d0,6,5,8c21213e-5c0e-56d3-81ae-b95f9e5b7c53,CAM,True
fplcore:25-26-prem-brighton-hove-albion-vs-tottenham-hotspur,3c77aa9b-7767-5636-9780-0d94d829b326,G. Vicario,2025-26:18,1,90.0,1,,13.7,49.6,fpl_core_insights_detailed,2025-09-20T17:00:00+00:00,GW5,60d4cdef-16fc-5c70-b9d8-f777676c98d0,18,5,3c77aa9b-7767-5636-9780-0d94d829b326,GK,True
fplcore:25-26-prem-burnley-vs-nottingham-forest,148b32f1-d60d-5cdd-9ffe-a5938fcb8671,M. Dúbravka,2025-26:3,1,90.0,1,,9.7,50.1,fpl_core_insights_detailed,2025-09-20T17:00:00+00:00,GW5,fd055a31-1f55-503f-81a4-c38c033c0f18,3,5,148b32f1-d60d-5cdd-9ffe-a5938fcb8671,GK,True
fplcore:25-26-prem-burnley-vs-nottingham-forest,5dfbea2f-beb3-54f9-ad39-1f8f81f8a323,M. Sels,2025-26:16,1,90.0,1,,9.6,46.8,fpl_core_insights_detailed,2025-09-20T17:00:00+00:00,GW5,fd055a31-1f55-503f-81a4-c38c033c0f18,16,5,5dfbea2f-beb3-54f9-ad39-1f8f81f8a323,GK,True
fplcore:25-26-prem-fulham-vs-brentford,83056bd2-b742-5b28-b32d-8ba4a3902c61,B. Leno,2025-26:10,1,90.0,1,,10.4,53.2,fpl_core_insights_detailed,2025-09-20T22:00:00+00:00,GW5,17430e87-2056-52a2-9711-d50b637aba2f,10,5,83056bd2-b742-5b28-b32d-8ba4a3902c61,GK,True
fplcore:25-26-prem-fulham-vs-brentford,aa82079f-0382-5b01-bb3b-9224650f408b,S. Lukić,2025-26:10,1,85.0,1,CAM,55.5,28.8,fpl_core_insights_detailed,2025-09-20T22:00:00+00:00,GW5,17430e87-2056-52a2-9711-d50b637aba2f,10,5,aa82079f-0382-5b01-bb3b-9224650f408b,RDM,True
fplcore:25-26-prem-fulham-vs-brentford,f0504a37-2a31-5f04-8704-2c307c2384cd,S. Berge,2025-26:10,1,90.0,1,RDM,40.6,46.3,fpl_core_insights_detailed,2025-09-20T22:00:00+00:00,GW5,17430e87-2056-52a2-9711-d50b637aba2f,10,5,f0504a37-2a31-5f04-8704-2c307c2384cd,LDM,True
fplcore:25-26-prem-fulham-vs-brentford,9f1ab4dd-f86c-5749-967d-c8f0fbfe15f7,J. King,2025-26:10,1,66.0,1,LAM,54.2,56.4,fpl_core_insights_detailed,2025-09-20T22:00:00+00:00,GW5,17430e87-2056-52a2-9711-d50b637aba2f,10,5,9f1ab4dd-f86c-5749-967d-c8f0fbfe15f7,CAM,True
fplcore:25-26-prem-fulham-vs-brentford,bf6c1651-0779-512e-9c37-3b8ac8c14714,A. Iwobi,2025-26:10,1,79.0,1,LDM,52.7,74.3,fpl_core_insights_detailed,2025-09-20T22:00:00+00:00,GW5,17430e87-2056-52a2-9711-d50b637aba2f,10,5,bf6c1651-0779-512e-9c37-3b8ac8c14714,LAM,True
fplcore:25-26-prem-fulham-vs-brentford,3cfeb2a8-cad5-5980-9946-aecc5eb2b011,C. Kelleher,2025-26:5,1,90.0,1,,12.9,53.7,fpl_core_insights_detailed,2025-09-20T22:00:00+00:00,GW5,17430e87-2056-52a2-9711-d50b637aba2f,5,5,3cfeb2a8-cad5-5980-9946-aecc5eb2b011,GK,True
fplcore:25-26-prem-fulham-vs-brentford,3dabd7b1-0f28-5272-86ae-4c5392e1aa45,S. van den Berg,2025-26:5,1,90.0,1,CB,34.4,54.5,fpl_core_insights_detailed,2025-09-20T22:00:00+00:00,GW5,17430e87-2056-52a2-9711-d50b637aba2f,5,5,3dabd7b1-0f28-5272-86ae-4c5392e1aa45,RCB,True
fplcore:25-26-prem-fulham-vs-brentford,bb04fd88-02f4-5b58-a126-01b07e773bd8,N. Collins,2025-26:5,1,90.0,1,RCB,32.8,49.7,fpl_core_insights_detailed,2025-09-20T22:00:00+00:00,GW5,17430e87-2056-52a2-9711-d50b637aba2f,5,5,bb04fd88-02f4-5b58-a126-01b07e773bd8,CB,True
fplcore:25-26-prem-fulham-vs-brentford,9a8ecf00-4990-5980-88ac-7e6f3426cc04,Y. Yarmolyuk,2025-26:5,1,90.0,1,CM,45.3,51.3,fpl_core_insights_detailed,2025-09-20T22:00:00+00:00,GW5,17430e87-2056-52a2-9711-d50b637aba2f,5,5,9a8ecf00-4990-5980-88ac-7e6f3426cc04,RCM,True
fplcore:25-26-prem-fulham-vs-brentford,d3c7337d-334b-58de-b6a2-e7e1ce9a18ea,J. Henderson,2025-26:5,1,73.0,1,RCM,44.8,42.6,fpl_core_insights_detailed,2025-09-20T22:00:00+00:00,GW5,17430e87-2056-52a2-9711-d50b637aba2f,5,5,d3c7337d-334b-58de-b6a2-e7e1ce9a18ea,CM,True
fplcore:25-26-prem-liverpool-vs-everton,bb7d5990-008e-5f6d-871a-83ec4490dd2d,Alisson,2025-26:12,1,90.0,1,,11.6,46.8,fpl_core_insights_detailed,2025-09-20T14:30:00+00:00,GW5,6a1be804-48a0-5fdc-8f0c-88e73213672c,12,5,bb7d5990-008e-5f6d-871a-83ec4490dd2d,GK,True
fplcore:25-26-prem-liverpool-vs-everton,57881605-ab70-5c0d-865f-433201de3f6f,J. Pickford,2025-26:9,1,90.0,1,,13.4,54.9,fpl_core_insights_detailed,2025-09-20T14:30:00+00:00,GW5,6a1be804-48a0-5fdc-8f0c-88e73213672c,9,5,57881605-ab70-5c0d-865f-433201de3f6f,GK,True
fplcore:25-26-prem-manchester-united-vs-chelsea,f192bac3-5939-5751-bfc7-fc9da3a23532,A. Bayındır,2025-26:14,1,90.0,1,,13.2,48.0,fpl_core_insights_detailed,2025-09-20T19:30:00+00:00,GW5,3ff3e4fd-7cde-51ad-a781-d1f849c54099,14,5,f192bac3-5939-5751-bfc7-fc9da3a23532,GK,True
fplcore:25-26-prem-manchester-united-vs-chelsea,e037fafa-e08a-50a4-8014-a43e6c2d13a4,Casemiro,2025-26:14,1,49.0,1,LCM,50.3,52.5,fpl_core_insights_detailed,2025-09-20T19:30:00+00:00,GW5,3ff3e4fd-7cde-51ad-a781-d1f849c54099,14,5,e037fafa-e08a-50a4-8014-a43e6c2d13a4,RCM,True
fplcore:25-26-prem-manchester-united-vs-chelsea,8b26f624-9357-5669-9698-f5fda36d4e75,B. Fernandes,2025-26:14,1,86.0,1,LAM,59.9,57.8,fpl_core_insights_detailed,2025-09-20T19:30:00+00:00,GW5,3ff3e4fd-7cde-51ad-a781-d1f849c54099,14,5,8b26f624-9357-5669-9698-f5fda36d4e75,LCM,True
fplcore:25-26-prem-manchester-united-vs-chelsea,be977983-b55e-52b9-96d5-b98b8b42edbb,B. Mbeumo,2025-26:14,1,69.0,1,ST,72.6,27.1,fpl_core_insights_detailed,2025-09-20T19:30:00+00:00,GW5,3ff3e4fd-7cde-51ad-a781-d1f849c54099,14,5,be977983-b55e-52b9-96d5-b98b8b42edbb,RAM,True
fplcore:25-26-prem-manchester-united-vs-chelsea,65910bcc-31a9-56bb-ba12-74e687cd31ec,A. Diallo,2025-26:14,1,90.0,1,RCM,58.7,47.8,fpl_core_insights_detailed,2025-09-20T19:30:00+00:00,GW5,3ff3e4fd-7cde-51ad-a781-d1f849c54099,14,5,65910bcc-31a9-56bb-ba12-74e687cd31ec,LAM,True
fplcore:25-26-prem-manchester-united-vs-chelsea,f2eb0907-28df-5daf-b912-aec135508e38,B. Šeško,2025-26:14,1,45.0,1,RAM,58.8,50.0,fpl_core_insights_detailed,2025-09-20T19:30:00+00:00,GW5,3ff3e4fd-7cde-51ad-a781-d1f849c54099,14,5,f2eb0907-28df-5daf-b912-aec135508e38,ST,True
fplcore:25-26-prem-manchester-united-vs-chelsea,412fc00b-6fb5-5606-bb30-04e075a83220,R. Sánchez,2025-26:7,1,4.0,1,,11.8,50.5,fpl_core_insights_detailed,2025-09-20T19:30:00+00:00,GW5,3ff3e4fd-7cde-51ad-a781-d1f849c54099,7,5,412fc00b-6fb5-5606-bb30-04e075a83220,GK,True
fplcore:25-26-prem-manchester-united-vs-chelsea,5b51fc3a-1f45-56e1-9ecc-0bda87474227,E. Fernández,2025-26:7,1,90.0,1,RAM,53.1,29.4,fpl_core_insights_detailed,2025-09-20T19:30:00+00:00,GW5,3ff3e4fd-7cde-51ad-a781-d1f849c54099,7,5,5b51fc3a-1f45-56e1-9ecc-0bda87474227,RDM,True
fplcore:25-26-prem-manchester-united-vs-chelsea,9b51b592-7b40-53df-a62d-6af0afa0bb0e,Estêvão,2025-26:7,1,5.0,1,LAM,44.2,93.3,fpl_core_insights_detailed,2025-09-20T19:30:00+00:00,GW5,3ff3e4fd-7cde-51ad-a781-d1f849c54099,7,5,9b51b592-7b40-53df-a62d-6af0afa0bb0e,RAM,True
fplcore:25-26-prem-manchester-united-vs-chelsea,653dcb32-98a1-5bdb-afc4-4dcee772c921,P. Neto,2025-26:7,1,6.0,1,RDM,19.8,9.5,fpl_core_insights_detailed,2025-09-20T19:30:00+00:00,GW5,3ff3e4fd-7cde-51ad-a781-d1f849c54099,7,5,653dcb32-98a1-5bdb-afc4-4dcee772c921,LAM,True
fplcore:25-26-prem-sunderland-vs-aston-villa,17b0293a-a54d-554b-bdba-368217c87ad9,R. Roefs,2025-26:17,1,90.0,1,,10.6,46.7,fpl_core_insights_detailed,2025-09-21T16:00:00+00:00,GW5,e69946cc-431c-5b13-878a-6b3506160159,17,5,17b0293a-a54d-554b-bdba-368217c87ad9,GK,True
fplcore:25-26-prem-sunderland-vs-aston-villa,483fd668-a74d-5c5c-9111-a023961f914b,C. Talbi,2025-26:17,1,79.0,1,ST,51.9,48.5,fpl_core_insights_detailed,2025-09-21T16:00:00+00:00,GW5,e69946cc-431c-5b13-878a-6b3506160159,17,5,483fd668-a74d-5c5c-9111-a023961f914b,RW,True
fplcore:25-26-prem-sunderland-vs-aston-villa,cbc3d646-143c-51fb-9e03-365e6edc5e78,W. Isidor,2025-26:17,1,79.0,1,LW,66.1,56.9,fpl_core_insights_detailed,2025-09-21T16:00:00+00:00,GW5,e69946cc-431c-5b13-878a-6b3506160159,17,5,cbc3d646-143c-51fb-9e03-365e6edc5e78,ST,True
fplcore:25-26-prem-sunderland-vs-aston-villa,40b6a84e-8e7e-529b-8b4e-a2979b1bc8e4,E. Le Fée,2025-26:17,1,80.0,1,RW,46.7,48.1,fpl_core_insights_detailed,2025-09-21T16:00:00+00:00,GW5,e69946cc-431c-5b13-878a-6b3506160159,17,5,40b6a84e-8e7e-529b-8b4e-a2979b1bc8e4,LW,True
fplcore:25-26-prem-sunderland-vs-aston-villa,db76d454-818a-5043-8d04-22e24f696027,E. Martínez,2025-26:2,1,90.0,1,,8.4,51.2,fpl_core_insights_detailed,2025-09-21T16:00:00+00:00,GW5,e69946cc-431c-5b13-878a-6b3506160159,2,5,db76d454-818a-5043-8d04-22e24f696027,GK,True
fplcore:25-26-prem-sunderland-vs-aston-villa,3f25f3e8-deb4-5121-abaf-e0c9f890735f,J. McGinn,2025-26:2,1,90.0,1,RAM,57.5,56.8,fpl_core_insights_detailed,2025-09-21T16:00:00+00:00,GW5,e69946cc-431c-5b13-878a-6b3506160159,2,5,3f25f3e8-deb4-5121-abaf-e0c9f890735f,RDM,True
fplcore:25-26-prem-sunderland-vs-aston-villa,5cde41a6-f4dd-545d-93c5-e931c1be6f72,E. Guessand,2025-26:2,1,72.0,1,RDM,54.9,20.6,fpl_core_insights_detailed,2025-09-21T16:00:00+00:00,GW5,e69946cc-431c-5b13-878a-6b3506160159,2,5,5cde41a6-f4dd-545d-93c5-e931c1be6f72,RAM,True
fplcore:25-26-prem-west-ham-united-vs-crystal-palace,112ec44a-8ec0-5a5a-828a-d330905abb6b,A. Aréola,2025-26:19,1,90.0,1,,11.7,48.4,fpl_core_insights_detailed,2025-09-20T17:00:00+00:00,GW5,2cae7bd9-7ab8-5b5b-9617-9880249b0bde,19,5,112ec44a-8ec0-5a5a-828a-d330905abb6b,GK,True
fplcore:25-26-prem-west-ham-united-vs-crystal-palace,e17b28b4-18e0-5316-b0b4-279fe412f5e5,L. Paquetá,2025-26:19,1,90.0,1,LCM,58.2,47.4,fpl_core_insights_detailed,2025-09-20T17:00:00+00:00,GW5,2cae7bd9-7ab8-5b5b-9617-9880249b0bde,19,5,e17b28b4-18e0-5316-b0b4-279fe412f5e5,RCM,True
fplcore:25-26-prem-west-ham-united-vs-crystal-palace,79420363-80f0-5eb5-bef5-e1e31f62877c,M. Fernandes,2025-26:19,1,77.0,1,RCM,53.4,42.7,fpl_core_insights_detailed,2025-09-20T17:00:00+00:00,GW5,2cae7bd9-7ab8-5b5b-9617-9880249b0bde,19,5,79420363-80f0-5eb5-bef5-e1e31f62877c,LCM,True
fplcore:25-26-prem-west-ham-united-vs-crystal-palace,4e7d3349-c869-51f6-a9f2-e86405e21be5,D. Henderson,2025-26:8,1,90.0,1,,10.0,50.6,fpl_core_insights_detailed,2025-09-20T17:00:00+00:00,GW5,2cae7bd9-7ab8-5b5b-9617-9880249b0bde,8,5,4e7d3349-c869-51f6-a9f2-e86405e21be5,GK,True
fplcore:25-26-prem-west-ham-united-vs-crystal-palace,d7ab42eb-50da-5a3f-a583-fdf38b0d2cfe,D. Kamada,2025-26:8,1,90.0,1,LAM,60.2,53.4,fpl_core_insights_detailed,2025-09-20T17:00:00+00:00,GW5,2cae7bd9-7ab8-5b5b-9617-9880249b0bde,8,5,d7ab42eb-50da-5a3f-a583-fdf38b0d2cfe,RAM,True
fplcore:25-26-prem-west-ham-united-vs-crystal-palace,1e4afd94-5426-54f5-893e-eea93b538667,Y. Pino,2025-26:8,1,45.0,1,ST,60.5,63.9,fpl_core_insights_detailed,2025-09-20T17:00:00+00:00,GW5,2cae7bd9-7ab8-5b5b-9617-9880249b0bde,8,5,1e4afd94-5426-54f5-893e-eea93b538667,LAM,True
fplcore:25-26-prem-west-ham-united-vs-crystal-palace,7b9dc65d-483e-5ff9-af51-946aceed51e9,J. Mateta,2025-26:8,1,90.0,1,RAM,54.5,45.4,fpl_core_insights_detailed,2025-09-20T17:00:00+00:00,GW5,2cae7bd9-7ab8-5b5b-9617-9880249b0bde,8,5,7b9dc65d-483e-5ff9-af51-946aceed51e9,ST,True
fplcore:25-26-prem-wolverhampton-wanderers-vs-leeds-united,698f23fd-0fa1-5358-8bd3-2b8aef91e946,J. Sá,2025-26:20,1,90.0,1,,12.3,44.3,fpl_core_insights_detailed,2025-09-20T17:00:00+00:00,GW5,a384f763-bcdf-5f28-9164-e0983ca45823,20,5,698f23fd-0fa1-5358-8bd3-2b8aef91e946,GK,True
fplcore:25-26-prem-wolverhampton-wanderers-vs-leeds-united,94f8d943-9301-57ef-ac78-91de92b9eb41,E. Agbadou,2025-26:20,1,90.0,1,RWB,49.4,24.1,fpl_core_insights_detailed,2025-09-20T17:00:00+00:00,GW5,a384f763-bcdf-5f28-9164-e0983ca45823,20,5,94f8d943-9301-57ef-ac78-91de92b9eb41,RCB,True
fplcore:25-26-prem-wolverhampton-wanderers-vs-leeds-united,b6e20f32-3f8f-5d7f-b0b7-140bc97b69fe,Y. Mosquera,2025-26:20,1,71.0,1,RCB,35.8,48.2,fpl_core_insights_detailed,2025-09-20T17:00:00+00:00,GW5,a384f763-bcdf-5f28-9164-e0983ca45823,20,5,b6e20f32-3f8f-5d7f-b0b7-140bc97b69fe,CB,True
fplcore:25-26-prem-wolverhampton-wanderers-vs-leeds-united,a2bfdc0c-78a1-5fff-b07a-3cbbbabdeba5,J. Tchatchoua,2025-26:20,1,90.0,1,RAM,60.5,14.2,fpl_core_insights_detailed,2025-09-20T17:00:00+00:00,GW5,a384f763-bcdf-5f28-9164-e0983ca45823,20,5,a2bfdc0c-78a1-5fff-b07a-3cbbbabdeba5,RWB,True
fplcore:25-26-prem-wolverhampton-wanderers-vs-leeds-united,e2213bab-7401-5edc-9994-4eb0772f48ef,J. Gomes,2025-26:20,1,90.0,1,LCM,48.3,51.6,fpl_core_insights_detailed,2025-09-20T17:00:00+00:00,GW5,a384f763-bcdf-5f28-9164-e0983ca45823,20,5,e2213bab-7401-5edc-9994-4eb0772f48ef,RCM,True
fplcore:25-26-prem-wolverhampton-wanderers-vs-leeds-united,aa986b3e-e0d4-5c58-b3da-46a8810d3ca9,L. Krejčí,2025-26:20,1,90.0,1,CB,47.9,68.4,fpl_core_insights_detailed,2025-09-20T17:00:00+00:00,GW5,a384f763-bcdf-5f28-9164-e0983ca45823,20,5,aa986b3e-e0d4-5c58-b3da-46a8810d3ca9,LCM,True
fplcore:25-26-prem-wolverhampton-wanderers-vs-leeds-united,1ddf1d34-6f86-5fa6-a5b9-c192a8ae5692,F. López,2025-26:20,1,45.0,1,RCM,55.4,30.6,fpl_core_insights_detailed,2025-09-20T17:00:00+00:00,GW5,a384f763-bcdf-5f28-9164-e0983ca45823,20,5,1ddf1d34-6f86-5fa6-a5b9-c192a8ae5692,RAM,True
fplcore:25-26-prem-wolverhampton-wanderers-vs-leeds-united,d921acea-ffba-515b-a957-12586c43f133,K. Darlow,2025-26:11,1,90.0,1,,9.2,47.9,fpl_core_insights_detailed,2025-09-20T17:00:00+00:00,GW5,a384f763-bcdf-5f28-9164-e0983ca45823,11,5,d921acea-ffba-515b-a957-12586c43f133,GK,True
fplcore:25-26-prem-wolverhampton-wanderers-vs-leeds-united,9066de74-0bf4-5c6d-8a3f-3b977b735a67,A. Stach,2025-26:11,1,90.0,1,LCM,52.6,67.5,fpl_core_insights_detailed,2025-09-20T17:00:00+00:00,GW5,a384f763-bcdf-5f28-9164-e0983ca45823,11,5,9066de74-0bf4-5c6d-8a3f-3b977b735a67,RCM,True
fplcore:25-26-prem-wolverhampton-wanderers-vs-leeds-united,015a7f1a-67ab-53dc-babc-333cf97f761f,S. Longstaff,2025-26:11,1,82.0,1,RCM,46.1,37.1,fpl_core_insights_detailed,2025-09-20T17:00:00+00:00,GW5,a384f763-bcdf-5f28-9164-e0983ca45823,11,5,015a7f1a-67ab-53dc-babc-333cf97f761f,LCM,True
fplcore:25-26-prem-aston-villa-vs-fulham,db76d454-818a-5043-8d04-22e24f696027,E. Martínez,2025-26:2,1,90.0,1,,11.4,49.8,fpl_core_insights_detailed,2025-09-28T16:00:00+00:00,GW6,d91cee0f-6c2e-51e9-8fa7-2fbb949fbb5f,2,6,db76d454-818a-5043-8d04-22e24f696027,GK,True
fplcore:25-26-prem-aston-villa-vs-fulham,83056bd2-b742-5b28-b32d-8ba4a3902c61,B. Leno,2025-26:10,1,90.0,1,,11.2,50.3,fpl_core_insights_detailed,2025-09-28T16:00:00+00:00,GW6,d91cee0f-6c2e-51e9-8fa7-2fbb949fbb5f,10,6,83056bd2-b742-5b28-b32d-8ba4a3902c61,GK,True
fplcore:25-26-prem-aston-villa-vs-fulham,aa82079f-0382-5b01-bb3b-9224650f408b,S. Lukić,2025-26:10,1,90.0,1,CAM,53.9,44.3,fpl_core_insights_detailed,2025-09-28T16:00:00+00:00,GW6,d91cee0f-6c2e-51e9-8fa7-2fbb949fbb5f,10,6,aa82079f-0382-5b01-bb3b-9224650f408b,RDM,True
fplcore:25-26-prem-aston-villa-vs-fulham,f0504a37-2a31-5f04-8704-2c307c2384cd,S. Berge,2025-26:10,1,90.0,1,RDM,44.8,60.3,fpl_core_insights_detailed,2025-09-28T16:00:00+00:00,GW6,d91cee0f-6c2e-51e9-8fa7-2fbb949fbb5f,10,6,f0504a37-2a31-5f04-8704-2c307c2384cd,LDM,True
fplcore:25-26-prem-aston-villa-vs-fulham,9f1ab4dd-f86c-5749-967d-c8f0fbfe15f7,J. King,2025-26:10,1,64.0,1,LAM,58.9,59.0,fpl_core_insights_detailed,2025-09-28T16:00:00+00:00,GW6,d91cee0f-6c2e-51e9-8fa7-2fbb949fbb5f,10,6,9f1ab4dd-f86c-5749-967d-c8f0fbfe15f7,CAM,True
fplcore:25-26-prem-aston-villa-vs-fulham,bf6c1651-0779-512e-9c37-3b8ac8c14714,A. Iwobi,2025-26:10,1,64.0,1,LDM,38.9,83.3,fpl_core_insights_detailed,2025-09-28T16:00:00+00:00,GW6,d91cee0f-6c2e-51e9-8fa7-2fbb949fbb5f,10,6,bf6c1651-0779-512e-9c37-3b8ac8c14714,LAM,True
fplcore:25-26-prem-brentford-vs-manchester-united,3cfeb2a8-cad5-5980-9946-aecc5eb2b011,C. Kelleher,2025-26:5,1,90.0,1,,11.9,47.2,fpl_core_insights_detailed,2025-09-27T14:30:00+00:00,GW6,8f31d70e-1646-5188-8d1f-66afc1c81967,5,6,3cfeb2a8-cad5-5980-9946-aecc5eb2b011,GK,True
fplcore:25-26-prem-brentford-vs-manchester-united,f192bac3-5939-5751-bfc7-fc9da3a23532,A. Bayındır,2025-26:14,1,90.0,1,,11.3,50.1,fpl_core_insights_detailed,2025-09-27T14:30:00+00:00,GW6,8f31d70e-1646-5188-8d1f-66afc1c81967,14,6,f192bac3-5939-5751-bfc7-fc9da3a23532,GK,True
fplcore:25-26-prem-brentford-vs-manchester-united,1bf5a1f9-7275-56b5-888b-e1417d195339,M. Ugarte,2025-26:14,1,65.0,1,LCM,46.0,63.7,fpl_core_insights_detailed,2025-09-27T14:30:00+00:00,GW6,8f31d70e-1646-5188-8d1f-66afc1c81967,14,6,1bf5a1f9-7275-56b5-888b-e1417d195339,RCM,True
fplcore:25-26-prem-brentford-vs-manchester-united,8b26f624-9357-5669-9698-f5fda36d4e75,B. Fernandes,2025-26:14,1,90.0,1,RCM,45.4,52.9,fpl_core_insights_detailed,2025-09-27T14:30:00+00:00,GW6,8f31d70e-1646-5188-8d1f-66afc1c81967,14,6,8b26f624-9357-5669-9698-f5fda36d4e75,LCM,True
fplcore:25-26-prem-brentford-vs-manchester-united,be977983-b55e-52b9-96d5-b98b8b42edbb,B. Mbeumo,2025-26:14,1,90.0,1,ST,63.7,21.9,fpl_core_insights_detailed,2025-09-27T14:30:00+00:00,GW6,8f31d70e-1646-5188-8d1f-66afc1c81967,14,6,be977983-b55e-52b9-96d5-b98b8b42edbb,RAM,True
fplcore:25-26-prem-brentford-vs-manchester-united,f2eb0907-28df-5daf-b912-aec135508e38,B. Šeško,2025-26:14,1,90.0,1,RAM,59.0,48.3,fpl_core_insights_detailed,2025-09-27T14:30:00+00:00,GW6,8f31d70e-1646-5188-8d1f-66afc1c81967,14,6,f2eb0907-28df-5daf-b912-aec135508e38,ST,True
fplcore:25-26-prem-chelsea-vs-brighton-hove-albion,412fc00b-6fb5-5606-bb30-04e075a83220,R. Sánchez,2025-26:7,1,90.0,1,,10.7,48.9,fpl_core_insights_detailed,2025-09-27T17:00:00+00:00,GW6,e5b4f9bc-e7c7-52fa-a519-38061b73dbe3,7,6,412fc00b-6fb5-5606-bb30-04e075a83220,GK,True
fplcore:25-26-prem-chelsea-vs-brighton-hove-albion,9720eb96-9da3-5717-9ed4-45874361e243,B. Verbruggen,2025-26:6,1,90.0,1,,11.1,48.5,fpl_core_insights_detailed,2025-09-27T17:00:00+00:00,GW6,e5b4f9bc-e7c7-52fa-a519-38061b73dbe3,6,6,9720eb96-9da3-5717-9ed4-45874361e243,GK,True
fplcore:25-26-prem-chelsea-vs-brighton-hove-albion,de6b06be-d7b4-506e-9177-df5cf336214a,Y. Ayari,2025-26:6,1,90.0,1,CAM,52.6,59.7,fpl_core_insights_detailed,2025-09-27T17:00:00+00:00,GW6,e5b4f9bc-e7c7-52fa-a519-38061b73dbe3,6,6,de6b06be-d7b4-506e-9177-df5cf336214a,LDM,True
fplcore:25-26-prem-chelsea-vs-brighton-hove-albion,bec3b39e-5fff-5ae4-a7ba-ba525d5b3911,D. Gómez,2025-26:6,1,84.0,1,LDM,52.3,55.0,fpl_core_insights_detailed,2025-09-27T17:00:00+00:00,GW6,e5b4f9bc-e7c7-52fa-a519-38061b73dbe3,6,6,bec3b39e-5fff-5ae4-a7ba-ba525d5b3911,CAM,True
fplcore:25-26-prem-crystal-palace-vs-liverpool,4e7d3349-c869-51f6-a9f2-e86405e21be5,D. Henderson,2025-26:8,1,90.0,1,,8.6,51.2,fpl_core_insights_detailed,2025-09-27T17:00:00+00:00,GW6,15dc46ec-38bd-5cb4-887f-ffe40962bcb3,8,6,4e7d3349-c869-51f6-a9f2-e86405e21be5,GK,True
fplcore:25-26-prem-crystal-palace-vs-liverpool,73fbac33-4713-58ec-b9bd-242dfec592a2,A. Wharton,2025-26:8,1,61.0,1,RAM,52.6,48.3,fpl_core_insights_detailed,2025-09-27T17:00:00+00:00,GW6,15dc46ec-38bd-5cb4-887f-ffe40962bcb3,8,6,73fbac33-4713-58ec-b9bd-242dfec592a2,RCM,True
fplcore:25-26-prem-crystal-palace-vs-liverpool,d7ab42eb-50da-5a3f-a583-fdf38b0d2cfe,D. Kamada,2025-26:8,1,90.0,1,RCM,52.2,70.6,fpl_core_insights_detailed,2025-09-27T17:00:00+00:00,GW6,15dc46ec-38bd-5cb4-887f-ffe40962bcb3,8,6,d7ab42eb-50da-5a3f-a583-fdf38b0d2cfe,LCM,True
fplcore:25-26-prem-crystal-palace-vs-liverpool,9a90c10b-4796-5eda-a505-8db9bc21605d,I. Sarr,2025-26:8,1,74.0,1,ST,66.7,43.4,fpl_core_insights_detailed,2025-09-27T17:00:00+00:00,GW6,15dc46ec-38bd-5cb4-887f-ffe40962bcb3,8,6,9a90c10b-4796-5eda-a505-8db9bc21605d,RAM,True
fplcore:25-26-prem-crystal-palace-vs-liverpool,1e4afd94-5426-54f5-893e-eea93b538667,Y. Pino,2025-26:8,1,73.0,1,LCM,49.7,71.4,fpl_core_insights_detailed,2025-09-27T17:00:00+00:00,GW6,15dc46ec-38bd-5cb4-887f-ffe40962bcb3,8,6,1e4afd94-5426-54f5-893e-eea93b538667,LAM,True
fplcore:25-26-prem-crystal-palace-vs-liverpool,7b9dc65d-483e-5ff9-af51-946aceed51e9,J. Mateta,2025-26:8,1,90.0,1,LAM,62.6,53.0,fpl_core_insights_detailed,2025-09-27T17:00:00+00:00,GW6,15dc46ec-38bd-5cb4-887f-ffe40962bcb3,8,6,7b9dc65d-483e-5ff9-af51-946aceed51e9,ST,True
fplcore:25-26-prem-crystal-palace-vs-liverpool,bb7d5990-008e-5f6d-871a-83ec4490dd2d,Alisson,2025-26:12,1,90.0,1,,14.4,46.9,fpl_core_insights_detailed,2025-09-27T17:00:00+00:00,GW6,15dc46ec-38bd-5cb4-887f-ffe40962bcb3,12,6,bb7d5990-008e-5f6d-871a-83ec4490dd2d,GK,True
fplcore:25-26-prem-everton-vs-west-ham-united,57881605-ab70-5c0d-865f-433201de3f6f,J. Pickford,2025-26:9,1,90.0,1,,15.4,51.9,fpl_core_insights_detailed,2025-09-29T22:00:00+00:00,GW6,981faf72-781b-5b0a-b3f7-c8f2b7fa782f,9,6,57881605-ab70-5c0d-865f-433201de3f6f,GK,True
fplcore:25-26-prem-everton-vs-west-ham-united,112ec44a-8ec0-5a5a-828a-d330905abb6b,A. Aréola,2025-26:19,1,90.0,1,,10.0,46.7,fpl_core_insights_detailed,2025-09-29T22:00:00+00:00,GW6,981faf72-781b-5b0a-b3f7-c8f2b7fa782f,19,6,112ec44a-8ec0-5a5a-828a-d330905abb6b,GK,True
fplcore:25-26-prem-leeds-united-vs-afc-bournemouth,d921acea-ffba-515b-a957-12586c43f133,K. Darlow,2025-26:11,1,90.0,1,,10.6,51.3,fpl_core_insights_detailed,2025-09-27T17:00:00+00:00,GW6,081a14ec-0dc8-5586-8eee-1c3713d0e737,11,6,d921acea-ffba-515b-a957-12586c43f133,GK,True
fplcore:25-26-prem-leeds-united-vs-afc-bournemouth,aec63649-ffe1-5e88-829b-d1e462e7e679,Đ. Petrović,2025-26:4,1,90.0,1,,10.1,46.7,fpl_core_insights_detailed,2025-09-27T17:00:00+00:00,GW6,081a14ec-0dc8-5586-8eee-1c3713d0e737,4,6,aec63649-ffe1-5e88-829b-d1e462e7e679,GK,True
fplcore:25-26-prem-manchester-city-vs-burnley,67859d1e-575f-5ae4-aa8d-8f36bd11696e,G. Donnarumma,2025-26:13,1,90.0,1,,11.8,50.4,fpl_core_insights_detailed,2025-09-27T17:00:00+00:00,GW6,53243316-6867-5955-9a35-919f13fc26de,13,6,67859d1e-575f-5ae4-aa8d-8f36bd11696e,GK,True
fplcore:25-26-prem-manchester-city-vs-burnley,148b32f1-d60d-5cdd-9ffe-a5938fcb8671,M. Dúbravka,2025-26:3,1,90.0,1,,9.8,47.9,fpl_core_insights_detailed,2025-09-27T17:00:00+00:00,GW6,53243316-6867-5955-9a35-919f13fc26de,3,6,148b32f1-d60d-5cdd-9ffe-a5938fcb8671,GK,True
fplcore:25-26-prem-newcastle-united-vs-arsenal,00be15e9-135e-5a79-956f-cd70f121b4b0,N. Pope,2025-26:15,1,90.0,1,,11.4,48.2,fpl_core_insights_detailed,2025-09-28T18:30:00+00:00,GW6,0ac7a54f-e6c8-5c6e-818f-3e48589cf4b5,15,6,00be15e9-135e-5a79-956f-cd70f121b4b0,GK,True
fplcore:25-26-prem-newcastle-united-vs-arsenal,9ac55e79-9cb2-5ac5-ae8c-6a2ebd620277,D. Raya,2025-26:1,1,90.0,1,,14.5,50.5,fpl_core_insights_detailed,2025-09-28T18:30:00+00:00,GW6,0ac7a54f-e6c8-5c6e-818f-3e48589cf4b5,1,6,9ac55e79-9cb2-5ac5-ae8c-6a2ebd620277,GK,True
fplcore:25-26-prem-nottingham-forest-vs-sunderland,5dfbea2f-beb3-54f9-ad39-1f8f81f8a323,M. Sels,2025-26:16,1,90.0,1,,13.0,49.0,fpl_core_insights_detailed,2025-09-27T19:30:00+00:00,GW6,2a3e9395-fcc8-5431-bfbd-0b5349297ba8,16,6,5dfbea2f-beb3-54f9-ad39-1f8f81f8a323,GK,True
fplcore:25-26-prem-nottingham-forest-vs-sunderland,a2afe8eb-9890-541f-9258-8202cd512f1f,N. Domínguez,2025-26:16,1,45.0,1,LDM,49.5,58.3,fpl_core_insights_detailed,2025-09-27T19:30:00+00:00,GW6,2a3e9395-fcc8-5431-bfbd-0b5349297ba8,16,6,a2afe8eb-9890-541f-9258-8202cd512f1f,RDM,True
fplcore:25-26-prem-nottingham-forest-vs-sunderland,89ca84c0-8f48-5f1a-913d-799d45f1691e,E. Anderson,2025-26:16,1,90.0,1,RDM,56.7,57.2,fpl_core_insights_detailed,2025-09-27T19:30:00+00:00,GW6,2a3e9395-fcc8-5431-bfbd-0b5349297ba8,16,6,89ca84c0-8f48-5f1a-913d-799d45f1691e,LDM,True
fplcore:25-26-prem-nottingham-forest-vs-sunderland,17b0293a-a54d-554b-bdba-368217c87ad9,R. Roefs,2025-26:17,1,90.0,1,,8.0,50.9,fpl_core_insights_detailed,2025-09-27T19:30:00+00:00,GW6,2a3e9395-fcc8-5431-bfbd-0b5349297ba8,17,6,17b0293a-a54d-554b-bdba-368217c87ad9,GK,True
fplcore:25-26-prem-nottingham-forest-vs-sunderland,2e06beff-d060-52c5-b090-ef85e142bc03,T. Hume,2025-26:17,1,90.0,1,RCB,37.7,45.8,fpl_core_insights_detailed,2025-09-27T19:30:00+00:00,GW6,2a3e9395-fcc8-5431-bfbd-0b5349297ba8,17,6,2e06beff-d060-52c5-b090-ef85e142bc03,RB,True
fplcore:25-26-prem-nottingham-forest-vs-sunderland,53bfdbe9-b833-5ee6-b24f-4b838a2a0fa6,N. Mukiele,2025-26:17,1,90.0,1,RB,29.8,34.2,fpl_core_insights_detailed,2025-09-27T19:30:00+00:00,GW6,2a3e9395-fcc8-5431-bfbd-0b5349297ba8,17,6,53bfdbe9-b833-5ee6-b24f-4b838a2a0fa6,RCB,True
fplcore:25-26-prem-nottingham-forest-vs-sunderland,483fd668-a74d-5c5c-9111-a023961f914b,C. Talbi,2025-26:17,1,84.0,1,CAM,56.4,47.7,fpl_core_insights_detailed,2025-09-27T19:30:00+00:00,GW6,2a3e9395-fcc8-5431-bfbd-0b5349297ba8,17,6,483fd668-a74d-5c5c-9111-a023961f914b,RAM,True
fplcore:25-26-prem-nottingham-forest-vs-sunderland,eeb782c9-d515-562b-b132-d07e7ac988fa,C. Rigg,2025-26:17,1,58.0,1,RAM,53.7,37.4,fpl_core_insights_detailed,2025-09-27T19:30:00+00:00,GW6,2a3e9395-fcc8-5431-bfbd-0b5349297ba8,17,6,eeb782c9-d515-562b-b132-d07e7ac988fa,CAM,True
fplcore:25-26-prem-tottenham-hotspur-vs-wolverhampton-wanderers,3c77aa9b-7767-5636-9780-0d94d829b326,G. Vicario,2025-26:18,1,90.0,1,,14.0,50.3,fpl_core_insights_detailed,2025-09-27T22:00:00+00:00,GW6,023de701-eaf3-5114-aa37-a0a4c6f0399c,18,6,3c77aa9b-7767-5636-9780-0d94d829b326,GK,True
fplcore:25-26-prem-tottenham-hotspur-vs-wolverhampton-wanderers,41af0355-d126-5dc9-b44e-6d3d4ad2661b,S. Johnstone,2025-26:20,1,90.0,1,,10.6,49.7,fpl_core_insights_detailed,2025-09-27T22:00:00+00:00,GW6,023de701-eaf3-5114-aa37-a0a4c6f0399c,20,6,41af0355-d126-5dc9-b44e-6d3d4ad2661b,GK,True
fplcore:25-26-prem-afc-bournemouth-vs-fulham,aec63649-ffe1-5e88-829b-d1e462e7e679,Đ. Petrović,2025-26:4,1,90.0,1,,10.4,52.5,fpl_core_insights_detailed,2025-10-03T22:00:00+00:00,GW7,1b779c66-a2ce-54a2-b5eb-02c51666a1ad,4,7,aec63649-ffe1-5e88-829b-d1e462e7e679,GK,True
fplcore:25-26-prem-afc-bournemouth-vs-fulham,0f8b78a8-3315-50f5-8b1d-435ce1fc41ac,T. Adams,2025-26:4,1,77.0,1,LDM,51.0,62.8,fpl_core_insights_detailed,2025-10-03T22:00:00+00:00,GW7,1b779c66-a2ce-54a2-b5eb-02c51666a1ad,4,7,0f8b78a8-3315-50f5-8b1d-435ce1fc41ac,RDM,True
fplcore:25-26-prem-afc-bournemouth-vs-fulham,559670b7-3af4-5c20-8ab5-783da9a99601,A. Scott,2025-26:4,1,90.0,1,RDM,52.6,42.2,fpl_core_insights_detailed,2025-10-03T22:00:00+00:00,GW7,1b779c66-a2ce-54a2-b5eb-02c51666a1ad,4,7,559670b7-3af4-5c20-8ab5-783da9a99601,LDM,True
fplcore:25-26-prem-afc-bournemouth-vs-fulham,83056bd2-b742-5b28-b32d-8ba4a3902c61,B. Leno,2025-26:10,1,90.0,1,,7.2,49.7,fpl_core_insights_detailed,2025-10-03T22:00:00+00:00,GW7,1b779c66-a2ce-54a2-b5eb-02c51666a1ad,10,7,83056bd2-b742-5b28-b32d-8ba4a3902c61,GK,True
fplcore:25-26-prem-afc-bournemouth-vs-fulham,9b9067ce-8398-553d-8496-d169d55e5396,I. Diop,2025-26:10,1,85.0,1,RCM,35.5,20.9,fpl_core_insights_detailed,2025-10-03T22:00:00+00:00,GW7,1b779c66-a2ce-54a2-b5eb-02c51666a1ad,10,7,9b9067ce-8398-553d-8496-d169d55e5396,RCB,True
fplcore:25-26-prem-afc-bournemouth-vs-fulham,aa82079f-0382-5b01-bb3b-9224650f408b,S. Lukić,2025-26:10,1,13.0,1,RCB,20.9,29.8,fpl_core_insights_detailed,2025-10-03T22:00:00+00:00,GW7,1b779c66-a2ce-54a2-b5eb-02c51666a1ad,10,7,aa82079f-0382-5b01-bb3b-9224650f408b,RCM,True
fplcore:25-26-prem-afc-bournemouth-vs-fulham,bf6c1651-0779-512e-9c37-3b8ac8c14714,A. Iwobi,2025-26:10,1,85.0,1,ST,57.2,67.3,fpl_core_insights_detailed,2025-10-03T22:00:00+00:00,GW7,1b779c66-a2ce-54a2-b5eb-02c51666a1ad,10,7,bf6c1651-0779-512e-9c37-3b8ac8c14714,LAM,True
fplcore:25-26-prem-afc-bournemouth-vs-fulham,9f1ab4dd-f86c-5749-967d-c8f0fbfe15f7,J. King,2025-26:10,1,66.0,1,LAM,56.4,57.6,fpl_core_insights_detailed,2025-10-03T22:00:00+00:00,GW7,1b779c66-a2ce-54a2-b5eb-02c51666a1ad,10,7,9f1ab4dd-f86c-5749-967d-c8f0fbfe15f7,ST,True
fplcore:25-26-prem-arsenal-vs-west-ham-united,9ac55e79-9cb2-5ac5-ae8c-6a2ebd620277,D. Raya,2025-26:1,1,90.0,1,,13.1,45.9,fpl_core_insights_detailed,2025-10-04T17:00:00+00:00,GW7,872c4a36-0f0b-5886-9724-8a765cdbc91b,1,7,9ac55e79-9cb2-5ac5-ae8c-6a2ebd620277,GK,True
fplcore:25-26-prem-arsenal-vs-west-ham-united,112ec44a-8ec0-5a5a-828a-d330905abb6b,A. Aréola,2025-26:19,1,90.0,1,,10.2,50.7,fpl_core_insights_detailed,2025-10-04T17:00:00+00:00,GW7,872c4a36-0f0b-5886-9724-8a765cdbc91b,19,7,112ec44a-8ec0-5a5a-828a-d330905abb6b,GK,True
fplcore:25-26-prem-arsenal-vs-west-ham-united,9fd390de-abdd-53c9-abf5-63b5a6ec3423,S. Magassa,2025-26:19,1,60.0,1,RCM,40.1,35.9,fpl_core_insights_detailed,2025-10-04T17:00:00+00:00,GW7,872c4a36-0f0b-5886-9724-8a765cdbc91b,19,7,9fd390de-abdd-53c9-abf5-63b5a6ec3423,DM,True
fplcore:25-26-prem-arsenal-vs-west-ham-united,e17b28b4-18e0-5316-b0b4-279fe412f5e5,L. Paquetá,2025-26:19,1,90.0,1,LCM,51.7,39.2,fpl_core_insights_detailed,2025-10-04T17:00:00+00:00,GW7,872c4a36-0f0b-5886-9724-8a765cdbc91b,19,7,e17b28b4-18e0-5316-b0b4-279fe412f5e5,RCM,True
fplcore:25-26-prem-arsenal-vs-west-ham-united,79420363-80f0-5eb5-bef5-e1e31f62877c,M. Fernandes,2025-26:19,1,90.0,1,DM,36.6,59.7,fpl_core_insights_detailed,2025-10-04T17:00:00+00:00,GW7,872c4a36-0f0b-5886-9724-8a765cdbc91b,19,7,79420363-80f0-5eb5-bef5-e1e31f62877c,LCM,True
fplcore:25-26-prem-aston-villa-vs-burnley,db76d454-818a-5043-8d04-22e24f696027,E. Martínez,2025-26:2,1,90.0,1,,12.7,50.2,fpl_core_insights_detailed,2025-10-05T16:00:00+00:00,GW7,b4b855ec-5264-5183-b528-08c0f898a6d7,2,7,db76d454-818a-5043-8d04-22e24f696027,GK,True
fplcore:25-26-prem-aston-villa-vs-burnley,148b32f1-d60d-5cdd-9ffe-a5938fcb8671,M. Dúbravka,2025-26:3,1,90.0,1,,9.9,49.6,fpl_core_insights_detailed,2025-10-05T16:00:00+00:00,GW7,b4b855ec-5264-5183-b528-08c0f898a6d7,3,7,148b32f1-d60d-5cdd-9ffe-a5938fcb8671,GK,True
fplcore:25-26-prem-brentford-vs-manchester-city,3cfeb2a8-cad5-5980-9946-aecc5eb2b011,C. Kelleher,2025-26:5,1,90.0,1,,12.0,55.2,fpl_core_insights_detailed,2025-10-05T18:30:00+00:00,GW7,56b7cf67-fb24-5dc6-88c2-fc681ebe39d2,5,7,3cfeb2a8-cad5-5980-9946-aecc5eb2b011,GK,True
fplcore:25-26-prem-brentford-vs-manchester-city,67859d1e-575f-5ae4-aa8d-8f36bd11696e,G. Donnarumma,2025-26:13,1,90.0,1,,11.1,54.5,fpl_core_insights_detailed,2025-10-05T18:30:00+00:00,GW7,56b7cf67-fb24-5dc6-88c2-fc681ebe39d2,13,7,67859d1e-575f-5ae4-aa8d-8f36bd11696e,GK,True
fplcore:25-26-prem-chelsea-vs-liverpool,412fc00b-6fb5-5606-bb30-04e075a83220,R. Sánchez,2025-26:7,1,90.0,1,,10.5,49.2,fpl_core_insights_detailed,2025-10-04T19:30:00+00:00,GW7,0333ea9d-2980-5d88-9bb1-a379b652fbb6,7,7,412fc00b-6fb5-5606-bb30-04e075a83220,GK,True
fplcore:25-26-prem-chelsea-vs-liverpool,f2831f63-18d0-5405-9349-288d723614fe,G. Mamardashvili,2025-26:12,1,90.0,1,,11.0,48.8,fpl_core_insights_detailed,2025-10-04T19:30:00+00:00,GW7,0333ea9d-2980-5d88-9bb1-a379b652fbb6,12,7,f2831f63-18d0-5405-9349-288d723614fe,GK,True
fplcore:25-26-prem-chelsea-vs-liverpool,b02dbbb7-35b6-53d3-be68-f7c1b2c4e70f,R. Gravenberch,2025-26:12,1,90.0,1,LDM,38.7,42.6,fpl_core_insights_detailed,2025-10-04T19:30:00+00:00,GW7,0333ea9d-2980-5d88-9bb1-a379b652fbb6,12,7,b02dbbb7-35b6-53d3-be68-f7c1b2c4e70f,RDM,True
fplcore:25-26-prem-chelsea-vs-liverpool,d982f8cc-b7f6-5eef-880a-7588a8d9c761,A. Mac Allister,2025-26:12,1,85.0,1,CAM,49.5,60.6,fpl_core_insights_detailed,2025-10-04T19:30:00+00:00,GW7,0333ea9d-2980-5d88-9bb1-a379b652fbb6,12,7,d982f8cc-b7f6-5eef-880a-7588a8d9c761,LDM,True
fplcore:25-26-prem-chelsea-vs-liverpool,b8cff13d-168c-5c65-ad52-99b0426b08f2,D. Szoboszlai,2025-26:12,1,90.0,1,RDM,47.1,33.1,fpl_core_insights_detailed,2025-10-04T19:30:00+00:00,GW7,0333ea9d-2980-5d88-9bb1-a379b652fbb6,12,7,b8cff13d-168c-5c65-ad52-99b0426b08f2,CAM,True
fplcore:25-26-prem-everton-vs-crystal-palace,57881605-ab70-5c0d-865f-433201de3f6f,J. Pickford,2025-26:9,1,90.0,1,,16.6,52.4,fpl_core_insights_detailed,2025-10-05T16:00:00+00:00,GW7,9c6a82d4-243b-5d5b-bead-3a61146a140c,9,7,57881605-ab70-5c0d-865f-433201de3f6f,GK,True
fplcore:25-26-prem-everton-vs-crystal-palace,4e7d3349-c869-51f6-a9f2-e86405e21be5,D. Henderson,2025-26:8,1,90.0,1,,10.3,51.2,fpl_core_insights_detailed,2025-10-05T16:00:00+00:00,GW7,9c6a82d4-243b-5d5b-bead-3a61146a140c,8,7,4e7d3349-c869-51f6-a9f2-e86405e21be5,GK,True
fplcore:25-26-prem-leeds-united-vs-tottenham-hotspur,d921acea-ffba-515b-a957-12586c43f133,K. Darlow,2025-26:11,1,90.0,1,,11.1,50.0,fpl_core_insights_detailed,2025-10-04T14:30:00+00:00,GW7,747dba09-a9fe-5e0c-ac6c-739da9af3fd6,11,7,d921acea-ffba-515b-a957-12586c43f133,GK,True
fplcore:25-26-prem-leeds-united-vs-tottenham-hotspur,015a7f1a-67ab-53dc-babc-333cf97f761f,S. Longstaff,2025-26:11,1,90.0,1,CM,53.4,41.6,fpl_core_insights_detailed,2025-10-04T14:30:00+00:00,GW7,747dba09-a9fe-5e0c-ac6c-739da9af3fd6,11,7,015a7f1a-67ab-53dc-babc-333cf97f761f,RCM,True
fplcore:25-26-prem-leeds-united-vs-tottenham-hotspur,82e95b4b-22b2-59a9-b33b-e199df378fe3,E. Ampadu,2025-26:11,1,90.0,1,RCM,44.3,39.8,fpl_core_insights_detailed,2025-10-04T14:30:00+00:00,GW7,747dba09-a9fe-5e0c-ac6c-739da9af3fd6,11,7,82e95b4b-22b2-59a9-b33b-e199df378fe3,CM,True
fplcore:25-26-prem-leeds-united-vs-tottenham-hotspur,3c77aa9b-7767-5636-9780-0d94d829b326,G. Vicario,2025-26:18,1,90.0,1,,10.4,46.4,fpl_core_insights_detailed,2025-10-04T14:30:00+00:00,GW7,747dba09-a9fe-5e0c-ac6c-739da9af3fd6,18,7,3c77aa9b-7767-5636-9780-0d94d829b326,GK,True
fplcore:25-26-prem-manchester-united-vs-sunderland,63a30902-aa79-59d2-bbc6-903ff41e54dc,S. Lammens,2025-26:14,1,90.0,1,,9.6,46.6,fpl_core_insights_detailed,2025-10-04T17:00:00+00:00,GW7,d2a4a4a7-d848-59ae-b7e6-327712b14170,14,7,63a30902-aa79-59d2-bbc6-903ff41e54dc,GK,True
fplcore:25-26-prem-manchester-united-vs-sunderland,8d2526be-436d-5cc9-ac87-685d6e1cc27c,D. Dalot,2025-26:14,1,63.0,1,LAM,57.2,83.3,fpl_core_insights_detailed,2025-10-04T17:00:00+00:00,GW7,d2a4a4a7-d848-59ae-b7e6-327712b14170,14,7,8d2526be-436d-5cc9-ac87-685d6e1cc27c,LWB,True
fplcore:25-26-prem-manchester-united-vs-sunderland,6a3d319d-e848-56e0-bc06-707ee4149c24,M. Mount,2025-26:14,1,64.0,1,ST,61.3,74.6,fpl_core_insights_detailed,2025-10-04T17:00:00+00:00,GW7,d2a4a4a7-d848-59ae-b7e6-327712b14170,14,7,6a3d319d-e848-56e0-bc06-707ee4149c24,LAM,True
fplcore:25-26-prem-manchester-united-vs-sunderland,f2eb0907-28df-5daf-b912-aec135508e38,B. Šeško,2025-26:14,1,90.0,1,LWB,55.1,53.4,fpl_core_insights_detailed,2025-10-04T17:00:00+00:00,GW7,d2a4a4a7-d848-59ae-b7e6-327712b14170,14,7,f2eb0907-28df-5daf-b912-aec135508e38,ST,True
fplcore:25-26-prem-manchester-united-vs-sunderland,17b0293a-a54d-554b-bdba-368217c87ad9,R. Roefs,2025-26:17,1,90.0,1,,12.1,53.8,fpl_core_insights_detailed,2025-10-04T17:00:00+00:00,GW7,d2a4a4a7-d848-59ae-b7e6-327712b14170,17,7,17b0293a-a54d-554b-bdba-368217c87ad9,GK,True
fplcore:25-26-prem-newcastle-united-vs-nottingham-forest,00be15e9-135e-5a79-956f-cd70f121b4b0,N. Pope,2025-26:15,1,90.0,1,,7.7,47.1,fpl_core_insights_detailed,2025-10-05T16:00:00+00:00,GW7,726bfbc4-b6ec-5306-bfb1-7cbf22ac013b,15,7,00be15e9-135e-5a79-956f-cd70f121b4b0,GK,True
fplcore:25-26-prem-newcastle-united-vs-nottingham-forest,50df4a11-59ff-5eba-85dd-aaca25ba3cd2,B. Guimarães,2025-26:15,1,90.0,1,CM,57.2,41.3,fpl_core_insights_detailed,2025-10-05T16:00:00+00:00,GW7,726bfbc4-b6ec-5306-bfb1-7cbf22ac013b,15,7,50df4a11-59ff-5eba-85dd-aaca25ba3cd2,RCM,True
fplcore:25-26-prem-newcastle-united-vs-nottingham-forest,c7d912b7-acf9-59e7-a5a7-c7e64aed18da,S. Tonali,2025-26:15,1,90.0,1,RCM,53.0,30.8,fpl_core_insights_detailed,2025-10-05T16:00:00+00:00,GW7,726bfbc4-b6ec-5306-bfb1-7cbf22ac013b,15,7,c7d912b7-acf9-59e7-a5a7-c7e64aed18da,CM,True
fplcore:25-26-prem-newcastle-united-vs-nottingham-forest,5dfbea2f-beb3-54f9-ad39-1f8f81f8a323,M. Sels,2025-26:16,1,90.0,1,,7.6,47.8,fpl_core_insights_detailed,2025-10-05T16:00:00+00:00,GW7,726bfbc4-b6ec-5306-bfb1-7cbf22ac013b,16,7,5dfbea2f-beb3-54f9-ad39-1f8f81f8a323,GK,True
fplcore:25-26-prem-wolverhampton-wanderers-vs-brighton-hove-albion,41af0355-d126-5dc9-b44e-6d3d4ad2661b,S. Johnstone,2025-26:20,1,90.0,1,,9.3,48.8,fpl_core_insights_detailed,2025-10-05T16:00:00+00:00,GW7,d6865d71-bc2c-57dc-9b42-5bdbc8d058d5,20,7,41af0355-d126-5dc9-b44e-6d3d4ad2661b,GK,True
fplcore:25-26-prem-wolverhampton-wanderers-vs-brighton-hove-albion,9720eb96-9da3-5717-9ed4-45874361e243,B. Verbruggen,2025-26:6,1,90.0,1,,11.1,47.1,fpl_core_insights_detailed,2025-10-05T16:00:00+00:00,GW7,d6865d71-bc2c-57dc-9b42-5bdbc8d058d5,6,7,9720eb96-9da3-5717-9ed4-45874361e243,GK,True
fplcore:25-26-prem-wolverhampton-wanderers-vs-brighton-hove-albion,a93b852e-6cc5-59da-a7e7-213f7dec5f1b,L. Dunk,2025-26:6,1,90.0,1,LB,39.3,64.0,fpl_core_insights_detailed,2025-10-05T16:00:00+00:00,GW7,d6865d71-bc2c-57dc-9b42-5bdbc8d058d5,6,7,a93b852e-6cc5-59da-a7e7-213f7dec5f1b,LCB,True
fplcore:25-26-prem-wolverhampton-wanderers-vs-brighton-hove-albion,962c06ed-3fb4-5908-98c9-be26b5491e6c,F. Kadıoğlu,2025-26:6,1,90.0,1,LCB,55.1,57.7,fpl_core_insights_detailed,2025-10-05T16:00:00+00:00,GW7,d6865d71-bc2c-57dc-9b42-5bdbc8d058d5,6,7,962c06ed-3fb4-5908-98c9-be26b5491e6c,LB,True
fplcore:25-26-prem-brighton-hove-albion-vs-newcastle-united,9720eb96-9da3-5717-9ed4-45874361e243,B. Verbruggen,2025-26:6,1,90.0,1,,7.6,49.3,fpl_core_insights_detailed,2025-10-18T17:00:00+00:00,GW8,0f51196f-7860-5778-820f-5bf83d82baf5,6,8,9720eb96-9da3-5717-9ed4-45874361e243,GK,True
fplcore:25-26-prem-brighton-hove-albion-vs-newcastle-united,de6b06be-d7b4-506e-9177-df5cf336214a,Y. Ayari,2025-26:6,1,90.0,1,CAM,55.1,62.0,fpl_core_insights_detailed,2025-10-18T17:00:00+00:00,GW8,0f51196f-7860-5778-820f-5bf83d82baf5,6,8,de6b06be-d7b4-506e-9177-df5cf336214a,LDM,True
fplcore:25-26-prem-brighton-hove-albion-vs-newcastle-united,e951e717-39ca-59bd-bf7f-6e59ece9fd54,G. Rutter,2025-26:6,1,70.0,1,LDM,52.3,43.4,fpl_core_insights_detailed,2025-10-18T17:00:00+00:00,GW8,0f51196f-7860-5778-820f-5bf83d82baf5,6,8,e951e717-39ca-59bd-bf7f-6e59ece9fd54,CAM,True
fplcore:25-26-prem-brighton-hove-albion-vs-newcastle-united,00be15e9-135e-5a79-956f-cd70f121b4b0,N. Pope,2025-26:15,1,90.0,1,,11.7,48.5,fpl_core_insights_detailed,2025-10-18T17:00:00+00:00,GW8,0f51196f-7860-5778-820f-5bf83d82baf5,15,8,00be15e9-135e-5a79-956f-cd70f121b4b0,GK,True
fplcore:25-26-prem-burnley-vs-leeds-united,148b32f1-d60d-5cdd-9ffe-a5938fcb8671,M. Dúbravka,2025-26:3,1,90.0,1,,8.3,51.2,fpl_core_insights_detailed,2025-10-18T17:00:00+00:00,GW8,f8f96455-414e-5398-98af-ab78a38e6c46,3,8,148b32f1-d60d-5cdd-9ffe-a5938fcb8671,GK,True
fplcore:25-26-prem-burnley-vs-leeds-united,eef1cb4a-8a4c-5cee-9eac-636079e4d785,J. Cullen,2025-26:3,1,90.0,1,CAM,45.2,41.6,fpl_core_insights_detailed,2025-10-18T17:00:00+00:00,GW8,f8f96455-414e-5398-98af-ab78a38e6c46,3,8,eef1cb4a-8a4c-5cee-9eac-636079e4d785,RDM,True
fplcore:25-26-prem-burnley-vs-leeds-united,032150f9-1246-5989-8ac4-532f1e3bce74,L. Ugochukwu,2025-26:3,1,82.0,1,LAM,48.9,52.1,fpl_core_insights_detailed,2025-10-18T17:00:00+00:00,GW8,f8f96455-414e-5398-98af-ab78a38e6c46,3,8,032150f9-1246-5989-8ac4-532f1e3bce74,CAM,True
fplcore:25-26-prem-burnley-vs-leeds-united,f01a999e-cac7-5aa8-a867-4257d2382021,J. Anthony,2025-26:3,1,82.0,1,RDM,42.1,56.1,fpl_core_insights_detailed,2025-10-18T17:00:00+00:00,GW8,f8f96455-414e-5398-98af-ab78a38e6c46,3,8,f01a999e-cac7-5aa8-a867-4257d2382021,LAM,True
fplcore:25-26-prem-burnley-vs-leeds-united,d921acea-ffba-515b-a957-12586c43f133,K. Darlow,2025-26:11,1,90.0,1,,14.4,49.5,fpl_core_insights_detailed,2025-10-18T17:00:00+00:00,GW8,f8f96455-414e-5398-98af-ab78a38e6c46,11,8,d921acea-ffba-515b-a957-12586c43f133,GK,True
fplcore:25-26-prem-crystal-palace-vs-afc-bournemouth,4e7d3349-c869-51f6-a9f2-e86405e21be5,D. Henderson,2025-26:8,1,90.0,1,,13.1,47.3,fpl_core_insights_detailed,2025-10-18T17:00:00+00:00,GW8,6886ff52-39e3-5b4e-8100-5edeabdc0302,8,8,4e7d3349-c869-51f6-a9f2-e86405e21be5,GK,True
fplcore:25-26-prem-crystal-palace-vs-afc-bournemouth,d7ab42eb-50da-5a3f-a583-fdf38b0d2cfe,D. Kamada,2025-26:8,1,90.0,1,LCM,53.2,67.8,fpl_core_insights_detailed,2025-10-18T17:00:00+00:00,GW8,6886ff52-39e3-5b4e-8100-5edeabdc0302,8,8,d7ab42eb-50da-5a3f-a583-fdf38b0d2cfe,RCM,True
fplcore:25-26-prem-crystal-palace-vs-afc-bournemouth,73fbac33-4713-58ec-b9bd-242dfec592a2,A. Wharton,2025-26:8,1,90.0,1,RCM,47.0,35.7,fpl_core_insights_detailed,2025-10-18T17:00:00+00:00,GW8,6886ff52-39e3-5b4e-8100-5edeabdc0302,8,8,73fbac33-4713-58ec-b9bd-242dfec592a2,LCM,True
fplcore:25-26-prem-crystal-palace-vs-afc-bournemouth,aec63649-ffe1-5e88-829b-d1e462e7e679,Đ. Petrović,2025-26:4,1,90.0,1,,10.8,49.9,fpl_core_insights_detailed,2025-10-18T17:00:00+00:00,GW8,6886ff52-39e3-5b4e-8100-5edeabdc0302,4,8,aec63649-ffe1-5e88-829b-d1e462e7e679,GK,True
fplcore:25-26-prem-fulham-vs-arsenal,83056bd2-b742-5b28-b32d-8ba4a3902c61,B. Leno,2025-26:10,1,90.0,1,,8.4,50.3,fpl_core_insights_detailed,2025-10-18T19:30:00+00:00,GW8,340bde20-7b6e-5477-a5c9-385aa6f7ef7b,10,8,83056bd2-b742-5b28-b32d-8ba4a3902c61,GK,True
fplcore:25-26-prem-fulham-vs-arsenal,9ac55e79-9cb2-5ac5-ae8c-6a2ebd620277,D. Raya,2025-26:1,1,90.0,1,,16.2,51.5,fpl_core_insights_detailed,2025-10-18T19:30:00+00:00,GW8,340bde20-7b6e-5477-a5c9-385aa6f7ef7b,1,8,9ac55e79-9cb2-5ac5-ae8c-6a2ebd620277,GK,True
fplcore:25-26-prem-liverpool-vs-manchester-united,f2831f63-18d0-5405-9349-288d723614fe,G. Mamardashvili,2025-26:12,1,90.0,1,,14.9,49.4,fpl_core_insights_detailed,2025-10-19T18:30:00+00:00,GW8,f1ec4b91-78e4-5707-be7a-5d8c763ecfb4,12,8,f2831f63-18d0-5405-9349-288d723614fe,GK,True
fplcore:25-26-prem-liverpool-vs-manchester-united,b02dbbb7-35b6-53d3-be68-f7c1b2c4e70f,R. Gravenberch,2025-26:12,1,61.0,1,LDM,49.4,46.2,fpl_core_insights_detailed,2025-10-19T18:30:00+00:00,GW8,f1ec4b91-78e4-5707-be7a-5d8c763ecfb4,12,8,b02dbbb7-35b6-53d3-be68-f7c1b2c4e70f,RDM,True
fplcore:25-26-prem-liverpool-vs-manchester-united,d982f8cc-b7f6-5eef-880a-7588a8d9c761,A. Mac Allister,2025-26:12,1,61.0,1,CAM,55.2,60.0,fpl_core_insights_detailed,2025-10-19T18:30:00+00:00,GW8,f1ec4b91-78e4-5707-be7a-5d8c763ecfb4,12,8,d982f8cc-b7f6-5eef-880a-7588a8d9c761,LDM,True
fplcore:25-26-prem-liverpool-vs-manchester-united,b8cff13d-168c-5c65-ad52-99b0426b08f2,D. Szoboszlai,2025-26:12,1,90.0,1,RDM,52.6,30.9,fpl_core_insights_detailed,2025-10-19T18:30:00+00:00,GW8,f1ec4b91-78e4-5707-be7a-5d8c763ecfb4,12,8,b8cff13d-168c-5c65-ad52-99b0426b08f2,CAM,True
fplcore:25-26-prem-liverpool-vs-manchester-united,63a30902-aa79-59d2-bbc6-903ff41e54dc,S. Lammens,2025-26:14,1,90.0,1,,8.2,49.1,fpl_core_insights_detailed,2025-10-19T18:30:00+00:00,GW8,f1ec4b91-78e4-5707-be7a-5d8c763ecfb4,14,8,63a30902-aa79-59d2-bbc6-903ff41e54dc,GK,True
fplcore:25-26-prem-liverpool-vs-manchester-united,46c2018f-f80f-532e-b144-ef688e9f44eb,L. Shaw,2025-26:14,1,84.0,1,LWB,39.0,73.0,fpl_core_insights_detailed,2025-10-19T18:30:00+00:00,GW8,f1ec4b91-78e4-5707-be7a-5d8c763ecfb4,14,8,46c2018f-f80f-532e-b144-ef688e9f44eb,LCB,True
fplcore:25-26-prem-liverpool-vs-manchester-united,8b26f624-9357-5669-9698-f5fda36d4e75,B. Fernandes,2025-26:14,1,84.0,1,RAM,54.8,49.1,fpl_core_insights_detailed,2025-10-19T18:30:00+00:00,GW8,f1ec4b91-78e4-5707-be7a-5d8c763ecfb4,14,8,8b26f624-9357-5669-9698-f5fda36d4e75,LCM,True
fplcore:25-26-prem-liverpool-vs-manchester-united,8d2526be-436d-5cc9-ac87-685d6e1cc27c,D. Dalot,2025-26:14,1,90.0,1,LCB,36.4,62.5,fpl_core_insights_detailed,2025-10-19T18:30:00+00:00,GW8,f1ec4b91-78e4-5707-be7a-5d8c763ecfb4,14,8,8d2526be-436d-5cc9-ac87-685d6e1cc27c,LWB,True
fplcore:25-26-prem-liverpool-vs-manchester-united,be977983-b55e-52b9-96d5-b98b8b42edbb,B. Mbeumo,2025-26:14,1,90.0,1,ST,60.7,28.7,fpl_core_insights_detailed,2025-10-19T18:30:00+00:00,GW8,f1ec4b91-78e4-5707-be7a-5d8c763ecfb4,14,8,be977983-b55e-52b9-96d5-b98b8b42edbb,RAM,True
fplcore:25-26-prem-liverpool-vs-manchester-united,1b9763d0-3c26-574c-9903-2c98b8431990,M. Cunha,2025-26:14,1,90.0,1,LCM,54.2,67.1,fpl_core_insights_detailed,2025-10-19T18:30:00+00:00,GW8,f1ec4b91-78e4-5707-be7a-5d8c763ecfb4,14,8,1b9763d0-3c26-574c-9903-2c98b8431990,ST,True
fplcore:25-26-prem-manchester-city-vs-everton,67859d1e-575f-5ae4-aa8d-8f36bd11696e,G. Donnarumma,2025-26:13,1,90.0,1,,11.3,49.3,fpl_core_insights_detailed,2025-10-18T17:00:00+00:00,GW8,2b48cf65-4d25-5a9a-a759-400c8d3bfc7d,13,8,67859d1e-575f-5ae4-aa8d-8f36bd11696e,GK,True
fplcore:25-26-prem-manchester-city-vs-everton,57881605-ab70-5c0d-865f-433201de3f6f,J. Pickford,2025-26:9,1,90.0,1,,13.4,52.5,fpl_core_insights_detailed,2025-10-18T17:00:00+00:00,GW8,2b48cf65-4d25-5a9a-a759-400c8d3bfc7d,9,8,57881605-ab70-5c0d-865f-433201de3f6f,GK,True
fplcore:25-26-prem-manchester-city-vs-everton,444bfe5b-015a-5ec2-ac21-34fd780e0aa5,J. Garner,2025-26:9,1,90.0,1,CAM,47.7,49.9,fpl_core_insights_detailed,2025-10-18T17:00:00+00:00,GW8,2b48cf65-4d25-5a9a-a759-400c8d3bfc7d,9,8,444bfe5b-015a-5ec2-ac21-34fd780e0aa5,RDM,True
fplcore:25-26-prem-manchester-city-vs-everton,dea12abc-e8dd-5839-b626-0cb7e72e9a26,I. Ndiaye,2025-26:9,1,85.0,1,RDM,46.6,25.6,fpl_core_insights_detailed,2025-10-18T17:00:00+00:00,GW8,2b48cf65-4d25-5a9a-a759-400c8d3bfc7d,9,8,dea12abc-e8dd-5839-b626-0cb7e72e9a26,RAM,True
fplcore:25-26-prem-manchester-city-vs-everton,1993b39f-9a1a-5805-bce4-6ff7cb40ebde,K. Dewsbury-Hall,2025-26:9,1,85.0,1,RAM,59.8,40.4,fpl_core_insights_detailed,2025-10-18T17:00:00+00:00,GW8,2b48cf65-4d25-5a9a-a759-400c8d3bfc7d,9,8,1993b39f-9a1a-5805-bce4-6ff7cb40ebde,CAM,True
fplcore:25-26-prem-nottingham-forest-vs-chelsea,5dfbea2f-beb3-54f9-ad39-1f8f81f8a323,M. Sels,2025-26:16,1,90.0,1,,7.7,47.9,fpl_core_insights_detailed,2025-10-18T14:30:00+00:00,GW8,34db734b-545d-5cfb-ad1e-af90e40c2ec3,16,8,5dfbea2f-beb3-54f9-ad39-1f8f81f8a323,GK,True
fplcore:25-26-prem-nottingham-forest-vs-chelsea,77dbedf3-49eb-53ec-8cc5-c1d344c47ca2,N. Williams,2025-26:16,1,90.0,1,RCB,52.3,34.2,fpl_core_insights_detailed,2025-10-18T14:30:00+00:00,GW8,34db734b-545d-5cfb-ad1e-af90e40c2ec3,16,8,77dbedf3-49eb-53ec-8cc5-c1d344c47ca2,RWB,True
fplcore:25-26-prem-nottingham-forest-vs-chelsea,95a48a1c-ec3e-52d7-9657-44491739dede,N. Milenković,2025-26:16,1,90.0,1,RWB,39.5,26.2,fpl_core_insights_detailed,2025-10-18T14:30:00+00:00,GW8,34db734b-545d-5cfb-ad1e-af90e40c2ec3,16,8,95a48a1c-ec3e-52d7-9657-44491739dede,RCB,True
fplcore:25-26-prem-nottingham-forest-vs-chelsea,75f6d292-641f-53ef-a822-a86d1d9c8086,D. Luiz,2025-26:16,1,52.0,1,CM,52.5,49.8,fpl_core_insights_detailed,2025-10-18T14:30:00+00:00,GW8,34db734b-545d-5cfb-ad1e-af90e40c2ec3,16,8,75f6d292-641f-53ef-a822-a86d1d9c8086,RCM,True
fplcore:25-26-prem-nottingham-forest-vs-chelsea,fc1d6631-4455-5cd1-be3d-3748e604ca74,I. Sangaré,2025-26:16,1,90.0,1,RCM,47.4,44.4,fpl_core_insights_detailed,2025-10-18T14:30:00+00:00,GW8,34db734b-545d-5cfb-ad1e-af90e40c2ec3,16,8,fc1d6631-4455-5cd1-be3d-3748e604ca74,CM,True
fplcore:25-26-prem-nottingham-forest-vs-chelsea,412fc00b-6fb5-5606-bb30-04e075a83220,R. Sánchez,2025-26:7,1,90.0,1,,11.4,50.3,fpl_core_insights_detailed,2025-10-18T14:30:00+00:00,GW8,34db734b-545d-5cfb-ad1e-af90e40c2ec3,7,8,412fc00b-6fb5-5606-bb30-04e075a83220,GK,True
fplcore:25-26-prem-sunderland-vs-wolverhampton-wanderers,17b0293a-a54d-554b-bdba-368217c87ad9,R. Roefs,2025-26:17,1,90.0,1,,8.5,51.9,fpl_core_insights_detailed,2025-10-18T17:00:00+00:00,GW8,c80a525e-d38d-53bc-84df-41edf292189a,17,8,17b0293a-a54d-554b-bdba-368217c87ad9,GK,True
fplcore:25-26-prem-sunderland-vs-wolverhampton-wanderers,66bc60f5-fa76-5fa0-a7ca-b9f126393376,G. Xhaka,2025-26:17,1,90.0,1,CAM,45.7,45.6,fpl_core_insights_detailed,2025-10-18T17:00:00+00:00,GW8,c80a525e-d38d-53bc-84df-41edf292189a,17,8,66bc60f5-fa76-5fa0-a7ca-b9f126393376,RDM,True
fplcore:25-26-prem-sunderland-vs-wolverhampton-wanderers,eeb782c9-d515-562b-b132-d07e7ac988fa,C. Rigg,2025-26:17,1,75.0,1,RDM,44.0,34.4,fpl_core_insights_detailed,2025-10-18T17:00:00+00:00,GW8,c80a525e-d38d-53bc-84df-41edf292189a,17,8,eeb782c9-d515-562b-b132-d07e7ac988fa,CAM,True
fplcore:25-26-prem-sunderland-vs-wolverhampton-wanderers,41af0355-d126-5dc9-b44e-6d3d4ad2661b,S. Johnstone,2025-26:20,1,90.0,1,,13.5,46.5,fpl_core_insights_detailed,2025-10-18T17:00:00+00:00,GW8,c80a525e-d38d-53bc-84df-41edf292189a,20,8,41af0355-d126-5dc9-b44e-6d3d4ad2661b,GK,True
fplcore:25-26-prem-tottenham-hotspur-vs-aston-villa,3c77aa9b-7767-5636-9780-0d94d829b326,G. Vicario,2025-26:18,1,90.0,1,,14.2,53.2,fpl_core_insights_detailed,2025-10-19T16:00:00+00:00,GW8,e9ab52c2-ee8b-5eab-aecf-9e615fcec97a,18,8,3c77aa9b-7767-5636-9780-0d94d829b326,GK,True
fplcore:25-26-prem-tottenham-hotspur-vs-aston-villa,db76d454-818a-5043-8d04-22e24f696027,E. Martínez,2025-26:2,1,90.0,1,,9.4,51.2,fpl_core_insights_detailed,2025-10-19T16:00:00+00:00,GW8,e9ab52c2-ee8b-5eab-aecf-9e615fcec97a,2,8,db76d454-818a-5043-8d04-22e24f696027,GK,True
fplcore:25-26-prem-west-ham-united-vs-brentford,112ec44a-8ec0-5a5a-828a-d330905abb6b,A. Aréola,2025-26:19,1,90.0,1,,9.2,48.3,fpl_core_insights_detailed,2025-10-20T22:00:00+00:00,GW8,57912503-094f-5ba9-ada2-8b1427494d87,19,8,112ec44a-8ec0-5a5a-828a-d330905abb6b,GK,True
fplcore:25-26-prem-west-ham-united-vs-brentford,ef1caf6e-67a5-53c4-afb0-2523323cbfe4,C. Summerville,2025-26:19,1,90.0,1,LAM,62.8,56.2,fpl_core_insights_detailed,2025-10-20T22:00:00+00:00,GW8,57912503-094f-5ba9-ada2-8b1427494d87,19,8,ef1caf6e-67a5-53c4-afb0-2523323cbfe4,CAM,True
fplcore:25-26-prem-west-ham-united-vs-brentford,79420363-80f0-5eb5-bef5-e1e31f62877c,M. Fernandes,2025-26:19,1,45.0,1,CAM,55.1,47.6,fpl_core_insights_detailed,2025-10-20T22:00:00+00:00,GW8,57912503-094f-5ba9-ada2-8b1427494d87,19,8,79420363-80f0-5eb5-bef5-e1e31f62877c,LAM,True
fplcore:25-26-prem-west-ham-united-vs-brentford,3cfeb2a8-cad5-5980-9946-aecc5eb2b011,C. Kelleher,2025-26:5,1,90.0,1,,9.5,49.4,fpl_core_insights_detailed,2025-10-20T22:00:00+00:00,GW8,57912503-094f-5ba9-ada2-8b1427494d87,5,8,3cfeb2a8-cad5-5980-9946-aecc5eb2b011,GK,True
fplcore:25-26-prem-afc-bournemouth-vs-nottingham-forest,aec63649-ffe1-5e88-829b-d1e462e7e679,Đ. Petrović,2025-26:4,1,90.0,1,,11.2,54.1,fpl_core_insights_detailed,2025-10-26T17:00:00+00:00,GW9,b06539bd-707a-5b11-a1dc-1b566c3fa6b1,4,9,aec63649-ffe1-5e88-829b-d1e462e7e679,GK,True
fplcore:25-26-prem-afc-bournemouth-vs-nottingham-forest,559670b7-3af4-5c20-8ab5-783da9a99601,A. Scott,2025-26:4,1,79.0,1,CAM,54.9,37.5,fpl_core_insights_detailed,2025-10-26T17:00:00+00:00,GW9,b06539bd-707a-5b11-a1dc-1b566c3fa6b1,4,9,559670b7-3af4-5c20-8ab5-783da9a99601,RDM,True
fplcore:25-26-prem-afc-bournemouth-vs-nottingham-forest,0f8b78a8-3315-50f5-8b1d-435ce1fc41ac,T. Adams,2025-26:4,1,90.0,1,RDM,41.4,68.8,fpl_core_insights_detailed,2025-10-26T17:00:00+00:00,GW9,b06539bd-707a-5b11-a1dc-1b566c3fa6b1,4,9,0f8b78a8-3315-50f5-8b1d-435ce1fc41ac,LDM,True
fplcore:25-26-prem-afc-bournemouth-vs-nottingham-forest,6f535252-3c34-5ef4-9e4b-fee2b978a96c,J. Kluivert,2025-26:4,1,68.0,1,LAM,61.6,62.4,fpl_core_insights_detailed,2025-10-26T17:00:00+00:00,GW9,b06539bd-707a-5b11-a1dc-1b566c3fa6b1,4,9,6f535252-3c34-5ef4-9e4b-fee2b978a96c,CAM,True
fplcore:25-26-prem-afc-bournemouth-vs-nottingham-forest,66ce5aaa-c0e9-5462-8a78-fae312616872,A. Semenyo,2025-26:4,1,90.0,1,LDM,53.0,85.9,fpl_core_insights_detailed,2025-10-26T17:00:00+00:00,GW9,b06539bd-707a-5b11-a1dc-1b566c3fa6b1,4,9,66ce5aaa-c0e9-5462-8a78-fae312616872,LAM,True
fplcore:25-26-prem-afc-bournemouth-vs-nottingham-forest,5dfbea2f-beb3-54f9-ad39-1f8f81f8a323,M. Sels,2025-26:16,1,90.0,1,,13.6,43.7,fpl_core_insights_detailed,2025-10-26T17:00:00+00:00,GW9,b06539bd-707a-5b11-a1dc-1b566c3fa6b1,16,9,5dfbea2f-beb3-54f9-ad39-1f8f81f8a323,GK,True
fplcore:25-26-prem-afc-bournemouth-vs-nottingham-forest,45ca4681-2d1e-540f-9f02-6746fdcaae79,D. Ndoye,2025-26:16,1,82.0,1,CAM,51.2,44.2,fpl_core_insights_detailed,2025-10-26T17:00:00+00:00,GW9,b06539bd-707a-5b11-a1dc-1b566c3fa6b1,16,9,45ca4681-2d1e-540f-9f02-6746fdcaae79,RAM,True
fplcore:25-26-prem-afc-bournemouth-vs-nottingham-forest,68e23e27-5010-5c05-a3bd-23e48be32b93,M. Gibbs-White,2025-26:16,1,88.0,1,RAM,63.0,37.2,fpl_core_insights_detailed,2025-10-26T17:00:00+00:00,GW9,b06539bd-707a-5b11-a1dc-1b566c3fa6b1,16,9,68e23e27-5010-5c05-a3bd-23e48be32b93,CAM,True
fplcore:25-26-prem-arsenal-vs-crystal-palace,9ac55e79-9cb2-5ac5-ae8c-6a2ebd620277,D. Raya,2025-26:1,1,90.0,1,,15.1,46.9,fpl_core_insights_detailed,2025-10-26T17:00:00+00:00,GW9,fd245624-3ee1-5d09-921c-317503fc5e42,1,9,9ac55e79-9cb2-5ac5-ae8c-6a2ebd620277,GK,True
fplcore:25-26-prem-arsenal-vs-crystal-palace,4e7d3349-c869-51f6-a9f2-e86405e21be5,D. Henderson,2025-26:8,1,90.0,1,,11.7,52.7,fpl_core_insights_detailed,2025-10-26T17:00:00+00:00,GW9,fd245624-3ee1-5d09-921c-317503fc5e42,8,9,4e7d3349-c869-51f6-a9f2-e86405e21be5,GK,True
fplcore:25-26-prem-aston-villa-vs-manchester-city,db76d454-818a-5043-8d04-22e24f696027,E. Martínez,2025-26:2,1,90.0,1,,9.0,49.0,fpl_core_insights_detailed,2025-10-26T17:00:00+00:00,GW9,28570c7a-3a19-531f-bbd5-1965d97c9aa1,2,9,db76d454-818a-5043-8d04-22e24f696027,GK,True
fplcore:25-26-prem-aston-villa-vs-manchester-city,67859d1e-575f-5ae4-aa8d-8f36bd11696e,G. Donnarumma,2025-26:13,1,90.0,1,,10.8,51.1,fpl_core_insights_detailed,2025-10-26T17:00:00+00:00,GW9,28570c7a-3a19-531f-bbd5-1965d97c9aa1,13,9,67859d1e-575f-5ae4-aa8d-8f36bd11696e,GK,True
fplcore:25-26-prem-brentford-vs-liverpool,3cfeb2a8-cad5-5980-9946-aecc5eb2b011,C. Kelleher,2025-26:5,1,90.0,1,,8.9,49.5,fpl_core_insights_detailed,2025-10-25T22:00:00+00:00,GW9,74c6adc1-1b57-575a-9642-12d9f0fd6a25,5,9,3cfeb2a8-cad5-5980-9946-aecc5eb2b011,GK,True
fplcore:25-26-prem-brentford-vs-liverpool,68341849-eb35-5296-a270-848df8393917,M. Kayode,2025-26:5,1,90.0,1,RCB,48.0,36.0,fpl_core_insights_detailed,2025-10-25T22:00:00+00:00,GW9,74c6adc1-1b57-575a-9642-12d9f0fd6a25,5,9,68341849-eb35-5296-a270-848df8393917,RB,True
fplcore:25-26-prem-brentford-vs-liverpool,bb04fd88-02f4-5b58-a126-01b07e773bd8,N. Collins,2025-26:5,1,90.0,1,RB,34.4,36.0,fpl_core_insights_detailed,2025-10-25T22:00:00+00:00,GW9,74c6adc1-1b57-575a-9642-12d9f0fd6a25,5,9,bb04fd88-02f4-5b58-a126-01b07e773bd8,RCB,True
fplcore:25-26-prem-brentford-vs-liverpool,f2831f63-18d0-5405-9349-288d723614fe,G. Mamardashvili,2025-26:12,1,90.0,1,,11.9,47.0,fpl_core_insights_detailed,2025-10-25T22:00:00+00:00,GW9,74c6adc1-1b57-575a-9642-12d9f0fd6a25,12,9,f2831f63-18d0-5405-9349-288d723614fe,GK,True
fplcore:25-26-prem-chelsea-vs-sunderland,412fc00b-6fb5-5606-bb30-04e075a83220,R. Sánchez,2025-26:7,1,90.0,1,,11.0,48.5,fpl_core_insights_detailed,2025-10-25T17:00:00+00:00,GW9,adf9635f-5d8e-5876-88b2-8aa59e680855,7,9,412fc00b-6fb5-5606-bb30-04e075a83220,GK,True
fplcore:25-26-prem-chelsea-vs-sunderland,c92d55cb-06d1-553d-aad7-f64c0de898a5,M. Caicedo,2025-26:7,1,90.0,1,LDM,50.0,55.7,fpl_core_insights_detailed,2025-10-25T17:00:00+00:00,GW9,adf9635f-5d8e-5876-88b2-8aa59e680855,7,9,c92d55cb-06d1-553d-aad7-f64c0de898a5,RDM,True
fplcore:25-26-prem-chelsea-vs-sunderland,5b51fc3a-1f45-56e1-9ecc-0bda87474227,E. Fernández,2025-26:7,1,90.0,1,RDM,56.8,34.3,fpl_core_insights_detailed,2025-10-25T17:00:00+00:00,GW9,adf9635f-5d8e-5876-88b2-8aa59e680855,7,9,5b51fc3a-1f45-56e1-9ecc-0bda87474227,LDM,True
fplcore:25-26-prem-chelsea-vs-sunderland,17b0293a-a54d-554b-bdba-368217c87ad9,R. Roefs,2025-26:17,1,90.0,1,,9.3,53.3,fpl_core_insights_detailed,2025-10-25T17:00:00+00:00,GW9,adf9635f-5d8e-5876-88b2-8aa59e680855,17,9,17b0293a-a54d-554b-bdba-368217c87ad9,GK,True
fplcore:25-26-prem-chelsea-vs-sunderland,2e06beff-d060-52c5-b090-ef85e142bc03,T. Hume,2025-26:17,1,90.0,1,RCB,46.9,29.0,fpl_core_insights_detailed,2025-10-25T17:00:00+00:00,GW9,adf9635f-5d8e-5876-88b2-8aa59e680855,17,9,2e06beff-d060-52c5-b090-ef85e142bc03,RWB,True
fplcore:25-26-prem-chelsea-vs-sunderland,53bfdbe9-b833-5ee6-b24f-4b838a2a0fa6,N. Mukiele,2025-26:17,1,90.0,1,RWB,40.2,27.9,fpl_core_insights_detailed,2025-10-25T17:00:00+00:00,GW9,adf9635f-5d8e-5876-88b2-8aa59e680855,17,9,53bfdbe9-b833-5ee6-b24f-4b838a2a0fa6,RCB,True
fplcore:25-26-prem-everton-vs-tottenham-hotspur,57881605-ab70-5c0d-865f-433201de3f6f,J. Pickford,2025-26:9,1,90.0,1,,16.6,54.1,fpl_core_insights_detailed,2025-10-26T19:30:00+00:00,GW9,a44b16e0-cf49-5c9a-b87e-dc90fcedd3ef,9,9,57881605-ab70-5c0d-865f-433201de3f6f,GK,True
fplcore:25-26-prem-everton-vs-tottenham-hotspur,3c77aa9b-7767-5636-9780-0d94d829b326,G. Vicario,2025-26:18,1,90.0,1,,8.8,52.1,fpl_core_insights_detailed,2025-10-26T19:30:00+00:00,GW9,a44b16e0-cf49-5c9a-b87e-dc90fcedd3ef,18,9,3c77aa9b-7767-5636-9780-0d94d829b326,GK,True
fplcore:25-26-prem-leeds-united-vs-west-ham-united,542e61a7-899c-5785-91c5-c76ab1e53e2d,L. Perri,2025-26:11,1,90.0,1,,10.9,49.2,fpl_core_insights_detailed,2025-10-24T22:00:00+00:00,GW9,64cd2e61-b656-5e30-82ea-e75fabea60a2,11,9,542e61a7-899c-5785-91c5-c76ab1e53e2d,GK,True
fplcore:25-26-prem-leeds-united-vs-west-ham-united,112ec44a-8ec0-5a5a-828a-d330905abb6b,A. Aréola,2025-26:19,1,90.0,1,,9.2,47.9,fpl_core_insights_detailed,2025-10-24T22:00:00+00:00,GW9,64cd2e61-b656-5e30-82ea-e75fabea60a2,19,9,112ec44a-8ec0-5a5a-828a-d330905abb6b,GK,True
fplcore:25-26-prem-leeds-united-vs-west-ham-united,bb9f5ed9-455a-5a73-a068-c865110bd21e,M. Kilman,2025-26:19,1,90.0,1,LCB,36.2,67.7,fpl_core_insights_detailed,2025-10-24T22:00:00+00:00,GW9,64cd2e61-b656-5e30-82ea-e75fabea60a2,19,9,bb9f5ed9-455a-5a73-a068-c865110bd21e,CB,True
fplcore:25-26-prem-leeds-united-vs-west-ham-united,35ad91b8-a753-5dab-beac-21a352e5cb13,A. Wan-Bissaka,2025-26:19,1,78.0,1,CB,51.5,32.4,fpl_core_insights_detailed,2025-10-24T22:00:00+00:00,GW9,64cd2e61-b656-5e30-82ea-e75fabea60a2,19,9,35ad91b8-a753-5dab-beac-21a352e5cb13,LCB,True
fplcore:25-26-prem-leeds-united-vs-west-ham-united,ef1caf6e-67a5-53c4-afb0-2523323cbfe4,C. Summerville,2025-26:19,1,78.0,1,LW,62.2,73.0,fpl_core_insights_detailed,2025-10-24T22:00:00+00:00,GW9,64cd2e61-b656-5e30-82ea-e75fabea60a2,19,9,ef1caf6e-67a5-53c4-afb0-2523323cbfe4,RW,True
fplcore:25-26-prem-leeds-united-vs-west-ham-united,4e68227a-9577-5c26-99fa-8a519b052582,J. Bowen,2025-26:19,1,90.0,1,RW,65.0,27.0,fpl_core_insights_detailed,2025-10-24T22:00:00+00:00,GW9,64cd2e61-b656-5e30-82ea-e75fabea60a2,19,9,4e68227a-9577-5c26-99fa-8a519b052582,LW,True
fplcore:25-26-prem-manchester-united-vs-brighton-hove-albion,63a30902-aa79-59d2-bbc6-903ff41e54dc,S. Lammens,2025-26:14,1,90.0,1,,8.4,48.8,fpl_core_insights_detailed,2025-10-25T19:30:00+00:00,GW9,f45853d2-3aaa-5d44-b99e-620d9c68a34c,14,9,63a30902-aa79-59d2-bbc6-903ff41e54dc,GK,True
fplcore:25-26-prem-manchester-united-vs-brighton-hove-albion,65910bcc-31a9-56bb-ba12-74e687cd31ec,A. Diallo,2025-26:14,1,69.0,1,RAM,59.0,15.3,fpl_core_insights_detailed,2025-10-25T19:30:00+00:00,GW9,f45853d2-3aaa-5d44-b99e-620d9c68a34c,14,9,65910bcc-31a9-56bb-ba12-74e687cd31ec,RWB,True
fplcore:25-26-prem-manchester-united-vs-brighton-hove-albion,e037fafa-e08a-50a4-8014-a43e6c2d13a4,Casemiro,2025-26:14,1,69.0,1,RWB,53.3,48.1,fpl_core_insights_detailed,2025-10-25T19:30:00+00:00,GW9,f45853d2-3aaa-5d44-b99e-620d9c68a34c,14,9,e037fafa-e08a-50a4-8014-a43e6c2d13a4,RCM,True
fplcore:25-26-prem-manchester-united-vs-brighton-hove-albion,8b26f624-9357-5669-9698-f5fda36d4e75,B. Fernandes,2025-26:14,1,90.0,1,RCM,56.2,59.2,fpl_core_insights_detailed,2025-10-25T19:30:00+00:00,GW9,f45853d2-3aaa-5d44-b99e-620d9c68a34c,14,9,8b26f624-9357-5669-9698-f5fda36d4e75,LCM,True
fplcore:25-26-prem-manchester-united-vs-brighton-hove-albion,8d2526be-436d-5cc9-ac87-685d6e1cc27c,D. Dalot,2025-26:14,1,90.0,1,LCM,53.8,67.7,fpl_core_insights_detailed,2025-10-25T19:30:00+00:00,GW9,f45853d2-3aaa-5d44-b99e-620d9c68a34c,14,9,8d2526be-436d-5cc9-ac87-685d6e1cc27c,LWB,True
fplcore:25-26-prem-manchester-united-vs-brighton-hove-albion,be977983-b55e-52b9-96d5-b98b8b42edbb,B. Mbeumo,2025-26:14,1,90.0,1,LAM,59.1,30.4,fpl_core_insights_detailed,2025-10-25T19:30:00+00:00,GW9,f45853d2-3aaa-5d44-b99e-620d9c68a34c,14,9,be977983-b55e-52b9-96d5-b98b8b42edbb,RAM,True
fplcore:25-26-prem-manchester-united-vs-brighton-hove-albion,1b9763d0-3c26-574c-9903-2c98b8431990,M. Cunha,2025-26:14,1,81.0,1,LWB,55.5,74.5,fpl_core_insights_detailed,2025-10-25T19:30:00+00:00,GW9,f45853d2-3aaa-5d44-b99e-620d9c68a34c,14,9,1b9763d0-3c26-574c-9903-2c98b8431990,LAM,True
fplcore:25-26-prem-manchester-united-vs-brighton-hove-albion,9720eb96-9da3-5717-9ed4-45874361e243,B. Verbruggen,2025-26:6,1,90.0,1,,8.9,49.3,fpl_core_insights_detailed,2025-10-25T19:30:00+00:00,GW9,f45853d2-3aaa-5d44-b99e-620d9c68a34c,6,9,9720eb96-9da3-5717-9ed4-45874361e243,GK,True
fplcore:25-26-prem-manchester-united-vs-brighton-hove-albion,962c06ed-3fb4-5908-98c9-be26b5491e6c,F. Kadıoğlu,2025-26:6,1,90.0,1,LAM,56.5,44.7,fpl_core_insights_detailed,2025-10-25T19:30:00+00:00,GW9,f45853d2-3aaa-5d44-b99e-620d9c68a34c,6,9,962c06ed-3fb4-5908-98c9-be26b5491e6c,RAM,True
fplcore:25-26-prem-manchester-united-vs-brighton-hove-albion,f6f6439f-07ed-5fba-988d-36a0c8ad3580,Y. Minteh,2025-26:6,1,90.0,1,RAM,68.5,36.2,fpl_core_insights_detailed,2025-10-25T19:30:00+00:00,GW9,f45853d2-3aaa-5d44-b99e-620d9c68a34c,6,9,f6f6439f-07ed-5fba-988d-36a0c8ad3580,LAM,True
fplcore:25-26-prem-newcastle-united-vs-fulham,00be15e9-135e-5a79-956f-cd70f121b4b0,N. Pope,2025-26:15,1,90.0,1,,11.9,48.6,fpl_core_insights_detailed,2025-10-25T17:00:00+00:00,GW9,bc2e5881-78b4-5bad-a141-dc94200ffb2b,15,9,00be15e9-135e-5a79-956f-cd70f121b4b0,GK,True
fplcore:25-26-prem-newcastle-united-vs-fulham,83056bd2-b742-5b28-b32d-8ba4a3902c61,B. Leno,2025-26:10,1,90.0,1,,9.4,49.8,fpl_core_insights_detailed,2025-10-25T17:00:00+00:00,GW9,bc2e5881-78b4-5bad-a141-dc94200ffb2b,10,9,83056bd2-b742-5b28-b32d-8ba4a3902c61,GK,True
fplcore:25-26-prem-wolverhampton-wanderers-vs-burnley,41af0355-d126-5dc9-b44e-6d3d4ad2661b,S. Johnstone,2025-26:20,1,90.0,1,,14.7,51.5,fpl_core_insights_detailed,2025-10-26T17:00:00+00:00,GW9,79cc9c3d-6e1f-5a26-9dd2-be6d89e2bf4f,20,9,41af0355-d126-5dc9-b44e-6d3d4ad2661b,GK,True
fplcore:25-26-prem-wolverhampton-wanderers-vs-burnley,148b32f1-d60d-5cdd-9ffe-a5938fcb8671,M. Dúbravka,2025-26:3,1,90.0,1,,9.1,47.1,fpl_core_insights_detailed,2025-10-26T17:00:00+00:00,GW9,79cc9c3d-6e1f-5a26-9dd2-be6d89e2bf4f,3,9,148b32f1-d60d-5cdd-9ffe-a5938fcb8671,GK,True
fplcore:25-26-prem-brighton-hove-albion-vs-leeds-united,9720eb96-9da3-5717-9ed4-45874361e243,B. Verbruggen,2025-26:6,1,90.0,1,,11.5,47.8,fpl_core_insights_detailed,2025-11-01T18:00:00+00:00,GW10,ec47426a-04b0-574d-8cd6-b8385d7eaf0f,6,10,9720eb96-9da3-5717-9ed4-45874361e243,GK,True
fplcore:25-26-prem-brighton-hove-albion-vs-leeds-united,542e61a7-899c-5785-91c5-c76ab1e53e2d,L. Perri,2025-26:11,1,90.0,1,,9.9,49.0,fpl_core_insights_detailed,2025-11-01T18:00:00+00:00,GW10,ec47426a-04b0-574d-8cd6-b8385d7eaf0f,11,10,542e61a7-899c-5785-91c5-c76ab1e53e2d,GK,True
fplcore:25-26-prem-burnley-vs-arsenal,148b32f1-d60d-5cdd-9ffe-a5938fcb8671,M. Dúbravka,2025-26:3,1,90.0,1,,8.6,48.8,fpl_core_insights_detailed,2025-11-01T18:00:00+00:00,GW10,bf5bc28a-6223-55ae-8e6c-7d2cc1a981f8,3,10,148b32f1-d60d-5cdd-9ffe-a5938fcb8671,GK,True
fplcore:25-26-prem-burnley-vs-arsenal,9ac55e79-9cb2-5ac5-ae8c-6a2ebd620277,D. Raya,2025-26:1,1,90.0,1,,15.3,52.0,fpl_core_insights_detailed,2025-11-01T18:00:00+00:00,GW10,bf5bc28a-6223-55ae-8e6c-7d2cc1a981f8,1,10,9ac55e79-9cb2-5ac5-ae8c-6a2ebd620277,GK,True
fplcore:25-26-prem-burnley-vs-arsenal,79caa72c-19b1-5ed2-9eea-49bec88916b3,E. Eze,2025-26:1,1,71.0,1,CM,53.5,57.8,fpl_core_insights_detailed,2025-11-01T18:00:00+00:00,GW10,bf5bc28a-6223-55ae-8e6c-7d2cc1a981f8,1,10,79caa72c-19b1-5ed2-9eea-49bec88916b3,RCM,True
fplcore:25-26-prem-burnley-vs-arsenal,7844404e-dd2c-5f68-9390-675ab60be346,M. Zubimendi,2025-26:1,1,76.0,1,RCM,49.5,41.1,fpl_core_insights_detailed,2025-11-01T18:00:00+00:00,GW10,bf5bc28a-6223-55ae-8e6c-7d2cc1a981f8,1,10,7844404e-dd2c-5f68-9390-675ab60be346,CM,True
fplcore:25-26-prem-crystal-palace-vs-brentford,4e7d3349-c869-51f6-a9f2-e86405e21be5,D. Henderson,2025-26:8,1,90.0,1,,11.4,47.2,fpl_core_insights_detailed,2025-11-01T18:00:00+00:00,GW10,fb86e7aa-4c57-559f-b931-087772451dd3,8,10,4e7d3349-c869-51f6-a9f2-e86405e21be5,GK,True
fplcore:25-26-prem-crystal-palace-vs-brentford,3cfeb2a8-cad5-5980-9946-aecc5eb2b011,C. Kelleher,2025-26:5,1,90.0,1,,11.9,50.1,fpl_core_insights_detailed,2025-11-01T18:00:00+00:00,GW10,fb86e7aa-4c57-559f-b931-087772451dd3,5,10,3cfeb2a8-cad5-5980-9946-aecc5eb2b011,GK,True
fplcore:25-26-prem-crystal-palace-vs-brentford,3dabd7b1-0f28-5272-86ae-4c5392e1aa45,S. van den Berg,2025-26:5,1,90.0,1,LB,33.4,67.7,fpl_core_insights_detailed,2025-11-01T18:00:00+00:00,GW10,fb86e7aa-4c57-559f-b931-087772451dd3,5,10,3dabd7b1-0f28-5272-86ae-4c5392e1aa45,LCB,True
fplcore:25-26-prem-crystal-palace-vs-brentford,0fc3de1a-eecc-53a7-b727-451560c890d1,K. Ajer,2025-26:5,1,90.0,1,LCB,45.9,66.1,fpl_core_insights_detailed,2025-11-01T18:00:00+00:00,GW10,fb86e7aa-4c57-559f-b931-087772451dd3,5,10,0fc3de1a-eecc-53a7-b727-451560c890d1,LB,True
fplcore:25-26-prem-fulham-vs-wolverhampton-wanderers,83056bd2-b742-5b28-b32d-8ba4a3902c61,B. Leno,2025-26:10,1,90.0,1,,9.9,51.5,fpl_core_insights_detailed,2025-11-01T18:00:00+00:00,GW10,e0cbb00e-99c0-50b7-9184-1dbbf6186168,10,10,83056bd2-b742-5b28-b32d-8ba4a3902c61,GK,True
fplcore:25-26-prem-fulham-vs-wolverhampton-wanderers,bf6c1651-0779-512e-9c37-3b8ac8c14714,A. Iwobi,2025-26:10,1,88.0,1,CAM,55.8,73.9,fpl_core_insights_detailed,2025-11-01T18:00:00+00:00,GW10,e0cbb00e-99c0-50b7-9184-1dbbf6186168,10,10,bf6c1651-0779-512e-9c37-3b8ac8c14714,RDM,True
fplcore:25-26-prem-fulham-vs-wolverhampton-wanderers,9f1ab4dd-f86c-5749-967d-c8f0fbfe15f7,J. King,2025-26:10,1,71.0,1,RDM,55.8,34.4,fpl_core_insights_detailed,2025-11-01T18:00:00+00:00,GW10,e0cbb00e-99c0-50b7-9184-1dbbf6186168,10,10,9f1ab4dd-f86c-5749-967d-c8f0fbfe15f7,CAM,True
fplcore:25-26-prem-fulham-vs-wolverhampton-wanderers,41af0355-d126-5dc9-b44e-6d3d4ad2661b,S. Johnstone,2025-26:20,1,90.0,1,,11.4,49.7,fpl_core_insights_detailed,2025-11-01T18:00:00+00:00,GW10,e0cbb00e-99c0-50b7-9184-1dbbf6186168,20,10,41af0355-d126-5dc9-b44e-6d3d4ad2661b,GK,True
fplcore:25-26-prem-fulham-vs-wolverhampton-wanderers,aa986b3e-e0d4-5c58-b3da-46a8810d3ca9,L. Krejčí,2025-26:20,1,90.0,1,LCM,39.9,60.4,fpl_core_insights_detailed,2025-11-01T18:00:00+00:00,GW10,e0cbb00e-99c0-50b7-9184-1dbbf6186168,20,10,aa986b3e-e0d4-5c58-b3da-46a8810d3ca9,CM,True
fplcore:25-26-prem-fulham-vs-wolverhampton-wanderers,8c70bef4-3e5d-5879-ade5-43db59c91c76,M. Munetsi,2025-26:20,1,90.0,1,CM,54.6,40.7,fpl_core_insights_detailed,2025-11-01T18:00:00+00:00,GW10,e0cbb00e-99c0-50b7-9184-1dbbf6186168,20,10,8c70bef4-3e5d-5879-ade5-43db59c91c76,LCM,True
fplcore:25-26-prem-liverpool-vs-aston-villa,f2831f63-18d0-5405-9349-288d723614fe,G. Mamardashvili,2025-26:12,1,90.0,1,,9.3,47.7,fpl_core_insights_detailed,2025-11-01T23:00:00+00:00,GW10,ea659522-409c-5985-8c92-40b4f5b2e384,12,10,f2831f63-18d0-5405-9349-288d723614fe,GK,True
fplcore:25-26-prem-liverpool-vs-aston-villa,db76d454-818a-5043-8d04-22e24f696027,E. Martínez,2025-26:2,1,90.0,1,,8.3,49.4,fpl_core_insights_detailed,2025-11-01T23:00:00+00:00,GW10,ea659522-409c-5985-8c92-40b4f5b2e384,2,10,db76d454-818a-5043-8d04-22e24f696027,GK,True
fplcore:25-26-prem-manchester-city-vs-afc-bournemouth,67859d1e-575f-5ae4-aa8d-8f36bd11696e,G. Donnarumma,2025-26:13,1,90.0,1,,10.1,47.7,fpl_core_insights_detailed,2025-11-02T19:30:00+00:00,GW10,5beec2bf-b5f6-50c6-bc15-d6ba7f0e1945,13,10,67859d1e-575f-5ae4-aa8d-8f36bd11696e,GK,True
fplcore:25-26-prem-manchester-city-vs-afc-bournemouth,70198e6a-5cf9-5344-a2c0-f1b71dfeeb5f,B. Silva,2025-26:13,1,89.0,1,CM,50.0,41.1,fpl_core_insights_detailed,2025-11-02T19:30:00+00:00,GW10,5beec2bf-b5f6-50c6-bc15-d6ba7f0e1945,13,10,70198e6a-5cf9-5344-a2c0-f1b71dfeeb5f,RCM,True
fplcore:25-26-prem-manchester-city-vs-afc-bournemouth,a5ac6603-1c8f-569d-acdb-bba58bd047c8,N. González,2025-26:13,1,90.0,1,LCM,45.6,47.5,fpl_core_insights_detailed,2025-11-02T19:30:00+00:00,GW10,5beec2bf-b5f6-50c6-bc15-d6ba7f0e1945,13,10,a5ac6603-1c8f-569d-acdb-bba58bd047c8,CM,True
fplcore:25-26-prem-manchester-city-vs-afc-bournemouth,f717009d-d433-5fa0-9cf5-1e081478a8f1,P. Foden,2025-26:13,1,89.0,1,RAM,63.1,50.0,fpl_core_insights_detailed,2025-11-02T19:30:00+00:00,GW10,5beec2bf-b5f6-50c6-bc15-d6ba7f0e1945,13,10,f717009d-d433-5fa0-9cf5-1e081478a8f1,LCM,True
fplcore:25-26-prem-manchester-city-vs-afc-bournemouth,eebb4710-6fe9-53e9-81e0-a650547126a0,R. Cherki,2025-26:13,1,72.0,1,RCM,58.9,28.9,fpl_core_insights_detailed,2025-11-02T19:30:00+00:00,GW10,5beec2bf-b5f6-50c6-bc15-d6ba7f0e1945,13,10,eebb4710-6fe9-53e9-81e0-a650547126a0,RAM,True
fplcore:25-26-prem-manchester-city-vs-afc-bournemouth,aec63649-ffe1-5e88-829b-d1e462e7e679,Đ. Petrović,2025-26:4,1,90.0,1,,10.0,48.9,fpl_core_insights_detailed,2025-11-02T19:30:00+00:00,GW10,5beec2bf-b5f6-50c6-bc15-d6ba7f0e1945,4,10,aec63649-ffe1-5e88-829b-d1e462e7e679,GK,True
fplcore:25-26-prem-manchester-city-vs-afc-bournemouth,0f8b78a8-3315-50f5-8b1d-435ce1fc41ac,T. Adams,2025-26:4,1,79.0,1,LDM,46.7,65.6,fpl_core_insights_detailed,2025-11-02T19:30:00+00:00,GW10,5beec2bf-b5f6-50c6-bc15-d6ba7f0e1945,4,10,0f8b78a8-3315-50f5-8b1d-435ce1fc41ac,RDM,True
fplcore:25-26-prem-manchester-city-vs-afc-bournemouth,559670b7-3af4-5c20-8ab5-783da9a99601,A. Scott,2025-26:4,1,72.0,1,RDM,51.8,50.3,fpl_core_insights_detailed,2025-11-02T19:30:00+00:00,GW10,5beec2bf-b5f6-50c6-bc15-d6ba7f0e1945,4,10,559670b7-3af4-5c20-8ab5-783da9a99601,LDM,True
fplcore:25-26-prem-nottingham-forest-vs-manchester-united,5dfbea2f-beb3-54f9-ad39-1f8f81f8a323,M. Sels,2025-26:16,1,90.0,1,,12.2,46.9,fpl_core_insights_detailed,2025-11-01T18:00:00+00:00,GW10,ce9cbcb2-e611-522c-886c-f63629a2d377,16,10,5dfbea2f-beb3-54f9-ad39-1f8f81f8a323,GK,True
fplcore:25-26-prem-nottingham-forest-vs-manchester-united,75f6d292-641f-53ef-a822-a86d1d9c8086,D. Luiz,2025-26:16,1,13.0,1,LDM,45.2,60.0,fpl_core_insights_detailed,2025-11-01T18:00:00+00:00,GW10,ce9cbcb2-e611-522c-886c-f63629a2d377,16,10,75f6d292-641f-53ef-a822-a86d1d9c8086,RDM,True
fplcore:25-26-prem-nottingham-forest-vs-manchester-united,89ca84c0-8f48-5f1a-913d-799d45f1691e,E. Anderson,2025-26:16,1,90.0,1,RDM,51.4,52.4,fpl_core_insights_detailed,2025-11-01T18:00:00+00:00,GW10,ce9cbcb2-e611-522c-886c-f63629a2d377,16,10,89ca84c0-8f48-5f1a-913d-799d45f1691e,LDM,True
fplcore:25-26-prem-nottingham-forest-vs-manchester-united,63a30902-aa79-59d2-bbc6-903ff41e54dc,S. Lammens,2025-26:14,1,90.0,1,,10.2,50.1,fpl_core_insights_detailed,2025-11-01T18:00:00+00:00,GW10,ce9cbcb2-e611-522c-886c-f63629a2d377,14,10,63a30902-aa79-59d2-bbc6-903ff41e54dc,GK,True
fplcore:25-26-prem-nottingham-forest-vs-manchester-united,e037fafa-e08a-50a4-8014-a43e6c2d13a4,Casemiro,2025-26:14,1,90.0,1,RAM,50.2,45.4,fpl_core_insights_detailed,2025-11-01T18:00:00+00:00,GW10,ce9cbcb2-e611-522c-886c-f63629a2d377,14,10,e037fafa-e08a-50a4-8014-a43e6c2d13a4,RCM,True
fplcore:25-26-prem-nottingham-forest-vs-manchester-united,8b26f624-9357-5669-9698-f5fda36d4e75,B. Fernandes,2025-26:14,1,90.0,1,RCM,47.3,60.2,fpl_core_insights_detailed,2025-11-01T18:00:00+00:00,GW10,ce9cbcb2-e611-522c-886c-f63629a2d377,14,10,8b26f624-9357-5669-9698-f5fda36d4e75,LCM,True
fplcore:25-26-prem-nottingham-forest-vs-manchester-united,be977983-b55e-52b9-96d5-b98b8b42edbb,B. Mbeumo,2025-26:14,1,90.0,1,ST,60.4,33.9,fpl_core_insights_detailed,2025-11-01T18:00:00+00:00,GW10,ce9cbcb2-e611-522c-886c-f63629a2d377,14,10,be977983-b55e-52b9-96d5-b98b8b42edbb,RAM,True
fplcore:25-26-prem-nottingham-forest-vs-manchester-united,1b9763d0-3c26-574c-9903-2c98b8431990,M. Cunha,2025-26:14,1,90.0,1,LCM,49.7,70.9,fpl_core_insights_detailed,2025-11-01T18:00:00+00:00,GW10,ce9cbcb2-e611-522c-886c-f63629a2d377,14,10,1b9763d0-3c26-574c-9903-2c98b8431990,LAM,True
fplcore:25-26-prem-nottingham-forest-vs-manchester-united,f2eb0907-28df-5daf-b912-aec135508e38,B. Šeško,2025-26:14,1,90.0,1,LAM,59.1,54.6,fpl_core_insights_detailed,2025-11-01T18:00:00+00:00,GW10,ce9cbcb2-e611-522c-886c-f63629a2d377,14,10,f2eb0907-28df-5daf-b912-aec135508e38,ST,True
fplcore:25-26-prem-sunderland-vs-everton,17b0293a-a54d-554b-bdba-368217c87ad9,R. Roefs,2025-26:17,1,90.0,1,,14.5,52.8,fpl_core_insights_detailed,2025-11-03T23:00:00+00:00,GW10,468437fd-15f2-5b12-8d28-2874ec3c9aac,17,10,17b0293a-a54d-554b-bdba-368217c87ad9,GK,True
fplcore:25-26-prem-sunderland-vs-everton,57881605-ab70-5c0d-865f-433201de3f6f,J. Pickford,2025-26:9,1,90.0,1,,16.0,57.6,fpl_core_insights_detailed,2025-11-03T23:00:00+00:00,GW10,468437fd-15f2-5b12-8d28-2874ec3c9aac,9,10,57881605-ab70-5c0d-865f-433201de3f6f,GK,True
fplcore:25-26-prem-sunderland-vs-everton,d0fb5815-b17b-56d0-869e-d0e8910ab751,I. Gueye,2025-26:9,1,90.0,1,LDM,41.0,54.7,fpl_core_insights_detailed,2025-11-03T23:00:00+00:00,GW10,468437fd-15f2-5b12-8d28-2874ec3c9aac,9,10,d0fb5815-b17b-56d0-869e-d0e8910ab751,RDM,True
fplcore:25-26-prem-sunderland-vs-everton,444bfe5b-015a-5ec2-ac21-34fd780e0aa5,J. Garner,2025-26:9,1,90.0,1,RDM,48.0,44.6,fpl_core_insights_detailed,2025-11-03T23:00:00+00:00,GW10,468437fd-15f2-5b12-8d28-2874ec3c9aac,9,10,444bfe5b-015a-5ec2-ac21-34fd780e0aa5,LDM,True
fplcore:25-26-prem-tottenham-hotspur-vs-chelsea,3c77aa9b-7767-5636-9780-0d94d829b326,G. Vicario,2025-26:18,1,90.0,1,,12.0,52.1,fpl_core_insights_detailed,2025-11-01T20:30:00+00:00,GW10,8c589b46-4136-5125-99c0-7ffcc38e7da0,18,10,3c77aa9b-7767-5636-9780-0d94d829b326,GK,True
fplcore:25-26-prem-tottenham-hotspur-vs-chelsea,c13afcac-5201-5504-affd-a886825266d4,M. van de Ven,2025-26:18,1,90.0,1,LB,31.8,71.9,fpl_core_insights_detailed,2025-11-01T20:30:00+00:00,GW10,8c589b46-4136-5125-99c0-7ffcc38e7da0,18,10,c13afcac-5201-5504-affd-a886825266d4,LCB,True
fplcore:25-26-prem-tottenham-hotspur-vs-chelsea,2eec990a-7277-5fb6-b8c8-10423fefbb47,D. Spence,2025-26:18,1,90.0,1,LCB,42.7,64.2,fpl_core_insights_detailed,2025-11-01T20:30:00+00:00,GW10,8c589b46-4136-5125-99c0-7ffcc38e7da0,18,10,2eec990a-7277-5fb6-b8c8-10423fefbb47,LB,True
fplcore:25-26-prem-tottenham-hotspur-vs-chelsea,27ff0ef1-a31f-5e26-bb7d-035a4248bad2,R. Bentancur,2025-26:18,1,59.0,1,LAM,50.0,56.6,fpl_core_insights_detailed,2025-11-01T20:30:00+00:00,GW10,8c589b46-4136-5125-99c0-7ffcc38e7da0,18,10,27ff0ef1-a31f-5e26-bb7d-035a4248bad2,LDM,True
fplcore:25-26-prem-tottenham-hotspur-vs-chelsea,e85a3c19-e5b4-542c-b4a1-85edbb700d53,P. M. Sarr,2025-26:18,1,90.0,1,LDM,45.7,42.1,fpl_core_insights_detailed,2025-11-01T20:30:00+00:00,GW10,8c589b46-4136-5125-99c0-7ffcc38e7da0,18,10,e85a3c19-e5b4-542c-b4a1-85edbb700d53,CAM,True
fplcore:25-26-prem-tottenham-hotspur-vs-chelsea,99c5358b-6b7a-567b-a6ef-22541e365423,L. Bergvall,2025-26:18,1,6.0,1,CAM,54.0,42.5,fpl_core_insights_detailed,2025-11-01T20:30:00+00:00,GW10,8c589b46-4136-5125-99c0-7ffcc38e7da0,18,10,99c5358b-6b7a-567b-a6ef-22541e365423,LAM,True
fplcore:25-26-prem-tottenham-hotspur-vs-chelsea,412fc00b-6fb5-5606-bb30-04e075a83220,R. Sánchez,2025-26:7,1,90.0,1,,12.7,49.7,fpl_core_insights_detailed,2025-11-01T20:30:00+00:00,GW10,8c589b46-4136-5125-99c0-7ffcc38e7da0,7,10,412fc00b-6fb5-5606-bb30-04e075a83220,GK,True
fplcore:25-26-prem-west-ham-united-vs-newcastle-united,112ec44a-8ec0-5a5a-828a-d330905abb6b,A. Aréola,2025-26:19,1,90.0,1,,8.4,52.2,fpl_core_insights_detailed,2025-11-02T17:00:00+00:00,GW10,6932bbb6-2780-5e90-9241-e67f61154129,19,10,112ec44a-8ec0-5a5a-828a-d330905abb6b,GK,True
fplcore:25-26-prem-west-ham-united-vs-newcastle-united,00be15e9-135e-5a79-956f-cd70f121b4b0,N. Pope,2025-26:15,1,90.0,1,,10.4,50.1,fpl_core_insights_detailed,2025-11-02T17:00:00+00:00,GW10,6932bbb6-2780-5e90-9241-e67f61154129,15,10,00be15e9-135e-5a79-956f-cd70f121b4b0,GK,True
fplcore:25-26-prem-aston-villa-vs-afc-bournemouth,db76d454-818a-5043-8d04-22e24f696027,E. Martínez,2025-26:2,1,90.0,1,,10.9,46.9,fpl_core_insights_detailed,2025-11-09T17:00:00+00:00,GW11,47823b9c-7b40-544b-9411-bfa201f222b6,2,11,db76d454-818a-5043-8d04-22e24f696027,GK,True
fplcore:25-26-prem-aston-villa-vs-afc-bournemouth,aec63649-ffe1-5e88-829b-d1e462e7e679,Đ. Petrović,2025-26:4,1,90.0,1,,8.8,53.7,fpl_core_insights_detailed,2025-11-09T17:00:00+00:00,GW11,47823b9c-7b40-544b-9411-bfa201f222b6,4,11,aec63649-ffe1-5e88-829b-d1e462e7e679,GK,True
fplcore:25-26-prem-aston-villa-vs-afc-bournemouth,5e18290b-6577-5a0a-9541-c1bab3c65004,A. Smith,2025-26:4,1,9.0,1,RCB,69.1,51.3,fpl_core_insights_detailed,2025-11-09T17:00:00+00:00,GW11,47823b9c-7b40-544b-9411-bfa201f222b6,4,11,5e18290b-6577-5a0a-9541-c1bab3c65004,RB,True
fplcore:25-26-prem-aston-villa-vs-afc-bournemouth,d1024899-f7ef-5fdb-9ad0-62b5c6b72bd5,V. Milosavljević,2025-26:4,1,90.0,1,RB,31.0,26.3,fpl_core_insights_detailed,2025-11-09T17:00:00+00:00,GW11,47823b9c-7b40-544b-9411-bfa201f222b6,4,11,d1024899-f7ef-5fdb-9ad0-62b5c6b72bd5,RCB,True
fplcore:25-26-prem-brentford-vs-newcastle-united,3cfeb2a8-cad5-5980-9946-aecc5eb2b011,C. Kelleher,2025-26:5,1,90.0,1,,12.5,49.5,fpl_core_insights_detailed,2025-11-09T17:00:00+00:00,GW11,3f50eec7-f3bd-50e8-9387-25002a5d42b4,5,11,3cfeb2a8-cad5-5980-9946-aecc5eb2b011,GK,True
fplcore:25-26-prem-brentford-vs-newcastle-united,00be15e9-135e-5a79-956f-cd70f121b4b0,N. Pope,2025-26:15,1,76.0,1,,10.4,47.3,fpl_core_insights_detailed,2025-11-09T17:00:00+00:00,GW11,3f50eec7-f3bd-50e8-9387-25002a5d42b4,15,11,00be15e9-135e-5a79-956f-cd70f121b4b0,GK,True
fplcore:25-26-prem-chelsea-vs-wolverhampton-wanderers,412fc00b-6fb5-5606-bb30-04e075a83220,R. Sánchez,2025-26:7,1,90.0,1,,13.9,48.5,fpl_core_insights_detailed,2025-11-08T23:00:00+00:00,GW11,83241976-a60d-56ed-a3f5-b49190895fb1,7,11,412fc00b-6fb5-5606-bb30-04e075a83220,GK,True
fplcore:25-26-prem-chelsea-vs-wolverhampton-wanderers,41af0355-d126-5dc9-b44e-6d3d4ad2661b,S. Johnstone,2025-26:20,1,90.0,1,,9.4,51.6,fpl_core_insights_detailed,2025-11-08T23:00:00+00:00,GW11,83241976-a60d-56ed-a3f5-b49190895fb1,20,11,41af0355-d126-5dc9-b44e-6d3d4ad2661b,GK,True
fplcore:25-26-prem-crystal-palace-vs-brighton-hove-albion,4e7d3349-c869-51f6-a9f2-e86405e21be5,D. Henderson,2025-26:8,1,90.0,1,,9.6,47.6,fpl_core_insights_detailed,2025-11-09T17:00:00+00:00,GW11,b5f4116d-3460-5188-88b3-0519d4013ff5,8,11,4e7d3349-c869-51f6-a9f2-e86405e21be5,GK,True
fplcore:25-26-prem-crystal-palace-vs-brighton-hove-albion,39a54236-bfd4-52f7-8b23-eeb8ca167d6d,C. Richards,2025-26:8,1,90.0,1,RCM,40.1,31.5,fpl_core_insights_detailed,2025-11-09T17:00:00+00:00,GW11,b5f4116d-3460-5188-88b3-0519d4013ff5,8,11,39a54236-bfd4-52f7-8b23-eeb8ca167d6d,RCB,True
fplcore:25-26-prem-crystal-palace-vs-brighton-hove-albion,246d5877-ce20-5c48-bdc0-bdb7ede514b7,M. Lacroix,2025-26:8,1,90.0,1,RCB,38.1,53.3,fpl_core_insights_detailed,2025-11-09T17:00:00+00:00,GW11,b5f4116d-3460-5188-88b3-0519d4013ff5,8,11,246d5877-ce20-5c48-bdc0-bdb7ede514b7,CB,True
fplcore:25-26-prem-crystal-palace-vs-brighton-hove-albion,0f20e713-a3d1-5036-b0b2-e9f32d1bc66f,J. Canvot,2025-26:8,1,90.0,1,CB,32.2,74.3,fpl_core_insights_detailed,2025-11-09T17:00:00+00:00,GW11,b5f4116d-3460-5188-88b3-0519d4013ff5,8,11,0f20e713-a3d1-5036-b0b2-e9f32d1bc66f,LCB,True
fplcore:25-26-prem-crystal-palace-vs-brighton-hove-albion,73fbac33-4713-58ec-b9bd-242dfec592a2,A. Wharton,2025-26:8,1,65.0,1,LCM,49.6,43.2,fpl_core_insights_detailed,2025-11-09T17:00:00+00:00,GW11,b5f4116d-3460-5188-88b3-0519d4013ff5,8,11,73fbac33-4713-58ec-b9bd-242dfec592a2,RCM,True
fplcore:25-26-prem-crystal-palace-vs-brighton-hove-albion,4e797913-6f5e-54d0-807d-555d7ec82308,J. Lerma,2025-26:8,1,90.0,1,LWB,50.3,60.2,fpl_core_insights_detailed,2025-11-09T17:00:00+00:00,GW11,b5f4116d-3460-5188-88b3-0519d4013ff5,8,11,4e797913-6f5e-54d0-807d-555d7ec82308,LCM,True
fplcore:25-26-prem-crystal-palace-vs-brighton-hove-albion,4406998b-108e-54ac-90cf-ff22cdf7c565,T. Mitchell,2025-26:8,1,90.0,1,LCB,39.9,85.4,fpl_core_insights_detailed,2025-11-09T17:00:00+00:00,GW11,b5f4116d-3460-5188-88b3-0519d4013ff5,8,11,4406998b-108e-54ac-90cf-ff22cdf7c565,LWB,True
fplcore:25-26-prem-crystal-palace-vs-brighton-hove-albion,9720eb96-9da3-5717-9ed4-45874361e243,B. Verbruggen,2025-26:6,1,90.0,1,,11.2,51.8,fpl_core_insights_detailed,2025-11-09T17:00:00+00:00,GW11,b5f4116d-3460-5188-88b3-0519d4013ff5,6,11,9720eb96-9da3-5717-9ed4-45874361e243,GK,True
fplcore:25-26-prem-everton-vs-fulham,57881605-ab70-5c0d-865f-433201de3f6f,J. Pickford,2025-26:9,1,90.0,1,,12.0,51.7,fpl_core_insights_detailed,2025-11-08T18:00:00+00:00,GW11,0b2aff75-2986-5047-93fe-ccc1802937aa,9,11,57881605-ab70-5c0d-865f-433201de3f6f,GK,True
fplcore:25-26-prem-everton-vs-fulham,d0fb5815-b17b-56d0-869e-d0e8910ab751,I. Gueye,2025-26:9,1,90.0,1,CAM,58.2,45.1,fpl_core_insights_detailed,2025-11-08T18:00:00+00:00,GW11,0b2aff75-2986-5047-93fe-ccc1802937aa,9,11,d0fb5815-b17b-56d0-869e-d0e8910ab751,LDM,True
fplcore:25-26-prem-everton-vs-fulham,1993b39f-9a1a-5805-bce4-6ff7cb40ebde,K. Dewsbury-Hall,2025-26:9,1,88.0,1,LDM,57.1,61.2,fpl_core_insights_detailed,2025-11-08T18:00:00+00:00,GW11,0b2aff75-2986-5047-93fe-ccc1802937aa,9,11,1993b39f-9a1a-5805-bce4-6ff7cb40ebde,CAM,True
fplcore:25-26-prem-everton-vs-fulham,83056bd2-b742-5b28-b32d-8ba4a3902c61,B. Leno,2025-26:10,1,90.0,1,,10.3,49.7,fpl_core_insights_detailed,2025-11-08T18:00:00+00:00,GW11,0b2aff75-2986-5047-93fe-ccc1802937aa,10,11,83056bd2-b742-5b28-b32d-8ba4a3902c61,GK,True
fplcore:25-26-prem-everton-vs-fulham,184a3e3b-1fa2-5323-8175-88f9b20eb992,C. Bassey,2025-26:10,1,90.0,1,LB,32.9,75.5,fpl_core_insights_detailed,2025-11-08T18:00:00+00:00,GW11,0b2aff75-2986-5047-93fe-ccc1802937aa,10,11,184a3e3b-1fa2-5323-8175-88f9b20eb992,LCB,True
fplcore:25-26-prem-everton-vs-fulham,ada8c7db-805e-5910-b00a-946e17af3218,R. Sessegnon,2025-26:10,1,90.0,1,LCB,38.5,69.7,fpl_core_insights_detailed,2025-11-08T18:00:00+00:00,GW11,0b2aff75-2986-5047-93fe-ccc1802937aa,10,11,ada8c7db-805e-5910-b00a-946e17af3218,LB,True
fplcore:25-26-prem-manchester-city-vs-liverpool,67859d1e-575f-5ae4-aa8d-8f36bd11696e,G. Donnarumma,2025-26:13,1,90.0,1,,9.9,49.5,fpl_core_insights_detailed,2025-11-09T19:30:00+00:00,GW11,22fe3045-456e-51da-b1fa-fcb9628ecc36,13,11,67859d1e-575f-5ae4-aa8d-8f36bd11696e,GK,True
fplcore:25-26-prem-manchester-city-vs-liverpool,a5ac6603-1c8f-569d-acdb-bba58bd047c8,N. González,2025-26:13,1,90.0,1,LCM,44.3,55.7,fpl_core_insights_detailed,2025-11-09T19:30:00+00:00,GW11,22fe3045-456e-51da-b1fa-fcb9628ecc36,13,11,a5ac6603-1c8f-569d-acdb-bba58bd047c8,CM,True
fplcore:25-26-prem-manchester-city-vs-liverpool,f717009d-d433-5fa0-9cf5-1e081478a8f1,P. Foden,2025-26:13,1,90.0,1,CM,48.5,52.4,fpl_core_insights_detailed,2025-11-09T19:30:00+00:00,GW11,22fe3045-456e-51da-b1fa-fcb9628ecc36,13,11,f717009d-d433-5fa0-9cf5-1e081478a8f1,LCM,True
fplcore:25-26-prem-manchester-city-vs-liverpool,f2831f63-18d0-5405-9349-288d723614fe,G. Mamardashvili,2025-26:12,1,90.0,1,,11.7,48.9,fpl_core_insights_detailed,2025-11-09T19:30:00+00:00,GW11,22fe3045-456e-51da-b1fa-fcb9628ecc36,12,11,f2831f63-18d0-5405-9349-288d723614fe,GK,True
fplcore:25-26-prem-nottingham-forest-vs-leeds-united,5dfbea2f-beb3-54f9-ad39-1f8f81f8a323,M. Sels,2025-26:16,1,90.0,1,,11.4,51.8,fpl_core_insights_detailed,2025-11-09T17:00:00+00:00,GW11,19a76689-1ea0-5e61-a869-f5cfa161dc19,16,11,5dfbea2f-beb3-54f9-ad39-1f8f81f8a323,GK,True
fplcore:25-26-prem-nottingham-forest-vs-leeds-united,45ca4681-2d1e-540f-9f02-6746fdcaae79,D. Ndoye,2025-26:16,1,90.0,1,CAM,51.6,57.3,fpl_core_insights_detailed,2025-11-09T17:00:00+00:00,GW11,19a76689-1ea0-5e61-a869-f5cfa161dc19,16,11,45ca4681-2d1e-540f-9f02-6746fdcaae79,RAM,True
fplcore:25-26-prem-nottingham-forest-vs-leeds-united,68e23e27-5010-5c05-a3bd-23e48be32b93,M. Gibbs-White,2025-26:16,1,87.0,1,RAM,70.9,40.4,fpl_core_insights_detailed,2025-11-09T17:00:00+00:00,GW11,19a76689-1ea0-5e61-a869-f5cfa161dc19,16,11,68e23e27-5010-5c05-a3bd-23e48be32b93,CAM,True
fplcore:25-26-prem-nottingham-forest-vs-leeds-united,542e61a7-899c-5785-91c5-c76ab1e53e2d,L. Perri,2025-26:11,1,90.0,1,,10.8,50.7,fpl_core_insights_detailed,2025-11-09T17:00:00+00:00,GW11,19a76689-1ea0-5e61-a869-f5cfa161dc19,11,11,542e61a7-899c-5785-91c5-c76ab1e53e2d,GK,True
fplcore:25-26-prem-sunderland-vs-arsenal,17b0293a-a54d-554b-bdba-368217c87ad9,R. Roefs,2025-26:17,1,90.0,1,,12.5,51.8,fpl_core_insights_detailed,2025-11-08T20:30:00+00:00,GW11,f3341bfe-8b22-5535-96cf-5b1763cbf59f,17,11,17b0293a-a54d-554b-bdba-368217c87ad9,GK,True
fplcore:25-26-prem-sunderland-vs-arsenal,9ac55e79-9cb2-5ac5-ae8c-6a2ebd620277,D. Raya,2025-26:1,1,90.0,1,,13.4,51.0,fpl_core_insights_detailed,2025-11-08T20:30:00+00:00,GW11,f3341bfe-8b22-5535-96cf-5b1763cbf59f,1,11,9ac55e79-9cb2-5ac5-ae8c-6a2ebd620277,GK,True
fplcore:25-26-prem-tottenham-hotspur-vs-manchester-united,3c77aa9b-7767-5636-9780-0d94d829b326,G. Vicario,2025-26:18,1,90.0,1,,15.0,46.1,fpl_core_insights_detailed,2025-11-08T15:30:00+00:00,GW11,3e38034d-a4bd-557b-bcc0-8d40cf8f89eb,18,11,3c77aa9b-7767-5636-9780-0d94d829b326,GK,True
fplcore:25-26-prem-tottenham-hotspur-vs-manchester-united,c13afcac-5201-5504-affd-a886825266d4,M. van de Ven,2025-26:18,1,90.0,1,LB,31.6,66.2,fpl_core_insights_detailed,2025-11-08T15:30:00+00:00,GW11,3e38034d-a4bd-557b-bcc0-8d40cf8f89eb,18,11,c13afcac-5201-5504-affd-a886825266d4,LCB,True
fplcore:25-26-prem-tottenham-hotspur-vs-manchester-united,2eec990a-7277-5fb6-b8c8-10423fefbb47,D. Spence,2025-26:18,1,90.0,1,LCB,51.7,59.1,fpl_core_insights_detailed,2025-11-08T15:30:00+00:00,GW11,3e38034d-a4bd-557b-bcc0-8d40cf8f89eb,18,11,2eec990a-7277-5fb6-b8c8-10423fefbb47,LB,True
fplcore:25-26-prem-tottenham-hotspur-vs-manchester-united,63a30902-aa79-59d2-bbc6-903ff41e54dc,S. Lammens,2025-26:14,1,90.0,1,,10.6,50.9,fpl_core_insights_detailed,2025-11-08T15:30:00+00:00,GW11,3e38034d-a4bd-557b-bcc0-8d40cf8f89eb,14,11,63a30902-aa79-59d2-bbc6-903ff41e54dc,GK,True
fplcore:25-26-prem-tottenham-hotspur-vs-manchester-united,be977983-b55e-52b9-96d5-b98b8b42edbb,B. Mbeumo,2025-26:14,1,90.0,1,ST,58.0,81.6,fpl_core_insights_detailed,2025-11-08T15:30:00+00:00,GW11,3e38034d-a4bd-557b-bcc0-8d40cf8f89eb,14,11,be977983-b55e-52b9-96d5-b98b8b42edbb,LAM,True
fplcore:25-26-prem-tottenham-hotspur-vs-manchester-united,1b9763d0-3c26-574c-9903-2c98b8431990,M. Cunha,2025-26:14,1,71.0,1,LAM,57.2,54.7,fpl_core_insights_detailed,2025-11-08T15:30:00+00:00,GW11,3e38034d-a4bd-557b-bcc0-8d40cf8f89eb,14,11,1b9763d0-3c26-574c-9903-2c98b8431990,ST,True
fplcore:25-26-prem-west-ham-united-vs-burnley,112ec44a-8ec0-5a5a-828a-d330905abb6b,A. Aréola,2025-26:19,1,90.0,1,,9.1,49.6,fpl_core_insights_detailed,2025-11-08T18:00:00+00:00,GW11,57254a25-064d-5d48-9eb8-52ce0d344b79,19,11,112ec44a-8ec0-5a5a-828a-d330905abb6b,GK,True
fplcore:25-26-prem-west-ham-united-vs-burnley,148b32f1-d60d-5cdd-9ffe-a5938fcb8671,M. Dúbravka,2025-26:3,1,90.0,1,,11.4,47.4,fpl_core_insights_detailed,2025-11-08T18:00:00+00:00,GW11,57254a25-064d-5d48-9eb8-52ce0d344b79,3,11,148b32f1-d60d-5cdd-9ffe-a5938fcb8671,GK,True
fplcore:25-26-prem-afc-bournemouth-vs-west-ham-united,aec63649-ffe1-5e88-829b-d1e462e7e679,Đ. Petrović,2025-26:4,1,90.0,1,,14.8,42.7,fpl_core_insights_detailed,2025-11-22T18:00:00+00:00,GW12,41d0a146-978e-5cf4-aa19-b5a9b05638c2,4,12,aec63649-ffe1-5e88-829b-d1e462e7e679,GK,True
fplcore:25-26-prem-afc-bournemouth-vs-west-ham-united,112ec44a-8ec0-5a5a-828a-d330905abb6b,A. Aréola,2025-26:19,1,90.0,1,,7.8,47.6,fpl_core_insights_detailed,2025-11-22T18:00:00+00:00,GW12,41d0a146-978e-5cf4-aa19-b5a9b05638c2,19,12,112ec44a-8ec0-5a5a-828a-d330905abb6b,GK,True
fplcore:25-26-prem-arsenal-vs-tottenham-hotspur,9ac55e79-9cb2-5ac5-ae8c-6a2ebd620277,D. Raya,2025-26:1,1,90.0,1,,11.3,50.1,fpl_core_insights_detailed,2025-11-23T19:30:00+00:00,GW12,458bc1a2-69a7-54ff-87c7-d3e4fee996a9,1,12,9ac55e79-9cb2-5ac5-ae8c-6a2ebd620277,GK,True
fplcore:25-26-prem-arsenal-vs-tottenham-hotspur,3c77aa9b-7767-5636-9780-0d94d829b326,G. Vicario,2025-26:18,1,90.0,1,,12.3,50.5,fpl_core_insights_detailed,2025-11-23T19:30:00+00:00,GW12,458bc1a2-69a7-54ff-87c7-d3e4fee996a9,18,12,3c77aa9b-7767-5636-9780-0d94d829b326,GK,True
fplcore:25-26-prem-brighton-hove-albion-vs-brentford,9720eb96-9da3-5717-9ed4-45874361e243,B. Verbruggen,2025-26:6,1,90.0,1,,14.5,51.3,fpl_core_insights_detailed,2025-11-22T18:00:00+00:00,GW12,392b84ab-a6c6-5134-b0d8-032ace0436bc,6,12,9720eb96-9da3-5717-9ed4-45874361e243,GK,True
fplcore:25-26-prem-brighton-hove-albion-vs-brentford,de6b06be-d7b4-506e-9177-df5cf336214a,Y. Ayari,2025-26:6,1,90.0,1,LAM,48.0,49.2,fpl_core_insights_detailed,2025-11-22T18:00:00+00:00,GW12,392b84ab-a6c6-5134-b0d8-032ace0436bc,6,12,de6b06be-d7b4-506e-9177-df5cf336214a,LDM,True
fplcore:25-26-prem-brighton-hove-albion-vs-brentford,bec3b39e-5fff-5ae4-a7ba-ba525d5b3911,D. Gómez,2025-26:6,1,69.0,1,LDM,47.5,65.7,fpl_core_insights_detailed,2025-11-22T18:00:00+00:00,GW12,392b84ab-a6c6-5134-b0d8-032ace0436bc,6,12,bec3b39e-5fff-5ae4-a7ba-ba525d5b3911,LAM,True
fplcore:25-26-prem-brighton-hove-albion-vs-brentford,3cfeb2a8-cad5-5980-9946-aecc5eb2b011,C. Kelleher,2025-26:5,1,90.0,1,,9.7,48.6,fpl_core_insights_detailed,2025-11-22T18:00:00+00:00,GW12,392b84ab-a6c6-5134-b0d8-032ace0436bc,5,12,3cfeb2a8-cad5-5980-9946-aecc5eb2b011,GK,True
fplcore:25-26-prem-burnley-vs-chelsea,148b32f1-d60d-5cdd-9ffe-a5938fcb8671,M. Dúbravka,2025-26:3,1,90.0,1,,10.8,47.8,fpl_core_insights_detailed,2025-11-22T15:30:00+00:00,GW12,339dd502-3708-508e-8b90-f5672ec69514,3,12,148b32f1-d60d-5cdd-9ffe-a5938fcb8671,GK,True
fplcore:25-26-prem-burnley-vs-chelsea,412fc00b-6fb5-5606-bb30-04e075a83220,R. Sánchez,2025-26:7,1,90.0,1,,10.9,46.1,fpl_core_insights_detailed,2025-11-22T15:30:00+00:00,GW12,339dd502-3708-508e-8b90-f5672ec69514,7,12,412fc00b-6fb5-5606-bb30-04e075a83220,GK,True
fplcore:25-26-prem-fulham-vs-sunderland,83056bd2-b742-5b28-b32d-8ba4a3902c61,B. Leno,2025-26:10,1,90.0,1,,11.7,52.4,fpl_core_insights_detailed,2025-11-22T18:00:00+00:00,GW12,72e05ae3-b9d9-5ddf-bfa1-efa0018760e8,10,12,83056bd2-b742-5b28-b32d-8ba4a3902c61,GK,True
fplcore:25-26-prem-fulham-vs-sunderland,17b0293a-a54d-554b-bdba-368217c87ad9,R. Roefs,2025-26:17,1,90.0,1,,12.8,55.5,fpl_core_insights_detailed,2025-11-22T18:00:00+00:00,GW12,72e05ae3-b9d9-5ddf-bfa1-efa0018760e8,17,12,17b0293a-a54d-554b-bdba-368217c87ad9,GK,True
fplcore:25-26-prem-fulham-vs-sunderland,2e06beff-d060-52c5-b090-ef85e142bc03,T. Hume,2025-26:17,1,89.0,1,RCB,44.6,23.3,fpl_core_insights_detailed,2025-11-22T18:00:00+00:00,GW12,72e05ae3-b9d9-5ddf-bfa1-efa0018760e8,17,12,2e06beff-d060-52c5-b090-ef85e142bc03,RWB,True
fplcore:25-26-prem-fulham-vs-sunderland,53bfdbe9-b833-5ee6-b24f-4b838a2a0fa6,N. Mukiele,2025-26:17,1,90.0,1,RWB,46.2,19.7,fpl_core_insights_detailed,2025-11-22T18:00:00+00:00,GW12,72e05ae3-b9d9-5ddf-bfa1-efa0018760e8,17,12,53bfdbe9-b833-5ee6-b24f-4b838a2a0fa6,RCB,True
fplcore:25-26-prem-leeds-united-vs-aston-villa,542e61a7-899c-5785-91c5-c76ab1e53e2d,L. Perri,2025-26:11,1,90.0,1,,7.7,48.7,fpl_core_insights_detailed,2025-11-23T17:00:00+00:00,GW12,0b348adb-4bdd-5720-9d47-59b0de8be115,11,12,542e61a7-899c-5785-91c5-c76ab1e53e2d,GK,True
fplcore:25-26-prem-leeds-united-vs-aston-villa,db76d454-818a-5043-8d04-22e24f696027,E. Martínez,2025-26:2,1,90.0,1,,10.7,49.4,fpl_core_insights_detailed,2025-11-23T17:00:00+00:00,GW12,0b348adb-4bdd-5720-9d47-59b0de8be115,2,12,db76d454-818a-5043-8d04-22e24f696027,GK,True
fplcore:25-26-prem-liverpool-vs-nottingham-forest,bb7d5990-008e-5f6d-871a-83ec4490dd2d,Alisson,2025-26:12,1,90.0,1,,11.4,49.2,fpl_core_insights_detailed,2025-11-22T18:00:00+00:00,GW12,55de6c61-71b2-502b-b10f-ef603ea44656,12,12,bb7d5990-008e-5f6d-871a-83ec4490dd2d,GK,True
fplcore:25-26-prem-liverpool-vs-nottingham-forest,5dfbea2f-beb3-54f9-ad39-1f8f81f8a323,M. Sels,2025-26:16,1,90.0,1,,9.4,50.2,fpl_core_insights_detailed,2025-11-22T18:00:00+00:00,GW12,55de6c61-71b2-502b-b10f-ef603ea44656,16,12,5dfbea2f-beb3-54f9-ad39-1f8f81f8a323,GK,True
fplcore:25-26-prem-liverpool-vs-nottingham-forest,fc1d6631-4455-5cd1-be3d-3748e604ca74,I. Sangaré,2025-26:16,1,90.0,1,RAM,44.0,40.0,fpl_core_insights_detailed,2025-11-22T18:00:00+00:00,GW12,55de6c61-71b2-502b-b10f-ef603ea44656,16,12,fc1d6631-4455-5cd1-be3d-3748e604ca74,RDM,True
fplcore:25-26-prem-liverpool-vs-nottingham-forest,89ca84c0-8f48-5f1a-913d-799d45f1691e,E. Anderson,2025-26:16,1,90.0,1,RDM,41.6,68.5,fpl_core_insights_detailed,2025-11-22T18:00:00+00:00,GW12,55de6c61-71b2-502b-b10f-ef603ea44656,16,12,89ca84c0-8f48-5f1a-913d-799d45f1691e,LDM,True
fplcore:25-26-prem-liverpool-vs-nottingham-forest,45ca4681-2d1e-540f-9f02-6746fdcaae79,D. Ndoye,2025-26:16,1,85.0,1,CAM,47.6,41.6,fpl_core_insights_detailed,2025-11-22T18:00:00+00:00,GW12,55de6c61-71b2-502b-b10f-ef603ea44656,16,12,45ca4681-2d1e-540f-9f02-6746fdcaae79,RAM,True
fplcore:25-26-prem-liverpool-vs-nottingham-forest,68e23e27-5010-5c05-a3bd-23e48be32b93,M. Gibbs-White,2025-26:16,1,90.0,1,LAM,54.3,49.2,fpl_core_insights_detailed,2025-11-22T18:00:00+00:00,GW12,55de6c61-71b2-502b-b10f-ef603ea44656,16,12,68e23e27-5010-5c05-a3bd-23e48be32b93,CAM,True
fplcore:25-26-prem-liverpool-vs-nottingham-forest,a2afe8eb-9890-541f-9258-8202cd512f1f,N. Domínguez,2025-26:16,1,60.0,1,LDM,40.6,77.3,fpl_core_insights_detailed,2025-11-22T18:00:00+00:00,GW12,55de6c61-71b2-502b-b10f-ef603ea44656,16,12,a2afe8eb-9890-541f-9258-8202cd512f1f,LAM,True
fplcore:25-26-prem-manchester-united-vs-everton,63a30902-aa79-59d2-bbc6-903ff41e54dc,S. Lammens,2025-26:14,1,90.0,1,,17.6,47.6,fpl_core_insights_detailed,2025-11-24T23:00:00+00:00,GW12,7f45d3c9-f7f5-5a52-b16d-5495a093150d,14,12,63a30902-aa79-59d2-bbc6-903ff41e54dc,GK,True
fplcore:25-26-prem-manchester-united-vs-everton,82990c89-5786-50c7-898b-b6d67ce0f54a,L. Yoro,2025-26:14,1,90.0,1,CB,49.4,28.9,fpl_core_insights_detailed,2025-11-24T23:00:00+00:00,GW12,7f45d3c9-f7f5-5a52-b16d-5495a093150d,14,12,82990c89-5786-50c7-898b-b6d67ce0f54a,RCB,True
fplcore:25-26-prem-manchester-united-vs-everton,914fa0d2-167c-55f6-8d3e-677d3abd15e0,M. de Ligt,2025-26:14,1,90.0,1,LCB,42.8,47.3,fpl_core_insights_detailed,2025-11-24T23:00:00+00:00,GW12,7f45d3c9-f7f5-5a52-b16d-5495a093150d,14,12,914fa0d2-167c-55f6-8d3e-677d3abd15e0,CB,True
fplcore:25-26-prem-manchester-united-vs-everton,46c2018f-f80f-532e-b144-ef688e9f44eb,L. Shaw,2025-26:14,1,90.0,1,LWB,50.3,76.6,fpl_core_insights_detailed,2025-11-24T23:00:00+00:00,GW12,7f45d3c9-f7f5-5a52-b16d-5495a093150d,14,12,46c2018f-f80f-532e-b144-ef688e9f44eb,LCB,True
fplcore:25-26-prem-manchester-united-vs-everton,c2bb5215-da9d-515a-81f0-604c302f3078,N. Mazraoui,2025-26:14,1,45.0,1,RCB,48.0,13.7,fpl_core_insights_detailed,2025-11-24T23:00:00+00:00,GW12,7f45d3c9-f7f5-5a52-b16d-5495a093150d,14,12,c2bb5215-da9d-515a-81f0-604c302f3078,RWB,True
fplcore:25-26-prem-manchester-united-vs-everton,8b26f624-9357-5669-9698-f5fda36d4e75,B. Fernandes,2025-26:14,1,90.0,1,LCM,57.6,51.6,fpl_core_insights_detailed,2025-11-24T23:00:00+00:00,GW12,7f45d3c9-f7f5-5a52-b16d-5495a093150d,14,12,8b26f624-9357-5669-9698-f5fda36d4e75,RCM,True
fplcore:25-26-prem-manchester-united-vs-everton,e037fafa-e08a-50a4-8014-a43e6c2d13a4,Casemiro,2025-26:14,1,57.0,1,RCM,51.2,50.8,fpl_core_insights_detailed,2025-11-24T23:00:00+00:00,GW12,7f45d3c9-f7f5-5a52-b16d-5495a093150d,14,12,e037fafa-e08a-50a4-8014-a43e6c2d13a4,LCM,True
fplcore:25-26-prem-manchester-united-vs-everton,fba35e22-cb10-554f-ad2e-e62d2b5a5da8,P. Dorgu,2025-26:14,1,57.0,1,LAM,61.0,86.7,fpl_core_insights_detailed,2025-11-24T23:00:00+00:00,GW12,7f45d3c9-f7f5-5a52-b16d-5495a093150d,14,12,fba35e22-cb10-554f-ad2e-e62d2b5a5da8,LWB,True
fplcore:25-26-prem-manchester-united-vs-everton,be977983-b55e-52b9-96d5-b98b8b42edbb,B. Mbeumo,2025-26:14,1,90.0,1,ST,72.8,23.5,fpl_core_insights_detailed,2025-11-24T23:00:00+00:00,GW12,7f45d3c9-f7f5-5a52-b16d-5495a093150d,14,12,be977983-b55e-52b9-96d5-b98b8b42edbb,RAM,True
fplcore:25-26-prem-manchester-united-vs-everton,65910bcc-31a9-56bb-ba12-74e687cd31ec,A. Diallo,2025-26:14,1,90.0,1,RAM,64.4,38.5,fpl_core_insights_detailed,2025-11-24T23:00:00+00:00,GW12,7f45d3c9-f7f5-5a52-b16d-5495a093150d,14,12,65910bcc-31a9-56bb-ba12-74e687cd31ec,LAM,True
fplcore:25-26-prem-manchester-united-vs-everton,65f4ba88-b61e-51b2-87e8-eed369448f75,J. Zirkzee,2025-26:14,1,90.0,1,RWB,60.4,45.1,fpl_core_insights_detailed,2025-11-24T23:00:00+00:00,GW12,7f45d3c9-f7f5-5a52-b16d-5495a093150d,14,12,65f4ba88-b61e-51b2-87e8-eed369448f75,ST,True
fplcore:25-26-prem-manchester-united-vs-everton,57881605-ab70-5c0d-865f-433201de3f6f,J. Pickford,2025-26:9,1,90.0,1,,9.7,54.0,fpl_core_insights_detailed,2025-11-24T23:00:00+00:00,GW12,7f45d3c9-f7f5-5a52-b16d-5495a093150d,9,12,57881605-ab70-5c0d-865f-433201de3f6f,GK,True
fplcore:25-26-prem-manchester-united-vs-everton,d0fb5815-b17b-56d0-869e-d0e8910ab751,I. Gueye,2025-26:9,1,12.0,1,CAM,50.7,51.0,fpl_core_insights_detailed,2025-11-24T23:00:00+00:00,GW12,7f45d3c9-f7f5-5a52-b16d-5495a093150d,9,12,d0fb5815-b17b-56d0-869e-d0e8910ab751,LDM,True
fplcore:25-26-prem-manchester-united-vs-everton,1993b39f-9a1a-5805-bce4-6ff7cb40ebde,K. Dewsbury-Hall,2025-26:9,1,87.0,1,LDM,45.2,63.7,fpl_core_insights_detailed,2025-11-24T23:00:00+00:00,GW12,7f45d3c9-f7f5-5a52-b16d-5495a093150d,9,12,1993b39f-9a1a-5805-bce4-6ff7cb40ebde,CAM,True
fplcore:25-26-prem-newcastle-united-vs-manchester-city,00be15e9-135e-5a79-956f-cd70f121b4b0,N. Pope,2025-26:15,1,90.0,1,,11.5,51.5,fpl_core_insights_detailed,2025-11-22T20:30:00+00:00,GW12,efcbca66-6b22-529e-bdbe-61bccd7bec32,15,12,00be15e9-135e-5a79-956f-cd70f121b4b0,GK,True
fplcore:25-26-prem-newcastle-united-vs-manchester-city,67859d1e-575f-5ae4-aa8d-8f36bd11696e,G. Donnarumma,2025-26:13,1,90.0,1,,9.4,48.6,fpl_core_insights_detailed,2025-11-22T20:30:00+00:00,GW12,efcbca66-6b22-529e-bdbe-61bccd7bec32,13,12,67859d1e-575f-5ae4-aa8d-8f36bd11696e,GK,True
fplcore:25-26-prem-wolverhampton-wanderers-vs-crystal-palace,41af0355-d126-5dc9-b44e-6d3d4ad2661b,S. Johnstone,2025-26:20,1,90.0,1,,10.6,47.7,fpl_core_insights_detailed,2025-11-22T18:00:00+00:00,GW12,863d9fb0-99a5-5803-9e8a-887f88b701e4,20,12,41af0355-d126-5dc9-b44e-6d3d4ad2661b,GK,True
fplcore:25-26-prem-wolverhampton-wanderers-vs-crystal-palace,4e7d3349-c869-51f6-a9f2-e86405e21be5,D. Henderson,2025-26:8,1,90.0,1,,11.0,48.7,fpl_core_insights_detailed,2025-11-22T18:00:00+00:00,GW12,863d9fb0-99a5-5803-9e8a-887f88b701e4,8,12,4e7d3349-c869-51f6-a9f2-e86405e21be5,GK,True
fplcore:25-26-prem-aston-villa-vs-wolverhampton-wanderers,db76d454-818a-5043-8d04-22e24f696027,E. Martínez,2025-26:2,1,90.0,1,,12.5,51.6,fpl_core_insights_detailed,2025-11-30T17:05:00+00:00,GW13,194efd5b-d967-53c2-9255-b222053274ee,2,13,db76d454-818a-5043-8d04-22e24f696027,GK,True
fplcore:25-26-prem-aston-villa-vs-wolverhampton-wanderers,41af0355-d126-5dc9-b44e-6d3d4ad2661b,S. Johnstone,2025-26:20,1,90.0,1,,10.8,49.9,fpl_core_insights_detailed,2025-11-30T17:05:00+00:00,GW13,194efd5b-d967-53c2-9255-b222053274ee,20,13,41af0355-d126-5dc9-b44e-6d3d4ad2661b,GK,True
fplcore:25-26-prem-brentford-vs-burnley,3cfeb2a8-cad5-5980-9946-aecc5eb2b011,C. Kelleher,2025-26:5,1,90.0,1,,16.3,50.4,fpl_core_insights_detailed,2025-11-29T18:00:00+00:00,GW13,d235e2be-1a0b-5814-b403-dc9afb7c1afe,5,13,3cfeb2a8-cad5-5980-9946-aecc5eb2b011,GK,True
fplcore:25-26-prem-brentford-vs-burnley,148b32f1-d60d-5cdd-9ffe-a5938fcb8671,M. Dúbravka,2025-26:3,1,90.0,1,,10.5,47.9,fpl_core_insights_detailed,2025-11-29T18:00:00+00:00,GW13,d235e2be-1a0b-5814-b403-dc9afb7c1afe,3,13,148b32f1-d60d-5cdd-9ffe-a5938fcb8671,GK,True
fplcore:25-26-prem-chelsea-vs-arsenal,412fc00b-6fb5-5606-bb30-04e075a83220,R. Sánchez,2025-26:7,1,90.0,1,,10.9,46.3,fpl_core_insights_detailed,2025-11-30T19:30:00+00:00,GW13,5d1b75e6-d152-5793-b66f-bb6361c0c148,7,13,412fc00b-6fb5-5606-bb30-04e075a83220,GK,True
fplcore:25-26-prem-chelsea-vs-arsenal,5b51fc3a-1f45-56e1-9ecc-0bda87474227,E. Fernández,2025-26:7,1,90.0,1,LAM,54.1,62.1,fpl_core_insights_detailed,2025-11-30T19:30:00+00:00,GW13,5d1b75e6-d152-5793-b66f-bb6361c0c148,7,13,5b51fc3a-1f45-56e1-9ecc-0bda87474227,CAM,True
fplcore:25-26-prem-chelsea-vs-arsenal,653dcb32-98a1-5bdb-afc4-4dcee772c921,P. Neto,2025-26:7,1,90.0,1,CAM,62.7,39.9,fpl_core_insights_detailed,2025-11-30T19:30:00+00:00,GW13,5d1b75e6-d152-5793-b66f-bb6361c0c148,7,13,653dcb32-98a1-5bdb-afc4-4dcee772c921,LAM,True
fplcore:25-26-prem-chelsea-vs-arsenal,9ac55e79-9cb2-5ac5-ae8c-6a2ebd620277,D. Raya,2025-26:1,1,90.0,1,,10.9,48.8,fpl_core_insights_detailed,2025-11-30T19:30:00+00:00,GW13,5d1b75e6-d152-5793-b66f-bb6361c0c148,1,13,9ac55e79-9cb2-5ac5-ae8c-6a2ebd620277,GK,True
fplcore:25-26-prem-chelsea-vs-arsenal,79caa72c-19b1-5ed2-9eea-49bec88916b3,E. Eze,2025-26:1,1,71.0,1,LCM,52.6,58.5,fpl_core_insights_detailed,2025-11-30T19:30:00+00:00,GW13,5d1b75e6-d152-5793-b66f-bb6361c0c148,1,13,79caa72c-19b1-5ed2-9eea-49bec88916b3,RCM,True
fplcore:25-26-prem-chelsea-vs-arsenal,7844404e-dd2c-5f68-9390-675ab60be346,M. Zubimendi,2025-26:1,1,56.0,1,RCM,51.6,47.3,fpl_core_insights_detailed,2025-11-30T19:30:00+00:00,GW13,5d1b75e6-d152-5793-b66f-bb6361c0c148,1,13,7844404e-dd2c-5f68-9390-675ab60be346,CM,True
fplcore:25-26-prem-chelsea-vs-arsenal,a8d1cfeb-4f1e-53fc-a90a-4610ccf746c6,D. Rice,2025-26:1,1,90.0,1,CM,45.1,52.0,fpl_core_insights_detailed,2025-11-30T19:30:00+00:00,GW13,5d1b75e6-d152-5793-b66f-bb6361c0c148,1,13,a8d1cfeb-4f1e-53fc-a90a-4610ccf746c6,LCM,True
fplcore:25-26-prem-crystal-palace-vs-manchester-united,4e7d3349-c869-51f6-a9f2-e86405e21be5,D. Henderson,2025-26:8,1,90.0,1,,10.7,50.5,fpl_core_insights_detailed,2025-11-30T15:00:00+00:00,GW13,bbee58c7-5072-5764-8f6c-558d93e9a982,8,13,4e7d3349-c869-51f6-a9f2-e86405e21be5,GK,True
fplcore:25-26-prem-crystal-palace-vs-manchester-united,9a90c10b-4796-5eda-a505-8db9bc21605d,I. Sarr,2025-26:8,1,37.0,1,ST,66.6,35.0,fpl_core_insights_detailed,2025-11-30T15:00:00+00:00,GW13,bbee58c7-5072-5764-8f6c-558d93e9a982,8,13,9a90c10b-4796-5eda-a505-8db9bc21605d,RAM,True
fplcore:25-26-prem-crystal-palace-vs-manchester-united,7b9dc65d-483e-5ff9-af51-946aceed51e9,J. Mateta,2025-26:8,1,90.0,1,RAM,58.1,57.8,fpl_core_insights_detailed,2025-11-30T15:00:00+00:00,GW13,bbee58c7-5072-5764-8f6c-558d93e9a982,8,13,7b9dc65d-483e-5ff9-af51-946aceed51e9,ST,True
fplcore:25-26-prem-crystal-palace-vs-manchester-united,63a30902-aa79-59d2-bbc6-903ff41e54dc,S. Lammens,2025-26:14,1,90.0,1,,10.5,49.5,fpl_core_insights_detailed,2025-11-30T15:00:00+00:00,GW13,bbee58c7-5072-5764-8f6c-558d93e9a982,14,13,63a30902-aa79-59d2-bbc6-903ff41e54dc,GK,True
fplcore:25-26-prem-crystal-palace-vs-manchester-united,65910bcc-31a9-56bb-ba12-74e687cd31ec,A. Diallo,2025-26:14,1,90.0,1,RAM,57.0,18.7,fpl_core_insights_detailed,2025-11-30T15:00:00+00:00,GW13,bbee58c7-5072-5764-8f6c-558d93e9a982,14,13,65910bcc-31a9-56bb-ba12-74e687cd31ec,RWB,True
fplcore:25-26-prem-crystal-palace-vs-manchester-united,e037fafa-e08a-50a4-8014-a43e6c2d13a4,Casemiro,2025-26:14,1,90.0,1,RWB,43.9,55.3,fpl_core_insights_detailed,2025-11-30T15:00:00+00:00,GW13,bbee58c7-5072-5764-8f6c-558d93e9a982,14,13,e037fafa-e08a-50a4-8014-a43e6c2d13a4,RCM,True
fplcore:25-26-prem-crystal-palace-vs-manchester-united,be977983-b55e-52b9-96d5-b98b8b42edbb,B. Mbeumo,2025-26:14,1,90.0,1,ST,58.8,34.3,fpl_core_insights_detailed,2025-11-30T15:00:00+00:00,GW13,bbee58c7-5072-5764-8f6c-558d93e9a982,14,13,be977983-b55e-52b9-96d5-b98b8b42edbb,RAM,True
fplcore:25-26-prem-crystal-palace-vs-manchester-united,65f4ba88-b61e-51b2-87e8-eed369448f75,J. Zirkzee,2025-26:14,1,90.0,1,RCM,56.1,61.0,fpl_core_insights_detailed,2025-11-30T15:00:00+00:00,GW13,bbee58c7-5072-5764-8f6c-558d93e9a982,14,13,65f4ba88-b61e-51b2-87e8-eed369448f75,ST,True
fplcore:25-26-prem-everton-vs-newcastle-united,57881605-ab70-5c0d-865f-433201de3f6f,J. Pickford,2025-26:9,1,90.0,1,,12.8,51.5,fpl_core_insights_detailed,2025-11-29T20:30:00+00:00,GW13,b472653f-c520-56a3-a331-c7493fdbbfed,9,13,57881605-ab70-5c0d-865f-433201de3f6f,GK,True
fplcore:25-26-prem-everton-vs-newcastle-united,444bfe5b-015a-5ec2-ac21-34fd780e0aa5,J. Garner,2025-26:9,1,90.0,1,LDM,56.4,45.7,fpl_core_insights_detailed,2025-11-29T20:30:00+00:00,GW13,b472653f-c520-56a3-a331-c7493fdbbfed,9,13,444bfe5b-015a-5ec2-ac21-34fd780e0aa5,RDM,True
fplcore:25-26-prem-everton-vs-newcastle-united,9cb12f76-aa67-5f6a-9571-1925e3cbe9ef,T. Iroegbunam,2025-26:9,1,45.0,1,CAM,62.9,71.5,fpl_core_insights_detailed,2025-11-29T20:30:00+00:00,GW13,b472653f-c520-56a3-a331-c7493fdbbfed,9,13,9cb12f76-aa67-5f6a-9571-1925e3cbe9ef,LDM,True
fplcore:25-26-prem-everton-vs-newcastle-united,dea12abc-e8dd-5839-b626-0cb7e72e9a26,I. Ndiaye,2025-26:9,1,79.0,1,RDM,60.8,20.5,fpl_core_insights_detailed,2025-11-29T20:30:00+00:00,GW13,b472653f-c520-56a3-a331-c7493fdbbfed,9,13,dea12abc-e8dd-5839-b626-0cb7e72e9a26,RAM,True
fplcore:25-26-prem-everton-vs-newcastle-united,1993b39f-9a1a-5805-bce4-6ff7cb40ebde,K. Dewsbury-Hall,2025-26:9,1,90.0,1,RAM,66.3,54.3,fpl_core_insights_detailed,2025-11-29T20:30:00+00:00,GW13,b472653f-c520-56a3-a331-c7493fdbbfed,9,13,1993b39f-9a1a-5805-bce4-6ff7cb40ebde,CAM,True
fplcore:25-26-prem-everton-vs-newcastle-united,ef597ccf-9296-5f73-a908-245e5d67b0ef,A. Ramsdale,2025-26:15,1,90.0,1,,12.9,47.3,fpl_core_insights_detailed,2025-11-29T20:30:00+00:00,GW13,b472653f-c520-56a3-a331-c7493fdbbfed,15,13,ef597ccf-9296-5f73-a908-245e5d67b0ef,GK,True
fplcore:25-26-prem-manchester-city-vs-leeds-united,67859d1e-575f-5ae4-aa8d-8f36bd11696e,G. Donnarumma,2025-26:13,1,90.0,1,,9.6,53.6,fpl_core_insights_detailed,2025-11-29T18:00:00+00:00,GW13,da6d3f3e-197a-594a-bd13-3f86ee0f0744,13,13,67859d1e-575f-5ae4-aa8d-8f36bd11696e,GK,True
fplcore:25-26-prem-manchester-city-vs-leeds-united,a5ac6603-1c8f-569d-acdb-bba58bd047c8,N. González,2025-26:13,1,90.0,1,LCM,53.3,54.5,fpl_core_insights_detailed,2025-11-29T18:00:00+00:00,GW13,da6d3f3e-197a-594a-bd13-3f86ee0f0744,13,13,a5ac6603-1c8f-569d-acdb-bba58bd047c8,CM,True
fplcore:25-26-prem-manchester-city-vs-leeds-united,138e28b4-ff6e-5598-bbd5-0b255b509b73,T. Reijnders,2025-26:13,1,74.0,1,RAM,64.2,62.4,fpl_core_insights_detailed,2025-11-29T18:00:00+00:00,GW13,da6d3f3e-197a-594a-bd13-3f86ee0f0744,13,13,138e28b4-ff6e-5598-bbd5-0b255b509b73,LCM,True
fplcore:25-26-prem-manchester-city-vs-leeds-united,f717009d-d433-5fa0-9cf5-1e081478a8f1,P. Foden,2025-26:13,1,90.0,1,CM,63.8,30.5,fpl_core_insights_detailed,2025-11-29T18:00:00+00:00,GW13,da6d3f3e-197a-594a-bd13-3f86ee0f0744,13,13,f717009d-d433-5fa0-9cf5-1e081478a8f1,RAM,True
fplcore:25-26-prem-manchester-city-vs-leeds-united,542e61a7-899c-5785-91c5-c76ab1e53e2d,L. Perri,2025-26:11,1,90.0,1,,10.6,49.1,fpl_core_insights_detailed,2025-11-29T18:00:00+00:00,GW13,da6d3f3e-197a-594a-bd13-3f86ee0f0744,11,13,542e61a7-899c-5785-91c5-c76ab1e53e2d,GK,True
fplcore:25-26-prem-manchester-city-vs-leeds-united,3b36fb97-62ec-53b8-882c-bd6a01550f8c,A. Tanaka,2025-26:11,1,90.0,1,CM,47.8,39.2,fpl_core_insights_detailed,2025-11-29T18:00:00+00:00,GW13,da6d3f3e-197a-594a-bd13-3f86ee0f0744,11,13,3b36fb97-62ec-53b8-882c-bd6a01550f8c,RCM,True
fplcore:25-26-prem-manchester-city-vs-leeds-united,82e95b4b-22b2-59a9-b33b-e199df378fe3,E. Ampadu,2025-26:11,1,90.0,1,RCM,51.0,37.8,fpl_core_insights_detailed,2025-11-29T18:00:00+00:00,GW13,da6d3f3e-197a-594a-bd13-3f86ee0f0744,11,13,82e95b4b-22b2-59a9-b33b-e199df378fe3,CM,True
fplcore:25-26-prem-nottingham-forest-vs-brighton-hove-albion,5dfbea2f-beb3-54f9-ad39-1f8f81f8a323,M. Sels,2025-26:16,1,90.0,1,,16.1,47.5,fpl_core_insights_detailed,2025-11-30T17:05:00+00:00,GW13,c3a8b980-027a-5d4c-a9fa-10fe122ea739,16,13,5dfbea2f-beb3-54f9-ad39-1f8f81f8a323,GK,True
fplcore:25-26-prem-nottingham-forest-vs-brighton-hove-albion,9720eb96-9da3-5717-9ed4-45874361e243,B. Verbruggen,2025-26:6,1,90.0,1,,12.0,50.2,fpl_core_insights_detailed,2025-11-30T17:05:00+00:00,GW13,c3a8b980-027a-5d4c-a9fa-10fe122ea739,6,13,9720eb96-9da3-5717-9ed4-45874361e243,GK,True
fplcore:25-26-prem-sunderland-vs-afc-bournemouth,17b0293a-a54d-554b-bdba-368217c87ad9,R. Roefs,2025-26:17,1,90.0,1,,11.5,45.6,fpl_core_insights_detailed,2025-11-29T18:00:00+00:00,GW13,72ff7c5b-f2e9-5397-8525-879fffd6b7d5,17,13,17b0293a-a54d-554b-bdba-368217c87ad9,GK,True
fplcore:25-26-prem-sunderland-vs-afc-bournemouth,aec63649-ffe1-5e88-829b-d1e462e7e679,Đ. Petrović,2025-26:4,1,90.0,1,,10.2,48.1,fpl_core_insights_detailed,2025-11-29T18:00:00+00:00,GW13,72ff7c5b-f2e9-5397-8525-879fffd6b7d5,4,13,aec63649-ffe1-5e88-829b-d1e462e7e679,GK,True
fplcore:25-26-prem-tottenham-hotspur-vs-fulham,3c77aa9b-7767-5636-9780-0d94d829b326,G. Vicario,2025-26:18,1,90.0,1,,12.1,54.1,fpl_core_insights_detailed,2025-11-29T23:00:00+00:00,GW13,e320bb33-f6fd-57d9-bf15-75fc7af7820f,18,13,3c77aa9b-7767-5636-9780-0d94d829b326,GK,True
fplcore:25-26-prem-tottenham-hotspur-vs-fulham,83056bd2-b742-5b28-b32d-8ba4a3902c61,B. Leno,2025-26:10,1,90.0,1,,10.0,51.0,fpl_core_insights_detailed,2025-11-29T23:00:00+00:00,GW13,e320bb33-f6fd-57d9-bf15-75fc7af7820f,10,13,83056bd2-b742-5b28-b32d-8ba4a3902c61,GK,True
fplcore:25-26-prem-tottenham-hotspur-vs-fulham,f0504a37-2a31-5f04-8704-2c307c2384cd,S. Berge,2025-26:10,1,90.0,1,LDM,42.6,52.0,fpl_core_insights_detailed,2025-11-29T23:00:00+00:00,GW13,e320bb33-f6fd-57d9-bf15-75fc7af7820f,10,13,f0504a37-2a31-5f04-8704-2c307c2384cd,RDM,True
fplcore:25-26-prem-tottenham-hotspur-vs-fulham,bf6c1651-0779-512e-9c37-3b8ac8c14714,A. Iwobi,2025-26:10,1,86.0,1,CAM,43.1,66.2,fpl_core_insights_detailed,2025-11-29T23:00:00+00:00,GW13,e320bb33-f6fd-57d9-bf15-75fc7af7820f,10,13,bf6c1651-0779-512e-9c37-3b8ac8c14714,LDM,True
fplcore:25-26-prem-tottenham-hotspur-vs-fulham,6cfbd227-d6d0-525d-810f-a1e929d406bf,H. Wilson,2025-26:10,1,67.0,1,RDM,40.4,30.2,fpl_core_insights_detailed,2025-11-29T23:00:00+00:00,GW13,e320bb33-f6fd-57d9-bf15-75fc7af7820f,10,13,6cfbd227-d6d0-525d-810f-a1e929d406bf,RAM,True
fplcore:25-26-prem-tottenham-hotspur-vs-fulham,9f1ab4dd-f86c-5749-967d-c8f0fbfe15f7,J. King,2025-26:10,1,67.0,1,RAM,51.2,43.4,fpl_core_insights_detailed,2025-11-29T23:00:00+00:00,GW13,e320bb33-f6fd-57d9-bf15-75fc7af7820f,10,13,9f1ab4dd-f86c-5749-967d-c8f0fbfe15f7,CAM,True
fplcore:25-26-prem-west-ham-united-vs-liverpool,112ec44a-8ec0-5a5a-828a-d330905abb6b,A. Aréola,2025-26:19,1,90.0,1,,11.5,51.6,fpl_core_insights_detailed,2025-11-30T17:05:00+00:00,GW13,8655e5eb-5a62-57b6-b128-df2a2e3f0cac,19,13,112ec44a-8ec0-5a5a-828a-d330905abb6b,GK,True
fplcore:25-26-prem-west-ham-united-vs-liverpool,a0539466-bf5c-5202-baf7-336484f9a7c3,F. Potts,2025-26:19,1,87.0,1,LAM,58.8,55.4,fpl_core_insights_detailed,2025-11-30T17:05:00+00:00,GW13,8655e5eb-5a62-57b6-b128-df2a2e3f0cac,19,13,a0539466-bf5c-5202-baf7-336484f9a7c3,LDM,True
fplcore:25-26-prem-west-ham-united-vs-liverpool,79420363-80f0-5eb5-bef5-e1e31f62877c,M. Fernandes,2025-26:19,1,90.0,1,LDM,55.8,39.8,fpl_core_insights_detailed,2025-11-30T17:05:00+00:00,GW13,8655e5eb-5a62-57b6-b128-df2a2e3f0cac,19,13,79420363-80f0-5eb5-bef5-e1e31f62877c,LAM,True
fplcore:25-26-prem-west-ham-united-vs-liverpool,bb7d5990-008e-5f6d-871a-83ec4490dd2d,Alisson,2025-26:12,1,90.0,1,,13.6,52.9,fpl_core_insights_detailed,2025-11-30T17:05:00+00:00,GW13,8655e5eb-5a62-57b6-b128-df2a2e3f0cac,12,13,bb7d5990-008e-5f6d-871a-83ec4490dd2d,GK,True
fplcore:25-26-prem-afc-bournemouth-vs-everton,aec63649-ffe1-5e88-829b-d1e462e7e679,Đ. Petrović,2025-26:4,1,90.0,1,,12.2,44.9,fpl_core_insights_detailed,2025-12-02T22:30:00+00:00,GW14,95bf3006-4778-5cb3-978c-82efc3551f0b,4,14,aec63649-ffe1-5e88-829b-d1e462e7e679,GK,True
fplcore:25-26-prem-afc-bournemouth-vs-everton,57881605-ab70-5c0d-865f-433201de3f6f,J. Pickford,2025-26:9,1,90.0,1,,14.7,54.4,fpl_core_insights_detailed,2025-12-02T22:30:00+00:00,GW14,95bf3006-4778-5cb3-978c-82efc3551f0b,9,14,57881605-ab70-5c0d-865f-433201de3f6f,GK,True
fplcore:25-26-prem-arsenal-vs-brentford,9ac55e79-9cb2-5ac5-ae8c-6a2ebd620277,D. Raya,2025-26:1,1,90.0,1,,13.0,47.6,fpl_core_insights_detailed,2025-12-03T22:30:00+00:00,GW14,788f0939-418b-59a7-9d9a-d5cf8608bf58,1,14,9ac55e79-9cb2-5ac5-ae8c-6a2ebd620277,GK,True
fplcore:25-26-prem-arsenal-vs-brentford,3cfeb2a8-cad5-5980-9946-aecc5eb2b011,C. Kelleher,2025-26:5,1,90.0,1,,14.0,49.7,fpl_core_insights_detailed,2025-12-03T22:30:00+00:00,GW14,788f0939-418b-59a7-9d9a-d5cf8608bf58,5,14,3cfeb2a8-cad5-5980-9946-aecc5eb2b011,GK,True
fplcore:25-26-prem-brighton-hove-albion-vs-aston-villa,9720eb96-9da3-5717-9ed4-45874361e243,B. Verbruggen,2025-26:6,1,90.0,1,,14.2,51.5,fpl_core_insights_detailed,2025-12-03T22:30:00+00:00,GW14,aa78f5df-3e17-5e12-b627-f9e19c605a15,6,14,9720eb96-9da3-5717-9ed4-45874361e243,GK,True
fplcore:25-26-prem-brighton-hove-albion-vs-aston-villa,e8f9ae6c-524f-581f-b52e-91657ed81bf5,M. Wieffer,2025-26:6,1,90.0,1,RCB,48.3,39.5,fpl_core_insights_detailed,2025-12-03T22:30:00+00:00,GW14,aa78f5df-3e17-5e12-b627-f9e19c605a15,6,14,e8f9ae6c-524f-581f-b52e-91657ed81bf5,RB,True
fplcore:25-26-prem-brighton-hove-albion-vs-aston-villa,5bb0cf13-0fc0-5a3b-a79f-a3be5c5eb24e,J. P. van Hecke,2025-26:6,1,90.0,1,RB,47.8,32.7,fpl_core_insights_detailed,2025-12-03T22:30:00+00:00,GW14,aa78f5df-3e17-5e12-b627-f9e19c605a15,6,14,5bb0cf13-0fc0-5a3b-a79f-a3be5c5eb24e,RCB,True
fplcore:25-26-prem-brighton-hove-albion-vs-aston-villa,91321184-4f36-5c7d-80ee-090e5416c822,M. Bizot,2025-26:2,1,90.0,1,,9.9,48.0,fpl_core_insights_detailed,2025-12-03T22:30:00+00:00,GW14,aa78f5df-3e17-5e12-b627-f9e19c605a15,2,14,91321184-4f36-5c7d-80ee-090e5416c822,GK,True
fplcore:25-26-prem-brighton-hove-albion-vs-aston-villa,4fd83b82-ea8a-5022-96ec-5b210b9695b8,B. Kamara,2025-26:2,1,69.0,1,LAM,48.0,43.3,fpl_core_insights_detailed,2025-12-03T22:30:00+00:00,GW14,aa78f5df-3e17-5e12-b627-f9e19c605a15,2,14,4fd83b82-ea8a-5022-96ec-5b210b9695b8,RDM,True
fplcore:25-26-prem-brighton-hove-albion-vs-aston-villa,492c6463-bf4e-50f7-a6c1-23e8693ceea0,A. Onana,2025-26:2,1,90.0,1,RDM,42.7,64.5,fpl_core_insights_detailed,2025-12-03T22:30:00+00:00,GW14,aa78f5df-3e17-5e12-b627-f9e19c605a15,2,14,492c6463-bf4e-50f7-a6c1-23e8693ceea0,LDM,True
fplcore:25-26-prem-brighton-hove-albion-vs-aston-villa,77f6a9da-b2d4-5034-84c5-2580945368b8,M. Rogers,2025-26:2,1,90.0,1,LDM,47.0,75.3,fpl_core_insights_detailed,2025-12-03T22:30:00+00:00,GW14,aa78f5df-3e17-5e12-b627-f9e19c605a15,2,14,77f6a9da-b2d4-5034-84c5-2580945368b8,LAM,True
fplcore:25-26-prem-burnley-vs-crystal-palace,148b32f1-d60d-5cdd-9ffe-a5938fcb8671,M. Dubravka,2025-26:3,1,90.0,1,,12.0,48.6,fpl_core_insights_detailed,2025-12-03T22:30:00+00:00,GW14,0572a4fe-40a7-54ab-9cbf-c3b042e159d3,3,14,148b32f1-d60d-5cdd-9ffe-a5938fcb8671,GK,True
fplcore:25-26-prem-burnley-vs-crystal-palace,4e7d3349-c869-51f6-a9f2-e86405e21be5,D. Henderson,2025-26:8,1,90.0,1,,9.7,49.3,fpl_core_insights_detailed,2025-12-03T22:30:00+00:00,GW14,0572a4fe-40a7-54ab-9cbf-c3b042e159d3,8,14,4e7d3349-c869-51f6-a9f2-e86405e21be5,GK,True
fplcore:25-26-prem-fulham-vs-manchester-city,83056bd2-b742-5b28-b32d-8ba4a3902c61,B. Leno,2025-26:10,1,90.0,1,,8.1,52.0,fpl_core_insights_detailed,2025-12-02T22:30:00+00:00,GW14,e3e558b4-dfae-5b59-9f0b-dabf53d54de1,10,14,83056bd2-b742-5b28-b32d-8ba4a3902c61,GK,True
fplcore:25-26-prem-fulham-vs-manchester-city,67859d1e-575f-5ae4-aa8d-8f36bd11696e,G. Donnarumma,2025-26:13,1,90.0,1,,10.8,50.7,fpl_core_insights_detailed,2025-12-02T22:30:00+00:00,GW14,e3e558b4-dfae-5b59-9f0b-dabf53d54de1,13,14,67859d1e-575f-5ae4-aa8d-8f36bd11696e,GK,True
fplcore:25-26-prem-leeds-united-vs-chelsea,542e61a7-899c-5785-91c5-c76ab1e53e2d,L. Perri,2025-26:11,1,90.0,1,,13.8,51.3,fpl_core_insights_detailed,2025-12-03T23:15:00+00:00,GW14,62f7cf38-5601-51c7-9150-323fbc1141c1,11,14,542e61a7-899c-5785-91c5-c76ab1e53e2d,GK,True
fplcore:25-26-prem-leeds-united-vs-chelsea,412fc00b-6fb5-5606-bb30-04e075a83220,R. Sánchez,2025-26:7,1,90.0,1,,14.3,45.6,fpl_core_insights_detailed,2025-12-03T23:15:00+00:00,GW14,62f7cf38-5601-51c7-9150-323fbc1141c1,7,14,412fc00b-6fb5-5606-bb30-04e075a83220,GK,True
fplcore:25-26-prem-leeds-united-vs-chelsea,fbe43cca-fb14-5420-94d6-3e253d5e57f2,T. Chalobah,2025-26:7,1,90.0,1,RCB,44.8,42.2,fpl_core_insights_detailed,2025-12-03T23:15:00+00:00,GW14,62f7cf38-5601-51c7-9150-323fbc1141c1,7,14,fbe43cca-fb14-5420-94d6-3e253d5e57f2,RB,True
fplcore:25-26-prem-leeds-united-vs-chelsea,1cc11978-28c5-57b6-a8a3-ba979d1349e4,T. Adarabioyo,2025-26:7,1,90.0,1,RB,35.5,39.2,fpl_core_insights_detailed,2025-12-03T23:15:00+00:00,GW14,62f7cf38-5601-51c7-9150-323fbc1141c1,7,14,1cc11978-28c5-57b6-a8a3-ba979d1349e4,RCB,True
fplcore:25-26-prem-liverpool-vs-sunderland,bb7d5990-008e-5f6d-871a-83ec4490dd2d,Alisson,2025-26:12,1,90.0,1,,10.0,48.1,fpl_core_insights_detailed,2025-12-03T23:15:00+00:00,GW14,94d69803-f37d-5075-990d-65d329f2d9e9,12,14,bb7d5990-008e-5f6d-871a-83ec4490dd2d,GK,True
fplcore:25-26-prem-liverpool-vs-sunderland,17b0293a-a54d-554b-bdba-368217c87ad9,R. Roefs,2025-26:17,1,90.0,1,,10.8,51.7,fpl_core_insights_detailed,2025-12-03T23:15:00+00:00,GW14,94d69803-f37d-5075-990d-65d329f2d9e9,17,14,17b0293a-a54d-554b-bdba-368217c87ad9,GK,True
fplcore:25-26-prem-manchester-united-vs-west-ham-united,63a30902-aa79-59d2-bbc6-903ff41e54dc,S. Lammens,2025-26:14,1,90.0,1,,12.3,49.0,fpl_core_insights_detailed,2025-12-04T23:00:00+00:00,GW14,809966fd-8421-56cd-b40d-4368cb080f34,14,14,63a30902-aa79-59d2-bbc6-903ff41e54dc,GK,True
fplcore:25-26-prem-manchester-united-vs-west-ham-united,65910bcc-31a9-56bb-ba12-74e687cd31ec,A. Diallo,2025-26:14,1,90.0,1,RAM,62.1,16.8,fpl_core_insights_detailed,2025-12-04T23:00:00+00:00,GW14,809966fd-8421-56cd-b40d-4368cb080f34,14,14,65910bcc-31a9-56bb-ba12-74e687cd31ec,RWB,True
fplcore:25-26-prem-manchester-united-vs-west-ham-united,8b26f624-9357-5669-9698-f5fda36d4e75,B. Fernandes,2025-26:14,1,90.0,1,RWB,57.7,47.8,fpl_core_insights_detailed,2025-12-04T23:00:00+00:00,GW14,809966fd-8421-56cd-b40d-4368cb080f34,14,14,8b26f624-9357-5669-9698-f5fda36d4e75,LCM,True
fplcore:25-26-prem-manchester-united-vs-west-ham-united,be977983-b55e-52b9-96d5-b98b8b42edbb,B. Mbeumo,2025-26:14,1,90.0,1,ST,69.7,39.5,fpl_core_insights_detailed,2025-12-04T23:00:00+00:00,GW14,809966fd-8421-56cd-b40d-4368cb080f34,14,14,be977983-b55e-52b9-96d5-b98b8b42edbb,RAM,True
fplcore:25-26-prem-manchester-united-vs-west-ham-united,65f4ba88-b61e-51b2-87e8-eed369448f75,J. Zirkzee,2025-26:14,1,77.0,1,LCM,51.2,64.7,fpl_core_insights_detailed,2025-12-04T23:00:00+00:00,GW14,809966fd-8421-56cd-b40d-4368cb080f34,14,14,65f4ba88-b61e-51b2-87e8-eed369448f75,ST,True
fplcore:25-26-prem-manchester-united-vs-west-ham-united,112ec44a-8ec0-5a5a-828a-d330905abb6b,A. Aréola,2025-26:19,1,90.0,1,,8.0,48.4,fpl_core_insights_detailed,2025-12-04T23:00:00+00:00,GW14,809966fd-8421-56cd-b40d-4368cb080f34,19,14,112ec44a-8ec0-5a5a-828a-d330905abb6b,GK,True
fplcore:25-26-prem-manchester-united-vs-west-ham-united,a0539466-bf5c-5202-baf7-336484f9a7c3,F. Potts,2025-26:19,1,82.0,1,LAM,52.0,51.0,fpl_core_insights_detailed,2025-12-04T23:00:00+00:00,GW14,809966fd-8421-56cd-b40d-4368cb080f34,19,14,a0539466-bf5c-5202-baf7-336484f9a7c3,LDM,True
fplcore:25-26-prem-manchester-united-vs-west-ham-united,79420363-80f0-5eb5-bef5-e1e31f62877c,M. Fernandes,2025-26:19,1,90.0,1,LDM,49.4,51.8,fpl_core_insights_detailed,2025-12-04T23:00:00+00:00,GW14,809966fd-8421-56cd-b40d-4368cb080f34,19,14,79420363-80f0-5eb5-bef5-e1e31f62877c,LAM,True
fplcore:25-26-prem-newcastle-united-vs-tottenham-hotspur,ef597ccf-9296-5f73-a908-245e5d67b0ef,A. Ramsdale,2025-26:15,1,90.0,1,,12.5,48.0,fpl_core_insights_detailed,2025-12-02T23:15:00+00:00,GW14,eaa3f956-e0ee-5f00-88e9-8adbf8510d20,15,14,ef597ccf-9296-5f73-a908-245e5d67b0ef,GK,True
fplcore:25-26-prem-newcastle-united-vs-tottenham-hotspur,3c77aa9b-7767-5636-9780-0d94d829b326,G. Vicario,2025-26:18,1,90.0,1,,9.2,48.5,fpl_core_insights_detailed,2025-12-02T23:15:00+00:00,GW14,eaa3f956-e0ee-5f00-88e9-8adbf8510d20,18,14,3c77aa9b-7767-5636-9780-0d94d829b326,GK,True
fplcore:25-26-prem-wolverhampton-wanderers-vs-nottingham-forest,41af0355-d126-5dc9-b44e-6d3d4ad2661b,S. Johnstone,2025-26:20,1,90.0,1,,11.5,45.8,fpl_core_insights_detailed,2025-12-03T22:30:00+00:00,GW14,59fed88f-bc95-5a38-b94b-181361ea581e,20,14,41af0355-d126-5dc9-b44e-6d3d4ad2661b,GK,True
fplcore:25-26-prem-wolverhampton-wanderers-vs-nottingham-forest,5dfbea2f-beb3-54f9-ad39-1f8f81f8a323,M. Sels,2025-26:16,1,90.0,1,,10.7,48.7,fpl_core_insights_detailed,2025-12-03T22:30:00+00:00,GW14,59fed88f-bc95-5a38-b94b-181361ea581e,16,14,5dfbea2f-beb3-54f9-ad39-1f8f81f8a323,GK,True
fplcore:25-26-prem-afc-bournemouth-vs-chelsea,aec63649-ffe1-5e88-829b-d1e462e7e679,Đ. Petrović,2025-26:4,1,90.0,1,,10.8,52.4,fpl_core_insights_detailed,2025-12-06T18:00:00+00:00,GW15,9e57b3ae-6dcb-51e6-9a51-229f160d00c2,4,15,aec63649-ffe1-5e88-829b-d1e462e7e679,GK,True
fplcore:25-26-prem-afc-bournemouth-vs-chelsea,412fc00b-6fb5-5606-bb30-04e075a83220,R. Sánchez,2025-26:7,1,90.0,1,,10.7,48.9,fpl_core_insights_detailed,2025-12-06T18:00:00+00:00,GW15,9e57b3ae-6dcb-51e6-9a51-229f160d00c2,7,15,412fc00b-6fb5-5606-bb30-04e075a83220,GK,True
fplcore:25-26-prem-afc-bournemouth-vs-chelsea,3655e646-d6d9-51ce-a14d-bed863d96c3c,R. James,2025-26:7,1,90.0,1,LDM,41.8,55.5,fpl_core_insights_detailed,2025-12-06T18:00:00+00:00,GW15,9e57b3ae-6dcb-51e6-9a51-229f160d00c2,7,15,3655e646-d6d9-51ce-a14d-bed863d96c3c,RDM,True
fplcore:25-26-prem-afc-bournemouth-vs-chelsea,5b51fc3a-1f45-56e1-9ecc-0bda87474227,E. Fernández,2025-26:7,1,90.0,1,RDM,50.0,41.0,fpl_core_insights_detailed,2025-12-06T18:00:00+00:00,GW15,9e57b3ae-6dcb-51e6-9a51-229f160d00c2,7,15,5b51fc3a-1f45-56e1-9ecc-0bda87474227,LDM,True
fplcore:25-26-prem-aston-villa-vs-arsenal,db76d454-818a-5043-8d04-22e24f696027,E. Martínez,2025-26:2,1,90.0,1,,10.3,50.8,fpl_core_insights_detailed,2025-12-06T15:30:00+00:00,GW15,f2994272-69c1-58e9-ab08-6cc2919f2905,2,15,db76d454-818a-5043-8d04-22e24f696027,GK,True
fplcore:25-26-prem-aston-villa-vs-arsenal,9ac55e79-9cb2-5ac5-ae8c-6a2ebd620277,D. Raya,2025-26:1,1,90.0,1,,10.1,49.5,fpl_core_insights_detailed,2025-12-06T15:30:00+00:00,GW15,f2994272-69c1-58e9-ab08-6cc2919f2905,1,15,9ac55e79-9cb2-5ac5-ae8c-6a2ebd620277,GK,True
fplcore:25-26-prem-brighton-hove-albion-vs-west-ham-united,9720eb96-9da3-5717-9ed4-45874361e243,B. Verbruggen,2025-26:6,1,90.0,1,,11.8,47.3,fpl_core_insights_detailed,2025-12-07T17:00:00+00:00,GW15,0e7ba61b-ba50-5dc3-b3b1-c1e0f68c809d,6,15,9720eb96-9da3-5717-9ed4-45874361e243,GK,True
fplcore:25-26-prem-brighton-hove-albion-vs-west-ham-united,112ec44a-8ec0-5a5a-828a-d330905abb6b,A. Aréola,2025-26:19,1,90.0,1,,7.2,52.2,fpl_core_insights_detailed,2025-12-07T17:00:00+00:00,GW15,0e7ba61b-ba50-5dc3-b3b1-c1e0f68c809d,19,15,112ec44a-8ec0-5a5a-828a-d330905abb6b,GK,True
fplcore:25-26-prem-everton-vs-nottingham-forest,57881605-ab70-5c0d-865f-433201de3f6f,J. Pickford,2025-26:9,1,90.0,1,,16.3,59.2,fpl_core_insights_detailed,2025-12-06T18:00:00+00:00,GW15,161be026-996d-518f-a6ee-b1302d960b18,9,15,57881605-ab70-5c0d-865f-433201de3f6f,GK,True
fplcore:25-26-prem-everton-vs-nottingham-forest,444bfe5b-015a-5ec2-ac21-34fd780e0aa5,J. Garner,2025-26:9,1,90.0,1,LAM,56.3,53.9,fpl_core_insights_detailed,2025-12-06T18:00:00+00:00,GW15,161be026-996d-518f-a6ee-b1302d960b18,9,15,444bfe5b-015a-5ec2-ac21-34fd780e0aa5,RDM,True
fplcore:25-26-prem-everton-vs-nottingham-forest,1993b39f-9a1a-5805-bce4-6ff7cb40ebde,K. Dewsbury-Hall,2025-26:9,1,90.0,1,RDM,47.0,60.8,fpl_core_insights_detailed,2025-12-06T18:00:00+00:00,GW15,161be026-996d-518f-a6ee-b1302d960b18,9,15,1993b39f-9a1a-5805-bce4-6ff7cb40ebde,LDM,True
fplcore:25-26-prem-everton-vs-nottingham-forest,70f73e4b-067e-5b9a-9c56-6049178d3e61,J. Grealish,2025-26:9,1,85.0,1,LDM,48.8,83.4,fpl_core_insights_detailed,2025-12-06T18:00:00+00:00,GW15,161be026-996d-518f-a6ee-b1302d960b18,9,15,70f73e4b-067e-5b9a-9c56-6049178d3e61,LAM,True
fplcore:25-26-prem-everton-vs-nottingham-forest,5dfbea2f-beb3-54f9-ad39-1f8f81f8a323,M. Sels,2025-26:16,1,90.0,1,,10.1,48.1,fpl_core_insights_detailed,2025-12-06T18:00:00+00:00,GW15,161be026-996d-518f-a6ee-b1302d960b18,16,15,5dfbea2f-beb3-54f9-ad39-1f8f81f8a323,GK,True
fplcore:25-26-prem-fulham-vs-crystal-palace,83056bd2-b742-5b28-b32d-8ba4a3902c61,B. Leno,2025-26:10,1,90.0,1,,11.5,49.8,fpl_core_insights_detailed,2025-12-07T19:30:00+00:00,GW15,8fe70f27-a3ff-5eb6-b3a7-3673a0dbc709,10,15,83056bd2-b742-5b28-b32d-8ba4a3902c61,GK,True
fplcore:25-26-prem-fulham-vs-crystal-palace,f0504a37-2a31-5f04-8704-2c307c2384cd,S. Berge,2025-26:10,1,75.0,1,LDM,52.9,60.1,fpl_core_insights_detailed,2025-12-07T19:30:00+00:00,GW15,8fe70f27-a3ff-5eb6-b3a7-3673a0dbc709,10,15,f0504a37-2a31-5f04-8704-2c307c2384cd,RDM,True
fplcore:25-26-prem-fulham-vs-crystal-palace,bf6c1651-0779-512e-9c37-3b8ac8c14714,A. Iwobi,2025-26:10,1,88.0,1,RDM,54.8,43.5,fpl_core_insights_detailed,2025-12-07T19:30:00+00:00,GW15,8fe70f27-a3ff-5eb6-b3a7-3673a0dbc709,10,15,bf6c1651-0779-512e-9c37-3b8ac8c14714,LDM,True
fplcore:25-26-prem-fulham-vs-crystal-palace,7f48ec5f-f934-516a-9c1f-84d42bd974ff,E. Smith Rowe,2025-26:10,1,67.0,1,LAM,59.6,71.3,fpl_core_insights_detailed,2025-12-07T19:30:00+00:00,GW15,8fe70f27-a3ff-5eb6-b3a7-3673a0dbc709,10,15,7f48ec5f-f934-516a-9c1f-84d42bd974ff,CAM,True
fplcore:25-26-prem-fulham-vs-crystal-palace,09be2cb2-a90e-562f-8a53-32294044e02f,S. Chukwueze,2025-26:10,1,75.0,1,CAM,59.7,64.9,fpl_core_insights_detailed,2025-12-07T19:30:00+00:00,GW15,8fe70f27-a3ff-5eb6-b3a7-3673a0dbc709,10,15,09be2cb2-a90e-562f-8a53-32294044e02f,LAM,True
fplcore:25-26-prem-fulham-vs-crystal-palace,4e7d3349-c869-51f6-a9f2-e86405e21be5,D. Henderson,2025-26:8,1,90.0,1,,11.1,48.0,fpl_core_insights_detailed,2025-12-07T19:30:00+00:00,GW15,8fe70f27-a3ff-5eb6-b3a7-3673a0dbc709,8,15,4e7d3349-c869-51f6-a9f2-e86405e21be5,GK,True
fplcore:25-26-prem-fulham-vs-crystal-palace,d7ab42eb-50da-5a3f-a583-fdf38b0d2cfe,D. Kamada,2025-26:8,1,90.0,1,LWB,48.5,56.9,fpl_core_insights_detailed,2025-12-07T19:30:00+00:00,GW15,8fe70f27-a3ff-5eb6-b3a7-3673a0dbc709,8,15,d7ab42eb-50da-5a3f-a583-fdf38b0d2cfe,LCM,True
fplcore:25-26-prem-fulham-vs-crystal-palace,4406998b-108e-54ac-90cf-ff22cdf7c565,T. Mitchell,2025-26:8,1,90.0,1,LAM,49.5,83.4,fpl_core_insights_detailed,2025-12-07T19:30:00+00:00,GW15,8fe70f27-a3ff-5eb6-b3a7-3673a0dbc709,8,15,4406998b-108e-54ac-90cf-ff22cdf7c565,LWB,True
fplcore:25-26-prem-fulham-vs-crystal-palace,1f91ab10-338d-519d-85b9-048aa573cfc2,E. Nketiah,2025-26:8,1,64.0,1,ST,58.7,31.5,fpl_core_insights_detailed,2025-12-07T19:30:00+00:00,GW15,8fe70f27-a3ff-5eb6-b3a7-3673a0dbc709,8,15,1f91ab10-338d-519d-85b9-048aa573cfc2,RAM,True
fplcore:25-26-prem-fulham-vs-crystal-palace,1e4afd94-5426-54f5-893e-eea93b538667,Y. Pino,2025-26:8,1,90.0,1,RAM,54.8,57.8,fpl_core_insights_detailed,2025-12-07T19:30:00+00:00,GW15,8fe70f27-a3ff-5eb6-b3a7-3673a0dbc709,8,15,1e4afd94-5426-54f5-893e-eea93b538667,LAM,True
fplcore:25-26-prem-fulham-vs-crystal-palace,7b9dc65d-483e-5ff9-af51-946aceed51e9,J. Mateta,2025-26:8,1,65.0,1,LCM,48.6,45.5,fpl_core_insights_detailed,2025-12-07T19:30:00+00:00,GW15,8fe70f27-a3ff-5eb6-b3a7-3673a0dbc709,8,15,7b9dc65d-483e-5ff9-af51-946aceed51e9,ST,True
fplcore:25-26-prem-leeds-united-vs-liverpool,542e61a7-899c-5785-91c5-c76ab1e53e2d,L. Perri,2025-26:11,1,90.0,1,,11.9,50.4,fpl_core_insights_detailed,2025-12-06T20:30:00+00:00,GW15,9c5f2c33-7207-5f92-a17d-6e8bdba981ee,11,15,542e61a7-899c-5785-91c5-c76ab1e53e2d,GK,True
fplcore:25-26-prem-leeds-united-vs-liverpool,bb7d5990-008e-5f6d-871a-83ec4490dd2d,Alisson,2025-26:12,1,90.0,1,,11.0,46.7,fpl_core_insights_detailed,2025-12-06T20:30:00+00:00,GW15,9c5f2c33-7207-5f92-a17d-6e8bdba981ee,12,15,bb7d5990-008e-5f6d-871a-83ec4490dd2d,GK,True
fplcore:25-26-prem-manchester-city-vs-sunderland,67859d1e-575f-5ae4-aa8d-8f36bd11696e,G. Donnarumma,2025-26:13,1,90.0,1,,10.8,48.5,fpl_core_insights_detailed,2025-12-06T18:00:00+00:00,GW15,385a2e38-f5dd-560d-affb-a09e9825b881,13,15,67859d1e-575f-5ae4-aa8d-8f36bd11696e,GK,True
fplcore:25-26-prem-manchester-city-vs-sunderland,17b0293a-a54d-554b-bdba-368217c87ad9,R. Roefs,2025-26:17,1,90.0,1,,12.6,52.0,fpl_core_insights_detailed,2025-12-06T18:00:00+00:00,GW15,385a2e38-f5dd-560d-affb-a09e9825b881,17,15,17b0293a-a54d-554b-bdba-368217c87ad9,GK,True
fplcore:25-26-prem-manchester-city-vs-sunderland,e5098785-f2ed-5b29-af5e-f569a62ab2c0,N. Sadiki,2025-26:17,1,71.0,1,LW,33.8,62.2,fpl_core_insights_detailed,2025-12-06T18:00:00+00:00,GW15,385a2e38-f5dd-560d-affb-a09e9825b881,17,15,e5098785-f2ed-5b29-af5e-f569a62ab2c0,LCM,True
fplcore:25-26-prem-manchester-city-vs-sunderland,40b6a84e-8e7e-529b-8b4e-a2979b1bc8e4,E. Le Fée,2025-26:17,1,90.0,1,LCM,46.0,60.7,fpl_core_insights_detailed,2025-12-06T18:00:00+00:00,GW15,385a2e38-f5dd-560d-affb-a09e9825b881,17,15,40b6a84e-8e7e-529b-8b4e-a2979b1bc8e4,LW,True
fplcore:25-26-prem-newcastle-united-vs-burnley,ef597ccf-9296-5f73-a908-245e5d67b0ef,A. Ramsdale,2025-26:15,1,90.0,1,,12.7,51.5,fpl_core_insights_detailed,2025-12-06T18:00:00+00:00,GW15,7cc7d4b7-6a83-5f96-9b03-80f8c0617320,15,15,ef597ccf-9296-5f73-a908-245e5d67b0ef,GK,True
fplcore:25-26-prem-newcastle-united-vs-burnley,148b32f1-d60d-5cdd-9ffe-a5938fcb8671,M. Dúbravka,2025-26:3,1,90.0,1,,10.2,51.9,fpl_core_insights_detailed,2025-12-06T18:00:00+00:00,GW15,7cc7d4b7-6a83-5f96-9b03-80f8c0617320,3,15,148b32f1-d60d-5cdd-9ffe-a5938fcb8671,GK,True
fplcore:25-26-prem-tottenham-hotspur-vs-brentford,3c77aa9b-7767-5636-9780-0d94d829b326,G. Vicario,2025-26:18,1,90.0,1,,12.3,53.3,fpl_core_insights_detailed,2025-12-06T18:00:00+00:00,GW15,416fc356-a782-5aa6-8e29-0539435fa14f,18,15,3c77aa9b-7767-5636-9780-0d94d829b326,GK,True
fplcore:25-26-prem-tottenham-hotspur-vs-brentford,3cfeb2a8-cad5-5980-9946-aecc5eb2b011,C. Kelleher,2025-26:5,1,90.0,1,,11.5,48.9,fpl_core_insights_detailed,2025-12-06T18:00:00+00:00,GW15,416fc356-a782-5aa6-8e29-0539435fa14f,5,15,3cfeb2a8-cad5-5980-9946-aecc5eb2b011,GK,True
fplcore:25-26-prem-wolverhampton-wanderers-vs-manchester-united,41af0355-d126-5dc9-b44e-6d3d4ad2661b,S. Johnstone,2025-26:20,1,90.0,1,,13.7,48.8,fpl_core_insights_detailed,2025-12-08T23:00:00+00:00,GW15,76161ee8-c5fb-521b-902c-5475be1d46b4,20,15,41af0355-d126-5dc9-b44e-6d3d4ad2661b,GK,True
fplcore:25-26-prem-wolverhampton-wanderers-vs-manchester-united,b6e20f32-3f8f-5d7f-b0b7-140bc97b69fe,Y. Mosquera,2025-26:20,1,90.0,1,RWB,50.8,29.9,fpl_core_insights_detailed,2025-12-08T23:00:00+00:00,GW15,76161ee8-c5fb-521b-902c-5475be1d46b4,20,15,b6e20f32-3f8f-5d7f-b0b7-140bc97b69fe,RCB,True
fplcore:25-26-prem-wolverhampton-wanderers-vs-manchester-united,5e05a265-c5a6-5d89-b646-3db7a5e9e98e,K. Hoever,2025-26:20,1,85.0,1,RCB,46.4,16.7,fpl_core_insights_detailed,2025-12-08T23:00:00+00:00,GW15,76161ee8-c5fb-521b-902c-5475be1d46b4,20,15,5e05a265-c5a6-5d89-b646-3db7a5e9e98e,RWB,True
fplcore:25-26-prem-wolverhampton-wanderers-vs-manchester-united,00cc549f-a9f0-54b0-8cbc-ef47c7f8251b,André,2025-26:20,1,90.0,1,LWB,50.5,52.4,fpl_core_insights_detailed,2025-12-08T23:00:00+00:00,GW15,76161ee8-c5fb-521b-902c-5475be1d46b4,20,15,00cc549f-a9f0-54b0-8cbc-ef47c7f8251b,RCM,True
fplcore:25-26-prem-wolverhampton-wanderers-vs-manchester-united,aa986b3e-e0d4-5c58-b3da-46a8810d3ca9,L. Krejčí,2025-26:20,1,90.0,1,RCM,50.9,50.2,fpl_core_insights_detailed,2025-12-08T23:00:00+00:00,GW15,76161ee8-c5fb-521b-902c-5475be1d46b4,20,15,aa986b3e-e0d4-5c58-b3da-46a8810d3ca9,LCM,True
fplcore:25-26-prem-wolverhampton-wanderers-vs-manchester-united,3a3da8a7-b40c-5129-bab5-9c920e3a58ab,D. M. Wolfe,2025-26:20,1,90.0,1,LAM,54.2,79.0,fpl_core_insights_detailed,2025-12-08T23:00:00+00:00,GW15,76161ee8-c5fb-521b-902c-5475be1d46b4,20,15,3a3da8a7-b40c-5129-bab5-9c920e3a58ab,LWB,True
fplcore:25-26-prem-wolverhampton-wanderers-vs-manchester-united,762b7b12-29aa-5f0f-aef0-ca1bf2237692,J. Arias,2025-26:20,1,69.0,1,LCM,51.0,52.2,fpl_core_insights_detailed,2025-12-08T23:00:00+00:00,GW15,76161ee8-c5fb-521b-902c-5475be1d46b4,20,15,762b7b12-29aa-5f0f-aef0-ca1bf2237692,RAM,True
fplcore:25-26-prem-wolverhampton-wanderers-vs-manchester-united,ebd46261-67a5-56cc-9b55-02bde7f16bba,J.-R. Bellegarde,2025-26:20,1,53.0,1,ST,57.5,65.0,fpl_core_insights_detailed,2025-12-08T23:00:00+00:00,GW15,76161ee8-c5fb-521b-902c-5475be1d46b4,20,15,ebd46261-67a5-56cc-9b55-02bde7f16bba,LAM,True
fplcore:25-26-prem-wolverhampton-wanderers-vs-manchester-united,b6fb865b-2ea3-5f14-9db7-b2b1c2d82003,J. S. Larsen,2025-26:20,1,68.0,1,RAM,56.6,34.7,fpl_core_insights_detailed,2025-12-08T23:00:00+00:00,GW15,76161ee8-c5fb-521b-902c-5475be1d46b4,20,15,b6fb865b-2ea3-5f14-9db7-b2b1c2d82003,ST,True
fplcore:25-26-prem-wolverhampton-wanderers-vs-manchester-united,63a30902-aa79-59d2-bbc6-903ff41e54dc,S. Lammens,2025-26:14,1,90.0,1,,10.0,49.3,fpl_core_insights_detailed,2025-12-08T23:00:00+00:00,GW15,76161ee8-c5fb-521b-902c-5475be1d46b4,14,15,63a30902-aa79-59d2-bbc6-903ff41e54dc,GK,True
fplcore:25-26-prem-wolverhampton-wanderers-vs-manchester-united,65910bcc-31a9-56bb-ba12-74e687cd31ec,A. Diallo,2025-26:14,1,90.0,1,RAM,59.4,18.9,fpl_core_insights_detailed,2025-12-08T23:00:00+00:00,GW15,76161ee8-c5fb-521b-902c-5475be1d46b4,14,15,65910bcc-31a9-56bb-ba12-74e687cd31ec,RWB,True
fplcore:25-26-prem-wolverhampton-wanderers-vs-manchester-united,8b26f624-9357-5669-9698-f5fda36d4e75,B. Fernandes,2025-26:14,1,90.0,1,LAM,58.0,56.1,fpl_core_insights_detailed,2025-12-08T23:00:00+00:00,GW15,76161ee8-c5fb-521b-902c-5475be1d46b4,14,15,8b26f624-9357-5669-9698-f5fda36d4e75,LCM,True
fplcore:25-26-prem-wolverhampton-wanderers-vs-manchester-united,be977983-b55e-52b9-96d5-b98b8b42edbb,B. Mbeumo,2025-26:14,1,90.0,1,RWB,54.5,31.0,fpl_core_insights_detailed,2025-12-08T23:00:00+00:00,GW15,76161ee8-c5fb-521b-902c-5475be1d46b4,14,15,be977983-b55e-52b9-96d5-b98b8b42edbb,RAM,True
fplcore:25-26-prem-wolverhampton-wanderers-vs-manchester-united,6a3d319d-e848-56e0-bc06-707ee4149c24,M. Mount,2025-26:14,1,83.0,1,LCM,54.0,73.0,fpl_core_insights_detailed,2025-12-08T23:00:00+00:00,GW15,76161ee8-c5fb-521b-902c-5475be1d46b4,14,15,6a3d319d-e848-56e0-bc06-707ee4149c24,LAM,True
fplcore:25-26-prem-arsenal-vs-wolverhampton-wanderers,9ac55e79-9cb2-5ac5-ae8c-6a2ebd620277,D. Raya,2025-26:1,1,90.0,1,,15.7,49.1,fpl_core_insights_detailed,2025-12-13T23:00:00+00:00,GW16,2b27249b-c3e7-53f2-b5d3-27db5ee42001,1,16,9ac55e79-9cb2-5ac5-ae8c-6a2ebd620277,GK,True
fplcore:25-26-prem-arsenal-vs-wolverhampton-wanderers,b6572497-1067-596a-a218-6e465214dcc8,B. White,2025-26:1,1,30.0,1,RCB,58.4,25.2,fpl_core_insights_detailed,2025-12-13T23:00:00+00:00,GW16,2b27249b-c3e7-53f2-b5d3-27db5ee42001,1,16,b6572497-1067-596a-a218-6e465214dcc8,RB,True
fplcore:25-26-prem-arsenal-vs-wolverhampton-wanderers,77962072-d0d7-5304-8c20-9a75adfd2936,J. Timber,2025-26:1,1,90.0,1,RB,57.2,21.1,fpl_core_insights_detailed,2025-12-13T23:00:00+00:00,GW16,2b27249b-c3e7-53f2-b5d3-27db5ee42001,1,16,77962072-d0d7-5304-8c20-9a75adfd2936,RCB,True
fplcore:25-26-prem-arsenal-vs-wolverhampton-wanderers,41af0355-d126-5dc9-b44e-6d3d4ad2661b,S. Johnstone,2025-26:20,1,90.0,1,,9.1,50.1,fpl_core_insights_detailed,2025-12-13T23:00:00+00:00,GW16,2b27249b-c3e7-53f2-b5d3-27db5ee42001,20,16,41af0355-d126-5dc9-b44e-6d3d4ad2661b,GK,True
fplcore:25-26-prem-brentford-vs-leeds-united,3cfeb2a8-cad5-5980-9946-aecc5eb2b011,C. Kelleher,2025-26:5,1,90.0,1,,13.4,48.2,fpl_core_insights_detailed,2025-12-14T19:30:00+00:00,GW16,8aeac961-7d74-5e18-a740-57baeae2bdb4,5,16,3cfeb2a8-cad5-5980-9946-aecc5eb2b011,GK,True
fplcore:25-26-prem-brentford-vs-leeds-united,542e61a7-899c-5785-91c5-c76ab1e53e2d,L. Perri,2025-26:11,1,90.0,1,,10.4,50.0,fpl_core_insights_detailed,2025-12-14T19:30:00+00:00,GW16,8aeac961-7d74-5e18-a740-57baeae2bdb4,11,16,542e61a7-899c-5785-91c5-c76ab1e53e2d,GK,True
fplcore:25-26-prem-burnley-vs-fulham,148b32f1-d60d-5cdd-9ffe-a5938fcb8671,M. Dúbravka,2025-26:3,1,90.0,1,,13.8,50.8,fpl_core_insights_detailed,2025-12-13T20:30:00+00:00,GW16,5be2ebab-2acf-548d-bf8d-dba7d47b1664,3,16,148b32f1-d60d-5cdd-9ffe-a5938fcb8671,GK,True
fplcore:25-26-prem-burnley-vs-fulham,032150f9-1246-5989-8ac4-532f1e3bce74,L. Ugochukwu,2025-26:3,1,82.0,1,CM,61.4,50.5,fpl_core_insights_detailed,2025-12-13T20:30:00+00:00,GW16,5be2ebab-2acf-548d-bf8d-dba7d47b1664,3,16,032150f9-1246-5989-8ac4-532f1e3bce74,RCM,True
fplcore:25-26-prem-burnley-vs-fulham,eef1cb4a-8a4c-5cee-9eac-636079e4d785,J. Cullen,2025-26:3,1,90.0,1,RCM,49.6,41.9,fpl_core_insights_detailed,2025-12-13T20:30:00+00:00,GW16,5be2ebab-2acf-548d-bf8d-dba7d47b1664,3,16,eef1cb4a-8a4c-5cee-9eac-636079e4d785,CM,True
fplcore:25-26-prem-burnley-vs-fulham,83056bd2-b742-5b28-b32d-8ba4a3902c61,B. Leno,2025-26:10,1,90.0,1,,7.5,50.4,fpl_core_insights_detailed,2025-12-13T20:30:00+00:00,GW16,5be2ebab-2acf-548d-bf8d-dba7d47b1664,10,16,83056bd2-b742-5b28-b32d-8ba4a3902c61,GK,True
fplcore:25-26-prem-burnley-vs-fulham,f0504a37-2a31-5f04-8704-2c307c2384cd,S. Berge,2025-26:10,1,90.0,1,LDM,37.8,55.4,fpl_core_insights_detailed,2025-12-13T20:30:00+00:00,GW16,5be2ebab-2acf-548d-bf8d-dba7d47b1664,10,16,f0504a37-2a31-5f04-8704-2c307c2384cd,RDM,True
fplcore:25-26-prem-burnley-vs-fulham,bf6c1651-0779-512e-9c37-3b8ac8c14714,A. Iwobi,2025-26:10,1,78.0,1,RDM,44.3,35.4,fpl_core_insights_detailed,2025-12-13T20:30:00+00:00,GW16,5be2ebab-2acf-548d-bf8d-dba7d47b1664,10,16,bf6c1651-0779-512e-9c37-3b8ac8c14714,LDM,True
fplcore:25-26-prem-chelsea-vs-everton,412fc00b-6fb5-5606-bb30-04e075a83220,R. Sánchez,2025-26:7,1,90.0,1,,11.0,47.6,fpl_core_insights_detailed,2025-12-13T18:00:00+00:00,GW16,f3830f70-99ba-5795-b2b4-04ef18a663ff,7,16,412fc00b-6fb5-5606-bb30-04e075a83220,GK,True
fplcore:25-26-prem-chelsea-vs-everton,57881605-ab70-5c0d-865f-433201de3f6f,J. Pickford,2025-26:9,1,90.0,1,,11.3,52.8,fpl_core_insights_detailed,2025-12-13T18:00:00+00:00,GW16,f3830f70-99ba-5795-b2b4-04ef18a663ff,9,16,57881605-ab70-5c0d-865f-433201de3f6f,GK,True
fplcore:25-26-prem-chelsea-vs-everton,1993b39f-9a1a-5805-bce4-6ff7cb40ebde,K. Dewsbury-Hall,2025-26:9,1,15.0,1,LAM,67.3,81.3,fpl_core_insights_detailed,2025-12-13T18:00:00+00:00,GW16,f3830f70-99ba-5795-b2b4-04ef18a663ff,9,16,1993b39f-9a1a-5805-bce4-6ff7cb40ebde,CAM,True
fplcore:25-26-prem-chelsea-vs-everton,70f73e4b-067e-5b9a-9c56-6049178d3e61,J. Grealish,2025-26:9,1,83.0,1,CAM,61.6,77.8,fpl_core_insights_detailed,2025-12-13T18:00:00+00:00,GW16,f3830f70-99ba-5795-b2b4-04ef18a663ff,9,16,70f73e4b-067e-5b9a-9c56-6049178d3e61,LAM,True
fplcore:25-26-prem-crystal-palace-vs-manchester-city,4e7d3349-c869-51f6-a9f2-e86405e21be5,D. Henderson,2025-26:8,1,90.0,1,,11.8,48.2,fpl_core_insights_detailed,2025-12-14T17:00:00+00:00,GW16,0e93a5b1-08f9-5cd6-8fcf-388d89ff37d2,8,16,4e7d3349-c869-51f6-a9f2-e86405e21be5,GK,True
fplcore:25-26-prem-crystal-palace-vs-manchester-city,73fbac33-4713-58ec-b9bd-242dfec592a2,A. Wharton,2025-26:8,1,90.0,1,LCM,51.5,40.2,fpl_core_insights_detailed,2025-12-14T17:00:00+00:00,GW16,0e93a5b1-08f9-5cd6-8fcf-388d89ff37d2,8,16,73fbac33-4713-58ec-b9bd-242dfec592a2,RCM,True
fplcore:25-26-prem-crystal-palace-vs-manchester-city,d7ab42eb-50da-5a3f-a583-fdf38b0d2cfe,D. Kamada,2025-26:8,1,66.0,1,RAM,54.3,63.2,fpl_core_insights_detailed,2025-12-14T17:00:00+00:00,GW16,0e93a5b1-08f9-5cd6-8fcf-388d89ff37d2,8,16,d7ab42eb-50da-5a3f-a583-fdf38b0d2cfe,LCM,True
fplcore:25-26-prem-crystal-palace-vs-manchester-city,9a90c10b-4796-5eda-a505-8db9bc21605d,I. Sarr,2025-26:8,1,90.0,1,RCM,51.7,26.1,fpl_core_insights_detailed,2025-12-14T17:00:00+00:00,GW16,0e93a5b1-08f9-5cd6-8fcf-388d89ff37d2,8,16,9a90c10b-4796-5eda-a505-8db9bc21605d,RAM,True
fplcore:25-26-prem-crystal-palace-vs-manchester-city,67859d1e-575f-5ae4-aa8d-8f36bd11696e,G. Donnarumma,2025-26:13,1,90.0,1,,8.3,50.0,fpl_core_insights_detailed,2025-12-14T17:00:00+00:00,GW16,0e93a5b1-08f9-5cd6-8fcf-388d89ff37d2,13,16,67859d1e-575f-5ae4-aa8d-8f36bd11696e,GK,True
fplcore:25-26-prem-crystal-palace-vs-manchester-city,138e28b4-ff6e-5598-bbd5-0b255b509b73,T. Reijnders,2025-26:13,1,84.0,1,LAM,58.6,51.1,fpl_core_insights_detailed,2025-12-14T17:00:00+00:00,GW16,0e93a5b1-08f9-5cd6-8fcf-388d89ff37d2,13,16,138e28b4-ff6e-5598-bbd5-0b255b509b73,LCM,True
fplcore:25-26-prem-crystal-palace-vs-manchester-city,f717009d-d433-5fa0-9cf5-1e081478a8f1,P. Foden,2025-26:13,1,90.0,1,LCM,49.0,62.2,fpl_core_insights_detailed,2025-12-14T17:00:00+00:00,GW16,0e93a5b1-08f9-5cd6-8fcf-388d89ff37d2,13,16,f717009d-d433-5fa0-9cf5-1e081478a8f1,LAM,True
fplcore:25-26-prem-liverpool-vs-brighton-hove-albion,bb7d5990-008e-5f6d-871a-83ec4490dd2d,Alisson,2025-26:12,1,90.0,1,,12.1,49.8,fpl_core_insights_detailed,2025-12-13T18:00:00+00:00,GW16,1f746faa-d647-5207-bd22-ded4486d91ee,12,16,bb7d5990-008e-5f6d-871a-83ec4490dd2d,GK,True
fplcore:25-26-prem-liverpool-vs-brighton-hove-albion,9720eb96-9da3-5717-9ed4-45874361e243,B. Verbruggen,2025-26:6,1,90.0,1,,11.1,49.3,fpl_core_insights_detailed,2025-12-13T18:00:00+00:00,GW16,1f746faa-d647-5207-bd22-ded4486d91ee,6,16,9720eb96-9da3-5717-9ed4-45874361e243,GK,True
fplcore:25-26-prem-manchester-united-vs-afc-bournemouth,63a30902-aa79-59d2-bbc6-903ff41e54dc,S. Lammens,2025-26:14,1,90.0,1,,9.6,49.6,fpl_core_insights_detailed,2025-12-15T23:00:00+00:00,GW16,71906a6f-7080-5a6b-a3dd-ef11bafcaa14,14,16,63a30902-aa79-59d2-bbc6-903ff41e54dc,GK,True
fplcore:25-26-prem-manchester-united-vs-afc-bournemouth,65910bcc-31a9-56bb-ba12-74e687cd31ec,A. Diallo,2025-26:14,1,90.0,1,ST,67.2,19.9,fpl_core_insights_detailed,2025-12-15T23:00:00+00:00,GW16,71906a6f-7080-5a6b-a3dd-ef11bafcaa14,14,16,65910bcc-31a9-56bb-ba12-74e687cd31ec,RWB,True
fplcore:25-26-prem-manchester-united-vs-afc-bournemouth,8b26f624-9357-5669-9698-f5fda36d4e75,B. Fernandes,2025-26:14,1,90.0,1,RWB,55.0,48.7,fpl_core_insights_detailed,2025-12-15T23:00:00+00:00,GW16,71906a6f-7080-5a6b-a3dd-ef11bafcaa14,14,16,8b26f624-9357-5669-9698-f5fda36d4e75,RCM,True
fplcore:25-26-prem-manchester-united-vs-afc-bournemouth,e037fafa-e08a-50a4-8014-a43e6c2d13a4,Casemiro,2025-26:14,1,60.0,1,RCM,48.7,51.7,fpl_core_insights_detailed,2025-12-15T23:00:00+00:00,GW16,71906a6f-7080-5a6b-a3dd-ef11bafcaa14,14,16,e037fafa-e08a-50a4-8014-a43e6c2d13a4,LCM,True
fplcore:25-26-prem-manchester-united-vs-afc-bournemouth,1b9763d0-3c26-574c-9903-2c98b8431990,M. Cunha,2025-26:14,1,90.0,1,LCM,58.7,57.4,fpl_core_insights_detailed,2025-12-15T23:00:00+00:00,GW16,71906a6f-7080-5a6b-a3dd-ef11bafcaa14,14,16,1b9763d0-3c26-574c-9903-2c98b8431990,ST,True
fplcore:25-26-prem-manchester-united-vs-afc-bournemouth,aec63649-ffe1-5e88-829b-d1e462e7e679,Đ. Petrović,2025-26:4,1,90.0,1,,7.6,49.4,fpl_core_insights_detailed,2025-12-15T23:00:00+00:00,GW16,71906a6f-7080-5a6b-a3dd-ef11bafcaa14,4,16,aec63649-ffe1-5e88-829b-d1e462e7e679,GK,True
fplcore:25-26-prem-manchester-united-vs-afc-bournemouth,8ddc00f8-7aec-56e5-a5ba-d916b5ee5129,M. Tavernier,2025-26:4,1,90.0,1,LDM,57.0,55.2,fpl_core_insights_detailed,2025-12-15T23:00:00+00:00,GW16,71906a6f-7080-5a6b-a3dd-ef11bafcaa14,4,16,8ddc00f8-7aec-56e5-a5ba-d916b5ee5129,RDM,True
fplcore:25-26-prem-manchester-united-vs-afc-bournemouth,0f8b78a8-3315-50f5-8b1d-435ce1fc41ac,T. Adams,2025-26:4,1,4.0,1,RDM,23.6,39.3,fpl_core_insights_detailed,2025-12-15T23:00:00+00:00,GW16,71906a6f-7080-5a6b-a3dd-ef11bafcaa14,4,16,0f8b78a8-3315-50f5-8b1d-435ce1fc41ac,LDM,True
fplcore:25-26-prem-manchester-united-vs-afc-bournemouth,102764c4-bb3d-515e-a161-665b3bc0daf5,A. Jiménez,2025-26:4,1,90.0,1,LAM,61.7,72.8,fpl_core_insights_detailed,2025-12-15T23:00:00+00:00,GW16,71906a6f-7080-5a6b-a3dd-ef11bafcaa14,4,16,102764c4-bb3d-515e-a161-665b3bc0daf5,RAM,True
fplcore:25-26-prem-manchester-united-vs-afc-bournemouth,66ce5aaa-c0e9-5462-8a78-fae312616872,A. Semenyo,2025-26:4,1,90.0,1,RAM,59.8,43.8,fpl_core_insights_detailed,2025-12-15T23:00:00+00:00,GW16,71906a6f-7080-5a6b-a3dd-ef11bafcaa14,4,16,66ce5aaa-c0e9-5462-8a78-fae312616872,LAM,True
fplcore:25-26-prem-nottingham-forest-vs-tottenham-hotspur,45407054-6d20-5e2f-99e1-2e3c19a4a991,John,2025-26:16,1,90.0,1,,11.6,50.2,fpl_core_insights_detailed,2025-12-14T17:00:00+00:00,GW16,cf3a93b4-af6d-5101-b3ee-bc1901dc227c,16,16,45407054-6d20-5e2f-99e1-2e3c19a4a991,GK,True
fplcore:25-26-prem-nottingham-forest-vs-tottenham-hotspur,3c77aa9b-7767-5636-9780-0d94d829b326,G. Vicario,2025-26:18,1,90.0,1,,9.6,50.7,fpl_core_insights_detailed,2025-12-14T17:00:00+00:00,GW16,cf3a93b4-af6d-5101-b3ee-bc1901dc227c,18,16,3c77aa9b-7767-5636-9780-0d94d829b326,GK,True
fplcore:25-26-prem-sunderland-vs-newcastle-united,17b0293a-a54d-554b-bdba-368217c87ad9,R. Roefs,2025-26:17,1,90.0,1,,11.7,52.3,fpl_core_insights_detailed,2025-12-14T17:00:00+00:00,GW16,0a3e665d-f953-5604-8987-06a6fa9102e7,17,16,17b0293a-a54d-554b-bdba-368217c87ad9,GK,True
fplcore:25-26-prem-sunderland-vs-newcastle-united,ef597ccf-9296-5f73-a908-245e5d67b0ef,A. Ramsdale,2025-26:15,1,90.0,1,,13.0,52.1,fpl_core_insights_detailed,2025-12-14T17:00:00+00:00,GW16,0a3e665d-f953-5604-8987-06a6fa9102e7,15,16,ef597ccf-9296-5f73-a908-245e5d67b0ef,GK,True
fplcore:25-26-prem-sunderland-vs-newcastle-united,c7d912b7-acf9-59e7-a5a7-c7e64aed18da,S. Tonali,2025-26:15,1,58.0,1,LCM,39.2,48.8,fpl_core_insights_detailed,2025-12-14T17:00:00+00:00,GW16,0a3e665d-f953-5604-8987-06a6fa9102e7,15,16,c7d912b7-acf9-59e7-a5a7-c7e64aed18da,CM,True
fplcore:25-26-prem-sunderland-vs-newcastle-united,36a8b089-9a84-5fa6-ae4a-59a2994b9494,L. Miley,2025-26:15,1,90.0,1,CM,59.4,47.5,fpl_core_insights_detailed,2025-12-14T17:00:00+00:00,GW16,0a3e665d-f953-5604-8987-06a6fa9102e7,15,16,36a8b089-9a84-5fa6-ae4a-59a2994b9494,LCM,True
fplcore:25-26-prem-west-ham-united-vs-aston-villa,112ec44a-8ec0-5a5a-828a-d330905abb6b,A. Aréola,2025-26:19,1,90.0,1,,10.9,47.3,fpl_core_insights_detailed,2025-12-14T17:00:00+00:00,GW16,c549aaf6-9b75-52fb-ac47-bcfe84a434cc,19,16,112ec44a-8ec0-5a5a-828a-d330905abb6b,GK,True
fplcore:25-26-prem-west-ham-united-vs-aston-villa,91321184-4f36-5c7d-80ee-090e5416c822,M. Bizot,2025-26:2,1,90.0,1,,8.5,48.3,fpl_core_insights_detailed,2025-12-14T17:00:00+00:00,GW16,c549aaf6-9b75-52fb-ac47-bcfe84a434cc,2,16,91321184-4f36-5c7d-80ee-090e5416c822,GK,True
fplcore:25-26-prem-afc-bournemouth-vs-burnley,aec63649-ffe1-5e88-829b-d1e462e7e679,Đ. Petrović,2025-26:4,1,90.0,1,,14.1,48.0,fpl_core_insights_detailed,2025-12-20T18:00:00+00:00,GW17,2db0f7a5-46c0-5813-8d9f-1d3297f860ee,4,17,aec63649-ffe1-5e88-829b-d1e462e7e679,GK,True
fplcore:25-26-prem-afc-bournemouth-vs-burnley,148b32f1-d60d-5cdd-9ffe-a5938fcb8671,M. Dúbravka,2025-26:3,1,90.0,1,,10.9,47.7,fpl_core_insights_detailed,2025-12-20T18:00:00+00:00,GW17,2db0f7a5-46c0-5813-8d9f-1d3297f860ee,3,17,148b32f1-d60d-5cdd-9ffe-a5938fcb8671,GK,True
fplcore:25-26-prem-aston-villa-vs-manchester-united,db76d454-818a-5043-8d04-22e24f696027,E. Martínez,2025-26:2,1,90.0,1,,9.7,49.2,fpl_core_insights_detailed,2025-12-21T19:30:00+00:00,GW17,7109f668-5694-58cc-bad8-14634f9129c8,2,17,db76d454-818a-5043-8d04-22e24f696027,GK,True
fplcore:25-26-prem-aston-villa-vs-manchester-united,63a30902-aa79-59d2-bbc6-903ff41e54dc,S. Lammens,2025-26:14,1,90.0,1,,10.9,49.2,fpl_core_insights_detailed,2025-12-21T19:30:00+00:00,GW17,7109f668-5694-58cc-bad8-14634f9129c8,14,17,63a30902-aa79-59d2-bbc6-903ff41e54dc,GK,True
fplcore:25-26-prem-aston-villa-vs-manchester-united,1bf5a1f9-7275-56b5-888b-e1417d195339,M. Ugarte,2025-26:14,1,72.0,1,LCM,48.4,49.9,fpl_core_insights_detailed,2025-12-21T19:30:00+00:00,GW17,7109f668-5694-58cc-bad8-14634f9129c8,14,17,1bf5a1f9-7275-56b5-888b-e1417d195339,RCM,True
fplcore:25-26-prem-aston-villa-vs-manchester-united,8b26f624-9357-5669-9698-f5fda36d4e75,B. Fernandes,2025-26:14,1,45.0,1,LWB,53.7,58.0,fpl_core_insights_detailed,2025-12-21T19:30:00+00:00,GW17,7109f668-5694-58cc-bad8-14634f9129c8,14,17,8b26f624-9357-5669-9698-f5fda36d4e75,LCM,True
fplcore:25-26-prem-aston-villa-vs-manchester-united,fba35e22-cb10-554f-ad2e-e62d2b5a5da8,P. Dorgu,2025-26:14,1,90.0,1,LAM,63.7,81.5,fpl_core_insights_detailed,2025-12-21T19:30:00+00:00,GW17,7109f668-5694-58cc-bad8-14634f9129c8,14,17,fba35e22-cb10-554f-ad2e-e62d2b5a5da8,LWB,True
fplcore:25-26-prem-aston-villa-vs-manchester-united,6a3d319d-e848-56e0-bc06-707ee4149c24,M. Mount,2025-26:14,1,90.0,1,RCM,63.4,34.7,fpl_core_insights_detailed,2025-12-21T19:30:00+00:00,GW17,7109f668-5694-58cc-bad8-14634f9129c8,14,17,6a3d319d-e848-56e0-bc06-707ee4149c24,RAM,True
fplcore:25-26-prem-aston-villa-vs-manchester-united,1b9763d0-3c26-574c-9903-2c98b8431990,M. Cunha,2025-26:14,1,90.0,1,RAM,63.9,67.3,fpl_core_insights_detailed,2025-12-21T19:30:00+00:00,GW17,7109f668-5694-58cc-bad8-14634f9129c8,14,17,1b9763d0-3c26-574c-9903-2c98b8431990,LAM,True
fplcore:25-26-prem-brighton-hove-albion-vs-sunderland,9720eb96-9da3-5717-9ed4-45874361e243,B. Verbruggen,2025-26:6,1,90.0,1,,13.3,51.5,fpl_core_insights_detailed,2025-12-20T18:00:00+00:00,GW17,f98a53dc-9ef5-55d4-98ce-d435c0f10114,6,17,9720eb96-9da3-5717-9ed4-45874361e243,GK,True
fplcore:25-26-prem-brighton-hove-albion-vs-sunderland,17b0293a-a54d-554b-bdba-368217c87ad9,R. Roefs,2025-26:17,1,90.0,1,,10.5,48.7,fpl_core_insights_detailed,2025-12-20T18:00:00+00:00,GW17,f98a53dc-9ef5-55d4-98ce-d435c0f10114,17,17,17b0293a-a54d-554b-bdba-368217c87ad9,GK,True
fplcore:25-26-prem-everton-vs-arsenal,57881605-ab70-5c0d-865f-433201de3f6f,J. Pickford,2025-26:9,1,90.0,1,,16.1,55.6,fpl_core_insights_detailed,2025-12-20T23:00:00+00:00,GW17,c4521e0a-46d3-51d0-b313-c526ab016f04,9,17,57881605-ab70-5c0d-865f-433201de3f6f,GK,True
fplcore:25-26-prem-everton-vs-arsenal,9ac55e79-9cb2-5ac5-ae8c-6a2ebd620277,D. Raya,2025-26:1,1,90.0,1,,12.0,51.0,fpl_core_insights_detailed,2025-12-20T23:00:00+00:00,GW17,c4521e0a-46d3-51d0-b313-c526ab016f04,1,17,9ac55e79-9cb2-5ac5-ae8c-6a2ebd620277,GK,True
fplcore:25-26-prem-fulham-vs-nottingham-forest,83056bd2-b742-5b28-b32d-8ba4a3902c61,B. Leno,2025-26:10,1,90.0,1,,10.3,49.0,fpl_core_insights_detailed,2025-12-22T23:00:00+00:00,GW17,732fa684-f589-5723-9b83-a8ea202570e3,10,17,83056bd2-b742-5b28-b32d-8ba4a3902c61,GK,True
fplcore:25-26-prem-fulham-vs-nottingham-forest,45407054-6d20-5e2f-99e1-2e3c19a4a991,John,2025-26:16,1,90.0,1,,11.9,48.8,fpl_core_insights_detailed,2025-12-22T23:00:00+00:00,GW17,732fa684-f589-5723-9b83-a8ea202570e3,16,17,45407054-6d20-5e2f-99e1-2e3c19a4a991,GK,True
fplcore:25-26-prem-leeds-united-vs-crystal-palace,542e61a7-899c-5785-91c5-c76ab1e53e2d,L. Perri,2025-26:11,1,90.0,1,,13.3,50.1,fpl_core_insights_detailed,2025-12-20T23:00:00+00:00,GW17,2a18c1ca-7b7c-595a-8a4e-bf89d42c37ed,11,17,542e61a7-899c-5785-91c5-c76ab1e53e2d,GK,True
fplcore:25-26-prem-leeds-united-vs-crystal-palace,4e7d3349-c869-51f6-a9f2-e86405e21be5,D. Henderson,2025-26:8,1,90.0,1,,13.8,47.7,fpl_core_insights_detailed,2025-12-20T23:00:00+00:00,GW17,2a18c1ca-7b7c-595a-8a4e-bf89d42c37ed,8,17,4e7d3349-c869-51f6-a9f2-e86405e21be5,GK,True
fplcore:25-26-prem-leeds-united-vs-crystal-palace,1f91ab10-338d-519d-85b9-048aa573cfc2,E. Nketiah,2025-26:8,1,76.0,1,LAM,49.0,56.9,fpl_core_insights_detailed,2025-12-20T23:00:00+00:00,GW17,2a18c1ca-7b7c-595a-8a4e-bf89d42c37ed,8,17,1f91ab10-338d-519d-85b9-048aa573cfc2,RAM,True
fplcore:25-26-prem-leeds-united-vs-crystal-palace,1e4afd94-5426-54f5-893e-eea93b538667,Y. Pino,2025-26:8,1,85.0,1,ST,55.8,59.3,fpl_core_insights_detailed,2025-12-20T23:00:00+00:00,GW17,2a18c1ca-7b7c-595a-8a4e-bf89d42c37ed,8,17,1e4afd94-5426-54f5-893e-eea93b538667,LAM,True
fplcore:25-26-prem-leeds-united-vs-crystal-palace,7b9dc65d-483e-5ff9-af51-946aceed51e9,J. Mateta,2025-26:8,1,76.0,1,RAM,49.2,49.3,fpl_core_insights_detailed,2025-12-20T23:00:00+00:00,GW17,2a18c1ca-7b7c-595a-8a4e-bf89d42c37ed,8,17,7b9dc65d-483e-5ff9-af51-946aceed51e9,ST,True
fplcore:25-26-prem-manchester-city-vs-west-ham-united,67859d1e-575f-5ae4-aa8d-8f36bd11696e,G. Donnarumma,2025-26:13,1,90.0,1,,9.7,49.8,fpl_core_insights_detailed,2025-12-20T18:00:00+00:00,GW17,335aa270-e7fc-552b-a6a1-b911c9963374,13,17,67859d1e-575f-5ae4-aa8d-8f36bd11696e,GK,True
fplcore:25-26-prem-manchester-city-vs-west-ham-united,138e28b4-ff6e-5598-bbd5-0b255b509b73,T. Reijnders,2025-26:13,1,66.0,1,LAM,67.3,28.0,fpl_core_insights_detailed,2025-12-20T18:00:00+00:00,GW17,335aa270-e7fc-552b-a6a1-b911c9963374,13,17,138e28b4-ff6e-5598-bbd5-0b255b509b73,RCM,True
fplcore:25-26-prem-manchester-city-vs-west-ham-united,a5ac6603-1c8f-569d-acdb-bba58bd047c8,N. González,2025-26:13,1,66.0,1,RCM,50.7,45.8,fpl_core_insights_detailed,2025-12-20T18:00:00+00:00,GW17,335aa270-e7fc-552b-a6a1-b911c9963374,13,17,a5ac6603-1c8f-569d-acdb-bba58bd047c8,CM,True
fplcore:25-26-prem-manchester-city-vs-west-ham-united,70198e6a-5cf9-5344-a2c0-f1b71dfeeb5f,B. Silva,2025-26:13,1,74.0,1,CM,52.7,61.1,fpl_core_insights_detailed,2025-12-20T18:00:00+00:00,GW17,335aa270-e7fc-552b-a6a1-b911c9963374,13,17,70198e6a-5cf9-5344-a2c0-f1b71dfeeb5f,LCM,True
fplcore:25-26-prem-manchester-city-vs-west-ham-united,f717009d-d433-5fa0-9cf5-1e081478a8f1,P. Foden,2025-26:13,1,90.0,1,LCM,64.9,68.8,fpl_core_insights_detailed,2025-12-20T18:00:00+00:00,GW17,335aa270-e7fc-552b-a6a1-b911c9963374,13,17,f717009d-d433-5fa0-9cf5-1e081478a8f1,LAM,True
fplcore:25-26-prem-manchester-city-vs-west-ham-united,112ec44a-8ec0-5a5a-828a-d330905abb6b,A. Aréola,2025-26:19,1,90.0,1,,7.1,45.6,fpl_core_insights_detailed,2025-12-20T18:00:00+00:00,GW17,335aa270-e7fc-552b-a6a1-b911c9963374,19,17,112ec44a-8ec0-5a5a-828a-d330905abb6b,GK,True
fplcore:25-26-prem-manchester-city-vs-west-ham-united,9fd390de-abdd-53c9-abf5-63b5a6ec3423,S. Magassa,2025-26:19,1,90.0,1,LCM,38.2,50.3,fpl_core_insights_detailed,2025-12-20T18:00:00+00:00,GW17,335aa270-e7fc-552b-a6a1-b911c9963374,19,17,9fd390de-abdd-53c9-abf5-63b5a6ec3423,RCM,True
fplcore:25-26-prem-manchester-city-vs-west-ham-united,79420363-80f0-5eb5-bef5-e1e31f62877c,M. Fernandes,2025-26:19,1,78.0,1,RCM,36.7,46.0,fpl_core_insights_detailed,2025-12-20T18:00:00+00:00,GW17,335aa270-e7fc-552b-a6a1-b911c9963374,19,17,79420363-80f0-5eb5-bef5-e1e31f62877c,LCM,True
fplcore:25-26-prem-newcastle-united-vs-chelsea,ef597ccf-9296-5f73-a908-245e5d67b0ef,A. Ramsdale,2025-26:15,1,90.0,1,,11.1,48.2,fpl_core_insights_detailed,2025-12-20T15:30:00+00:00,GW17,d83b0256-60d9-523e-8fd4-8ecdf4a117d5,15,17,ef597ccf-9296-5f73-a908-245e5d67b0ef,GK,True
fplcore:25-26-prem-newcastle-united-vs-chelsea,412fc00b-6fb5-5606-bb30-04e075a83220,R. Sánchez,2025-26:7,1,90.0,1,,11.6,48.3,fpl_core_insights_detailed,2025-12-20T15:30:00+00:00,GW17,d83b0256-60d9-523e-8fd4-8ecdf4a117d5,7,17,412fc00b-6fb5-5606-bb30-04e075a83220,GK,True
fplcore:25-26-prem-tottenham-hotspur-vs-liverpool,3c77aa9b-7767-5636-9780-0d94d829b326,G. Vicario,2025-26:18,1,90.0,1,,10.4,50.3,fpl_core_insights_detailed,2025-12-20T20:30:00+00:00,GW17,15f551ca-540a-59ca-ae6f-69473c72f27d,18,17,3c77aa9b-7767-5636-9780-0d94d829b326,GK,True
fplcore:25-26-prem-tottenham-hotspur-vs-liverpool,bb7d5990-008e-5f6d-871a-83ec4490dd2d,Alisson,2025-26:12,1,90.0,1,,12.5,55.3,fpl_core_insights_detailed,2025-12-20T20:30:00+00:00,GW17,15f551ca-540a-59ca-ae6f-69473c72f27d,12,17,bb7d5990-008e-5f6d-871a-83ec4490dd2d,GK,True
fplcore:25-26-prem-wolverhampton-wanderers-vs-brentford,698f23fd-0fa1-5358-8bd3-2b8aef91e946,J. Sá,2025-26:20,1,90.0,1,,9.4,48.4,fpl_core_insights_detailed,2025-12-20T18:00:00+00:00,GW17,7f3c07a6-a04e-5c6e-9457-aeeb18d84409,20,17,698f23fd-0fa1-5358-8bd3-2b8aef91e946,GK,True
fplcore:25-26-prem-wolverhampton-wanderers-vs-brentford,3cfeb2a8-cad5-5980-9946-aecc5eb2b011,C. Kelleher,2025-26:5,1,90.0,1,,13.2,50.4,fpl_core_insights_detailed,2025-12-20T18:00:00+00:00,GW17,7f3c07a6-a04e-5c6e-9457-aeeb18d84409,5,17,3cfeb2a8-cad5-5980-9946-aecc5eb2b011,GK,True
fplcore:25-26-prem-wolverhampton-wanderers-vs-brentford,1ef77ed3-fd32-5bdb-aa75-d9414ac14df0,V. Janelt,2025-26:5,1,90.0,1,LCM,47.3,65.2,fpl_core_insights_detailed,2025-12-20T18:00:00+00:00,GW17,7f3c07a6-a04e-5c6e-9457-aeeb18d84409,5,17,1ef77ed3-fd32-5bdb-aa75-d9414ac14df0,CM,True
fplcore:25-26-prem-wolverhampton-wanderers-vs-brentford,e5d36ad0-dba5-56c7-a5d2-b091b2fa1b0d,M. Jensen,2025-26:5,1,63.0,1,CM,56.9,63.0,fpl_core_insights_detailed,2025-12-20T18:00:00+00:00,GW17,7f3c07a6-a04e-5c6e-9457-aeeb18d84409,5,17,e5d36ad0-dba5-56c7-a5d2-b091b2fa1b0d,LCM,True
fplcore:25-26-prem-arsenal-vs-brighton-hove-albion,9ac55e79-9cb2-5ac5-ae8c-6a2ebd620277,D. Raya,2025-26:1,1,90.0,1,,14.0,47.9,fpl_core_insights_detailed,2025-12-27T18:00:00+00:00,GW18,42516ef0-7fd5-5253-92ae-1e35ef7b31d4,1,18,9ac55e79-9cb2-5ac5-ae8c-6a2ebd620277,GK,True
fplcore:25-26-prem-arsenal-vs-brighton-hove-albion,9720eb96-9da3-5717-9ed4-45874361e243,B. Verbruggen,2025-26:6,1,90.0,1,,10.7,46.4,fpl_core_insights_detailed,2025-12-27T18:00:00+00:00,GW18,42516ef0-7fd5-5253-92ae-1e35ef7b31d4,6,18,9720eb96-9da3-5717-9ed4-45874361e243,GK,True
fplcore:25-26-prem-arsenal-vs-brighton-hove-albion,962c06ed-3fb4-5908-98c9-be26b5491e6c,F. Kadıoğlu,2025-26:6,1,90.0,1,RAM,51.9,60.8,fpl_core_insights_detailed,2025-12-27T18:00:00+00:00,GW18,42516ef0-7fd5-5253-92ae-1e35ef7b31d4,6,18,962c06ed-3fb4-5908-98c9-be26b5491e6c,RWB,True
fplcore:25-26-prem-arsenal-vs-brighton-hove-albion,de6b06be-d7b4-506e-9177-df5cf336214a,Y. Ayari,2025-26:6,1,90.0,1,LCM,41.2,49.7,fpl_core_insights_detailed,2025-12-27T18:00:00+00:00,GW18,42516ef0-7fd5-5253-92ae-1e35ef7b31d4,6,18,de6b06be-d7b4-506e-9177-df5cf336214a,RCM,True
fplcore:25-26-prem-arsenal-vs-brighton-hove-albion,b0761079-7e99-5095-aa38-877404766193,J. Hinshelwood,2025-26:6,1,74.0,1,RCM,47.4,47.9,fpl_core_insights_detailed,2025-12-27T18:00:00+00:00,GW18,42516ef0-7fd5-5253-92ae-1e35ef7b31d4,6,18,b0761079-7e99-5095-aa38-877404766193,LCM,True
fplcore:25-26-prem-arsenal-vs-brighton-hove-albion,8c21213e-5c0e-56d3-81ae-b95f9e5b7c53,B. Gruda,2025-26:6,1,45.0,1,RWB,49.8,25.8,fpl_core_insights_detailed,2025-12-27T18:00:00+00:00,GW18,42516ef0-7fd5-5253-92ae-1e35ef7b31d4,6,18,8c21213e-5c0e-56d3-81ae-b95f9e5b7c53,RAM,True
fplcore:25-26-prem-brentford-vs-afc-bournemouth,3cfeb2a8-cad5-5980-9946-aecc5eb2b011,C. Kelleher,2025-26:5,1,90.0,1,,8.5,49.0,fpl_core_insights_detailed,2025-12-27T18:00:00+00:00,GW18,62224ee4-9c07-5c5c-9b6c-d43329eb8046,5,18,3cfeb2a8-cad5-5980-9946-aecc5eb2b011,GK,True
fplcore:25-26-prem-brentford-vs-afc-bournemouth,aec63649-ffe1-5e88-829b-d1e462e7e679,Đ. Petrović,2025-26:4,1,90.0,1,,8.6,51.6,fpl_core_insights_detailed,2025-12-27T18:00:00+00:00,GW18,62224ee4-9c07-5c5c-9b6c-d43329eb8046,4,18,aec63649-ffe1-5e88-829b-d1e462e7e679,GK,True
fplcore:25-26-prem-burnley-vs-everton,148b32f1-d60d-5cdd-9ffe-a5938fcb8671,M. Dúbravka,2025-26:3,1,90.0,1,,8.4,47.4,fpl_core_insights_detailed,2025-12-27T18:00:00+00:00,GW18,86076a35-6be3-580b-a5d8-f410dd37b8ff,3,18,148b32f1-d60d-5cdd-9ffe-a5938fcb8671,GK,True
fplcore:25-26-prem-burnley-vs-everton,57881605-ab70-5c0d-865f-433201de3f6f,J. Pickford,2025-26:9,1,90.0,1,,14.0,51.9,fpl_core_insights_detailed,2025-12-27T18:00:00+00:00,GW18,86076a35-6be3-580b-a5d8-f410dd37b8ff,9,18,57881605-ab70-5c0d-865f-433201de3f6f,GK,True
fplcore:25-26-prem-chelsea-vs-aston-villa,412fc00b-6fb5-5606-bb30-04e075a83220,R. Sánchez,2025-26:7,1,90.0,1,,13.7,50.8,fpl_core_insights_detailed,2025-12-27T20:30:00+00:00,GW18,686dc6b0-8120-5ffd-accb-fe6f9895aa62,7,18,412fc00b-6fb5-5606-bb30-04e075a83220,GK,True
fplcore:25-26-prem-chelsea-vs-aston-villa,db76d454-818a-5043-8d04-22e24f696027,E. Martínez,2025-26:2,1,90.0,1,,11.2,49.9,fpl_core_insights_detailed,2025-12-27T20:30:00+00:00,GW18,686dc6b0-8120-5ffd-accb-fe6f9895aa62,2,18,db76d454-818a-5043-8d04-22e24f696027,GK,True
fplcore:25-26-prem-crystal-palace-vs-tottenham-hotspur,4e7d3349-c869-51f6-a9f2-e86405e21be5,D. Henderson,2025-26:8,1,90.0,1,,12.8,49.2,fpl_core_insights_detailed,2025-12-28T19:30:00+00:00,GW18,7aae14c3-09ec-5fb1-9d46-307716a6e27e,8,18,4e7d3349-c869-51f6-a9f2-e86405e21be5,GK,True
fplcore:25-26-prem-crystal-palace-vs-tottenham-hotspur,234b9ca0-1d3a-52c1-ae12-d422a588485e,J. Devenny,2025-26:8,1,84.0,1,ST,66.1,27.5,fpl_core_insights_detailed,2025-12-28T19:30:00+00:00,GW18,7aae14c3-09ec-5fb1-9d46-307716a6e27e,8,18,234b9ca0-1d3a-52c1-ae12-d422a588485e,RAM,True
fplcore:25-26-prem-crystal-palace-vs-tottenham-hotspur,7b9dc65d-483e-5ff9-af51-946aceed51e9,J. Mateta,2025-26:8,1,90.0,1,RAM,65.2,58.8,fpl_core_insights_detailed,2025-12-28T19:30:00+00:00,GW18,7aae14c3-09ec-5fb1-9d46-307716a6e27e,8,18,7b9dc65d-483e-5ff9-af51-946aceed51e9,ST,True
fplcore:25-26-prem-crystal-palace-vs-tottenham-hotspur,3c77aa9b-7767-5636-9780-0d94d829b326,G. Vicario,2025-26:18,1,90.0,1,,8.4,46.3,fpl_core_insights_detailed,2025-12-28T19:30:00+00:00,GW18,7aae14c3-09ec-5fb1-9d46-307716a6e27e,18,18,3c77aa9b-7767-5636-9780-0d94d829b326,GK,True
fplcore:25-26-prem-liverpool-vs-wolverhampton-wanderers,bb7d5990-008e-5f6d-871a-83ec4490dd2d,Alisson,2025-26:12,1,90.0,1,,12.6,50.6,fpl_core_insights_detailed,2025-12-27T18:00:00+00:00,GW18,ebe52437-8406-5d7e-94f3-d18666fdd2e0,12,18,bb7d5990-008e-5f6d-871a-83ec4490dd2d,GK,True
fplcore:25-26-prem-liverpool-vs-wolverhampton-wanderers,698f23fd-0fa1-5358-8bd3-2b8aef91e946,J. Sá,2025-26:20,1,90.0,1,,9.3,47.5,fpl_core_insights_detailed,2025-12-27T18:00:00+00:00,GW18,ebe52437-8406-5d7e-94f3-d18666fdd2e0,20,18,698f23fd-0fa1-5358-8bd3-2b8aef91e946,GK,True
fplcore:25-26-prem-liverpool-vs-wolverhampton-wanderers,a8aed2e6-b0b5-5558-b149-fc0c412d9844,S. Bueno,2025-26:20,1,90.0,1,RCM,37.9,49.9,fpl_core_insights_detailed,2025-12-27T18:00:00+00:00,GW18,ebe52437-8406-5d7e-94f3-d18666fdd2e0,20,18,a8aed2e6-b0b5-5558-b149-fc0c412d9844,CB,True
fplcore:25-26-prem-liverpool-vs-wolverhampton-wanderers,aa986b3e-e0d4-5c58-b3da-46a8810d3ca9,L. Krejčí,2025-26:20,1,90.0,1,CB,33.3,68.0,fpl_core_insights_detailed,2025-12-27T18:00:00+00:00,GW18,ebe52437-8406-5d7e-94f3-d18666fdd2e0,20,18,aa986b3e-e0d4-5c58-b3da-46a8810d3ca9,LCB,True
fplcore:25-26-prem-liverpool-vs-wolverhampton-wanderers,00cc549f-a9f0-54b0-8cbc-ef47c7f8251b,André,2025-26:20,1,90.0,1,LCM,49.2,57.4,fpl_core_insights_detailed,2025-12-27T18:00:00+00:00,GW18,ebe52437-8406-5d7e-94f3-d18666fdd2e0,20,18,00cc549f-a9f0-54b0-8cbc-ef47c7f8251b,RCM,True
fplcore:25-26-prem-liverpool-vs-wolverhampton-wanderers,e2213bab-7401-5edc-9994-4eb0772f48ef,J. Gomes,2025-26:20,1,90.0,1,LWB,48.0,58.4,fpl_core_insights_detailed,2025-12-27T18:00:00+00:00,GW18,ebe52437-8406-5d7e-94f3-d18666fdd2e0,20,18,e2213bab-7401-5edc-9994-4eb0772f48ef,LCM,True
fplcore:25-26-prem-liverpool-vs-wolverhampton-wanderers,87fd1c0a-a5f8-5f19-b233-de67537cdeb2,H. Bueno,2025-26:20,1,61.0,1,LCB,31.9,81.9,fpl_core_insights_detailed,2025-12-27T18:00:00+00:00,GW18,ebe52437-8406-5d7e-94f3-d18666fdd2e0,20,18,87fd1c0a-a5f8-5f19-b233-de67537cdeb2,LWB,True
fplcore:25-26-prem-manchester-united-vs-newcastle-united,63a30902-aa79-59d2-bbc6-903ff41e54dc,S. Lammens,2025-26:14,1,90.0,1,,7.3,51.2,fpl_core_insights_detailed,2025-12-26T23:00:00+00:00,GW18,a6553c49-f2eb-5280-ae7d-f1c82e3d0981,14,18,63a30902-aa79-59d2-bbc6-903ff41e54dc,GK,True
fplcore:25-26-prem-manchester-united-vs-newcastle-united,fba35e22-cb10-554f-ad2e-e62d2b5a5da8,P. Dorgu,2025-26:14,1,90.0,1,CAM,43.8,43.1,fpl_core_insights_detailed,2025-12-26T23:00:00+00:00,GW18,a6553c49-f2eb-5280-ae7d-f1c82e3d0981,14,18,fba35e22-cb10-554f-ad2e-e62d2b5a5da8,RAM,True
fplcore:25-26-prem-manchester-united-vs-newcastle-united,6a3d319d-e848-56e0-bc06-707ee4149c24,M. Mount,2025-26:14,1,45.0,1,RAM,53.8,37.0,fpl_core_insights_detailed,2025-12-26T23:00:00+00:00,GW18,a6553c49-f2eb-5280-ae7d-f1c82e3d0981,14,18,6a3d319d-e848-56e0-bc06-707ee4149c24,CAM,True
fplcore:25-26-prem-manchester-united-vs-newcastle-united,ef597ccf-9296-5f73-a908-245e5d67b0ef,A. Ramsdale,2025-26:15,1,90.0,1,,11.3,50.9,fpl_core_insights_detailed,2025-12-26T23:00:00+00:00,GW18,a6553c49-f2eb-5280-ae7d-f1c82e3d0981,15,18,ef597ccf-9296-5f73-a908-245e5d67b0ef,GK,True
fplcore:25-26-prem-manchester-united-vs-newcastle-united,c7d912b7-acf9-59e7-a5a7-c7e64aed18da,S. Tonali,2025-26:15,1,76.0,1,CM,56.9,53.7,fpl_core_insights_detailed,2025-12-26T23:00:00+00:00,GW18,a6553c49-f2eb-5280-ae7d-f1c82e3d0981,15,18,c7d912b7-acf9-59e7-a5a7-c7e64aed18da,RCM,True
fplcore:25-26-prem-manchester-united-vs-newcastle-united,50df4a11-59ff-5eba-85dd-aaca25ba3cd2,B. Guimarães,2025-26:15,1,90.0,1,RCM,62.4,39.5,fpl_core_insights_detailed,2025-12-26T23:00:00+00:00,GW18,a6553c49-f2eb-5280-ae7d-f1c82e3d0981,15,18,50df4a11-59ff-5eba-85dd-aaca25ba3cd2,CM,True
fplcore:25-26-prem-nottingham-forest-vs-manchester-city,45407054-6d20-5e2f-99e1-2e3c19a4a991,John,2025-26:16,1,90.0,1,,10.6,49.9,fpl_core_insights_detailed,2025-12-27T15:30:00+00:00,GW18,daa90ff0-aa53-54d2-a9a1-dde2e56ca88a,16,18,45407054-6d20-5e2f-99e1-2e3c19a4a991,GK,True
fplcore:25-26-prem-nottingham-forest-vs-manchester-city,67859d1e-575f-5ae4-aa8d-8f36bd11696e,G. Donnarumma,2025-26:13,1,90.0,1,,12.4,50.6,fpl_core_insights_detailed,2025-12-27T15:30:00+00:00,GW18,daa90ff0-aa53-54d2-a9a1-dde2e56ca88a,13,18,67859d1e-575f-5ae4-aa8d-8f36bd11696e,GK,True
fplcore:25-26-prem-sunderland-vs-leeds-united,17b0293a-a54d-554b-bdba-368217c87ad9,R. Roefs,2025-26:17,1,90.0,1,,11.4,51.6,fpl_core_insights_detailed,2025-12-28T17:00:00+00:00,GW18,a93eaeb0-30e7-517b-82f7-a66fdacef51c,17,18,17b0293a-a54d-554b-bdba-368217c87ad9,GK,True
fplcore:25-26-prem-sunderland-vs-leeds-united,542e61a7-899c-5785-91c5-c76ab1e53e2d,L. Perri,2025-26:11,1,90.0,1,,11.7,50.7,fpl_core_insights_detailed,2025-12-28T17:00:00+00:00,GW18,a93eaeb0-30e7-517b-82f7-a66fdacef51c,11,18,542e61a7-899c-5785-91c5-c76ab1e53e2d,GK,True
fplcore:25-26-prem-west-ham-united-vs-fulham,112ec44a-8ec0-5a5a-828a-d330905abb6b,A. Aréola,2025-26:19,1,90.0,1,,7.3,47.9,fpl_core_insights_detailed,2025-12-27T18:00:00+00:00,GW18,7e6b3a2c-24a1-534a-a1b4-2e1084c11d1d,19,18,112ec44a-8ec0-5a5a-828a-d330905abb6b,GK,True
fplcore:25-26-prem-west-ham-united-vs-fulham,83056bd2-b742-5b28-b32d-8ba4a3902c61,B. Leno,2025-26:10,1,90.0,1,,11.6,48.5,fpl_core_insights_detailed,2025-12-27T18:00:00+00:00,GW18,7e6b3a2c-24a1-534a-a1b4-2e1084c11d1d,10,18,83056bd2-b742-5b28-b32d-8ba4a3902c61,GK,True
fplcore:25-26-prem-west-ham-united-vs-fulham,aa82079f-0382-5b01-bb3b-9224650f408b,S. Lukić,2025-26:10,1,87.0,1,CAM,61.2,40.9,fpl_core_insights_detailed,2025-12-27T18:00:00+00:00,GW18,7e6b3a2c-24a1-534a-a1b4-2e1084c11d1d,10,18,aa82079f-0382-5b01-bb3b-9224650f408b,RDM,True
fplcore:25-26-prem-west-ham-united-vs-fulham,f0504a37-2a31-5f04-8704-2c307c2384cd,S. Berge,2025-26:10,1,90.0,1,RDM,47.2,58.7,fpl_core_insights_detailed,2025-12-27T18:00:00+00:00,GW18,7e6b3a2c-24a1-534a-a1b4-2e1084c11d1d,10,18,f0504a37-2a31-5f04-8704-2c307c2384cd,LDM,True
fplcore:25-26-prem-west-ham-united-vs-fulham,7f48ec5f-f934-516a-9c1f-84d42bd974ff,E. Smith Rowe,2025-26:10,1,81.0,1,LAM,59.4,68.0,fpl_core_insights_detailed,2025-12-27T18:00:00+00:00,GW18,7e6b3a2c-24a1-534a-a1b4-2e1084c11d1d,10,18,7f48ec5f-f934-516a-9c1f-84d42bd974ff,CAM,True
fplcore:25-26-prem-west-ham-united-vs-fulham,4dba3178-ba81-5a3b-99aa-be47c6225e49,Kevin,2025-26:10,1,68.0,1,LDM,58.8,82.3,fpl_core_insights_detailed,2025-12-27T18:00:00+00:00,GW18,7e6b3a2c-24a1-534a-a1b4-2e1084c11d1d,10,18,4dba3178-ba81-5a3b-99aa-be47c6225e49,LAM,True
fplcore:25-26-prem-arsenal-vs-aston-villa,9ac55e79-9cb2-5ac5-ae8c-6a2ebd620277,D. Raya,2025-26:1,1,90.0,1,,13.1,46.4,fpl_core_insights_detailed,2025-12-30T23:15:00+00:00,GW19,b584c773-33ca-5b53-8364-43b8c2eecb60,1,19,9ac55e79-9cb2-5ac5-ae8c-6a2ebd620277,GK,True
fplcore:25-26-prem-arsenal-vs-aston-villa,77962072-d0d7-5304-8c20-9a75adfd2936,J. Timber,2025-26:1,1,82.0,1,RCB,65.6,24.3,fpl_core_insights_detailed,2025-12-30T23:15:00+00:00,GW19,b584c773-33ca-5b53-8364-43b8c2eecb60,1,19,77962072-d0d7-5304-8c20-9a75adfd2936,RB,True
fplcore:25-26-prem-arsenal-vs-aston-villa,33f66c9a-ce45-5380-86e0-7903760138c9,W. Saliba,2025-26:1,1,90.0,1,RB,38.5,24.2,fpl_core_insights_detailed,2025-12-30T23:15:00+00:00,GW19,b584c773-33ca-5b53-8364-43b8c2eecb60,1,19,33f66c9a-ce45-5380-86e0-7903760138c9,RCB,True
fplcore:25-26-prem-arsenal-vs-aston-villa,db76d454-818a-5043-8d04-22e24f696027,E. Martínez,2025-26:2,1,90.0,1,,10.8,50.7,fpl_core_insights_detailed,2025-12-30T23:15:00+00:00,GW19,b584c773-33ca-5b53-8364-43b8c2eecb60,2,19,db76d454-818a-5043-8d04-22e24f696027,GK,True
fplcore:25-26-prem-brentford-vs-tottenham-hotspur,3cfeb2a8-cad5-5980-9946-aecc5eb2b011,C. Kelleher,2025-26:5,1,90.0,1,,13.7,52.7,fpl_core_insights_detailed,2026-01-01T23:00:00+00:00,GW19,31cff2b8-b92e-50a3-b52e-b6d01ccebfe6,5,19,3cfeb2a8-cad5-5980-9946-aecc5eb2b011,GK,True
fplcore:25-26-prem-brentford-vs-tottenham-hotspur,1ef77ed3-fd32-5bdb-aa75-d9414ac14df0,V. Janelt,2025-26:5,1,90.0,1,LCM,45.3,58.6,fpl_core_insights_detailed,2026-01-01T23:00:00+00:00,GW19,31cff2b8-b92e-50a3-b52e-b6d01ccebfe6,5,19,1ef77ed3-fd32-5bdb-aa75-d9414ac14df0,CM,True
fplcore:25-26-prem-brentford-vs-tottenham-hotspur,9a8ecf00-4990-5980-88ac-7e6f3426cc04,Y. Yarmolyuk,2025-26:5,1,79.0,1,CM,55.2,55.2,fpl_core_insights_detailed,2026-01-01T23:00:00+00:00,GW19,31cff2b8-b92e-50a3-b52e-b6d01ccebfe6,5,19,9a8ecf00-4990-5980-88ac-7e6f3426cc04,LCM,True
fplcore:25-26-prem-brentford-vs-tottenham-hotspur,3c77aa9b-7767-5636-9780-0d94d829b326,G. Vicario,2025-26:18,1,90.0,1,,10.9,49.3,fpl_core_insights_detailed,2026-01-01T23:00:00+00:00,GW19,31cff2b8-b92e-50a3-b52e-b6d01ccebfe6,18,19,3c77aa9b-7767-5636-9780-0d94d829b326,GK,True
fplcore:25-26-prem-brentford-vs-tottenham-hotspur,976cba43-39e3-5bd2-a17b-74524487c441,A. Gray,2025-26:18,1,90.0,1,LCM,53.4,51.7,fpl_core_insights_detailed,2026-01-01T23:00:00+00:00,GW19,31cff2b8-b92e-50a3-b52e-b6d01ccebfe6,18,19,976cba43-39e3-5bd2-a17b-74524487c441,RCM,True
fplcore:25-26-prem-brentford-vs-tottenham-hotspur,8e00491e-df3c-59d8-8196-500825daf087,J. Palhinha,2025-26:18,1,79.0,1,RCM,48.0,48.3,fpl_core_insights_detailed,2026-01-01T23:00:00+00:00,GW19,31cff2b8-b92e-50a3-b52e-b6d01ccebfe6,18,19,8e00491e-df3c-59d8-8196-500825daf087,CM,True
fplcore:25-26-prem-brentford-vs-tottenham-hotspur,27ff0ef1-a31f-5e26-bb7d-035a4248bad2,R. Bentancur,2025-26:18,1,90.0,1,CM,46.1,51.6,fpl_core_insights_detailed,2026-01-01T23:00:00+00:00,GW19,31cff2b8-b92e-50a3-b52e-b6d01ccebfe6,18,19,27ff0ef1-a31f-5e26-bb7d-035a4248bad2,LCM,True
fplcore:25-26-prem-burnley-vs-newcastle-united,148b32f1-d60d-5cdd-9ffe-a5938fcb8671,M. Dúbravka,2025-26:3,1,90.0,1,,11.1,48.6,fpl_core_insights_detailed,2025-12-30T22:30:00+00:00,GW19,edb4419e-dd7c-5bd1-b580-1b2d3e72a152,3,19,148b32f1-d60d-5cdd-9ffe-a5938fcb8671,GK,True
fplcore:25-26-prem-burnley-vs-newcastle-united,00be15e9-135e-5a79-956f-cd70f121b4b0,N. Pope,2025-26:15,1,90.0,1,,7.9,51.0,fpl_core_insights_detailed,2025-12-30T22:30:00+00:00,GW19,edb4419e-dd7c-5bd1-b580-1b2d3e72a152,15,19,00be15e9-135e-5a79-956f-cd70f121b4b0,GK,True
fplcore:25-26-prem-chelsea-vs-afc-bournemouth,412fc00b-6fb5-5606-bb30-04e075a83220,R. Sánchez,2025-26:7,1,90.0,1,,12.5,49.3,fpl_core_insights_detailed,2025-12-30T22:30:00+00:00,GW19,607193da-05cf-576b-839e-bbc8998572d5,7,19,412fc00b-6fb5-5606-bb30-04e075a83220,GK,True
fplcore:25-26-prem-chelsea-vs-afc-bournemouth,c92d55cb-06d1-553d-aad7-f64c0de898a5,M. Caicedo,2025-26:7,1,90.0,1,LDM,48.7,43.6,fpl_core_insights_detailed,2025-12-30T22:30:00+00:00,GW19,607193da-05cf-576b-839e-bbc8998572d5,7,19,c92d55cb-06d1-553d-aad7-f64c0de898a5,RDM,True
fplcore:25-26-prem-chelsea-vs-afc-bournemouth,5b51fc3a-1f45-56e1-9ecc-0bda87474227,E. Fernández,2025-26:7,1,90.0,1,CAM,65.0,66.0,fpl_core_insights_detailed,2025-12-30T22:30:00+00:00,GW19,607193da-05cf-576b-839e-bbc8998572d5,7,19,5b51fc3a-1f45-56e1-9ecc-0bda87474227,LDM,True
fplcore:25-26-prem-chelsea-vs-afc-bournemouth,481b07c4-b805-52cf-a0ee-593af134790d,C. Palmer,2025-26:7,1,62.0,1,RDM,61.6,28.5,fpl_core_insights_detailed,2025-12-30T22:30:00+00:00,GW19,607193da-05cf-576b-839e-bbc8998572d5,7,19,481b07c4-b805-52cf-a0ee-593af134790d,CAM,True
fplcore:25-26-prem-chelsea-vs-afc-bournemouth,aec63649-ffe1-5e88-829b-d1e462e7e679,Đ. Petrović,2025-26:4,1,90.0,1,,8.5,48.6,fpl_core_insights_detailed,2025-12-30T22:30:00+00:00,GW19,607193da-05cf-576b-839e-bbc8998572d5,4,19,aec63649-ffe1-5e88-829b-d1e462e7e679,GK,True
fplcore:25-26-prem-crystal-palace-vs-fulham,4e7d3349-c869-51f6-a9f2-e86405e21be5,D. Henderson,2025-26:8,1,90.0,1,,11.2,47.6,fpl_core_insights_detailed,2026-01-01T20:30:00+00:00,GW19,79fab153-6f33-5ad5-9cf6-387eea0c2082,8,19,4e7d3349-c869-51f6-a9f2-e86405e21be5,GK,True
fplcore:25-26-prem-crystal-palace-vs-fulham,4e797913-6f5e-54d0-807d-555d7ec82308,J. Lerma,2025-26:8,1,90.0,1,RWB,48.1,39.6,fpl_core_insights_detailed,2026-01-01T20:30:00+00:00,GW19,79fab153-6f33-5ad5-9cf6-387eea0c2082,8,19,4e797913-6f5e-54d0-807d-555d7ec82308,RCB,True
fplcore:25-26-prem-crystal-palace-vs-fulham,607bc478-1de3-5627-b97c-8cc0c015b3e0,M. Guéhi,2025-26:8,1,90.0,1,LWB,45.2,68.4,fpl_core_insights_detailed,2026-01-01T20:30:00+00:00,GW19,79fab153-6f33-5ad5-9cf6-387eea0c2082,8,19,607bc478-1de3-5627-b97c-8cc0c015b3e0,LCB,True
fplcore:25-26-prem-crystal-palace-vs-fulham,09b6a6ee-2109-55b8-8083-5b532f8d0c96,N. Clyne,2025-26:8,1,90.0,1,RCB,44.6,13.7,fpl_core_insights_detailed,2026-01-01T20:30:00+00:00,GW19,79fab153-6f33-5ad5-9cf6-387eea0c2082,8,19,09b6a6ee-2109-55b8-8083-5b532f8d0c96,RWB,True
fplcore:25-26-prem-crystal-palace-vs-fulham,4406998b-108e-54ac-90cf-ff22cdf7c565,T. Mitchell,2025-26:8,1,90.0,1,LCB,40.3,78.3,fpl_core_insights_detailed,2026-01-01T20:30:00+00:00,GW19,79fab153-6f33-5ad5-9cf6-387eea0c2082,8,19,4406998b-108e-54ac-90cf-ff22cdf7c565,LWB,True
fplcore:25-26-prem-crystal-palace-vs-fulham,1e4afd94-5426-54f5-893e-eea93b538667,Y. Pino,2025-26:8,1,81.0,1,ST,66.9,69.3,fpl_core_insights_detailed,2026-01-01T20:30:00+00:00,GW19,79fab153-6f33-5ad5-9cf6-387eea0c2082,8,19,1e4afd94-5426-54f5-893e-eea93b538667,LAM,True
fplcore:25-26-prem-crystal-palace-vs-fulham,7b9dc65d-483e-5ff9-af51-946aceed51e9,J. Mateta,2025-26:8,1,90.0,1,LAM,59.3,47.2,fpl_core_insights_detailed,2026-01-01T20:30:00+00:00,GW19,79fab153-6f33-5ad5-9cf6-387eea0c2082,8,19,7b9dc65d-483e-5ff9-af51-946aceed51e9,ST,True
fplcore:25-26-prem-crystal-palace-vs-fulham,83056bd2-b742-5b28-b32d-8ba4a3902c61,B. Leno,2025-26:10,1,90.0,1,,12.2,48.2,fpl_core_insights_detailed,2026-01-01T20:30:00+00:00,GW19,79fab153-6f33-5ad5-9cf6-387eea0c2082,10,19,83056bd2-b742-5b28-b32d-8ba4a3902c61,GK,True
fplcore:25-26-prem-crystal-palace-vs-fulham,aa82079f-0382-5b01-bb3b-9224650f408b,S. Lukić,2025-26:10,1,90.0,1,RAM,54.7,47.6,fpl_core_insights_detailed,2026-01-01T20:30:00+00:00,GW19,79fab153-6f33-5ad5-9cf6-387eea0c2082,10,19,aa82079f-0382-5b01-bb3b-9224650f408b,RDM,True
fplcore:25-26-prem-crystal-palace-vs-fulham,6cfbd227-d6d0-525d-810f-a1e929d406bf,H. Wilson,2025-26:10,1,84.0,1,RDM,52.5,21.8,fpl_core_insights_detailed,2026-01-01T20:30:00+00:00,GW19,79fab153-6f33-5ad5-9cf6-387eea0c2082,10,19,6cfbd227-d6d0-525d-810f-a1e929d406bf,RAM,True
fplcore:25-26-prem-liverpool-vs-leeds-united,bb7d5990-008e-5f6d-871a-83ec4490dd2d,Alisson,2025-26:12,1,90.0,1,,14.7,50.0,fpl_core_insights_detailed,2026-01-01T20:30:00+00:00,GW19,3399337f-6668-5fe4-8b23-c816b71d65e0,12,19,bb7d5990-008e-5f6d-871a-83ec4490dd2d,GK,True
fplcore:25-26-prem-liverpool-vs-leeds-united,542e61a7-899c-5785-91c5-c76ab1e53e2d,L. Perri,2025-26:11,1,90.0,1,,9.8,52.0,fpl_core_insights_detailed,2026-01-01T20:30:00+00:00,GW19,3399337f-6668-5fe4-8b23-c816b71d65e0,11,19,542e61a7-899c-5785-91c5-c76ab1e53e2d,GK,True
fplcore:25-26-prem-liverpool-vs-leeds-united,3c3955d4-e30d-55eb-924e-d252c6949a50,I. Gruev,2025-26:11,1,90.0,1,LCM,40.1,68.9,fpl_core_insights_detailed,2026-01-01T20:30:00+00:00,GW19,3399337f-6668-5fe4-8b23-c816b71d65e0,11,19,3c3955d4-e30d-55eb-924e-d252c6949a50,CM,True
fplcore:25-26-prem-liverpool-vs-leeds-united,82e95b4b-22b2-59a9-b33b-e199df378fe3,E. Ampadu,2025-26:11,1,90.0,1,CM,41.3,49.5,fpl_core_insights_detailed,2026-01-01T20:30:00+00:00,GW19,3399337f-6668-5fe4-8b23-c816b71d65e0,11,19,82e95b4b-22b2-59a9-b33b-e199df378fe3,LCM,True
fplcore:25-26-prem-manchester-united-vs-wolverhampton-wanderers,63a30902-aa79-59d2-bbc6-903ff41e54dc,S. Lammens,2025-26:14,1,90.0,1,,6.9,46.1,fpl_core_insights_detailed,2025-12-30T23:15:00+00:00,GW19,ef0c1c1d-f27e-55b1-8210-8603539eae72,14,19,63a30902-aa79-59d2-bbc6-903ff41e54dc,GK,True
fplcore:25-26-prem-manchester-united-vs-wolverhampton-wanderers,1bf5a1f9-7275-56b5-888b-e1417d195339,M. Ugarte,2025-26:14,1,74.0,1,LDM,53.6,53.1,fpl_core_insights_detailed,2025-12-30T23:15:00+00:00,GW19,ef0c1c1d-f27e-55b1-8210-8603539eae72,14,19,1bf5a1f9-7275-56b5-888b-e1417d195339,RDM,True
fplcore:25-26-prem-manchester-united-vs-wolverhampton-wanderers,e037fafa-e08a-50a4-8014-a43e6c2d13a4,Casemiro,2025-26:14,1,90.0,1,RDM,47.8,46.5,fpl_core_insights_detailed,2025-12-30T23:15:00+00:00,GW19,ef0c1c1d-f27e-55b1-8210-8603539eae72,14,19,e037fafa-e08a-50a4-8014-a43e6c2d13a4,LDM,True
fplcore:25-26-prem-manchester-united-vs-wolverhampton-wanderers,698f23fd-0fa1-5358-8bd3-2b8aef91e946,J. Sá,2025-26:20,1,90.0,1,,8.1,49.3,fpl_core_insights_detailed,2025-12-30T23:15:00+00:00,GW19,ef0c1c1d-f27e-55b1-8210-8603539eae72,20,19,698f23fd-0fa1-5358-8bd3-2b8aef91e946,GK,True
fplcore:25-26-prem-manchester-united-vs-wolverhampton-wanderers,e2213bab-7401-5edc-9994-4eb0772f48ef,J. Gomes,2025-26:20,1,90.0,1,LCM,41.8,53.8,fpl_core_insights_detailed,2025-12-30T23:15:00+00:00,GW19,ef0c1c1d-f27e-55b1-8210-8603539eae72,20,19,e2213bab-7401-5edc-9994-4eb0772f48ef,CM,True
fplcore:25-26-prem-manchester-united-vs-wolverhampton-wanderers,9ac5d5a9-74b6-578c-8e14-559019eb509d,M. Mané,2025-26:20,1,90.0,1,CM,58.0,51.0,fpl_core_insights_detailed,2025-12-30T23:15:00+00:00,GW19,ef0c1c1d-f27e-55b1-8210-8603539eae72,20,19,9ac5d5a9-74b6-578c-8e14-559019eb509d,LCM,True
fplcore:25-26-prem-nottingham-forest-vs-everton,45407054-6d20-5e2f-99e1-2e3c19a4a991,John,2025-26:16,1,90.0,1,,13.0,48.4,fpl_core_insights_detailed,2025-12-30T22:30:00+00:00,GW19,26945f3c-2fec-55c0-84ae-20dc9ec83018,16,19,45407054-6d20-5e2f-99e1-2e3c19a4a991,GK,True
fplcore:25-26-prem-nottingham-forest-vs-everton,57881605-ab70-5c0d-865f-433201de3f6f,J. Pickford,2025-26:9,1,90.0,1,,12.4,52.3,fpl_core_insights_detailed,2025-12-30T22:30:00+00:00,GW19,26945f3c-2fec-55c0-84ae-20dc9ec83018,9,19,57881605-ab70-5c0d-865f-433201de3f6f,GK,True
fplcore:25-26-prem-nottingham-forest-vs-everton,9cb12f76-aa67-5f6a-9571-1925e3cbe9ef,T. Iroegbunam,2025-26:9,1,90.0,1,CAM,42.8,44.8,fpl_core_insights_detailed,2025-12-30T22:30:00+00:00,GW19,26945f3c-2fec-55c0-84ae-20dc9ec83018,9,19,9cb12f76-aa67-5f6a-9571-1925e3cbe9ef,RDM,True
fplcore:25-26-prem-nottingham-forest-vs-everton,e9f5aa44-1c52-51c9-85a6-b079a6b78080,M. Röhl,2025-26:9,1,90.0,1,RDM,42.5,46.3,fpl_core_insights_detailed,2025-12-30T22:30:00+00:00,GW19,26945f3c-2fec-55c0-84ae-20dc9ec83018,9,19,e9f5aa44-1c52-51c9-85a6-b079a6b78080,CAM,True
fplcore:25-26-prem-sunderland-vs-manchester-city,17b0293a-a54d-554b-bdba-368217c87ad9,R. Roefs,2025-26:17,1,90.0,1,,13.1,53.4,fpl_core_insights_detailed,2026-01-01T23:00:00+00:00,GW19,4f697cb3-83cb-56a3-ad48-c7c86b62a938,17,19,17b0293a-a54d-554b-bdba-368217c87ad9,GK,True
fplcore:25-26-prem-sunderland-vs-manchester-city,67859d1e-575f-5ae4-aa8d-8f36bd11696e,G. Donnarumma,2025-26:13,1,90.0,1,,10.7,46.9,fpl_core_insights_detailed,2026-01-01T23:00:00+00:00,GW19,4f697cb3-83cb-56a3-ad48-c7c86b62a938,13,19,67859d1e-575f-5ae4-aa8d-8f36bd11696e,GK,True
fplcore:25-26-prem-sunderland-vs-manchester-city,a5ac6603-1c8f-569d-acdb-bba58bd047c8,N. González,2025-26:13,1,45.0,1,LCM,47.8,50.3,fpl_core_insights_detailed,2026-01-01T23:00:00+00:00,GW19,4f697cb3-83cb-56a3-ad48-c7c86b62a938,13,19,a5ac6603-1c8f-569d-acdb-bba58bd047c8,CM,True
fplcore:25-26-prem-sunderland-vs-manchester-city,f717009d-d433-5fa0-9cf5-1e081478a8f1,P. Foden,2025-26:13,1,90.0,1,CM,52.9,48.8,fpl_core_insights_detailed,2026-01-01T23:00:00+00:00,GW19,4f697cb3-83cb-56a3-ad48-c7c86b62a938,13,19,f717009d-d433-5fa0-9cf5-1e081478a8f1,LCM,True
fplcore:25-26-prem-west-ham-united-vs-brighton-hove-albion,112ec44a-8ec0-5a5a-828a-d330905abb6b,A. Aréola,2025-26:19,1,90.0,1,,10.3,46.4,fpl_core_insights_detailed,2025-12-30T22:30:00+00:00,GW19,b3f40fd5-3510-5362-a058-fea88db76fdb,19,19,112ec44a-8ec0-5a5a-828a-d330905abb6b,GK,True
fplcore:25-26-prem-west-ham-united-vs-brighton-hove-albion,a0539466-bf5c-5202-baf7-336484f9a7c3,F. Potts,2025-26:19,1,90.0,1,CAM,43.4,53.9,fpl_core_insights_detailed,2025-12-30T22:30:00+00:00,GW19,b3f40fd5-3510-5362-a058-fea88db76fdb,19,19,a0539466-bf5c-5202-baf7-336484f9a7c3,LDM,True
fplcore:25-26-prem-west-ham-united-vs-brighton-hove-albion,79420363-80f0-5eb5-bef5-e1e31f62877c,M. Fernandes,2025-26:19,1,90.0,1,LDM,43.2,53.8,fpl_core_insights_detailed,2025-12-30T22:30:00+00:00,GW19,b3f40fd5-3510-5362-a058-fea88db76fdb,19,19,79420363-80f0-5eb5-bef5-e1e31f62877c,CAM,True
fplcore:25-26-prem-west-ham-united-vs-brighton-hove-albion,9720eb96-9da3-5717-9ed4-45874361e243,B. Verbruggen,2025-26:6,1,90.0,1,,11.9,51.0,fpl_core_insights_detailed,2025-12-30T22:30:00+00:00,GW19,b3f40fd5-3510-5362-a058-fea88db76fdb,6,19,9720eb96-9da3-5717-9ed4-45874361e243,GK,True
fplcore:25-26-prem-west-ham-united-vs-brighton-hove-albion,de6b06be-d7b4-506e-9177-df5cf336214a,Y. Ayari,2025-26:6,1,90.0,1,LDM,49.8,58.0,fpl_core_insights_detailed,2025-12-30T22:30:00+00:00,GW19,b3f40fd5-3510-5362-a058-fea88db76fdb,6,19,de6b06be-d7b4-506e-9177-df5cf336214a,RDM,True
fplcore:25-26-prem-west-ham-united-vs-brighton-hove-albion,a5750705-f098-5007-84b9-214a2063f4c8,J. Milner,2025-26:6,1,71.0,1,RDM,50.7,43.1,fpl_core_insights_detailed,2025-12-30T22:30:00+00:00,GW19,b3f40fd5-3510-5362-a058-fea88db76fdb,6,19,a5750705-f098-5007-84b9-214a2063f4c8,LDM,True
fplcore:25-26-prem-afc-bournemouth-vs-arsenal,aec63649-ffe1-5e88-829b-d1e462e7e679,Đ. Petrović,2025-26:4,1,90.0,1,,10.8,51.7,fpl_core_insights_detailed,2026-01-03T20:30:00+00:00,GW20,95943c56-b9b4-5024-92d6-e643eb062c95,4,20,aec63649-ffe1-5e88-829b-d1e462e7e679,GK,True
fplcore:25-26-prem-afc-bournemouth-vs-arsenal,9ac55e79-9cb2-5ac5-ae8c-6a2ebd620277,D. Raya,2025-26:1,1,90.0,1,,12.9,52.6,fpl_core_insights_detailed,2026-01-03T20:30:00+00:00,GW20,95943c56-b9b4-5024-92d6-e643eb062c95,1,20,9ac55e79-9cb2-5ac5-ae8c-6a2ebd620277,GK,True
fplcore:25-26-prem-aston-villa-vs-nottingham-forest,db76d454-818a-5043-8d04-22e24f696027,E. Martínez,2025-26:2,1,90.0,1,,10.5,48.6,fpl_core_insights_detailed,2026-01-03T15:30:00+00:00,GW20,fff22632-5afb-5c00-82d8-a6eb8e565cb3,2,20,db76d454-818a-5043-8d04-22e24f696027,GK,True
fplcore:25-26-prem-aston-villa-vs-nottingham-forest,45407054-6d20-5e2f-99e1-2e3c19a4a991,John,2025-26:16,1,77.0,1,,10.1,52.0,fpl_core_insights_detailed,2026-01-03T15:30:00+00:00,GW20,fff22632-5afb-5c00-82d8-a6eb8e565cb3,16,20,45407054-6d20-5e2f-99e1-2e3c19a4a991,GK,True
fplcore:25-26-prem-aston-villa-vs-nottingham-forest,c648214a-7d9c-5efe-aa6f-da16039cd486,O. Hutchinson,2025-26:16,1,90.0,1,LW,47.9,60.9,fpl_core_insights_detailed,2026-01-03T15:30:00+00:00,GW20,fff22632-5afb-5c00-82d8-a6eb8e565cb3,16,20,c648214a-7d9c-5efe-aa6f-da16039cd486,RW,True
fplcore:25-26-prem-aston-villa-vs-nottingham-forest,b741dff8-c470-5246-a88a-18fd87c23462,D. Bakwa,2025-26:16,1,68.0,1,RW,46.6,34.1,fpl_core_insights_detailed,2026-01-03T15:30:00+00:00,GW20,fff22632-5afb-5c00-82d8-a6eb8e565cb3,16,20,b741dff8-c470-5246-a88a-18fd87c23462,LW,True
fplcore:25-26-prem-brighton-hove-albion-vs-burnley,9720eb96-9da3-5717-9ed4-45874361e243,B. Verbruggen,2025-26:6,1,90.0,1,,13.3,53.7,fpl_core_insights_detailed,2026-01-03T18:00:00+00:00,GW20,64a9cbfc-da38-5bfa-b58f-bd3a6f202e8f,6,20,9720eb96-9da3-5717-9ed4-45874361e243,GK,True
fplcore:25-26-prem-brighton-hove-albion-vs-burnley,148b32f1-d60d-5cdd-9ffe-a5938fcb8671,M. Dúbravka,2025-26:3,1,90.0,1,,10.5,48.0,fpl_core_insights_detailed,2026-01-03T18:00:00+00:00,GW20,64a9cbfc-da38-5bfa-b58f-bd3a6f202e8f,3,20,148b32f1-d60d-5cdd-9ffe-a5938fcb8671,GK,True
fplcore:25-26-prem-brighton-hove-albion-vs-burnley,f33e474a-8556-5f17-915d-49956a1c0f64,J. B. Larsen,2025-26:3,1,54.0,1,RCM,59.8,48.3,fpl_core_insights_detailed,2026-01-03T18:00:00+00:00,GW20,64a9cbfc-da38-5bfa-b58f-bd3a6f202e8f,3,20,f33e474a-8556-5f17-915d-49956a1c0f64,RW,True
fplcore:25-26-prem-brighton-hove-albion-vs-burnley,032150f9-1246-5989-8ac4-532f1e3bce74,L. Ugochukwu,2025-26:3,1,54.0,1,RW,46.7,34.5,fpl_core_insights_detailed,2026-01-03T18:00:00+00:00,GW20,64a9cbfc-da38-5bfa-b58f-bd3a6f202e8f,3,20,032150f9-1246-5989-8ac4-532f1e3bce74,RCM,True
fplcore:25-26-prem-everton-vs-brentford,57881605-ab70-5c0d-865f-433201de3f6f,J. Pickford,2025-26:9,1,90.0,1,,17.5,53.1,fpl_core_insights_detailed,2026-01-04T18:00:00+00:00,GW20,ee77f352-51fe-5bf8-9c9f-8ef2a246297c,9,20,57881605-ab70-5c0d-865f-433201de3f6f,GK,True
fplcore:25-26-prem-everton-vs-brentford,9cb12f76-aa67-5f6a-9571-1925e3cbe9ef,T. Iroegbunam,2025-26:9,1,76.0,1,LDM,50.7,43.1,fpl_core_insights_detailed,2026-01-04T18:00:00+00:00,GW20,ee77f352-51fe-5bf8-9c9f-8ef2a246297c,9,20,9cb12f76-aa67-5f6a-9571-1925e3cbe9ef,RDM,True
fplcore:25-26-prem-everton-vs-brentford,444bfe5b-015a-5ec2-ac21-34fd780e0aa5,J. Garner,2025-26:9,1,90.0,1,RAM,55.3,54.9,fpl_core_insights_detailed,2026-01-04T18:00:00+00:00,GW20,ee77f352-51fe-5bf8-9c9f-8ef2a246297c,9,20,444bfe5b-015a-5ec2-ac21-34fd780e0aa5,LDM,True
fplcore:25-26-prem-everton-vs-brentford,ddd5f39d-2c3a-5f8e-a76f-e64d451f6ac1,T. Dibling,2025-26:9,1,45.0,1,RDM,54.7,11.8,fpl_core_insights_detailed,2026-01-04T18:00:00+00:00,GW20,ee77f352-51fe-5bf8-9c9f-8ef2a246297c,9,20,ddd5f39d-2c3a-5f8e-a76f-e64d451f6ac1,RAM,True
fplcore:25-26-prem-everton-vs-brentford,3cfeb2a8-cad5-5980-9946-aecc5eb2b011,C. Kelleher,2025-26:5,1,90.0,1,,10.2,48.6,fpl_core_insights_detailed,2026-01-04T18:00:00+00:00,GW20,ee77f352-51fe-5bf8-9c9f-8ef2a246297c,5,20,3cfeb2a8-cad5-5980-9946-aecc5eb2b011,GK,True
fplcore:25-26-prem-fulham-vs-liverpool,83056bd2-b742-5b28-b32d-8ba4a3902c61,B. Leno,2025-26:10,1,90.0,1,,9.3,47.7,fpl_core_insights_detailed,2026-01-04T18:15:00+00:00,GW20,7d01ed74-9be2-5e3f-a323-03eb7eb30f3d,10,20,83056bd2-b742-5b28-b32d-8ba4a3902c61,GK,True
fplcore:25-26-prem-fulham-vs-liverpool,aa82079f-0382-5b01-bb3b-9224650f408b,S. Lukić,2025-26:10,1,90.0,1,LCM,47.8,53.5,fpl_core_insights_detailed,2026-01-04T18:15:00+00:00,GW20,7d01ed74-9be2-5e3f-a323-03eb7eb30f3d,10,20,aa82079f-0382-5b01-bb3b-9224650f408b,RCM,True
fplcore:25-26-prem-fulham-vs-liverpool,a9c228ea-04e0-5861-b004-a8719101c698,T. Cairney,2025-26:10,1,73.0,1,RCM,43.7,51.6,fpl_core_insights_detailed,2026-01-04T18:15:00+00:00,GW20,7d01ed74-9be2-5e3f-a323-03eb7eb30f3d,10,20,a9c228ea-04e0-5861-b004-a8719101c698,LCM,True
fplcore:25-26-prem-fulham-vs-liverpool,6cfbd227-d6d0-525d-810f-a1e929d406bf,H. Wilson,2025-26:10,1,84.0,1,ST,64.7,49.7,fpl_core_insights_detailed,2026-01-04T18:15:00+00:00,GW20,7d01ed74-9be2-5e3f-a323-03eb7eb30f3d,10,20,6cfbd227-d6d0-525d-810f-a1e929d406bf,RAM,True
fplcore:25-26-prem-fulham-vs-liverpool,920d3e82-2ef6-5ae4-aa99-e8d693a9d888,R. Jiménez,2025-26:10,1,84.0,1,RAM,53.2,62.5,fpl_core_insights_detailed,2026-01-04T18:15:00+00:00,GW20,7d01ed74-9be2-5e3f-a323-03eb7eb30f3d,10,20,920d3e82-2ef6-5ae4-aa99-e8d693a9d888,ST,True
fplcore:25-26-prem-fulham-vs-liverpool,bb7d5990-008e-5f6d-871a-83ec4490dd2d,Alisson,2025-26:12,1,90.0,1,,14.0,48.1,fpl_core_insights_detailed,2026-01-04T18:15:00+00:00,GW20,7d01ed74-9be2-5e3f-a323-03eb7eb30f3d,12,20,bb7d5990-008e-5f6d-871a-83ec4490dd2d,GK,True
fplcore:25-26-prem-leeds-united-vs-manchester-united,542e61a7-899c-5785-91c5-c76ab1e53e2d,L. Perri,2025-26:11,1,90.0,1,,11.8,53.4,fpl_core_insights_detailed,2026-01-04T15:30:00+00:00,GW20,39776c30-cbff-5712-89de-fab525b80a83,11,20,542e61a7-899c-5785-91c5-c76ab1e53e2d,GK,True
fplcore:25-26-prem-leeds-united-vs-manchester-united,c550c5c9-6be9-5d60-a724-ed8b1d333548,B. Aaronson,2025-26:11,1,86.0,1,CM,58.2,46.2,fpl_core_insights_detailed,2026-01-04T15:30:00+00:00,GW20,39776c30-cbff-5712-89de-fab525b80a83,11,20,c550c5c9-6be9-5d60-a724-ed8b1d333548,RCM,True
fplcore:25-26-prem-leeds-united-vs-manchester-united,9066de74-0bf4-5c6d-8a3f-3b977b735a67,A. Stach,2025-26:11,1,90.0,1,RCM,57.2,39.5,fpl_core_insights_detailed,2026-01-04T15:30:00+00:00,GW20,39776c30-cbff-5712-89de-fab525b80a83,11,20,9066de74-0bf4-5c6d-8a3f-3b977b735a67,CM,True
fplcore:25-26-prem-leeds-united-vs-manchester-united,63a30902-aa79-59d2-bbc6-903ff41e54dc,S. Lammens,2025-26:14,1,90.0,1,,8.5,47.8,fpl_core_insights_detailed,2026-01-04T15:30:00+00:00,GW20,39776c30-cbff-5712-89de-fab525b80a83,14,20,63a30902-aa79-59d2-bbc6-903ff41e54dc,GK,True
fplcore:25-26-prem-manchester-city-vs-chelsea,67859d1e-575f-5ae4-aa8d-8f36bd11696e,G. Donnarumma,2025-26:13,1,90.0,1,,10.5,51.0,fpl_core_insights_detailed,2026-01-04T20:30:00+00:00,GW20,53819c08-027b-57c1-8cf9-543b3ccad0d8,13,20,67859d1e-575f-5ae4-aa8d-8f36bd11696e,GK,True
fplcore:25-26-prem-manchester-city-vs-chelsea,d7143aed-fcb8-5af3-8721-72433dd889d7,F. Jørgensen,2025-26:7,1,90.0,1,,11.0,45.9,fpl_core_insights_detailed,2026-01-04T20:30:00+00:00,GW20,53819c08-027b-57c1-8cf9-543b3ccad0d8,7,20,d7143aed-fcb8-5af3-8721-72433dd889d7,GK,True
fplcore:25-26-prem-manchester-city-vs-chelsea,9998e641-8e7f-5837-8d46-ad335b484a00,J. Acheampong,2025-26:7,1,61.0,1,RCB,35.6,36.4,fpl_core_insights_detailed,2026-01-04T20:30:00+00:00,GW20,53819c08-027b-57c1-8cf9-543b3ccad0d8,7,20,9998e641-8e7f-5837-8d46-ad335b484a00,RB,True
fplcore:25-26-prem-manchester-city-vs-chelsea,fbe43cca-fb14-5420-94d6-3e253d5e57f2,T. Chalobah,2025-26:7,1,90.0,1,RB,23.1,24.6,fpl_core_insights_detailed,2026-01-04T20:30:00+00:00,GW20,53819c08-027b-57c1-8cf9-543b3ccad0d8,7,20,fbe43cca-fb14-5420-94d6-3e253d5e57f2,RCB,True
fplcore:25-26-prem-manchester-city-vs-chelsea,4dc8670b-9980-5a26-9e9d-c98c1f9bb333,B. Badiashile,2025-26:7,1,90.0,1,LB,21.7,62.6,fpl_core_insights_detailed,2026-01-04T20:30:00+00:00,GW20,53819c08-027b-57c1-8cf9-543b3ccad0d8,7,20,4dc8670b-9980-5a26-9e9d-c98c1f9bb333,LCB,True
fplcore:25-26-prem-manchester-city-vs-chelsea,972fc541-f01f-51fc-b746-5238f72285d7,M. Gusto,2025-26:7,1,90.0,1,LCB,39.8,50.6,fpl_core_insights_detailed,2026-01-04T20:30:00+00:00,GW20,53819c08-027b-57c1-8cf9-543b3ccad0d8,7,20,972fc541-f01f-51fc-b746-5238f72285d7,LB,True
fplcore:25-26-prem-manchester-city-vs-chelsea,3655e646-d6d9-51ce-a14d-bed863d96c3c,R. James,2025-26:7,1,90.0,1,LDM,40.1,42.5,fpl_core_insights_detailed,2026-01-04T20:30:00+00:00,GW20,53819c08-027b-57c1-8cf9-543b3ccad0d8,7,20,3655e646-d6d9-51ce-a14d-bed863d96c3c,RDM,True
fplcore:25-26-prem-manchester-city-vs-chelsea,5b51fc3a-1f45-56e1-9ecc-0bda87474227,E. Fernández,2025-26:7,1,90.0,1,LAM,51.2,68.5,fpl_core_insights_detailed,2026-01-04T20:30:00+00:00,GW20,53819c08-027b-57c1-8cf9-543b3ccad0d8,7,20,5b51fc3a-1f45-56e1-9ecc-0bda87474227,LDM,True
fplcore:25-26-prem-manchester-city-vs-chelsea,9b51b592-7b40-53df-a62d-6af0afa0bb0e,Estêvão,2025-26:7,1,45.0,1,RDM,47.5,29.6,fpl_core_insights_detailed,2026-01-04T20:30:00+00:00,GW20,53819c08-027b-57c1-8cf9-543b3ccad0d8,7,20,9b51b592-7b40-53df-a62d-6af0afa0bb0e,RAM,True
fplcore:25-26-prem-manchester-city-vs-chelsea,481b07c4-b805-52cf-a0ee-593af134790d,C. Palmer,2025-26:7,1,90.0,1,RAM,50.7,30.3,fpl_core_insights_detailed,2026-01-04T20:30:00+00:00,GW20,53819c08-027b-57c1-8cf9-543b3ccad0d8,7,20,481b07c4-b805-52cf-a0ee-593af134790d,CAM,True
fplcore:25-26-prem-manchester-city-vs-chelsea,653dcb32-98a1-5bdb-afc4-4dcee772c921,P. Neto,2025-26:7,1,90.0,1,CAM,54.1,65.3,fpl_core_insights_detailed,2026-01-04T20:30:00+00:00,GW20,53819c08-027b-57c1-8cf9-543b3ccad0d8,7,20,653dcb32-98a1-5bdb-afc4-4dcee772c921,LAM,True
fplcore:25-26-prem-newcastle-united-vs-crystal-palace,00be15e9-135e-5a79-956f-cd70f121b4b0,N. Pope,2025-26:15,1,90.0,1,,10.5,49.5,fpl_core_insights_detailed,2026-01-04T18:00:00+00:00,GW20,ab95aded-a92a-5e8f-b8c7-aaf6e26b5f9a,15,20,00be15e9-135e-5a79-956f-cd70f121b4b0,GK,True
fplcore:25-26-prem-newcastle-united-vs-crystal-palace,4e7d3349-c869-51f6-a9f2-e86405e21be5,D. Henderson,2025-26:8,1,90.0,1,,11.9,48.8,fpl_core_insights_detailed,2026-01-04T18:00:00+00:00,GW20,ab95aded-a92a-5e8f-b8c7-aaf6e26b5f9a,8,20,4e7d3349-c869-51f6-a9f2-e86405e21be5,GK,True
fplcore:25-26-prem-newcastle-united-vs-crystal-palace,73fbac33-4713-58ec-b9bd-242dfec592a2,A. Wharton,2025-26:8,1,86.0,1,RAM,56.4,41.7,fpl_core_insights_detailed,2026-01-04T18:00:00+00:00,GW20,ab95aded-a92a-5e8f-b8c7-aaf6e26b5f9a,8,20,73fbac33-4713-58ec-b9bd-242dfec592a2,RCM,True
fplcore:25-26-prem-newcastle-united-vs-crystal-palace,0fa345a4-e26c-50d4-8f35-8b13aa9d7c09,W. Hughes,2025-26:8,1,90.0,1,RCM,52.1,65.5,fpl_core_insights_detailed,2026-01-04T18:00:00+00:00,GW20,ab95aded-a92a-5e8f-b8c7-aaf6e26b5f9a,8,20,0fa345a4-e26c-50d4-8f35-8b13aa9d7c09,LCM,True
fplcore:25-26-prem-newcastle-united-vs-crystal-palace,e0417b35-b1b1-5957-8ee5-7996c5db5cb0,B. Johnson,2025-26:8,1,71.0,1,ST,67.1,30.5,fpl_core_insights_detailed,2026-01-04T18:00:00+00:00,GW20,ab95aded-a92a-5e8f-b8c7-aaf6e26b5f9a,8,20,e0417b35-b1b1-5957-8ee5-7996c5db5cb0,RAM,True
fplcore:25-26-prem-newcastle-united-vs-crystal-palace,1e4afd94-5426-54f5-893e-eea93b538667,Y. Pino,2025-26:8,1,86.0,1,LCM,52.3,69.3,fpl_core_insights_detailed,2026-01-04T18:00:00+00:00,GW20,ab95aded-a92a-5e8f-b8c7-aaf6e26b5f9a,8,20,1e4afd94-5426-54f5-893e-eea93b538667,LAM,True
fplcore:25-26-prem-newcastle-united-vs-crystal-palace,7b9dc65d-483e-5ff9-af51-946aceed51e9,J. Mateta,2025-26:8,1,86.0,1,LAM,63.4,51.4,fpl_core_insights_detailed,2026-01-04T18:00:00+00:00,GW20,ab95aded-a92a-5e8f-b8c7-aaf6e26b5f9a,8,20,7b9dc65d-483e-5ff9-af51-946aceed51e9,ST,True
fplcore:25-26-prem-tottenham-hotspur-vs-sunderland,3c77aa9b-7767-5636-9780-0d94d829b326,G. Vicario,2025-26:18,1,90.0,1,,11.1,49.2,fpl_core_insights_detailed,2026-01-04T18:00:00+00:00,GW20,f599b033-9cfa-5834-a806-e2ad59bd8ff9,18,20,3c77aa9b-7767-5636-9780-0d94d829b326,GK,True
fplcore:25-26-prem-tottenham-hotspur-vs-sunderland,976cba43-39e3-5bd2-a17b-74524487c441,A. Gray,2025-26:18,1,71.0,1,CAM,55.0,51.1,fpl_core_insights_detailed,2026-01-04T18:00:00+00:00,GW20,f599b033-9cfa-5834-a806-e2ad59bd8ff9,18,20,976cba43-39e3-5bd2-a17b-74524487c441,LDM,True
fplcore:25-26-prem-tottenham-hotspur-vs-sunderland,658b9548-4dbd-5b98-890b-0bb35c8a5625,W. Odobert,2025-26:18,1,71.0,1,LDM,54.7,56.5,fpl_core_insights_detailed,2026-01-04T18:00:00+00:00,GW20,f599b033-9cfa-5834-a806-e2ad59bd8ff9,18,20,658b9548-4dbd-5b98-890b-0bb35c8a5625,CAM,True
fplcore:25-26-prem-tottenham-hotspur-vs-sunderland,17b0293a-a54d-554b-bdba-368217c87ad9,R. Roefs,2025-26:17,1,90.0,1,,11.6,52.8,fpl_core_insights_detailed,2026-01-04T18:00:00+00:00,GW20,f599b033-9cfa-5834-a806-e2ad59bd8ff9,17,20,17b0293a-a54d-554b-bdba-368217c87ad9,GK,True
fplcore:25-26-prem-tottenham-hotspur-vs-sunderland,d7a7fcda-2a3c-55c2-80be-adc778736b39,L. Geertruida,2025-26:17,1,90.0,1,RCB,44.1,33.2,fpl_core_insights_detailed,2026-01-04T18:00:00+00:00,GW20,f599b033-9cfa-5834-a806-e2ad59bd8ff9,17,20,d7a7fcda-2a3c-55c2-80be-adc778736b39,RB,True
fplcore:25-26-prem-tottenham-hotspur-vs-sunderland,53bfdbe9-b833-5ee6-b24f-4b838a2a0fa6,N. Mukiele,2025-26:17,1,90.0,1,RB,40.4,26.7,fpl_core_insights_detailed,2026-01-04T18:00:00+00:00,GW20,f599b033-9cfa-5834-a806-e2ad59bd8ff9,17,20,53bfdbe9-b833-5ee6-b24f-4b838a2a0fa6,RCB,True
fplcore:25-26-prem-tottenham-hotspur-vs-sunderland,2e06beff-d060-52c5-b090-ef85e142bc03,T. Hume,2025-26:17,1,90.0,1,RCM,49.6,55.0,fpl_core_insights_detailed,2026-01-04T18:00:00+00:00,GW20,f599b033-9cfa-5834-a806-e2ad59bd8ff9,17,20,2e06beff-d060-52c5-b090-ef85e142bc03,RW,True
fplcore:25-26-prem-tottenham-hotspur-vs-sunderland,66bc60f5-fa76-5fa0-a7ca-b9f126393376,G. Xhaka,2025-26:17,1,90.0,1,RW,47.5,50.6,fpl_core_insights_detailed,2026-01-04T18:00:00+00:00,GW20,f599b033-9cfa-5834-a806-e2ad59bd8ff9,17,20,66bc60f5-fa76-5fa0-a7ca-b9f126393376,RCM,True
fplcore:25-26-prem-wolverhampton-wanderers-vs-west-ham-united,698f23fd-0fa1-5358-8bd3-2b8aef91e946,J. Sá,2025-26:20,1,90.0,1,,11.3,47.4,fpl_core_insights_detailed,2026-01-03T18:00:00+00:00,GW20,be91d0ce-edbc-55d0-88a2-ab022adf5d4c,20,20,698f23fd-0fa1-5358-8bd3-2b8aef91e946,GK,True
fplcore:25-26-prem-wolverhampton-wanderers-vs-west-ham-united,112ec44a-8ec0-5a5a-828a-d330905abb6b,A. Aréola,2025-26:19,1,90.0,1,,10.6,48.4,fpl_core_insights_detailed,2026-01-03T18:00:00+00:00,GW20,be91d0ce-edbc-55d0-88a2-ab022adf5d4c,19,20,112ec44a-8ec0-5a5a-828a-d330905abb6b,GK,True
fplcore:25-26-prem-afc-bournemouth-vs-tottenham-hotspur,aec63649-ffe1-5e88-829b-d1e462e7e679,Đ. Petrović,2025-26:4,1,90.0,1,,9.1,50.8,fpl_core_insights_detailed,2026-01-07T22:30:00+00:00,GW21,c85adaa1-9d5b-504f-975a-48fd4b6e248d,4,21,aec63649-ffe1-5e88-829b-d1e462e7e679,GK,True
fplcore:25-26-prem-afc-bournemouth-vs-tottenham-hotspur,559670b7-3af4-5c20-8ab5-783da9a99601,A. Scott,2025-26:4,1,90.0,1,LDM,42.0,67.4,fpl_core_insights_detailed,2026-01-07T22:30:00+00:00,GW21,c85adaa1-9d5b-504f-975a-48fd4b6e248d,4,21,559670b7-3af4-5c20-8ab5-783da9a99601,RDM,True
fplcore:25-26-prem-afc-bournemouth-vs-tottenham-hotspur,6caa4dfe-3a1a-5c7f-84ef-7342cdfb5745,L. Cook,2025-26:4,1,90.0,1,RDM,45.1,38.0,fpl_core_insights_detailed,2026-01-07T22:30:00+00:00,GW21,c85adaa1-9d5b-504f-975a-48fd4b6e248d,4,21,6caa4dfe-3a1a-5c7f-84ef-7342cdfb5745,LDM,True
fplcore:25-26-prem-afc-bournemouth-vs-tottenham-hotspur,3c77aa9b-7767-5636-9780-0d94d829b326,G. Vicario,2025-26:18,1,90.0,1,,15.0,55.4,fpl_core_insights_detailed,2026-01-07T22:30:00+00:00,GW21,c85adaa1-9d5b-504f-975a-48fd4b6e248d,18,21,3c77aa9b-7767-5636-9780-0d94d829b326,GK,True
fplcore:25-26-prem-arsenal-vs-liverpool,9ac55e79-9cb2-5ac5-ae8c-6a2ebd620277,D. Raya,2025-26:1,1,90.0,1,,15.3,45.8,fpl_core_insights_detailed,2026-01-08T23:00:00+00:00,GW21,6f5d2db5-99dc-5b68-b2e5-4f6a2736dccc,1,21,9ac55e79-9cb2-5ac5-ae8c-6a2ebd620277,GK,True
fplcore:25-26-prem-arsenal-vs-liverpool,bb7d5990-008e-5f6d-871a-83ec4490dd2d,Alisson,2025-26:12,1,90.0,1,,10.4,48.8,fpl_core_insights_detailed,2026-01-08T23:00:00+00:00,GW21,6f5d2db5-99dc-5b68-b2e5-4f6a2736dccc,12,21,bb7d5990-008e-5f6d-871a-83ec4490dd2d,GK,True
fplcore:25-26-prem-brentford-vs-sunderland,3cfeb2a8-cad5-5980-9946-aecc5eb2b011,C. Kelleher,2025-26:5,1,90.0,1,,9.3,53.8,fpl_core_insights_detailed,2026-01-07T22:30:00+00:00,GW21,45650b66-0d6a-5149-85c8-7e0f307e52f2,5,21,3cfeb2a8-cad5-5980-9946-aecc5eb2b011,GK,True
fplcore:25-26-prem-brentford-vs-sunderland,17b0293a-a54d-554b-bdba-368217c87ad9,R. Roefs,2025-26:17,1,90.0,1,,11.8,52.9,fpl_core_insights_detailed,2026-01-07T22:30:00+00:00,GW21,45650b66-0d6a-5149-85c8-7e0f307e52f2,17,21,17b0293a-a54d-554b-bdba-368217c87ad9,GK,True
fplcore:25-26-prem-brentford-vs-sunderland,bbeb1769-f6ef-5a78-abdb-84df15c86c28,O. Alderete,2025-26:17,1,82.0,1,LB,35.9,72.2,fpl_core_insights_detailed,2026-01-07T22:30:00+00:00,GW21,45650b66-0d6a-5149-85c8-7e0f307e52f2,17,21,bbeb1769-f6ef-5a78-abdb-84df15c86c28,LCB,True
fplcore:25-26-prem-brentford-vs-sunderland,2e06beff-d060-52c5-b090-ef85e142bc03,T. Hume,2025-26:17,1,90.0,1,LCB,36.0,64.1,fpl_core_insights_detailed,2026-01-07T22:30:00+00:00,GW21,45650b66-0d6a-5149-85c8-7e0f307e52f2,17,21,2e06beff-d060-52c5-b090-ef85e142bc03,LB,True
fplcore:25-26-prem-brentford-vs-sunderland,66bc60f5-fa76-5fa0-a7ca-b9f126393376,G. Xhaka,2025-26:17,1,90.0,1,CAM,49.6,37.2,fpl_core_insights_detailed,2026-01-07T22:30:00+00:00,GW21,45650b66-0d6a-5149-85c8-7e0f307e52f2,17,21,66bc60f5-fa76-5fa0-a7ca-b9f126393376,RDM,True
fplcore:25-26-prem-brentford-vs-sunderland,d7a7fcda-2a3c-55c2-80be-adc778736b39,L. Geertruida,2025-26:17,1,78.0,1,RDM,46.8,62.6,fpl_core_insights_detailed,2026-01-07T22:30:00+00:00,GW21,45650b66-0d6a-5149-85c8-7e0f307e52f2,17,21,d7a7fcda-2a3c-55c2-80be-adc778736b39,LDM,True
fplcore:25-26-prem-brentford-vs-sunderland,40b6a84e-8e7e-529b-8b4e-a2979b1bc8e4,E. Le Fée,2025-26:17,1,90.0,1,LAM,53.0,51.1,fpl_core_insights_detailed,2026-01-07T22:30:00+00:00,GW21,45650b66-0d6a-5149-85c8-7e0f307e52f2,17,21,40b6a84e-8e7e-529b-8b4e-a2979b1bc8e4,CAM,True
fplcore:25-26-prem-brentford-vs-sunderland,7d600419-69d5-50b5-84da-7b3b616dc8e2,S. Adingra,2025-26:17,1,51.0,1,LDM,46.7,80.3,fpl_core_insights_detailed,2026-01-07T22:30:00+00:00,GW21,45650b66-0d6a-5149-85c8-7e0f307e52f2,17,21,7d600419-69d5-50b5-84da-7b3b616dc8e2,LAM,True
fplcore:25-26-prem-burnley-vs-manchester-united,148b32f1-d60d-5cdd-9ffe-a5938fcb8671,M. Dúbravka,2025-26:3,1,90.0,1,,8.3,49.6,fpl_core_insights_detailed,2026-01-07T23:15:00+00:00,GW21,6767b947-8416-5f35-8491-a11d50d77d43,3,21,148b32f1-d60d-5cdd-9ffe-a5938fcb8671,GK,True
fplcore:25-26-prem-burnley-vs-manchester-united,9d1de056-bbbd-54d4-a192-06c57ccb0fd6,H. Mejbri,2025-26:3,1,57.0,1,ST,61.6,72.1,fpl_core_insights_detailed,2026-01-07T23:15:00+00:00,GW21,6767b947-8416-5f35-8491-a11d50d77d43,3,21,9d1de056-bbbd-54d4-a192-06c57ccb0fd6,LAM,True
fplcore:25-26-prem-burnley-vs-manchester-united,b3a37e1a-2034-5649-97db-eea9b4ff11f9,A. Broja,2025-26:3,1,75.0,1,LAM,60.6,52.7,fpl_core_insights_detailed,2026-01-07T23:15:00+00:00,GW21,6767b947-8416-5f35-8491-a11d50d77d43,3,21,b3a37e1a-2034-5649-97db-eea9b4ff11f9,ST,True
fplcore:25-26-prem-burnley-vs-manchester-united,63a30902-aa79-59d2-bbc6-903ff41e54dc,S. Lammens,2025-26:14,1,90.0,1,,11.2,47.3,fpl_core_insights_detailed,2026-01-07T23:15:00+00:00,GW21,6767b947-8416-5f35-8491-a11d50d77d43,14,21,63a30902-aa79-59d2-bbc6-903ff41e54dc,GK,True
fplcore:25-26-prem-burnley-vs-manchester-united,1bf5a1f9-7275-56b5-888b-e1417d195339,M. Ugarte,2025-26:14,1,83.0,1,LDM,48.7,56.0,fpl_core_insights_detailed,2026-01-07T23:15:00+00:00,GW21,6767b947-8416-5f35-8491-a11d50d77d43,14,21,1bf5a1f9-7275-56b5-888b-e1417d195339,RDM,True
fplcore:25-26-prem-burnley-vs-manchester-united,e037fafa-e08a-50a4-8014-a43e6c2d13a4,Casemiro,2025-26:14,1,73.0,1,RDM,50.6,45.7,fpl_core_insights_detailed,2026-01-07T23:15:00+00:00,GW21,6767b947-8416-5f35-8491-a11d50d77d43,14,21,e037fafa-e08a-50a4-8014-a43e6c2d13a4,LDM,True
fplcore:25-26-prem-crystal-palace-vs-aston-villa,4e7d3349-c869-51f6-a9f2-e86405e21be5,D. Henderson,2025-26:8,1,90.0,1,,8.6,46.8,fpl_core_insights_detailed,2026-01-07T22:30:00+00:00,GW21,74587131-6a44-58c5-a621-5413776668b8,8,21,4e7d3349-c869-51f6-a9f2-e86405e21be5,GK,True
fplcore:25-26-prem-crystal-palace-vs-aston-villa,234b9ca0-1d3a-52c1-ae12-d422a588485e,J. Devenny,2025-26:8,1,89.0,1,RAM,53.5,12.9,fpl_core_insights_detailed,2026-01-07T22:30:00+00:00,GW21,74587131-6a44-58c5-a621-5413776668b8,8,21,234b9ca0-1d3a-52c1-ae12-d422a588485e,RWB,True
fplcore:25-26-prem-crystal-palace-vs-aston-villa,73fbac33-4713-58ec-b9bd-242dfec592a2,A. Wharton,2025-26:8,1,90.0,1,RWB,47.9,40.2,fpl_core_insights_detailed,2026-01-07T22:30:00+00:00,GW21,74587131-6a44-58c5-a621-5413776668b8,8,21,73fbac33-4713-58ec-b9bd-242dfec592a2,RCM,True
fplcore:25-26-prem-crystal-palace-vs-aston-villa,0fa345a4-e26c-50d4-8f35-8b13aa9d7c09,W. Hughes,2025-26:8,1,90.0,1,RCM,48.0,50.4,fpl_core_insights_detailed,2026-01-07T22:30:00+00:00,GW21,74587131-6a44-58c5-a621-5413776668b8,8,21,0fa345a4-e26c-50d4-8f35-8b13aa9d7c09,LCM,True
fplcore:25-26-prem-crystal-palace-vs-aston-villa,e0417b35-b1b1-5957-8ee5-7996c5db5cb0,B. Johnson,2025-26:8,1,90.0,1,ST,67.2,21.1,fpl_core_insights_detailed,2026-01-07T22:30:00+00:00,GW21,74587131-6a44-58c5-a621-5413776668b8,8,21,e0417b35-b1b1-5957-8ee5-7996c5db5cb0,RAM,True
fplcore:25-26-prem-crystal-palace-vs-aston-villa,7b9dc65d-483e-5ff9-af51-946aceed51e9,J. Mateta,2025-26:8,1,90.0,1,LCM,44.1,54.7,fpl_core_insights_detailed,2026-01-07T22:30:00+00:00,GW21,74587131-6a44-58c5-a621-5413776668b8,8,21,7b9dc65d-483e-5ff9-af51-946aceed51e9,ST,True
fplcore:25-26-prem-crystal-palace-vs-aston-villa,db76d454-818a-5043-8d04-22e24f696027,E. Martínez,2025-26:2,1,45.0,1,,11.2,50.5,fpl_core_insights_detailed,2026-01-07T22:30:00+00:00,GW21,74587131-6a44-58c5-a621-5413776668b8,2,21,db76d454-818a-5043-8d04-22e24f696027,GK,True
fplcore:25-26-prem-everton-vs-wolverhampton-wanderers,57881605-ab70-5c0d-865f-433201de3f6f,J. Pickford,2025-26:9,1,90.0,1,,14.4,48.1,fpl_core_insights_detailed,2026-01-07T22:30:00+00:00,GW21,cdd4c3df-773c-5709-a7e9-91bd319e5cb3,9,21,57881605-ab70-5c0d-865f-433201de3f6f,GK,True
fplcore:25-26-prem-everton-vs-wolverhampton-wanderers,698f23fd-0fa1-5358-8bd3-2b8aef91e946,J. Sá,2025-26:20,1,90.0,1,,12.2,52.9,fpl_core_insights_detailed,2026-01-07T22:30:00+00:00,GW21,cdd4c3df-773c-5709-a7e9-91bd319e5cb3,20,21,698f23fd-0fa1-5358-8bd3-2b8aef91e946,GK,True
fplcore:25-26-prem-everton-vs-wolverhampton-wanderers,762b7b12-29aa-5f0f-aef0-ca1bf2237692,J. Arias,2025-26:20,1,45.0,1,LCM,47.2,54.4,fpl_core_insights_detailed,2026-01-07T22:30:00+00:00,GW21,cdd4c3df-773c-5709-a7e9-91bd319e5cb3,20,21,762b7b12-29aa-5f0f-aef0-ca1bf2237692,RCM,True
fplcore:25-26-prem-everton-vs-wolverhampton-wanderers,e2213bab-7401-5edc-9994-4eb0772f48ef,J. Gomes,2025-26:20,1,90.0,1,RCM,46.2,48.7,fpl_core_insights_detailed,2026-01-07T22:30:00+00:00,GW21,cdd4c3df-773c-5709-a7e9-91bd319e5cb3,20,21,e2213bab-7401-5edc-9994-4eb0772f48ef,CM,True
fplcore:25-26-prem-everton-vs-wolverhampton-wanderers,9ac5d5a9-74b6-578c-8e14-559019eb509d,M. Mané,2025-26:20,1,90.0,1,CM,55.2,49.9,fpl_core_insights_detailed,2026-01-07T22:30:00+00:00,GW21,cdd4c3df-773c-5709-a7e9-91bd319e5cb3,20,21,9ac5d5a9-74b6-578c-8e14-559019eb509d,LCM,True
fplcore:25-26-prem-fulham-vs-chelsea,83056bd2-b742-5b28-b32d-8ba4a3902c61,B. Leno,2025-26:10,1,90.0,1,,8.7,51.1,fpl_core_insights_detailed,2026-01-07T22:30:00+00:00,GW21,9e7a41bc-aaf1-54ac-8bb4-a5dce8486b75,10,21,83056bd2-b742-5b28-b32d-8ba4a3902c61,GK,True
fplcore:25-26-prem-fulham-vs-chelsea,9b9067ce-8398-553d-8496-d169d55e5396,I. Diop,2025-26:10,1,90.0,1,CB,35.9,46.9,fpl_core_insights_detailed,2026-01-07T22:30:00+00:00,GW21,9e7a41bc-aaf1-54ac-8bb4-a5dce8486b75,10,21,9b9067ce-8398-553d-8496-d169d55e5396,RCB,True
fplcore:25-26-prem-fulham-vs-chelsea,c369cb81-fb27-51a7-8457-4b7a866bbbdc,J. Andersen,2025-26:10,1,90.0,1,RCB,38.3,39.4,fpl_core_insights_detailed,2026-01-07T22:30:00+00:00,GW21,9e7a41bc-aaf1-54ac-8bb4-a5dce8486b75,10,21,c369cb81-fb27-51a7-8457-4b7a866bbbdc,CB,True
fplcore:25-26-prem-fulham-vs-chelsea,6cfbd227-d6d0-525d-810f-a1e929d406bf,H. Wilson,2025-26:10,1,90.0,1,ST,68.5,36.8,fpl_core_insights_detailed,2026-01-07T22:30:00+00:00,GW21,9e7a41bc-aaf1-54ac-8bb4-a5dce8486b75,10,21,6cfbd227-d6d0-525d-810f-a1e929d406bf,RAM,True
fplcore:25-26-prem-fulham-vs-chelsea,920d3e82-2ef6-5ae4-aa99-e8d693a9d888,R. Jiménez,2025-26:10,1,90.0,1,RAM,57.7,54.2,fpl_core_insights_detailed,2026-01-07T22:30:00+00:00,GW21,9e7a41bc-aaf1-54ac-8bb4-a5dce8486b75,10,21,920d3e82-2ef6-5ae4-aa99-e8d693a9d888,ST,True
fplcore:25-26-prem-fulham-vs-chelsea,412fc00b-6fb5-5606-bb30-04e075a83220,R. Sánchez,2025-26:7,1,90.0,1,,10.1,49.5,fpl_core_insights_detailed,2026-01-07T22:30:00+00:00,GW21,9e7a41bc-aaf1-54ac-8bb4-a5dce8486b75,7,21,412fc00b-6fb5-5606-bb30-04e075a83220,GK,True
fplcore:25-26-prem-fulham-vs-chelsea,762fd3f4-3f85-52c7-b5be-8c0c563cf25f,A. Santos,2025-26:7,1,27.0,1,RAM,58.8,44.0,fpl_core_insights_detailed,2026-01-07T22:30:00+00:00,GW21,9e7a41bc-aaf1-54ac-8bb4-a5dce8486b75,7,21,762fd3f4-3f85-52c7-b5be-8c0c563cf25f,RDM,True
fplcore:25-26-prem-fulham-vs-chelsea,481b07c4-b805-52cf-a0ee-593af134790d,C. Palmer,2025-26:7,1,74.0,1,RDM,52.2,21.1,fpl_core_insights_detailed,2026-01-07T22:30:00+00:00,GW21,9e7a41bc-aaf1-54ac-8bb4-a5dce8486b75,7,21,481b07c4-b805-52cf-a0ee-593af134790d,RAM,True
fplcore:25-26-prem-fulham-vs-chelsea,5b51fc3a-1f45-56e1-9ecc-0bda87474227,E. Fernández,2025-26:7,1,64.0,1,LAM,59.9,62.5,fpl_core_insights_detailed,2026-01-07T22:30:00+00:00,GW21,9e7a41bc-aaf1-54ac-8bb4-a5dce8486b75,7,21,5b51fc3a-1f45-56e1-9ecc-0bda87474227,CAM,True
fplcore:25-26-prem-fulham-vs-chelsea,653dcb32-98a1-5bdb-afc4-4dcee772c921,P. Neto,2025-26:7,1,90.0,1,CAM,67.9,59.9,fpl_core_insights_detailed,2026-01-07T22:30:00+00:00,GW21,9e7a41bc-aaf1-54ac-8bb4-a5dce8486b75,7,21,653dcb32-98a1-5bdb-afc4-4dcee772c921,LAM,True
fplcore:25-26-prem-manchester-city-vs-brighton-hove-albion,67859d1e-575f-5ae4-aa8d-8f36bd11696e,G. Donnarumma,2025-26:13,1,90.0,1,,11.1,47.2,fpl_core_insights_detailed,2026-01-07T22:30:00+00:00,GW21,a04e4a5f-3052-5e3a-9f83-69349a8d03f1,13,21,67859d1e-575f-5ae4-aa8d-8f36bd11696e,GK,True
fplcore:25-26-prem-manchester-city-vs-brighton-hove-albion,138e28b4-ff6e-5598-bbd5-0b255b509b73,T. Reijnders,2025-26:13,1,90.0,1,LCM,62.2,53.6,fpl_core_insights_detailed,2026-01-07T22:30:00+00:00,GW21,a04e4a5f-3052-5e3a-9f83-69349a8d03f1,13,21,138e28b4-ff6e-5598-bbd5-0b255b509b73,RCM,True
fplcore:25-26-prem-manchester-city-vs-brighton-hove-albion,f717009d-d433-5fa0-9cf5-1e081478a8f1,P. Foden,2025-26:13,1,72.0,1,RCM,60.1,32.8,fpl_core_insights_detailed,2026-01-07T22:30:00+00:00,GW21,a04e4a5f-3052-5e3a-9f83-69349a8d03f1,13,21,f717009d-d433-5fa0-9cf5-1e081478a8f1,LCM,True
fplcore:25-26-prem-manchester-city-vs-brighton-hove-albion,9720eb96-9da3-5717-9ed4-45874361e243,B. Verbruggen,2025-26:6,1,90.0,1,,9.5,51.2,fpl_core_insights_detailed,2026-01-07T22:30:00+00:00,GW21,a04e4a5f-3052-5e3a-9f83-69349a8d03f1,6,21,9720eb96-9da3-5717-9ed4-45874361e243,GK,True
fplcore:25-26-prem-newcastle-united-vs-leeds-united,00be15e9-135e-5a79-956f-cd70f121b4b0,N. Pope,2025-26:15,1,90.0,1,,8.7,45.8,fpl_core_insights_detailed,2026-01-07T23:15:00+00:00,GW21,8e00dc26-ea1a-5604-b332-b65e8a5a9429,15,21,00be15e9-135e-5a79-956f-cd70f121b4b0,GK,True
fplcore:25-26-prem-newcastle-united-vs-leeds-united,542e61a7-899c-5785-91c5-c76ab1e53e2d,L. Perri,2025-26:11,1,90.0,1,,11.1,50.4,fpl_core_insights_detailed,2026-01-07T23:15:00+00:00,GW21,8e00dc26-ea1a-5604-b332-b65e8a5a9429,11,21,542e61a7-899c-5785-91c5-c76ab1e53e2d,GK,True
fplcore:25-26-prem-newcastle-united-vs-leeds-united,82e95b4b-22b2-59a9-b33b-e199df378fe3,E. Ampadu,2025-26:11,1,90.0,1,LCM,48.9,46.0,fpl_core_insights_detailed,2026-01-07T23:15:00+00:00,GW21,8e00dc26-ea1a-5604-b332-b65e8a5a9429,11,21,82e95b4b-22b2-59a9-b33b-e199df378fe3,DM,True
fplcore:25-26-prem-newcastle-united-vs-leeds-united,3c3955d4-e30d-55eb-924e-d252c6949a50,I. Gruev,2025-26:11,1,90.0,1,LW,47.3,58.3,fpl_core_insights_detailed,2026-01-07T23:15:00+00:00,GW21,8e00dc26-ea1a-5604-b332-b65e8a5a9429,11,21,3c3955d4-e30d-55eb-924e-d252c6949a50,LCM,True
fplcore:25-26-prem-newcastle-united-vs-leeds-united,2151f057-0065-57a0-87e5-2a434738b8d1,G. Gudmundsson,2025-26:11,1,90.0,1,DM,46.3,85.8,fpl_core_insights_detailed,2026-01-07T23:15:00+00:00,GW21,8e00dc26-ea1a-5604-b332-b65e8a5a9429,11,21,2151f057-0065-57a0-87e5-2a434738b8d1,LW,True
fplcore:25-26-prem-west-ham-united-vs-nottingham-forest,112ec44a-8ec0-5a5a-828a-d330905abb6b,A. Aréola,2025-26:19,1,90.0,1,,11.4,45.3,fpl_core_insights_detailed,2026-01-06T23:00:00+00:00,GW21,e1fe986c-ff3d-5b7a-bb37-4b67426139a8,19,21,112ec44a-8ec0-5a5a-828a-d330905abb6b,GK,True
fplcore:25-26-prem-west-ham-united-vs-nottingham-forest,bafec5b4-70cd-5296-82ed-5f50f9b35506,T. Souček,2025-26:19,1,90.0,1,CAM,53.5,34.8,fpl_core_insights_detailed,2026-01-06T23:00:00+00:00,GW21,e1fe986c-ff3d-5b7a-bb37-4b67426139a8,19,21,bafec5b4-70cd-5296-82ed-5f50f9b35506,RDM,True
fplcore:25-26-prem-west-ham-united-vs-nottingham-forest,e17b28b4-18e0-5316-b0b4-279fe412f5e5,L. Paquetá,2025-26:19,1,62.0,1,RDM,52.6,39.3,fpl_core_insights_detailed,2026-01-06T23:00:00+00:00,GW21,e1fe986c-ff3d-5b7a-bb37-4b67426139a8,19,21,e17b28b4-18e0-5316-b0b4-279fe412f5e5,CAM,True
fplcore:25-26-prem-west-ham-united-vs-nottingham-forest,5dfbea2f-beb3-54f9-ad39-1f8f81f8a323,M. Sels,2025-26:16,1,90.0,1,,10.8,46.8,fpl_core_insights_detailed,2026-01-06T23:00:00+00:00,GW21,e1fe986c-ff3d-5b7a-bb37-4b67426139a8,16,21,5dfbea2f-beb3-54f9-ad39-1f8f81f8a323,GK,True
fplcore:25-26-prem-west-ham-united-vs-nottingham-forest,89ca84c0-8f48-5f1a-913d-799d45f1691e,E. Anderson,2025-26:16,1,90.0,1,LDM,45.3,64.9,fpl_core_insights_detailed,2026-01-06T23:00:00+00:00,GW21,e1fe986c-ff3d-5b7a-bb37-4b67426139a8,16,21,89ca84c0-8f48-5f1a-913d-799d45f1691e,RDM,True
fplcore:25-26-prem-west-ham-united-vs-nottingham-forest,a2afe8eb-9890-541f-9258-8202cd512f1f,N. Domínguez,2025-26:16,1,90.0,1,CAM,59.3,45.8,fpl_core_insights_detailed,2026-01-06T23:00:00+00:00,GW21,e1fe986c-ff3d-5b7a-bb37-4b67426139a8,16,21,a2afe8eb-9890-541f-9258-8202cd512f1f,LDM,True
fplcore:25-26-prem-west-ham-united-vs-nottingham-forest,68e23e27-5010-5c05-a3bd-23e48be32b93,M. Gibbs-White,2025-26:16,1,90.0,1,RDM,57.2,53.2,fpl_core_insights_detailed,2026-01-06T23:00:00+00:00,GW21,e1fe986c-ff3d-5b7a-bb37-4b67426139a8,16,21,68e23e27-5010-5c05-a3bd-23e48be32b93,CAM,True
fplcore:25-26-prem-aston-villa-vs-everton,db76d454-818a-5043-8d04-22e24f696027,E. Martínez,2025-26:2,1,90.0,1,,12.7,49.5,fpl_core_insights_detailed,2026-01-18T19:30:00+00:00,GW22,03ba7107-f9dd-5a5e-8bcd-9aa4919ff36d,2,22,db76d454-818a-5043-8d04-22e24f696027,GK,True
fplcore:25-26-prem-aston-villa-vs-everton,57881605-ab70-5c0d-865f-433201de3f6f,J. Pickford,2025-26:9,1,90.0,1,,11.1,51.0,fpl_core_insights_detailed,2026-01-18T19:30:00+00:00,GW22,03ba7107-f9dd-5a5e-8bcd-9aa4919ff36d,9,22,57881605-ab70-5c0d-865f-433201de3f6f,GK,True
fplcore:25-26-prem-aston-villa-vs-everton,e9f5aa44-1c52-51c9-85a6-b079a6b78080,M. Röhl,2025-26:9,1,90.0,1,CAM,55.3,49.4,fpl_core_insights_detailed,2026-01-18T19:30:00+00:00,GW22,03ba7107-f9dd-5a5e-8bcd-9aa4919ff36d,9,22,e9f5aa44-1c52-51c9-85a6-b079a6b78080,RDM,True
fplcore:25-26-prem-aston-villa-vs-everton,444bfe5b-015a-5ec2-ac21-34fd780e0aa5,J. Garner,2025-26:9,1,90.0,1,RDM,45.3,63.3,fpl_core_insights_detailed,2026-01-18T19:30:00+00:00,GW22,03ba7107-f9dd-5a5e-8bcd-9aa4919ff36d,9,22,444bfe5b-015a-5ec2-ac21-34fd780e0aa5,LDM,True
fplcore:25-26-prem-aston-villa-vs-everton,4788a762-a8dd-587b-88ad-eb1d2f51ec12,H. Armstrong,2025-26:9,1,90.0,1,LAM,59.0,75.8,fpl_core_insights_detailed,2026-01-18T19:30:00+00:00,GW22,03ba7107-f9dd-5a5e-8bcd-9aa4919ff36d,9,22,4788a762-a8dd-587b-88ad-eb1d2f51ec12,CAM,True
fplcore:25-26-prem-aston-villa-vs-everton,70f73e4b-067e-5b9a-9c56-6049178d3e61,J. Grealish,2025-26:9,1,90.0,1,LDM,51.6,82.9,fpl_core_insights_detailed,2026-01-18T19:30:00+00:00,GW22,03ba7107-f9dd-5a5e-8bcd-9aa4919ff36d,9,22,70f73e4b-067e-5b9a-9c56-6049178d3e61,LAM,True
fplcore:25-26-prem-brighton-hove-albion-vs-afc-bournemouth,9720eb96-9da3-5717-9ed4-45874361e243,B. Verbruggen,2025-26:6,1,90.0,1,,12.7,47.0,fpl_core_insights_detailed,2026-01-19T23:00:00+00:00,GW22,01b894d5-057a-530b-917f-9397231a3249,6,22,9720eb96-9da3-5717-9ed4-45874361e243,GK,True
fplcore:25-26-prem-brighton-hove-albion-vs-afc-bournemouth,b0761079-7e99-5095-aa38-877404766193,J. Hinshelwood,2025-26:6,1,65.0,1,LDM,49.5,44.7,fpl_core_insights_detailed,2026-01-19T23:00:00+00:00,GW22,01b894d5-057a-530b-917f-9397231a3249,6,22,b0761079-7e99-5095-aa38-877404766193,RDM,True
fplcore:25-26-prem-brighton-hove-albion-vs-afc-bournemouth,eb26516f-9061-5a83-a316-5cd4bef43df5,P. Groß,2025-26:6,1,90.0,1,CAM,60.2,54.9,fpl_core_insights_detailed,2026-01-19T23:00:00+00:00,GW22,01b894d5-057a-530b-917f-9397231a3249,6,22,eb26516f-9061-5a83-a316-5cd4bef43df5,LDM,True
fplcore:25-26-prem-brighton-hove-albion-vs-afc-bournemouth,bec3b39e-5fff-5ae4-a7ba-ba525d5b3911,D. Gómez,2025-26:6,1,65.0,1,RDM,51.7,41.0,fpl_core_insights_detailed,2026-01-19T23:00:00+00:00,GW22,01b894d5-057a-530b-917f-9397231a3249,6,22,bec3b39e-5fff-5ae4-a7ba-ba525d5b3911,CAM,True
fplcore:25-26-prem-brighton-hove-albion-vs-afc-bournemouth,aec63649-ffe1-5e88-829b-d1e462e7e679,Đ. Petrović,2025-26:4,1,90.0,1,,8.7,51.5,fpl_core_insights_detailed,2026-01-19T23:00:00+00:00,GW22,01b894d5-057a-530b-917f-9397231a3249,4,22,aec63649-ffe1-5e88-829b-d1e462e7e679,GK,True
fplcore:25-26-prem-chelsea-vs-brentford,412fc00b-6fb5-5606-bb30-04e075a83220,R. Sánchez,2025-26:7,1,90.0,1,,11.2,47.0,fpl_core_insights_detailed,2026-01-17T18:00:00+00:00,GW22,89e2194a-5d18-5d77-8037-92733cd9c97f,7,22,412fc00b-6fb5-5606-bb30-04e075a83220,GK,True
fplcore:25-26-prem-chelsea-vs-brentford,c92d55cb-06d1-553d-aad7-f64c0de898a5,M. Caicedo,2025-26:7,1,90.0,1,LDM,45.3,41.8,fpl_core_insights_detailed,2026-01-17T18:00:00+00:00,GW22,89e2194a-5d18-5d77-8037-92733cd9c97f,7,22,c92d55cb-06d1-553d-aad7-f64c0de898a5,RDM,True
fplcore:25-26-prem-chelsea-vs-brentford,5b51fc3a-1f45-56e1-9ecc-0bda87474227,E. Fernández,2025-26:7,1,84.0,1,CAM,50.3,66.9,fpl_core_insights_detailed,2026-01-17T18:00:00+00:00,GW22,89e2194a-5d18-5d77-8037-92733cd9c97f,7,22,5b51fc3a-1f45-56e1-9ecc-0bda87474227,LDM,True
fplcore:25-26-prem-chelsea-vs-brentford,481b07c4-b805-52cf-a0ee-593af134790d,C. Palmer,2025-26:7,1,90.0,1,RDM,48.7,30.2,fpl_core_insights_detailed,2026-01-17T18:00:00+00:00,GW22,89e2194a-5d18-5d77-8037-92733cd9c97f,7,22,481b07c4-b805-52cf-a0ee-593af134790d,CAM,True
fplcore:25-26-prem-chelsea-vs-brentford,3cfeb2a8-cad5-5980-9946-aecc5eb2b011,C. Kelleher,2025-26:5,1,90.0,1,,12.3,50.0,fpl_core_insights_detailed,2026-01-17T18:00:00+00:00,GW22,89e2194a-5d18-5d77-8037-92733cd9c97f,5,22,3cfeb2a8-cad5-5980-9946-aecc5eb2b011,GK,True
fplcore:25-26-prem-chelsea-vs-brentford,1ef77ed3-fd32-5bdb-aa75-d9414ac14df0,V. Janelt,2025-26:5,1,90.0,1,CAM,53.3,62.4,fpl_core_insights_detailed,2026-01-17T18:00:00+00:00,GW22,89e2194a-5d18-5d77-8037-92733cd9c97f,5,22,1ef77ed3-fd32-5bdb-aa75-d9414ac14df0,LDM,True
fplcore:25-26-prem-chelsea-vs-brentford,f10b2a81-0b74-578a-872a-ded3a4da9ea0,M. Damsgaard,2025-26:5,1,76.0,1,LDM,50.1,56.2,fpl_core_insights_detailed,2026-01-17T18:00:00+00:00,GW22,89e2194a-5d18-5d77-8037-92733cd9c97f,5,22,f10b2a81-0b74-578a-872a-ded3a4da9ea0,CAM,True
fplcore:25-26-prem-leeds-united-vs-fulham,d921acea-ffba-515b-a957-12586c43f133,K. Darlow,2025-26:11,1,90.0,1,,14.7,43.9,fpl_core_insights_detailed,2026-01-17T18:00:00+00:00,GW22,6087d963-451a-5a7b-b016-d3853de520ea,11,22,d921acea-ffba-515b-a957-12586c43f133,GK,True
fplcore:25-26-prem-leeds-united-vs-fulham,83056bd2-b742-5b28-b32d-8ba4a3902c61,B. Leno,2025-26:10,1,90.0,1,,9.0,52.2,fpl_core_insights_detailed,2026-01-17T18:00:00+00:00,GW22,6087d963-451a-5a7b-b016-d3853de520ea,10,22,83056bd2-b742-5b28-b32d-8ba4a3902c61,GK,True
fplcore:25-26-prem-leeds-united-vs-fulham,aa82079f-0382-5b01-bb3b-9224650f408b,S. Lukić,2025-26:10,1,65.0,1,CAM,51.6,47.2,fpl_core_insights_detailed,2026-01-17T18:00:00+00:00,GW22,6087d963-451a-5a7b-b016-d3853de520ea,10,22,aa82079f-0382-5b01-bb3b-9224650f408b,RDM,True
fplcore:25-26-prem-leeds-united-vs-fulham,f0504a37-2a31-5f04-8704-2c307c2384cd,S. Berge,2025-26:10,1,90.0,1,RDM,39.2,53.1,fpl_core_insights_detailed,2026-01-17T18:00:00+00:00,GW22,6087d963-451a-5a7b-b016-d3853de520ea,10,22,f0504a37-2a31-5f04-8704-2c307c2384cd,LDM,True
fplcore:25-26-prem-leeds-united-vs-fulham,6cfbd227-d6d0-525d-810f-a1e929d406bf,H. Wilson,2025-26:10,1,87.0,1,LAM,65.7,49.7,fpl_core_insights_detailed,2026-01-17T18:00:00+00:00,GW22,6087d963-451a-5a7b-b016-d3853de520ea,10,22,6cfbd227-d6d0-525d-810f-a1e929d406bf,CAM,True
fplcore:25-26-prem-leeds-united-vs-fulham,7f48ec5f-f934-516a-9c1f-84d42bd974ff,E. Smith Rowe,2025-26:10,1,76.0,1,LDM,47.4,78.4,fpl_core_insights_detailed,2026-01-17T18:00:00+00:00,GW22,6087d963-451a-5a7b-b016-d3853de520ea,10,22,7f48ec5f-f934-516a-9c1f-84d42bd974ff,LAM,True
fplcore:25-26-prem-liverpool-vs-burnley,bb7d5990-008e-5f6d-871a-83ec4490dd2d,Alisson,2025-26:12,1,90.0,1,,13.1,45.4,fpl_core_insights_detailed,2026-01-17T18:00:00+00:00,GW22,c6221f70-6420-50cb-a8d9-aba5294bf856,12,22,bb7d5990-008e-5f6d-871a-83ec4490dd2d,GK,True
fplcore:25-26-prem-liverpool-vs-burnley,b8cff13d-168c-5c65-ad52-99b0426b08f2,D. Szoboszlai,2025-26:12,1,90.0,1,CAM,64.7,53.6,fpl_core_insights_detailed,2026-01-17T18:00:00+00:00,GW22,c6221f70-6420-50cb-a8d9-aba5294bf856,12,22,b8cff13d-168c-5c65-ad52-99b0426b08f2,LDM,True
fplcore:25-26-prem-liverpool-vs-burnley,69b2f335-365b-5201-b36b-babf799e628a,C. Jones,2025-26:12,1,86.0,1,LDM,56.4,46.8,fpl_core_insights_detailed,2026-01-17T18:00:00+00:00,GW22,c6221f70-6420-50cb-a8d9-aba5294bf856,12,22,69b2f335-365b-5201-b36b-babf799e628a,CAM,True
fplcore:25-26-prem-liverpool-vs-burnley,148b32f1-d60d-5cdd-9ffe-a5938fcb8671,M. Dúbravka,2025-26:3,1,90.0,1,,7.8,48.5,fpl_core_insights_detailed,2026-01-17T18:00:00+00:00,GW22,c6221f70-6420-50cb-a8d9-aba5294bf856,3,22,148b32f1-d60d-5cdd-9ffe-a5938fcb8671,GK,True
fplcore:25-26-prem-manchester-united-vs-manchester-city,63a30902-aa79-59d2-bbc6-903ff41e54dc,S. Lammens,2025-26:14,1,90.0,1,,9.4,50.2,fpl_core_insights_detailed,2026-01-17T15:30:00+00:00,GW22,006f69f1-9b0e-551d-bed7-448d3b640101,14,22,63a30902-aa79-59d2-bbc6-903ff41e54dc,GK,True
fplcore:25-26-prem-manchester-united-vs-manchester-city,06edf8b9-4201-50b7-b9f9-2e6a7842f113,K. Mainoo,2025-26:14,1,90.0,1,CAM,49.1,60.8,fpl_core_insights_detailed,2026-01-17T15:30:00+00:00,GW22,006f69f1-9b0e-551d-bed7-448d3b640101,14,22,06edf8b9-4201-50b7-b9f9-2e6a7842f113,LDM,True
fplcore:25-26-prem-manchester-united-vs-manchester-city,8b26f624-9357-5669-9698-f5fda36d4e75,B. Fernandes,2025-26:14,1,90.0,1,LAM,56.4,62.4,fpl_core_insights_detailed,2026-01-17T15:30:00+00:00,GW22,006f69f1-9b0e-551d-bed7-448d3b640101,14,22,8b26f624-9357-5669-9698-f5fda36d4e75,CAM,True
fplcore:25-26-prem-manchester-united-vs-manchester-city,fba35e22-cb10-554f-ad2e-e62d2b5a5da8,P. Dorgu,2025-26:14,1,90.0,1,LDM,47.6,74.4,fpl_core_insights_detailed,2026-01-17T15:30:00+00:00,GW22,006f69f1-9b0e-551d-bed7-448d3b640101,14,22,fba35e22-cb10-554f-ad2e-e62d2b5a5da8,LAM,True
fplcore:25-26-prem-manchester-united-vs-manchester-city,67859d1e-575f-5ae4-aa8d-8f36bd11696e,G. Donnarumma,2025-26:13,1,90.0,1,,10.8,48.5,fpl_core_insights_detailed,2026-01-17T15:30:00+00:00,GW22,006f69f1-9b0e-551d-bed7-448d3b640101,13,22,67859d1e-575f-5ae4-aa8d-8f36bd11696e,GK,True
fplcore:25-26-prem-nottingham-forest-vs-arsenal,5dfbea2f-beb3-54f9-ad39-1f8f81f8a323,M. Sels,2025-26:16,1,90.0,1,,11.2,48.3,fpl_core_insights_detailed,2026-01-17T20:30:00+00:00,GW22,3ee1da64-d7ba-53cf-918f-e24fe92a6eb6,16,22,5dfbea2f-beb3-54f9-ad39-1f8f81f8a323,GK,True
fplcore:25-26-prem-nottingham-forest-vs-arsenal,18a6f100-002a-5b0b-8366-87056d767a12,C. Hudson-Odoi,2025-26:16,1,90.0,1,CAM,70.6,45.4,fpl_core_insights_detailed,2026-01-17T20:30:00+00:00,GW22,3ee1da64-d7ba-53cf-918f-e24fe92a6eb6,16,22,18a6f100-002a-5b0b-8366-87056d767a12,RAM,True
fplcore:25-26-prem-nottingham-forest-vs-arsenal,68e23e27-5010-5c05-a3bd-23e48be32b93,M. Gibbs-White,2025-26:16,1,90.0,1,RAM,59.7,44.5,fpl_core_insights_detailed,2026-01-17T20:30:00+00:00,GW22,3ee1da64-d7ba-53cf-918f-e24fe92a6eb6,16,22,68e23e27-5010-5c05-a3bd-23e48be32b93,CAM,True
fplcore:25-26-prem-nottingham-forest-vs-arsenal,9ac55e79-9cb2-5ac5-ae8c-6a2ebd620277,D. Raya,2025-26:1,1,90.0,1,,14.4,43.5,fpl_core_insights_detailed,2026-01-17T20:30:00+00:00,GW22,3ee1da64-d7ba-53cf-918f-e24fe92a6eb6,1,22,9ac55e79-9cb2-5ac5-ae8c-6a2ebd620277,GK,True
fplcore:25-26-prem-sunderland-vs-crystal-palace,17b0293a-a54d-554b-bdba-368217c87ad9,R. Roefs,2025-26:17,1,90.0,1,,13.0,54.9,fpl_core_insights_detailed,2026-01-17T18:00:00+00:00,GW22,de9a09f3-6021-5322-bb75-a6a0dc72d91d,17,22,17b0293a-a54d-554b-bdba-368217c87ad9,GK,True
fplcore:25-26-prem-sunderland-vs-crystal-palace,4e7d3349-c869-51f6-a9f2-e86405e21be5,D. Henderson,2025-26:8,1,90.0,1,,11.7,47.2,fpl_core_insights_detailed,2026-01-17T18:00:00+00:00,GW22,de9a09f3-6021-5322-bb75-a6a0dc72d91d,8,22,4e7d3349-c869-51f6-a9f2-e86405e21be5,GK,True
fplcore:25-26-prem-sunderland-vs-crystal-palace,e0417b35-b1b1-5957-8ee5-7996c5db5cb0,B. Johnson,2025-26:8,1,90.0,1,ST,59.2,43.2,fpl_core_insights_detailed,2026-01-17T18:00:00+00:00,GW22,de9a09f3-6021-5322-bb75-a6a0dc72d91d,8,22,e0417b35-b1b1-5957-8ee5-7996c5db5cb0,RAM,True
fplcore:25-26-prem-sunderland-vs-crystal-palace,7b9dc65d-483e-5ff9-af51-946aceed51e9,J. Mateta,2025-26:8,1,90.0,1,RAM,57.2,42.5,fpl_core_insights_detailed,2026-01-17T18:00:00+00:00,GW22,de9a09f3-6021-5322-bb75-a6a0dc72d91d,8,22,7b9dc65d-483e-5ff9-af51-946aceed51e9,ST,True
fplcore:25-26-prem-tottenham-hotspur-vs-west-ham-united,3c77aa9b-7767-5636-9780-0d94d829b326,G. Vicario,2025-26:18,1,90.0,1,,12.5,51.9,fpl_core_insights_detailed,2026-01-17T18:00:00+00:00,GW22,1d93b2bc-9b09-5ae2-aa5b-82d56694fa9c,18,22,3c77aa9b-7767-5636-9780-0d94d829b326,GK,True
fplcore:25-26-prem-tottenham-hotspur-vs-west-ham-united,112ec44a-8ec0-5a5a-828a-d330905abb6b,A. Aréola,2025-26:19,1,90.0,1,,10.3,49.6,fpl_core_insights_detailed,2026-01-17T18:00:00+00:00,GW22,1d93b2bc-9b09-5ae2-aa5b-82d56694fa9c,19,22,112ec44a-8ec0-5a5a-828a-d330905abb6b,GK,True
fplcore:25-26-prem-tottenham-hotspur-vs-west-ham-united,35ad91b8-a753-5dab-beac-21a352e5cb13,A. Wan-Bissaka,2025-26:19,1,90.0,1,RW,47.0,20.5,fpl_core_insights_detailed,2026-01-17T18:00:00+00:00,GW22,1d93b2bc-9b09-5ae2-aa5b-82d56694fa9c,19,22,35ad91b8-a753-5dab-beac-21a352e5cb13,RB,True
fplcore:25-26-prem-tottenham-hotspur-vs-west-ham-united,a4b84834-eb21-54ba-be68-660ea3815e93,K. Mavropanos,2025-26:19,1,90.0,1,RB,31.8,37.1,fpl_core_insights_detailed,2026-01-17T18:00:00+00:00,GW22,1d93b2bc-9b09-5ae2-aa5b-82d56694fa9c,19,22,a4b84834-eb21-54ba-be68-660ea3815e93,RCB,True
fplcore:25-26-prem-tottenham-hotspur-vs-west-ham-united,4e68227a-9577-5c26-99fa-8a519b052582,J. Bowen,2025-26:19,1,90.0,1,CAM,52.2,23.8,fpl_core_insights_detailed,2026-01-17T18:00:00+00:00,GW22,1d93b2bc-9b09-5ae2-aa5b-82d56694fa9c,19,22,4e68227a-9577-5c26-99fa-8a519b052582,RW,True
fplcore:25-26-prem-tottenham-hotspur-vs-west-ham-united,79420363-80f0-5eb5-bef5-e1e31f62877c,M. Fernandes,2025-26:19,1,90.0,1,RCB,37.3,52.1,fpl_core_insights_detailed,2026-01-17T18:00:00+00:00,GW22,1d93b2bc-9b09-5ae2-aa5b-82d56694fa9c,19,22,79420363-80f0-5eb5-bef5-e1e31f62877c,LCM,True
fplcore:25-26-prem-tottenham-hotspur-vs-west-ham-united,ad87488c-769c-5325-bce6-63daff9b32a3,P. Felipe,2025-26:19,1,78.0,1,LCM,50.0,51.2,fpl_core_insights_detailed,2026-01-17T18:00:00+00:00,GW22,1d93b2bc-9b09-5ae2-aa5b-82d56694fa9c,19,22,ad87488c-769c-5325-bce6-63daff9b32a3,CAM,True
fplcore:25-26-prem-wolverhampton-wanderers-vs-newcastle-united,698f23fd-0fa1-5358-8bd3-2b8aef91e946,J. Sá,2025-26:20,1,90.0,1,,9.5,48.8,fpl_core_insights_detailed,2026-01-18T17:00:00+00:00,GW22,4e015d43-2cac-545a-a1a7-9b7b76e0b778,20,22,698f23fd-0fa1-5358-8bd3-2b8aef91e946,GK,True
fplcore:25-26-prem-wolverhampton-wanderers-vs-newcastle-united,00be15e9-135e-5a79-956f-cd70f121b4b0,N. Pope,2025-26:15,1,90.0,1,,11.7,51.1,fpl_core_insights_detailed,2026-01-18T17:00:00+00:00,GW22,4e015d43-2cac-545a-a1a7-9b7b76e0b778,15,22,00be15e9-135e-5a79-956f-cd70f121b4b0,GK,True
fplcore:25-26-prem-wolverhampton-wanderers-vs-newcastle-united,50df4a11-59ff-5eba-85dd-aaca25ba3cd2,B. Guimarães,2025-26:15,1,90.0,1,CM,59.7,47.7,fpl_core_insights_detailed,2026-01-18T17:00:00+00:00,GW22,4e015d43-2cac-545a-a1a7-9b7b76e0b778,15,22,50df4a11-59ff-5eba-85dd-aaca25ba3cd2,RCM,True
fplcore:25-26-prem-wolverhampton-wanderers-vs-newcastle-united,c7d912b7-acf9-59e7-a5a7-c7e64aed18da,S. Tonali,2025-26:15,1,66.0,1,RCM,50.2,45.8,fpl_core_insights_detailed,2026-01-18T17:00:00+00:00,GW22,4e015d43-2cac-545a-a1a7-9b7b76e0b778,15,22,c7d912b7-acf9-59e7-a5a7-c7e64aed18da,CM,True
fplcore:25-26-prem-afc-bournemouth-vs-liverpool,aec63649-ffe1-5e88-829b-d1e462e7e679,Đ. Petrović,2025-26:4,1,90.0,1,,7.8,50.6,fpl_core_insights_detailed,2026-01-24T20:30:00+00:00,GW23,1e0e866b-bb70-545e-b6dc-8a8424b208c6,4,23,aec63649-ffe1-5e88-829b-d1e462e7e679,GK,True
fplcore:25-26-prem-afc-bournemouth-vs-liverpool,559670b7-3af4-5c20-8ab5-783da9a99601,A. Scott,2025-26:4,1,90.0,1,RAM,45.3,42.2,fpl_core_insights_detailed,2026-01-24T20:30:00+00:00,GW23,1e0e866b-bb70-545e-b6dc-8a8424b208c6,4,23,559670b7-3af4-5c20-8ab5-783da9a99601,RDM,True
fplcore:25-26-prem-afc-bournemouth-vs-liverpool,102764c4-bb3d-515e-a161-665b3bc0daf5,A. Jiménez,2025-26:4,1,84.0,1,RDM,45.1,16.6,fpl_core_insights_detailed,2026-01-24T20:30:00+00:00,GW23,1e0e866b-bb70-545e-b6dc-8a8424b208c6,4,23,102764c4-bb3d-515e-a161-665b3bc0daf5,RAM,True
fplcore:25-26-prem-afc-bournemouth-vs-liverpool,bb7d5990-008e-5f6d-871a-83ec4490dd2d,Alisson,2025-26:12,1,90.0,1,,14.5,49.4,fpl_core_insights_detailed,2026-01-24T20:30:00+00:00,GW23,1e0e866b-bb70-545e-b6dc-8a8424b208c6,12,23,bb7d5990-008e-5f6d-871a-83ec4490dd2d,GK,True
fplcore:25-26-prem-afc-bournemouth-vs-liverpool,b8cff13d-168c-5c65-ad52-99b0426b08f2,D. Szoboszlai,2025-26:12,1,90.0,1,LAM,58.5,46.6,fpl_core_insights_detailed,2026-01-24T20:30:00+00:00,GW23,1e0e866b-bb70-545e-b6dc-8a8424b208c6,12,23,b8cff13d-168c-5c65-ad52-99b0426b08f2,RAM,True
fplcore:25-26-prem-afc-bournemouth-vs-liverpool,e1be452d-eabb-5030-8f89-d3b48d85fedb,F. Wirtz,2025-26:12,1,90.0,1,RAM,66.0,46.3,fpl_core_insights_detailed,2026-01-24T20:30:00+00:00,GW23,1e0e866b-bb70-545e-b6dc-8a8424b208c6,12,23,e1be452d-eabb-5030-8f89-d3b48d85fedb,LAM,True
fplcore:25-26-prem-arsenal-vs-manchester-united,9ac55e79-9cb2-5ac5-ae8c-6a2ebd620277,D. Raya,2025-26:1,1,90.0,1,,14.6,49.0,fpl_core_insights_detailed,2026-01-25T19:30:00+00:00,GW23,d123315a-55ef-56e3-b21e-2aa9ff130593,1,23,9ac55e79-9cb2-5ac5-ae8c-6a2ebd620277,GK,True
fplcore:25-26-prem-arsenal-vs-manchester-united,77962072-d0d7-5304-8c20-9a75adfd2936,J. Timber,2025-26:1,1,90.0,1,RCB,52.5,35.9,fpl_core_insights_detailed,2026-01-25T19:30:00+00:00,GW23,d123315a-55ef-56e3-b21e-2aa9ff130593,1,23,77962072-d0d7-5304-8c20-9a75adfd2936,RB,True
fplcore:25-26-prem-arsenal-vs-manchester-united,33f66c9a-ce45-5380-86e0-7903760138c9,W. Saliba,2025-26:1,1,90.0,1,RB,43.8,29.2,fpl_core_insights_detailed,2026-01-25T19:30:00+00:00,GW23,d123315a-55ef-56e3-b21e-2aa9ff130593,1,23,33f66c9a-ce45-5380-86e0-7903760138c9,RCB,True
fplcore:25-26-prem-arsenal-vs-manchester-united,63a30902-aa79-59d2-bbc6-903ff41e54dc,S. Lammens,2025-26:14,1,90.0,1,,10.0,50.9,fpl_core_insights_detailed,2026-01-25T19:30:00+00:00,GW23,d123315a-55ef-56e3-b21e-2aa9ff130593,14,23,63a30902-aa79-59d2-bbc6-903ff41e54dc,GK,True
fplcore:25-26-prem-arsenal-vs-manchester-united,06edf8b9-4201-50b7-b9f9-2e6a7842f113,K. Mainoo,2025-26:14,1,90.0,1,CAM,52.3,60.2,fpl_core_insights_detailed,2026-01-25T19:30:00+00:00,GW23,d123315a-55ef-56e3-b21e-2aa9ff130593,14,23,06edf8b9-4201-50b7-b9f9-2e6a7842f113,LDM,True
fplcore:25-26-prem-arsenal-vs-manchester-united,8b26f624-9357-5669-9698-f5fda36d4e75,B. Fernandes,2025-26:14,1,90.0,1,LAM,52.8,61.0,fpl_core_insights_detailed,2026-01-25T19:30:00+00:00,GW23,d123315a-55ef-56e3-b21e-2aa9ff130593,14,23,8b26f624-9357-5669-9698-f5fda36d4e75,CAM,True
fplcore:25-26-prem-arsenal-vs-manchester-united,fba35e22-cb10-554f-ad2e-e62d2b5a5da8,P. Dorgu,2025-26:14,1,80.0,1,LDM,50.8,78.9,fpl_core_insights_detailed,2026-01-25T19:30:00+00:00,GW23,d123315a-55ef-56e3-b21e-2aa9ff130593,14,23,fba35e22-cb10-554f-ad2e-e62d2b5a5da8,LAM,True
fplcore:25-26-prem-brentford-vs-nottingham-forest,3cfeb2a8-cad5-5980-9946-aecc5eb2b011,C. Kelleher,2025-26:5,1,90.0,1,,16.3,48.8,fpl_core_insights_detailed,2026-01-25T17:00:00+00:00,GW23,dfe7f7c9-2226-54fe-8291-e1c23b5bb5fd,5,23,3cfeb2a8-cad5-5980-9946-aecc5eb2b011,GK,True
fplcore:25-26-prem-brentford-vs-nottingham-forest,5dfbea2f-beb3-54f9-ad39-1f8f81f8a323,M. Sels,2025-26:16,1,90.0,1,,9.0,47.3,fpl_core_insights_detailed,2026-01-25T17:00:00+00:00,GW23,dfe7f7c9-2226-54fe-8291-e1c23b5bb5fd,16,23,5dfbea2f-beb3-54f9-ad39-1f8f81f8a323,GK,True
fplcore:25-26-prem-brentford-vs-nottingham-forest,89ca84c0-8f48-5f1a-913d-799d45f1691e,E. Anderson,2025-26:16,1,90.0,1,LAM,46.8,58.5,fpl_core_insights_detailed,2026-01-25T17:00:00+00:00,GW23,dfe7f7c9-2226-54fe-8291-e1c23b5bb5fd,16,23,89ca84c0-8f48-5f1a-913d-799d45f1691e,LDM,True
fplcore:25-26-prem-brentford-vs-nottingham-forest,a2afe8eb-9890-541f-9258-8202cd512f1f,N. Domínguez,2025-26:16,1,60.0,1,LDM,43.3,72.3,fpl_core_insights_detailed,2026-01-25T17:00:00+00:00,GW23,dfe7f7c9-2226-54fe-8291-e1c23b5bb5fd,16,23,a2afe8eb-9890-541f-9258-8202cd512f1f,LAM,True
fplcore:25-26-prem-burnley-vs-tottenham-hotspur,148b32f1-d60d-5cdd-9ffe-a5938fcb8671,M. Dúbravka,2025-26:3,1,90.0,1,,10.2,49.7,fpl_core_insights_detailed,2026-01-24T18:00:00+00:00,GW23,9403bea8-f4be-5480-8cc6-7a1e94097a3f,3,23,148b32f1-d60d-5cdd-9ffe-a5938fcb8671,GK,True
fplcore:25-26-prem-burnley-vs-tottenham-hotspur,3c77aa9b-7767-5636-9780-0d94d829b326,G. Vicario,2025-26:18,1,90.0,1,,12.3,48.5,fpl_core_insights_detailed,2026-01-24T18:00:00+00:00,GW23,9403bea8-f4be-5480-8cc6-7a1e94097a3f,18,23,3c77aa9b-7767-5636-9780-0d94d829b326,GK,True
fplcore:25-26-prem-burnley-vs-tottenham-hotspur,44d564d8-1d6f-5d92-906d-972644650a55,Y. Bissouma,2025-26:18,1,77.0,1,LWB,49.1,52.6,fpl_core_insights_detailed,2026-01-24T18:00:00+00:00,GW23,9403bea8-f4be-5480-8cc6-7a1e94097a3f,18,23,44d564d8-1d6f-5d92-906d-972644650a55,LCM,True
fplcore:25-26-prem-burnley-vs-tottenham-hotspur,2eec990a-7277-5fb6-b8c8-10423fefbb47,D. Spence,2025-26:18,1,90.0,1,LCM,54.6,41.7,fpl_core_insights_detailed,2026-01-24T18:00:00+00:00,GW23,9403bea8-f4be-5480-8cc6-7a1e94097a3f,18,23,2eec990a-7277-5fb6-b8c8-10423fefbb47,LWB,True
fplcore:25-26-prem-crystal-palace-vs-chelsea,4e7d3349-c869-51f6-a9f2-e86405e21be5,D. Henderson,2025-26:8,1,90.0,1,,12.2,49.7,fpl_core_insights_detailed,2026-01-25T17:00:00+00:00,GW23,cf2cfda2-d007-5839-984a-e3c0650fa9de,8,23,4e7d3349-c869-51f6-a9f2-e86405e21be5,GK,True
fplcore:25-26-prem-crystal-palace-vs-chelsea,39a54236-bfd4-52f7-8b23-eeb8ca167d6d,C. Richards,2025-26:8,1,90.0,1,LWB,41.1,60.2,fpl_core_insights_detailed,2026-01-25T17:00:00+00:00,GW23,cf2cfda2-d007-5839-984a-e3c0650fa9de,8,23,39a54236-bfd4-52f7-8b23-eeb8ca167d6d,LCB,True
fplcore:25-26-prem-crystal-palace-vs-chelsea,4e797913-6f5e-54d0-807d-555d7ec82308,J. Lerma,2025-26:8,1,90.0,1,ST,58.6,50.8,fpl_core_insights_detailed,2026-01-25T17:00:00+00:00,GW23,cf2cfda2-d007-5839-984a-e3c0650fa9de,8,23,4e797913-6f5e-54d0-807d-555d7ec82308,LCM,True
fplcore:25-26-prem-crystal-palace-vs-chelsea,4406998b-108e-54ac-90cf-ff22cdf7c565,T. Mitchell,2025-26:8,1,64.0,1,LCB,37.4,85.1,fpl_core_insights_detailed,2026-01-25T17:00:00+00:00,GW23,cf2cfda2-d007-5839-984a-e3c0650fa9de,8,23,4406998b-108e-54ac-90cf-ff22cdf7c565,LWB,True
fplcore:25-26-prem-crystal-palace-vs-chelsea,7b9dc65d-483e-5ff9-af51-946aceed51e9,J. Mateta,2025-26:8,1,84.0,1,LCM,54.9,44.4,fpl_core_insights_detailed,2026-01-25T17:00:00+00:00,GW23,cf2cfda2-d007-5839-984a-e3c0650fa9de,8,23,7b9dc65d-483e-5ff9-af51-946aceed51e9,ST,True
fplcore:25-26-prem-crystal-palace-vs-chelsea,412fc00b-6fb5-5606-bb30-04e075a83220,R. Sánchez,2025-26:7,1,90.0,1,,14.0,51.7,fpl_core_insights_detailed,2026-01-25T17:00:00+00:00,GW23,cf2cfda2-d007-5839-984a-e3c0650fa9de,7,23,412fc00b-6fb5-5606-bb30-04e075a83220,GK,True
fplcore:25-26-prem-everton-vs-leeds-united,57881605-ab70-5c0d-865f-433201de3f6f,J. Pickford,2025-26:9,1,90.0,1,,15.7,56.5,fpl_core_insights_detailed,2026-01-26T23:00:00+00:00,GW23,97b2d8d5-ad23-581e-a7ba-80ed12ecc351,9,23,57881605-ab70-5c0d-865f-433201de3f6f,GK,True
fplcore:25-26-prem-everton-vs-leeds-united,be864262-5b78-5455-be5c-8eb1eb4b8ed9,J. Tarkowski,2025-26:9,1,90.0,1,LCB,36.2,39.0,fpl_core_insights_detailed,2026-01-26T23:00:00+00:00,GW23,97b2d8d5-ad23-581e-a7ba-80ed12ecc351,9,23,be864262-5b78-5455-be5c-8eb1eb4b8ed9,RCB,True
fplcore:25-26-prem-everton-vs-leeds-united,36a20aea-e0e7-507c-ab6e-6740c5c56568,J. O'Brien,2025-26:9,1,90.0,1,RCB,47.6,37.9,fpl_core_insights_detailed,2026-01-26T23:00:00+00:00,GW23,97b2d8d5-ad23-581e-a7ba-80ed12ecc351,9,23,36a20aea-e0e7-507c-ab6e-6740c5c56568,LCB,True
fplcore:25-26-prem-everton-vs-leeds-united,d0fb5815-b17b-56d0-869e-d0e8910ab751,I. Gueye,2025-26:9,1,90.0,1,LDM,56.6,49.2,fpl_core_insights_detailed,2026-01-26T23:00:00+00:00,GW23,97b2d8d5-ad23-581e-a7ba-80ed12ecc351,9,23,d0fb5815-b17b-56d0-869e-d0e8910ab751,RDM,True
fplcore:25-26-prem-everton-vs-leeds-united,444bfe5b-015a-5ec2-ac21-34fd780e0aa5,J. Garner,2025-26:9,1,90.0,1,RAM,58.3,69.4,fpl_core_insights_detailed,2026-01-26T23:00:00+00:00,GW23,97b2d8d5-ad23-581e-a7ba-80ed12ecc351,9,23,444bfe5b-015a-5ec2-ac21-34fd780e0aa5,LDM,True
fplcore:25-26-prem-everton-vs-leeds-united,513a08ed-3905-5e99-98a3-849492c9d389,D. McNeil,2025-26:9,1,45.0,1,RDM,45.0,21.5,fpl_core_insights_detailed,2026-01-26T23:00:00+00:00,GW23,97b2d8d5-ad23-581e-a7ba-80ed12ecc351,9,23,513a08ed-3905-5e99-98a3-849492c9d389,RAM,True
fplcore:25-26-prem-everton-vs-leeds-united,d921acea-ffba-515b-a957-12586c43f133,K. Darlow,2025-26:11,1,90.0,1,,14.0,46.5,fpl_core_insights_detailed,2026-01-26T23:00:00+00:00,GW23,97b2d8d5-ad23-581e-a7ba-80ed12ecc351,11,23,d921acea-ffba-515b-a957-12586c43f133,GK,True
fplcore:25-26-prem-everton-vs-leeds-united,474896af-e9ef-5bb3-b82b-79c2fb8c891e,J. Bogle,2025-26:11,1,90.0,1,RAM,52.6,15.8,fpl_core_insights_detailed,2026-01-26T23:00:00+00:00,GW23,97b2d8d5-ad23-581e-a7ba-80ed12ecc351,11,23,474896af-e9ef-5bb3-b82b-79c2fb8c891e,RWB,True
fplcore:25-26-prem-everton-vs-leeds-united,9066de74-0bf4-5c6d-8a3f-3b977b735a67,A. Stach,2025-26:11,1,84.0,1,RWB,49.6,27.7,fpl_core_insights_detailed,2026-01-26T23:00:00+00:00,GW23,97b2d8d5-ad23-581e-a7ba-80ed12ecc351,11,23,9066de74-0bf4-5c6d-8a3f-3b977b735a67,RAM,True
fplcore:25-26-prem-fulham-vs-brighton-hove-albion,83056bd2-b742-5b28-b32d-8ba4a3902c61,B. Leno,2025-26:10,1,90.0,1,,11.5,50.8,fpl_core_insights_detailed,2026-01-24T18:00:00+00:00,GW23,7c80f6d1-598d-5dcc-b7e4-44865b2ed593,10,23,83056bd2-b742-5b28-b32d-8ba4a3902c61,GK,True
fplcore:25-26-prem-fulham-vs-brighton-hove-albion,9720eb96-9da3-5717-9ed4-45874361e243,B. Verbruggen,2025-26:6,1,90.0,1,,11.1,46.9,fpl_core_insights_detailed,2026-01-24T18:00:00+00:00,GW23,7c80f6d1-598d-5dcc-b7e4-44865b2ed593,6,23,9720eb96-9da3-5717-9ed4-45874361e243,GK,True
fplcore:25-26-prem-manchester-city-vs-wolverhampton-wanderers,67859d1e-575f-5ae4-aa8d-8f36bd11696e,G. Donnarumma,2025-26:13,1,90.0,1,,11.3,50.9,fpl_core_insights_detailed,2026-01-24T18:00:00+00:00,GW23,dc1d8946-e5da-5a50-b228-61e8601bc305,13,23,67859d1e-575f-5ae4-aa8d-8f36bd11696e,GK,True
fplcore:25-26-prem-manchester-city-vs-wolverhampton-wanderers,6f380ed1-cc12-5a44-847a-217354668a1e,Rodri,2025-26:13,1,90.0,1,LCM,51.1,49.6,fpl_core_insights_detailed,2026-01-24T18:00:00+00:00,GW23,dc1d8946-e5da-5a50-b228-61e8601bc305,13,23,6f380ed1-cc12-5a44-847a-217354668a1e,DM,True
fplcore:25-26-prem-manchester-city-vs-wolverhampton-wanderers,70198e6a-5cf9-5344-a2c0-f1b71dfeeb5f,B. Silva,2025-26:13,1,90.0,1,DM,48.1,52.8,fpl_core_insights_detailed,2026-01-24T18:00:00+00:00,GW23,dc1d8946-e5da-5a50-b228-61e8601bc305,13,23,70198e6a-5cf9-5344-a2c0-f1b71dfeeb5f,LCM,True
fplcore:25-26-prem-manchester-city-vs-wolverhampton-wanderers,698f23fd-0fa1-5358-8bd3-2b8aef91e946,J. Sá,2025-26:20,1,90.0,1,,7.5,46.1,fpl_core_insights_detailed,2026-01-24T18:00:00+00:00,GW23,dc1d8946-e5da-5a50-b228-61e8601bc305,20,23,698f23fd-0fa1-5358-8bd3-2b8aef91e946,GK,True
fplcore:25-26-prem-newcastle-united-vs-aston-villa,00be15e9-135e-5a79-956f-cd70f121b4b0,N. Pope,2025-26:15,1,90.0,1,,11.0,52.8,fpl_core_insights_detailed,2026-01-25T17:00:00+00:00,GW23,239ea4cb-1b2e-5d4d-91ca-19aaa3980d39,15,23,00be15e9-135e-5a79-956f-cd70f121b4b0,GK,True
fplcore:25-26-prem-newcastle-united-vs-aston-villa,db76d454-818a-5043-8d04-22e24f696027,E. Martínez,2025-26:2,1,90.0,1,,10.9,53.7,fpl_core_insights_detailed,2026-01-25T17:00:00+00:00,GW23,239ea4cb-1b2e-5d4d-91ca-19aaa3980d39,2,23,db76d454-818a-5043-8d04-22e24f696027,GK,True
fplcore:25-26-prem-newcastle-united-vs-aston-villa,b95b9e81-9894-50ab-b2de-c2234cfde8c6,Y. Tielemans,2025-26:2,1,73.0,1,LAM,49.2,56.9,fpl_core_insights_detailed,2026-01-25T17:00:00+00:00,GW23,239ea4cb-1b2e-5d4d-91ca-19aaa3980d39,2,23,b95b9e81-9894-50ab-b2de-c2234cfde8c6,LDM,True
fplcore:25-26-prem-newcastle-united-vs-aston-villa,c200ab96-c995-5e7a-a713-5bac0dc5b3fa,E. Buendía,2025-26:2,1,74.0,1,LDM,46.9,69.0,fpl_core_insights_detailed,2026-01-25T17:00:00+00:00,GW23,239ea4cb-1b2e-5d4d-91ca-19aaa3980d39,2,23,c200ab96-c995-5e7a-a713-5bac0dc5b3fa,LAM,True
fplcore:25-26-prem-west-ham-united-vs-sunderland,112ec44a-8ec0-5a5a-828a-d330905abb6b,A. Aréola,2025-26:19,1,90.0,1,,10.0,53.5,fpl_core_insights_detailed,2026-01-24T15:30:00+00:00,GW23,fe5e3103-d0cf-58a8-83c4-58f211edd29a,19,23,112ec44a-8ec0-5a5a-828a-d330905abb6b,GK,True
fplcore:25-26-prem-west-ham-united-vs-sunderland,4e68227a-9577-5c26-99fa-8a519b052582,J. Bowen,2025-26:19,1,90.0,1,ST,63.0,19.0,fpl_core_insights_detailed,2026-01-24T15:30:00+00:00,GW23,fe5e3103-d0cf-58a8-83c4-58f211edd29a,19,23,4e68227a-9577-5c26-99fa-8a519b052582,RW,True
fplcore:25-26-prem-west-ham-united-vs-sunderland,bafec5b4-70cd-5296-82ed-5f50f9b35506,T. Souček,2025-26:19,1,90.0,1,RW,44.8,42.2,fpl_core_insights_detailed,2026-01-24T15:30:00+00:00,GW23,fe5e3103-d0cf-58a8-83c4-58f211edd29a,19,23,bafec5b4-70cd-5296-82ed-5f50f9b35506,RCM,True
fplcore:25-26-prem-west-ham-united-vs-sunderland,de5e511c-9379-5b70-8f43-d2b814dfdcc3,V. Castellanos,2025-26:19,1,74.0,1,RCM,55.0,58.9,fpl_core_insights_detailed,2026-01-24T15:30:00+00:00,GW23,fe5e3103-d0cf-58a8-83c4-58f211edd29a,19,23,de5e511c-9379-5b70-8f43-d2b814dfdcc3,ST,True
fplcore:25-26-prem-west-ham-united-vs-sunderland,17b0293a-a54d-554b-bdba-368217c87ad9,R. Roefs,2025-26:17,1,90.0,1,,17.9,55.0,fpl_core_insights_detailed,2026-01-24T15:30:00+00:00,GW23,fe5e3103-d0cf-58a8-83c4-58f211edd29a,17,23,17b0293a-a54d-554b-bdba-368217c87ad9,GK,True
fplcore:25-26-prem-aston-villa-vs-brentford,db76d454-818a-5043-8d04-22e24f696027,E. Martínez,2025-26:2,1,90.0,1,,18.3,55.0,fpl_core_insights_detailed,2026-02-01T17:00:00+00:00,GW24,6f555168-6fa4-5bdb-ad1e-d646c8e0f78a,2,24,db76d454-818a-5043-8d04-22e24f696027,GK,True
fplcore:25-26-prem-aston-villa-vs-brentford,75f6d292-641f-53ef-a822-a86d1d9c8086,D. Luiz,2025-26:2,1,90.0,1,LDM,54.4,60.3,fpl_core_insights_detailed,2026-02-01T17:00:00+00:00,GW24,6f555168-6fa4-5bdb-ad1e-d646c8e0f78a,2,24,75f6d292-641f-53ef-a822-a86d1d9c8086,RDM,True
fplcore:25-26-prem-aston-villa-vs-brentford,c462a624-2653-5229-87c5-bd5b685f0e3c,L. Bogarde,2025-26:2,1,45.0,1,RDM,49.7,40.2,fpl_core_insights_detailed,2026-02-01T17:00:00+00:00,GW24,6f555168-6fa4-5bdb-ad1e-d646c8e0f78a,2,24,c462a624-2653-5229-87c5-bd5b685f0e3c,LDM,True
fplcore:25-26-prem-aston-villa-vs-brentford,08c10373-3236-58f3-8488-9bc9fad8dfde,J. Sancho,2025-26:2,1,76.0,1,CAM,72.3,54.3,fpl_core_insights_detailed,2026-02-01T17:00:00+00:00,GW24,6f555168-6fa4-5bdb-ad1e-d646c8e0f78a,2,24,08c10373-3236-58f3-8488-9bc9fad8dfde,RAM,True
fplcore:25-26-prem-aston-villa-vs-brentford,77f6a9da-b2d4-5034-84c5-2580945368b8,M. Rogers,2025-26:2,1,90.0,1,RAM,68.9,53.0,fpl_core_insights_detailed,2026-02-01T17:00:00+00:00,GW24,6f555168-6fa4-5bdb-ad1e-d646c8e0f78a,2,24,77f6a9da-b2d4-5034-84c5-2580945368b8,CAM,True
fplcore:25-26-prem-aston-villa-vs-brentford,3cfeb2a8-cad5-5980-9946-aecc5eb2b011,C. Kelleher,2025-26:5,1,90.0,1,,9.9,50.5,fpl_core_insights_detailed,2026-02-01T17:00:00+00:00,GW24,6f555168-6fa4-5bdb-ad1e-d646c8e0f78a,5,24,3cfeb2a8-cad5-5980-9946-aecc5eb2b011,GK,True
fplcore:25-26-prem-aston-villa-vs-brentford,d3c7337d-334b-58de-b6a2-e7e1ce9a18ea,J. Henderson,2025-26:5,1,59.0,1,CAM,48.0,41.6,fpl_core_insights_detailed,2026-02-01T17:00:00+00:00,GW24,6f555168-6fa4-5bdb-ad1e-d646c8e0f78a,5,24,d3c7337d-334b-58de-b6a2-e7e1ce9a18ea,RDM,True
fplcore:25-26-prem-aston-villa-vs-brentford,e5d36ad0-dba5-56c7-a5d2-b091b2fa1b0d,M. Jensen,2025-26:5,1,75.0,1,RDM,42.7,58.9,fpl_core_insights_detailed,2026-02-01T17:00:00+00:00,GW24,6f555168-6fa4-5bdb-ad1e-d646c8e0f78a,5,24,e5d36ad0-dba5-56c7-a5d2-b091b2fa1b0d,CAM,True
fplcore:25-26-prem-brighton-hove-albion-vs-everton,9720eb96-9da3-5717-9ed4-45874361e243,B. Verbruggen,2025-26:6,1,90.0,1,,11.8,47.3,fpl_core_insights_detailed,2026-01-31T18:00:00+00:00,GW24,73cbcb0c-704f-544b-98be-2945eb6c0891,6,24,9720eb96-9da3-5717-9ed4-45874361e243,GK,True
fplcore:25-26-prem-brighton-hove-albion-vs-everton,962c06ed-3fb4-5908-98c9-be26b5491e6c,F. Kadıoğlu,2025-26:6,1,90.0,1,RCB,48.4,34.9,fpl_core_insights_detailed,2026-01-31T18:00:00+00:00,GW24,73cbcb0c-704f-544b-98be-2945eb6c0891,6,24,962c06ed-3fb4-5908-98c9-be26b5491e6c,RB,True
fplcore:25-26-prem-brighton-hove-albion-vs-everton,5bb0cf13-0fc0-5a3b-a79f-a3be5c5eb24e,J. P. van Hecke,2025-26:6,1,90.0,1,RB,40.6,33.7,fpl_core_insights_detailed,2026-01-31T18:00:00+00:00,GW24,73cbcb0c-704f-544b-98be-2945eb6c0891,6,24,5bb0cf13-0fc0-5a3b-a79f-a3be5c5eb24e,RCB,True
fplcore:25-26-prem-brighton-hove-albion-vs-everton,de6b06be-d7b4-506e-9177-df5cf336214a,Y. Ayari,2025-26:6,1,90.0,1,CM,50.0,51.1,fpl_core_insights_detailed,2026-01-31T18:00:00+00:00,GW24,73cbcb0c-704f-544b-98be-2945eb6c0891,6,24,de6b06be-d7b4-506e-9177-df5cf336214a,RCM,True
fplcore:25-26-prem-brighton-hove-albion-vs-everton,2158389c-94df-554d-8089-885e17fa9cbe,C. Baleba,2025-26:6,1,90.0,1,RCM,43.2,49.0,fpl_core_insights_detailed,2026-01-31T18:00:00+00:00,GW24,73cbcb0c-704f-544b-98be-2945eb6c0891,6,24,2158389c-94df-554d-8089-885e17fa9cbe,CM,True
fplcore:25-26-prem-brighton-hove-albion-vs-everton,57881605-ab70-5c0d-865f-433201de3f6f,J. Pickford,2025-26:9,1,90.0,1,,13.4,52.2,fpl_core_insights_detailed,2026-01-31T18:00:00+00:00,GW24,73cbcb0c-704f-544b-98be-2945eb6c0891,9,24,57881605-ab70-5c0d-865f-433201de3f6f,GK,True
fplcore:25-26-prem-chelsea-vs-west-ham-united,412fc00b-6fb5-5606-bb30-04e075a83220,R. Sánchez,2025-26:7,1,90.0,1,,14.3,49.0,fpl_core_insights_detailed,2026-01-31T20:30:00+00:00,GW24,e2562928-63eb-5b52-9e4c-94f8ddca3e11,7,24,412fc00b-6fb5-5606-bb30-04e075a83220,GK,True
fplcore:25-26-prem-chelsea-vs-west-ham-united,112ec44a-8ec0-5a5a-828a-d330905abb6b,A. Aréola,2025-26:19,1,90.0,1,,10.9,49.5,fpl_core_insights_detailed,2026-01-31T20:30:00+00:00,GW24,e2562928-63eb-5b52-9e4c-94f8ddca3e11,19,24,112ec44a-8ec0-5a5a-828a-d330905abb6b,GK,True
fplcore:25-26-prem-chelsea-vs-west-ham-united,4e68227a-9577-5c26-99fa-8a519b052582,J. Bowen,2025-26:19,1,80.0,1,CAM,51.7,23.2,fpl_core_insights_detailed,2026-01-31T20:30:00+00:00,GW24,e2562928-63eb-5b52-9e4c-94f8ddca3e11,19,24,4e68227a-9577-5c26-99fa-8a519b052582,RW,True
fplcore:25-26-prem-chelsea-vs-west-ham-united,bafec5b4-70cd-5296-82ed-5f50f9b35506,T. Souček,2025-26:19,1,90.0,1,RW,49.3,31.3,fpl_core_insights_detailed,2026-01-31T20:30:00+00:00,GW24,e2562928-63eb-5b52-9e4c-94f8ddca3e11,19,24,bafec5b4-70cd-5296-82ed-5f50f9b35506,RCM,True
fplcore:25-26-prem-chelsea-vs-west-ham-united,ad87488c-769c-5325-bce6-63daff9b32a3,P. Felipe,2025-26:19,1,65.0,1,RCM,51.2,42.7,fpl_core_insights_detailed,2026-01-31T20:30:00+00:00,GW24,e2562928-63eb-5b52-9e4c-94f8ddca3e11,19,24,ad87488c-769c-5325-bce6-63daff9b32a3,CAM,True
fplcore:25-26-prem-leeds-united-vs-arsenal,d921acea-ffba-515b-a957-12586c43f133,K. Darlow,2025-26:11,1,90.0,1,,12.9,50.1,fpl_core_insights_detailed,2026-01-31T18:00:00+00:00,GW24,7771779b-354a-5626-9f0f-129de4d443ba,11,24,d921acea-ffba-515b-a957-12586c43f133,GK,True
fplcore:25-26-prem-leeds-united-vs-arsenal,9066de74-0bf4-5c6d-8a3f-3b977b735a67,A. Stach,2025-26:11,1,80.0,1,LAM,53.1,60.5,fpl_core_insights_detailed,2026-01-31T18:00:00+00:00,GW24,7771779b-354a-5626-9f0f-129de4d443ba,11,24,9066de74-0bf4-5c6d-8a3f-3b977b735a67,RAM,True
fplcore:25-26-prem-leeds-united-vs-arsenal,c550c5c9-6be9-5d60-a724-ed8b1d333548,B. Aaronson,2025-26:11,1,70.0,1,RAM,59.0,58.9,fpl_core_insights_detailed,2026-01-31T18:00:00+00:00,GW24,7771779b-354a-5626-9f0f-129de4d443ba,11,24,c550c5c9-6be9-5d60-a724-ed8b1d333548,LAM,True
fplcore:25-26-prem-leeds-united-vs-arsenal,9ac55e79-9cb2-5ac5-ae8c-6a2ebd620277,D. Raya,2025-26:1,1,90.0,1,,12.0,44.0,fpl_core_insights_detailed,2026-01-31T18:00:00+00:00,GW24,7771779b-354a-5626-9f0f-129de4d443ba,1,24,9ac55e79-9cb2-5ac5-ae8c-6a2ebd620277,GK,True
fplcore:25-26-prem-liverpool-vs-newcastle-united,bb7d5990-008e-5f6d-871a-83ec4490dd2d,Alisson,2025-26:12,1,90.0,1,,11.4,46.5,fpl_core_insights_detailed,2026-01-31T23:00:00+00:00,GW24,8b19f294-8fed-5a60-8498-f5c9c1b8d138,12,24,bb7d5990-008e-5f6d-871a-83ec4490dd2d,GK,True
fplcore:25-26-prem-liverpool-vs-newcastle-united,00be15e9-135e-5a79-956f-cd70f121b4b0,N. Pope,2025-26:15,1,90.0,1,,8.7,48.3,fpl_core_insights_detailed,2026-01-31T23:00:00+00:00,GW24,8b19f294-8fed-5a60-8498-f5c9c1b8d138,15,24,00be15e9-135e-5a79-956f-cd70f121b4b0,GK,True
fplcore:25-26-prem-manchester-united-vs-fulham,63a30902-aa79-59d2-bbc6-903ff41e54dc,S. Lammens,2025-26:14,1,90.0,1,,9.1,51.3,fpl_core_insights_detailed,2026-02-01T17:00:00+00:00,GW24,7c7ef9d4-1e3b-5684-8a5f-8f641b36aa9d,14,24,63a30902-aa79-59d2-bbc6-903ff41e54dc,GK,True
fplcore:25-26-prem-manchester-united-vs-fulham,83056bd2-b742-5b28-b32d-8ba4a3902c61,B. Leno,2025-26:10,1,90.0,1,,13.0,51.5,fpl_core_insights_detailed,2026-02-01T17:00:00+00:00,GW24,7c7ef9d4-1e3b-5684-8a5f-8f641b36aa9d,10,24,83056bd2-b742-5b28-b32d-8ba4a3902c61,GK,True
fplcore:25-26-prem-manchester-united-vs-fulham,bf6c1651-0779-512e-9c37-3b8ac8c14714,A. Iwobi,2025-26:10,1,90.0,1,LDM,52.4,54.2,fpl_core_insights_detailed,2026-02-01T17:00:00+00:00,GW24,7c7ef9d4-1e3b-5684-8a5f-8f641b36aa9d,10,24,bf6c1651-0779-512e-9c37-3b8ac8c14714,RDM,True
fplcore:25-26-prem-manchester-united-vs-fulham,f0504a37-2a31-5f04-8704-2c307c2384cd,S. Berge,2025-26:10,1,90.0,1,RDM,47.9,50.1,fpl_core_insights_detailed,2026-02-01T17:00:00+00:00,GW24,7c7ef9d4-1e3b-5684-8a5f-8f641b36aa9d,10,24,f0504a37-2a31-5f04-8704-2c307c2384cd,LDM,True
fplcore:25-26-prem-manchester-united-vs-fulham,7f48ec5f-f934-516a-9c1f-84d42bd974ff,E. Smith Rowe,2025-26:10,1,70.0,1,LAM,55.8,69.8,fpl_core_insights_detailed,2026-02-01T17:00:00+00:00,GW24,7c7ef9d4-1e3b-5684-8a5f-8f641b36aa9d,10,24,7f48ec5f-f934-516a-9c1f-84d42bd974ff,CAM,True
fplcore:25-26-prem-manchester-united-vs-fulham,09be2cb2-a90e-562f-8a53-32294044e02f,S. Chukwueze,2025-26:10,1,78.0,1,CAM,66.2,69.2,fpl_core_insights_detailed,2026-02-01T17:00:00+00:00,GW24,7c7ef9d4-1e3b-5684-8a5f-8f641b36aa9d,10,24,09be2cb2-a90e-562f-8a53-32294044e02f,LAM,True
fplcore:25-26-prem-nottingham-forest-vs-crystal-palace,5dfbea2f-beb3-54f9-ad39-1f8f81f8a323,M. Sels,2025-26:16,1,45.0,1,,12.8,53.6,fpl_core_insights_detailed,2026-02-01T17:00:00+00:00,GW24,1f5f3541-628d-5710-ae0c-dc82c8ae86d8,16,24,5dfbea2f-beb3-54f9-ad39-1f8f81f8a323,GK,True
fplcore:25-26-prem-nottingham-forest-vs-crystal-palace,fc1d6631-4455-5cd1-be3d-3748e604ca74,I. Sangaré,2025-26:16,1,90.0,1,LDM,43.0,61.6,fpl_core_insights_detailed,2026-02-01T17:00:00+00:00,GW24,1f5f3541-628d-5710-ae0c-dc82c8ae86d8,16,24,fc1d6631-4455-5cd1-be3d-3748e604ca74,RDM,True
fplcore:25-26-prem-nottingham-forest-vs-crystal-palace,89ca84c0-8f48-5f1a-913d-799d45f1691e,E. Anderson,2025-26:16,1,90.0,1,CAM,50.8,55.6,fpl_core_insights_detailed,2026-02-01T17:00:00+00:00,GW24,1f5f3541-628d-5710-ae0c-dc82c8ae86d8,16,24,89ca84c0-8f48-5f1a-913d-799d45f1691e,LDM,True
fplcore:25-26-prem-nottingham-forest-vs-crystal-palace,18a6f100-002a-5b0b-8366-87056d767a12,C. Hudson-Odoi,2025-26:16,1,45.0,1,RDM,48.3,40.1,fpl_core_insights_detailed,2026-02-01T17:00:00+00:00,GW24,1f5f3541-628d-5710-ae0c-dc82c8ae86d8,16,24,18a6f100-002a-5b0b-8366-87056d767a12,RAM,True
fplcore:25-26-prem-nottingham-forest-vs-crystal-palace,68e23e27-5010-5c05-a3bd-23e48be32b93,M. Gibbs-White,2025-26:16,1,90.0,1,RAM,66.1,54.1,fpl_core_insights_detailed,2026-02-01T17:00:00+00:00,GW24,1f5f3541-628d-5710-ae0c-dc82c8ae86d8,16,24,68e23e27-5010-5c05-a3bd-23e48be32b93,CAM,True
fplcore:25-26-prem-nottingham-forest-vs-crystal-palace,4e7d3349-c869-51f6-a9f2-e86405e21be5,D. Henderson,2025-26:8,1,90.0,1,,11.0,48.0,fpl_core_insights_detailed,2026-02-01T17:00:00+00:00,GW24,1f5f3541-628d-5710-ae0c-dc82c8ae86d8,8,24,4e7d3349-c869-51f6-a9f2-e86405e21be5,GK,True
fplcore:25-26-prem-nottingham-forest-vs-crystal-palace,e0417b35-b1b1-5957-8ee5-7996c5db5cb0,B. Johnson,2025-26:8,1,90.0,1,ST,71.7,68.6,fpl_core_insights_detailed,2026-02-01T17:00:00+00:00,GW24,1f5f3541-628d-5710-ae0c-dc82c8ae86d8,8,24,e0417b35-b1b1-5957-8ee5-7996c5db5cb0,LAM,True
fplcore:25-26-prem-nottingham-forest-vs-crystal-palace,1e4afd94-5426-54f5-893e-eea93b538667,Y. Pino,2025-26:8,1,90.0,1,LAM,60.0,58.1,fpl_core_insights_detailed,2026-02-01T17:00:00+00:00,GW24,1f5f3541-628d-5710-ae0c-dc82c8ae86d8,8,24,1e4afd94-5426-54f5-893e-eea93b538667,ST,True
fplcore:25-26-prem-sunderland-vs-burnley,17b0293a-a54d-554b-bdba-368217c87ad9,R. Roefs,2025-26:17,1,90.0,1,,12.3,49.3,fpl_core_insights_detailed,2026-02-02T23:00:00+00:00,GW24,506fe9f4-c4a7-57b8-9b66-23314b429f92,17,24,17b0293a-a54d-554b-bdba-368217c87ad9,GK,True
fplcore:25-26-prem-sunderland-vs-burnley,2e06beff-d060-52c5-b090-ef85e142bc03,T. Hume,2025-26:17,1,90.0,1,RCB,54.0,21.6,fpl_core_insights_detailed,2026-02-02T23:00:00+00:00,GW24,506fe9f4-c4a7-57b8-9b66-23314b429f92,17,24,2e06beff-d060-52c5-b090-ef85e142bc03,RWB,True
fplcore:25-26-prem-sunderland-vs-burnley,53bfdbe9-b833-5ee6-b24f-4b838a2a0fa6,N. Mukiele,2025-26:17,1,90.0,1,RWB,48.4,15.5,fpl_core_insights_detailed,2026-02-02T23:00:00+00:00,GW24,506fe9f4-c4a7-57b8-9b66-23314b429f92,17,24,53bfdbe9-b833-5ee6-b24f-4b838a2a0fa6,RCB,True
fplcore:25-26-prem-sunderland-vs-burnley,148b32f1-d60d-5cdd-9ffe-a5938fcb8671,M. Dúbravka,2025-26:3,1,90.0,1,,10.5,47.5,fpl_core_insights_detailed,2026-02-02T23:00:00+00:00,GW24,506fe9f4-c4a7-57b8-9b66-23314b429f92,3,24,148b32f1-d60d-5cdd-9ffe-a5938fcb8671,GK,True
fplcore:25-26-prem-sunderland-vs-burnley,208bc81b-07bb-5202-9b86-f6535ba1a7a7,M. Estève,2025-26:3,1,90.0,1,LCB,31.6,64.9,fpl_core_insights_detailed,2026-02-02T23:00:00+00:00,GW24,506fe9f4-c4a7-57b8-9b66-23314b429f92,3,24,208bc81b-07bb-5202-9b86-f6535ba1a7a7,CB,True
fplcore:25-26-prem-sunderland-vs-burnley,956e0ed0-2170-56bf-913d-61d007270278,B. Humphreys,2025-26:3,1,90.0,1,CB,39.4,58.8,fpl_core_insights_detailed,2026-02-02T23:00:00+00:00,GW24,506fe9f4-c4a7-57b8-9b66-23314b429f92,3,24,956e0ed0-2170-56bf-913d-61d007270278,LCB,True
fplcore:25-26-prem-sunderland-vs-burnley,f01a999e-cac7-5aa8-a867-4257d2382021,J. Anthony,2025-26:3,1,79.0,1,ST,63.6,61.7,fpl_core_insights_detailed,2026-02-02T23:00:00+00:00,GW24,506fe9f4-c4a7-57b8-9b66-23314b429f92,3,24,f01a999e-cac7-5aa8-a867-4257d2382021,LAM,True
fplcore:25-26-prem-sunderland-vs-burnley,fada1568-55fd-5aec-8b69-9db9bcbee6ae,L. Foster,2025-26:3,1,62.0,1,LAM,59.9,56.2,fpl_core_insights_detailed,2026-02-02T23:00:00+00:00,GW24,506fe9f4-c4a7-57b8-9b66-23314b429f92,3,24,fada1568-55fd-5aec-8b69-9db9bcbee6ae,ST,True
fplcore:25-26-prem-tottenham-hotspur-vs-manchester-city,3c77aa9b-7767-5636-9780-0d94d829b326,G. Vicario,2025-26:18,1,90.0,1,,11.0,49.4,fpl_core_insights_detailed,2026-02-01T19:30:00+00:00,GW24,f2500cd6-3213-514b-bc50-11600f2a02df,18,24,3c77aa9b-7767-5636-9780-0d94d829b326,GK,True
fplcore:25-26-prem-tottenham-hotspur-vs-manchester-city,3a736c36-502e-5f12-a3a0-3a915cdfdf76,R. K. Muani,2025-26:18,1,67.0,1,ST,65.6,42.1,fpl_core_insights_detailed,2026-02-01T19:30:00+00:00,GW24,f2500cd6-3213-514b-bc50-11600f2a02df,18,24,3a736c36-502e-5f12-a3a0-3a915cdfdf76,RAM,True
fplcore:25-26-prem-tottenham-hotspur-vs-manchester-city,1ffce999-e957-5580-a533-b5ad7d8de028,D. Solanke,2025-26:18,1,89.0,1,RAM,59.5,46.1,fpl_core_insights_detailed,2026-02-01T19:30:00+00:00,GW24,f2500cd6-3213-514b-bc50-11600f2a02df,18,24,1ffce999-e957-5580-a533-b5ad7d8de028,ST,True
fplcore:25-26-prem-tottenham-hotspur-vs-manchester-city,67859d1e-575f-5ae4-aa8d-8f36bd11696e,G. Donnarumma,2025-26:13,1,90.0,1,,8.2,46.6,fpl_core_insights_detailed,2026-02-01T19:30:00+00:00,GW24,f2500cd6-3213-514b-bc50-11600f2a02df,13,24,67859d1e-575f-5ae4-aa8d-8f36bd11696e,GK,True
fplcore:25-26-prem-wolverhampton-wanderers-vs-afc-bournemouth,698f23fd-0fa1-5358-8bd3-2b8aef91e946,J. Sá,2025-26:20,1,90.0,1,,13.8,46.9,fpl_core_insights_detailed,2026-01-31T18:00:00+00:00,GW24,30cc90ed-8f7d-5817-97c3-29b9acd76a4c,20,24,698f23fd-0fa1-5358-8bd3-2b8aef91e946,GK,True
fplcore:25-26-prem-wolverhampton-wanderers-vs-afc-bournemouth,aec63649-ffe1-5e88-829b-d1e462e7e679,Đ. Petrović,2025-26:4,1,90.0,1,,10.0,50.1,fpl_core_insights_detailed,2026-01-31T18:00:00+00:00,GW24,30cc90ed-8f7d-5817-97c3-29b9acd76a4c,4,24,aec63649-ffe1-5e88-829b-d1e462e7e679,GK,True
fplcore:25-26-prem-afc-bournemouth-vs-aston-villa,aec63649-ffe1-5e88-829b-d1e462e7e679,Đ. Petrović,2025-26:4,1,90.0,1,,9.7,47.5,fpl_core_insights_detailed,2026-02-07T18:00:00+00:00,GW25,d9ace39d-a5ca-5496-84cb-231df913a305,4,25,aec63649-ffe1-5e88-829b-d1e462e7e679,GK,True
fplcore:25-26-prem-afc-bournemouth-vs-aston-villa,6caa4dfe-3a1a-5c7f-84ef-7342cdfb5745,L. Cook,2025-26:4,1,90.0,1,CAM,56.1,40.1,fpl_core_insights_detailed,2026-02-07T18:00:00+00:00,GW25,d9ace39d-a5ca-5496-84cb-231df913a305,4,25,6caa4dfe-3a1a-5c7f-84ef-7342cdfb5745,RDM,True
fplcore:25-26-prem-afc-bournemouth-vs-aston-villa,c0582007-f657-5440-9f24-83c1666418bb,E. J. Kroupi,2025-26:4,1,64.0,1,RDM,54.7,31.9,fpl_core_insights_detailed,2026-02-07T18:00:00+00:00,GW25,d9ace39d-a5ca-5496-84cb-231df913a305,4,25,c0582007-f657-5440-9f24-83c1666418bb,CAM,True
fplcore:25-26-prem-afc-bournemouth-vs-aston-villa,db76d454-818a-5043-8d04-22e24f696027,E. Martínez,2025-26:2,1,90.0,1,,10.5,51.3,fpl_core_insights_detailed,2026-02-07T18:00:00+00:00,GW25,d9ace39d-a5ca-5496-84cb-231df913a305,2,25,db76d454-818a-5043-8d04-22e24f696027,GK,True
fplcore:25-26-prem-arsenal-vs-sunderland,9ac55e79-9cb2-5ac5-ae8c-6a2ebd620277,D. Raya,2025-26:1,1,90.0,1,,12.8,45.7,fpl_core_insights_detailed,2026-02-07T18:00:00+00:00,GW25,87451d9e-587c-5a4c-96ac-324aa773296b,1,25,9ac55e79-9cb2-5ac5-ae8c-6a2ebd620277,GK,True
fplcore:25-26-prem-arsenal-vs-sunderland,ef53aa3a-f5fe-5a12-9743-66a2adc7f069,K. Havertz,2025-26:1,1,66.0,1,CM,61.3,40.4,fpl_core_insights_detailed,2026-02-07T18:00:00+00:00,GW25,87451d9e-587c-5a4c-96ac-324aa773296b,1,25,ef53aa3a-f5fe-5a12-9743-66a2adc7f069,RCM,True
fplcore:25-26-prem-arsenal-vs-sunderland,7844404e-dd2c-5f68-9390-675ab60be346,M. Zubimendi,2025-26:1,1,90.0,1,RCM,53.0,34.0,fpl_core_insights_detailed,2026-02-07T18:00:00+00:00,GW25,87451d9e-587c-5a4c-96ac-324aa773296b,1,25,7844404e-dd2c-5f68-9390-675ab60be346,CM,True
fplcore:25-26-prem-arsenal-vs-sunderland,17b0293a-a54d-554b-bdba-368217c87ad9,R. Roefs,2025-26:17,1,90.0,1,,13.3,53.4,fpl_core_insights_detailed,2026-02-07T18:00:00+00:00,GW25,87451d9e-587c-5a4c-96ac-324aa773296b,17,25,17b0293a-a54d-554b-bdba-368217c87ad9,GK,True
fplcore:25-26-prem-arsenal-vs-sunderland,e5098785-f2ed-5b29-af5e-f569a62ab2c0,N. Sadiki,2025-26:17,1,70.0,1,LAM,46.2,63.3,fpl_core_insights_detailed,2026-02-07T18:00:00+00:00,GW25,87451d9e-587c-5a4c-96ac-324aa773296b,17,25,e5098785-f2ed-5b29-af5e-f569a62ab2c0,RDM,True
fplcore:25-26-prem-arsenal-vs-sunderland,40b6a84e-8e7e-529b-8b4e-a2979b1bc8e4,E. Le Fée,2025-26:17,1,90.0,1,RDM,45.3,58.2,fpl_core_insights_detailed,2026-02-07T18:00:00+00:00,GW25,87451d9e-587c-5a4c-96ac-324aa773296b,17,25,40b6a84e-8e7e-529b-8b4e-a2979b1bc8e4,LDM,True
fplcore:25-26-prem-arsenal-vs-sunderland,483fd668-a74d-5c5c-9111-a023961f914b,C. Talbi,2025-26:17,1,63.0,1,LDM,41.2,82.2,fpl_core_insights_detailed,2026-02-07T18:00:00+00:00,GW25,87451d9e-587c-5a4c-96ac-324aa773296b,17,25,483fd668-a74d-5c5c-9111-a023961f914b,LAM,True
fplcore:25-26-prem-brighton-hove-albion-vs-crystal-palace,9720eb96-9da3-5717-9ed4-45874361e243,B. Verbruggen,2025-26:6,1,90.0,1,,12.1,48.2,fpl_core_insights_detailed,2026-02-08T17:00:00+00:00,GW25,c7bf9b15-363a-5871-9b7f-a786725d7ed3,6,25,9720eb96-9da3-5717-9ed4-45874361e243,GK,True
fplcore:25-26-prem-brighton-hove-albion-vs-crystal-palace,4e7d3349-c869-51f6-a9f2-e86405e21be5,D. Henderson,2025-26:8,1,90.0,1,,12.4,47.2,fpl_core_insights_detailed,2026-02-08T17:00:00+00:00,GW25,c7bf9b15-363a-5871-9b7f-a786725d7ed3,8,25,4e7d3349-c869-51f6-a9f2-e86405e21be5,GK,True
fplcore:25-26-prem-burnley-vs-west-ham-united,148b32f1-d60d-5cdd-9ffe-a5938fcb8671,M. Dúbravka,2025-26:3,1,90.0,1,,12.5,53.1,fpl_core_insights_detailed,2026-02-07T18:00:00+00:00,GW25,800418ef-112a-5f8a-9aae-e47025aa529d,3,25,148b32f1-d60d-5cdd-9ffe-a5938fcb8671,GK,True
fplcore:25-26-prem-burnley-vs-west-ham-united,82a85fe5-3695-5749-b382-fb39650267e9,M. Hermansen,2025-26:19,1,90.0,1,,10.7,48.3,fpl_core_insights_detailed,2026-02-07T18:00:00+00:00,GW25,800418ef-112a-5f8a-9aae-e47025aa529d,19,25,82a85fe5-3695-5749-b382-fb39650267e9,GK,True
fplcore:25-26-prem-burnley-vs-west-ham-united,35ad91b8-a753-5dab-beac-21a352e5cb13,A. Wan-Bissaka,2025-26:19,1,90.0,1,RW,42.9,13.2,fpl_core_insights_detailed,2026-02-07T18:00:00+00:00,GW25,800418ef-112a-5f8a-9aae-e47025aa529d,19,25,35ad91b8-a753-5dab-beac-21a352e5cb13,RB,True
fplcore:25-26-prem-burnley-vs-west-ham-united,a4b84834-eb21-54ba-be68-660ea3815e93,K. Mavropanos,2025-26:19,1,90.0,1,RB,31.4,31.0,fpl_core_insights_detailed,2026-02-07T18:00:00+00:00,GW25,800418ef-112a-5f8a-9aae-e47025aa529d,19,25,a4b84834-eb21-54ba-be68-660ea3815e93,RCB,True
fplcore:25-26-prem-burnley-vs-west-ham-united,4e68227a-9577-5c26-99fa-8a519b052582,J. Bowen,2025-26:19,1,90.0,1,RCM,55.4,27.6,fpl_core_insights_detailed,2026-02-07T18:00:00+00:00,GW25,800418ef-112a-5f8a-9aae-e47025aa529d,19,25,4e68227a-9577-5c26-99fa-8a519b052582,RW,True
fplcore:25-26-prem-burnley-vs-west-ham-united,bafec5b4-70cd-5296-82ed-5f50f9b35506,T. Souček,2025-26:19,1,90.0,1,LCM,46.3,34.9,fpl_core_insights_detailed,2026-02-07T18:00:00+00:00,GW25,800418ef-112a-5f8a-9aae-e47025aa529d,19,25,bafec5b4-70cd-5296-82ed-5f50f9b35506,RCM,True
fplcore:25-26-prem-burnley-vs-west-ham-united,79420363-80f0-5eb5-bef5-e1e31f62877c,M. Fernandes,2025-26:19,1,90.0,1,RCB,39.4,55.0,fpl_core_insights_detailed,2026-02-07T18:00:00+00:00,GW25,800418ef-112a-5f8a-9aae-e47025aa529d,19,25,79420363-80f0-5eb5-bef5-e1e31f62877c,LCM,True
fplcore:25-26-prem-burnley-vs-west-ham-united,7464bba2-d459-5382-a1a5-4bc52ebe7af2,C. Wilson,2025-26:19,1,56.0,1,ST,64.4,36.7,fpl_core_insights_detailed,2026-02-07T18:00:00+00:00,GW25,800418ef-112a-5f8a-9aae-e47025aa529d,19,25,7464bba2-d459-5382-a1a5-4bc52ebe7af2,CAM,True
fplcore:25-26-prem-burnley-vs-west-ham-united,de5e511c-9379-5b70-8f43-d2b814dfdcc3,V. Castellanos,2025-26:19,1,78.0,1,CAM,61.0,45.4,fpl_core_insights_detailed,2026-02-07T18:00:00+00:00,GW25,800418ef-112a-5f8a-9aae-e47025aa529d,19,25,de5e511c-9379-5b70-8f43-d2b814dfdcc3,ST,True
fplcore:25-26-prem-fulham-vs-everton,83056bd2-b742-5b28-b32d-8ba4a3902c61,B. Leno,2025-26:10,1,90.0,1,,8.7,50.3,fpl_core_insights_detailed,2026-02-07T18:00:00+00:00,GW25,13a06bbe-773c-5050-a81a-5cecf3bc57eb,10,25,83056bd2-b742-5b28-b32d-8ba4a3902c61,GK,True
fplcore:25-26-prem-fulham-vs-everton,57881605-ab70-5c0d-865f-433201de3f6f,J. Pickford,2025-26:9,1,90.0,1,,13.2,49.9,fpl_core_insights_detailed,2026-02-07T18:00:00+00:00,GW25,13a06bbe-773c-5050-a81a-5cecf3bc57eb,9,25,57881605-ab70-5c0d-865f-433201de3f6f,GK,True
fplcore:25-26-prem-fulham-vs-everton,1993b39f-9a1a-5805-bce4-6ff7cb40ebde,K. Dewsbury-Hall,2025-26:9,1,90.0,1,LAM,62.1,56.1,fpl_core_insights_detailed,2026-02-07T18:00:00+00:00,GW25,13a06bbe-773c-5050-a81a-5cecf3bc57eb,9,25,1993b39f-9a1a-5805-bce4-6ff7cb40ebde,CAM,True
fplcore:25-26-prem-fulham-vs-everton,4788a762-a8dd-587b-88ad-eb1d2f51ec12,H. Armstrong,2025-26:9,1,68.0,1,CAM,55.2,47.4,fpl_core_insights_detailed,2026-02-07T18:00:00+00:00,GW25,13a06bbe-773c-5050-a81a-5cecf3bc57eb,9,25,4788a762-a8dd-587b-88ad-eb1d2f51ec12,LAM,True
fplcore:25-26-prem-leeds-united-vs-nottingham-forest,d921acea-ffba-515b-a957-12586c43f133,K. Darlow,2025-26:11,1,90.0,1,,10.6,47.0,fpl_core_insights_detailed,2026-02-06T23:00:00+00:00,GW25,4366c228-7c85-5d35-8048-663446bd1b28,11,25,d921acea-ffba-515b-a957-12586c43f133,GK,True
fplcore:25-26-prem-leeds-united-vs-nottingham-forest,a493cdaf-9cab-5479-8687-9533f241460c,S. Ortega,2025-26:16,1,90.0,1,,15.7,46.0,fpl_core_insights_detailed,2026-02-06T23:00:00+00:00,GW25,4366c228-7c85-5d35-8048-663446bd1b28,16,25,a493cdaf-9cab-5479-8687-9533f241460c,GK,True
fplcore:25-26-prem-leeds-united-vs-nottingham-forest,fc1d6631-4455-5cd1-be3d-3748e604ca74,I. Sangaré,2025-26:16,1,90.0,1,LDM,46.1,51.3,fpl_core_insights_detailed,2026-02-06T23:00:00+00:00,GW25,4366c228-7c85-5d35-8048-663446bd1b28,16,25,fc1d6631-4455-5cd1-be3d-3748e604ca74,RDM,True
fplcore:25-26-prem-leeds-united-vs-nottingham-forest,89ca84c0-8f48-5f1a-913d-799d45f1691e,E. Anderson,2025-26:16,1,90.0,1,CAM,51.7,61.7,fpl_core_insights_detailed,2026-02-06T23:00:00+00:00,GW25,4366c228-7c85-5d35-8048-663446bd1b28,16,25,89ca84c0-8f48-5f1a-913d-799d45f1691e,LDM,True
fplcore:25-26-prem-leeds-united-vs-nottingham-forest,a2afe8eb-9890-541f-9258-8202cd512f1f,N. Domínguez,2025-26:16,1,53.0,1,RDM,46.1,25.9,fpl_core_insights_detailed,2026-02-06T23:00:00+00:00,GW25,4366c228-7c85-5d35-8048-663446bd1b28,16,25,a2afe8eb-9890-541f-9258-8202cd512f1f,RAM,True
fplcore:25-26-prem-leeds-united-vs-nottingham-forest,68e23e27-5010-5c05-a3bd-23e48be32b93,M. Gibbs-White,2025-26:16,1,66.0,1,RAM,64.8,47.2,fpl_core_insights_detailed,2026-02-06T23:00:00+00:00,GW25,4366c228-7c85-5d35-8048-663446bd1b28,16,25,68e23e27-5010-5c05-a3bd-23e48be32b93,CAM,True
fplcore:25-26-prem-liverpool-vs-manchester-city,bb7d5990-008e-5f6d-871a-83ec4490dd2d,Alisson,2025-26:12,1,90.0,1,,12.9,47.4,fpl_core_insights_detailed,2026-02-08T19:30:00+00:00,GW25,6df41fb2-db8a-58dc-bcef-43cc5f79f6d1,12,25,bb7d5990-008e-5f6d-871a-83ec4490dd2d,GK,True
fplcore:25-26-prem-liverpool-vs-manchester-city,67859d1e-575f-5ae4-aa8d-8f36bd11696e,G. Donnarumma,2025-26:13,1,90.0,1,,8.1,49.2,fpl_core_insights_detailed,2026-02-08T19:30:00+00:00,GW25,6df41fb2-db8a-58dc-bcef-43cc5f79f6d1,13,25,67859d1e-575f-5ae4-aa8d-8f36bd11696e,GK,True
fplcore:25-26-prem-liverpool-vs-manchester-city,66ce5aaa-c0e9-5462-8a78-fae312616872,A. Semenyo,2025-26:13,1,90.0,1,CAM,63.2,46.9,fpl_core_insights_detailed,2026-02-08T19:30:00+00:00,GW25,6df41fb2-db8a-58dc-bcef-43cc5f79f6d1,13,25,66ce5aaa-c0e9-5462-8a78-fae312616872,RAM,True
fplcore:25-26-prem-liverpool-vs-manchester-city,70198e6a-5cf9-5344-a2c0-f1b71dfeeb5f,B. Silva,2025-26:13,1,90.0,1,RAM,56.7,41.5,fpl_core_insights_detailed,2026-02-08T19:30:00+00:00,GW25,6df41fb2-db8a-58dc-bcef-43cc5f79f6d1,13,25,70198e6a-5cf9-5344-a2c0-f1b71dfeeb5f,CAM,True
fplcore:25-26-prem-manchester-united-vs-tottenham-hotspur,63a30902-aa79-59d2-bbc6-903ff41e54dc,S. Lammens,2025-26:14,1,90.0,1,,11.8,52.7,fpl_core_insights_detailed,2026-02-07T15:30:00+00:00,GW25,3a27d648-a23e-5b47-aa0b-a8ecf1d098b4,14,25,63a30902-aa79-59d2-bbc6-903ff41e54dc,GK,True
fplcore:25-26-prem-manchester-united-vs-tottenham-hotspur,8b26f624-9357-5669-9698-f5fda36d4e75,B. Fernandes,2025-26:14,1,90.0,1,LAM,65.2,55.2,fpl_core_insights_detailed,2026-02-07T15:30:00+00:00,GW25,3a27d648-a23e-5b47-aa0b-a8ecf1d098b4,14,25,8b26f624-9357-5669-9698-f5fda36d4e75,CAM,True
fplcore:25-26-prem-manchester-united-vs-tottenham-hotspur,be977983-b55e-52b9-96d5-b98b8b42edbb,B. Mbeumo,2025-26:14,1,86.0,1,CAM,72.6,48.6,fpl_core_insights_detailed,2026-02-07T15:30:00+00:00,GW25,3a27d648-a23e-5b47-aa0b-a8ecf1d098b4,14,25,be977983-b55e-52b9-96d5-b98b8b42edbb,LAM,True
fplcore:25-26-prem-manchester-united-vs-tottenham-hotspur,3c77aa9b-7767-5636-9780-0d94d829b326,G. Vicario,2025-26:18,1,90.0,1,,10.1,50.4,fpl_core_insights_detailed,2026-02-07T15:30:00+00:00,GW25,3a27d648-a23e-5b47-aa0b-a8ecf1d098b4,18,25,3c77aa9b-7767-5636-9780-0d94d829b326,GK,True
fplcore:25-26-prem-newcastle-united-vs-brentford,00be15e9-135e-5a79-956f-cd70f121b4b0,N. Pope,2025-26:15,1,90.0,1,,11.7,49.3,fpl_core_insights_detailed,2026-02-07T20:30:00+00:00,GW25,085aaeeb-84d3-58e5-8616-6a821bcd07d0,15,25,00be15e9-135e-5a79-956f-cd70f121b4b0,GK,True
fplcore:25-26-prem-newcastle-united-vs-brentford,3cfeb2a8-cad5-5980-9946-aecc5eb2b011,C. Kelleher,2025-26:5,1,90.0,1,,12.4,48.7,fpl_core_insights_detailed,2026-02-07T20:30:00+00:00,GW25,085aaeeb-84d3-58e5-8616-6a821bcd07d0,5,25,3cfeb2a8-cad5-5980-9946-aecc5eb2b011,GK,True
fplcore:25-26-prem-newcastle-united-vs-brentford,9c63b373-5b16-5d1a-8ee1-2b35708a7892,D. Ouattara,2025-26:5,1,90.0,1,CAM,64.3,49.4,fpl_core_insights_detailed,2026-02-07T20:30:00+00:00,GW25,085aaeeb-84d3-58e5-8616-6a821bcd07d0,5,25,9c63b373-5b16-5d1a-8ee1-2b35708a7892,RAM,True
fplcore:25-26-prem-newcastle-united-vs-brentford,e5d36ad0-dba5-56c7-a5d2-b091b2fa1b0d,M. Jensen,2025-26:5,1,86.0,1,LAM,56.4,57.7,fpl_core_insights_detailed,2026-02-07T20:30:00+00:00,GW25,085aaeeb-84d3-58e5-8616-6a821bcd07d0,5,25,e5d36ad0-dba5-56c7-a5d2-b091b2fa1b0d,CAM,True
fplcore:25-26-prem-newcastle-united-vs-brentford,c5c12262-4fce-5d62-89d5-5e4ae2679565,K. Lewis-Potter,2025-26:5,1,79.0,1,RAM,61.6,44.0,fpl_core_insights_detailed,2026-02-07T20:30:00+00:00,GW25,085aaeeb-84d3-58e5-8616-6a821bcd07d0,5,25,c5c12262-4fce-5d62-89d5-5e4ae2679565,LAM,True
fplcore:25-26-prem-wolverhampton-wanderers-vs-chelsea,698f23fd-0fa1-5358-8bd3-2b8aef91e946,J. Sá,2025-26:20,1,90.0,1,,12.3,45.7,fpl_core_insights_detailed,2026-02-07T18:00:00+00:00,GW25,f5b8d4db-d7b4-5da2-a157-94fd8af41961,20,25,698f23fd-0fa1-5358-8bd3-2b8aef91e946,GK,True
fplcore:25-26-prem-wolverhampton-wanderers-vs-chelsea,e2213bab-7401-5edc-9994-4eb0772f48ef,J. Gomes,2025-26:20,1,90.0,1,LDM,46.7,59.7,fpl_core_insights_detailed,2026-02-07T18:00:00+00:00,GW25,f5b8d4db-d7b4-5da2-a157-94fd8af41961,20,25,e2213bab-7401-5edc-9994-4eb0772f48ef,RDM,True
fplcore:25-26-prem-wolverhampton-wanderers-vs-chelsea,15d02b2c-303d-5403-b3ee-c1bb398578ae,A. Gomes,2025-26:20,1,78.0,1,CAM,48.3,46.8,fpl_core_insights_detailed,2026-02-07T18:00:00+00:00,GW25,f5b8d4db-d7b4-5da2-a157-94fd8af41961,20,25,15d02b2c-303d-5403-b3ee-c1bb398578ae,LDM,True
fplcore:25-26-prem-wolverhampton-wanderers-vs-chelsea,e3545d57-5636-57c9-a5ad-35a839d1f8bd,H. Hwang,2025-26:20,1,42.0,1,RDM,38.5,31.6,fpl_core_insights_detailed,2026-02-07T18:00:00+00:00,GW25,f5b8d4db-d7b4-5da2-a157-94fd8af41961,20,25,e3545d57-5636-57c9-a5ad-35a839d1f8bd,RAM,True
fplcore:25-26-prem-wolverhampton-wanderers-vs-chelsea,9ac5d5a9-74b6-578c-8e14-559019eb509d,M. Mané,2025-26:20,1,90.0,1,RAM,59.9,38.0,fpl_core_insights_detailed,2026-02-07T18:00:00+00:00,GW25,f5b8d4db-d7b4-5da2-a157-94fd8af41961,20,25,9ac5d5a9-74b6-578c-8e14-559019eb509d,CAM,True
fplcore:25-26-prem-wolverhampton-wanderers-vs-chelsea,412fc00b-6fb5-5606-bb30-04e075a83220,R. Sánchez,2025-26:7,1,90.0,1,,15.7,50.8,fpl_core_insights_detailed,2026-02-07T18:00:00+00:00,GW25,f5b8d4db-d7b4-5da2-a157-94fd8af41961,7,25,412fc00b-6fb5-5606-bb30-04e075a83220,GK,True
fplcore:25-26-prem-aston-villa-vs-brighton-hove-albion,db76d454-818a-5043-8d04-22e24f696027,E. Martínez,2025-26:2,1,90.0,1,,10.3,49.2,fpl_core_insights_detailed,2026-02-11T22:30:00+00:00,GW26,579fdcbf-5156-533a-8f5f-a9226e3d60d1,2,26,db76d454-818a-5043-8d04-22e24f696027,GK,True
fplcore:25-26-prem-aston-villa-vs-brighton-hove-albion,9720eb96-9da3-5717-9ed4-45874361e243,B. Verbruggen,2025-26:6,1,90.0,1,,12.0,52.5,fpl_core_insights_detailed,2026-02-11T22:30:00+00:00,GW26,579fdcbf-5156-533a-8f5f-a9226e3d60d1,6,26,9720eb96-9da3-5717-9ed4-45874361e243,GK,True
fplcore:25-26-prem-aston-villa-vs-brighton-hove-albion,eb26516f-9061-5a83-a316-5cd4bef43df5,P. Groß,2025-26:6,1,90.0,1,CM,60.3,28.5,fpl_core_insights_detailed,2026-02-11T22:30:00+00:00,GW26,579fdcbf-5156-533a-8f5f-a9226e3d60d1,6,26,eb26516f-9061-5a83-a316-5cd4bef43df5,RCM,True
fplcore:25-26-prem-aston-villa-vs-brighton-hove-albion,2158389c-94df-554d-8089-885e17fa9cbe,C. Baleba,2025-26:6,1,21.0,1,RCM,44.5,27.5,fpl_core_insights_detailed,2026-02-11T22:30:00+00:00,GW26,579fdcbf-5156-533a-8f5f-a9226e3d60d1,6,26,2158389c-94df-554d-8089-885e17fa9cbe,CM,True
fplcore:25-26-prem-brentford-vs-arsenal,3cfeb2a8-cad5-5980-9946-aecc5eb2b011,C. Kelleher,2025-26:5,1,90.0,1,,16.5,50.6,fpl_core_insights_detailed,2026-02-12T23:00:00+00:00,GW26,8dde84af-e5b8-502a-977d-f16249e0c5a0,5,26,3cfeb2a8-cad5-5980-9946-aecc5eb2b011,GK,True
fplcore:25-26-prem-brentford-vs-arsenal,9ac55e79-9cb2-5ac5-ae8c-6a2ebd620277,D. Raya,2025-26:1,1,90.0,1,,12.1,49.3,fpl_core_insights_detailed,2026-02-12T23:00:00+00:00,GW26,8dde84af-e5b8-502a-977d-f16249e0c5a0,1,26,9ac55e79-9cb2-5ac5-ae8c-6a2ebd620277,GK,True
fplcore:25-26-prem-brentford-vs-arsenal,7844404e-dd2c-5f68-9390-675ab60be346,M. Zubimendi,2025-26:1,1,90.0,1,CAM,52.5,42.8,fpl_core_insights_detailed,2026-02-12T23:00:00+00:00,GW26,8dde84af-e5b8-502a-977d-f16249e0c5a0,1,26,7844404e-dd2c-5f68-9390-675ab60be346,RDM,True
fplcore:25-26-prem-brentford-vs-arsenal,79caa72c-19b1-5ed2-9eea-49bec88916b3,E. Eze,2025-26:1,1,45.0,1,RDM,50.5,41.5,fpl_core_insights_detailed,2026-02-12T23:00:00+00:00,GW26,8dde84af-e5b8-502a-977d-f16249e0c5a0,1,26,79caa72c-19b1-5ed2-9eea-49bec88916b3,CAM,True
fplcore:25-26-prem-chelsea-vs-leeds-united,412fc00b-6fb5-5606-bb30-04e075a83220,R. Sánchez,2025-26:7,1,90.0,1,,17.6,49.1,fpl_core_insights_detailed,2026-02-10T22:30:00+00:00,GW26,112601d1-209f-5611-b63b-01d0992c4ddd,7,26,412fc00b-6fb5-5606-bb30-04e075a83220,GK,True
fplcore:25-26-prem-chelsea-vs-leeds-united,d921acea-ffba-515b-a957-12586c43f133,K. Darlow,2025-26:11,1,90.0,1,,11.3,49.4,fpl_core_insights_detailed,2026-02-10T22:30:00+00:00,GW26,112601d1-209f-5611-b63b-01d0992c4ddd,11,26,d921acea-ffba-515b-a957-12586c43f133,GK,True
fplcore:25-26-prem-chelsea-vs-leeds-united,3c3955d4-e30d-55eb-924e-d252c6949a50,I. Gruev,2025-26:11,1,90.0,1,LW,48.2,62.0,fpl_core_insights_detailed,2026-02-10T22:30:00+00:00,GW26,112601d1-209f-5611-b63b-01d0992c4ddd,11,26,3c3955d4-e30d-55eb-924e-d252c6949a50,LCM,True
fplcore:25-26-prem-chelsea-vs-leeds-united,c550c5c9-6be9-5d60-a724-ed8b1d333548,B. Aaronson,2025-26:11,1,90.0,1,LCM,53.1,50.8,fpl_core_insights_detailed,2026-02-10T22:30:00+00:00,GW26,112601d1-209f-5611-b63b-01d0992c4ddd,11,26,c550c5c9-6be9-5d60-a724-ed8b1d333548,LW,True
fplcore:25-26-prem-crystal-palace-vs-burnley,4e7d3349-c869-51f6-a9f2-e86405e21be5,D. Henderson,2025-26:8,1,90.0,1,,13.0,51.2,fpl_core_insights_detailed,2026-02-11T22:40:00+00:00,GW26,ec96ab00-9497-5a3e-b3ca-317abf912d08,8,26,4e7d3349-c869-51f6-a9f2-e86405e21be5,GK,True
fplcore:25-26-prem-crystal-palace-vs-burnley,9a90c10b-4796-5eda-a505-8db9bc21605d,I. Sarr,2025-26:8,1,90.0,1,ST,66.7,31.6,fpl_core_insights_detailed,2026-02-11T22:40:00+00:00,GW26,ec96ab00-9497-5a3e-b3ca-317abf912d08,8,26,9a90c10b-4796-5eda-a505-8db9bc21605d,RAM,True
fplcore:25-26-prem-crystal-palace-vs-burnley,b6fb865b-2ea3-5f14-9db7-b2b1c2d82003,J. S. Larsen,2025-26:8,1,90.0,1,RAM,62.6,49.7,fpl_core_insights_detailed,2026-02-11T22:40:00+00:00,GW26,ec96ab00-9497-5a3e-b3ca-317abf912d08,8,26,b6fb865b-2ea3-5f14-9db7-b2b1c2d82003,ST,True
fplcore:25-26-prem-crystal-palace-vs-burnley,148b32f1-d60d-5cdd-9ffe-a5938fcb8671,M. Dúbravka,2025-26:3,1,90.0,1,,9.3,45.7,fpl_core_insights_detailed,2026-02-11T22:40:00+00:00,GW26,ec96ab00-9497-5a3e-b3ca-317abf912d08,3,26,148b32f1-d60d-5cdd-9ffe-a5938fcb8671,GK,True
fplcore:25-26-prem-crystal-palace-vs-burnley,f5da0015-9c1c-5ba2-a447-9fc51ceed482,J. Laurent,2025-26:3,1,90.0,1,RCM,46.7,19.6,fpl_core_insights_detailed,2026-02-11T22:40:00+00:00,GW26,ec96ab00-9497-5a3e-b3ca-317abf912d08,3,26,f5da0015-9c1c-5ba2-a447-9fc51ceed482,RCB,True
fplcore:25-26-prem-crystal-palace-vs-burnley,8538fec0-f5e3-5124-9d3e-6b46fded6164,J. Worrall,2025-26:3,1,90.0,1,RCB,31.2,45.1,fpl_core_insights_detailed,2026-02-11T22:40:00+00:00,GW26,ec96ab00-9497-5a3e-b3ca-317abf912d08,3,26,8538fec0-f5e3-5124-9d3e-6b46fded6164,CB,True
fplcore:25-26-prem-crystal-palace-vs-burnley,208bc81b-07bb-5202-9b86-f6535ba1a7a7,M. Estève,2025-26:3,1,90.0,1,CB,34.3,70.1,fpl_core_insights_detailed,2026-02-11T22:40:00+00:00,GW26,ec96ab00-9497-5a3e-b3ca-317abf912d08,3,26,208bc81b-07bb-5202-9b86-f6535ba1a7a7,LCB,True
fplcore:25-26-prem-crystal-palace-vs-burnley,032150f9-1246-5989-8ac4-532f1e3bce74,L. Ugochukwu,2025-26:3,1,86.0,1,LCM,43.4,42.7,fpl_core_insights_detailed,2026-02-11T22:40:00+00:00,GW26,ec96ab00-9497-5a3e-b3ca-317abf912d08,3,26,032150f9-1246-5989-8ac4-532f1e3bce74,RCM,True
fplcore:25-26-prem-crystal-palace-vs-burnley,9d1de056-bbbd-54d4-a192-06c57ccb0fd6,H. Mejbri,2025-26:3,1,82.0,1,LWB,46.6,57.2,fpl_core_insights_detailed,2026-02-11T22:40:00+00:00,GW26,ec96ab00-9497-5a3e-b3ca-317abf912d08,3,26,9d1de056-bbbd-54d4-a192-06c57ccb0fd6,LCM,True
fplcore:25-26-prem-crystal-palace-vs-burnley,956e0ed0-2170-56bf-913d-61d007270278,B. Humphreys,2025-26:3,1,90.0,1,LCB,38.0,78.4,fpl_core_insights_detailed,2026-02-11T22:40:00+00:00,GW26,ec96ab00-9497-5a3e-b3ca-317abf912d08,3,26,956e0ed0-2170-56bf-913d-61d007270278,LWB,True
fplcore:25-26-prem-crystal-palace-vs-burnley,f01a999e-cac7-5aa8-a867-4257d2382021,J. Anthony,2025-26:3,1,90.0,1,ST,60.0,74.3,fpl_core_insights_detailed,2026-02-11T22:40:00+00:00,GW26,ec96ab00-9497-5a3e-b3ca-317abf912d08,3,26,f01a999e-cac7-5aa8-a867-4257d2382021,LAM,True
fplcore:25-26-prem-crystal-palace-vs-burnley,d32e1d40-cd0b-5139-ba7c-c76463a583d8,Z. Flemming,2025-26:3,1,72.0,1,LAM,48.7,42.4,fpl_core_insights_detailed,2026-02-11T22:40:00+00:00,GW26,ec96ab00-9497-5a3e-b3ca-317abf912d08,3,26,d32e1d40-cd0b-5139-ba7c-c76463a583d8,ST,True
fplcore:25-26-prem-everton-vs-afc-bournemouth,57881605-ab70-5c0d-865f-433201de3f6f,J. Pickford,2025-26:9,1,90.0,1,,18.1,53.5,fpl_core_insights_detailed,2026-02-10T22:30:00+00:00,GW26,798085e6-30c4-5023-9459-9ecd515df77f,9,26,57881605-ab70-5c0d-865f-433201de3f6f,GK,True
fplcore:25-26-prem-everton-vs-afc-bournemouth,aec63649-ffe1-5e88-829b-d1e462e7e679,Đ. Petrović,2025-26:4,1,90.0,1,,9.4,45.1,fpl_core_insights_detailed,2026-02-10T22:30:00+00:00,GW26,798085e6-30c4-5023-9459-9ecd515df77f,4,26,aec63649-ffe1-5e88-829b-d1e462e7e679,GK,True
fplcore:25-26-prem-manchester-city-vs-fulham,67859d1e-575f-5ae4-aa8d-8f36bd11696e,G. Donnarumma,2025-26:13,1,90.0,1,,7.9,49.3,fpl_core_insights_detailed,2026-02-11T22:30:00+00:00,GW26,081f5491-2f1e-5422-bb74-cd9ec55d87c9,13,26,67859d1e-575f-5ae4-aa8d-8f36bd11696e,GK,True
fplcore:25-26-prem-manchester-city-vs-fulham,f717009d-d433-5fa0-9cf5-1e081478a8f1,P. Foden,2025-26:13,1,70.0,1,CAM,62.8,36.5,fpl_core_insights_detailed,2026-02-11T22:30:00+00:00,GW26,081f5491-2f1e-5422-bb74-cd9ec55d87c9,13,26,f717009d-d433-5fa0-9cf5-1e081478a8f1,RAM,True
fplcore:25-26-prem-manchester-city-vs-fulham,70198e6a-5cf9-5344-a2c0-f1b71dfeeb5f,B. Silva,2025-26:13,1,59.0,1,RAM,55.9,36.4,fpl_core_insights_detailed,2026-02-11T22:30:00+00:00,GW26,081f5491-2f1e-5422-bb74-cd9ec55d87c9,13,26,70198e6a-5cf9-5344-a2c0-f1b71dfeeb5f,CAM,True
fplcore:25-26-prem-manchester-city-vs-fulham,83056bd2-b742-5b28-b32d-8ba4a3902c61,B. Leno,2025-26:10,1,90.0,1,,8.6,50.3,fpl_core_insights_detailed,2026-02-11T22:30:00+00:00,GW26,081f5491-2f1e-5422-bb74-cd9ec55d87c9,10,26,83056bd2-b742-5b28-b32d-8ba4a3902c61,GK,True
fplcore:25-26-prem-nottingham-forest-vs-wolverhampton-wanderers,a493cdaf-9cab-5479-8687-9533f241460c,S. Ortega,2025-26:16,1,90.0,1,,10.6,49.8,fpl_core_insights_detailed,2026-02-11T22:30:00+00:00,GW26,a0ae96c4-499d-5d2a-9cc8-6d59f1b73917,16,26,a493cdaf-9cab-5479-8687-9533f241460c,GK,True
fplcore:25-26-prem-nottingham-forest-vs-wolverhampton-wanderers,698f23fd-0fa1-5358-8bd3-2b8aef91e946,J. Sá,2025-26:20,1,90.0,1,,8.8,51.3,fpl_core_insights_detailed,2026-02-11T22:30:00+00:00,GW26,a0ae96c4-499d-5d2a-9cc8-6d59f1b73917,20,26,698f23fd-0fa1-5358-8bd3-2b8aef91e946,GK,True
fplcore:25-26-prem-nottingham-forest-vs-wolverhampton-wanderers,9ac5d5a9-74b6-578c-8e14-559019eb509d,M. Mané,2025-26:20,1,90.0,1,ST,52.3,39.6,fpl_core_insights_detailed,2026-02-11T22:30:00+00:00,GW26,a0ae96c4-499d-5d2a-9cc8-6d59f1b73917,20,26,9ac5d5a9-74b6-578c-8e14-559019eb509d,CAM,True
fplcore:25-26-prem-nottingham-forest-vs-wolverhampton-wanderers,ef5625b9-1910-5982-85f1-1966467ad375,A. Armstrong,2025-26:20,1,90.0,1,CAM,51.6,63.9,fpl_core_insights_detailed,2026-02-11T22:30:00+00:00,GW26,a0ae96c4-499d-5d2a-9cc8-6d59f1b73917,20,26,ef5625b9-1910-5982-85f1-1966467ad375,ST,True
fplcore:25-26-prem-sunderland-vs-liverpool,17b0293a-a54d-554b-bdba-368217c87ad9,R. Roefs,2025-26:17,1,90.0,1,,13.8,51.1,fpl_core_insights_detailed,2026-02-11T23:15:00+00:00,GW26,df7ba6cc-31bb-5cbf-8a2f-b79c5249f90f,17,26,17b0293a-a54d-554b-bdba-368217c87ad9,GK,True
fplcore:25-26-prem-sunderland-vs-liverpool,bb7d5990-008e-5f6d-871a-83ec4490dd2d,Alisson,2025-26:12,1,90.0,1,,12.2,48.3,fpl_core_insights_detailed,2026-02-11T23:15:00+00:00,GW26,df7ba6cc-31bb-5cbf-8a2f-b79c5249f90f,12,26,bb7d5990-008e-5f6d-871a-83ec4490dd2d,GK,True
fplcore:25-26-prem-tottenham-hotspur-vs-newcastle-united,3c77aa9b-7767-5636-9780-0d94d829b326,G. Vicario,2025-26:18,1,90.0,1,,10.4,52.8,fpl_core_insights_detailed,2026-02-10T22:30:00+00:00,GW26,c843cd2e-5dfa-5148-ae4c-944a685f95dc,18,26,3c77aa9b-7767-5636-9780-0d94d829b326,GK,True
fplcore:25-26-prem-tottenham-hotspur-vs-newcastle-united,d64982ba-72ef-52d6-b8fe-3706499963ab,C. Gallagher,2025-26:18,1,69.0,1,CM,55.5,39.5,fpl_core_insights_detailed,2026-02-10T22:30:00+00:00,GW26,c843cd2e-5dfa-5148-ae4c-944a685f95dc,18,26,d64982ba-72ef-52d6-b8fe-3706499963ab,RCM,True
fplcore:25-26-prem-tottenham-hotspur-vs-newcastle-united,44d564d8-1d6f-5d92-906d-972644650a55,Y. Bissouma,2025-26:18,1,45.0,1,RCM,42.0,38.5,fpl_core_insights_detailed,2026-02-10T22:30:00+00:00,GW26,c843cd2e-5dfa-5148-ae4c-944a685f95dc,18,26,44d564d8-1d6f-5d92-906d-972644650a55,CM,True
fplcore:25-26-prem-tottenham-hotspur-vs-newcastle-united,00be15e9-135e-5a79-956f-cd70f121b4b0,N. Pope,2025-26:15,1,90.0,1,,11.4,49.1,fpl_core_insights_detailed,2026-02-10T22:30:00+00:00,GW26,c843cd2e-5dfa-5148-ae4c-944a685f95dc,15,26,00be15e9-135e-5a79-956f-cd70f121b4b0,GK,True
fplcore:25-26-prem-west-ham-united-vs-manchester-united,82a85fe5-3695-5749-b382-fb39650267e9,M. Hermansen,2025-26:19,1,90.0,1,,11.3,48.3,fpl_core_insights_detailed,2026-02-10T23:15:00+00:00,GW26,e793b103-c5db-5d62-9227-c3f3b84c30aa,19,26,82a85fe5-3695-5749-b382-fb39650267e9,GK,True
fplcore:25-26-prem-west-ham-united-vs-manchester-united,63a30902-aa79-59d2-bbc6-903ff41e54dc,S. Lammens,2025-26:14,1,90.0,1,,13.8,50.0,fpl_core_insights_detailed,2026-02-10T23:15:00+00:00,GW26,e793b103-c5db-5d62-9227-c3f3b84c30aa,14,26,63a30902-aa79-59d2-bbc6-903ff41e54dc,GK,True
fplcore:25-26-prem-west-ham-united-vs-manchester-united,06edf8b9-4201-50b7-b9f9-2e6a7842f113,K. Mainoo,2025-26:14,1,90.0,1,LDM,56.0,57.0,fpl_core_insights_detailed,2026-02-10T23:15:00+00:00,GW26,e793b103-c5db-5d62-9227-c3f3b84c30aa,14,26,06edf8b9-4201-50b7-b9f9-2e6a7842f113,RDM,True
fplcore:25-26-prem-west-ham-united-vs-manchester-united,e037fafa-e08a-50a4-8014-a43e6c2d13a4,Casemiro,2025-26:14,1,90.0,1,RDM,50.9,53.5,fpl_core_insights_detailed,2026-02-10T23:15:00+00:00,GW26,e793b103-c5db-5d62-9227-c3f3b84c30aa,14,26,e037fafa-e08a-50a4-8014-a43e6c2d13a4,LDM,True
fplcore:25-26-prem-wolverhampton-wanderers-vs-arsenal,698f23fd-0fa1-5358-8bd3-2b8aef91e946,J. Sá,2025-26:20,1,90.0,1,,10.3,50.4,fpl_core_insights_detailed,2026-02-18T23:00:00+00:00,GW26,6a84969a-7d59-589c-94a0-d71eb1a266ff,20,26,698f23fd-0fa1-5358-8bd3-2b8aef91e946,GK,True
fplcore:25-26-prem-wolverhampton-wanderers-vs-arsenal,a8aed2e6-b0b5-5558-b149-fc0c412d9844,S. Bueno,2025-26:20,1,90.0,1,RCM,41.7,51.5,fpl_core_insights_detailed,2026-02-18T23:00:00+00:00,GW26,6a84969a-7d59-589c-94a0-d71eb1a266ff,20,26,a8aed2e6-b0b5-5558-b149-fc0c412d9844,CB,True
fplcore:25-26-prem-wolverhampton-wanderers-vs-arsenal,a2bfdc0c-78a1-5fff-b07a-3cbbbabdeba5,J. Tchatchoua,2025-26:20,1,69.0,1,ST,54.9,20.1,fpl_core_insights_detailed,2026-02-18T23:00:00+00:00,GW26,6a84969a-7d59-589c-94a0-d71eb1a266ff,20,26,a2bfdc0c-78a1-5fff-b07a-3cbbbabdeba5,RWB,True
fplcore:25-26-prem-wolverhampton-wanderers-vs-arsenal,15d02b2c-303d-5403-b3ee-c1bb398578ae,A. Gomes,2025-26:20,1,21.0,1,CB,28.7,56.4,fpl_core_insights_detailed,2026-02-18T23:00:00+00:00,GW26,6a84969a-7d59-589c-94a0-d71eb1a266ff,20,26,15d02b2c-303d-5403-b3ee-c1bb398578ae,RCM,True
fplcore:25-26-prem-wolverhampton-wanderers-vs-arsenal,00cc549f-a9f0-54b0-8cbc-ef47c7f8251b,André,2025-26:20,1,90.0,1,RWB,41.8,49.7,fpl_core_insights_detailed,2026-02-18T23:00:00+00:00,GW26,6a84969a-7d59-589c-94a0-d71eb1a266ff,20,26,00cc549f-a9f0-54b0-8cbc-ef47c7f8251b,LCM,True
fplcore:25-26-prem-wolverhampton-wanderers-vs-arsenal,ebd46261-67a5-56cc-9b55-02bde7f16bba,J.-R. Bellegarde,2025-26:20,1,83.0,1,LCM,49.7,55.5,fpl_core_insights_detailed,2026-02-18T23:00:00+00:00,GW26,6a84969a-7d59-589c-94a0-d71eb1a266ff,20,26,ebd46261-67a5-56cc-9b55-02bde7f16bba,RAM,True
fplcore:25-26-prem-wolverhampton-wanderers-vs-arsenal,ef5625b9-1910-5982-85f1-1966467ad375,A. Armstrong,2025-26:20,1,90.0,1,RAM,54.3,35.7,fpl_core_insights_detailed,2026-02-18T23:00:00+00:00,GW26,6a84969a-7d59-589c-94a0-d71eb1a266ff,20,26,ef5625b9-1910-5982-85f1-1966467ad375,ST,True
fplcore:25-26-prem-wolverhampton-wanderers-vs-arsenal,9ac55e79-9cb2-5ac5-ae8c-6a2ebd620277,D. Raya,2025-26:1,1,90.0,1,,11.4,47.1,fpl_core_insights_detailed,2026-02-18T23:00:00+00:00,GW26,6a84969a-7d59-589c-94a0-d71eb1a266ff,1,26,9ac55e79-9cb2-5ac5-ae8c-6a2ebd620277,GK,True
fplcore:25-26-prem-aston-villa-vs-leeds-united,db76d454-818a-5043-8d04-22e24f696027,E. Martínez,2025-26:2,1,90.0,1,,10.7,47.7,fpl_core_insights_detailed,2026-02-21T18:00:00+00:00,GW27,3670426a-a771-510e-9762-2f3db0f13f12,2,27,db76d454-818a-5043-8d04-22e24f696027,GK,True
fplcore:25-26-prem-aston-villa-vs-leeds-united,d921acea-ffba-515b-a957-12586c43f133,K. Darlow,2025-26:11,1,90.0,1,,9.7,48.7,fpl_core_insights_detailed,2026-02-21T18:00:00+00:00,GW27,3670426a-a771-510e-9762-2f3db0f13f12,11,27,d921acea-ffba-515b-a957-12586c43f133,GK,True
fplcore:25-26-prem-aston-villa-vs-leeds-united,e5ce8638-ef71-56e5-ae05-c0e425118aa3,J. Justin,2025-26:11,1,90.0,1,CB,39.0,53.4,fpl_core_insights_detailed,2026-02-21T18:00:00+00:00,GW27,3670426a-a771-510e-9762-2f3db0f13f12,11,27,e5ce8638-ef71-56e5-ae05-c0e425118aa3,RCB,True
fplcore:25-26-prem-aston-villa-vs-leeds-united,80984ab9-f368-5f6c-be67-3ca8dc321a4e,J. Rodon,2025-26:11,1,90.0,1,RCB,30.8,42.5,fpl_core_insights_detailed,2026-02-21T18:00:00+00:00,GW27,3670426a-a771-510e-9762-2f3db0f13f12,11,27,80984ab9-f368-5f6c-be67-3ca8dc321a4e,CB,True
fplcore:25-26-prem-brentford-vs-brighton-hove-albion,3cfeb2a8-cad5-5980-9946-aecc5eb2b011,C. Kelleher,2025-26:5,1,90.0,1,,12.7,52.0,fpl_core_insights_detailed,2026-02-21T18:00:00+00:00,GW27,7d478ee4-036e-5700-9dcd-a71ec1f2326a,5,27,3cfeb2a8-cad5-5980-9946-aecc5eb2b011,GK,True
fplcore:25-26-prem-brentford-vs-brighton-hove-albion,e5d36ad0-dba5-56c7-a5d2-b091b2fa1b0d,M. Jensen,2025-26:5,1,90.0,1,LAM,58.6,54.9,fpl_core_insights_detailed,2026-02-21T18:00:00+00:00,GW27,7d478ee4-036e-5700-9dcd-a71ec1f2326a,5,27,e5d36ad0-dba5-56c7-a5d2-b091b2fa1b0d,CAM,True
fplcore:25-26-prem-brentford-vs-brighton-hove-albion,9c63b373-5b16-5d1a-8ee1-2b35708a7892,D. Ouattara,2025-26:5,1,90.0,1,CAM,60.1,41.5,fpl_core_insights_detailed,2026-02-21T18:00:00+00:00,GW27,7d478ee4-036e-5700-9dcd-a71ec1f2326a,5,27,9c63b373-5b16-5d1a-8ee1-2b35708a7892,LAM,True
fplcore:25-26-prem-brentford-vs-brighton-hove-albion,9720eb96-9da3-5717-9ed4-45874361e243,B. Verbruggen,2025-26:6,1,90.0,1,,11.6,47.9,fpl_core_insights_detailed,2026-02-21T18:00:00+00:00,GW27,7d478ee4-036e-5700-9dcd-a71ec1f2326a,6,27,9720eb96-9da3-5717-9ed4-45874361e243,GK,True
fplcore:25-26-prem-chelsea-vs-burnley,412fc00b-6fb5-5606-bb30-04e075a83220,R. Sánchez,2025-26:7,1,90.0,1,,11.3,50.2,fpl_core_insights_detailed,2026-02-21T18:00:00+00:00,GW27,8a8173fc-ec21-5f23-879c-3fb3c88918a2,7,27,412fc00b-6fb5-5606-bb30-04e075a83220,GK,True
fplcore:25-26-prem-chelsea-vs-burnley,481b07c4-b805-52cf-a0ee-593af134790d,C. Palmer,2025-26:7,1,74.0,1,CAM,69.2,55.4,fpl_core_insights_detailed,2026-02-21T18:00:00+00:00,GW27,8a8173fc-ec21-5f23-879c-3fb3c88918a2,7,27,481b07c4-b805-52cf-a0ee-593af134790d,RAM,True
fplcore:25-26-prem-chelsea-vs-burnley,5b51fc3a-1f45-56e1-9ecc-0bda87474227,E. Fernández,2025-26:7,1,90.0,1,RAM,59.0,47.2,fpl_core_insights_detailed,2026-02-21T18:00:00+00:00,GW27,8a8173fc-ec21-5f23-879c-3fb3c88918a2,7,27,5b51fc3a-1f45-56e1-9ecc-0bda87474227,CAM,True
fplcore:25-26-prem-chelsea-vs-burnley,148b32f1-d60d-5cdd-9ffe-a5938fcb8671,M. Dúbravka,2025-26:3,1,90.0,1,,11.3,47.4,fpl_core_insights_detailed,2026-02-21T18:00:00+00:00,GW27,8a8173fc-ec21-5f23-879c-3fb3c88918a2,3,27,148b32f1-d60d-5cdd-9ffe-a5938fcb8671,GK,True
fplcore:25-26-prem-chelsea-vs-burnley,f5da0015-9c1c-5ba2-a447-9fc51ceed482,J. Laurent,2025-26:3,1,77.0,1,RAM,54.6,12.0,fpl_core_insights_detailed,2026-02-21T18:00:00+00:00,GW27,8a8173fc-ec21-5f23-879c-3fb3c88918a2,3,27,f5da0015-9c1c-5ba2-a447-9fc51ceed482,RWB,True
fplcore:25-26-prem-chelsea-vs-burnley,032150f9-1246-5989-8ac4-532f1e3bce74,L. Ugochukwu,2025-26:3,1,56.0,1,RWB,47.9,36.0,fpl_core_insights_detailed,2026-02-21T18:00:00+00:00,GW27,8a8173fc-ec21-5f23-879c-3fb3c88918a2,3,27,032150f9-1246-5989-8ac4-532f1e3bce74,RCM,True
fplcore:25-26-prem-chelsea-vs-burnley,9d1de056-bbbd-54d4-a192-06c57ccb0fd6,H. Mejbri,2025-26:3,1,90.0,1,LWB,41.6,62.8,fpl_core_insights_detailed,2026-02-21T18:00:00+00:00,GW27,8a8173fc-ec21-5f23-879c-3fb3c88918a2,3,27,9d1de056-bbbd-54d4-a192-06c57ccb0fd6,LCM,True
fplcore:25-26-prem-chelsea-vs-burnley,956e0ed0-2170-56bf-913d-61d007270278,B. Humphreys,2025-26:3,1,82.0,1,LCM,36.6,47.0,fpl_core_insights_detailed,2026-02-21T18:00:00+00:00,GW27,8a8173fc-ec21-5f23-879c-3fb3c88918a2,3,27,956e0ed0-2170-56bf-913d-61d007270278,LWB,True
fplcore:25-26-prem-chelsea-vs-burnley,145d420f-bb1d-5646-81b9-1baf31260fb4,M. Edwards,2025-26:3,1,90.0,1,ST,63.2,31.9,fpl_core_insights_detailed,2026-02-21T18:00:00+00:00,GW27,8a8173fc-ec21-5f23-879c-3fb3c88918a2,3,27,145d420f-bb1d-5646-81b9-1baf31260fb4,RAM,True
fplcore:25-26-prem-chelsea-vs-burnley,d32e1d40-cd0b-5139-ba7c-c76463a583d8,Z. Flemming,2025-26:3,1,90.0,1,RCM,53.9,43.0,fpl_core_insights_detailed,2026-02-21T18:00:00+00:00,GW27,8a8173fc-ec21-5f23-879c-3fb3c88918a2,3,27,d32e1d40-cd0b-5139-ba7c-c76463a583d8,ST,True
fplcore:25-26-prem-crystal-palace-vs-wolverhampton-wanderers,4e7d3349-c869-51f6-a9f2-e86405e21be5,D. Henderson,2025-26:8,1,90.0,1,,10.8,47.9,fpl_core_insights_detailed,2026-02-22T17:00:00+00:00,GW27,94ee8d5f-04da-5a31-92b9-3e1fbea7f464,8,27,4e7d3349-c869-51f6-a9f2-e86405e21be5,GK,True
fplcore:25-26-prem-crystal-palace-vs-wolverhampton-wanderers,0f20e713-a3d1-5036-b0b2-e9f32d1bc66f,J. Canvot,2025-26:8,1,90.0,1,RWB,49.5,34.4,fpl_core_insights_detailed,2026-02-22T17:00:00+00:00,GW27,94ee8d5f-04da-5a31-92b9-3e1fbea7f464,8,27,0f20e713-a3d1-5036-b0b2-e9f32d1bc66f,RCB,True
fplcore:25-26-prem-crystal-palace-vs-wolverhampton-wanderers,12886371-5fae-5789-af23-d20764ecfe3e,D. Muñoz,2025-26:8,1,90.0,1,RCB,49.5,18.0,fpl_core_insights_detailed,2026-02-22T17:00:00+00:00,GW27,94ee8d5f-04da-5a31-92b9-3e1fbea7f464,8,27,12886371-5fae-5789-af23-d20764ecfe3e,RWB,True
fplcore:25-26-prem-crystal-palace-vs-wolverhampton-wanderers,1e4afd94-5426-54f5-893e-eea93b538667,Y. Pino,2025-26:8,1,76.0,1,ST,58.8,65.5,fpl_core_insights_detailed,2026-02-22T17:00:00+00:00,GW27,94ee8d5f-04da-5a31-92b9-3e1fbea7f464,8,27,1e4afd94-5426-54f5-893e-eea93b538667,LAM,True
fplcore:25-26-prem-crystal-palace-vs-wolverhampton-wanderers,b6fb865b-2ea3-5f14-9db7-b2b1c2d82003,J. S. Larsen,2025-26:8,1,90.0,1,LAM,58.2,45.3,fpl_core_insights_detailed,2026-02-22T17:00:00+00:00,GW27,94ee8d5f-04da-5a31-92b9-3e1fbea7f464,8,27,b6fb865b-2ea3-5f14-9db7-b2b1c2d82003,ST,True
fplcore:25-26-prem-crystal-palace-vs-wolverhampton-wanderers,698f23fd-0fa1-5358-8bd3-2b8aef91e946,J. Sá,2025-26:20,1,90.0,1,,11.9,50.0,fpl_core_insights_detailed,2026-02-22T17:00:00+00:00,GW27,94ee8d5f-04da-5a31-92b9-3e1fbea7f464,20,27,698f23fd-0fa1-5358-8bd3-2b8aef91e946,GK,True
fplcore:25-26-prem-everton-vs-manchester-united,57881605-ab70-5c0d-865f-433201de3f6f,J. Pickford,2025-26:9,1,90.0,1,,17.0,51.2,fpl_core_insights_detailed,2026-02-23T23:00:00+00:00,GW27,94338b30-8c36-517f-8821-7e38666f86c7,9,27,57881605-ab70-5c0d-865f-433201de3f6f,GK,True
fplcore:25-26-prem-everton-vs-manchester-united,d0fb5815-b17b-56d0-869e-d0e8910ab751,I. Gueye,2025-26:9,1,90.0,1,RAM,58.8,51.7,fpl_core_insights_detailed,2026-02-23T23:00:00+00:00,GW27,94338b30-8c36-517f-8821-7e38666f86c7,9,27,d0fb5815-b17b-56d0-869e-d0e8910ab751,RDM,True
fplcore:25-26-prem-everton-vs-manchester-united,dea12abc-e8dd-5839-b626-0cb7e72e9a26,I. Ndiaye,2025-26:9,1,90.0,1,RDM,56.8,26.9,fpl_core_insights_detailed,2026-02-23T23:00:00+00:00,GW27,94338b30-8c36-517f-8821-7e38666f86c7,9,27,dea12abc-e8dd-5839-b626-0cb7e72e9a26,RAM,True
fplcore:25-26-prem-everton-vs-manchester-united,63a30902-aa79-59d2-bbc6-903ff41e54dc,S. Lammens,2025-26:14,1,90.0,1,,8.2,49.0,fpl_core_insights_detailed,2026-02-23T23:00:00+00:00,GW27,94338b30-8c36-517f-8821-7e38666f86c7,14,27,63a30902-aa79-59d2-bbc6-903ff41e54dc,GK,True
fplcore:25-26-prem-everton-vs-manchester-united,06edf8b9-4201-50b7-b9f9-2e6a7842f113,K. Mainoo,2025-26:14,1,90.0,1,LAM,51.6,51.4,fpl_core_insights_detailed,2026-02-23T23:00:00+00:00,GW27,94338b30-8c36-517f-8821-7e38666f86c7,14,27,06edf8b9-4201-50b7-b9f9-2e6a7842f113,LDM,True
fplcore:25-26-prem-everton-vs-manchester-united,1b9763d0-3c26-574c-9903-2c98b8431990,M. Cunha,2025-26:14,1,90.0,1,LDM,49.8,73.5,fpl_core_insights_detailed,2026-02-23T23:00:00+00:00,GW27,94338b30-8c36-517f-8821-7e38666f86c7,14,27,1b9763d0-3c26-574c-9903-2c98b8431990,LAM,True
fplcore:25-26-prem-manchester-city-vs-newcastle-united,67859d1e-575f-5ae4-aa8d-8f36bd11696e,G. Donnarumma,2025-26:13,1,90.0,1,,9.3,48.3,fpl_core_insights_detailed,2026-02-21T23:00:00+00:00,GW27,0e68800a-19f1-5423-a940-7747c367f85b,13,27,67859d1e-575f-5ae4-aa8d-8f36bd11696e,GK,True
fplcore:25-26-prem-manchester-city-vs-newcastle-united,00be15e9-135e-5a79-956f-cd70f121b4b0,N. Pope,2025-26:15,1,90.0,1,,15.7,53.8,fpl_core_insights_detailed,2026-02-21T23:00:00+00:00,GW27,0e68800a-19f1-5423-a940-7747c367f85b,15,27,00be15e9-135e-5a79-956f-cd70f121b4b0,GK,True
fplcore:25-26-prem-manchester-city-vs-newcastle-united,8385a2b5-f514-5b12-aa58-82c05b0c3586,J. Ramsey,2025-26:15,1,90.0,1,LCM,52.8,55.5,fpl_core_insights_detailed,2026-02-21T23:00:00+00:00,GW27,0e68800a-19f1-5423-a940-7747c367f85b,15,27,8385a2b5-f514-5b12-aa58-82c05b0c3586,RCM,True
fplcore:25-26-prem-manchester-city-vs-newcastle-united,c7d912b7-acf9-59e7-a5a7-c7e64aed18da,S. Tonali,2025-26:15,1,90.0,1,RCM,51.0,50.8,fpl_core_insights_detailed,2026-02-21T23:00:00+00:00,GW27,0e68800a-19f1-5423-a940-7747c367f85b,15,27,c7d912b7-acf9-59e7-a5a7-c7e64aed18da,CM,True
fplcore:25-26-prem-manchester-city-vs-newcastle-united,a5e7c659-813a-5a36-8fb6-3f0f74e37c40,N. Woltemade,2025-26:15,1,59.0,1,CM,51.8,52.2,fpl_core_insights_detailed,2026-02-21T23:00:00+00:00,GW27,0e68800a-19f1-5423-a940-7747c367f85b,15,27,a5e7c659-813a-5a36-8fb6-3f0f74e37c40,LCM,True
fplcore:25-26-prem-manchester-city-vs-newcastle-united,49545ac1-d9f9-5a0a-b1f5-5bbeeb1bb7f6,A. Gordon,2025-26:15,1,77.0,1,LW,62.9,58.9,fpl_core_insights_detailed,2026-02-21T23:00:00+00:00,GW27,0e68800a-19f1-5423-a940-7747c367f85b,15,27,49545ac1-d9f9-5a0a-b1f5-5bbeeb1bb7f6,ST,True
fplcore:25-26-prem-manchester-city-vs-newcastle-united,fa7d8081-617d-5e86-a227-d01a088e1f55,J. Willock,2025-26:15,1,59.0,1,ST,50.7,53.1,fpl_core_insights_detailed,2026-02-21T23:00:00+00:00,GW27,0e68800a-19f1-5423-a940-7747c367f85b,15,27,fa7d8081-617d-5e86-a227-d01a088e1f55,LW,True
fplcore:25-26-prem-nottingham-forest-vs-liverpool,a493cdaf-9cab-5479-8687-9533f241460c,S. Ortega,2025-26:16,1,90.0,1,,13.3,45.2,fpl_core_insights_detailed,2026-02-22T17:00:00+00:00,GW27,3a30f4e1-3142-58d9-9e6c-52cb2fb9f8b8,16,27,a493cdaf-9cab-5479-8687-9533f241460c,GK,True
fplcore:25-26-prem-nottingham-forest-vs-liverpool,bb7d5990-008e-5f6d-871a-83ec4490dd2d,Alisson,2025-26:12,1,90.0,1,,10.9,48.3,fpl_core_insights_detailed,2026-02-22T17:00:00+00:00,GW27,3a30f4e1-3142-58d9-9e6c-52cb2fb9f8b8,12,27,bb7d5990-008e-5f6d-871a-83ec4490dd2d,GK,True
fplcore:25-26-prem-nottingham-forest-vs-liverpool,b8cff13d-168c-5c65-ad52-99b0426b08f2,D. Szoboszlai,2025-26:12,1,90.0,1,RCB,51.0,33.8,fpl_core_insights_detailed,2026-02-22T17:00:00+00:00,GW27,3a30f4e1-3142-58d9-9e6c-52cb2fb9f8b8,12,27,b8cff13d-168c-5c65-ad52-99b0426b08f2,RB,True
fplcore:25-26-prem-nottingham-forest-vs-liverpool,66e53a63-86c7-5b13-92b7-7f9d7f77e440,I. Konaté,2025-26:12,1,90.0,1,RB,35.0,33.8,fpl_core_insights_detailed,2026-02-22T17:00:00+00:00,GW27,3a30f4e1-3142-58d9-9e6c-52cb2fb9f8b8,12,27,66e53a63-86c7-5b13-92b7-7f9d7f77e440,RCB,True
fplcore:25-26-prem-nottingham-forest-vs-liverpool,b02dbbb7-35b6-53d3-be68-f7c1b2c4e70f,R. Gravenberch,2025-26:12,1,90.0,1,LDM,48.3,46.6,fpl_core_insights_detailed,2026-02-22T17:00:00+00:00,GW27,3a30f4e1-3142-58d9-9e6c-52cb2fb9f8b8,12,27,b02dbbb7-35b6-53d3-be68-f7c1b2c4e70f,RDM,True
fplcore:25-26-prem-nottingham-forest-vs-liverpool,d982f8cc-b7f6-5eef-880a-7588a8d9c761,A. Mac Allister,2025-26:12,1,90.0,1,CAM,52.0,48.4,fpl_core_insights_detailed,2026-02-22T17:00:00+00:00,GW27,3a30f4e1-3142-58d9-9e6c-52cb2fb9f8b8,12,27,d982f8cc-b7f6-5eef-880a-7588a8d9c761,LDM,True
fplcore:25-26-prem-nottingham-forest-vs-liverpool,69b2f335-365b-5201-b36b-babf799e628a,C. Jones,2025-26:12,1,82.0,1,RDM,49.1,28.5,fpl_core_insights_detailed,2026-02-22T17:00:00+00:00,GW27,3a30f4e1-3142-58d9-9e6c-52cb2fb9f8b8,12,27,69b2f335-365b-5201-b36b-babf799e628a,CAM,True
fplcore:25-26-prem-sunderland-vs-fulham,17b0293a-a54d-554b-bdba-368217c87ad9,R. Roefs,2025-26:17,1,90.0,1,,19.0,49.5,fpl_core_insights_detailed,2026-02-22T17:00:00+00:00,GW27,765085cb-7964-5516-8303-f380c3d19685,17,27,17b0293a-a54d-554b-bdba-368217c87ad9,GK,True
fplcore:25-26-prem-sunderland-vs-fulham,40b6a84e-8e7e-529b-8b4e-a2979b1bc8e4,E. Le Fée,2025-26:17,1,90.0,1,LW,52.4,38.8,fpl_core_insights_detailed,2026-02-22T17:00:00+00:00,GW27,765085cb-7964-5516-8303-f380c3d19685,17,27,40b6a84e-8e7e-529b-8b4e-a2979b1bc8e4,LCM,True
fplcore:25-26-prem-sunderland-vs-fulham,a213c4ca-4778-5981-91eb-7708f7294de0,N. Angulo,2025-26:17,1,69.0,1,LCM,68.8,37.1,fpl_core_insights_detailed,2026-02-22T17:00:00+00:00,GW27,765085cb-7964-5516-8303-f380c3d19685,17,27,a213c4ca-4778-5981-91eb-7708f7294de0,LW,True
fplcore:25-26-prem-sunderland-vs-fulham,83056bd2-b742-5b28-b32d-8ba4a3902c61,B. Leno,2025-26:10,1,90.0,1,,9.5,48.4,fpl_core_insights_detailed,2026-02-22T17:00:00+00:00,GW27,765085cb-7964-5516-8303-f380c3d19685,10,27,83056bd2-b742-5b28-b32d-8ba4a3902c61,GK,True
fplcore:25-26-prem-sunderland-vs-fulham,f0504a37-2a31-5f04-8704-2c307c2384cd,S. Berge,2025-26:10,1,90.0,1,LDM,42.6,42.7,fpl_core_insights_detailed,2026-02-22T17:00:00+00:00,GW27,765085cb-7964-5516-8303-f380c3d19685,10,27,f0504a37-2a31-5f04-8704-2c307c2384cd,RDM,True
fplcore:25-26-prem-sunderland-vs-fulham,bf6c1651-0779-512e-9c37-3b8ac8c14714,A. Iwobi,2025-26:10,1,87.0,1,CAM,55.9,56.8,fpl_core_insights_detailed,2026-02-22T17:00:00+00:00,GW27,765085cb-7964-5516-8303-f380c3d19685,10,27,bf6c1651-0779-512e-9c37-3b8ac8c14714,LDM,True
fplcore:25-26-prem-sunderland-vs-fulham,7f48ec5f-f934-516a-9c1f-84d42bd974ff,E. Smith Rowe,2025-26:10,1,87.0,1,RDM,47.5,37.6,fpl_core_insights_detailed,2026-02-22T17:00:00+00:00,GW27,765085cb-7964-5516-8303-f380c3d19685,10,27,7f48ec5f-f934-516a-9c1f-84d42bd974ff,CAM,True
fplcore:25-26-prem-tottenham-hotspur-vs-arsenal,3c77aa9b-7767-5636-9780-0d94d829b326,G. Vicario,2025-26:18,1,90.0,1,,13.5,50.5,fpl_core_insights_detailed,2026-02-22T19:30:00+00:00,GW27,c24850ac-b48a-5ac5-91e3-bc422c2e52a4,18,27,3c77aa9b-7767-5636-9780-0d94d829b326,GK,True
fplcore:25-26-prem-tottenham-hotspur-vs-arsenal,9ac55e79-9cb2-5ac5-ae8c-6a2ebd620277,D. Raya,2025-26:1,1,90.0,1,,12.9,50.6,fpl_core_insights_detailed,2026-02-22T19:30:00+00:00,GW27,c24850ac-b48a-5ac5-91e3-bc422c2e52a4,1,27,9ac55e79-9cb2-5ac5-ae8c-6a2ebd620277,GK,True
fplcore:25-26-prem-west-ham-united-vs-afc-bournemouth,82a85fe5-3695-5749-b382-fb39650267e9,M. Hermansen,2025-26:19,1,90.0,1,,10.1,46.8,fpl_core_insights_detailed,2026-02-21T20:30:00+00:00,GW27,d810d3c3-dec2-50fb-85ae-1b4d0b80559f,19,27,82a85fe5-3695-5749-b382-fb39650267e9,GK,True
fplcore:25-26-prem-west-ham-united-vs-afc-bournemouth,9fd390de-abdd-53c9-abf5-63b5a6ec3423,S. Magassa,2025-26:19,1,83.0,1,LCM,48.5,46.4,fpl_core_insights_detailed,2026-02-21T20:30:00+00:00,GW27,d810d3c3-dec2-50fb-85ae-1b4d0b80559f,19,27,9fd390de-abdd-53c9-abf5-63b5a6ec3423,RCM,True
fplcore:25-26-prem-west-ham-united-vs-afc-bournemouth,bafec5b4-70cd-5296-82ed-5f50f9b35506,T. Souček,2025-26:19,1,71.0,1,RCM,56.2,38.2,fpl_core_insights_detailed,2026-02-21T20:30:00+00:00,GW27,d810d3c3-dec2-50fb-85ae-1b4d0b80559f,19,27,bafec5b4-70cd-5296-82ed-5f50f9b35506,CM,True
fplcore:25-26-prem-west-ham-united-vs-afc-bournemouth,79420363-80f0-5eb5-bef5-e1e31f62877c,M. Fernandes,2025-26:19,1,90.0,1,CM,46.8,45.5,fpl_core_insights_detailed,2026-02-21T20:30:00+00:00,GW27,d810d3c3-dec2-50fb-85ae-1b4d0b80559f,19,27,79420363-80f0-5eb5-bef5-e1e31f62877c,LCM,True
fplcore:25-26-prem-west-ham-united-vs-afc-bournemouth,aec63649-ffe1-5e88-829b-d1e462e7e679,Đ. Petrović,2025-26:4,1,90.0,1,,9.9,49.5,fpl_core_insights_detailed,2026-02-21T20:30:00+00:00,GW27,d810d3c3-dec2-50fb-85ae-1b4d0b80559f,4,27,aec63649-ffe1-5e88-829b-d1e462e7e679,GK,True
fplcore:25-26-prem-afc-bournemouth-vs-sunderland,aec63649-ffe1-5e88-829b-d1e462e7e679,Đ. Petrović,2025-26:4,1,90.0,1,,9.4,50.3,fpl_core_insights_detailed,2026-02-28T15:30:00+00:00,GW28,6c5986e0-8dbe-5289-99bb-f5fdd49bf3bf,4,28,aec63649-ffe1-5e88-829b-d1e462e7e679,GK,True
fplcore:25-26-prem-afc-bournemouth-vs-sunderland,0f8b78a8-3315-50f5-8b1d-435ce1fc41ac,T. Adams,2025-26:4,1,61.0,1,LDM,45.3,63.3,fpl_core_insights_detailed,2026-02-28T15:30:00+00:00,GW28,6c5986e0-8dbe-5289-99bb-f5fdd49bf3bf,4,28,0f8b78a8-3315-50f5-8b1d-435ce1fc41ac,RDM,True
fplcore:25-26-prem-afc-bournemouth-vs-sunderland,559670b7-3af4-5c20-8ab5-783da9a99601,A. Scott,2025-26:4,1,90.0,1,RDM,48.2,51.4,fpl_core_insights_detailed,2026-02-28T15:30:00+00:00,GW28,6c5986e0-8dbe-5289-99bb-f5fdd49bf3bf,4,28,559670b7-3af4-5c20-8ab5-783da9a99601,LDM,True
fplcore:25-26-prem-afc-bournemouth-vs-sunderland,17b0293a-a54d-554b-bdba-368217c87ad9,R. Roefs,2025-26:17,1,90.0,1,,12.0,48.6,fpl_core_insights_detailed,2026-02-28T15:30:00+00:00,GW28,6c5986e0-8dbe-5289-99bb-f5fdd49bf3bf,17,28,17b0293a-a54d-554b-bdba-368217c87ad9,GK,True
fplcore:25-26-prem-afc-bournemouth-vs-sunderland,e5098785-f2ed-5b29-af5e-f569a62ab2c0,N. Sadiki,2025-26:17,1,90.0,1,LDM,48.2,49.6,fpl_core_insights_detailed,2026-02-28T15:30:00+00:00,GW28,6c5986e0-8dbe-5289-99bb-f5fdd49bf3bf,17,28,e5098785-f2ed-5b29-af5e-f569a62ab2c0,RDM,True
fplcore:25-26-prem-afc-bournemouth-vs-sunderland,66bc60f5-fa76-5fa0-a7ca-b9f126393376,G. Xhaka,2025-26:17,1,75.0,1,RDM,47.8,39.7,fpl_core_insights_detailed,2026-02-28T15:30:00+00:00,GW28,6c5986e0-8dbe-5289-99bb-f5fdd49bf3bf,17,28,66bc60f5-fa76-5fa0-a7ca-b9f126393376,LDM,True
fplcore:25-26-prem-arsenal-vs-chelsea,9ac55e79-9cb2-5ac5-ae8c-6a2ebd620277,D. Raya,2025-26:1,1,90.0,1,,11.1,49.9,fpl_core_insights_detailed,2026-03-01T19:30:00+00:00,GW28,e20ba8da-5c02-58df-ad17-3223c3c83acf,1,28,9ac55e79-9cb2-5ac5-ae8c-6a2ebd620277,GK,True
fplcore:25-26-prem-arsenal-vs-chelsea,7844404e-dd2c-5f68-9390-675ab60be346,M. Zubimendi,2025-26:1,1,90.0,1,CAM,52.9,40.7,fpl_core_insights_detailed,2026-03-01T19:30:00+00:00,GW28,e20ba8da-5c02-58df-ad17-3223c3c83acf,1,28,7844404e-dd2c-5f68-9390-675ab60be346,RDM,True
fplcore:25-26-prem-arsenal-vs-chelsea,a8d1cfeb-4f1e-53fc-a90a-4610ccf746c6,D. Rice,2025-26:1,1,75.0,1,RDM,48.1,60.3,fpl_core_insights_detailed,2026-03-01T19:30:00+00:00,GW28,e20ba8da-5c02-58df-ad17-3223c3c83acf,1,28,a8d1cfeb-4f1e-53fc-a90a-4610ccf746c6,LDM,True
fplcore:25-26-prem-arsenal-vs-chelsea,79caa72c-19b1-5ed2-9eea-49bec88916b3,E. Eze,2025-26:1,1,90.0,1,LAM,60.9,44.9,fpl_core_insights_detailed,2026-03-01T19:30:00+00:00,GW28,e20ba8da-5c02-58df-ad17-3223c3c83acf,1,28,79caa72c-19b1-5ed2-9eea-49bec88916b3,CAM,True
fplcore:25-26-prem-arsenal-vs-chelsea,0f08cbfd-21a3-57ae-9b9f-8692d62a6a24,L. Trossard,2025-26:1,1,55.0,1,LDM,47.2,68.9,fpl_core_insights_detailed,2026-03-01T19:30:00+00:00,GW28,e20ba8da-5c02-58df-ad17-3223c3c83acf,1,28,0f08cbfd-21a3-57ae-9b9f-8692d62a6a24,LAM,True
fplcore:25-26-prem-arsenal-vs-chelsea,412fc00b-6fb5-5606-bb30-04e075a83220,R. Sánchez,2025-26:7,1,90.0,1,,12.7,50.6,fpl_core_insights_detailed,2026-03-01T19:30:00+00:00,GW28,e20ba8da-5c02-58df-ad17-3223c3c83acf,7,28,412fc00b-6fb5-5606-bb30-04e075a83220,GK,True
fplcore:25-26-prem-brighton-hove-albion-vs-nottingham-forest,9720eb96-9da3-5717-9ed4-45874361e243,B. Verbruggen,2025-26:6,1,90.0,1,,13.0,51.8,fpl_core_insights_detailed,2026-03-01T17:00:00+00:00,GW28,3d697222-511a-5186-8b43-b412dd31f564,6,28,9720eb96-9da3-5717-9ed4-45874361e243,GK,True
fplcore:25-26-prem-brighton-hove-albion-vs-nottingham-forest,eb26516f-9061-5a83-a316-5cd4bef43df5,P. Groß,2025-26:6,1,90.0,1,LAM,58.7,66.9,fpl_core_insights_detailed,2026-03-01T17:00:00+00:00,GW28,3d697222-511a-5186-8b43-b412dd31f564,6,28,eb26516f-9061-5a83-a316-5cd4bef43df5,LDM,True
fplcore:25-26-prem-brighton-hove-albion-vs-nottingham-forest,a07371ec-857a-5545-8632-0e982ad6b1be,K. Mitoma,2025-26:6,1,90.0,1,LDM,58.1,75.4,fpl_core_insights_detailed,2026-03-01T17:00:00+00:00,GW28,3d697222-511a-5186-8b43-b412dd31f564,6,28,a07371ec-857a-5545-8632-0e982ad6b1be,LAM,True
fplcore:25-26-prem-brighton-hove-albion-vs-nottingham-forest,5dfbea2f-beb3-54f9-ad39-1f8f81f8a323,M. Sels,2025-26:16,1,90.0,1,,9.3,50.0,fpl_core_insights_detailed,2026-03-01T17:00:00+00:00,GW28,3d697222-511a-5186-8b43-b412dd31f564,16,28,5dfbea2f-beb3-54f9-ad39-1f8f81f8a323,GK,True
fplcore:25-26-prem-burnley-vs-brentford,148b32f1-d60d-5cdd-9ffe-a5938fcb8671,M. Dúbravka,2025-26:3,1,90.0,1,,11.6,45.8,fpl_core_insights_detailed,2026-02-28T18:00:00+00:00,GW28,47e684ca-483b-5eca-8ec1-c94a86f9452a,3,28,148b32f1-d60d-5cdd-9ffe-a5938fcb8671,GK,True
fplcore:25-26-prem-burnley-vs-brentford,f33e474a-8556-5f17-915d-49956a1c0f64,J. B. Larsen,2025-26:3,1,45.0,1,ST,68.9,50.8,fpl_core_insights_detailed,2026-02-28T18:00:00+00:00,GW28,47e684ca-483b-5eca-8ec1-c94a86f9452a,3,28,f33e474a-8556-5f17-915d-49956a1c0f64,RAM,True
fplcore:25-26-prem-burnley-vs-brentford,d32e1d40-cd0b-5139-ba7c-c76463a583d8,Z. Flemming,2025-26:3,1,90.0,1,RAM,59.3,49.0,fpl_core_insights_detailed,2026-02-28T18:00:00+00:00,GW28,47e684ca-483b-5eca-8ec1-c94a86f9452a,3,28,d32e1d40-cd0b-5139-ba7c-c76463a583d8,ST,True
fplcore:25-26-prem-burnley-vs-brentford,2f4a5cd6-8238-5ff2-9cac-0239ae561506,H. R. Valdimarsson,2025-26:5,1,90.0,1,,9.8,50.9,fpl_core_insights_detailed,2026-02-28T18:00:00+00:00,GW28,47e684ca-483b-5eca-8ec1-c94a86f9452a,5,28,2f4a5cd6-8238-5ff2-9cac-0239ae561506,GK,True
fplcore:25-26-prem-fulham-vs-tottenham-hotspur,83056bd2-b742-5b28-b32d-8ba4a3902c61,B. Leno,2025-26:10,1,90.0,1,,11.4,49.9,fpl_core_insights_detailed,2026-03-01T17:00:00+00:00,GW28,bdf85bea-b20c-50f1-8dd7-c1351c7015e0,10,28,83056bd2-b742-5b28-b32d-8ba4a3902c61,GK,True
fplcore:25-26-prem-fulham-vs-tottenham-hotspur,bf6c1651-0779-512e-9c37-3b8ac8c14714,A. Iwobi,2025-26:10,1,89.0,1,LDM,52.0,56.7,fpl_core_insights_detailed,2026-03-01T17:00:00+00:00,GW28,bdf85bea-b20c-50f1-8dd7-c1351c7015e0,10,28,bf6c1651-0779-512e-9c37-3b8ac8c14714,RDM,True
fplcore:25-26-prem-fulham-vs-tottenham-hotspur,f0504a37-2a31-5f04-8704-2c307c2384cd,S. Berge,2025-26:10,1,90.0,1,RDM,41.0,55.5,fpl_core_insights_detailed,2026-03-01T17:00:00+00:00,GW28,bdf85bea-b20c-50f1-8dd7-c1351c7015e0,10,28,f0504a37-2a31-5f04-8704-2c307c2384cd,LDM,True
fplcore:25-26-prem-fulham-vs-tottenham-hotspur,3c77aa9b-7767-5636-9780-0d94d829b326,G. Vicario,2025-26:18,1,90.0,1,,13.8,49.0,fpl_core_insights_detailed,2026-03-01T17:00:00+00:00,GW28,bdf85bea-b20c-50f1-8dd7-c1351c7015e0,18,28,3c77aa9b-7767-5636-9780-0d94d829b326,GK,True
fplcore:25-26-prem-leeds-united-vs-manchester-city,d921acea-ffba-515b-a957-12586c43f133,K. Darlow,2025-26:11,1,90.0,1,,12.8,50.6,fpl_core_insights_detailed,2026-02-28T20:30:00+00:00,GW28,9fb7fb28-1745-597c-aab4-27fb0e6c5383,11,28,d921acea-ffba-515b-a957-12586c43f133,GK,True
fplcore:25-26-prem-leeds-united-vs-manchester-city,67859d1e-575f-5ae4-aa8d-8f36bd11696e,G. Donnarumma,2025-26:13,1,90.0,1,,8.2,47.4,fpl_core_insights_detailed,2026-02-28T20:30:00+00:00,GW28,9fb7fb28-1745-597c-aab4-27fb0e6c5383,13,28,67859d1e-575f-5ae4-aa8d-8f36bd11696e,GK,True
fplcore:25-26-prem-leeds-united-vs-manchester-city,eebb4710-6fe9-53e9-81e0-a650547126a0,R. Cherki,2025-26:13,1,87.0,1,CAM,61.7,47.9,fpl_core_insights_detailed,2026-02-28T20:30:00+00:00,GW28,9fb7fb28-1745-597c-aab4-27fb0e6c5383,13,28,eebb4710-6fe9-53e9-81e0-a650547126a0,RAM,True
fplcore:25-26-prem-leeds-united-vs-manchester-city,70198e6a-5cf9-5344-a2c0-f1b71dfeeb5f,B. Silva,2025-26:13,1,90.0,1,RAM,51.4,34.2,fpl_core_insights_detailed,2026-02-28T20:30:00+00:00,GW28,9fb7fb28-1745-597c-aab4-27fb0e6c5383,13,28,70198e6a-5cf9-5344-a2c0-f1b71dfeeb5f,CAM,True
fplcore:25-26-prem-liverpool-vs-west-ham-united,bb7d5990-008e-5f6d-871a-83ec4490dd2d,Alisson,2025-26:12,1,90.0,1,,11.4,48.4,fpl_core_insights_detailed,2026-02-28T18:00:00+00:00,GW28,42e4a271-71e1-5966-a539-bf677d41e025,12,28,bb7d5990-008e-5f6d-871a-83ec4490dd2d,GK,True
fplcore:25-26-prem-liverpool-vs-west-ham-united,82a85fe5-3695-5749-b382-fb39650267e9,M. Hermansen,2025-26:19,1,90.0,1,,12.2,51.7,fpl_core_insights_detailed,2026-02-28T18:00:00+00:00,GW28,42e4a271-71e1-5966-a539-bf677d41e025,19,28,82a85fe5-3695-5749-b382-fb39650267e9,GK,True
fplcore:25-26-prem-liverpool-vs-west-ham-united,79420363-80f0-5eb5-bef5-e1e31f62877c,M. Fernandes,2025-26:19,1,90.0,1,LCM,49.4,51.3,fpl_core_insights_detailed,2026-02-28T18:00:00+00:00,GW28,42e4a271-71e1-5966-a539-bf677d41e025,19,28,79420363-80f0-5eb5-bef5-e1e31f62877c,CM,True
fplcore:25-26-prem-liverpool-vs-west-ham-united,9fd390de-abdd-53c9-abf5-63b5a6ec3423,S. Magassa,2025-26:19,1,75.0,1,CM,44.8,49.3,fpl_core_insights_detailed,2026-02-28T18:00:00+00:00,GW28,42e4a271-71e1-5966-a539-bf677d41e025,19,28,9fd390de-abdd-53c9-abf5-63b5a6ec3423,LCM,True
fplcore:25-26-prem-manchester-united-vs-crystal-palace,63a30902-aa79-59d2-bbc6-903ff41e54dc,S. Lammens,2025-26:14,1,90.0,1,,11.4,50.1,fpl_core_insights_detailed,2026-03-01T17:00:00+00:00,GW28,37e41f76-f980-5cb3-9fc3-a71eeebed4f1,14,28,63a30902-aa79-59d2-bbc6-903ff41e54dc,GK,True
fplcore:25-26-prem-manchester-united-vs-crystal-palace,4e7d3349-c869-51f6-a9f2-e86405e21be5,D. Henderson,2025-26:8,1,90.0,1,,9.1,51.6,fpl_core_insights_detailed,2026-03-01T17:00:00+00:00,GW28,37e41f76-f980-5cb3-9fc3-a71eeebed4f1,8,28,4e7d3349-c869-51f6-a9f2-e86405e21be5,GK,True
fplcore:25-26-prem-manchester-united-vs-crystal-palace,246d5877-ce20-5c48-bdc0-bdb7ede514b7,M. Lacroix,2025-26:8,1,55.0,1,LCB,32.4,57.4,fpl_core_insights_detailed,2026-03-01T17:00:00+00:00,GW28,37e41f76-f980-5cb3-9fc3-a71eeebed4f1,8,28,246d5877-ce20-5c48-bdc0-bdb7ede514b7,CB,True
fplcore:25-26-prem-manchester-united-vs-crystal-palace,0f20e713-a3d1-5036-b0b2-e9f32d1bc66f,J. Canvot,2025-26:8,1,90.0,1,CB,34.9,52.1,fpl_core_insights_detailed,2026-03-01T17:00:00+00:00,GW28,37e41f76-f980-5cb3-9fc3-a71eeebed4f1,8,28,0f20e713-a3d1-5036-b0b2-e9f32d1bc66f,LCB,True
fplcore:25-26-prem-manchester-united-vs-crystal-palace,9a90c10b-4796-5eda-a505-8db9bc21605d,I. Sarr,2025-26:8,1,90.0,1,ST,56.4,44.6,fpl_core_insights_detailed,2026-03-01T17:00:00+00:00,GW28,37e41f76-f980-5cb3-9fc3-a71eeebed4f1,8,28,9a90c10b-4796-5eda-a505-8db9bc21605d,RAM,True
fplcore:25-26-prem-manchester-united-vs-crystal-palace,b6fb865b-2ea3-5f14-9db7-b2b1c2d82003,J. S. Larsen,2025-26:8,1,57.0,1,RAM,55.6,48.4,fpl_core_insights_detailed,2026-03-01T17:00:00+00:00,GW28,37e41f76-f980-5cb3-9fc3-a71eeebed4f1,8,28,b6fb865b-2ea3-5f14-9db7-b2b1c2d82003,ST,True
fplcore:25-26-prem-newcastle-united-vs-everton,00be15e9-135e-5a79-956f-cd70f121b4b0,N. Pope,2025-26:15,1,90.0,1,,10.1,48.1,fpl_core_insights_detailed,2026-02-28T18:00:00+00:00,GW28,94fcf566-2f2f-5764-a094-bd41afb36a13,15,28,00be15e9-135e-5a79-956f-cd70f121b4b0,GK,True
fplcore:25-26-prem-newcastle-united-vs-everton,57881605-ab70-5c0d-865f-433201de3f6f,J. Pickford,2025-26:9,1,90.0,1,,12.6,53.8,fpl_core_insights_detailed,2026-02-28T18:00:00+00:00,GW28,94fcf566-2f2f-5764-a094-bd41afb36a13,9,28,57881605-ab70-5c0d-865f-433201de3f6f,GK,True
fplcore:25-26-prem-wolverhampton-wanderers-vs-aston-villa,698f23fd-0fa1-5358-8bd3-2b8aef91e946,J. Sá,2025-26:20,1,90.0,1,,11.3,49.3,fpl_core_insights_detailed,2026-02-27T23:00:00+00:00,GW28,31de2a73-94e2-5e1f-829e-f19990739961,20,28,698f23fd-0fa1-5358-8bd3-2b8aef91e946,GK,True
fplcore:25-26-prem-wolverhampton-wanderers-vs-aston-villa,9ac5d5a9-74b6-578c-8e14-559019eb509d,M. Mané,2025-26:20,1,90.0,1,ST,57.5,61.6,fpl_core_insights_detailed,2026-02-27T23:00:00+00:00,GW28,31de2a73-94e2-5e1f-829e-f19990739961,20,28,9ac5d5a9-74b6-578c-8e14-559019eb509d,LAM,True
fplcore:25-26-prem-wolverhampton-wanderers-vs-aston-villa,ef5625b9-1910-5982-85f1-1966467ad375,A. Armstrong,2025-26:20,1,90.0,1,LAM,54.2,44.3,fpl_core_insights_detailed,2026-02-27T23:00:00+00:00,GW28,31de2a73-94e2-5e1f-829e-f19990739961,20,28,ef5625b9-1910-5982-85f1-1966467ad375,ST,True
fplcore:25-26-prem-wolverhampton-wanderers-vs-aston-villa,db76d454-818a-5043-8d04-22e24f696027,E. Martínez,2025-26:2,1,90.0,1,,15.0,48.6,fpl_core_insights_detailed,2026-02-27T23:00:00+00:00,GW28,31de2a73-94e2-5e1f-829e-f19990739961,2,28,db76d454-818a-5043-8d04-22e24f696027,GK,True
fplcore:25-26-prem-afc-bournemouth-vs-brentford,aec63649-ffe1-5e88-829b-d1e462e7e679,Đ. Petrović,2025-26:4,1,90.0,1,,9.1,48.6,fpl_core_insights_detailed,2026-03-03T22:30:00+00:00,GW29,8a75a887-d709-591e-8651-c5160a6f23f9,4,29,aec63649-ffe1-5e88-829b-d1e462e7e679,GK,True
fplcore:25-26-prem-afc-bournemouth-vs-brentford,3cfeb2a8-cad5-5980-9946-aecc5eb2b011,C. Kelleher,2025-26:5,1,90.0,1,,9.8,54.0,fpl_core_insights_detailed,2026-03-03T22:30:00+00:00,GW29,8a75a887-d709-591e-8651-c5160a6f23f9,5,29,3cfeb2a8-cad5-5980-9946-aecc5eb2b011,GK,True
fplcore:25-26-prem-aston-villa-vs-chelsea,db76d454-818a-5043-8d04-22e24f696027,E. Martínez,2025-26:2,1,90.0,1,,8.5,52.1,fpl_core_insights_detailed,2026-03-04T22:30:00+00:00,GW29,31ef1d95-b095-52ae-918e-26ed91e99a77,2,29,db76d454-818a-5043-8d04-22e24f696027,GK,True
fplcore:25-26-prem-aston-villa-vs-chelsea,d7143aed-fcb8-5af3-8721-72433dd889d7,F. Jørgensen,2025-26:7,1,90.0,1,,12.8,48.9,fpl_core_insights_detailed,2026-03-04T22:30:00+00:00,GW29,31ef1d95-b095-52ae-918e-26ed91e99a77,7,29,d7143aed-fcb8-5af3-8721-72433dd889d7,GK,True
fplcore:25-26-prem-brighton-hove-albion-vs-arsenal,9720eb96-9da3-5717-9ed4-45874361e243,B. Verbruggen,2025-26:6,1,90.0,1,,14.0,47.9,fpl_core_insights_detailed,2026-03-04T22:30:00+00:00,GW29,0a9d6243-8e34-53a1-aac3-295adbb204df,6,29,9720eb96-9da3-5717-9ed4-45874361e243,GK,True
fplcore:25-26-prem-brighton-hove-albion-vs-arsenal,9ac55e79-9cb2-5ac5-ae8c-6a2ebd620277,D. Raya,2025-26:1,1,90.0,1,,12.5,47.4,fpl_core_insights_detailed,2026-03-04T22:30:00+00:00,GW29,0a9d6243-8e34-53a1-aac3-295adbb204df,1,29,9ac55e79-9cb2-5ac5-ae8c-6a2ebd620277,GK,True
fplcore:25-26-prem-everton-vs-burnley,57881605-ab70-5c0d-865f-433201de3f6f,J. Pickford,2025-26:9,1,90.0,1,,12.9,50.9,fpl_core_insights_detailed,2026-03-03T22:30:00+00:00,GW29,1e6f4756-7e43-5162-a518-806522137b05,9,29,57881605-ab70-5c0d-865f-433201de3f6f,GK,True
fplcore:25-26-prem-everton-vs-burnley,148b32f1-d60d-5cdd-9ffe-a5938fcb8671,M. Dúbravka,2025-26:3,1,90.0,1,,9.7,49.8,fpl_core_insights_detailed,2026-03-03T22:30:00+00:00,GW29,1e6f4756-7e43-5162-a518-806522137b05,3,29,148b32f1-d60d-5cdd-9ffe-a5938fcb8671,GK,True
fplcore:25-26-prem-everton-vs-burnley,c59d2c13-36a9-56b4-b9fc-1462e5df19fc,F. Luís,2025-26:3,1,56.0,1,LCM,43.1,44.9,fpl_core_insights_detailed,2026-03-03T22:30:00+00:00,GW29,1e6f4756-7e43-5162-a518-806522137b05,3,29,c59d2c13-36a9-56b4-b9fc-1462e5df19fc,RCM,True
fplcore:25-26-prem-everton-vs-burnley,9d1de056-bbbd-54d4-a192-06c57ccb0fd6,H. Mejbri,2025-26:3,1,71.0,1,RAM,50.0,64.1,fpl_core_insights_detailed,2026-03-03T22:30:00+00:00,GW29,1e6f4756-7e43-5162-a518-806522137b05,3,29,9d1de056-bbbd-54d4-a192-06c57ccb0fd6,LCM,True
fplcore:25-26-prem-everton-vs-burnley,032150f9-1246-5989-8ac4-532f1e3bce74,L. Ugochukwu,2025-26:3,1,82.0,1,RCM,46.1,39.0,fpl_core_insights_detailed,2026-03-03T22:30:00+00:00,GW29,1e6f4756-7e43-5162-a518-806522137b05,3,29,032150f9-1246-5989-8ac4-532f1e3bce74,RAM,True
fplcore:25-26-prem-fulham-vs-west-ham-united,83056bd2-b742-5b28-b32d-8ba4a3902c61,B. Leno,2025-26:10,1,90.0,1,,11.0,50.6,fpl_core_insights_detailed,2026-03-04T22:30:00+00:00,GW29,52ecb34c-b2fd-592c-b014-dc770fdef03b,10,29,83056bd2-b742-5b28-b32d-8ba4a3902c61,GK,True
fplcore:25-26-prem-fulham-vs-west-ham-united,09be2cb2-a90e-562f-8a53-32294044e02f,S. Chukwueze,2025-26:10,1,90.0,1,CAM,65.0,46.5,fpl_core_insights_detailed,2026-03-04T22:30:00+00:00,GW29,52ecb34c-b2fd-592c-b014-dc770fdef03b,10,29,09be2cb2-a90e-562f-8a53-32294044e02f,RAM,True
fplcore:25-26-prem-fulham-vs-west-ham-united,9f1ab4dd-f86c-5749-967d-c8f0fbfe15f7,J. King,2025-26:10,1,60.0,1,RAM,62.6,38.2,fpl_core_insights_detailed,2026-03-04T22:30:00+00:00,GW29,52ecb34c-b2fd-592c-b014-dc770fdef03b,10,29,9f1ab4dd-f86c-5749-967d-c8f0fbfe15f7,CAM,True
fplcore:25-26-prem-fulham-vs-west-ham-united,82a85fe5-3695-5749-b382-fb39650267e9,M. Hermansen,2025-26:19,1,90.0,1,,12.3,49.0,fpl_core_insights_detailed,2026-03-04T22:30:00+00:00,GW29,52ecb34c-b2fd-592c-b014-dc770fdef03b,19,29,82a85fe5-3695-5749-b382-fb39650267e9,GK,True
fplcore:25-26-prem-leeds-united-vs-sunderland,d921acea-ffba-515b-a957-12586c43f133,K. Darlow,2025-26:11,1,90.0,1,,15.6,48.8,fpl_core_insights_detailed,2026-03-03T22:30:00+00:00,GW29,10d060ee-1672-5636-98a1-8b9e8f3f850d,11,29,d921acea-ffba-515b-a957-12586c43f133,GK,True
fplcore:25-26-prem-leeds-united-vs-sunderland,3c3955d4-e30d-55eb-924e-d252c6949a50,I. Gruev,2025-26:11,1,61.0,1,LW,42.5,74.6,fpl_core_insights_detailed,2026-03-03T22:30:00+00:00,GW29,10d060ee-1672-5636-98a1-8b9e8f3f850d,11,29,3c3955d4-e30d-55eb-924e-d252c6949a50,LCM,True
fplcore:25-26-prem-leeds-united-vs-sunderland,c550c5c9-6be9-5d60-a724-ed8b1d333548,B. Aaronson,2025-26:11,1,73.0,1,LCM,62.8,61.5,fpl_core_insights_detailed,2026-03-03T22:30:00+00:00,GW29,10d060ee-1672-5636-98a1-8b9e8f3f850d,11,29,c550c5c9-6be9-5d60-a724-ed8b1d333548,LW,True
fplcore:25-26-prem-leeds-united-vs-sunderland,6a84c769-ac8f-5aa6-b83b-8d51625d8b35,M. Ellborg,2025-26:17,1,90.0,1,,9.7,47.4,fpl_core_insights_detailed,2026-03-03T22:30:00+00:00,GW29,10d060ee-1672-5636-98a1-8b9e8f3f850d,17,29,6a84c769-ac8f-5aa6-b83b-8d51625d8b35,GK,True
fplcore:25-26-prem-manchester-city-vs-nottingham-forest,67859d1e-575f-5ae4-aa8d-8f36bd11696e,G. Donnarumma,2025-26:13,1,90.0,1,,16.7,46.2,fpl_core_insights_detailed,2026-03-04T22:30:00+00:00,GW29,318ad40d-b456-558d-bca7-c9fa1aed3f94,13,29,67859d1e-575f-5ae4-aa8d-8f36bd11696e,GK,True
fplcore:25-26-prem-manchester-city-vs-nottingham-forest,f717009d-d433-5fa0-9cf5-1e081478a8f1,P. Foden,2025-26:13,1,76.0,1,CAM,61.6,38.4,fpl_core_insights_detailed,2026-03-04T22:30:00+00:00,GW29,318ad40d-b456-558d-bca7-c9fa1aed3f94,13,29,f717009d-d433-5fa0-9cf5-1e081478a8f1,RAM,True
fplcore:25-26-prem-manchester-city-vs-nottingham-forest,70198e6a-5cf9-5344-a2c0-f1b71dfeeb5f,B. Silva,2025-26:13,1,90.0,1,RAM,61.6,35.3,fpl_core_insights_detailed,2026-03-04T22:30:00+00:00,GW29,318ad40d-b456-558d-bca7-c9fa1aed3f94,13,29,70198e6a-5cf9-5344-a2c0-f1b71dfeeb5f,CAM,True
fplcore:25-26-prem-manchester-city-vs-nottingham-forest,5dfbea2f-beb3-54f9-ad39-1f8f81f8a323,M. Sels,2025-26:16,1,90.0,1,,9.0,48.9,fpl_core_insights_detailed,2026-03-04T22:30:00+00:00,GW29,318ad40d-b456-558d-bca7-c9fa1aed3f94,16,29,5dfbea2f-beb3-54f9-ad39-1f8f81f8a323,GK,True
fplcore:25-26-prem-manchester-city-vs-nottingham-forest,dfe46c71-1b4e-5387-a3a0-4accc6dc5b39,O. Aina,2025-26:16,1,90.0,1,RCB,37.4,26.1,fpl_core_insights_detailed,2026-03-04T22:30:00+00:00,GW29,318ad40d-b456-558d-bca7-c9fa1aed3f94,16,29,dfe46c71-1b4e-5387-a3a0-4accc6dc5b39,RWB,True
fplcore:25-26-prem-manchester-city-vs-nottingham-forest,6c75a09d-abcd-5e49-80c0-b7bb0873304d,Jair,2025-26:16,1,90.0,1,RWB,32.3,21.5,fpl_core_insights_detailed,2026-03-04T22:30:00+00:00,GW29,318ad40d-b456-558d-bca7-c9fa1aed3f94,16,29,6c75a09d-abcd-5e49-80c0-b7bb0873304d,RCB,True
fplcore:25-26-prem-newcastle-united-vs-manchester-united,ef597ccf-9296-5f73-a908-245e5d67b0ef,A. Ramsdale,2025-26:15,1,90.0,1,,13.0,52.2,fpl_core_insights_detailed,2026-03-04T23:15:00+00:00,GW29,79323fcf-ead5-5ef9-b1be-d211787d4251,15,29,ef597ccf-9296-5f73-a908-245e5d67b0ef,GK,True
fplcore:25-26-prem-newcastle-united-vs-manchester-united,63a30902-aa79-59d2-bbc6-903ff41e54dc,S. Lammens,2025-26:14,1,90.0,1,,10.9,52.3,fpl_core_insights_detailed,2026-03-04T23:15:00+00:00,GW29,79323fcf-ead5-5ef9-b1be-d211787d4251,14,29,63a30902-aa79-59d2-bbc6-903ff41e54dc,GK,True
fplcore:25-26-prem-tottenham-hotspur-vs-crystal-palace,3c77aa9b-7767-5636-9780-0d94d829b326,G. Vicario,2025-26:18,1,90.0,1,,17.5,48.0,fpl_core_insights_detailed,2026-03-05T23:00:00+00:00,GW29,fef47b9a-ab98-50c0-a72f-57c356ba1514,18,29,3c77aa9b-7767-5636-9780-0d94d829b326,GK,True
fplcore:25-26-prem-tottenham-hotspur-vs-crystal-palace,d4c29433-6018-52a2-83a9-429997023fab,P. Porro,2025-26:18,1,73.0,1,RCM,45.1,23.8,fpl_core_insights_detailed,2026-03-05T23:00:00+00:00,GW29,fef47b9a-ab98-50c0-a72f-57c356ba1514,18,29,d4c29433-6018-52a2-83a9-429997023fab,RCB,True
fplcore:25-26-prem-tottenham-hotspur-vs-crystal-palace,9e042355-866c-5b17-9097-0d84e263ecf3,K. Danso,2025-26:18,1,90.0,1,LCM,43.7,45.0,fpl_core_insights_detailed,2026-03-05T23:00:00+00:00,GW29,fef47b9a-ab98-50c0-a72f-57c356ba1514,18,29,9e042355-866c-5b17-9097-0d84e263ecf3,CB,True
fplcore:25-26-prem-tottenham-hotspur-vs-crystal-palace,8e00491e-df3c-59d8-8196-500825daf087,J. Palhinha,2025-26:18,1,90.0,1,CB,42.1,57.0,fpl_core_insights_detailed,2026-03-05T23:00:00+00:00,GW29,fef47b9a-ab98-50c0-a72f-57c356ba1514,18,29,8e00491e-df3c-59d8-8196-500825daf087,RCM,True
fplcore:25-26-prem-tottenham-hotspur-vs-crystal-palace,e85a3c19-e5b4-542c-b4a1-85edbb700d53,P. M. Sarr,2025-26:18,1,90.0,1,LWB,50.7,56.9,fpl_core_insights_detailed,2026-03-05T23:00:00+00:00,GW29,fef47b9a-ab98-50c0-a72f-57c356ba1514,18,29,e85a3c19-e5b4-542c-b4a1-85edbb700d53,LCM,True
fplcore:25-26-prem-tottenham-hotspur-vs-crystal-palace,229e2aab-318b-5964-bc2e-1b5fcbac0a02,Souza,2025-26:18,1,42.0,1,LAM,60.1,74.2,fpl_core_insights_detailed,2026-03-05T23:00:00+00:00,GW29,fef47b9a-ab98-50c0-a72f-57c356ba1514,18,29,229e2aab-318b-5964-bc2e-1b5fcbac0a02,LWB,True
fplcore:25-26-prem-tottenham-hotspur-vs-crystal-palace,3a736c36-502e-5f12-a3a0-3a915cdfdf76,R. K. Muani,2025-26:18,1,42.0,1,RCB,43.7,29.7,fpl_core_insights_detailed,2026-03-05T23:00:00+00:00,GW29,fef47b9a-ab98-50c0-a72f-57c356ba1514,18,29,3a736c36-502e-5f12-a3a0-3a915cdfdf76,RAM,True
fplcore:25-26-prem-tottenham-hotspur-vs-crystal-palace,4aecc997-ca9d-57ec-a854-3151849bde99,M. Tel,2025-26:18,1,90.0,1,RAM,64.5,69.4,fpl_core_insights_detailed,2026-03-05T23:00:00+00:00,GW29,fef47b9a-ab98-50c0-a72f-57c356ba1514,18,29,4aecc997-ca9d-57ec-a854-3151849bde99,LAM,True
fplcore:25-26-prem-tottenham-hotspur-vs-crystal-palace,4e7d3349-c869-51f6-a9f2-e86405e21be5,D. Henderson,2025-26:8,1,90.0,1,,9.2,50.2,fpl_core_insights_detailed,2026-03-05T23:00:00+00:00,GW29,fef47b9a-ab98-50c0-a72f-57c356ba1514,8,29,4e7d3349-c869-51f6-a9f2-e86405e21be5,GK,True
fplcore:25-26-prem-tottenham-hotspur-vs-crystal-palace,0f20e713-a3d1-5036-b0b2-e9f32d1bc66f,J. Canvot,2025-26:8,1,90.0,1,RWB,43.9,22.9,fpl_core_insights_detailed,2026-03-05T23:00:00+00:00,GW29,fef47b9a-ab98-50c0-a72f-57c356ba1514,8,29,0f20e713-a3d1-5036-b0b2-e9f32d1bc66f,RCB,True
fplcore:25-26-prem-tottenham-hotspur-vs-crystal-palace,39a54236-bfd4-52f7-8b23-eeb8ca167d6d,C. Richards,2025-26:8,1,90.0,1,RCB,36.2,47.3,fpl_core_insights_detailed,2026-03-05T23:00:00+00:00,GW29,fef47b9a-ab98-50c0-a72f-57c356ba1514,8,29,39a54236-bfd4-52f7-8b23-eeb8ca167d6d,CB,True
fplcore:25-26-prem-tottenham-hotspur-vs-crystal-palace,a5346cce-0d2c-5baf-97da-d70579ec7aa9,C. Riad,2025-26:8,1,90.0,1,CB,42.6,72.1,fpl_core_insights_detailed,2026-03-05T23:00:00+00:00,GW29,fef47b9a-ab98-50c0-a72f-57c356ba1514,8,29,a5346cce-0d2c-5baf-97da-d70579ec7aa9,LCB,True
fplcore:25-26-prem-tottenham-hotspur-vs-crystal-palace,12886371-5fae-5789-af23-d20764ecfe3e,D. Muñoz,2025-26:8,1,13.0,1,ST,63.3,18.6,fpl_core_insights_detailed,2026-03-05T23:00:00+00:00,GW29,fef47b9a-ab98-50c0-a72f-57c356ba1514,8,29,12886371-5fae-5789-af23-d20764ecfe3e,RWB,True
fplcore:25-26-prem-tottenham-hotspur-vs-crystal-palace,73fbac33-4713-58ec-b9bd-242dfec592a2,A. Wharton,2025-26:8,1,80.0,1,LCM,54.4,37.9,fpl_core_insights_detailed,2026-03-05T23:00:00+00:00,GW29,fef47b9a-ab98-50c0-a72f-57c356ba1514,8,29,73fbac33-4713-58ec-b9bd-242dfec592a2,RCM,True
fplcore:25-26-prem-tottenham-hotspur-vs-crystal-palace,d7ab42eb-50da-5a3f-a583-fdf38b0d2cfe,D. Kamada,2025-26:8,1,90.0,1,LWB,50.5,67.2,fpl_core_insights_detailed,2026-03-05T23:00:00+00:00,GW29,fef47b9a-ab98-50c0-a72f-57c356ba1514,8,29,d7ab42eb-50da-5a3f-a583-fdf38b0d2cfe,LCM,True
fplcore:25-26-prem-tottenham-hotspur-vs-crystal-palace,4406998b-108e-54ac-90cf-ff22cdf7c565,T. Mitchell,2025-26:8,1,90.0,1,LCB,35.7,78.2,fpl_core_insights_detailed,2026-03-05T23:00:00+00:00,GW29,fef47b9a-ab98-50c0-a72f-57c356ba1514,8,29,4406998b-108e-54ac-90cf-ff22cdf7c565,LWB,True
fplcore:25-26-prem-tottenham-hotspur-vs-crystal-palace,9a90c10b-4796-5eda-a505-8db9bc21605d,I. Sarr,2025-26:8,1,90.0,1,RCM,57.3,33.2,fpl_core_insights_detailed,2026-03-05T23:00:00+00:00,GW29,fef47b9a-ab98-50c0-a72f-57c356ba1514,8,29,9a90c10b-4796-5eda-a505-8db9bc21605d,RAM,True
fplcore:25-26-prem-tottenham-hotspur-vs-crystal-palace,b6fb865b-2ea3-5f14-9db7-b2b1c2d82003,J. S. Larsen,2025-26:8,1,80.0,1,RAM,60.2,49.8,fpl_core_insights_detailed,2026-03-05T23:00:00+00:00,GW29,fef47b9a-ab98-50c0-a72f-57c356ba1514,8,29,b6fb865b-2ea3-5f14-9db7-b2b1c2d82003,ST,True
fplcore:25-26-prem-wolverhampton-wanderers-vs-liverpool,698f23fd-0fa1-5358-8bd3-2b8aef91e946,J. Sá,2025-26:20,1,90.0,1,,8.7,48.2,fpl_core_insights_detailed,2026-03-03T23:15:00+00:00,GW29,4e3797d6-a1bb-50e5-9754-8c9a138c6c48,20,29,698f23fd-0fa1-5358-8bd3-2b8aef91e946,GK,True
fplcore:25-26-prem-wolverhampton-wanderers-vs-liverpool,9ac5d5a9-74b6-578c-8e14-559019eb509d,M. Mané,2025-26:20,1,69.0,1,ST,46.5,40.2,fpl_core_insights_detailed,2026-03-03T23:15:00+00:00,GW29,4e3797d6-a1bb-50e5-9754-8c9a138c6c48,20,29,9ac5d5a9-74b6-578c-8e14-559019eb509d,RCM,True
fplcore:25-26-prem-wolverhampton-wanderers-vs-liverpool,00cc549f-a9f0-54b0-8cbc-ef47c7f8251b,André,2025-26:20,1,90.0,1,RCM,38.0,52.5,fpl_core_insights_detailed,2026-03-03T23:15:00+00:00,GW29,4e3797d6-a1bb-50e5-9754-8c9a138c6c48,20,29,00cc549f-a9f0-54b0-8cbc-ef47c7f8251b,CM,True
fplcore:25-26-prem-wolverhampton-wanderers-vs-liverpool,e2213bab-7401-5edc-9994-4eb0772f48ef,J. Gomes,2025-26:20,1,90.0,1,CM,40.2,64.9,fpl_core_insights_detailed,2026-03-03T23:15:00+00:00,GW29,4e3797d6-a1bb-50e5-9754-8c9a138c6c48,20,29,e2213bab-7401-5edc-9994-4eb0772f48ef,LCM,True
fplcore:25-26-prem-wolverhampton-wanderers-vs-liverpool,15d02b2c-303d-5403-b3ee-c1bb398578ae,A. Gomes,2025-26:20,1,59.0,1,LCM,44.2,71.1,fpl_core_insights_detailed,2026-03-03T23:15:00+00:00,GW29,4e3797d6-a1bb-50e5-9754-8c9a138c6c48,20,29,15d02b2c-303d-5403-b3ee-c1bb398578ae,CAM,True
fplcore:25-26-prem-wolverhampton-wanderers-vs-liverpool,ef5625b9-1910-5982-85f1-1966467ad375,A. Armstrong,2025-26:20,1,59.0,1,CAM,46.2,57.1,fpl_core_insights_detailed,2026-03-03T23:15:00+00:00,GW29,4e3797d6-a1bb-50e5-9754-8c9a138c6c48,20,29,ef5625b9-1910-5982-85f1-1966467ad375,ST,True
fplcore:25-26-prem-wolverhampton-wanderers-vs-liverpool,bb7d5990-008e-5f6d-871a-83ec4490dd2d,Alisson,2025-26:12,1,90.0,1,,15.2,48.5,fpl_core_insights_detailed,2026-03-03T23:15:00+00:00,GW29,4e3797d6-a1bb-50e5-9754-8c9a138c6c48,12,29,bb7d5990-008e-5f6d-871a-83ec4490dd2d,GK,True
fplcore:25-26-prem-arsenal-vs-everton,9ac55e79-9cb2-5ac5-ae8c-6a2ebd620277,D. Raya,2025-26:1,1,90.0,1,,15.0,44.7,fpl_core_insights_detailed,2026-03-14T20:30:00+00:00,GW30,457d30c3-d5ec-5fbc-9e3e-b071192ded0c,1,30,9ac55e79-9cb2-5ac5-ae8c-6a2ebd620277,GK,True
fplcore:25-26-prem-arsenal-vs-everton,57881605-ab70-5c0d-865f-433201de3f6f,J. Pickford,2025-26:9,1,90.0,1,,12.3,52.2,fpl_core_insights_detailed,2026-03-14T20:30:00+00:00,GW30,457d30c3-d5ec-5fbc-9e3e-b071192ded0c,9,30,57881605-ab70-5c0d-865f-433201de3f6f,GK,True
fplcore:25-26-prem-brentford-vs-wolverhampton-wanderers,3cfeb2a8-cad5-5980-9946-aecc5eb2b011,C. Kelleher,2025-26:5,1,90.0,1,,11.3,51.7,fpl_core_insights_detailed,2026-03-16T23:00:00+00:00,GW30,e07812fd-53bd-5cff-a85b-94bea63806fe,5,30,3cfeb2a8-cad5-5980-9946-aecc5eb2b011,GK,True
fplcore:25-26-prem-brentford-vs-wolverhampton-wanderers,698f23fd-0fa1-5358-8bd3-2b8aef91e946,J. Sá,2025-26:20,1,90.0,1,,10.9,47.7,fpl_core_insights_detailed,2026-03-16T23:00:00+00:00,GW30,e07812fd-53bd-5cff-a85b-94bea63806fe,20,30,698f23fd-0fa1-5358-8bd3-2b8aef91e946,GK,True
fplcore:25-26-prem-brentford-vs-wolverhampton-wanderers,a2bfdc0c-78a1-5fff-b07a-3cbbbabdeba5,J. Tchatchoua,2025-26:20,1,90.0,1,RAM,62.4,16.1,fpl_core_insights_detailed,2026-03-16T23:00:00+00:00,GW30,e07812fd-53bd-5cff-a85b-94bea63806fe,20,30,a2bfdc0c-78a1-5fff-b07a-3cbbbabdeba5,RWB,True
fplcore:25-26-prem-brentford-vs-wolverhampton-wanderers,00cc549f-a9f0-54b0-8cbc-ef47c7f8251b,André,2025-26:20,1,90.0,1,RWB,45.0,43.8,fpl_core_insights_detailed,2026-03-16T23:00:00+00:00,GW30,e07812fd-53bd-5cff-a85b-94bea63806fe,20,30,00cc549f-a9f0-54b0-8cbc-ef47c7f8251b,RCM,True
fplcore:25-26-prem-brentford-vs-wolverhampton-wanderers,ebd46261-67a5-56cc-9b55-02bde7f16bba,J.-R. Bellegarde,2025-26:20,1,73.0,1,RCM,52.1,44.4,fpl_core_insights_detailed,2026-03-16T23:00:00+00:00,GW30,e07812fd-53bd-5cff-a85b-94bea63806fe,20,30,ebd46261-67a5-56cc-9b55-02bde7f16bba,RAM,True
fplcore:25-26-prem-burnley-vs-afc-bournemouth,148b32f1-d60d-5cdd-9ffe-a5938fcb8671,M. Dúbravka,2025-26:3,1,90.0,1,,11.4,47.9,fpl_core_insights_detailed,2026-03-14T18:00:00+00:00,GW30,b5ed6c3e-25b0-50e3-8e36-86250fd00a0b,3,30,148b32f1-d60d-5cdd-9ffe-a5938fcb8671,GK,True
fplcore:25-26-prem-burnley-vs-afc-bournemouth,f5da0015-9c1c-5ba2-a447-9fc51ceed482,J. Laurent,2025-26:3,1,87.0,1,LDM,54.7,65.3,fpl_core_insights_detailed,2026-03-14T18:00:00+00:00,GW30,b5ed6c3e-25b0-50e3-8e36-86250fd00a0b,3,30,f5da0015-9c1c-5ba2-a447-9fc51ceed482,RDM,True
fplcore:25-26-prem-burnley-vs-afc-bournemouth,4156c194-ad00-5d9c-aa4d-5f67c7deba01,J. Ward-Prowse,2025-26:3,1,90.0,1,RDM,49.2,34.9,fpl_core_insights_detailed,2026-03-14T18:00:00+00:00,GW30,b5ed6c3e-25b0-50e3-8e36-86250fd00a0b,3,30,4156c194-ad00-5d9c-aa4d-5f67c7deba01,LDM,True
fplcore:25-26-prem-burnley-vs-afc-bournemouth,aec63649-ffe1-5e88-829b-d1e462e7e679,Đ. Petrović,2025-26:4,1,90.0,1,,10.6,47.6,fpl_core_insights_detailed,2026-03-14T18:00:00+00:00,GW30,b5ed6c3e-25b0-50e3-8e36-86250fd00a0b,4,30,aec63649-ffe1-5e88-829b-d1e462e7e679,GK,True
fplcore:25-26-prem-burnley-vs-afc-bournemouth,8ddc00f8-7aec-56e5-a5ba-d916b5ee5129,M. Tavernier,2025-26:4,1,90.0,1,CAM,55.8,45.1,fpl_core_insights_detailed,2026-03-14T18:00:00+00:00,GW30,b5ed6c3e-25b0-50e3-8e36-86250fd00a0b,4,30,8ddc00f8-7aec-56e5-a5ba-d916b5ee5129,RAM,True
fplcore:25-26-prem-burnley-vs-afc-bournemouth,c0582007-f657-5440-9f24-83c1666418bb,E. J. Kroupi,2025-26:4,1,79.0,1,RAM,58.5,36.2,fpl_core_insights_detailed,2026-03-14T18:00:00+00:00,GW30,b5ed6c3e-25b0-50e3-8e36-86250fd00a0b,4,30,c0582007-f657-5440-9f24-83c1666418bb,CAM,True
fplcore:25-26-prem-chelsea-vs-newcastle-united,412fc00b-6fb5-5606-bb30-04e075a83220,R. Sánchez,2025-26:7,1,90.0,1,,9.5,47.3,fpl_core_insights_detailed,2026-03-14T20:30:00+00:00,GW30,622cfd32-fefc-538b-92e0-7c761e8052b4,7,30,412fc00b-6fb5-5606-bb30-04e075a83220,GK,True
fplcore:25-26-prem-chelsea-vs-newcastle-united,3655e646-d6d9-51ce-a14d-bed863d96c3c,R. James,2025-26:7,1,90.0,1,CAM,58.7,28.6,fpl_core_insights_detailed,2026-03-14T20:30:00+00:00,GW30,622cfd32-fefc-538b-92e0-7c761e8052b4,7,30,3655e646-d6d9-51ce-a14d-bed863d96c3c,RDM,True
fplcore:25-26-prem-chelsea-vs-newcastle-united,5b51fc3a-1f45-56e1-9ecc-0bda87474227,E. Fernández,2025-26:7,1,90.0,1,RDM,58.6,54.7,fpl_core_insights_detailed,2026-03-14T20:30:00+00:00,GW30,622cfd32-fefc-538b-92e0-7c761e8052b4,7,30,5b51fc3a-1f45-56e1-9ecc-0bda87474227,CAM,True
fplcore:25-26-prem-chelsea-vs-newcastle-united,ef597ccf-9296-5f73-a908-245e5d67b0ef,A. Ramsdale,2025-26:15,1,90.0,1,,10.7,49.3,fpl_core_insights_detailed,2026-03-14T20:30:00+00:00,GW30,622cfd32-fefc-538b-92e0-7c761e8052b4,15,30,ef597ccf-9296-5f73-a908-245e5d67b0ef,GK,True
fplcore:25-26-prem-chelsea-vs-newcastle-united,fa7d8081-617d-5e86-a227-d01a088e1f55,J. Willock,2025-26:15,1,76.0,1,RAM,51.1,50.6,fpl_core_insights_detailed,2026-03-14T20:30:00+00:00,GW30,622cfd32-fefc-538b-92e0-7c761e8052b4,15,30,fa7d8081-617d-5e86-a227-d01a088e1f55,RDM,True
fplcore:25-26-prem-chelsea-vs-newcastle-united,b5144153-3ffb-56d4-89c7-cf4cc50a101e,J. Murphy,2025-26:15,1,77.0,1,RDM,49.1,23.5,fpl_core_insights_detailed,2026-03-14T20:30:00+00:00,GW30,622cfd32-fefc-538b-92e0-7c761e8052b4,15,30,b5144153-3ffb-56d4-89c7-cf4cc50a101e,RAM,True
fplcore:25-26-prem-crystal-palace-vs-leeds-united,41c51b76-9927-5c91-821a-99eed1686fa9,W. Benítez,2025-26:8,1,90.0,1,,7.3,49.8,fpl_core_insights_detailed,2026-03-15T17:00:00+00:00,GW30,17a9d946-6355-53b8-baf6-c49011bd1d69,8,30,41c51b76-9927-5c91-821a-99eed1686fa9,GK,True
fplcore:25-26-prem-crystal-palace-vs-leeds-united,e0417b35-b1b1-5957-8ee5-7996c5db5cb0,B. Johnson,2025-26:8,1,79.0,1,RAM,55.7,23.6,fpl_core_insights_detailed,2026-03-15T17:00:00+00:00,GW30,17a9d946-6355-53b8-baf6-c49011bd1d69,8,30,e0417b35-b1b1-5957-8ee5-7996c5db5cb0,RWB,True
fplcore:25-26-prem-crystal-palace-vs-leeds-united,0fa345a4-e26c-50d4-8f35-8b13aa9d7c09,W. Hughes,2025-26:8,1,59.0,1,RWB,52.1,47.3,fpl_core_insights_detailed,2026-03-15T17:00:00+00:00,GW30,17a9d946-6355-53b8-baf6-c49011bd1d69,8,30,0fa345a4-e26c-50d4-8f35-8b13aa9d7c09,RCM,True
fplcore:25-26-prem-crystal-palace-vs-leeds-united,9a90c10b-4796-5eda-a505-8db9bc21605d,I. Sarr,2025-26:8,1,90.0,1,LAM,56.9,40.3,fpl_core_insights_detailed,2026-03-15T17:00:00+00:00,GW30,17a9d946-6355-53b8-baf6-c49011bd1d69,8,30,9a90c10b-4796-5eda-a505-8db9bc21605d,RAM,True
fplcore:25-26-prem-crystal-palace-vs-leeds-united,5cde41a6-f4dd-545d-93c5-e931c1be6f72,E. Guessand,2025-26:8,1,90.0,1,ST,61.7,61.2,fpl_core_insights_detailed,2026-03-15T17:00:00+00:00,GW30,17a9d946-6355-53b8-baf6-c49011bd1d69,8,30,5cde41a6-f4dd-545d-93c5-e931c1be6f72,LAM,True
fplcore:25-26-prem-crystal-palace-vs-leeds-united,b6fb865b-2ea3-5f14-9db7-b2b1c2d82003,J. S. Larsen,2025-26:8,1,59.0,1,RCM,51.9,54.3,fpl_core_insights_detailed,2026-03-15T17:00:00+00:00,GW30,17a9d946-6355-53b8-baf6-c49011bd1d69,8,30,b6fb865b-2ea3-5f14-9db7-b2b1c2d82003,ST,True
fplcore:25-26-prem-crystal-palace-vs-leeds-united,d921acea-ffba-515b-a957-12586c43f133,K. Darlow,2025-26:11,1,90.0,1,,15.3,47.6,fpl_core_insights_detailed,2026-03-15T17:00:00+00:00,GW30,17a9d946-6355-53b8-baf6-c49011bd1d69,11,30,d921acea-ffba-515b-a957-12586c43f133,GK,True
fplcore:25-26-prem-crystal-palace-vs-leeds-united,e5ce8638-ef71-56e5-ae05-c0e425118aa3,J. Justin,2025-26:11,1,90.0,1,LCM,51.3,49.5,fpl_core_insights_detailed,2026-03-15T17:00:00+00:00,GW30,17a9d946-6355-53b8-baf6-c49011bd1d69,11,30,e5ce8638-ef71-56e5-ae05-c0e425118aa3,RWB,True
fplcore:25-26-prem-crystal-palace-vs-leeds-united,82e95b4b-22b2-59a9-b33b-e199df378fe3,E. Ampadu,2025-26:11,1,90.0,1,RWB,47.4,47.5,fpl_core_insights_detailed,2026-03-15T17:00:00+00:00,GW30,17a9d946-6355-53b8-baf6-c49011bd1d69,11,30,82e95b4b-22b2-59a9-b33b-e199df378fe3,RCM,True
fplcore:25-26-prem-crystal-palace-vs-leeds-united,9066de74-0bf4-5c6d-8a3f-3b977b735a67,A. Stach,2025-26:11,1,90.0,1,RCM,47.4,48.0,fpl_core_insights_detailed,2026-03-15T17:00:00+00:00,GW30,17a9d946-6355-53b8-baf6-c49011bd1d69,11,30,9066de74-0bf4-5c6d-8a3f-3b977b735a67,LCM,True
fplcore:25-26-prem-crystal-palace-vs-leeds-united,c550c5c9-6be9-5d60-a724-ed8b1d333548,B. Aaronson,2025-26:11,1,45.0,1,ST,62.9,26.4,fpl_core_insights_detailed,2026-03-15T17:00:00+00:00,GW30,17a9d946-6355-53b8-baf6-c49011bd1d69,11,30,c550c5c9-6be9-5d60-a724-ed8b1d333548,CAM,True
fplcore:25-26-prem-crystal-palace-vs-leeds-united,63588bd5-68f8-567a-8175-c17ab42b05f3,D. Calvert-Lewin,2025-26:11,1,90.0,1,CAM,54.3,52.1,fpl_core_insights_detailed,2026-03-15T17:00:00+00:00,GW30,17a9d946-6355-53b8-baf6-c49011bd1d69,11,30,63588bd5-68f8-567a-8175-c17ab42b05f3,ST,True
fplcore:25-26-prem-liverpool-vs-tottenham-hotspur,bb7d5990-008e-5f6d-871a-83ec4490dd2d,Alisson,2025-26:12,1,90.0,1,,9.2,48.2,fpl_core_insights_detailed,2026-03-15T19:30:00+00:00,GW30,5766fb4a-8b72-52a7-9737-b231937d4d3c,12,30,bb7d5990-008e-5f6d-871a-83ec4490dd2d,GK,True
fplcore:25-26-prem-liverpool-vs-tottenham-hotspur,3c77aa9b-7767-5636-9780-0d94d829b326,G. Vicario,2025-26:18,1,90.0,1,,8.2,50.7,fpl_core_insights_detailed,2026-03-15T19:30:00+00:00,GW30,5766fb4a-8b72-52a7-9737-b231937d4d3c,18,30,3c77aa9b-7767-5636-9780-0d94d829b326,GK,True
fplcore:25-26-prem-liverpool-vs-tottenham-hotspur,e85a3c19-e5b4-542c-b4a1-85edbb700d53,P. M. Sarr,2025-26:18,1,90.0,1,LW,44.6,61.6,fpl_core_insights_detailed,2026-03-15T19:30:00+00:00,GW30,5766fb4a-8b72-52a7-9737-b231937d4d3c,18,30,e85a3c19-e5b4-542c-b4a1-85edbb700d53,LCM,True
fplcore:25-26-prem-liverpool-vs-tottenham-hotspur,4aecc997-ca9d-57ec-a854-3151849bde99,M. Tel,2025-26:18,1,74.0,1,LCM,64.3,59.7,fpl_core_insights_detailed,2026-03-15T19:30:00+00:00,GW30,5766fb4a-8b72-52a7-9737-b231937d4d3c,18,30,4aecc997-ca9d-57ec-a854-3151849bde99,LW,True
fplcore:25-26-prem-manchester-united-vs-aston-villa,63a30902-aa79-59d2-bbc6-903ff41e54dc,S. Lammens,2025-26:14,1,90.0,1,,11.6,47.5,fpl_core_insights_detailed,2026-03-15T17:00:00+00:00,GW30,70cc935f-f357-52d9-b752-3a2a21e28e41,14,30,63a30902-aa79-59d2-bbc6-903ff41e54dc,GK,True
fplcore:25-26-prem-manchester-united-vs-aston-villa,db76d454-818a-5043-8d04-22e24f696027,E. Martínez,2025-26:2,1,90.0,1,,8.8,49.1,fpl_core_insights_detailed,2026-03-15T17:00:00+00:00,GW30,70cc935f-f357-52d9-b752-3a2a21e28e41,2,30,db76d454-818a-5043-8d04-22e24f696027,GK,True
fplcore:25-26-prem-manchester-united-vs-aston-villa,492c6463-bf4e-50f7-a6c1-23e8693ceea0,A. Onana,2025-26:2,1,90.0,1,LAM,52.7,44.1,fpl_core_insights_detailed,2026-03-15T17:00:00+00:00,GW30,70cc935f-f357-52d9-b752-3a2a21e28e41,2,30,492c6463-bf4e-50f7-a6c1-23e8693ceea0,RDM,True
fplcore:25-26-prem-manchester-united-vs-aston-villa,7a546fa7-fe3d-5862-a0fc-4542c4583e9e,R. Barkley,2025-26:2,1,81.0,1,RDM,44.6,56.6,fpl_core_insights_detailed,2026-03-15T17:00:00+00:00,GW30,70cc935f-f357-52d9-b752-3a2a21e28e41,2,30,7a546fa7-fe3d-5862-a0fc-4542c4583e9e,LDM,True
fplcore:25-26-prem-manchester-united-vs-aston-villa,77f6a9da-b2d4-5034-84c5-2580945368b8,M. Rogers,2025-26:2,1,90.0,1,CAM,58.8,39.8,fpl_core_insights_detailed,2026-03-15T17:00:00+00:00,GW30,70cc935f-f357-52d9-b752-3a2a21e28e41,2,30,77f6a9da-b2d4-5034-84c5-2580945368b8,RAM,True
fplcore:25-26-prem-manchester-united-vs-aston-villa,3f25f3e8-deb4-5121-abaf-e0c9f890735f,J. McGinn,2025-26:2,1,60.0,1,RAM,61.4,38.7,fpl_core_insights_detailed,2026-03-15T17:00:00+00:00,GW30,70cc935f-f357-52d9-b752-3a2a21e28e41,2,30,3f25f3e8-deb4-5121-abaf-e0c9f890735f,CAM,True
fplcore:25-26-prem-manchester-united-vs-aston-villa,c200ab96-c995-5e7a-a713-5bac0dc5b3fa,E. Buendía,2025-26:2,1,85.0,1,LDM,49.8,66.6,fpl_core_insights_detailed,2026-03-15T17:00:00+00:00,GW30,70cc935f-f357-52d9-b752-3a2a21e28e41,2,30,c200ab96-c995-5e7a-a713-5bac0dc5b3fa,LAM,True
fplcore:25-26-prem-nottingham-forest-vs-fulham,5dfbea2f-beb3-54f9-ad39-1f8f81f8a323,M. Sels,2025-26:16,1,90.0,1,,10.7,53.5,fpl_core_insights_detailed,2026-03-15T17:00:00+00:00,GW30,bf65d025-43dc-57fa-842e-f2c6a2eb4f8c,16,30,5dfbea2f-beb3-54f9-ad39-1f8f81f8a323,GK,True
fplcore:25-26-prem-nottingham-forest-vs-fulham,fc1d6631-4455-5cd1-be3d-3748e604ca74,I. Sangaré,2025-26:16,1,90.0,1,LDM,44.1,33.9,fpl_core_insights_detailed,2026-03-15T17:00:00+00:00,GW30,bf65d025-43dc-57fa-842e-f2c6a2eb4f8c,16,30,fc1d6631-4455-5cd1-be3d-3748e604ca74,RDM,True
fplcore:25-26-prem-nottingham-forest-vs-fulham,89ca84c0-8f48-5f1a-913d-799d45f1691e,E. Anderson,2025-26:16,1,87.0,1,CAM,54.5,56.3,fpl_core_insights_detailed,2026-03-15T17:00:00+00:00,GW30,bf65d025-43dc-57fa-842e-f2c6a2eb4f8c,16,30,89ca84c0-8f48-5f1a-913d-799d45f1691e,LDM,True
fplcore:25-26-prem-nottingham-forest-vs-fulham,a2afe8eb-9890-541f-9258-8202cd512f1f,N. Domínguez,2025-26:16,1,45.0,1,RDM,47.2,31.7,fpl_core_insights_detailed,2026-03-15T17:00:00+00:00,GW30,bf65d025-43dc-57fa-842e-f2c6a2eb4f8c,16,30,a2afe8eb-9890-541f-9258-8202cd512f1f,CAM,True
fplcore:25-26-prem-nottingham-forest-vs-fulham,83056bd2-b742-5b28-b32d-8ba4a3902c61,B. Leno,2025-26:10,1,90.0,1,,11.4,51.8,fpl_core_insights_detailed,2026-03-15T17:00:00+00:00,GW30,bf65d025-43dc-57fa-842e-f2c6a2eb4f8c,10,30,83056bd2-b742-5b28-b32d-8ba4a3902c61,GK,True
fplcore:25-26-prem-sunderland-vs-brighton-hove-albion,6a84c769-ac8f-5aa6-b83b-8d51625d8b35,M. Ellborg,2025-26:17,1,90.0,1,,13.7,51.4,fpl_core_insights_detailed,2026-03-14T18:00:00+00:00,GW30,7729aaf4-dd5e-5f38-a0a4-430fccf34c7c,17,30,6a84c769-ac8f-5aa6-b83b-8d51625d8b35,GK,True
fplcore:25-26-prem-sunderland-vs-brighton-hove-albion,9720eb96-9da3-5717-9ed4-45874361e243,B. Verbruggen,2025-26:6,1,90.0,1,,9.5,47.5,fpl_core_insights_detailed,2026-03-14T18:00:00+00:00,GW30,7729aaf4-dd5e-5f38-a0a4-430fccf34c7c,6,30,9720eb96-9da3-5717-9ed4-45874361e243,GK,True
fplcore:25-26-prem-west-ham-united-vs-manchester-city,82a85fe5-3695-5749-b382-fb39650267e9,M. Hermansen,2025-26:19,1,90.0,1,,10.7,50.8,fpl_core_insights_detailed,2026-03-14T23:00:00+00:00,GW30,ebb30294-ec65-5a92-a141-2fa11e9b549c,19,30,82a85fe5-3695-5749-b382-fb39650267e9,GK,True
fplcore:25-26-prem-west-ham-united-vs-manchester-city,35ad91b8-a753-5dab-beac-21a352e5cb13,A. Wan-Bissaka,2025-26:19,1,90.0,1,RAM,46.5,12.5,fpl_core_insights_detailed,2026-03-14T23:00:00+00:00,GW30,ebb30294-ec65-5a92-a141-2fa11e9b549c,19,30,35ad91b8-a753-5dab-beac-21a352e5cb13,RWB,True
fplcore:25-26-prem-west-ham-united-vs-manchester-city,bafec5b4-70cd-5296-82ed-5f50f9b35506,T. Souček,2025-26:19,1,90.0,1,RWB,35.8,36.1,fpl_core_insights_detailed,2026-03-14T23:00:00+00:00,GW30,ebb30294-ec65-5a92-a141-2fa11e9b549c,19,30,bafec5b4-70cd-5296-82ed-5f50f9b35506,RCM,True
fplcore:25-26-prem-west-ham-united-vs-manchester-city,79420363-80f0-5eb5-bef5-e1e31f62877c,M. Fernandes,2025-26:19,1,90.0,1,RCM,41.4,39.9,fpl_core_insights_detailed,2026-03-14T23:00:00+00:00,GW30,ebb30294-ec65-5a92-a141-2fa11e9b549c,19,30,79420363-80f0-5eb5-bef5-e1e31f62877c,LCM,True
fplcore:25-26-prem-west-ham-united-vs-manchester-city,4e68227a-9577-5c26-99fa-8a519b052582,J. Bowen,2025-26:19,1,90.0,1,LAM,45.6,26.4,fpl_core_insights_detailed,2026-03-14T23:00:00+00:00,GW30,ebb30294-ec65-5a92-a141-2fa11e9b549c,19,30,4e68227a-9577-5c26-99fa-8a519b052582,RAM,True
fplcore:25-26-prem-west-ham-united-vs-manchester-city,ad87488c-769c-5325-bce6-63daff9b32a3,P. Felipe,2025-26:19,1,63.0,1,LCM,39.2,62.3,fpl_core_insights_detailed,2026-03-14T23:00:00+00:00,GW30,ebb30294-ec65-5a92-a141-2fa11e9b549c,19,30,ad87488c-769c-5325-bce6-63daff9b32a3,LAM,True
fplcore:25-26-prem-west-ham-united-vs-manchester-city,67859d1e-575f-5ae4-aa8d-8f36bd11696e,G. Donnarumma,2025-26:13,1,90.0,1,,11.2,45.9,fpl_core_insights_detailed,2026-03-14T23:00:00+00:00,GW30,ebb30294-ec65-5a92-a141-2fa11e9b549c,13,30,67859d1e-575f-5ae4-aa8d-8f36bd11696e,GK,True
fplcore:25-26-prem-afc-bournemouth-vs-manchester-united,aec63649-ffe1-5e88-829b-d1e462e7e679,Đ. Petrović,2025-26:4,1,90.0,1,,9.1,48.5,fpl_core_insights_detailed,2026-03-20T23:00:00+00:00,GW31,f9e40dc0-3f7f-564f-aecb-0459ee9f4389,4,31,aec63649-ffe1-5e88-829b-d1e462e7e679,GK,True
fplcore:25-26-prem-afc-bournemouth-vs-manchester-united,63a30902-aa79-59d2-bbc6-903ff41e54dc,S. Lammens,2025-26:14,1,90.0,1,,10.0,50.7,fpl_core_insights_detailed,2026-03-20T23:00:00+00:00,GW31,f9e40dc0-3f7f-564f-aecb-0459ee9f4389,14,31,63a30902-aa79-59d2-bbc6-903ff41e54dc,GK,True
fplcore:25-26-prem-aston-villa-vs-west-ham-united,db76d454-818a-5043-8d04-22e24f696027,E. Martínez,2025-26:2,1,90.0,1,,9.7,48.3,fpl_core_insights_detailed,2026-03-22T17:15:00+00:00,GW31,1ce47acb-bab6-57a0-b8fc-b4936d9f71f7,2,31,db76d454-818a-5043-8d04-22e24f696027,GK,True
fplcore:25-26-prem-aston-villa-vs-west-ham-united,82a85fe5-3695-5749-b382-fb39650267e9,M. Hermansen,2025-26:19,1,90.0,1,,8.9,50.6,fpl_core_insights_detailed,2026-03-22T17:15:00+00:00,GW31,1ce47acb-bab6-57a0-b8fc-b4936d9f71f7,19,31,82a85fe5-3695-5749-b382-fb39650267e9,GK,True
fplcore:25-26-prem-brighton-hove-albion-vs-liverpool,9720eb96-9da3-5717-9ed4-45874361e243,B. Verbruggen,2025-26:6,1,90.0,1,,12.5,49.4,fpl_core_insights_detailed,2026-03-21T15:45:00+00:00,GW31,54675f42-95ba-5491-a3fd-06557d576830,6,31,9720eb96-9da3-5717-9ed4-45874361e243,GK,True
fplcore:25-26-prem-brighton-hove-albion-vs-liverpool,a5750705-f098-5007-84b9-214a2063f4c8,J. Milner,2025-26:6,1,75.0,1,LDM,45.9,37.8,fpl_core_insights_detailed,2026-03-21T15:45:00+00:00,GW31,54675f42-95ba-5491-a3fd-06557d576830,6,31,a5750705-f098-5007-84b9-214a2063f4c8,RDM,True
fplcore:25-26-prem-brighton-hove-albion-vs-liverpool,eb26516f-9061-5a83-a316-5cd4bef43df5,P. Groß,2025-26:6,1,90.0,1,CAM,58.2,60.9,fpl_core_insights_detailed,2026-03-21T15:45:00+00:00,GW31,54675f42-95ba-5491-a3fd-06557d576830,6,31,eb26516f-9061-5a83-a316-5cd4bef43df5,LDM,True
fplcore:25-26-prem-brighton-hove-albion-vs-liverpool,bec3b39e-5fff-5ae4-a7ba-ba525d5b3911,D. Gómez,2025-26:6,1,90.0,1,RDM,55.6,22.2,fpl_core_insights_detailed,2026-03-21T15:45:00+00:00,GW31,54675f42-95ba-5491-a3fd-06557d576830,6,31,bec3b39e-5fff-5ae4-a7ba-ba525d5b3911,RAM,True
fplcore:25-26-prem-brighton-hove-albion-vs-liverpool,b0761079-7e99-5095-aa38-877404766193,J. Hinshelwood,2025-26:6,1,82.0,1,RAM,58.6,42.7,fpl_core_insights_detailed,2026-03-21T15:45:00+00:00,GW31,54675f42-95ba-5491-a3fd-06557d576830,6,31,b0761079-7e99-5095-aa38-877404766193,CAM,True
fplcore:25-26-prem-brighton-hove-albion-vs-liverpool,f2831f63-18d0-5405-9349-288d723614fe,G. Mamardashvili,2025-26:12,1,90.0,1,,8.6,49.6,fpl_core_insights_detailed,2026-03-21T15:45:00+00:00,GW31,54675f42-95ba-5491-a3fd-06557d576830,12,31,f2831f63-18d0-5405-9349-288d723614fe,GK,True
fplcore:25-26-prem-brighton-hove-albion-vs-liverpool,e1be452d-eabb-5030-8f89-d3b48d85fedb,F. Wirtz,2025-26:12,1,90.0,1,CAM,54.6,52.3,fpl_core_insights_detailed,2026-03-21T15:45:00+00:00,GW31,54675f42-95ba-5491-a3fd-06557d576830,12,31,e1be452d-eabb-5030-8f89-d3b48d85fedb,LCM,True
fplcore:25-26-prem-brighton-hove-albion-vs-liverpool,d982f8cc-b7f6-5eef-880a-7588a8d9c761,A. Mac Allister,2025-26:12,1,90.0,1,LCM,52.9,52.2,fpl_core_insights_detailed,2026-03-21T15:45:00+00:00,GW31,54675f42-95ba-5491-a3fd-06557d576830,12,31,d982f8cc-b7f6-5eef-880a-7588a8d9c761,CAM,True
fplcore:25-26-prem-everton-vs-chelsea,57881605-ab70-5c0d-865f-433201de3f6f,J. Pickford,2025-26:9,1,90.0,1,,13.7,52.1,fpl_core_insights_detailed,2026-03-21T20:30:00+00:00,GW31,039b583c-5bdc-51f2-8934-ef0b7746978e,9,31,57881605-ab70-5c0d-865f-433201de3f6f,GK,True
fplcore:25-26-prem-everton-vs-chelsea,412fc00b-6fb5-5606-bb30-04e075a83220,R. Sánchez,2025-26:7,1,90.0,1,,9.8,49.3,fpl_core_insights_detailed,2026-03-21T20:30:00+00:00,GW31,039b583c-5bdc-51f2-8934-ef0b7746978e,7,31,412fc00b-6fb5-5606-bb30-04e075a83220,GK,True
fplcore:25-26-prem-fulham-vs-burnley,83056bd2-b742-5b28-b32d-8ba4a3902c61,B. Leno,2025-26:10,1,90.0,1,,9.8,48.3,fpl_core_insights_detailed,2026-03-21T18:00:00+00:00,GW31,8f269e69-30e8-524b-8bbd-2a4eba3eecb6,10,31,83056bd2-b742-5b28-b32d-8ba4a3902c61,GK,True
fplcore:25-26-prem-fulham-vs-burnley,148b32f1-d60d-5cdd-9ffe-a5938fcb8671,M. Dúbravka,2025-26:3,1,90.0,1,,10.1,49.9,fpl_core_insights_detailed,2026-03-21T18:00:00+00:00,GW31,8f269e69-30e8-524b-8bbd-2a4eba3eecb6,3,31,148b32f1-d60d-5cdd-9ffe-a5938fcb8671,GK,True
fplcore:25-26-prem-leeds-united-vs-brentford,d921acea-ffba-515b-a957-12586c43f133,K. Darlow,2025-26:11,1,90.0,1,,13.3,50.5,fpl_core_insights_detailed,2026-03-21T23:00:00+00:00,GW31,09eed520-5d17-51e8-8b91-f6b3a3579507,11,31,d921acea-ffba-515b-a957-12586c43f133,GK,True
fplcore:25-26-prem-leeds-united-vs-brentford,474896af-e9ef-5bb3-b82b-79c2fb8c891e,J. Bogle,2025-26:11,1,90.0,1,CAM,58.1,21.4,fpl_core_insights_detailed,2026-03-21T23:00:00+00:00,GW31,09eed520-5d17-51e8-8b91-f6b3a3579507,11,31,474896af-e9ef-5bb3-b82b-79c2fb8c891e,RWB,True
fplcore:25-26-prem-leeds-united-vs-brentford,c550c5c9-6be9-5d60-a724-ed8b1d333548,B. Aaronson,2025-26:11,1,68.0,1,RWB,54.3,34.7,fpl_core_insights_detailed,2026-03-21T23:00:00+00:00,GW31,09eed520-5d17-51e8-8b91-f6b3a3579507,11,31,c550c5c9-6be9-5d60-a724-ed8b1d333548,CAM,True
fplcore:25-26-prem-leeds-united-vs-brentford,3cfeb2a8-cad5-5980-9946-aecc5eb2b011,C. Kelleher,2025-26:5,1,90.0,1,,9.2,48.9,fpl_core_insights_detailed,2026-03-21T23:00:00+00:00,GW31,09eed520-5d17-51e8-8b91-f6b3a3579507,5,31,3cfeb2a8-cad5-5980-9946-aecc5eb2b011,GK,True
fplcore:25-26-prem-newcastle-united-vs-sunderland,ef597ccf-9296-5f73-a908-245e5d67b0ef,A. Ramsdale,2025-26:15,1,90.0,1,,15.2,50.0,fpl_core_insights_detailed,2026-03-22T15:00:00+00:00,GW31,7313aaff-81b0-56c8-87cc-36234384a14a,15,31,ef597ccf-9296-5f73-a908-245e5d67b0ef,GK,True
fplcore:25-26-prem-newcastle-united-vs-sunderland,6a84c769-ac8f-5aa6-b83b-8d51625d8b35,M. Ellborg,2025-26:17,1,90.0,1,,12.0,48.9,fpl_core_insights_detailed,2026-03-22T15:00:00+00:00,GW31,7313aaff-81b0-56c8-87cc-36234384a14a,17,31,6a84c769-ac8f-5aa6-b83b-8d51625d8b35,GK,True
fplcore:25-26-prem-tottenham-hotspur-vs-nottingham-forest,3c77aa9b-7767-5636-9780-0d94d829b326,G. Vicario,2025-26:18,1,90.0,1,,12.5,48.3,fpl_core_insights_detailed,2026-03-22T17:15:00+00:00,GW31,fd338246-8ad6-503a-aaa4-7c8328aae763,18,31,3c77aa9b-7767-5636-9780-0d94d829b326,GK,True
fplcore:25-26-prem-tottenham-hotspur-vs-nottingham-forest,9e042355-866c-5b17-9097-0d84e263ecf3,K. Danso,2025-26:18,1,90.0,1,LCB,40.2,55.0,fpl_core_insights_detailed,2026-03-22T17:15:00+00:00,GW31,fd338246-8ad6-503a-aaa4-7c8328aae763,18,31,9e042355-866c-5b17-9097-0d84e263ecf3,RCB,True
fplcore:25-26-prem-tottenham-hotspur-vs-nottingham-forest,b29e3c1f-f8e8-5b6a-a5de-fbd51d039e55,C. Romero,2025-26:18,1,90.0,1,RCB,40.5,43.3,fpl_core_insights_detailed,2026-03-22T17:15:00+00:00,GW31,fd338246-8ad6-503a-aaa4-7c8328aae763,18,31,b29e3c1f-f8e8-5b6a-a5de-fbd51d039e55,LCB,True
fplcore:25-26-prem-tottenham-hotspur-vs-nottingham-forest,5dfbea2f-beb3-54f9-ad39-1f8f81f8a323,M. Sels,2025-26:16,1,90.0,1,,10.0,47.4,fpl_core_insights_detailed,2026-03-22T17:15:00+00:00,GW31,fd338246-8ad6-503a-aaa4-7c8328aae763,16,31,5dfbea2f-beb3-54f9-ad39-1f8f81f8a323,GK,True
fplcore:25-26-prem-arsenal-vs-afc-bournemouth,9ac55e79-9cb2-5ac5-ae8c-6a2ebd620277,D. Raya,2025-26:1,1,90.0,1,,13.3,46.0,fpl_core_insights_detailed,2026-04-11T14:30:00+00:00,GW32,b28efaf8-9f88-581f-b35a-177aca0f37a6,1,32,9ac55e79-9cb2-5ac5-ae8c-6a2ebd620277,GK,True
fplcore:25-26-prem-arsenal-vs-afc-bournemouth,a8d1cfeb-4f1e-53fc-a90a-4610ccf746c6,D. Rice,2025-26:1,1,90.0,1,CAM,56.0,56.6,fpl_core_insights_detailed,2026-04-11T14:30:00+00:00,GW32,b28efaf8-9f88-581f-b35a-177aca0f37a6,1,32,a8d1cfeb-4f1e-53fc-a90a-4610ccf746c6,LDM,True
fplcore:25-26-prem-arsenal-vs-afc-bournemouth,ef53aa3a-f5fe-5a12-9743-66a2adc7f069,K. Havertz,2025-26:1,1,53.0,1,LDM,54.5,41.9,fpl_core_insights_detailed,2026-04-11T14:30:00+00:00,GW32,b28efaf8-9f88-581f-b35a-177aca0f37a6,1,32,ef53aa3a-f5fe-5a12-9743-66a2adc7f069,CAM,True
fplcore:25-26-prem-arsenal-vs-afc-bournemouth,aec63649-ffe1-5e88-829b-d1e462e7e679,Đ. Petrović,2025-26:4,1,90.0,1,,9.1,50.3,fpl_core_insights_detailed,2026-04-11T14:30:00+00:00,GW32,b28efaf8-9f88-581f-b35a-177aca0f37a6,4,32,aec63649-ffe1-5e88-829b-d1e462e7e679,GK,True
fplcore:25-26-prem-arsenal-vs-afc-bournemouth,8ddc00f8-7aec-56e5-a5ba-d916b5ee5129,M. Tavernier,2025-26:4,1,90.0,1,LAM,57.2,82.0,fpl_core_insights_detailed,2026-04-11T14:30:00+00:00,GW32,b28efaf8-9f88-581f-b35a-177aca0f37a6,4,32,8ddc00f8-7aec-56e5-a5ba-d916b5ee5129,CAM,True
fplcore:25-26-prem-arsenal-vs-afc-bournemouth,c0582007-f657-5440-9f24-83c1666418bb,E. J. Kroupi,2025-26:4,1,84.0,1,CAM,61.4,39.2,fpl_core_insights_detailed,2026-04-11T14:30:00+00:00,GW32,b28efaf8-9f88-581f-b35a-177aca0f37a6,4,32,c0582007-f657-5440-9f24-83c1666418bb,LAM,True
fplcore:25-26-prem-brentford-vs-everton,3cfeb2a8-cad5-5980-9946-aecc5eb2b011,C. Kelleher,2025-26:5,1,90.0,1,,11.2,48.3,fpl_core_insights_detailed,2026-04-11T17:00:00+00:00,GW32,875862ec-2f61-5965-8e94-d3ed55e4bf3f,5,32,3cfeb2a8-cad5-5980-9946-aecc5eb2b011,GK,True
fplcore:25-26-prem-brentford-vs-everton,57881605-ab70-5c0d-865f-433201de3f6f,J. Pickford,2025-26:9,1,90.0,1,,16.0,51.8,fpl_core_insights_detailed,2026-04-11T17:00:00+00:00,GW32,875862ec-2f61-5965-8e94-d3ed55e4bf3f,9,32,57881605-ab70-5c0d-865f-433201de3f6f,GK,True
fplcore:25-26-prem-burnley-vs-brighton-hove-albion,148b32f1-d60d-5cdd-9ffe-a5938fcb8671,M. Dubravka,2025-26:3,1,90.0,1,,10.7,48.9,fpl_core_insights_detailed,2026-04-11T17:00:00+00:00,GW32,5556a528-cdc7-5a14-8fd1-7f9b7820b711,3,32,148b32f1-d60d-5cdd-9ffe-a5938fcb8671,GK,True
fplcore:25-26-prem-burnley-vs-brighton-hove-albion,4156c194-ad00-5d9c-aa4d-5f67c7deba01,J. Ward-Prowse,2025-26:3,1,90.0,1,LDM,46.0,44.0,fpl_core_insights_detailed,2026-04-11T17:00:00+00:00,GW32,5556a528-cdc7-5a14-8fd1-7f9b7820b711,3,32,4156c194-ad00-5d9c-aa4d-5f67c7deba01,RDM,True
fplcore:25-26-prem-burnley-vs-brighton-hove-albion,c59d2c13-36a9-56b4-b9fc-1462e5df19fc,F. Luís,2025-26:3,1,81.0,1,CAM,53.5,56.0,fpl_core_insights_detailed,2026-04-11T17:00:00+00:00,GW32,5556a528-cdc7-5a14-8fd1-7f9b7820b711,3,32,c59d2c13-36a9-56b4-b9fc-1462e5df19fc,LDM,True
fplcore:25-26-prem-burnley-vs-brighton-hove-albion,032150f9-1246-5989-8ac4-532f1e3bce74,L. Ugochukwu,2025-26:3,1,66.0,1,RDM,49.1,34.5,fpl_core_insights_detailed,2026-04-11T17:00:00+00:00,GW32,5556a528-cdc7-5a14-8fd1-7f9b7820b711,3,32,032150f9-1246-5989-8ac4-532f1e3bce74,CAM,True
fplcore:25-26-prem-burnley-vs-brighton-hove-albion,9720eb96-9da3-5717-9ed4-45874361e243,B. Verbruggen,2025-26:6,1,90.0,1,,13.4,49.1,fpl_core_insights_detailed,2026-04-11T17:00:00+00:00,GW32,5556a528-cdc7-5a14-8fd1-7f9b7820b711,6,32,9720eb96-9da3-5717-9ed4-45874361e243,GK,True
fplcore:25-26-prem-burnley-vs-brighton-hove-albion,de6b06be-d7b4-506e-9177-df5cf336214a,Y. Ayari,2025-26:6,1,90.0,1,LDM,46.6,49.2,fpl_core_insights_detailed,2026-04-11T17:00:00+00:00,GW32,5556a528-cdc7-5a14-8fd1-7f9b7820b711,6,32,de6b06be-d7b4-506e-9177-df5cf336214a,RDM,True
fplcore:25-26-prem-burnley-vs-brighton-hove-albion,eb26516f-9061-5a83-a316-5cd4bef43df5,P. Gross,2025-26:6,1,90.0,1,CAM,56.1,68.3,fpl_core_insights_detailed,2026-04-11T17:00:00+00:00,GW32,5556a528-cdc7-5a14-8fd1-7f9b7820b711,6,32,eb26516f-9061-5a83-a316-5cd4bef43df5,LDM,True
fplcore:25-26-prem-burnley-vs-brighton-hove-albion,bec3b39e-5fff-5ae4-a7ba-ba525d5b3911,D. Gómez,2025-26:6,1,87.0,1,RDM,53.3,25.9,fpl_core_insights_detailed,2026-04-11T17:00:00+00:00,GW32,5556a528-cdc7-5a14-8fd1-7f9b7820b711,6,32,bec3b39e-5fff-5ae4-a7ba-ba525d5b3911,RAM,True
fplcore:25-26-prem-burnley-vs-brighton-hove-albion,b0761079-7e99-5095-aa38-877404766193,J. Hinshelwood,2025-26:6,1,74.0,1,RAM,61.2,45.3,fpl_core_insights_detailed,2026-04-11T17:00:00+00:00,GW32,5556a528-cdc7-5a14-8fd1-7f9b7820b711,6,32,b0761079-7e99-5095-aa38-877404766193,CAM,True
fplcore:25-26-prem-chelsea-vs-manchester-city,412fc00b-6fb5-5606-bb30-04e075a83220,R. Sánchez,2025-26:7,1,90.0,1,,7.2,49.1,fpl_core_insights_detailed,2026-04-12T18:30:00+00:00,GW32,6b1ba362-3ee7-5a51-8722-835e7613942b,7,32,412fc00b-6fb5-5606-bb30-04e075a83220,GK,True
fplcore:25-26-prem-chelsea-vs-manchester-city,c92d55cb-06d1-553d-aad7-f64c0de898a5,M. Caicedo,2025-26:7,1,81.0,1,LDM,37.0,51.9,fpl_core_insights_detailed,2026-04-12T18:30:00+00:00,GW32,6b1ba362-3ee7-5a51-8722-835e7613942b,7,32,c92d55cb-06d1-553d-aad7-f64c0de898a5,RDM,True
fplcore:25-26-prem-chelsea-vs-manchester-city,762fd3f4-3f85-52c7-b5be-8c0c563cf25f,A. Santos,2025-26:7,1,66.0,1,RDM,33.6,35.9,fpl_core_insights_detailed,2026-04-12T18:30:00+00:00,GW32,6b1ba362-3ee7-5a51-8722-835e7613942b,7,32,762fd3f4-3f85-52c7-b5be-8c0c563cf25f,LDM,True
fplcore:25-26-prem-chelsea-vs-manchester-city,67859d1e-575f-5ae4-aa8d-8f36bd11696e,G. Donnarumma,2025-26:13,1,90.0,1,,9.3,48.8,fpl_core_insights_detailed,2026-04-12T18:30:00+00:00,GW32,6b1ba362-3ee7-5a51-8722-835e7613942b,13,32,67859d1e-575f-5ae4-aa8d-8f36bd11696e,GK,True
fplcore:25-26-prem-chelsea-vs-manchester-city,70198e6a-5cf9-5344-a2c0-f1b71dfeeb5f,B. Silva,2025-26:13,1,80.0,1,LDM,56.0,53.0,fpl_core_insights_detailed,2026-04-12T18:30:00+00:00,GW32,6b1ba362-3ee7-5a51-8722-835e7613942b,13,32,70198e6a-5cf9-5344-a2c0-f1b71dfeeb5f,RDM,True
fplcore:25-26-prem-chelsea-vs-manchester-city,6f380ed1-cc12-5a44-847a-217354668a1e,Rodri,2025-26:13,1,90.0,1,RDM,49.4,49.7,fpl_core_insights_detailed,2026-04-12T18:30:00+00:00,GW32,6b1ba362-3ee7-5a51-8722-835e7613942b,13,32,6f380ed1-cc12-5a44-847a-217354668a1e,LDM,True
fplcore:25-26-prem-crystal-palace-vs-newcastle-united,4e7d3349-c869-51f6-a9f2-e86405e21be5,D. Henderson,2025-26:8,1,90.0,1,,10.1,51.0,fpl_core_insights_detailed,2026-04-12T16:00:00+00:00,GW32,4fe9f44c-bfba-5934-849a-d84876aa86e8,8,32,4e7d3349-c869-51f6-a9f2-e86405e21be5,GK,True
fplcore:25-26-prem-crystal-palace-vs-newcastle-united,4e797913-6f5e-54d0-807d-555d7ec82308,J. Lerma,2025-26:8,1,90.0,1,LCM,47.5,58.0,fpl_core_insights_detailed,2026-04-12T16:00:00+00:00,GW32,4fe9f44c-bfba-5934-849a-d84876aa86e8,8,32,4e797913-6f5e-54d0-807d-555d7ec82308,RCM,True
fplcore:25-26-prem-crystal-palace-vs-newcastle-united,0fa345a4-e26c-50d4-8f35-8b13aa9d7c09,W. Hughes,2025-26:8,1,63.0,1,RCM,50.4,43.1,fpl_core_insights_detailed,2026-04-12T16:00:00+00:00,GW32,4fe9f44c-bfba-5934-849a-d84876aa86e8,8,32,0fa345a4-e26c-50d4-8f35-8b13aa9d7c09,LCM,True
fplcore:25-26-prem-crystal-palace-vs-newcastle-united,ef597ccf-9296-5f73-a908-245e5d67b0ef,A. Ramsdale,2025-26:15,1,90.0,1,,11.8,52.3,fpl_core_insights_detailed,2026-04-12T16:00:00+00:00,GW32,4fe9f44c-bfba-5934-849a-d84876aa86e8,15,32,ef597ccf-9296-5f73-a908-245e5d67b0ef,GK,True
fplcore:25-26-prem-crystal-palace-vs-newcastle-united,133b6e37-92c1-5dc9-a4dd-a5f957768626,Joelinton,2025-26:15,1,83.0,1,LCM,52.0,69.4,fpl_core_insights_detailed,2026-04-12T16:00:00+00:00,GW32,4fe9f44c-bfba-5934-849a-d84876aa86e8,15,32,133b6e37-92c1-5dc9-a4dd-a5f957768626,CM,True
fplcore:25-26-prem-crystal-palace-vs-newcastle-united,c7d912b7-acf9-59e7-a5a7-c7e64aed18da,S. Tonali,2025-26:15,1,90.0,1,CM,52.1,47.5,fpl_core_insights_detailed,2026-04-12T16:00:00+00:00,GW32,4fe9f44c-bfba-5934-849a-d84876aa86e8,15,32,c7d912b7-acf9-59e7-a5a7-c7e64aed18da,LCM,True
fplcore:25-26-prem-liverpool-vs-fulham,f2831f63-18d0-5405-9349-288d723614fe,G. Mamardashvili,2025-26:12,1,90.0,1,,8.9,47.1,fpl_core_insights_detailed,2026-04-11T19:30:00+00:00,GW32,3418c353-5740-5e88-81c0-761343aedea4,12,32,f2831f63-18d0-5405-9349-288d723614fe,GK,True
fplcore:25-26-prem-liverpool-vs-fulham,83056bd2-b742-5b28-b32d-8ba4a3902c61,B. Leno,2025-26:10,1,90.0,1,,7.3,48.9,fpl_core_insights_detailed,2026-04-11T19:30:00+00:00,GW32,3418c353-5740-5e88-81c0-761343aedea4,10,32,83056bd2-b742-5b28-b32d-8ba4a3902c61,GK,True
fplcore:25-26-prem-liverpool-vs-fulham,bf6c1651-0779-512e-9c37-3b8ac8c14714,A. Iwobi,2025-26:10,1,90.0,1,CAM,56.5,74.8,fpl_core_insights_detailed,2026-04-11T19:30:00+00:00,GW32,3418c353-5740-5e88-81c0-761343aedea4,10,32,bf6c1651-0779-512e-9c37-3b8ac8c14714,RDM,True
fplcore:25-26-prem-liverpool-vs-fulham,9f1ab4dd-f86c-5749-967d-c8f0fbfe15f7,J. King,2025-26:10,1,45.0,1,RDM,47.1,30.1,fpl_core_insights_detailed,2026-04-11T19:30:00+00:00,GW32,3418c353-5740-5e88-81c0-761343aedea4,10,32,9f1ab4dd-f86c-5749-967d-c8f0fbfe15f7,CAM,True
fplcore:25-26-prem-manchester-united-vs-leeds-united,63a30902-aa79-59d2-bbc6-903ff41e54dc,S. Lammens,2025-26:14,1,90.0,1,,9.3,50.2,fpl_core_insights_detailed,2026-04-13T22:00:00+00:00,GW32,9d7e2609-879a-5940-b916-fce719c34570,14,32,63a30902-aa79-59d2-bbc6-903ff41e54dc,GK,True
fplcore:25-26-prem-manchester-united-vs-leeds-united,cd221270-eb70-5941-b084-b02fff2a8b2e,L. Martínez,2025-26:14,1,55.0,1,LB,36.4,62.9,fpl_core_insights_detailed,2026-04-13T22:00:00+00:00,GW32,9d7e2609-879a-5940-b916-fce719c34570,14,32,cd221270-eb70-5941-b084-b02fff2a8b2e,LCB,True
fplcore:25-26-prem-manchester-united-vs-leeds-united,46c2018f-f80f-532e-b144-ef688e9f44eb,L. Shaw,2025-26:14,1,90.0,1,LDM,51.4,85.1,fpl_core_insights_detailed,2026-04-13T22:00:00+00:00,GW32,9d7e2609-879a-5940-b916-fce719c34570,14,32,46c2018f-f80f-532e-b144-ef688e9f44eb,LB,True
fplcore:25-26-prem-manchester-united-vs-leeds-united,e037fafa-e08a-50a4-8014-a43e6c2d13a4,Casemiro,2025-26:14,1,90.0,1,LCB,45.5,40.8,fpl_core_insights_detailed,2026-04-13T22:00:00+00:00,GW32,9d7e2609-879a-5940-b916-fce719c34570,14,32,e037fafa-e08a-50a4-8014-a43e6c2d13a4,RDM,True
fplcore:25-26-prem-manchester-united-vs-leeds-united,06edf8b9-4201-50b7-b9f9-2e6a7842f113,K. Mainoo,2025-26:14,1,0.0,1,ST,,,fpl_core_insights_detailed,2026-04-13T22:00:00+00:00,GW32,9d7e2609-879a-5940-b916-fce719c34570,14,32,06edf8b9-4201-50b7-b9f9-2e6a7842f113,LDM,True
fplcore:25-26-prem-manchester-united-vs-leeds-united,8b26f624-9357-5669-9698-f5fda36d4e75,B. Fernandes,2025-26:14,1,90.0,1,RDM,58.3,50.8,fpl_core_insights_detailed,2026-04-13T22:00:00+00:00,GW32,9d7e2609-879a-5940-b916-fce719c34570,14,32,8b26f624-9357-5669-9698-f5fda36d4e75,CAM,True
fplcore:25-26-prem-manchester-united-vs-leeds-united,f2eb0907-28df-5daf-b912-aec135508e38,B. Šeško,2025-26:14,1,90.0,1,CAM,63.8,49.1,fpl_core_insights_detailed,2026-04-13T22:00:00+00:00,GW32,9d7e2609-879a-5940-b916-fce719c34570,14,32,f2eb0907-28df-5daf-b912-aec135508e38,ST,True
fplcore:25-26-prem-manchester-united-vs-leeds-united,d921acea-ffba-515b-a957-12586c43f133,K. Darlow,2025-26:11,1,90.0,1,,9.9,47.5,fpl_core_insights_detailed,2026-04-13T22:00:00+00:00,GW32,9d7e2609-879a-5940-b916-fce719c34570,11,32,d921acea-ffba-515b-a957-12586c43f133,GK,True
fplcore:25-26-prem-manchester-united-vs-leeds-united,5a70a2e2-7a8a-554e-9ac0-d3c00ac6383f,P. Struijk,2025-26:11,1,90.0,1,LCB,34.8,69.8,fpl_core_insights_detailed,2026-04-13T22:00:00+00:00,GW32,9d7e2609-879a-5940-b916-fce719c34570,11,32,5a70a2e2-7a8a-554e-9ac0-d3c00ac6383f,RCB,True
fplcore:25-26-prem-manchester-united-vs-leeds-united,a8678248-1555-5a99-8bcd-6ec2a944ea53,S. Bornauw,2025-26:11,1,0.0,1,ST,,,fpl_core_insights_detailed,2026-04-13T22:00:00+00:00,GW32,9d7e2609-879a-5940-b916-fce719c34570,11,32,a8678248-1555-5a99-8bcd-6ec2a944ea53,CB,True
fplcore:25-26-prem-manchester-united-vs-leeds-united,43ae6b5e-3989-58fb-8540-6a539dd06218,J. Bijol,2025-26:11,1,90.0,1,CB,31.7,43.6,fpl_core_insights_detailed,2026-04-13T22:00:00+00:00,GW32,9d7e2609-879a-5940-b916-fce719c34570,11,32,43ae6b5e-3989-58fb-8540-6a539dd06218,LCB,True
fplcore:25-26-prem-manchester-united-vs-leeds-united,3b36fb97-62ec-53b8-882c-bd6a01550f8c,A. Tanaka,2025-26:11,1,73.0,1,LCM,51.8,59.1,fpl_core_insights_detailed,2026-04-13T22:00:00+00:00,GW32,9d7e2609-879a-5940-b916-fce719c34570,11,32,3b36fb97-62ec-53b8-882c-bd6a01550f8c,RCM,True
fplcore:25-26-prem-manchester-united-vs-leeds-united,3c3955d4-e30d-55eb-924e-d252c6949a50,I. Gruev,2025-26:11,1,16.0,1,LWB,52.8,69.8,fpl_core_insights_detailed,2026-04-13T22:00:00+00:00,GW32,9d7e2609-879a-5940-b916-fce719c34570,11,32,3c3955d4-e30d-55eb-924e-d252c6949a50,LCM,True
fplcore:25-26-prem-manchester-united-vs-leeds-united,e5ce8638-ef71-56e5-ae05-c0e425118aa3,J. Justin,2025-26:11,1,90.0,1,RCB,41.6,24.7,fpl_core_insights_detailed,2026-04-13T22:00:00+00:00,GW32,9d7e2609-879a-5940-b916-fce719c34570,11,32,e5ce8638-ef71-56e5-ae05-c0e425118aa3,LWB,True
fplcore:25-26-prem-manchester-united-vs-leeds-united,82e95b4b-22b2-59a9-b33b-e199df378fe3,E. Ampadu,2025-26:11,1,90.0,1,RCM,54.0,49.6,fpl_core_insights_detailed,2026-04-13T22:00:00+00:00,GW32,9d7e2609-879a-5940-b916-fce719c34570,11,32,82e95b4b-22b2-59a9-b33b-e199df378fe3,CAM,True
fplcore:25-26-prem-manchester-united-vs-leeds-united,c550c5c9-6be9-5d60-a724-ed8b1d333548,B. Aaronson,2025-26:11,1,85.0,1,CAM,61.1,41.6,fpl_core_insights_detailed,2026-04-13T22:00:00+00:00,GW32,9d7e2609-879a-5940-b916-fce719c34570,11,32,c550c5c9-6be9-5d60-a724-ed8b1d333548,ST,True
fplcore:25-26-prem-nottingham-forest-vs-aston-villa,5dfbea2f-beb3-54f9-ad39-1f8f81f8a323,M. Sels,2025-26:16,1,90.0,1,,10.9,48.6,fpl_core_insights_detailed,2026-04-12T16:00:00+00:00,GW32,ee2e6f43-96fc-5070-b018-615238c06305,16,32,5dfbea2f-beb3-54f9-ad39-1f8f81f8a323,GK,True
fplcore:25-26-prem-nottingham-forest-vs-aston-villa,8eec947b-c2ae-53d6-99f9-096b7744098a,Murillo,2025-26:16,1,90.0,1,LCB,40.0,65.6,fpl_core_insights_detailed,2026-04-12T16:00:00+00:00,GW32,ee2e6f43-96fc-5070-b018-615238c06305,16,32,8eec947b-c2ae-53d6-99f9-096b7744098a,RCB,True
fplcore:25-26-prem-nottingham-forest-vs-aston-villa,95a48a1c-ec3e-52d7-9657-44491739dede,N. Milenković,2025-26:16,1,90.0,1,RCB,37.3,37.6,fpl_core_insights_detailed,2026-04-12T16:00:00+00:00,GW32,ee2e6f43-96fc-5070-b018-615238c06305,16,32,95a48a1c-ec3e-52d7-9657-44491739dede,LCB,True
fplcore:25-26-prem-nottingham-forest-vs-aston-villa,91321184-4f36-5c7d-80ee-090e5416c822,M. Bizot,2025-26:2,1,90.0,1,,9.5,48.9,fpl_core_insights_detailed,2026-04-12T16:00:00+00:00,GW32,ee2e6f43-96fc-5070-b018-615238c06305,2,32,91321184-4f36-5c7d-80ee-090e5416c822,GK,True
fplcore:25-26-prem-sunderland-vs-tottenham-hotspur,17b0293a-a54d-554b-bdba-368217c87ad9,R. Roefs,2025-26:17,1,90.0,1,,10.1,54.2,fpl_core_insights_detailed,2026-04-12T16:00:00+00:00,GW32,ecd48097-3a63-58b6-a353-65332e720c42,17,32,17b0293a-a54d-554b-bdba-368217c87ad9,GK,True
fplcore:25-26-prem-sunderland-vs-tottenham-hotspur,98e68e85-52f1-5832-b572-18ffcbfa3d40,L. O'Nien,2025-26:17,1,90.0,1,RCB,43.2,37.8,fpl_core_insights_detailed,2026-04-12T16:00:00+00:00,GW32,ecd48097-3a63-58b6-a353-65332e720c42,17,32,98e68e85-52f1-5832-b572-18ffcbfa3d40,RB,True
fplcore:25-26-prem-sunderland-vs-tottenham-hotspur,53bfdbe9-b833-5ee6-b24f-4b838a2a0fa6,N. Mukiele,2025-26:17,1,81.0,1,RB,54.5,21.6,fpl_core_insights_detailed,2026-04-12T16:00:00+00:00,GW32,ecd48097-3a63-58b6-a353-65332e720c42,17,32,53bfdbe9-b833-5ee6-b24f-4b838a2a0fa6,RCB,True
fplcore:25-26-prem-sunderland-vs-tottenham-hotspur,e5098785-f2ed-5b29-af5e-f569a62ab2c0,N. Sadiki,2025-26:17,1,90.0,1,LAM,56.7,69.9,fpl_core_insights_detailed,2026-04-12T16:00:00+00:00,GW32,ecd48097-3a63-58b6-a353-65332e720c42,17,32,e5098785-f2ed-5b29-af5e-f569a62ab2c0,RDM,True
fplcore:25-26-prem-sunderland-vs-tottenham-hotspur,66bc60f5-fa76-5fa0-a7ca-b9f126393376,G. Xhaka,2025-26:17,1,90.0,1,RDM,46.5,53.4,fpl_core_insights_detailed,2026-04-12T16:00:00+00:00,GW32,ecd48097-3a63-58b6-a353-65332e720c42,17,32,66bc60f5-fa76-5fa0-a7ca-b9f126393376,LDM,True
fplcore:25-26-prem-sunderland-vs-tottenham-hotspur,40b6a84e-8e7e-529b-8b4e-a2979b1bc8e4,E. Le Fée,2025-26:17,1,90.0,1,LDM,51.8,75.9,fpl_core_insights_detailed,2026-04-12T16:00:00+00:00,GW32,ecd48097-3a63-58b6-a353-65332e720c42,17,32,40b6a84e-8e7e-529b-8b4e-a2979b1bc8e4,LAM,True
fplcore:25-26-prem-sunderland-vs-tottenham-hotspur,227cf32e-d062-5df9-8908-cb5491836ff8,A. Kinský,2025-26:18,1,90.0,1,,8.9,51.2,fpl_core_insights_detailed,2026-04-12T16:00:00+00:00,GW32,ecd48097-3a63-58b6-a353-65332e720c42,18,32,227cf32e-d062-5df9-8908-cb5491836ff8,GK,True
fplcore:25-26-prem-west-ham-united-vs-wolverhampton-wanderers,82a85fe5-3695-5749-b382-fb39650267e9,M. Hermansen,2025-26:19,1,90.0,1,,9.2,50.1,fpl_core_insights_detailed,2026-04-10T22:00:00+00:00,GW32,3886cdbf-b8bc-5850-8a2a-d84384ac71f7,19,32,82a85fe5-3695-5749-b382-fb39650267e9,GK,True
fplcore:25-26-prem-west-ham-united-vs-wolverhampton-wanderers,698f23fd-0fa1-5358-8bd3-2b8aef91e946,J. Sá,2025-26:20,1,90.0,1,,9.8,47.9,fpl_core_insights_detailed,2026-04-10T22:00:00+00:00,GW32,3886cdbf-b8bc-5850-8a2a-d84384ac71f7,20,32,698f23fd-0fa1-5358-8bd3-2b8aef91e946,GK,True
fplcore:25-26-prem-afc-bournemouth-vs-leeds-united,aec63649-ffe1-5e88-829b-d1e462e7e679,Đ. Petrović,2025-26:4,1,90.0,1,,8.8,49.0,fpl_core_insights_detailed,2026-04-22T22:00:00+00:00,GW33,30c97f8c-6a92-5b8d-9bc1-bf166aff4f6a,4,33,aec63649-ffe1-5e88-829b-d1e462e7e679,GK,True
fplcore:25-26-prem-afc-bournemouth-vs-leeds-united,559670b7-3af4-5c20-8ab5-783da9a99601,A. Scott,2025-26:4,1,90.0,1,LDM,53.9,62.3,fpl_core_insights_detailed,2026-04-22T22:00:00+00:00,GW33,30c97f8c-6a92-5b8d-9bc1-bf166aff4f6a,4,33,559670b7-3af4-5c20-8ab5-783da9a99601,RDM,True
fplcore:25-26-prem-afc-bournemouth-vs-leeds-united,a64b9087-3727-58f9-8f2f-95b904b936bf,R. Christie,2025-26:4,1,72.0,1,RDM,58.1,42.5,fpl_core_insights_detailed,2026-04-22T22:00:00+00:00,GW33,30c97f8c-6a92-5b8d-9bc1-bf166aff4f6a,4,33,a64b9087-3727-58f9-8f2f-95b904b936bf,LDM,True
fplcore:25-26-prem-afc-bournemouth-vs-leeds-united,d921acea-ffba-515b-a957-12586c43f133,K. Darlow,2025-26:11,1,90.0,1,,11.7,47.4,fpl_core_insights_detailed,2026-04-22T22:00:00+00:00,GW33,30c97f8c-6a92-5b8d-9bc1-bf166aff4f6a,11,33,d921acea-ffba-515b-a957-12586c43f133,GK,True
fplcore:25-26-prem-afc-bournemouth-vs-leeds-united,c550c5c9-6be9-5d60-a724-ed8b1d333548,B. Aaronson,2025-26:11,1,83.0,1,LAM,56.7,42.9,fpl_core_insights_detailed,2026-04-22T22:00:00+00:00,GW33,30c97f8c-6a92-5b8d-9bc1-bf166aff4f6a,11,33,c550c5c9-6be9-5d60-a724-ed8b1d333548,RAM,True
fplcore:25-26-prem-afc-bournemouth-vs-leeds-united,8e67ff00-ad19-5384-8c44-acf0faf97249,N. Okafor,2025-26:11,1,63.0,1,ST,64.1,72.7,fpl_core_insights_detailed,2026-04-22T22:00:00+00:00,GW33,30c97f8c-6a92-5b8d-9bc1-bf166aff4f6a,11,33,8e67ff00-ad19-5384-8c44-acf0faf97249,LAM,True
fplcore:25-26-prem-afc-bournemouth-vs-leeds-united,63588bd5-68f8-567a-8175-c17ab42b05f3,D. Calvert-Lewin,2025-26:11,1,90.0,1,RAM,54.6,39.8,fpl_core_insights_detailed,2026-04-22T22:00:00+00:00,GW33,30c97f8c-6a92-5b8d-9bc1-bf166aff4f6a,11,33,63588bd5-68f8-567a-8175-c17ab42b05f3,ST,True
fplcore:25-26-prem-aston-villa-vs-sunderland,db76d454-818a-5043-8d04-22e24f696027,E. Martinez,2025-26:2,1,90.0,1,,10.5,49.1,fpl_core_insights_detailed,2026-04-19T16:00:00+00:00,GW33,02c1a42f-1cb3-5453-a3e8-cca6c129d901,2,33,db76d454-818a-5043-8d04-22e24f696027,GK,True
fplcore:25-26-prem-aston-villa-vs-sunderland,17b0293a-a54d-554b-bdba-368217c87ad9,R. Roefs,2025-26:17,1,90.0,1,,13.4,55.1,fpl_core_insights_detailed,2026-04-19T16:00:00+00:00,GW33,02c1a42f-1cb3-5453-a3e8-cca6c129d901,17,33,17b0293a-a54d-554b-bdba-368217c87ad9,GK,True
fplcore:25-26-prem-brentford-vs-fulham,3cfeb2a8-cad5-5980-9946-aecc5eb2b011,C. Kelleher,2025-26:5,1,90.0,1,,13.4,50.8,fpl_core_insights_detailed,2026-04-18T14:30:00+00:00,GW33,5e1fcbbc-fc52-5596-a3cd-5663e323f785,5,33,3cfeb2a8-cad5-5980-9946-aecc5eb2b011,GK,True
fplcore:25-26-prem-brentford-vs-fulham,bb04fd88-02f4-5b58-a126-01b07e773bd8,N. Collins,2025-26:5,1,90.0,1,LB,35.0,69.4,fpl_core_insights_detailed,2026-04-18T14:30:00+00:00,GW33,5e1fcbbc-fc52-5596-a3cd-5663e323f785,5,33,bb04fd88-02f4-5b58-a126-01b07e773bd8,LCB,True
fplcore:25-26-prem-brentford-vs-fulham,e9e9ef49-852e-55b1-9544-097415eb392b,A. Hickey,2025-26:5,1,0.0,1,LCB,,,fpl_core_insights_detailed,2026-04-18T14:30:00+00:00,GW33,5e1fcbbc-fc52-5596-a3cd-5663e323f785,5,33,e9e9ef49-852e-55b1-9544-097415eb392b,LB,True
fplcore:25-26-prem-brentford-vs-fulham,83056bd2-b742-5b28-b32d-8ba4a3902c61,B. Leno,2025-26:10,1,90.0,1,,9.1,51.2,fpl_core_insights_detailed,2026-04-18T14:30:00+00:00,GW33,5e1fcbbc-fc52-5596-a3cd-5663e323f785,10,33,83056bd2-b742-5b28-b32d-8ba4a3902c61,GK,True
fplcore:25-26-prem-brentford-vs-fulham,bf6c1651-0779-512e-9c37-3b8ac8c14714,A. Iwobi,2025-26:10,1,42.0,1,LAM,54.7,69.1,fpl_core_insights_detailed,2026-04-18T14:30:00+00:00,GW33,5e1fcbbc-fc52-5596-a3cd-5663e323f785,10,33,bf6c1651-0779-512e-9c37-3b8ac8c14714,RDM,True
fplcore:25-26-prem-brentford-vs-fulham,f0504a37-2a31-5f04-8704-2c307c2384cd,S. Berge,2025-26:10,1,0.0,1,CAM,,,fpl_core_insights_detailed,2026-04-18T14:30:00+00:00,GW33,5e1fcbbc-fc52-5596-a3cd-5663e323f785,10,33,f0504a37-2a31-5f04-8704-2c307c2384cd,LDM,True
fplcore:25-26-prem-brentford-vs-fulham,9f1ab4dd-f86c-5749-967d-c8f0fbfe15f7,J. King,2025-26:10,1,23.0,1,LDM,42.7,43.4,fpl_core_insights_detailed,2026-04-18T14:30:00+00:00,GW33,5e1fcbbc-fc52-5596-a3cd-5663e323f785,10,33,9f1ab4dd-f86c-5749-967d-c8f0fbfe15f7,CAM,True
fplcore:25-26-prem-brentford-vs-fulham,ef856b2c-4200-58fa-8d76-23913677f5ba,O. Bobb,2025-26:10,1,9.0,1,RDM,40.2,18.2,fpl_core_insights_detailed,2026-04-18T14:30:00+00:00,GW33,5e1fcbbc-fc52-5596-a3cd-5663e323f785,10,33,ef856b2c-4200-58fa-8d76-23913677f5ba,LAM,True
fplcore:25-26-prem-brighton-hove-albion-vs-chelsea,9720eb96-9da3-5717-9ed4-45874361e243,B. Verbruggen,2025-26:6,1,90.0,1,,18.3,51.0,fpl_core_insights_detailed,2026-04-21T22:00:00+00:00,GW33,16495e99-1e75-5b2f-a337-1dfde9ddfe08,6,33,9720eb96-9da3-5717-9ed4-45874361e243,GK,True
fplcore:25-26-prem-brighton-hove-albion-vs-chelsea,eb26516f-9061-5a83-a316-5cd4bef43df5,P. Groß,2025-26:6,1,90.0,1,CAM,60.0,48.2,fpl_core_insights_detailed,2026-04-21T22:00:00+00:00,GW33,16495e99-1e75-5b2f-a337-1dfde9ddfe08,6,33,eb26516f-9061-5a83-a316-5cd4bef43df5,RDM,True
fplcore:25-26-prem-brighton-hove-albion-vs-chelsea,2158389c-94df-554d-8089-885e17fa9cbe,C. Baleba,2025-26:6,1,90.0,1,RDM,49.9,50.2,fpl_core_insights_detailed,2026-04-21T22:00:00+00:00,GW33,16495e99-1e75-5b2f-a337-1dfde9ddfe08,6,33,2158389c-94df-554d-8089-885e17fa9cbe,LDM,True
fplcore:25-26-prem-brighton-hove-albion-vs-chelsea,b0761079-7e99-5095-aa38-877404766193,J. Hinshelwood,2025-26:6,1,90.0,1,LDM,58.5,53.6,fpl_core_insights_detailed,2026-04-21T22:00:00+00:00,GW33,16495e99-1e75-5b2f-a337-1dfde9ddfe08,6,33,b0761079-7e99-5095-aa38-877404766193,CAM,True
fplcore:25-26-prem-brighton-hove-albion-vs-chelsea,412fc00b-6fb5-5606-bb30-04e075a83220,R. Sánchez,2025-26:7,1,90.0,1,,10.6,47.5,fpl_core_insights_detailed,2026-04-21T22:00:00+00:00,GW33,16495e99-1e75-5b2f-a337-1dfde9ddfe08,7,33,412fc00b-6fb5-5606-bb30-04e075a83220,GK,True
fplcore:25-26-prem-brighton-hove-albion-vs-chelsea,972fc541-f01f-51fc-b746-5238f72285d7,M. Gusto,2025-26:7,1,90.0,1,RW,44.3,15.9,fpl_core_insights_detailed,2026-04-21T22:00:00+00:00,GW33,16495e99-1e75-5b2f-a337-1dfde9ddfe08,7,33,972fc541-f01f-51fc-b746-5238f72285d7,RB,True
fplcore:25-26-prem-brighton-hove-albion-vs-chelsea,ec2bf467-94f7-5b79-97a2-3632c0d199a8,W. Fofana,2025-26:7,1,45.0,1,RB,33.2,31.4,fpl_core_insights_detailed,2026-04-21T22:00:00+00:00,GW33,16495e99-1e75-5b2f-a337-1dfde9ddfe08,7,33,ec2bf467-94f7-5b79-97a2-3632c0d199a8,RCB,True
fplcore:25-26-prem-brighton-hove-albion-vs-chelsea,653dcb32-98a1-5bdb-afc4-4dcee772c921,P. Neto,2025-26:7,1,90.0,1,ST,62.3,17.0,fpl_core_insights_detailed,2026-04-21T22:00:00+00:00,GW33,16495e99-1e75-5b2f-a337-1dfde9ddfe08,7,33,653dcb32-98a1-5bdb-afc4-4dcee772c921,RW,True
fplcore:25-26-prem-brighton-hove-albion-vs-chelsea,c92d55cb-06d1-553d-aad7-f64c0de898a5,M. Caicedo,2025-26:7,1,90.0,1,RCB,40.6,49.2,fpl_core_insights_detailed,2026-04-21T22:00:00+00:00,GW33,16495e99-1e75-5b2f-a337-1dfde9ddfe08,7,33,c92d55cb-06d1-553d-aad7-f64c0de898a5,LCM,True
fplcore:25-26-prem-brighton-hove-albion-vs-chelsea,5b51fc3a-1f45-56e1-9ecc-0bda87474227,E. Fernández,2025-26:7,1,90.0,1,LCM,55.6,59.4,fpl_core_insights_detailed,2026-04-21T22:00:00+00:00,GW33,16495e99-1e75-5b2f-a337-1dfde9ddfe08,7,33,5b51fc3a-1f45-56e1-9ecc-0bda87474227,CAM,True
fplcore:25-26-prem-brighton-hove-albion-vs-chelsea,8b1af3a3-b391-5111-954e-dbda5d6d12a5,L. Delap,2025-26:7,1,71.0,1,CAM,62.0,31.8,fpl_core_insights_detailed,2026-04-21T22:00:00+00:00,GW33,16495e99-1e75-5b2f-a337-1dfde9ddfe08,7,33,8b1af3a3-b391-5111-954e-dbda5d6d12a5,ST,True
fplcore:25-26-prem-burnley-vs-manchester-city,148b32f1-d60d-5cdd-9ffe-a5938fcb8671,M. Dúbravka,2025-26:3,1,90.0,1,,8.8,47.8,fpl_core_insights_detailed,2026-04-22T22:00:00+00:00,GW33,0cd96418-d40d-591e-8b10-b423d657377d,3,33,148b32f1-d60d-5cdd-9ffe-a5938fcb8671,GK,True
fplcore:25-26-prem-burnley-vs-manchester-city,67859d1e-575f-5ae4-aa8d-8f36bd11696e,G. Donnarumma,2025-26:13,1,90.0,1,,13.1,51.0,fpl_core_insights_detailed,2026-04-22T22:00:00+00:00,GW33,0cd96418-d40d-591e-8b10-b423d657377d,13,33,67859d1e-575f-5ae4-aa8d-8f36bd11696e,GK,True
fplcore:25-26-prem-chelsea-vs-manchester-united,412fc00b-6fb5-5606-bb30-04e075a83220,R. Sánchez,2025-26:7,1,90.0,1,,15.3,48.8,fpl_core_insights_detailed,2026-04-18T22:00:00+00:00,GW33,14980272-dff9-5025-a8ef-deeed283d4ce,7,33,412fc00b-6fb5-5606-bb30-04e075a83220,GK,True
fplcore:25-26-prem-chelsea-vs-manchester-united,9b51b592-7b40-53df-a62d-6af0afa0bb0e,Estêvão,2025-26:7,1,15.0,1,CAM,63.8,34.3,fpl_core_insights_detailed,2026-04-18T22:00:00+00:00,GW33,14980272-dff9-5025-a8ef-deeed283d4ce,7,33,9b51b592-7b40-53df-a62d-6af0afa0bb0e,RAM,True
fplcore:25-26-prem-chelsea-vs-manchester-united,481b07c4-b805-52cf-a0ee-593af134790d,C. Palmer,2025-26:7,1,90.0,1,LAM,67.3,41.5,fpl_core_insights_detailed,2026-04-18T22:00:00+00:00,GW33,14980272-dff9-5025-a8ef-deeed283d4ce,7,33,481b07c4-b805-52cf-a0ee-593af134790d,CAM,True
fplcore:25-26-prem-chelsea-vs-manchester-united,653dcb32-98a1-5bdb-afc4-4dcee772c921,P. Neto,2025-26:7,1,90.0,1,RAM,67.3,31.7,fpl_core_insights_detailed,2026-04-18T22:00:00+00:00,GW33,14980272-dff9-5025-a8ef-deeed283d4ce,7,33,653dcb32-98a1-5bdb-afc4-4dcee772c921,LAM,True
fplcore:25-26-prem-chelsea-vs-manchester-united,63a30902-aa79-59d2-bbc6-903ff41e54dc,S. Lammens,2025-26:14,1,90.0,1,,8.9,48.7,fpl_core_insights_detailed,2026-04-18T22:00:00+00:00,GW33,14980272-dff9-5025-a8ef-deeed283d4ce,14,33,63a30902-aa79-59d2-bbc6-903ff41e54dc,GK,True
fplcore:25-26-prem-crystal-palace-vs-west-ham-united,4e7d3349-c869-51f6-a9f2-e86405e21be5,D. Henderson,2025-26:8,1,90.0,1,,10.1,49.8,fpl_core_insights_detailed,2026-04-20T22:00:00+00:00,GW33,23d8d932-ae60-5392-87a5-f4a01d1afc17,8,33,4e7d3349-c869-51f6-a9f2-e86405e21be5,GK,True
fplcore:25-26-prem-crystal-palace-vs-west-ham-united,e0417b35-b1b1-5957-8ee5-7996c5db5cb0,B. Johnson,2025-26:8,1,77.0,1,ST,67.0,32.1,fpl_core_insights_detailed,2026-04-20T22:00:00+00:00,GW33,23d8d932-ae60-5392-87a5-f4a01d1afc17,8,33,e0417b35-b1b1-5957-8ee5-7996c5db5cb0,RAM,True
fplcore:25-26-prem-crystal-palace-vs-west-ham-united,b6fb865b-2ea3-5f14-9db7-b2b1c2d82003,J. S. Larsen,2025-26:8,1,58.0,1,RAM,59.3,54.7,fpl_core_insights_detailed,2026-04-20T22:00:00+00:00,GW33,23d8d932-ae60-5392-87a5-f4a01d1afc17,8,33,b6fb865b-2ea3-5f14-9db7-b2b1c2d82003,ST,True
fplcore:25-26-prem-crystal-palace-vs-west-ham-united,82a85fe5-3695-5749-b382-fb39650267e9,M. Hermansen,2025-26:19,1,90.0,1,,10.7,48.8,fpl_core_insights_detailed,2026-04-20T22:00:00+00:00,GW33,23d8d932-ae60-5392-87a5-f4a01d1afc17,19,33,82a85fe5-3695-5749-b382-fb39650267e9,GK,True
fplcore:25-26-prem-crystal-palace-vs-west-ham-united,2d4c58d3-9f00-5834-a712-c8fbd35a2876,K. Walker-Peters,2025-26:19,1,90.0,1,RW,56.1,12.3,fpl_core_insights_detailed,2026-04-20T22:00:00+00:00,GW33,23d8d932-ae60-5392-87a5-f4a01d1afc17,19,33,2d4c58d3-9f00-5834-a712-c8fbd35a2876,RB,True
fplcore:25-26-prem-crystal-palace-vs-west-ham-united,a4b84834-eb21-54ba-be68-660ea3815e93,K. Mavropanos,2025-26:19,1,90.0,1,RB,37.6,36.1,fpl_core_insights_detailed,2026-04-20T22:00:00+00:00,GW33,23d8d932-ae60-5392-87a5-f4a01d1afc17,19,33,a4b84834-eb21-54ba-be68-660ea3815e93,RCB,True
fplcore:25-26-prem-crystal-palace-vs-west-ham-united,4e68227a-9577-5c26-99fa-8a519b052582,J. Bowen,2025-26:19,1,90.0,1,RCM,63.8,19.4,fpl_core_insights_detailed,2026-04-20T22:00:00+00:00,GW33,23d8d932-ae60-5392-87a5-f4a01d1afc17,19,33,4e68227a-9577-5c26-99fa-8a519b052582,RW,True
fplcore:25-26-prem-crystal-palace-vs-west-ham-united,bafec5b4-70cd-5296-82ed-5f50f9b35506,T. Souček,2025-26:19,1,90.0,1,LCM,52.7,38.3,fpl_core_insights_detailed,2026-04-20T22:00:00+00:00,GW33,23d8d932-ae60-5392-87a5-f4a01d1afc17,19,33,bafec5b4-70cd-5296-82ed-5f50f9b35506,RCM,True
fplcore:25-26-prem-crystal-palace-vs-west-ham-united,79420363-80f0-5eb5-bef5-e1e31f62877c,M. Fernandes,2025-26:19,1,90.0,1,RCB,46.3,58.2,fpl_core_insights_detailed,2026-04-20T22:00:00+00:00,GW33,23d8d932-ae60-5392-87a5-f4a01d1afc17,19,33,79420363-80f0-5eb5-bef5-e1e31f62877c,LCM,True
fplcore:25-26-prem-crystal-palace-vs-west-ham-united,ad87488c-769c-5325-bce6-63daff9b32a3,P. Felipe,2025-26:19,1,74.0,1,ST,66.6,49.2,fpl_core_insights_detailed,2026-04-20T22:00:00+00:00,GW33,23d8d932-ae60-5392-87a5-f4a01d1afc17,19,33,ad87488c-769c-5325-bce6-63daff9b32a3,CAM,True
fplcore:25-26-prem-crystal-palace-vs-west-ham-united,de5e511c-9379-5b70-8f43-d2b814dfdcc3,V. Castellanos,2025-26:19,1,83.0,1,CAM,66.1,50.2,fpl_core_insights_detailed,2026-04-20T22:00:00+00:00,GW33,23d8d932-ae60-5392-87a5-f4a01d1afc17,19,33,de5e511c-9379-5b70-8f43-d2b814dfdcc3,ST,True
fplcore:25-26-prem-everton-vs-liverpool,57881605-ab70-5c0d-865f-433201de3f6f,J. Pickford,2025-26:9,1,90.0,1,,13.3,53.2,fpl_core_insights_detailed,2026-04-19T16:00:00+00:00,GW33,dd5772bc-85d8-5010-9a4b-eeb87df0c6be,9,33,57881605-ab70-5c0d-865f-433201de3f6f,GK,True
fplcore:25-26-prem-everton-vs-liverpool,444bfe5b-015a-5ec2-ac21-34fd780e0aa5,J. Garner,2025-26:9,1,90.0,1,CAM,50.5,74.6,fpl_core_insights_detailed,2026-04-19T16:00:00+00:00,GW33,dd5772bc-85d8-5010-9a4b-eeb87df0c6be,9,33,444bfe5b-015a-5ec2-ac21-34fd780e0aa5,LDM,True
fplcore:25-26-prem-everton-vs-liverpool,1993b39f-9a1a-5805-bce4-6ff7cb40ebde,K. Dewsbury-Hall,2025-26:9,1,90.0,1,LDM,49.9,69.8,fpl_core_insights_detailed,2026-04-19T16:00:00+00:00,GW33,dd5772bc-85d8-5010-9a4b-eeb87df0c6be,9,33,1993b39f-9a1a-5805-bce4-6ff7cb40ebde,CAM,True
fplcore:25-26-prem-everton-vs-liverpool,f2831f63-18d0-5405-9349-288d723614fe,G. Mamardashvili,2025-26:12,1,57.0,1,,11.7,49.3,fpl_core_insights_detailed,2026-04-19T16:00:00+00:00,GW33,dd5772bc-85d8-5010-9a4b-eeb87df0c6be,12,33,f2831f63-18d0-5405-9349-288d723614fe,GK,True
fplcore:25-26-prem-leeds-united-vs-wolverhampton-wanderers,d921acea-ffba-515b-a957-12586c43f133,K. Darlow,2025-26:11,1,90.0,1,,14.3,50.4,fpl_core_insights_detailed,2026-04-18T17:00:00+00:00,GW33,bd6a2d47-5dc1-5837-8700-c916a4a9191c,11,33,d921acea-ffba-515b-a957-12586c43f133,GK,True
fplcore:25-26-prem-leeds-united-vs-wolverhampton-wanderers,e5ce8638-ef71-56e5-ae05-c0e425118aa3,J. Justin,2025-26:11,1,90.0,1,RCM,42.7,23.8,fpl_core_insights_detailed,2026-04-18T17:00:00+00:00,GW33,bd6a2d47-5dc1-5837-8700-c916a4a9191c,11,33,e5ce8638-ef71-56e5-ae05-c0e425118aa3,RCB,True
fplcore:25-26-prem-leeds-united-vs-wolverhampton-wanderers,43ae6b5e-3989-58fb-8540-6a539dd06218,J. Bijol,2025-26:11,1,90.0,1,RCB,38.6,33.7,fpl_core_insights_detailed,2026-04-18T17:00:00+00:00,GW33,bd6a2d47-5dc1-5837-8700-c916a4a9191c,11,33,43ae6b5e-3989-58fb-8540-6a539dd06218,CB,True
fplcore:25-26-prem-leeds-united-vs-wolverhampton-wanderers,5a70a2e2-7a8a-554e-9ac0-d3c00ac6383f,P. Struijk,2025-26:11,1,90.0,1,CB,34.8,70.3,fpl_core_insights_detailed,2026-04-18T17:00:00+00:00,GW33,bd6a2d47-5dc1-5837-8700-c916a4a9191c,11,33,5a70a2e2-7a8a-554e-9ac0-d3c00ac6383f,LCB,True
fplcore:25-26-prem-leeds-united-vs-wolverhampton-wanderers,82e95b4b-22b2-59a9-b33b-e199df378fe3,E. Ampadu,2025-26:11,1,90.0,1,LCM,48.3,47.5,fpl_core_insights_detailed,2026-04-18T17:00:00+00:00,GW33,bd6a2d47-5dc1-5837-8700-c916a4a9191c,11,33,82e95b4b-22b2-59a9-b33b-e199df378fe3,RCM,True
fplcore:25-26-prem-leeds-united-vs-wolverhampton-wanderers,3b36fb97-62ec-53b8-882c-bd6a01550f8c,A. Tanaka,2025-26:11,1,90.0,1,LWB,55.8,59.8,fpl_core_insights_detailed,2026-04-18T17:00:00+00:00,GW33,bd6a2d47-5dc1-5837-8700-c916a4a9191c,11,33,3b36fb97-62ec-53b8-882c-bd6a01550f8c,LCM,True
fplcore:25-26-prem-leeds-united-vs-wolverhampton-wanderers,2151f057-0065-57a0-87e5-2a434738b8d1,G. Gudmundsson,2025-26:11,1,90.0,1,LCB,37.7,87.1,fpl_core_insights_detailed,2026-04-18T17:00:00+00:00,GW33,bd6a2d47-5dc1-5837-8700-c916a4a9191c,11,33,2151f057-0065-57a0-87e5-2a434738b8d1,LWB,True
fplcore:25-26-prem-leeds-united-vs-wolverhampton-wanderers,2fa40b7b-3ae8-5f1c-9520-aa9d58b7aee5,D. Bentley,2025-26:20,1,90.0,1,,9.3,49.9,fpl_core_insights_detailed,2026-04-18T17:00:00+00:00,GW33,bd6a2d47-5dc1-5837-8700-c916a4a9191c,20,33,2fa40b7b-3ae8-5f1c-9520-aa9d58b7aee5,GK,True
fplcore:25-26-prem-leeds-united-vs-wolverhampton-wanderers,a8aed2e6-b0b5-5558-b149-fc0c412d9844,S. Bueno,2025-26:20,1,90.0,1,RCM,42.6,25.8,fpl_core_insights_detailed,2026-04-18T17:00:00+00:00,GW33,bd6a2d47-5dc1-5837-8700-c916a4a9191c,20,33,a8aed2e6-b0b5-5558-b149-fc0c412d9844,RCB,True
fplcore:25-26-prem-leeds-united-vs-wolverhampton-wanderers,970e8a65-ee1a-5d1a-94d7-82973dc0b1dc,T. Gomes,2025-26:20,1,90.0,1,RCB,27.9,51.4,fpl_core_insights_detailed,2026-04-18T17:00:00+00:00,GW33,bd6a2d47-5dc1-5837-8700-c916a4a9191c,20,33,970e8a65-ee1a-5d1a-94d7-82973dc0b1dc,CB,True
fplcore:25-26-prem-leeds-united-vs-wolverhampton-wanderers,00cc549f-a9f0-54b0-8cbc-ef47c7f8251b,André,2025-26:20,1,90.0,1,CB,42.5,51.5,fpl_core_insights_detailed,2026-04-18T17:00:00+00:00,GW33,bd6a2d47-5dc1-5837-8700-c916a4a9191c,20,33,00cc549f-a9f0-54b0-8cbc-ef47c7f8251b,RCM,True
fplcore:25-26-prem-leeds-united-vs-wolverhampton-wanderers,e2213bab-7401-5edc-9994-4eb0772f48ef,J. Gomes,2025-26:20,1,90.0,1,LWB,46.3,64.7,fpl_core_insights_detailed,2026-04-18T17:00:00+00:00,GW33,bd6a2d47-5dc1-5837-8700-c916a4a9191c,20,33,e2213bab-7401-5edc-9994-4eb0772f48ef,LCM,True
fplcore:25-26-prem-leeds-united-vs-wolverhampton-wanderers,87fd1c0a-a5f8-5f19-b233-de67537cdeb2,H. Bueno,2025-26:20,1,90.0,1,LAM,55.0,76.7,fpl_core_insights_detailed,2026-04-18T17:00:00+00:00,GW33,bd6a2d47-5dc1-5837-8700-c916a4a9191c,20,33,87fd1c0a-a5f8-5f19-b233-de67537cdeb2,LWB,True
fplcore:25-26-prem-leeds-united-vs-wolverhampton-wanderers,ebd46261-67a5-56cc-9b55-02bde7f16bba,J.-R. Bellegarde,2025-26:20,1,66.0,1,LCM,53.2,31.2,fpl_core_insights_detailed,2026-04-18T17:00:00+00:00,GW33,bd6a2d47-5dc1-5837-8700-c916a4a9191c,20,33,ebd46261-67a5-56cc-9b55-02bde7f16bba,RAM,True
fplcore:25-26-prem-leeds-united-vs-wolverhampton-wanderers,15d02b2c-303d-5403-b3ee-c1bb398578ae,A. Gomes,2025-26:20,1,37.0,1,RAM,60.3,58.9,fpl_core_insights_detailed,2026-04-18T17:00:00+00:00,GW33,bd6a2d47-5dc1-5837-8700-c916a4a9191c,20,33,15d02b2c-303d-5403-b3ee-c1bb398578ae,LAM,True
fplcore:25-26-prem-manchester-city-vs-arsenal,67859d1e-575f-5ae4-aa8d-8f36bd11696e,G. Donnarumma,2025-26:13,1,90.0,1,,9.9,52.8,fpl_core_insights_detailed,2026-04-19T18:30:00+00:00,GW33,57b20b8b-c663-5991-a397-771f728fd27c,13,33,67859d1e-575f-5ae4-aa8d-8f36bd11696e,GK,True
fplcore:25-26-prem-manchester-city-vs-arsenal,70198e6a-5cf9-5344-a2c0-f1b71dfeeb5f,B. Silva,2025-26:13,1,90.0,1,LDM,49.2,57.0,fpl_core_insights_detailed,2026-04-19T18:30:00+00:00,GW33,57b20b8b-c663-5991-a397-771f728fd27c,13,33,70198e6a-5cf9-5344-a2c0-f1b71dfeeb5f,RDM,True
fplcore:25-26-prem-manchester-city-vs-arsenal,6f380ed1-cc12-5a44-847a-217354668a1e,Rodri,2025-26:13,1,87.0,1,RDM,46.2,50.3,fpl_core_insights_detailed,2026-04-19T18:30:00+00:00,GW33,57b20b8b-c663-5991-a397-771f728fd27c,13,33,6f380ed1-cc12-5a44-847a-217354668a1e,LDM,True
fplcore:25-26-prem-manchester-city-vs-arsenal,9ac55e79-9cb2-5ac5-ae8c-6a2ebd620277,D. Raya,2025-26:1,1,90.0,1,,10.6,53.3,fpl_core_insights_detailed,2026-04-19T18:30:00+00:00,GW33,57b20b8b-c663-5991-a397-771f728fd27c,1,33,9ac55e79-9cb2-5ac5-ae8c-6a2ebd620277,GK,True
fplcore:25-26-prem-manchester-city-vs-arsenal,fef527c5-6c7c-57b6-9192-f9347f34904a,M. Odegaard,2025-26:1,1,90.0,1,CM,55.0,41.6,fpl_core_insights_detailed,2026-04-19T18:30:00+00:00,GW33,57b20b8b-c663-5991-a397-771f728fd27c,1,33,fef527c5-6c7c-57b6-9192-f9347f34904a,RCM,True
fplcore:25-26-prem-manchester-city-vs-arsenal,7844404e-dd2c-5f68-9390-675ab60be346,M. Zubimendi,2025-26:1,1,83.0,1,RCM,37.0,41.0,fpl_core_insights_detailed,2026-04-19T18:30:00+00:00,GW33,57b20b8b-c663-5991-a397-771f728fd27c,1,33,7844404e-dd2c-5f68-9390-675ab60be346,CM,True
fplcore:25-26-prem-newcastle-united-vs-afc-bournemouth,ef597ccf-9296-5f73-a908-245e5d67b0ef,A. Ramsdale,2025-26:15,1,90.0,1,,13.3,51.9,fpl_core_insights_detailed,2026-04-18T17:00:00+00:00,GW33,39b8a542-1ee7-5117-ab73-ee2227c88c33,15,33,ef597ccf-9296-5f73-a908-245e5d67b0ef,GK,True
fplcore:25-26-prem-newcastle-united-vs-afc-bournemouth,51e8b386-e9bf-5082-8db8-d994f8a48d0b,V. Livramento,2025-26:15,1,73.0,1,RCB,51.5,37.1,fpl_core_insights_detailed,2026-04-18T17:00:00+00:00,GW33,39b8a542-1ee7-5117-ab73-ee2227c88c33,15,33,51e8b386-e9bf-5082-8db8-d994f8a48d0b,RB,True
fplcore:25-26-prem-newcastle-united-vs-afc-bournemouth,b03249c0-b20e-52bd-a82c-add878e8eda0,M. Thiaw,2025-26:15,1,90.0,1,RB,38.0,29.9,fpl_core_insights_detailed,2026-04-18T17:00:00+00:00,GW33,39b8a542-1ee7-5117-ab73-ee2227c88c33,15,33,b03249c0-b20e-52bd-a82c-add878e8eda0,RCB,True
fplcore:25-26-prem-newcastle-united-vs-afc-bournemouth,aec63649-ffe1-5e88-829b-d1e462e7e679,Đ. Petrović,2025-26:4,1,90.0,1,,9.4,54.4,fpl_core_insights_detailed,2026-04-18T17:00:00+00:00,GW33,39b8a542-1ee7-5117-ab73-ee2227c88c33,4,33,aec63649-ffe1-5e88-829b-d1e462e7e679,GK,True
fplcore:25-26-prem-nottingham-forest-vs-burnley,5dfbea2f-beb3-54f9-ad39-1f8f81f8a323,M. Sels,2025-26:16,1,90.0,1,,13.3,50.6,fpl_core_insights_detailed,2026-04-19T16:00:00+00:00,GW33,b18a9593-998b-5025-9442-b11f2c52f46c,16,33,5dfbea2f-beb3-54f9-ad39-1f8f81f8a323,GK,True
fplcore:25-26-prem-nottingham-forest-vs-burnley,68e23e27-5010-5c05-a3bd-23e48be32b93,M. Gibbs-White,2025-26:16,1,88.0,1,LAM,63.3,62.2,fpl_core_insights_detailed,2026-04-19T16:00:00+00:00,GW33,b18a9593-998b-5025-9442-b11f2c52f46c,16,33,68e23e27-5010-5c05-a3bd-23e48be32b93,CAM,True
fplcore:25-26-prem-nottingham-forest-vs-burnley,c648214a-7d9c-5efe-aa6f-da16039cd486,O. Hutchinson,2025-26:16,1,87.0,1,CAM,64.8,55.3,fpl_core_insights_detailed,2026-04-19T16:00:00+00:00,GW33,b18a9593-998b-5025-9442-b11f2c52f46c,16,33,c648214a-7d9c-5efe-aa6f-da16039cd486,LAM,True
fplcore:25-26-prem-nottingham-forest-vs-burnley,148b32f1-d60d-5cdd-9ffe-a5938fcb8671,M. Dúbravka,2025-26:3,1,90.0,1,,10.1,47.1,fpl_core_insights_detailed,2026-04-19T16:00:00+00:00,GW33,b18a9593-998b-5025-9442-b11f2c52f46c,3,33,148b32f1-d60d-5cdd-9ffe-a5938fcb8671,GK,True
fplcore:25-26-prem-nottingham-forest-vs-burnley,4156c194-ad00-5d9c-aa4d-5f67c7deba01,J. Ward-Prowse,2025-26:3,1,90.0,1,RAM,47.5,42.9,fpl_core_insights_detailed,2026-04-19T16:00:00+00:00,GW33,b18a9593-998b-5025-9442-b11f2c52f46c,3,33,4156c194-ad00-5d9c-aa4d-5f67c7deba01,RDM,True
fplcore:25-26-prem-nottingham-forest-vs-burnley,c59d2c13-36a9-56b4-b9fc-1462e5df19fc,F. Luís,2025-26:3,1,82.0,1,LAM,47.1,59.6,fpl_core_insights_detailed,2026-04-19T16:00:00+00:00,GW33,b18a9593-998b-5025-9442-b11f2c52f46c,3,33,c59d2c13-36a9-56b4-b9fc-1462e5df19fc,LDM,True
fplcore:25-26-prem-nottingham-forest-vs-burnley,145d420f-bb1d-5646-81b9-1baf31260fb4,M. Edwards,2025-26:3,1,63.0,1,RDM,45.4,23.2,fpl_core_insights_detailed,2026-04-19T16:00:00+00:00,GW33,b18a9593-998b-5025-9442-b11f2c52f46c,3,33,145d420f-bb1d-5646-81b9-1baf31260fb4,RAM,True
fplcore:25-26-prem-nottingham-forest-vs-burnley,032150f9-1246-5989-8ac4-532f1e3bce74,L. Ugochukwu,2025-26:3,1,75.0,1,LDM,45.8,37.4,fpl_core_insights_detailed,2026-04-19T16:00:00+00:00,GW33,b18a9593-998b-5025-9442-b11f2c52f46c,3,33,032150f9-1246-5989-8ac4-532f1e3bce74,CAM,True
fplcore:25-26-prem-nottingham-forest-vs-burnley,f01a999e-cac7-5aa8-a867-4257d2382021,J. Anthony,2025-26:3,1,82.0,1,CAM,50.5,58.6,fpl_core_insights_detailed,2026-04-19T16:00:00+00:00,GW33,b18a9593-998b-5025-9442-b11f2c52f46c,3,33,f01a999e-cac7-5aa8-a867-4257d2382021,LAM,True
fplcore:25-26-prem-tottenham-hotspur-vs-brighton-hove-albion,227cf32e-d062-5df9-8908-cb5491836ff8,A. Kinský,2025-26:18,1,90.0,1,,10.3,49.3,fpl_core_insights_detailed,2026-04-18T19:30:00+00:00,GW33,99445e05-228b-5b5b-b1fd-ade1bcefe99a,18,33,227cf32e-d062-5df9-8908-cb5491836ff8,GK,True
fplcore:25-26-prem-tottenham-hotspur-vs-brighton-hove-albion,9720eb96-9da3-5717-9ed4-45874361e243,B. Verbruggen,2025-26:6,1,90.0,1,,13.7,50.7,fpl_core_insights_detailed,2026-04-18T19:30:00+00:00,GW33,99445e05-228b-5b5b-b1fd-ade1bcefe99a,6,33,9720eb96-9da3-5717-9ed4-45874361e243,GK,True
fplcore:25-26-prem-tottenham-hotspur-vs-brighton-hove-albion,de6b06be-d7b4-506e-9177-df5cf336214a,Y. Ayari,2025-26:6,1,81.0,1,LDM,51.1,47.7,fpl_core_insights_detailed,2026-04-18T19:30:00+00:00,GW33,99445e05-228b-5b5b-b1fd-ade1bcefe99a,6,33,de6b06be-d7b4-506e-9177-df5cf336214a,RDM,True
fplcore:25-26-prem-tottenham-hotspur-vs-brighton-hove-albion,eb26516f-9061-5a83-a316-5cd4bef43df5,P. Groß,2025-26:6,1,90.0,1,LAM,54.8,60.5,fpl_core_insights_detailed,2026-04-18T19:30:00+00:00,GW33,99445e05-228b-5b5b-b1fd-ade1bcefe99a,6,33,eb26516f-9061-5a83-a316-5cd4bef43df5,LDM,True
fplcore:25-26-prem-tottenham-hotspur-vs-brighton-hove-albion,bec3b39e-5fff-5ae4-a7ba-ba525d5b3911,D. Gómez,2025-26:6,1,19.0,1,RDM,51.3,25.3,fpl_core_insights_detailed,2026-04-18T19:30:00+00:00,GW33,99445e05-228b-5b5b-b1fd-ade1bcefe99a,6,33,bec3b39e-5fff-5ae4-a7ba-ba525d5b3911,RAM,True
fplcore:25-26-prem-tottenham-hotspur-vs-brighton-hove-albion,b0761079-7e99-5095-aa38-877404766193,J. Hinshelwood,2025-26:6,1,74.0,1,RAM,66.8,36.7,fpl_core_insights_detailed,2026-04-18T19:30:00+00:00,GW33,99445e05-228b-5b5b-b1fd-ade1bcefe99a,6,33,b0761079-7e99-5095-aa38-877404766193,CAM,True
fplcore:25-26-prem-tottenham-hotspur-vs-brighton-hove-albion,f6f6439f-07ed-5fba-988d-36a0c8ad3580,Y. Minteh,2025-26:6,1,90.0,1,CAM,70.3,36.8,fpl_core_insights_detailed,2026-04-18T19:30:00+00:00,GW33,99445e05-228b-5b5b-b1fd-ade1bcefe99a,6,33,f6f6439f-07ed-5fba-988d-36a0c8ad3580,LAM,True
fplcore:25-26-prem-arsenal-vs-newcastle-united,9ac55e79-9cb2-5ac5-ae8c-6a2ebd620277,D. Raya,2025-26:1,1,90.0,1,,11.0,48.9,fpl_core_insights_detailed,2026-04-25T19:30:00+00:00,GW34,de92aec0-17cd-521d-ae3d-f425ab7e09dd,1,34,9ac55e79-9cb2-5ac5-ae8c-6a2ebd620277,GK,True
fplcore:25-26-prem-arsenal-vs-newcastle-united,00be15e9-135e-5a79-956f-cd70f121b4b0,N. Pope,2025-26:15,1,90.0,1,,13.7,51.0,fpl_core_insights_detailed,2026-04-25T19:30:00+00:00,GW34,de92aec0-17cd-521d-ae3d-f425ab7e09dd,15,34,00be15e9-135e-5a79-956f-cd70f121b4b0,GK,True
fplcore:25-26-prem-fulham-vs-aston-villa,83056bd2-b742-5b28-b32d-8ba4a3902c61,B. Leno,2025-26:10,1,90.0,1,,8.5,49.3,fpl_core_insights_detailed,2026-04-25T14:30:00+00:00,GW34,98cff3cf-1de8-5696-a0e6-f4967eacc3c6,10,34,83056bd2-b742-5b28-b32d-8ba4a3902c61,GK,True
fplcore:25-26-prem-fulham-vs-aston-villa,aa82079f-0382-5b01-bb3b-9224650f408b,S. Lukic,2025-26:10,1,90.0,1,RAM,59.1,45.2,fpl_core_insights_detailed,2026-04-25T14:30:00+00:00,GW34,98cff3cf-1de8-5696-a0e6-f4967eacc3c6,10,34,aa82079f-0382-5b01-bb3b-9224650f408b,RDM,True
fplcore:25-26-prem-fulham-vs-aston-villa,6cfbd227-d6d0-525d-810f-a1e929d406bf,H. Wilson,2025-26:10,1,90.0,1,RDM,45.4,23.1,fpl_core_insights_detailed,2026-04-25T14:30:00+00:00,GW34,98cff3cf-1de8-5696-a0e6-f4967eacc3c6,10,34,6cfbd227-d6d0-525d-810f-a1e929d406bf,RAM,True
fplcore:25-26-prem-fulham-vs-aston-villa,db76d454-818a-5043-8d04-22e24f696027,E. Martinez,2025-26:2,1,90.0,1,,13.7,49.0,fpl_core_insights_detailed,2026-04-25T14:30:00+00:00,GW34,98cff3cf-1de8-5696-a0e6-f4967eacc3c6,2,34,db76d454-818a-5043-8d04-22e24f696027,GK,True
fplcore:25-26-prem-liverpool-vs-crystal-palace,7a5568a1-0d6a-5388-9fe2-daf7af01c339,F. Woodman,2025-26:12,1,90.0,1,,12.0,47.6,fpl_core_insights_detailed,2026-04-25T17:00:00+00:00,GW34,35e69758-b8a6-5f8b-9c26-dc2813d81978,12,34,7a5568a1-0d6a-5388-9fe2-daf7af01c339,GK,True
fplcore:25-26-prem-liverpool-vs-crystal-palace,4e7d3349-c869-51f6-a9f2-e86405e21be5,D. Henderson,2025-26:8,1,90.0,1,,11.5,46.2,fpl_core_insights_detailed,2026-04-25T17:00:00+00:00,GW34,35e69758-b8a6-5f8b-9c26-dc2813d81978,8,34,4e7d3349-c869-51f6-a9f2-e86405e21be5,GK,True
fplcore:25-26-prem-liverpool-vs-crystal-palace,d7ab42eb-50da-5a3f-a583-fdf38b0d2cfe,D. Kamada,2025-26:8,1,90.0,1,LCM,45.5,64.2,fpl_core_insights_detailed,2026-04-25T17:00:00+00:00,GW34,35e69758-b8a6-5f8b-9c26-dc2813d81978,8,34,d7ab42eb-50da-5a3f-a583-fdf38b0d2cfe,RCM,True
fplcore:25-26-prem-liverpool-vs-crystal-palace,73fbac33-4713-58ec-b9bd-242dfec592a2,A. Wharton,2025-26:8,1,90.0,1,RCM,51.9,42.7,fpl_core_insights_detailed,2026-04-25T17:00:00+00:00,GW34,35e69758-b8a6-5f8b-9c26-dc2813d81978,8,34,73fbac33-4713-58ec-b9bd-242dfec592a2,LCM,True
fplcore:25-26-prem-liverpool-vs-crystal-palace,e0417b35-b1b1-5957-8ee5-7996c5db5cb0,B. Johnson,2025-26:8,1,58.0,1,ST,65.7,74.9,fpl_core_insights_detailed,2026-04-25T17:00:00+00:00,GW34,35e69758-b8a6-5f8b-9c26-dc2813d81978,8,34,e0417b35-b1b1-5957-8ee5-7996c5db5cb0,LAM,True
fplcore:25-26-prem-liverpool-vs-crystal-palace,7b9dc65d-483e-5ff9-af51-946aceed51e9,J. Mateta,2025-26:8,1,69.0,1,LAM,63.1,48.1,fpl_core_insights_detailed,2026-04-25T17:00:00+00:00,GW34,35e69758-b8a6-5f8b-9c26-dc2813d81978,8,34,7b9dc65d-483e-5ff9-af51-946aceed51e9,ST,True
fplcore:25-26-prem-manchester-united-vs-brentford,63a30902-aa79-59d2-bbc6-903ff41e54dc,S. Lammens,2025-26:14,1,90.0,1,,7.7,47.8,fpl_core_insights_detailed,2026-04-27T22:00:00+00:00,GW34,9ee83c24-99b9-5f01-a681-62d4f49c858d,14,34,63a30902-aa79-59d2-bbc6-903ff41e54dc,GK,True
fplcore:25-26-prem-manchester-united-vs-brentford,3cfeb2a8-cad5-5980-9946-aecc5eb2b011,C. Kelleher,2025-26:5,1,90.0,1,,9.8,51.6,fpl_core_insights_detailed,2026-04-27T22:00:00+00:00,GW34,9ee83c24-99b9-5f01-a681-62d4f49c858d,5,34,3cfeb2a8-cad5-5980-9946-aecc5eb2b011,GK,True
fplcore:25-26-prem-sunderland-vs-nottingham-forest,17b0293a-a54d-554b-bdba-368217c87ad9,R. Roefs,2025-26:17,1,90.0,1,,16.4,51.0,fpl_core_insights_detailed,2026-04-24T22:00:00+00:00,GW34,5c73e3e5-e8ce-57af-9da1-880c34ac7495,17,34,17b0293a-a54d-554b-bdba-368217c87ad9,GK,True
fplcore:25-26-prem-sunderland-vs-nottingham-forest,bbeb1769-f6ef-5a78-abdb-84df15c86c28,O. Alderete,2025-26:17,1,90.0,1,LB,41.6,65.0,fpl_core_insights_detailed,2026-04-24T22:00:00+00:00,GW34,5c73e3e5-e8ce-57af-9da1-880c34ac7495,17,34,bbeb1769-f6ef-5a78-abdb-84df15c86c28,LCB,True
fplcore:25-26-prem-sunderland-vs-nottingham-forest,2e06beff-d060-52c5-b090-ef85e142bc03,T. Hume,2025-26:17,1,90.0,1,LCB,43.3,44.5,fpl_core_insights_detailed,2026-04-24T22:00:00+00:00,GW34,5c73e3e5-e8ce-57af-9da1-880c34ac7495,17,34,2e06beff-d060-52c5-b090-ef85e142bc03,LB,True
fplcore:25-26-prem-sunderland-vs-nottingham-forest,5dfbea2f-beb3-54f9-ad39-1f8f81f8a323,M. Sels,2025-26:16,1,90.0,1,,10.3,47.4,fpl_core_insights_detailed,2026-04-24T22:00:00+00:00,GW34,5c73e3e5-e8ce-57af-9da1-880c34ac7495,16,34,5dfbea2f-beb3-54f9-ad39-1f8f81f8a323,GK,True
fplcore:25-26-prem-sunderland-vs-nottingham-forest,6c75a09d-abcd-5e49-80c0-b7bb0873304d,Jair,2025-26:16,1,49.0,1,LB,32.9,64.0,fpl_core_insights_detailed,2026-04-24T22:00:00+00:00,GW34,5c73e3e5-e8ce-57af-9da1-880c34ac7495,16,34,6c75a09d-abcd-5e49-80c0-b7bb0873304d,LCB,True
fplcore:25-26-prem-sunderland-vs-nottingham-forest,77dbedf3-49eb-53ec-8cc5-c1d344c47ca2,N. Williams,2025-26:16,1,90.0,1,LCB,50.0,61.1,fpl_core_insights_detailed,2026-04-24T22:00:00+00:00,GW34,5c73e3e5-e8ce-57af-9da1-880c34ac7495,16,34,77dbedf3-49eb-53ec-8cc5-c1d344c47ca2,LB,True
fplcore:25-26-prem-west-ham-united-vs-everton,82a85fe5-3695-5749-b382-fb39650267e9,M. Hermansen,2025-26:19,1,90.0,1,,11.2,46.7,fpl_core_insights_detailed,2026-04-25T17:00:00+00:00,GW34,9f01409f-ff79-57df-908c-ea5de472f8ba,19,34,82a85fe5-3695-5749-b382-fb39650267e9,GK,True
fplcore:25-26-prem-west-ham-united-vs-everton,4e68227a-9577-5c26-99fa-8a519b052582,J. Bowen,2025-26:19,1,90.0,1,ST,62.7,22.6,fpl_core_insights_detailed,2026-04-25T17:00:00+00:00,GW34,9f01409f-ff79-57df-908c-ea5de472f8ba,19,34,4e68227a-9577-5c26-99fa-8a519b052582,RW,True
fplcore:25-26-prem-west-ham-united-vs-everton,ad87488c-769c-5325-bce6-63daff9b32a3,P. Felipe,2025-26:19,1,80.0,1,RW,61.5,41.0,fpl_core_insights_detailed,2026-04-25T17:00:00+00:00,GW34,9f01409f-ff79-57df-908c-ea5de472f8ba,19,34,ad87488c-769c-5325-bce6-63daff9b32a3,CAM,True
fplcore:25-26-prem-west-ham-united-vs-everton,de5e511c-9379-5b70-8f43-d2b814dfdcc3,V. Castellanos,2025-26:19,1,78.0,1,CAM,61.8,38.5,fpl_core_insights_detailed,2026-04-25T17:00:00+00:00,GW34,9f01409f-ff79-57df-908c-ea5de472f8ba,19,34,de5e511c-9379-5b70-8f43-d2b814dfdcc3,ST,True
fplcore:25-26-prem-west-ham-united-vs-everton,57881605-ab70-5c0d-865f-433201de3f6f,J. Pickford,2025-26:9,1,90.0,1,,17.4,53.3,fpl_core_insights_detailed,2026-04-25T17:00:00+00:00,GW34,9f01409f-ff79-57df-908c-ea5de472f8ba,9,34,57881605-ab70-5c0d-865f-433201de3f6f,GK,True
fplcore:25-26-prem-west-ham-united-vs-everton,d0fb5815-b17b-56d0-869e-d0e8910ab751,I. Gueye,2025-26:9,1,85.0,1,CAM,50.5,52.4,fpl_core_insights_detailed,2026-04-25T17:00:00+00:00,GW34,9f01409f-ff79-57df-908c-ea5de472f8ba,9,34,d0fb5815-b17b-56d0-869e-d0e8910ab751,RDM,True
fplcore:25-26-prem-west-ham-united-vs-everton,513a08ed-3905-5e99-98a3-849492c9d389,D. McNeil,2025-26:9,1,64.0,1,RDM,45.3,27.0,fpl_core_insights_detailed,2026-04-25T17:00:00+00:00,GW34,9f01409f-ff79-57df-908c-ea5de472f8ba,9,34,513a08ed-3905-5e99-98a3-849492c9d389,RAM,True
fplcore:25-26-prem-west-ham-united-vs-everton,1993b39f-9a1a-5805-bce4-6ff7cb40ebde,K. Dewsbury-Hall,2025-26:9,1,90.0,1,RAM,62.2,51.4,fpl_core_insights_detailed,2026-04-25T17:00:00+00:00,GW34,9f01409f-ff79-57df-908c-ea5de472f8ba,9,34,1993b39f-9a1a-5805-bce4-6ff7cb40ebde,CAM,True
fplcore:25-26-prem-wolverhampton-wanderers-vs-tottenham-hotspur,698f23fd-0fa1-5358-8bd3-2b8aef91e946,J. Sa,2025-26:20,1,90.0,1,,9.4,48.2,fpl_core_insights_detailed,2026-04-25T17:00:00+00:00,GW34,1c02d8a1-3fe4-50a6-a833-13460c80973f,20,34,698f23fd-0fa1-5358-8bd3-2b8aef91e946,GK,True
fplcore:25-26-prem-wolverhampton-wanderers-vs-tottenham-hotspur,227cf32e-d062-5df9-8908-cb5491836ff8,A. Kinský,2025-26:18,1,90.0,1,,12.8,50.7,fpl_core_insights_detailed,2026-04-25T17:00:00+00:00,GW34,1c02d8a1-3fe4-50a6-a833-13460c80973f,18,34,227cf32e-d062-5df9-8908-cb5491836ff8,GK,True
fplcore:25-26-prem-afc-bournemouth-vs-crystal-palace,aec63649-ffe1-5e88-829b-d1e462e7e679,Đ. Petrović,2025-26:4,1,90.0,1,,9.2,51.9,fpl_core_insights_detailed,2026-05-03T16:00:00+00:00,GW35,1ce6ee26-3057-5ae0-a140-416d1bd98ae2,4,35,aec63649-ffe1-5e88-829b-d1e462e7e679,GK,True
fplcore:25-26-prem-afc-bournemouth-vs-crystal-palace,559670b7-3af4-5c20-8ab5-783da9a99601,A. Scott,2025-26:4,1,90.0,1,LDM,54.7,59.9,fpl_core_insights_detailed,2026-05-03T16:00:00+00:00,GW35,1ce6ee26-3057-5ae0-a140-416d1bd98ae2,4,35,559670b7-3af4-5c20-8ab5-783da9a99601,RDM,True
fplcore:25-26-prem-afc-bournemouth-vs-crystal-palace,0f8b78a8-3315-50f5-8b1d-435ce1fc41ac,T. Adams,2025-26:4,1,68.0,1,RDM,50.4,38.0,fpl_core_insights_detailed,2026-05-03T16:00:00+00:00,GW35,1ce6ee26-3057-5ae0-a140-416d1bd98ae2,4,35,0f8b78a8-3315-50f5-8b1d-435ce1fc41ac,LDM,True
fplcore:25-26-prem-afc-bournemouth-vs-crystal-palace,4e7d3349-c869-51f6-a9f2-e86405e21be5,D. Henderson,2025-26:8,1,90.0,1,,11.8,49.6,fpl_core_insights_detailed,2026-05-03T16:00:00+00:00,GW35,1ce6ee26-3057-5ae0-a140-416d1bd98ae2,8,35,4e7d3349-c869-51f6-a9f2-e86405e21be5,GK,True
fplcore:25-26-prem-afc-bournemouth-vs-crystal-palace,4e797913-6f5e-54d0-807d-555d7ec82308,J. Lerma,2025-26:8,1,90.0,1,LCM,48.1,50.5,fpl_core_insights_detailed,2026-05-03T16:00:00+00:00,GW35,1ce6ee26-3057-5ae0-a140-416d1bd98ae2,8,35,4e797913-6f5e-54d0-807d-555d7ec82308,RCM,True
fplcore:25-26-prem-afc-bournemouth-vs-crystal-palace,d7ab42eb-50da-5a3f-a583-fdf38b0d2cfe,D. Kamada,2025-26:8,1,45.0,1,LWB,49.5,59.9,fpl_core_insights_detailed,2026-05-03T16:00:00+00:00,GW35,1ce6ee26-3057-5ae0-a140-416d1bd98ae2,8,35,d7ab42eb-50da-5a3f-a583-fdf38b0d2cfe,LCM,True
fplcore:25-26-prem-afc-bournemouth-vs-crystal-palace,234b9ca0-1d3a-52c1-ae12-d422a588485e,J. Devenny,2025-26:8,1,90.0,1,RCM,47.2,45.6,fpl_core_insights_detailed,2026-05-03T16:00:00+00:00,GW35,1ce6ee26-3057-5ae0-a140-416d1bd98ae2,8,35,234b9ca0-1d3a-52c1-ae12-d422a588485e,LWB,True
fplcore:25-26-prem-afc-bournemouth-vs-crystal-palace,e0417b35-b1b1-5957-8ee5-7996c5db5cb0,B. Johnson,2025-26:8,1,90.0,1,ST,54.3,52.5,fpl_core_insights_detailed,2026-05-03T16:00:00+00:00,GW35,1ce6ee26-3057-5ae0-a140-416d1bd98ae2,8,35,e0417b35-b1b1-5957-8ee5-7996c5db5cb0,RW,True
fplcore:25-26-prem-afc-bournemouth-vs-crystal-palace,b6fb865b-2ea3-5f14-9db7-b2b1c2d82003,J. Larsen,2025-26:8,1,64.0,1,RW,58.4,52.3,fpl_core_insights_detailed,2026-05-03T16:00:00+00:00,GW35,1ce6ee26-3057-5ae0-a140-416d1bd98ae2,8,35,b6fb865b-2ea3-5f14-9db7-b2b1c2d82003,ST,True
fplcore:25-26-prem-arsenal-vs-fulham,9ac55e79-9cb2-5ac5-ae8c-6a2ebd620277,D. Raya,2025-26:1,1,90.0,1,,13.1,46.1,fpl_core_insights_detailed,2026-05-02T19:30:00+00:00,GW35,7769decc-98b9-5b54-a4a3-fc4aa47199e9,1,35,9ac55e79-9cb2-5ac5-ae8c-6a2ebd620277,GK,True
fplcore:25-26-prem-arsenal-vs-fulham,83056bd2-b742-5b28-b32d-8ba4a3902c61,B. Leno,2025-26:10,1,90.0,1,,10.7,52.2,fpl_core_insights_detailed,2026-05-02T19:30:00+00:00,GW35,7769decc-98b9-5b54-a4a3-fc4aa47199e9,10,35,83056bd2-b742-5b28-b32d-8ba4a3902c61,GK,True
fplcore:25-26-prem-arsenal-vs-fulham,7f48ec5f-f934-516a-9c1f-84d42bd974ff,E. Smith Rowe,2025-26:10,1,77.0,1,LAM,57.1,71.0,fpl_core_insights_detailed,2026-05-02T19:30:00+00:00,GW35,7769decc-98b9-5b54-a4a3-fc4aa47199e9,10,35,7f48ec5f-f934-516a-9c1f-84d42bd974ff,CAM,True
fplcore:25-26-prem-arsenal-vs-fulham,09be2cb2-a90e-562f-8a53-32294044e02f,S. Chukwueze,2025-26:10,1,63.0,1,CAM,60.7,69.7,fpl_core_insights_detailed,2026-05-02T19:30:00+00:00,GW35,7769decc-98b9-5b54-a4a3-fc4aa47199e9,10,35,09be2cb2-a90e-562f-8a53-32294044e02f,LAM,True
fplcore:25-26-prem-aston-villa-vs-tottenham-hotspur,db76d454-818a-5043-8d04-22e24f696027,E. Martínez,2025-26:2,1,90.0,1,,12.0,50.4,fpl_core_insights_detailed,2026-05-03T21:00:00+00:00,GW35,82942d44-0127-5fda-9351-a16d844fb795,2,35,db76d454-818a-5043-8d04-22e24f696027,GK,True
fplcore:25-26-prem-aston-villa-vs-tottenham-hotspur,227cf32e-d062-5df9-8908-cb5491836ff8,A. Kinský,2025-26:18,1,90.0,1,,15.2,53.3,fpl_core_insights_detailed,2026-05-03T21:00:00+00:00,GW35,82942d44-0127-5fda-9351-a16d844fb795,18,35,227cf32e-d062-5df9-8908-cb5491836ff8,GK,True
fplcore:25-26-prem-brentford-vs-west-ham-united,3cfeb2a8-cad5-5980-9946-aecc5eb2b011,C. Kelleher,2025-26:5,1,90.0,1,,11.4,51.8,fpl_core_insights_detailed,2026-05-02T17:00:00+00:00,GW35,836b6aa8-1074-5899-aa89-5cc8a995b88e,5,35,3cfeb2a8-cad5-5980-9946-aecc5eb2b011,GK,True
fplcore:25-26-prem-brentford-vs-west-ham-united,82a85fe5-3695-5749-b382-fb39650267e9,M. Hermansen,2025-26:19,1,90.0,1,,10.5,49.0,fpl_core_insights_detailed,2026-05-02T17:00:00+00:00,GW35,836b6aa8-1074-5899-aa89-5cc8a995b88e,19,35,82a85fe5-3695-5749-b382-fb39650267e9,GK,True
fplcore:25-26-prem-brentford-vs-west-ham-united,4e68227a-9577-5c26-99fa-8a519b052582,J. Bowen,2025-26:19,1,87.0,1,ST,69.8,19.2,fpl_core_insights_detailed,2026-05-02T17:00:00+00:00,GW35,836b6aa8-1074-5899-aa89-5cc8a995b88e,19,35,4e68227a-9577-5c26-99fa-8a519b052582,RW,True
fplcore:25-26-prem-brentford-vs-west-ham-united,bafec5b4-70cd-5296-82ed-5f50f9b35506,T. Souček,2025-26:19,1,90.0,1,RW,55.2,38.3,fpl_core_insights_detailed,2026-05-02T17:00:00+00:00,GW35,836b6aa8-1074-5899-aa89-5cc8a995b88e,19,35,bafec5b4-70cd-5296-82ed-5f50f9b35506,RCM,True
fplcore:25-26-prem-brentford-vs-west-ham-united,ad87488c-769c-5325-bce6-63daff9b32a3,P. Felipe,2025-26:19,1,90.0,1,RCM,60.7,46.0,fpl_core_insights_detailed,2026-05-02T17:00:00+00:00,GW35,836b6aa8-1074-5899-aa89-5cc8a995b88e,19,35,ad87488c-769c-5325-bce6-63daff9b32a3,CAM,True
fplcore:25-26-prem-brentford-vs-west-ham-united,de5e511c-9379-5b70-8f43-d2b814dfdcc3,T. Castellanos,2025-26:19,1,64.0,1,CAM,67.5,45.6,fpl_core_insights_detailed,2026-05-02T17:00:00+00:00,GW35,836b6aa8-1074-5899-aa89-5cc8a995b88e,19,35,de5e511c-9379-5b70-8f43-d2b814dfdcc3,ST,True
fplcore:25-26-prem-chelsea-vs-nottingham-forest,412fc00b-6fb5-5606-bb30-04e075a83220,R. Sánchez,2025-26:7,1,66.0,1,,14.3,50.4,fpl_core_insights_detailed,2026-05-04T17:00:00+00:00,GW35,95efeb72-d689-58fb-a022-ffad47516d80,7,35,412fc00b-6fb5-5606-bb30-04e075a83220,GK,True
fplcore:25-26-prem-chelsea-vs-nottingham-forest,5dfbea2f-beb3-54f9-ad39-1f8f81f8a323,M. Sels,2025-26:16,1,90.0,1,,8.4,51.0,fpl_core_insights_detailed,2026-05-04T17:00:00+00:00,GW35,95efeb72-d689-58fb-a022-ffad47516d80,16,35,5dfbea2f-beb3-54f9-ad39-1f8f81f8a323,GK,True
fplcore:25-26-prem-everton-vs-manchester-city,57881605-ab70-5c0d-865f-433201de3f6f,J. Pickford,2025-26:9,1,90.0,1,,12.5,52.0,fpl_core_insights_detailed,2026-05-04T22:00:00+00:00,GW35,7018cf67-a775-5040-9faf-510b2df80879,9,35,57881605-ab70-5c0d-865f-433201de3f6f,GK,True
fplcore:25-26-prem-everton-vs-manchester-city,67859d1e-575f-5ae4-aa8d-8f36bd11696e,G. Donnarumma,2025-26:13,1,90.0,1,,10.3,47.8,fpl_core_insights_detailed,2026-05-04T22:00:00+00:00,GW35,7018cf67-a775-5040-9faf-510b2df80879,13,35,67859d1e-575f-5ae4-aa8d-8f36bd11696e,GK,True
fplcore:25-26-prem-leeds-united-vs-burnley,d921acea-ffba-515b-a957-12586c43f133,K. Darlow,2025-26:11,1,90.0,1,,14.3,51.8,fpl_core_insights_detailed,2026-05-01T22:00:00+00:00,GW35,cd31646e-3d5b-5b6b-97a2-0f706664986c,11,35,d921acea-ffba-515b-a957-12586c43f133,GK,True
fplcore:25-26-prem-leeds-united-vs-burnley,148b32f1-d60d-5cdd-9ffe-a5938fcb8671,M. Dúbravka,2025-26:3,1,90.0,1,,9.2,48.3,fpl_core_insights_detailed,2026-05-01T22:00:00+00:00,GW35,cd31646e-3d5b-5b6b-97a2-0f706664986c,3,35,148b32f1-d60d-5cdd-9ffe-a5938fcb8671,GK,True
fplcore:25-26-prem-leeds-united-vs-burnley,956e0ed0-2170-56bf-913d-61d007270278,B. Humphreys,2025-26:3,1,75.0,1,LWB,34.5,80.7,fpl_core_insights_detailed,2026-05-01T22:00:00+00:00,GW35,cd31646e-3d5b-5b6b-97a2-0f706664986c,3,35,956e0ed0-2170-56bf-913d-61d007270278,LCB,True
fplcore:25-26-prem-leeds-united-vs-burnley,62a712a2-a9c6-5298-94c6-5bdfca8f45ab,Q. Hartman,2025-26:3,1,64.0,1,LCB,41.5,80.1,fpl_core_insights_detailed,2026-05-01T22:00:00+00:00,GW35,cd31646e-3d5b-5b6b-97a2-0f706664986c,3,35,62a712a2-a9c6-5298-94c6-5bdfca8f45ab,LWB,True
fplcore:25-26-prem-manchester-united-vs-liverpool,63a30902-aa79-59d2-bbc6-903ff41e54dc,S. Lammens,2025-26:14,1,90.0,1,,7.9,50.4,fpl_core_insights_detailed,2026-05-03T17:30:00+00:00,GW35,b1b0e185-0108-508b-aa08-e3732938787f,14,35,63a30902-aa79-59d2-bbc6-903ff41e54dc,GK,True
fplcore:25-26-prem-manchester-united-vs-liverpool,7a5568a1-0d6a-5388-9fe2-daf7af01c339,F. Woodman,2025-26:12,1,90.0,1,,11.0,47.9,fpl_core_insights_detailed,2026-05-03T17:30:00+00:00,GW35,b1b0e185-0108-508b-aa08-e3732938787f,12,35,7a5568a1-0d6a-5388-9fe2-daf7af01c339,GK,True
fplcore:25-26-prem-newcastle-united-vs-brighton-hove-albion,00be15e9-135e-5a79-956f-cd70f121b4b0,N. Pope,2025-26:15,1,90.0,1,,7.4,48.4,fpl_core_insights_detailed,2026-05-02T17:00:00+00:00,GW35,5c86a947-9f04-5f6a-8730-ff79513f254e,15,35,00be15e9-135e-5a79-956f-cd70f121b4b0,GK,True
fplcore:25-26-prem-newcastle-united-vs-brighton-hove-albion,50df4a11-59ff-5eba-85dd-aaca25ba3cd2,B. Guimarães,2025-26:15,1,90.0,1,CAM,48.9,41.3,fpl_core_insights_detailed,2026-05-02T17:00:00+00:00,GW35,5c86a947-9f04-5f6a-8730-ff79513f254e,15,35,50df4a11-59ff-5eba-85dd-aaca25ba3cd2,RDM,True
fplcore:25-26-prem-newcastle-united-vs-brighton-hove-albion,c7d912b7-acf9-59e7-a5a7-c7e64aed18da,S. Tonali,2025-26:15,1,90.0,1,RDM,37.6,55.6,fpl_core_insights_detailed,2026-05-02T17:00:00+00:00,GW35,5c86a947-9f04-5f6a-8730-ff79513f254e,15,35,c7d912b7-acf9-59e7-a5a7-c7e64aed18da,LDM,True
fplcore:25-26-prem-newcastle-united-vs-brighton-hove-albion,fa7d8081-617d-5e86-a227-d01a088e1f55,J. Willock,2025-26:15,1,67.0,1,LAM,56.8,60.5,fpl_core_insights_detailed,2026-05-02T17:00:00+00:00,GW35,5c86a947-9f04-5f6a-8730-ff79513f254e,15,35,fa7d8081-617d-5e86-a227-d01a088e1f55,CAM,True
fplcore:25-26-prem-newcastle-united-vs-brighton-hove-albion,133b6e37-92c1-5dc9-a4dd-a5f957768626,Joelinton,2025-26:15,1,90.0,1,LDM,47.3,73.4,fpl_core_insights_detailed,2026-05-02T17:00:00+00:00,GW35,5c86a947-9f04-5f6a-8730-ff79513f254e,15,35,133b6e37-92c1-5dc9-a4dd-a5f957768626,LAM,True
fplcore:25-26-prem-newcastle-united-vs-brighton-hove-albion,9720eb96-9da3-5717-9ed4-45874361e243,B. Verbruggen,2025-26:6,1,90.0,1,,14.0,51.1,fpl_core_insights_detailed,2026-05-02T17:00:00+00:00,GW35,5c86a947-9f04-5f6a-8730-ff79513f254e,6,35,9720eb96-9da3-5717-9ed4-45874361e243,GK,True
fplcore:25-26-prem-newcastle-united-vs-brighton-hove-albion,eb26516f-9061-5a83-a316-5cd4bef43df5,P. Groß,2025-26:6,1,90.0,1,LDM,59.4,59.2,fpl_core_insights_detailed,2026-05-02T17:00:00+00:00,GW35,5c86a947-9f04-5f6a-8730-ff79513f254e,6,35,eb26516f-9061-5a83-a316-5cd4bef43df5,RDM,True
fplcore:25-26-prem-newcastle-united-vs-brighton-hove-albion,2158389c-94df-554d-8089-885e17fa9cbe,C. Baleba,2025-26:6,1,79.0,1,RDM,46.4,45.5,fpl_core_insights_detailed,2026-05-02T17:00:00+00:00,GW35,5c86a947-9f04-5f6a-8730-ff79513f254e,6,35,2158389c-94df-554d-8089-885e17fa9cbe,LDM,True
fplcore:25-26-prem-wolverhampton-wanderers-vs-sunderland,2fa40b7b-3ae8-5f1c-9520-aa9d58b7aee5,D. Bentley,2025-26:20,1,90.0,1,,11.6,46.4,fpl_core_insights_detailed,2026-05-02T17:00:00+00:00,GW35,1b47cbbf-a45e-55fb-ad9b-c13fd7e12a53,20,35,2fa40b7b-3ae8-5f1c-9520-aa9d58b7aee5,GK,True
fplcore:25-26-prem-wolverhampton-wanderers-vs-sunderland,b6e20f32-3f8f-5d7f-b0b7-140bc97b69fe,Y. Mosquera,2025-26:20,1,90.0,1,RWB,45.4,26.7,fpl_core_insights_detailed,2026-05-02T17:00:00+00:00,GW35,1b47cbbf-a45e-55fb-ad9b-c13fd7e12a53,20,35,b6e20f32-3f8f-5d7f-b0b7-140bc97b69fe,RCB,True
fplcore:25-26-prem-wolverhampton-wanderers-vs-sunderland,5c50ad44-fb04-5cd7-9d1f-513b77683809,P. Lima,2025-26:20,1,45.0,1,RCB,39.0,11.3,fpl_core_insights_detailed,2026-05-02T17:00:00+00:00,GW35,1b47cbbf-a45e-55fb-ad9b-c13fd7e12a53,20,35,5c50ad44-fb04-5cd7-9d1f-513b77683809,RWB,True
fplcore:25-26-prem-wolverhampton-wanderers-vs-sunderland,ef5625b9-1910-5982-85f1-1966467ad375,A. Armstrong,2025-26:20,1,90.0,1,ST,67.5,63.4,fpl_core_insights_detailed,2026-05-02T17:00:00+00:00,GW35,1b47cbbf-a45e-55fb-ad9b-c13fd7e12a53,20,35,ef5625b9-1910-5982-85f1-1966467ad375,LAM,True
fplcore:25-26-prem-wolverhampton-wanderers-vs-sunderland,a97d91b0-ab9b-5d5d-a9e8-01690cad9588,T. Arokodare,2025-26:20,1,90.0,1,LAM,62.2,49.3,fpl_core_insights_detailed,2026-05-02T17:00:00+00:00,GW35,1b47cbbf-a45e-55fb-ad9b-c13fd7e12a53,20,35,a97d91b0-ab9b-5d5d-a9e8-01690cad9588,ST,True
fplcore:25-26-prem-wolverhampton-wanderers-vs-sunderland,17b0293a-a54d-554b-bdba-368217c87ad9,R. Roefs,2025-26:17,1,90.0,1,,10.6,54.5,fpl_core_insights_detailed,2026-05-02T17:00:00+00:00,GW35,1b47cbbf-a45e-55fb-ad9b-c13fd7e12a53,17,35,17b0293a-a54d-554b-bdba-368217c87ad9,GK,True
fplcore:25-26-prem-wolverhampton-wanderers-vs-sunderland,53bfdbe9-b833-5ee6-b24f-4b838a2a0fa6,N. Mukiele,2025-26:17,1,90.0,1,RCB,44.8,37.8,fpl_core_insights_detailed,2026-05-02T17:00:00+00:00,GW35,1b47cbbf-a45e-55fb-ad9b-c13fd7e12a53,17,35,53bfdbe9-b833-5ee6-b24f-4b838a2a0fa6,RB,True
fplcore:25-26-prem-wolverhampton-wanderers-vs-sunderland,3e322311-2a0b-53fc-a8b7-22ecd116c42e,D. Ballard,2025-26:17,1,23.0,1,RB,43.8,25.4,fpl_core_insights_detailed,2026-05-02T17:00:00+00:00,GW35,1b47cbbf-a45e-55fb-ad9b-c13fd7e12a53,17,35,3e322311-2a0b-53fc-a8b7-22ecd116c42e,RCB,True
fplcore:25-26-prem-wolverhampton-wanderers-vs-sunderland,66bc60f5-fa76-5fa0-a7ca-b9f126393376,G. Xhaka,2025-26:17,1,90.0,1,LDM,48.2,56.3,fpl_core_insights_detailed,2026-05-02T17:00:00+00:00,GW35,1b47cbbf-a45e-55fb-ad9b-c13fd7e12a53,17,35,66bc60f5-fa76-5fa0-a7ca-b9f126393376,RDM,True
fplcore:25-26-prem-wolverhampton-wanderers-vs-sunderland,e5098785-f2ed-5b29-af5e-f569a62ab2c0,N. Sadiki,2025-26:17,1,71.0,1,LAM,51.8,68.9,fpl_core_insights_detailed,2026-05-02T17:00:00+00:00,GW35,1b47cbbf-a45e-55fb-ad9b-c13fd7e12a53,17,35,e5098785-f2ed-5b29-af5e-f569a62ab2c0,LDM,True
fplcore:25-26-prem-wolverhampton-wanderers-vs-sunderland,2e06beff-d060-52c5-b090-ef85e142bc03,T. Hume,2025-26:17,1,90.0,1,RDM,49.7,35.3,fpl_core_insights_detailed,2026-05-02T17:00:00+00:00,GW35,1b47cbbf-a45e-55fb-ad9b-c13fd7e12a53,17,35,2e06beff-d060-52c5-b090-ef85e142bc03,RAM,True
fplcore:25-26-prem-wolverhampton-wanderers-vs-sunderland,40b6a84e-8e7e-529b-8b4e-a2979b1bc8e4,E. Le Fée,2025-26:17,1,90.0,1,RAM,56.2,47.8,fpl_core_insights_detailed,2026-05-02T17:00:00+00:00,GW35,1b47cbbf-a45e-55fb-ad9b-c13fd7e12a53,17,35,40b6a84e-8e7e-529b-8b4e-a2979b1bc8e4,CAM,True
fplcore:25-26-prem-wolverhampton-wanderers-vs-sunderland,483fd668-a74d-5c5c-9111-a023961f914b,C. Talbi,2025-26:17,1,90.0,1,CAM,65.3,55.6,fpl_core_insights_detailed,2026-05-02T17:00:00+00:00,GW35,1b47cbbf-a45e-55fb-ad9b-c13fd7e12a53,17,35,483fd668-a74d-5c5c-9111-a023961f914b,LAM,True
fplcore:25-26-prem-brighton-hove-albion-vs-wolverhampton-wanderers,9720eb96-9da3-5717-9ed4-45874361e243,B. Verbruggen,2025-26:6,1,90.0,1,,12.3,48.4,fpl_core_insights_detailed,2026-05-09T17:00:00+00:00,GW36,4573eab6-7249-598b-9af6-d00c7d62f223,6,36,9720eb96-9da3-5717-9ed4-45874361e243,GK,True
fplcore:25-26-prem-brighton-hove-albion-vs-wolverhampton-wanderers,2fa40b7b-3ae8-5f1c-9520-aa9d58b7aee5,D. Bentley,2025-26:20,1,90.0,1,,8.0,49.4,fpl_core_insights_detailed,2026-05-09T17:00:00+00:00,GW36,4573eab6-7249-598b-9af6-d00c7d62f223,20,36,2fa40b7b-3ae8-5f1c-9520-aa9d58b7aee5,GK,True
fplcore:25-26-prem-brighton-hove-albion-vs-wolverhampton-wanderers,b6e20f32-3f8f-5d7f-b0b7-140bc97b69fe,Y. Mosquera,2025-26:20,1,90.0,1,RCM,32.7,28.1,fpl_core_insights_detailed,2026-05-09T17:00:00+00:00,GW36,4573eab6-7249-598b-9af6-d00c7d62f223,20,36,b6e20f32-3f8f-5d7f-b0b7-140bc97b69fe,RCB,True
fplcore:25-26-prem-brighton-hove-albion-vs-wolverhampton-wanderers,a8aed2e6-b0b5-5558-b149-fc0c412d9844,S. Bueno,2025-26:20,1,90.0,1,RCB,31.9,50.2,fpl_core_insights_detailed,2026-05-09T17:00:00+00:00,GW36,4573eab6-7249-598b-9af6-d00c7d62f223,20,36,a8aed2e6-b0b5-5558-b149-fc0c412d9844,CB,True
fplcore:25-26-prem-brighton-hove-albion-vs-wolverhampton-wanderers,970e8a65-ee1a-5d1a-94d7-82973dc0b1dc,T. Gomes,2025-26:20,1,90.0,1,CB,28.2,71.5,fpl_core_insights_detailed,2026-05-09T17:00:00+00:00,GW36,4573eab6-7249-598b-9af6-d00c7d62f223,20,36,970e8a65-ee1a-5d1a-94d7-82973dc0b1dc,LCB,True
fplcore:25-26-prem-brighton-hove-albion-vs-wolverhampton-wanderers,00cc549f-a9f0-54b0-8cbc-ef47c7f8251b,André,2025-26:20,1,90.0,1,LWB,38.7,66.7,fpl_core_insights_detailed,2026-05-09T17:00:00+00:00,GW36,4573eab6-7249-598b-9af6-d00c7d62f223,20,36,00cc549f-a9f0-54b0-8cbc-ef47c7f8251b,RCM,True
fplcore:25-26-prem-brighton-hove-albion-vs-wolverhampton-wanderers,87fd1c0a-a5f8-5f19-b233-de67537cdeb2,H. Bueno,2025-26:20,1,45.0,1,LCB,32.1,88.5,fpl_core_insights_detailed,2026-05-09T17:00:00+00:00,GW36,4573eab6-7249-598b-9af6-d00c7d62f223,20,36,87fd1c0a-a5f8-5f19-b233-de67537cdeb2,LWB,True
fplcore:25-26-prem-brighton-hove-albion-vs-wolverhampton-wanderers,9ac5d5a9-74b6-578c-8e14-559019eb509d,M. Mané,2025-26:20,1,66.0,1,ST,66.5,86.0,fpl_core_insights_detailed,2026-05-09T17:00:00+00:00,GW36,4573eab6-7249-598b-9af6-d00c7d62f223,20,36,9ac5d5a9-74b6-578c-8e14-559019eb509d,LAM,True
fplcore:25-26-prem-brighton-hove-albion-vs-wolverhampton-wanderers,e3545d57-5636-57c9-a5ad-35a839d1f8bd,H. Hee-chan,2025-26:20,1,88.0,1,LAM,60.1,68.2,fpl_core_insights_detailed,2026-05-09T17:00:00+00:00,GW36,4573eab6-7249-598b-9af6-d00c7d62f223,20,36,e3545d57-5636-57c9-a5ad-35a839d1f8bd,ST,True
fplcore:25-26-prem-burnley-vs-aston-villa,63254645-c19e-5669-ae4c-6995093f3b92,M. Weiss,2025-26:3,1,90.0,1,,7.2,47.1,fpl_core_insights_detailed,2026-05-10T16:00:00+00:00,GW36,dfe891e4-ce71-5e78-94ea-cee9d70885e6,3,36,63254645-c19e-5669-ae4c-6995093f3b92,GK,True
fplcore:25-26-prem-burnley-vs-aston-villa,db76d454-818a-5043-8d04-22e24f696027,E. Martínez,2025-26:2,1,90.0,1,,14.0,51.2,fpl_core_insights_detailed,2026-05-10T16:00:00+00:00,GW36,dfe891e4-ce71-5e78-94ea-cee9d70885e6,2,36,db76d454-818a-5043-8d04-22e24f696027,GK,True
fplcore:25-26-prem-crystal-palace-vs-everton,4e7d3349-c869-51f6-a9f2-e86405e21be5,D. Henderson,2025-26:8,1,90.0,1,,12.0,49.1,fpl_core_insights_detailed,2026-05-10T16:00:00+00:00,GW36,a978de95-3470-5a5c-8447-f0d0b4150448,8,36,4e7d3349-c869-51f6-a9f2-e86405e21be5,GK,True
fplcore:25-26-prem-crystal-palace-vs-everton,39a54236-bfd4-52f7-8b23-eeb8ca167d6d,C. Richards,2025-26:8,1,90.0,1,RCM,43.4,34.1,fpl_core_insights_detailed,2026-05-10T16:00:00+00:00,GW36,a978de95-3470-5a5c-8447-f0d0b4150448,8,36,39a54236-bfd4-52f7-8b23-eeb8ca167d6d,RCB,True
fplcore:25-26-prem-crystal-palace-vs-everton,246d5877-ce20-5c48-bdc0-bdb7ede514b7,M. Lacroix,2025-26:8,1,90.0,1,RCB,39.7,55.0,fpl_core_insights_detailed,2026-05-10T16:00:00+00:00,GW36,a978de95-3470-5a5c-8447-f0d0b4150448,8,36,246d5877-ce20-5c48-bdc0-bdb7ede514b7,CB,True
fplcore:25-26-prem-crystal-palace-vs-everton,0f20e713-a3d1-5036-b0b2-e9f32d1bc66f,J. Canvot,2025-26:8,1,90.0,1,CB,41.3,76.1,fpl_core_insights_detailed,2026-05-10T16:00:00+00:00,GW36,a978de95-3470-5a5c-8447-f0d0b4150448,8,36,0f20e713-a3d1-5036-b0b2-e9f32d1bc66f,LCB,True
fplcore:25-26-prem-crystal-palace-vs-everton,73fbac33-4713-58ec-b9bd-242dfec592a2,A. Wharton,2025-26:8,1,90.0,1,LCM,54.1,43.5,fpl_core_insights_detailed,2026-05-10T16:00:00+00:00,GW36,a978de95-3470-5a5c-8447-f0d0b4150448,8,36,73fbac33-4713-58ec-b9bd-242dfec592a2,RCM,True
fplcore:25-26-prem-crystal-palace-vs-everton,d7ab42eb-50da-5a3f-a583-fdf38b0d2cfe,D. Kamada,2025-26:8,1,90.0,1,LWB,58.9,65.5,fpl_core_insights_detailed,2026-05-10T16:00:00+00:00,GW36,a978de95-3470-5a5c-8447-f0d0b4150448,8,36,d7ab42eb-50da-5a3f-a583-fdf38b0d2cfe,LCM,True
fplcore:25-26-prem-crystal-palace-vs-everton,4406998b-108e-54ac-90cf-ff22cdf7c565,T. Mitchell,2025-26:8,1,90.0,1,LCB,43.0,83.1,fpl_core_insights_detailed,2026-05-10T16:00:00+00:00,GW36,a978de95-3470-5a5c-8447-f0d0b4150448,8,36,4406998b-108e-54ac-90cf-ff22cdf7c565,LWB,True
fplcore:25-26-prem-crystal-palace-vs-everton,e0417b35-b1b1-5957-8ee5-7996c5db5cb0,B. Johnson,2025-26:8,1,79.0,1,ST,65.8,65.9,fpl_core_insights_detailed,2026-05-10T16:00:00+00:00,GW36,a978de95-3470-5a5c-8447-f0d0b4150448,8,36,e0417b35-b1b1-5957-8ee5-7996c5db5cb0,LAM,True
fplcore:25-26-prem-crystal-palace-vs-everton,b6fb865b-2ea3-5f14-9db7-b2b1c2d82003,J. Larsen,2025-26:8,1,64.0,1,LAM,59.9,48.9,fpl_core_insights_detailed,2026-05-10T16:00:00+00:00,GW36,a978de95-3470-5a5c-8447-f0d0b4150448,8,36,b6fb865b-2ea3-5f14-9db7-b2b1c2d82003,ST,True
fplcore:25-26-prem-crystal-palace-vs-everton,57881605-ab70-5c0d-865f-433201de3f6f,J. Pickford,2025-26:9,1,90.0,1,,12.5,51.2,fpl_core_insights_detailed,2026-05-10T16:00:00+00:00,GW36,a978de95-3470-5a5c-8447-f0d0b4150448,9,36,57881605-ab70-5c0d-865f-433201de3f6f,GK,True
fplcore:25-26-prem-crystal-palace-vs-everton,9cb12f76-aa67-5f6a-9571-1925e3cbe9ef,T. Iroegbunam,2025-26:9,1,90.0,1,LDM,48.9,57.4,fpl_core_insights_detailed,2026-05-10T16:00:00+00:00,GW36,a978de95-3470-5a5c-8447-f0d0b4150448,9,36,9cb12f76-aa67-5f6a-9571-1925e3cbe9ef,RDM,True
fplcore:25-26-prem-crystal-palace-vs-everton,444bfe5b-015a-5ec2-ac21-34fd780e0aa5,J. Garner,2025-26:9,1,90.0,1,RAM,56.8,46.3,fpl_core_insights_detailed,2026-05-10T16:00:00+00:00,GW36,a978de95-3470-5a5c-8447-f0d0b4150448,9,36,444bfe5b-015a-5ec2-ac21-34fd780e0aa5,LDM,True
fplcore:25-26-prem-crystal-palace-vs-everton,e9f5aa44-1c52-51c9-85a6-b079a6b78080,M. Röhl,2025-26:9,1,79.0,1,RDM,56.6,24.0,fpl_core_insights_detailed,2026-05-10T16:00:00+00:00,GW36,a978de95-3470-5a5c-8447-f0d0b4150448,9,36,e9f5aa44-1c52-51c9-85a6-b079a6b78080,RAM,True
fplcore:25-26-prem-fulham-vs-afc-bournemouth,83056bd2-b742-5b28-b32d-8ba4a3902c61,B. Leno,2025-26:10,1,90.0,1,,11.9,49.5,fpl_core_insights_detailed,2026-05-09T17:00:00+00:00,GW36,a32f57c7-b17f-5880-9c2f-5b6dca9ce31f,10,36,83056bd2-b742-5b28-b32d-8ba4a3902c61,GK,True
fplcore:25-26-prem-fulham-vs-afc-bournemouth,aa82079f-0382-5b01-bb3b-9224650f408b,S. Lukić,2025-26:10,1,90.0,1,CAM,58.0,47.9,fpl_core_insights_detailed,2026-05-09T17:00:00+00:00,GW36,a32f57c7-b17f-5880-9c2f-5b6dca9ce31f,10,36,aa82079f-0382-5b01-bb3b-9224650f408b,RDM,True
fplcore:25-26-prem-fulham-vs-afc-bournemouth,a9c228ea-04e0-5861-b004-a8719101c698,T. Cairney,2025-26:10,1,75.0,1,RDM,50.5,49.5,fpl_core_insights_detailed,2026-05-09T17:00:00+00:00,GW36,a32f57c7-b17f-5880-9c2f-5b6dca9ce31f,10,36,a9c228ea-04e0-5861-b004-a8719101c698,LDM,True
fplcore:25-26-prem-fulham-vs-afc-bournemouth,7f48ec5f-f934-516a-9c1f-84d42bd974ff,E. Smith Rowe,2025-26:10,1,45.0,1,LDM,53.4,49.8,fpl_core_insights_detailed,2026-05-09T17:00:00+00:00,GW36,a32f57c7-b17f-5880-9c2f-5b6dca9ce31f,10,36,7f48ec5f-f934-516a-9c1f-84d42bd974ff,CAM,True
fplcore:25-26-prem-fulham-vs-afc-bournemouth,aec63649-ffe1-5e88-829b-d1e462e7e679,Đ. Petrović,2025-26:4,1,90.0,1,,8.6,48.5,fpl_core_insights_detailed,2026-05-09T17:00:00+00:00,GW36,a32f57c7-b17f-5880-9c2f-5b6dca9ce31f,4,36,aec63649-ffe1-5e88-829b-d1e462e7e679,GK,True
fplcore:25-26-prem-liverpool-vs-chelsea,f2831f63-18d0-5405-9349-288d723614fe,G. Mamardashvili,2025-26:12,1,90.0,1,,11.8,50.3,fpl_core_insights_detailed,2026-05-09T14:30:00+00:00,GW36,4969d7af-c9d1-5c54-8620-d87f0b49cff8,12,36,f2831f63-18d0-5405-9349-288d723614fe,GK,True
fplcore:25-26-prem-liverpool-vs-chelsea,69b2f335-365b-5201-b36b-babf799e628a,C. Jones,2025-26:12,1,90.0,1,RCB,48.2,29.4,fpl_core_insights_detailed,2026-05-09T14:30:00+00:00,GW36,4969d7af-c9d1-5c54-8620-d87f0b49cff8,12,36,69b2f335-365b-5201-b36b-babf799e628a,RB,True
fplcore:25-26-prem-liverpool-vs-chelsea,66e53a63-86c7-5b13-92b7-7f9d7f77e440,I. Konaté,2025-26:12,1,76.0,1,RB,31.8,28.6,fpl_core_insights_detailed,2026-05-09T14:30:00+00:00,GW36,4969d7af-c9d1-5c54-8620-d87f0b49cff8,12,36,66e53a63-86c7-5b13-92b7-7f9d7f77e440,RCB,True
fplcore:25-26-prem-liverpool-vs-chelsea,b02dbbb7-35b6-53d3-be68-f7c1b2c4e70f,R. Gravenberch,2025-26:12,1,90.0,1,CAM,46.5,39.5,fpl_core_insights_detailed,2026-05-09T14:30:00+00:00,GW36,4969d7af-c9d1-5c54-8620-d87f0b49cff8,12,36,b02dbbb7-35b6-53d3-be68-f7c1b2c4e70f,RDM,True
fplcore:25-26-prem-liverpool-vs-chelsea,d982f8cc-b7f6-5eef-880a-7588a8d9c761,A. Mac Allister,2025-26:12,1,90.0,1,RDM,44.5,54.0,fpl_core_insights_detailed,2026-05-09T14:30:00+00:00,GW36,4969d7af-c9d1-5c54-8620-d87f0b49cff8,12,36,d982f8cc-b7f6-5eef-880a-7588a8d9c761,LDM,True
fplcore:25-26-prem-liverpool-vs-chelsea,b8cff13d-168c-5c65-ad52-99b0426b08f2,D. Szoboszlai,2025-26:12,1,90.0,1,LAM,61.4,41.0,fpl_core_insights_detailed,2026-05-09T14:30:00+00:00,GW36,4969d7af-c9d1-5c54-8620-d87f0b49cff8,12,36,b8cff13d-168c-5c65-ad52-99b0426b08f2,CAM,True
fplcore:25-26-prem-liverpool-vs-chelsea,debd2971-955d-5acb-b321-caec89c7ad6d,R. Ngumoha,2025-26:12,1,66.0,1,LDM,44.0,69.9,fpl_core_insights_detailed,2026-05-09T14:30:00+00:00,GW36,4969d7af-c9d1-5c54-8620-d87f0b49cff8,12,36,debd2971-955d-5acb-b321-caec89c7ad6d,LAM,True
fplcore:25-26-prem-liverpool-vs-chelsea,d7143aed-fcb8-5af3-8721-72433dd889d7,F. Jørgensen,2025-26:7,1,90.0,1,,10.2,50.3,fpl_core_insights_detailed,2026-05-09T14:30:00+00:00,GW36,4969d7af-c9d1-5c54-8620-d87f0b49cff8,7,36,d7143aed-fcb8-5af3-8721-72433dd889d7,GK,True
fplcore:25-26-prem-manchester-city-vs-brentford,67859d1e-575f-5ae4-aa8d-8f36bd11696e,G. Donnarumma,2025-26:13,1,90.0,1,,10.7,47.7,fpl_core_insights_detailed,2026-05-09T19:30:00+00:00,GW36,25988556-93c6-5dfd-b380-96f4dd98805b,13,36,67859d1e-575f-5ae4-aa8d-8f36bd11696e,GK,True
fplcore:25-26-prem-manchester-city-vs-brentford,3cfeb2a8-cad5-5980-9946-aecc5eb2b011,C. Kelleher,2025-26:5,1,90.0,1,,8.5,48.7,fpl_core_insights_detailed,2026-05-09T19:30:00+00:00,GW36,25988556-93c6-5dfd-b380-96f4dd98805b,5,36,3cfeb2a8-cad5-5980-9946-aecc5eb2b011,GK,True
fplcore:25-26-prem-manchester-city-vs-crystal-palace,67859d1e-575f-5ae4-aa8d-8f36bd11696e,G. Donnarumma,2025-26:13,1,90.0,1,,10.2,47.3,fpl_core_insights_detailed,2026-05-13T22:00:00+00:00,GW36,092fe1c5-46c7-5bc7-a34b-822cf838d6ab,13,36,67859d1e-575f-5ae4-aa8d-8f36bd11696e,GK,True
fplcore:25-26-prem-manchester-city-vs-crystal-palace,4e7d3349-c869-51f6-a9f2-e86405e21be5,D. Henderson,2025-26:8,1,90.0,1,,11.4,47.9,fpl_core_insights_detailed,2026-05-13T22:00:00+00:00,GW36,092fe1c5-46c7-5bc7-a34b-822cf838d6ab,8,36,4e7d3349-c869-51f6-a9f2-e86405e21be5,GK,True
fplcore:25-26-prem-manchester-city-vs-crystal-palace,4e797913-6f5e-54d0-807d-555d7ec82308,J. Lerma,2025-26:8,1,90.0,1,LW,36.1,68.8,fpl_core_insights_detailed,2026-05-13T22:00:00+00:00,GW36,092fe1c5-46c7-5bc7-a34b-822cf838d6ab,8,36,4e797913-6f5e-54d0-807d-555d7ec82308,LCM,True
fplcore:25-26-prem-manchester-city-vs-crystal-palace,1e4afd94-5426-54f5-893e-eea93b538667,Y. Pino,2025-26:8,1,59.0,1,LCM,37.5,68.7,fpl_core_insights_detailed,2026-05-13T22:00:00+00:00,GW36,092fe1c5-46c7-5bc7-a34b-822cf838d6ab,8,36,1e4afd94-5426-54f5-893e-eea93b538667,LW,True
fplcore:25-26-prem-nottingham-forest-vs-newcastle-united,5dfbea2f-beb3-54f9-ad39-1f8f81f8a323,M. Sels,2025-26:16,1,90.0,1,,8.4,47.8,fpl_core_insights_detailed,2026-05-10T16:00:00+00:00,GW36,3b0bba38-af04-5460-b39f-e5c32eaf27ff,16,36,5dfbea2f-beb3-54f9-ad39-1f8f81f8a323,GK,True
fplcore:25-26-prem-nottingham-forest-vs-newcastle-united,95a48a1c-ec3e-52d7-9657-44491739dede,N. Milenković,2025-26:16,1,90.0,1,CB,24.4,32.9,fpl_core_insights_detailed,2026-05-10T16:00:00+00:00,GW36,3b0bba38-af04-5460-b39f-e5c32eaf27ff,16,36,95a48a1c-ec3e-52d7-9657-44491739dede,RCB,True
fplcore:25-26-prem-nottingham-forest-vs-newcastle-united,6c75a09d-abcd-5e49-80c0-b7bb0873304d,Jair,2025-26:16,1,90.0,1,RCB,35.8,24.6,fpl_core_insights_detailed,2026-05-10T16:00:00+00:00,GW36,3b0bba38-af04-5460-b39f-e5c32eaf27ff,16,36,6c75a09d-abcd-5e49-80c0-b7bb0873304d,CB,True
fplcore:25-26-prem-nottingham-forest-vs-newcastle-united,77dbedf3-49eb-53ec-8cc5-c1d344c47ca2,N. Williams,2025-26:16,1,90.0,1,LCM,40.3,60.5,fpl_core_insights_detailed,2026-05-10T16:00:00+00:00,GW36,3b0bba38-af04-5460-b39f-e5c32eaf27ff,16,36,77dbedf3-49eb-53ec-8cc5-c1d344c47ca2,RWB,True
fplcore:25-26-prem-nottingham-forest-vs-newcastle-united,a2afe8eb-9890-541f-9258-8202cd512f1f,N. Domínguez,2025-26:16,1,45.0,1,RWB,38.6,41.3,fpl_core_insights_detailed,2026-05-10T16:00:00+00:00,GW36,3b0bba38-af04-5460-b39f-e5c32eaf27ff,16,36,a2afe8eb-9890-541f-9258-8202cd512f1f,RCM,True
fplcore:25-26-prem-nottingham-forest-vs-newcastle-united,89ca84c0-8f48-5f1a-913d-799d45f1691e,E. Anderson,2025-26:16,1,90.0,1,RCM,43.6,50.5,fpl_core_insights_detailed,2026-05-10T16:00:00+00:00,GW36,3b0bba38-af04-5460-b39f-e5c32eaf27ff,16,36,89ca84c0-8f48-5f1a-913d-799d45f1691e,LCM,True
fplcore:25-26-prem-nottingham-forest-vs-newcastle-united,00be15e9-135e-5a79-956f-cd70f121b4b0,N. Pope,2025-26:15,1,90.0,1,,8.7,49.8,fpl_core_insights_detailed,2026-05-10T16:00:00+00:00,GW36,3b0bba38-af04-5460-b39f-e5c32eaf27ff,15,36,00be15e9-135e-5a79-956f-cd70f121b4b0,GK,True
fplcore:25-26-prem-sunderland-vs-manchester-united,17b0293a-a54d-554b-bdba-368217c87ad9,R. Roefs,2025-26:17,1,90.0,1,,13.4,49.3,fpl_core_insights_detailed,2026-05-09T17:00:00+00:00,GW36,25abf903-06d4-5b30-9573-1ca6d4317c79,17,36,17b0293a-a54d-554b-bdba-368217c87ad9,GK,True
fplcore:25-26-prem-sunderland-vs-manchester-united,63a30902-aa79-59d2-bbc6-903ff41e54dc,S. Lammens,2025-26:14,1,90.0,1,,8.5,47.9,fpl_core_insights_detailed,2026-05-09T17:00:00+00:00,GW36,25abf903-06d4-5b30-9573-1ca6d4317c79,14,36,63a30902-aa79-59d2-bbc6-903ff41e54dc,GK,True
fplcore:25-26-prem-tottenham-hotspur-vs-leeds-united,227cf32e-d062-5df9-8908-cb5491836ff8,A. Kinský,2025-26:18,1,90.0,1,,11.5,49.9,fpl_core_insights_detailed,2026-05-11T22:00:00+00:00,GW36,ca09b971-bf08-55a8-9cf4-b93f3c0604e1,18,36,227cf32e-d062-5df9-8908-cb5491836ff8,GK,True
fplcore:25-26-prem-tottenham-hotspur-vs-leeds-united,d921acea-ffba-515b-a957-12586c43f133,K. Darlow,2025-26:11,1,90.0,1,,11.3,48.7,fpl_core_insights_detailed,2026-05-11T22:00:00+00:00,GW36,ca09b971-bf08-55a8-9cf4-b93f3c0604e1,11,36,d921acea-ffba-515b-a957-12586c43f133,GK,True
fplcore:25-26-prem-west-ham-united-vs-arsenal,82a85fe5-3695-5749-b382-fb39650267e9,M. Hermansen,2025-26:19,1,90.0,1,,14.1,47.9,fpl_core_insights_detailed,2026-05-10T18:30:00+00:00,GW36,e0ceee79-211e-5422-8a48-170a59ad8497,19,36,82a85fe5-3695-5749-b382-fb39650267e9,GK,True
fplcore:25-26-prem-west-ham-united-vs-arsenal,4e68227a-9577-5c26-99fa-8a519b052582,J. Bowen,2025-26:19,1,90.0,1,ST,68.5,32.9,fpl_core_insights_detailed,2026-05-10T18:30:00+00:00,GW36,e0ceee79-211e-5422-8a48-170a59ad8497,19,36,4e68227a-9577-5c26-99fa-8a519b052582,RAM,True
fplcore:25-26-prem-west-ham-united-vs-arsenal,de5e511c-9379-5b70-8f43-d2b814dfdcc3,T. Castellanos,2025-26:19,1,66.0,1,RAM,54.1,67.7,fpl_core_insights_detailed,2026-05-10T18:30:00+00:00,GW36,e0ceee79-211e-5422-8a48-170a59ad8497,19,36,de5e511c-9379-5b70-8f43-d2b814dfdcc3,ST,True
fplcore:25-26-prem-west-ham-united-vs-arsenal,9ac55e79-9cb2-5ac5-ae8c-6a2ebd620277,D. Raya,2025-26:1,1,90.0,1,,10.4,53.0,fpl_core_insights_detailed,2026-05-10T18:30:00+00:00,GW36,e0ceee79-211e-5422-8a48-170a59ad8497,1,36,9ac55e79-9cb2-5ac5-ae8c-6a2ebd620277,GK,True
fplcore:25-26-prem-afc-bournemouth-vs-manchester-city,aec63649-ffe1-5e88-829b-d1e462e7e679,Đ. Petrović,2025-26:4,1,90.0,1,,9.9,48.0,fpl_core_insights_detailed,2026-05-19T21:30:00+00:00,GW37,498f1104-1511-5cef-8345-ce9c66768ec7,4,37,aec63649-ffe1-5e88-829b-d1e462e7e679,GK,True
fplcore:25-26-prem-afc-bournemouth-vs-manchester-city,67859d1e-575f-5ae4-aa8d-8f36bd11696e,G. Donnarumma,2025-26:13,1,90.0,1,,9.1,50.5,fpl_core_insights_detailed,2026-05-19T21:30:00+00:00,GW37,498f1104-1511-5cef-8345-ce9c66768ec7,13,37,67859d1e-575f-5ae4-aa8d-8f36bd11696e,GK,True
fplcore:25-26-prem-afc-bournemouth-vs-manchester-city,6f380ed1-cc12-5a44-847a-217354668a1e,Rodri,2025-26:13,1,90.0,1,LCM,51.8,46.6,fpl_core_insights_detailed,2026-05-19T21:30:00+00:00,GW37,498f1104-1511-5cef-8345-ce9c66768ec7,13,37,6f380ed1-cc12-5a44-847a-217354668a1e,DM,True
fplcore:25-26-prem-afc-bournemouth-vs-manchester-city,52ef863c-3a3d-510c-ac26-a4176d6b98ff,M. Kovačić,2025-26:13,1,55.0,1,DM,51.3,61.1,fpl_core_insights_detailed,2026-05-19T21:30:00+00:00,GW37,498f1104-1511-5cef-8345-ce9c66768ec7,13,37,52ef863c-3a3d-510c-ac26-a4176d6b98ff,LCM,True
fplcore:25-26-prem-arsenal-vs-burnley,9ac55e79-9cb2-5ac5-ae8c-6a2ebd620277,D. Raya,2025-26:1,1,90.0,1,,14.2,53.3,fpl_core_insights_detailed,2026-05-18T22:00:00+00:00,GW37,b05d8bbc-90bb-57d4-a3ff-25dce53593e4,1,37,9ac55e79-9cb2-5ac5-ae8c-6a2ebd620277,GK,True
fplcore:25-26-prem-arsenal-vs-burnley,63254645-c19e-5669-ae4c-6995093f3b92,M. Weiss,2025-26:3,1,90.0,1,,9.7,52.5,fpl_core_insights_detailed,2026-05-18T22:00:00+00:00,GW37,b05d8bbc-90bb-57d4-a3ff-25dce53593e4,3,37,63254645-c19e-5669-ae4c-6995093f3b92,GK,True
fplcore:25-26-prem-aston-villa-vs-liverpool,db76d454-818a-5043-8d04-22e24f696027,E. Martínez,2025-26:2,1,90.0,1,,11.8,49.0,fpl_core_insights_detailed,2026-05-15T22:00:00+00:00,GW37,08ddad76-4191-5baa-9d72-080d772df8a4,2,37,db76d454-818a-5043-8d04-22e24f696027,GK,True
fplcore:25-26-prem-aston-villa-vs-liverpool,f2831f63-18d0-5405-9349-288d723614fe,G. Mamardashvili,2025-26:12,1,90.0,1,,10.4,49.1,fpl_core_insights_detailed,2026-05-15T22:00:00+00:00,GW37,08ddad76-4191-5baa-9d72-080d772df8a4,12,37,f2831f63-18d0-5405-9349-288d723614fe,GK,True
fplcore:25-26-prem-aston-villa-vs-liverpool,b02dbbb7-35b6-53d3-be68-f7c1b2c4e70f,R. Gravenberch,2025-26:12,1,65.0,1,CAM,52.7,54.0,fpl_core_insights_detailed,2026-05-15T22:00:00+00:00,GW37,08ddad76-4191-5baa-9d72-080d772df8a4,12,37,b02dbbb7-35b6-53d3-be68-f7c1b2c4e70f,RDM,True
fplcore:25-26-prem-aston-villa-vs-liverpool,69b2f335-365b-5201-b36b-babf799e628a,C. Jones,2025-26:12,1,90.0,1,RDM,50.2,28.6,fpl_core_insights_detailed,2026-05-15T22:00:00+00:00,GW37,08ddad76-4191-5baa-9d72-080d772df8a4,12,37,69b2f335-365b-5201-b36b-babf799e628a,RAM,True
fplcore:25-26-prem-aston-villa-vs-liverpool,b8cff13d-168c-5c65-ad52-99b0426b08f2,D. Szoboszlai,2025-26:12,1,90.0,1,RAM,61.4,40.6,fpl_core_insights_detailed,2026-05-15T22:00:00+00:00,GW37,08ddad76-4191-5baa-9d72-080d772df8a4,12,37,b8cff13d-168c-5c65-ad52-99b0426b08f2,CAM,True
fplcore:25-26-prem-brentford-vs-crystal-palace,3cfeb2a8-cad5-5980-9946-aecc5eb2b011,C. Kelleher,2025-26:5,1,90.0,1,,13.5,48.2,fpl_core_insights_detailed,2026-05-17T17:00:00+00:00,GW37,728090a6-8bed-5bb5-ba22-55caa5d0f65a,5,37,3cfeb2a8-cad5-5980-9946-aecc5eb2b011,GK,True
fplcore:25-26-prem-brentford-vs-crystal-palace,4e7d3349-c869-51f6-a9f2-e86405e21be5,D. Henderson,2025-26:8,1,90.0,1,,13.0,51.6,fpl_core_insights_detailed,2026-05-17T17:00:00+00:00,GW37,728090a6-8bed-5bb5-ba22-55caa5d0f65a,8,37,4e7d3349-c869-51f6-a9f2-e86405e21be5,GK,True
fplcore:25-26-prem-brentford-vs-crystal-palace,73fbac33-4713-58ec-b9bd-242dfec592a2,A. Wharton,2025-26:8,1,90.0,1,LAM,56.6,43.2,fpl_core_insights_detailed,2026-05-17T17:00:00+00:00,GW37,728090a6-8bed-5bb5-ba22-55caa5d0f65a,8,37,73fbac33-4713-58ec-b9bd-242dfec592a2,RCM,True
fplcore:25-26-prem-brentford-vs-crystal-palace,d7ab42eb-50da-5a3f-a583-fdf38b0d2cfe,D. Kamada,2025-26:8,1,90.0,1,RCM,47.2,62.7,fpl_core_insights_detailed,2026-05-17T17:00:00+00:00,GW37,728090a6-8bed-5bb5-ba22-55caa5d0f65a,8,37,d7ab42eb-50da-5a3f-a583-fdf38b0d2cfe,LCM,True
fplcore:25-26-prem-brentford-vs-crystal-palace,1e4afd94-5426-54f5-893e-eea93b538667,Y. Pino,2025-26:8,1,45.0,1,LCM,54.9,63.8,fpl_core_insights_detailed,2026-05-17T17:00:00+00:00,GW37,728090a6-8bed-5bb5-ba22-55caa5d0f65a,8,37,1e4afd94-5426-54f5-893e-eea93b538667,LAM,True
fplcore:25-26-prem-chelsea-vs-tottenham-hotspur,412fc00b-6fb5-5606-bb30-04e075a83220,R. Sánchez,2025-26:7,1,90.0,1,,9.5,47.6,fpl_core_insights_detailed,2026-05-19T22:15:00+00:00,GW37,ba89faf8-3800-548a-951b-e5d7ed60ed05,7,37,412fc00b-6fb5-5606-bb30-04e075a83220,GK,True
fplcore:25-26-prem-chelsea-vs-tottenham-hotspur,227cf32e-d062-5df9-8908-cb5491836ff8,A. Kinský,2025-26:18,1,90.0,1,,10.2,48.8,fpl_core_insights_detailed,2026-05-19T22:15:00+00:00,GW37,ba89faf8-3800-548a-951b-e5d7ed60ed05,18,37,227cf32e-d062-5df9-8908-cb5491836ff8,GK,True
fplcore:25-26-prem-chelsea-vs-tottenham-hotspur,d64982ba-72ef-52d6-b8fe-3706499963ab,C. Gallagher,2025-26:18,1,90.0,1,LAM,55.7,61.7,fpl_core_insights_detailed,2026-05-19T22:15:00+00:00,GW37,ba89faf8-3800-548a-951b-e5d7ed60ed05,18,37,d64982ba-72ef-52d6-b8fe-3706499963ab,CAM,True
fplcore:25-26-prem-chelsea-vs-tottenham-hotspur,4aecc997-ca9d-57ec-a854-3151849bde99,M. Tel,2025-26:18,1,90.0,1,CAM,58.8,61.3,fpl_core_insights_detailed,2026-05-19T22:15:00+00:00,GW37,ba89faf8-3800-548a-951b-e5d7ed60ed05,18,37,4aecc997-ca9d-57ec-a854-3151849bde99,LAM,True
fplcore:25-26-prem-everton-vs-sunderland,57881605-ab70-5c0d-865f-433201de3f6f,J. Pickford,2025-26:9,1,90.0,1,,14.7,51.1,fpl_core_insights_detailed,2026-05-17T17:00:00+00:00,GW37,f0affde3-2d1e-534c-9399-e7418e760196,9,37,57881605-ab70-5c0d-865f-433201de3f6f,GK,True
fplcore:25-26-prem-everton-vs-sunderland,17b0293a-a54d-554b-bdba-368217c87ad9,R. Roefs,2025-26:17,1,90.0,1,,12.5,53.2,fpl_core_insights_detailed,2026-05-17T17:00:00+00:00,GW37,f0affde3-2d1e-534c-9399-e7418e760196,17,37,17b0293a-a54d-554b-bdba-368217c87ad9,GK,True
fplcore:25-26-prem-everton-vs-sunderland,66bc60f5-fa76-5fa0-a7ca-b9f126393376,G. Xhaka,2025-26:17,1,90.0,1,LDM,50.3,42.4,fpl_core_insights_detailed,2026-05-17T17:00:00+00:00,GW37,f0affde3-2d1e-534c-9399-e7418e760196,17,37,66bc60f5-fa76-5fa0-a7ca-b9f126393376,RDM,True
fplcore:25-26-prem-everton-vs-sunderland,e5098785-f2ed-5b29-af5e-f569a62ab2c0,N. Sadiki,2025-26:17,1,76.0,1,CAM,60.7,58.4,fpl_core_insights_detailed,2026-05-17T17:00:00+00:00,GW37,f0affde3-2d1e-534c-9399-e7418e760196,17,37,e5098785-f2ed-5b29-af5e-f569a62ab2c0,LDM,True
fplcore:25-26-prem-everton-vs-sunderland,2e06beff-d060-52c5-b090-ef85e142bc03,T. Hume,2025-26:17,1,59.0,1,RDM,54.6,18.9,fpl_core_insights_detailed,2026-05-17T17:00:00+00:00,GW37,f0affde3-2d1e-534c-9399-e7418e760196,17,37,2e06beff-d060-52c5-b090-ef85e142bc03,RAM,True
fplcore:25-26-prem-everton-vs-sunderland,40b6a84e-8e7e-529b-8b4e-a2979b1bc8e4,E. Le Fée,2025-26:17,1,90.0,1,RAM,55.3,39.9,fpl_core_insights_detailed,2026-05-17T17:00:00+00:00,GW37,f0affde3-2d1e-534c-9399-e7418e760196,17,37,40b6a84e-8e7e-529b-8b4e-a2979b1bc8e4,CAM,True
fplcore:25-26-prem-leeds-united-vs-brighton-hove-albion,d921acea-ffba-515b-a957-12586c43f133,K. Darlow,2025-26:11,1,90.0,1,,9.7,49.6,fpl_core_insights_detailed,2026-05-17T17:00:00+00:00,GW37,58063874-83a0-58d3-88f4-272c896d19f4,11,37,d921acea-ffba-515b-a957-12586c43f133,GK,True
fplcore:25-26-prem-leeds-united-vs-brighton-hove-albion,3b36fb97-62ec-53b8-882c-bd6a01550f8c,A. Tanaka,2025-26:11,1,59.0,1,LWB,47.6,71.7,fpl_core_insights_detailed,2026-05-17T17:00:00+00:00,GW37,58063874-83a0-58d3-88f4-272c896d19f4,11,37,3b36fb97-62ec-53b8-882c-bd6a01550f8c,LCM,True
fplcore:25-26-prem-leeds-united-vs-brighton-hove-albion,e5ce8638-ef71-56e5-ae05-c0e425118aa3,J. Justin,2025-26:11,1,90.0,1,LCM,40.5,70.9,fpl_core_insights_detailed,2026-05-17T17:00:00+00:00,GW37,58063874-83a0-58d3-88f4-272c896d19f4,11,37,e5ce8638-ef71-56e5-ae05-c0e425118aa3,LWB,True
fplcore:25-26-prem-leeds-united-vs-brighton-hove-albion,9720eb96-9da3-5717-9ed4-45874361e243,B. Verbruggen,2025-26:6,1,90.0,1,,10.8,51.7,fpl_core_insights_detailed,2026-05-17T17:00:00+00:00,GW37,58063874-83a0-58d3-88f4-272c896d19f4,6,37,9720eb96-9da3-5717-9ed4-45874361e243,GK,True
fplcore:25-26-prem-leeds-united-vs-brighton-hove-albion,eb26516f-9061-5a83-a316-5cd4bef43df5,P. Groß,2025-26:6,1,90.0,1,CAM,61.1,34.1,fpl_core_insights_detailed,2026-05-17T17:00:00+00:00,GW37,58063874-83a0-58d3-88f4-272c896d19f4,6,37,eb26516f-9061-5a83-a316-5cd4bef43df5,RDM,True
fplcore:25-26-prem-leeds-united-vs-brighton-hove-albion,b0761079-7e99-5095-aa38-877404766193,J. Hinshelwood,2025-26:6,1,81.0,1,RDM,58.4,55.2,fpl_core_insights_detailed,2026-05-17T17:00:00+00:00,GW37,58063874-83a0-58d3-88f4-272c896d19f4,6,37,b0761079-7e99-5095-aa38-877404766193,CAM,True
fplcore:25-26-prem-manchester-united-vs-nottingham-forest,63a30902-aa79-59d2-bbc6-903ff41e54dc,S. Lammens,2025-26:14,1,90.0,1,,10.6,48.2,fpl_core_insights_detailed,2026-05-17T14:30:00+00:00,GW37,31402e57-7c34-5b2c-8688-d29a2831522e,14,37,63a30902-aa79-59d2-bbc6-903ff41e54dc,GK,True
fplcore:25-26-prem-manchester-united-vs-nottingham-forest,5dfbea2f-beb3-54f9-ad39-1f8f81f8a323,M. Sels,2025-26:16,1,90.0,1,,8.3,47.6,fpl_core_insights_detailed,2026-05-17T14:30:00+00:00,GW37,31402e57-7c34-5b2c-8688-d29a2831522e,16,37,5dfbea2f-beb3-54f9-ad39-1f8f81f8a323,GK,True
fplcore:25-26-prem-manchester-united-vs-nottingham-forest,a2afe8eb-9890-541f-9258-8202cd512f1f,N. Domínguez,2025-26:16,1,69.0,1,LCM,41.4,56.5,fpl_core_insights_detailed,2026-05-17T14:30:00+00:00,GW37,31402e57-7c34-5b2c-8688-d29a2831522e,16,37,a2afe8eb-9890-541f-9258-8202cd512f1f,RCM,True
fplcore:25-26-prem-manchester-united-vs-nottingham-forest,89ca84c0-8f48-5f1a-913d-799d45f1691e,E. Anderson,2025-26:16,1,90.0,1,RCM,45.8,46.1,fpl_core_insights_detailed,2026-05-17T14:30:00+00:00,GW37,31402e57-7c34-5b2c-8688-d29a2831522e,16,37,89ca84c0-8f48-5f1a-913d-799d45f1691e,LCM,True
fplcore:25-26-prem-newcastle-united-vs-west-ham-united,00be15e9-135e-5a79-956f-cd70f121b4b0,N. Pope,2025-26:15,1,90.0,1,,6.5,52.3,fpl_core_insights_detailed,2026-05-17T19:30:00+00:00,GW37,b4ec0cde-d0bf-5e52-a05a-625335240554,15,37,00be15e9-135e-5a79-956f-cd70f121b4b0,GK,True
fplcore:25-26-prem-newcastle-united-vs-west-ham-united,c7d912b7-acf9-59e7-a5a7-c7e64aed18da,S. Tonali,2025-26:15,1,52.0,1,LAM,53.9,64.4,fpl_core_insights_detailed,2026-05-17T19:30:00+00:00,GW37,b4ec0cde-d0bf-5e52-a05a-625335240554,15,37,c7d912b7-acf9-59e7-a5a7-c7e64aed18da,LDM,True
fplcore:25-26-prem-newcastle-united-vs-west-ham-united,8385a2b5-f514-5b12-aa58-82c05b0c3586,J. Ramsey,2025-26:15,1,90.0,1,LDM,47.3,65.7,fpl_core_insights_detailed,2026-05-17T19:30:00+00:00,GW37,b4ec0cde-d0bf-5e52-a05a-625335240554,15,37,8385a2b5-f514-5b12-aa58-82c05b0c3586,LAM,True
fplcore:25-26-prem-newcastle-united-vs-west-ham-united,82a85fe5-3695-5749-b382-fb39650267e9,M. Hermansen,2025-26:19,1,90.0,1,,12.1,50.2,fpl_core_insights_detailed,2026-05-17T19:30:00+00:00,GW37,b4ec0cde-d0bf-5e52-a05a-625335240554,19,37,82a85fe5-3695-5749-b382-fb39650267e9,GK,True
fplcore:25-26-prem-newcastle-united-vs-west-ham-united,b9aca1a6-3e7e-50d1-85c7-bc4c6432da09,A. Disasi,2025-26:19,1,90.0,1,CB,38.4,53.2,fpl_core_insights_detailed,2026-05-17T19:30:00+00:00,GW37,b4ec0cde-d0bf-5e52-a05a-625335240554,19,37,b9aca1a6-3e7e-50d1-85c7-bc4c6432da09,RCB,True
fplcore:25-26-prem-newcastle-united-vs-west-ham-united,a4b84834-eb21-54ba-be68-660ea3815e93,K. Mavropanos,2025-26:19,1,90.0,1,RCB,37.0,38.2,fpl_core_insights_detailed,2026-05-17T19:30:00+00:00,GW37,b4ec0cde-d0bf-5e52-a05a-625335240554,19,37,a4b84834-eb21-54ba-be68-660ea3815e93,CB,True
fplcore:25-26-prem-wolverhampton-wanderers-vs-fulham,698f23fd-0fa1-5358-8bd3-2b8aef91e946,J. Sá,2025-26:20,1,90.0,1,,10.0,48.8,fpl_core_insights_detailed,2026-05-17T17:00:00+00:00,GW37,dec351fa-176e-54ff-a391-5e41f9eeee09,20,37,698f23fd-0fa1-5358-8bd3-2b8aef91e946,GK,True
fplcore:25-26-prem-wolverhampton-wanderers-vs-fulham,83056bd2-b742-5b28-b32d-8ba4a3902c61,B. Leno,2025-26:10,1,90.0,1,,14.5,49.4,fpl_core_insights_detailed,2026-05-17T17:00:00+00:00,GW37,dec351fa-176e-54ff-a391-5e41f9eeee09,10,37,83056bd2-b742-5b28-b32d-8ba4a3902c61,GK,True
fplcore:25-26-prem-wolverhampton-wanderers-vs-fulham,aa82079f-0382-5b01-bb3b-9224650f408b,S. Lukić,2025-26:10,1,90.0,1,LDM,53.9,47.7,fpl_core_insights_detailed,2026-05-17T17:00:00+00:00,GW37,dec351fa-176e-54ff-a391-5e41f9eeee09,10,37,aa82079f-0382-5b01-bb3b-9224650f408b,RDM,True
fplcore:25-26-prem-wolverhampton-wanderers-vs-fulham,f0504a37-2a31-5f04-8704-2c307c2384cd,S. Berge,2025-26:10,1,45.0,1,RDM,47.6,46.5,fpl_core_insights_detailed,2026-05-17T17:00:00+00:00,GW37,dec351fa-176e-54ff-a391-5e41f9eeee09,10,37,f0504a37-2a31-5f04-8704-2c307c2384cd,LDM,True
fplcore:25-26-prem-wolverhampton-wanderers-vs-fulham,7f48ec5f-f934-516a-9c1f-84d42bd974ff,E. Smith Rowe,2025-26:10,1,78.0,1,LAM,59.7,65.9,fpl_core_insights_detailed,2026-05-17T17:00:00+00:00,GW37,dec351fa-176e-54ff-a391-5e41f9eeee09,10,37,7f48ec5f-f934-516a-9c1f-84d42bd974ff,CAM,True
fplcore:25-26-prem-wolverhampton-wanderers-vs-fulham,bf6c1651-0779-512e-9c37-3b8ac8c14714,A. Iwobi,2025-26:10,1,66.0,1,CAM,59.4,64.5,fpl_core_insights_detailed,2026-05-17T17:00:00+00:00,GW37,dec351fa-176e-54ff-a391-5e41f9eeee09,10,37,bf6c1651-0779-512e-9c37-3b8ac8c14714,LAM,True
fplcore:25-26-prem-brighton-hove-albion-vs-manchester-united,9720eb96-9da3-5717-9ed4-45874361e243,B. Verbruggen,2025-26:6,1,90.0,1,,11.8,51.0,fpl_core_insights_detailed,2026-05-24T18:00:00+00:00,GW38,ae89dde2-06e5-5c3d-88d1-b18a3afac874,6,38,9720eb96-9da3-5717-9ed4-45874361e243,GK,True
fplcore:25-26-prem-brighton-hove-albion-vs-manchester-united,eb26516f-9061-5a83-a316-5cd4bef43df5,P. Groß,2025-26:6,1,90.0,1,RAM,58.4,39.3,fpl_core_insights_detailed,2026-05-24T18:00:00+00:00,GW38,ae89dde2-06e5-5c3d-88d1-b18a3afac874,6,38,eb26516f-9061-5a83-a316-5cd4bef43df5,RDM,True
fplcore:25-26-prem-brighton-hove-albion-vs-manchester-united,bec3b39e-5fff-5ae4-a7ba-ba525d5b3911,D. Gómez,2025-26:6,1,58.0,1,RDM,53.4,26.1,fpl_core_insights_detailed,2026-05-24T18:00:00+00:00,GW38,ae89dde2-06e5-5c3d-88d1-b18a3afac874,6,38,bec3b39e-5fff-5ae4-a7ba-ba525d5b3911,RAM,True
fplcore:25-26-prem-brighton-hove-albion-vs-manchester-united,63a30902-aa79-59d2-bbc6-903ff41e54dc,S. Lammens,2025-26:14,1,90.0,1,,9.9,47.8,fpl_core_insights_detailed,2026-05-24T18:00:00+00:00,GW38,ae89dde2-06e5-5c3d-88d1-b18a3afac874,14,38,63a30902-aa79-59d2-bbc6-903ff41e54dc,GK,True
fplcore:25-26-prem-burnley-vs-wolverhampton-wanderers,63254645-c19e-5669-ae4c-6995093f3b92,M. Weiss,2025-26:3,1,90.0,1,,12.0,48.6,fpl_core_insights_detailed,2026-05-24T18:00:00+00:00,GW38,f82cddfd-b545-5509-9c99-a1ae615e0130,3,38,63254645-c19e-5669-ae4c-6995093f3b92,GK,True
fplcore:25-26-prem-burnley-vs-wolverhampton-wanderers,698f23fd-0fa1-5358-8bd3-2b8aef91e946,J. Sá,2025-26:20,1,90.0,1,,8.7,48.7,fpl_core_insights_detailed,2026-05-24T18:00:00+00:00,GW38,f82cddfd-b545-5509-9c99-a1ae615e0130,20,38,698f23fd-0fa1-5358-8bd3-2b8aef91e946,GK,True
fplcore:25-26-prem-burnley-vs-wolverhampton-wanderers,00cc549f-a9f0-54b0-8cbc-ef47c7f8251b,André,2025-26:20,1,90.0,1,LCM,40.3,52.4,fpl_core_insights_detailed,2026-05-24T18:00:00+00:00,GW38,f82cddfd-b545-5509-9c99-a1ae615e0130,20,38,00cc549f-a9f0-54b0-8cbc-ef47c7f8251b,RCM,True
fplcore:25-26-prem-burnley-vs-wolverhampton-wanderers,15d02b2c-303d-5403-b3ee-c1bb398578ae,A. Gomes,2025-26:20,1,65.0,1,RCM,49.1,51.9,fpl_core_insights_detailed,2026-05-24T18:00:00+00:00,GW38,f82cddfd-b545-5509-9c99-a1ae615e0130,20,38,15d02b2c-303d-5403-b3ee-c1bb398578ae,LCM,True
fplcore:25-26-prem-burnley-vs-wolverhampton-wanderers,9ac5d5a9-74b6-578c-8e14-559019eb509d,M. Mané,2025-26:20,1,90.0,1,ST,64.8,45.8,fpl_core_insights_detailed,2026-05-24T18:00:00+00:00,GW38,f82cddfd-b545-5509-9c99-a1ae615e0130,20,38,9ac5d5a9-74b6-578c-8e14-559019eb509d,RAM,True
fplcore:25-26-prem-burnley-vs-wolverhampton-wanderers,ef5625b9-1910-5982-85f1-1966467ad375,A. Armstrong,2025-26:20,1,73.0,1,RAM,64.8,37.5,fpl_core_insights_detailed,2026-05-24T18:00:00+00:00,GW38,f82cddfd-b545-5509-9c99-a1ae615e0130,20,38,ef5625b9-1910-5982-85f1-1966467ad375,ST,True
fplcore:25-26-prem-crystal-palace-vs-arsenal,4e7d3349-c869-51f6-a9f2-e86405e21be5,D. Henderson,2025-26:8,1,90.0,1,,11.3,51.0,fpl_core_insights_detailed,2026-05-24T18:00:00+00:00,GW38,0d6a442b-e1f2-53f3-a9a8-0b75c19465d8,8,38,4e7d3349-c869-51f6-a9f2-e86405e21be5,GK,True
fplcore:25-26-prem-crystal-palace-vs-arsenal,12886371-5fae-5789-af23-d20764ecfe3e,D. Muñoz,2025-26:8,1,45.0,1,ST,68.9,14.2,fpl_core_insights_detailed,2026-05-24T18:00:00+00:00,GW38,0d6a442b-e1f2-53f3-a9a8-0b75c19465d8,8,38,12886371-5fae-5789-af23-d20764ecfe3e,RWB,True
fplcore:25-26-prem-crystal-palace-vs-arsenal,0fa345a4-e26c-50d4-8f35-8b13aa9d7c09,W. Hughes,2025-26:8,1,90.0,1,RWB,54.1,46.7,fpl_core_insights_detailed,2026-05-24T18:00:00+00:00,GW38,0d6a442b-e1f2-53f3-a9a8-0b75c19465d8,8,38,0fa345a4-e26c-50d4-8f35-8b13aa9d7c09,RCM,True
fplcore:25-26-prem-crystal-palace-vs-arsenal,fb5999b1-7357-5d65-94c6-bba6bff6ac3a,R. Cardines,2025-26:8,1,90.0,1,RCM,49.1,58.9,fpl_core_insights_detailed,2026-05-24T18:00:00+00:00,GW38,0d6a442b-e1f2-53f3-a9a8-0b75c19465d8,8,38,fb5999b1-7357-5d65-94c6-bba6bff6ac3a,LWB,True
fplcore:25-26-prem-crystal-palace-vs-arsenal,9a90c10b-4796-5eda-a505-8db9bc21605d,I. Sarr,2025-26:8,1,45.0,1,LWB,54.8,73.5,fpl_core_insights_detailed,2026-05-24T18:00:00+00:00,GW38,0d6a442b-e1f2-53f3-a9a8-0b75c19465d8,8,38,9a90c10b-4796-5eda-a505-8db9bc21605d,LAM,True
fplcore:25-26-prem-crystal-palace-vs-arsenal,b6fb865b-2ea3-5f14-9db7-b2b1c2d82003,J. Larsen,2025-26:8,1,76.0,1,LAM,56.6,60.8,fpl_core_insights_detailed,2026-05-24T18:00:00+00:00,GW38,0d6a442b-e1f2-53f3-a9a8-0b75c19465d8,8,38,b6fb865b-2ea3-5f14-9db7-b2b1c2d82003,ST,True
fplcore:25-26-prem-crystal-palace-vs-arsenal,eeb9fc59-f254-555c-b473-e81a697d50ea,K. Arrizabalaga,2025-26:1,1,90.0,1,,10.7,49.8,fpl_core_insights_detailed,2026-05-24T18:00:00+00:00,GW38,0d6a442b-e1f2-53f3-a9a8-0b75c19465d8,1,38,eeb9fc59-f254-555c-b473-e81a697d50ea,GK,True
fplcore:25-26-prem-fulham-vs-newcastle-united,83056bd2-b742-5b28-b32d-8ba4a3902c61,B. Leno,2025-26:10,1,90.0,1,,10.6,54.0,fpl_core_insights_detailed,2026-05-24T18:00:00+00:00,GW38,7eb9f651-a02f-59cf-843e-8b905b79f98c,10,38,83056bd2-b742-5b28-b32d-8ba4a3902c61,GK,True
fplcore:25-26-prem-fulham-vs-newcastle-united,bf6c1651-0779-512e-9c37-3b8ac8c14714,A. Iwobi,2025-26:10,1,90.0,1,CAM,63.7,48.0,fpl_core_insights_detailed,2026-05-24T18:00:00+00:00,GW38,7eb9f651-a02f-59cf-843e-8b905b79f98c,10,38,bf6c1651-0779-512e-9c37-3b8ac8c14714,RDM,True
fplcore:25-26-prem-fulham-vs-newcastle-united,f0504a37-2a31-5f04-8704-2c307c2384cd,S. Berge,2025-26:10,1,90.0,1,RDM,49.4,46.0,fpl_core_insights_detailed,2026-05-24T18:00:00+00:00,GW38,7eb9f651-a02f-59cf-843e-8b905b79f98c,10,38,f0504a37-2a31-5f04-8704-2c307c2384cd,LDM,True
fplcore:25-26-prem-fulham-vs-newcastle-united,7f48ec5f-f934-516a-9c1f-84d42bd974ff,E. Smith Rowe,2025-26:10,1,71.0,1,LDM,47.8,58.5,fpl_core_insights_detailed,2026-05-24T18:00:00+00:00,GW38,7eb9f651-a02f-59cf-843e-8b905b79f98c,10,38,7f48ec5f-f934-516a-9c1f-84d42bd974ff,CAM,True
fplcore:25-26-prem-fulham-vs-newcastle-united,00be15e9-135e-5a79-956f-cd70f121b4b0,N. Pope,2025-26:15,1,90.0,1,,8.0,48.4,fpl_core_insights_detailed,2026-05-24T18:00:00+00:00,GW38,7eb9f651-a02f-59cf-843e-8b905b79f98c,15,38,00be15e9-135e-5a79-956f-cd70f121b4b0,GK,True
fplcore:25-26-prem-liverpool-vs-brentford,bb7d5990-008e-5f6d-871a-83ec4490dd2d,Alisson,2025-26:12,1,90.0,1,,12.5,42.8,fpl_core_insights_detailed,2026-05-24T18:00:00+00:00,GW38,53a5b9eb-ba57-5a74-9126-31f1c9776a9b,12,38,bb7d5990-008e-5f6d-871a-83ec4490dd2d,GK,True
fplcore:25-26-prem-liverpool-vs-brentford,3cfeb2a8-cad5-5980-9946-aecc5eb2b011,C. Kelleher,2025-26:5,1,90.0,1,,7.7,50.6,fpl_core_insights_detailed,2026-05-24T18:00:00+00:00,GW38,53a5b9eb-ba57-5a74-9126-31f1c9776a9b,5,38,3cfeb2a8-cad5-5980-9946-aecc5eb2b011,GK,True
fplcore:25-26-prem-manchester-city-vs-aston-villa,8fc7e356-2dbb-50c9-8b7e-cc573f3855b4,J. Trafford,2025-26:13,1,90.0,1,,6.5,46.1,fpl_core_insights_detailed,2026-05-24T18:00:00+00:00,GW38,e1b64232-1ee4-522c-b106-e651d9eba4ea,13,38,8fc7e356-2dbb-50c9-8b7e-cc573f3855b4,GK,True
fplcore:25-26-prem-manchester-city-vs-aston-villa,a5ac6603-1c8f-569d-acdb-bba58bd047c8,N. González,2025-26:13,1,90.0,1,LDM,54.7,45.5,fpl_core_insights_detailed,2026-05-24T18:00:00+00:00,GW38,e1b64232-1ee4-522c-b106-e651d9eba4ea,13,38,a5ac6603-1c8f-569d-acdb-bba58bd047c8,RDM,True
fplcore:25-26-prem-manchester-city-vs-aston-villa,70198e6a-5cf9-5344-a2c0-f1b71dfeeb5f,B. Silva,2025-26:13,1,58.0,1,RDM,56.7,40.4,fpl_core_insights_detailed,2026-05-24T18:00:00+00:00,GW38,e1b64232-1ee4-522c-b106-e651d9eba4ea,13,38,70198e6a-5cf9-5344-a2c0-f1b71dfeeb5f,LDM,True
fplcore:25-26-prem-manchester-city-vs-aston-villa,91321184-4f36-5c7d-80ee-090e5416c822,M. Bizot,2025-26:2,1,90.0,1,,8.1,51.6,fpl_core_insights_detailed,2026-05-24T18:00:00+00:00,GW38,e1b64232-1ee4-522c-b106-e651d9eba4ea,2,38,91321184-4f36-5c7d-80ee-090e5416c822,GK,True
fplcore:25-26-prem-nottingham-forest-vs-afc-bournemouth,5dfbea2f-beb3-54f9-ad39-1f8f81f8a323,M. Sels,2025-26:16,1,90.0,1,,10.0,46.0,fpl_core_insights_detailed,2026-05-24T18:00:00+00:00,GW38,b301f28c-fc51-5c77-a542-a88c0f632cb3,16,38,5dfbea2f-beb3-54f9-ad39-1f8f81f8a323,GK,True
fplcore:25-26-prem-nottingham-forest-vs-afc-bournemouth,aec63649-ffe1-5e88-829b-d1e462e7e679,Đ. Petrović,2025-26:4,1,90.0,1,,8.4,50.8,fpl_core_insights_detailed,2026-05-24T18:00:00+00:00,GW38,b301f28c-fc51-5c77-a542-a88c0f632cb3,4,38,aec63649-ffe1-5e88-829b-d1e462e7e679,GK,True
fplcore:25-26-prem-nottingham-forest-vs-afc-bournemouth,c0582007-f657-5440-9f24-83c1666418bb,E. J. Kroupi,2025-26:4,1,72.0,1,LAM,66.2,67.3,fpl_core_insights_detailed,2026-05-24T18:00:00+00:00,GW38,b301f28c-fc51-5c77-a542-a88c0f632cb3,4,38,c0582007-f657-5440-9f24-83c1666418bb,CAM,True
fplcore:25-26-prem-nottingham-forest-vs-afc-bournemouth,8ddc00f8-7aec-56e5-a5ba-d916b5ee5129,M. Tavernier,2025-26:4,1,90.0,1,CAM,68.2,58.2,fpl_core_insights_detailed,2026-05-24T18:00:00+00:00,GW38,b301f28c-fc51-5c77-a542-a88c0f632cb3,4,38,8ddc00f8-7aec-56e5-a5ba-d916b5ee5129,LAM,True
fplcore:25-26-prem-sunderland-vs-chelsea,17b0293a-a54d-554b-bdba-368217c87ad9,R. Roefs,2025-26:17,1,90.0,1,,16.3,53.0,fpl_core_insights_detailed,2026-05-24T18:00:00+00:00,GW38,dcb932a5-b690-59b8-8026-5a592284f9a8,17,38,17b0293a-a54d-554b-bdba-368217c87ad9,GK,True
fplcore:25-26-prem-sunderland-vs-chelsea,412fc00b-6fb5-5606-bb30-04e075a83220,R. Sánchez,2025-26:7,1,90.0,1,,11.7,50.2,fpl_core_insights_detailed,2026-05-24T18:00:00+00:00,GW38,dcb932a5-b690-59b8-8026-5a592284f9a8,7,38,412fc00b-6fb5-5606-bb30-04e075a83220,GK,True
fplcore:25-26-prem-sunderland-vs-chelsea,481b07c4-b805-52cf-a0ee-593af134790d,C. Palmer,2025-26:7,1,90.0,1,ST,58.8,27.7,fpl_core_insights_detailed,2026-05-24T18:00:00+00:00,GW38,dcb932a5-b690-59b8-8026-5a592284f9a8,7,38,481b07c4-b805-52cf-a0ee-593af134790d,CAM,True
fplcore:25-26-prem-sunderland-vs-chelsea,4448091c-aeb7-5ab3-a537-b2b547480e63,J. Pedro,2025-26:7,1,90.0,1,CAM,53.6,48.1,fpl_core_insights_detailed,2026-05-24T18:00:00+00:00,GW38,dcb932a5-b690-59b8-8026-5a592284f9a8,7,38,4448091c-aeb7-5ab3-a537-b2b547480e63,ST,True
fplcore:25-26-prem-tottenham-hotspur-vs-everton,227cf32e-d062-5df9-8908-cb5491836ff8,A. Kinský,2025-26:18,1,90.0,1,,10.5,46.3,fpl_core_insights_detailed,2026-05-24T18:00:00+00:00,GW38,0b043207-694b-5497-889e-86b53e170e1a,18,38,227cf32e-d062-5df9-8908-cb5491836ff8,GK,True
fplcore:25-26-prem-tottenham-hotspur-vs-everton,27ff0ef1-a31f-5e26-bb7d-035a4248bad2,R. Bentancur,2025-26:18,1,81.0,1,LDM,42.5,59.1,fpl_core_insights_detailed,2026-05-24T18:00:00+00:00,GW38,0b043207-694b-5497-889e-86b53e170e1a,18,38,27ff0ef1-a31f-5e26-bb7d-035a4248bad2,RDM,True
fplcore:25-26-prem-tottenham-hotspur-vs-everton,8e00491e-df3c-59d8-8196-500825daf087,J. Palhinha,2025-26:18,1,90.0,1,RDM,46.0,54.9,fpl_core_insights_detailed,2026-05-24T18:00:00+00:00,GW38,0b043207-694b-5497-889e-86b53e170e1a,18,38,8e00491e-df3c-59d8-8196-500825daf087,LDM,True
fplcore:25-26-prem-tottenham-hotspur-vs-everton,57881605-ab70-5c0d-865f-433201de3f6f,J. Pickford,2025-26:9,1,90.0,1,,14.1,51.1,fpl_core_insights_detailed,2026-05-24T18:00:00+00:00,GW38,0b043207-694b-5497-889e-86b53e170e1a,9,38,57881605-ab70-5c0d-865f-433201de3f6f,GK,True
fplcore:25-26-prem-tottenham-hotspur-vs-everton,444bfe5b-015a-5ec2-ac21-34fd780e0aa5,J. Garner,2025-26:9,1,90.0,1,CAM,55.6,43.2,fpl_core_insights_detailed,2026-05-24T18:00:00+00:00,GW38,0b043207-694b-5497-889e-86b53e170e1a,9,38,444bfe5b-015a-5ec2-ac21-34fd780e0aa5,RDM,True
fplcore:25-26-prem-tottenham-hotspur-vs-everton,e9f5aa44-1c52-51c9-85a6-b079a6b78080,M. Röhl,2025-26:9,1,61.0,1,RDM,38.2,23.2,fpl_core_insights_detailed,2026-05-24T18:00:00+00:00,GW38,0b043207-694b-5497-889e-86b53e170e1a,9,38,e9f5aa44-1c52-51c9-85a6-b079a6b78080,RAM,True
fplcore:25-26-prem-tottenham-hotspur-vs-everton,dea12abc-e8dd-5839-b626-0cb7e72e9a26,I. Ndiaye,2025-26:9,1,90.0,1,RAM,66.2,34.5,fpl_core_insights_detailed,2026-05-24T18:00:00+00:00,GW38,0b043207-694b-5497-889e-86b53e170e1a,9,38,dea12abc-e8dd-5839-b626-0cb7e72e9a26,CAM,True
fplcore:25-26-prem-west-ham-united-vs-leeds-united,82a85fe5-3695-5749-b382-fb39650267e9,M. Hermansen,2025-26:19,1,90.0,1,,9.9,51.5,fpl_core_insights_detailed,2026-05-24T18:00:00+00:00,GW38,9bd2ffae-fc89-5d81-90f1-964fb8e98ceb,19,38,82a85fe5-3695-5749-b382-fb39650267e9,GK,True
fplcore:25-26-prem-west-ham-united-vs-leeds-united,d921acea-ffba-515b-a957-12586c43f133,K. Darlow,2025-26:11,1,90.0,1,,10.4,47.9,fpl_core_insights_detailed,2026-05-24T18:00:00+00:00,GW38,9bd2ffae-fc89-5d81-90f1-964fb8e98ceb,11,38,d921acea-ffba-515b-a957-12586c43f133,GK,True
