match_id,team_code,player_name,resolved_fpl_id,rule
25-26-champions-league-arsenal-vs-slavia-prague,3.0,D. Raya,1,unique exact club-code/name alias from PL; retrospective identity only
25-26-champions-league-arsenal-vs-slavia-prague,3.0,W. Saliba,6,unique exact club-code/name alias from PL; retrospective identity only
25-26-champions-league-arsenal-vs-slavia-prague,3.0,P. Hincapié,725,unique exact club-code/name alias from PL; retrospective identity only
25-26-champions-league-arsenal-vs-slavia-prague,3.0,E. Nwaneri,25,unique exact club-code/name alias from PL; retrospective identity only
25-26-champions-league-arsenal-vs-slavia-prague,3.0,C. Nørgaard,24,unique exact club-code/name alias from PL; retrospective identity only
25-26-champions-league-arsenal-vs-slavia-prague,3.0,D. Rice,21,unique exact club-code/name alias from PL; retrospective identity only
25-26-champions-league-arsenal-vs-slavia-prague,3.0,B. Saka,16,unique exact club-code/name alias from PL; retrospective identity only
25-26-champions-league-arsenal-vs-slavia-prague,3.0,M. Merino,22,unique exact club-code/name alias from PL; retrospective identity only
25-26-champions-league-arsenal-vs-slavia-prague,3.0,L. Trossard,20,unique exact club-code/name alias from PL; retrospective identity only
25-26-champions-league-arsenal-vs-slavia-prague,3.0,E. Eze,266,unique exact club-code/name alias from PL; retrospective identity only
25-26-champions-league-arsenal-vs-slavia-prague,3.0,M. Dowman,700,unique exact club-code/name alias from PL; retrospective identity only
25-26-champions-league-arsenal-vs-slavia-prague,3.0,B. White,11,unique exact club-code/name alias from PL; retrospective identity only
25-26-champions-league-arsenal-vs-slavia-prague,3.0,M. Lewis-Skelly,10,unique exact club-code/name alias from PL; retrospective identity only
25-26-champions-league-arsenal-vs-slavia-prague,3.0,A. Annous,711,unique exact club-code/name alias from PL; retrospective identity only
25-26-champions-league-arsenal-vs-slavia-prague,3.0,C. Mosquera,662,unique exact club-code/name alias from PL; retrospective identity only
25-26-champions-league-arsenal-vs-slavia-prague,3.0,T. Setford,4,unique exact club-code/name alias from PL; retrospective identity only
25-26-champions-league-arsenal-vs-slavia-prague,3.0,R. Calafiori,7,unique exact club-code/name alias from PL; retrospective identity only
25-26-champions-league-athletic-club-vs-newcastle-united,4.0,N. Pope,469,unique exact club-code/name alias from PL; retrospective identity only
25-26-champions-league-athletic-club-vs-newcastle-united,4.0,K. Trippier,478,unique exact club-code/name alias from PL; retrospective identity only
25-26-champions-league-athletic-club-vs-newcastle-united,4.0,M. Thiaw,684,unique exact club-code/name alias from PL; retrospective identity only
25-26-champions-league-athletic-club-vs-newcastle-united,4.0,S. Botman,475,unique exact club-code/name alias from PL; retrospective identity only
25-26-champions-league-athletic-club-vs-newcastle-united,4.0,D. Burn,476,unique exact club-code/name alias from PL; retrospective identity only
25-26-champions-league-athletic-club-vs-newcastle-united,4.0,B. Guimarães,488,unique exact club-code/name alias from PL; retrospective identity only
25-26-champions-league-athletic-club-vs-newcastle-united,4.0,S. Tonali,491,unique exact club-code/name alias from PL; retrospective identity only
25-26-champions-league-athletic-club-vs-newcastle-united,4.0,H. Barnes,487,unique exact club-code/name alias from PL; retrospective identity only
25-26-champions-league-athletic-club-vs-newcastle-united,4.0,N. Woltemade,714,unique exact club-code/name alias from PL; retrospective identity only
25-26-champions-league-athletic-club-vs-newcastle-united,4.0,A. Gordon,485,unique exact club-code/name alias from PL; retrospective identity only
25-26-champions-league-athletic-club-vs-newcastle-united,4.0,L. Hall,473,unique exact club-code/name alias from PL; retrospective identity only
25-26-champions-league-athletic-club-vs-newcastle-united,4.0,A. Elanga,486,unique exact club-code/name alias from PL; retrospective identity only
25-26-champions-league-athletic-club-vs-newcastle-united,4.0,A. Ramsdale,674,unique exact club-code/name alias from PL; retrospective identity only
25-26-champions-league-athletic-club-vs-newcastle-united,4.0,J. Willock,494,unique exact club-code/name alias from PL; retrospective identity only
25-26-champions-league-athletic-club-vs-newcastle-united,4.0,F. Schär,474,unique exact club-code/name alias from PL; retrospective identity only
25-26-champions-league-athletic-club-vs-newcastle-united,4.0,E. Krafth,479,unique exact club-code/name alias from PL; retrospective identity only
25-26-champions-league-borussia-dortmund-vs-manchester-city,43.0,G. Donnarumma,736,unique exact club-code/name alias from PL; retrospective identity only
25-26-champions-league-borussia-dortmund-vs-manchester-city,43.0,M. Nunes,407,unique exact club-code/name alias from PL; retrospective identity only
25-26-champions-league-borussia-dortmund-vs-manchester-city,43.0,J. Stones,409,unique exact club-code/name alias from PL; retrospective identity only
25-26-champions-league-borussia-dortmund-vs-manchester-city,43.0,J. Gvardiol,403,unique exact club-code/name alias from PL; retrospective identity only
25-26-champions-league-borussia-dortmund-vs-manchester-city,43.0,N. O’Reilly,411,unique exact club-code/name alias from PL; retrospective identity only
25-26-champions-league-borussia-dortmund-vs-manchester-city,43.0,T. Reijnders,427,unique exact club-code/name alias from PL; retrospective identity only
25-26-champions-league-borussia-dortmund-vs-manchester-city,43.0,P. Foden,414,unique exact club-code/name alias from PL; retrospective identity only
25-26-champions-league-borussia-dortmund-vs-manchester-city,43.0,J. Doku,418,unique exact club-code/name alias from PL; retrospective identity only
25-26-champions-league-borussia-dortmund-vs-manchester-city,43.0,E. Haaland,430,unique exact club-code/name alias from PL; retrospective identity only
25-26-champions-league-borussia-dortmund-vs-manchester-city,43.0,R. Dias,408,unique exact club-code/name alias from PL; retrospective identity only
25-26-champions-league-borussia-dortmund-vs-manchester-city,43.0,R. Cherki,417,unique exact club-code/name alias from PL; retrospective identity only
25-26-champions-league-borussia-dortmund-vs-manchester-city,43.0,B. Silva,416,unique exact club-code/name alias from PL; retrospective identity only
25-26-champions-league-borussia-dortmund-vs-manchester-city,43.0,O. Marmoush,413,unique exact club-code/name alias from PL; retrospective identity only
25-26-champions-league-borussia-dortmund-vs-manchester-city,43.0,R. Aït-Nouri,402,unique exact club-code/name alias from PL; retrospective identity only
25-26-champions-league-borussia-dortmund-vs-manchester-city,43.0,J. Trafford,182,unique exact club-code/name alias from PL; retrospective identity only
25-26-champions-league-borussia-dortmund-vs-manchester-city,43.0,M. Bettinelli,401,unique exact club-code/name alias from PL; retrospective identity only
25-26-champions-league-borussia-dortmund-vs-manchester-city,43.0,N. Aké,405,unique exact club-code/name alias from PL; retrospective identity only
25-26-champions-league-borussia-dortmund-vs-manchester-city,43.0,A. Khusanov,406,unique exact club-code/name alias from PL; retrospective identity only
25-26-champions-league-borussia-dortmund-vs-manchester-city,43.0,O. Bobb,424,unique exact club-code/name alias from PL; retrospective identity only
25-26-champions-league-borussia-dortmund-vs-manchester-city,43.0,R. Lewis,410,unique exact club-code/name alias from PL; retrospective identity only
25-26-champions-league-chelsea-vs-qarabag-fk,8.0,R. Sánchez,220,unique exact club-code/name alias from PL; retrospective identity only
25-26-champions-league-chelsea-vs-qarabag-fk,8.0,R. James,225,unique exact club-code/name alias from PL; retrospective identity only
25-26-champions-league-chelsea-vs-qarabag-fk,8.0,T. Adarabioyo,232,unique exact club-code/name alias from PL; retrospective identity only
25-26-champions-league-chelsea-vs-qarabag-fk,8.0,J. Hato,672,unique exact club-code/name alias from PL; retrospective identity only
25-26-champions-league-chelsea-vs-qarabag-fk,8.0,M. Cucurella,224,unique exact club-code/name alias from PL; retrospective identity only
25-26-champions-league-chelsea-vs-qarabag-fk,8.0,A. Santos,246,unique exact club-code/name alias from PL; retrospective identity only
25-26-champions-league-chelsea-vs-qarabag-fk,8.0,R. Lavia,244,unique exact club-code/name alias from PL; retrospective identity only
25-26-champions-league-chelsea-vs-qarabag-fk,8.0,J. Pedro,249,unique exact club-code/name alias from PL; retrospective identity only
25-26-champions-league-chelsea-vs-qarabag-fk,8.0,J. Gittens,239,unique exact club-code/name alias from PL; retrospective identity only
25-26-champions-league-chelsea-vs-qarabag-fk,8.0,T. George,243,unique exact club-code/name alias from PL; retrospective identity only
25-26-champions-league-chelsea-vs-qarabag-fk,8.0,M. Caicedo,241,unique exact club-code/name alias from PL; retrospective identity only
25-26-champions-league-chelsea-vs-qarabag-fk,8.0,E. Fernández,237,unique exact club-code/name alias from PL; retrospective identity only
25-26-champions-league-chelsea-vs-qarabag-fk,8.0,L. Delap,250,unique exact club-code/name alias from PL; retrospective identity only
25-26-champions-league-chelsea-vs-qarabag-fk,8.0,A. Garnacho,453,unique exact club-code/name alias from PL; retrospective identity only
25-26-champions-league-chelsea-vs-qarabag-fk,8.0,F. Buonanotte,168,unique exact club-code/name alias from PL; retrospective identity only
25-26-champions-league-chelsea-vs-qarabag-fk,8.0,M. Guiu,252,unique exact club-code/name alias from PL; retrospective identity only
25-26-champions-league-chelsea-vs-qarabag-fk,8.0,M. Gusto,228,unique exact club-code/name alias from PL; retrospective identity only
25-26-champions-league-chelsea-vs-qarabag-fk,8.0,W. Fofana,230,unique exact club-code/name alias from PL; retrospective identity only
25-26-champions-league-chelsea-vs-qarabag-fk,8.0,M. Merrick,789,unique exact club-code/name alias from PL; retrospective identity only
25-26-champions-league-chelsea-vs-qarabag-fk,8.0,T. Chalobah,226,unique exact club-code/name alias from PL; retrospective identity only
25-26-champions-league-chelsea-vs-qarabag-fk,8.0,F. Jørgensen,221,unique exact club-code/name alias from PL; retrospective identity only
25-26-champions-league-chelsea-vs-qarabag-fk,8.0,J. Acheampong,233,unique exact club-code/name alias from PL; retrospective identity only
25-26-champions-league-fc-københavn-vs-tottenham-hotspur,6.0,G. Vicario,565,unique exact club-code/name alias from PL; retrospective identity only
25-26-champions-league-fc-københavn-vs-tottenham-hotspur,6.0,P. Porro,568,unique exact club-code/name alias from PL; retrospective identity only
25-26-champions-league-fc-københavn-vs-tottenham-hotspur,6.0,C. Romero,569,unique exact club-code/name alias from PL; retrospective identity only
25-26-champions-league-fc-københavn-vs-tottenham-hotspur,6.0,M. van de Ven,575,unique exact club-code/name alias from PL; retrospective identity only
25-26-champions-league-fc-københavn-vs-tottenham-hotspur,6.0,D. Udogie,574,unique exact club-code/name alias from PL; retrospective identity only
25-26-champions-league-fc-københavn-vs-tottenham-hotspur,6.0,R. Bentancur,585,unique exact club-code/name alias from PL; retrospective identity only
25-26-champions-league-fc-københavn-vs-tottenham-hotspur,6.0,B. Johnson,580,unique exact club-code/name alias from PL; retrospective identity only
25-26-champions-league-fc-københavn-vs-tottenham-hotspur,6.0,X. Simons,717,unique exact club-code/name alias from PL; retrospective identity only
25-26-champions-league-fc-københavn-vs-tottenham-hotspur,6.0,W. Odobert,588,unique exact club-code/name alias from PL; retrospective identity only
25-26-champions-league-fc-københavn-vs-tottenham-hotspur,6.0,R. K. Muani,726,unique exact club-code/name alias from PL; retrospective identity only
25-26-champions-league-fc-københavn-vs-tottenham-hotspur,6.0,K. Danso,570,unique exact club-code/name alias from PL; retrospective identity only
25-26-champions-league-fc-københavn-vs-tottenham-hotspur,6.0,D. Spence,573,unique exact club-code/name alias from PL; retrospective identity only
25-26-champions-league-fc-københavn-vs-tottenham-hotspur,6.0,D. Scarlett,599,unique exact club-code/name alias from PL; retrospective identity only
25-26-champions-league-fc-københavn-vs-tottenham-hotspur,6.0,A. Kinský,567,unique exact club-code/name alias from PL; retrospective identity only
25-26-champions-league-fc-københavn-vs-tottenham-hotspur,6.0,B. Austin,566,unique exact club-code/name alias from PL; retrospective identity only
25-26-champions-league-fc-københavn-vs-tottenham-hotspur,6.0,R. Kyerematen,811,unique exact club-code/name alias from PL; retrospective identity only
25-26-champions-league-fc-københavn-vs-tottenham-hotspur,6.0,Y. Akhamrich,751,unique exact club-code/name alias from PL; retrospective identity only
25-26-champions-league-fc-københavn-vs-tottenham-hotspur,6.0,J. Rowswell,750,unique exact club-code/name alias from PL; retrospective identity only
25-26-champions-league-real-madrid-vs-liverpool,14.0,G. Mamardashvili,367,unique exact club-code/name alias from PL; retrospective identity only
25-26-champions-league-real-madrid-vs-liverpool,14.0,C. Bradley,375,unique exact club-code/name alias from PL; retrospective identity only
25-26-champions-league-real-madrid-vs-liverpool,14.0,I. Konaté,374,unique exact club-code/name alias from PL; retrospective identity only
25-26-champions-league-real-madrid-vs-liverpool,14.0,V. van Dijk,373,unique exact club-code/name alias from PL; retrospective identity only
25-26-champions-league-real-madrid-vs-liverpool,14.0,A. Robertson,372,unique exact club-code/name alias from PL; retrospective identity only
25-26-champions-league-real-madrid-vs-liverpool,14.0,R. Gravenberch,390,unique exact club-code/name alias from PL; retrospective identity only
25-26-champions-league-real-madrid-vs-liverpool,14.0,A. Mac Allister,386,unique exact club-code/name alias from PL; retrospective identity only
25-26-champions-league-real-madrid-vs-liverpool,14.0,D. Szoboszlai,387,unique exact club-code/name alias from PL; retrospective identity only
25-26-champions-league-real-madrid-vs-liverpool,14.0,F. Wirtz,382,unique exact club-code/name alias from PL; retrospective identity only
25-26-champions-league-real-madrid-vs-liverpool,14.0,H. Ekitiké,661,unique exact club-code/name alias from PL; retrospective identity only
25-26-champions-league-real-madrid-vs-liverpool,14.0,C. Gakpo,384,unique exact club-code/name alias from PL; retrospective identity only
25-26-champions-league-real-madrid-vs-liverpool,14.0,M. Kerkez,371,unique exact club-code/name alias from PL; retrospective identity only
25-26-champions-league-real-madrid-vs-liverpool,14.0,F. Chiesa,385,unique exact club-code/name alias from PL; retrospective identity only
25-26-champions-league-real-madrid-vs-liverpool,14.0,F. Woodman,369,unique exact club-code/name alias from PL; retrospective identity only
25-26-champions-league-real-madrid-vs-liverpool,14.0,J. Gomez,376,unique exact club-code/name alias from PL; retrospective identity only
25-26-champions-league-real-madrid-vs-liverpool,14.0,W. Endo,392,unique exact club-code/name alias from PL; retrospective identity only
25-26-champions-league-real-madrid-vs-liverpool,14.0,R. Ngumoha,686,unique exact club-code/name alias from PL; retrospective identity only
25-26-efl-cup-tottenham-hotspur-vs-newcastle-united,4.0,B. Guimarães,488,unique exact club-code/name alias from PL; retrospective identity only
25-26-efl-cup-tottenham-hotspur-vs-newcastle-united,6.0,P. Porro,568,unique exact club-code/name alias from PL; retrospective identity only
25-26-europa-league-maccabi-tel-aviv-vs-aston-villa,7.0,E. Martínez,32,unique exact club-code/name alias from PL; retrospective identity only
25-26-europa-league-maccabi-tel-aviv-vs-aston-villa,7.0,V. Lindelöf,719,unique exact club-code/name alias from PL; retrospective identity only
25-26-europa-league-maccabi-tel-aviv-vs-aston-villa,7.0,E. Konsa,38,unique exact club-code/name alias from PL; retrospective identity only
25-26-europa-league-maccabi-tel-aviv-vs-aston-villa,7.0,P. Torres,41,unique exact club-code/name alias from PL; retrospective identity only
25-26-europa-league-maccabi-tel-aviv-vs-aston-villa,7.0,I. Maatsen,39,unique exact club-code/name alias from PL; retrospective identity only
25-26-europa-league-maccabi-tel-aviv-vs-aston-villa,7.0,L. Bogarde,44,unique exact club-code/name alias from PL; retrospective identity only
25-26-europa-league-maccabi-tel-aviv-vs-aston-villa,7.0,A. Onana,59,unique exact club-code/name alias from PL; retrospective identity only
25-26-europa-league-maccabi-tel-aviv-vs-aston-villa,7.0,E. Guessand,677,unique exact club-code/name alias from PL; retrospective identity only
25-26-europa-league-maccabi-tel-aviv-vs-aston-villa,7.0,M. Rogers,47,unique exact club-code/name alias from PL; retrospective identity only
25-26-europa-league-maccabi-tel-aviv-vs-aston-villa,7.0,J. Sancho,456,unique exact club-code/name alias from PL; retrospective identity only
25-26-europa-league-maccabi-tel-aviv-vs-aston-villa,7.0,D. Malen,53,unique exact club-code/name alias from PL; retrospective identity only
25-26-europa-league-maccabi-tel-aviv-vs-aston-villa,7.0,B. Kamara,58,unique exact club-code/name alias from PL; retrospective identity only
25-26-europa-league-maccabi-tel-aviv-vs-aston-villa,7.0,O. Watkins,64,unique exact club-code/name alias from PL; retrospective identity only
25-26-europa-league-maccabi-tel-aviv-vs-aston-villa,7.0,E. Buendía,50,unique exact club-code/name alias from PL; retrospective identity only
25-26-europa-league-maccabi-tel-aviv-vs-aston-villa,7.0,J. McGinn,54,unique exact club-code/name alias from PL; retrospective identity only
25-26-europa-league-maccabi-tel-aviv-vs-aston-villa,7.0,Y. Tielemans,48,unique exact club-code/name alias from PL; retrospective identity only
25-26-europa-league-maccabi-tel-aviv-vs-aston-villa,7.0,L. Digne,37,unique exact club-code/name alias from PL; retrospective identity only
25-26-europa-league-maccabi-tel-aviv-vs-aston-villa,7.0,H. Elliott,389,unique exact club-code/name alias from PL; retrospective identity only
25-26-europa-league-maccabi-tel-aviv-vs-aston-villa,7.0,M. Cash,36,unique exact club-code/name alias from PL; retrospective identity only
25-26-europa-league-maccabi-tel-aviv-vs-aston-villa,7.0,B. Broggio,60,unique exact club-code/name alias from PL; retrospective identity only
25-26-europa-league-maccabi-tel-aviv-vs-aston-villa,7.0,R. Barkley,55,unique exact club-code/name alias from PL; retrospective identity only
25-26-europa-league-nottingham-forest-vs-sturm-graz,17.0,N. Savona,716,unique exact club-code/name alias from PL; retrospective identity only
25-26-europa-league-nottingham-forest-vs-sturm-graz,17.0,N. Milenković,505,unique exact club-code/name alias from PL; retrospective identity only
25-26-europa-league-nottingham-forest-vs-sturm-graz,17.0,F. Morato,511,unique exact club-code/name alias from PL; retrospective identity only
25-26-europa-league-nottingham-forest-vs-sturm-graz,17.0,R. Yates,522,unique exact club-code/name alias from PL; retrospective identity only
25-26-europa-league-nottingham-forest-vs-sturm-graz,17.0,I. Sangaré,521,unique exact club-code/name alias from PL; retrospective identity only
25-26-europa-league-nottingham-forest-vs-sturm-graz,17.0,J. McAtee,426,unique exact club-code/name alias from PL; retrospective identity only
25-26-europa-league-nottingham-forest-vs-sturm-graz,17.0,M. Gibbs-White,515,unique exact club-code/name alias from PL; retrospective identity only
25-26-europa-league-nottingham-forest-vs-sturm-graz,17.0,N. Domínguez,519,unique exact club-code/name alias from PL; retrospective identity only
25-26-europa-league-nottingham-forest-vs-sturm-graz,17.0,A. Kalimuendo,696,unique exact club-code/name alias from PL; retrospective identity only
25-26-europa-league-nottingham-forest-vs-sturm-graz,17.0,D. Ndoye,669,unique exact club-code/name alias from PL; retrospective identity only
25-26-europa-league-nottingham-forest-vs-sturm-graz,17.0,Z. Abbott,513,unique exact club-code/name alias from PL; retrospective identity only
25-26-europa-league-nottingham-forest-vs-sturm-graz,17.0,M. Sels,502,unique exact club-code/name alias from PL; retrospective identity only
25-26-europa-league-nottingham-forest-vs-sturm-graz,17.0,W. Boly,514,unique exact club-code/name alias from PL; retrospective identity only
25-26-europa-league-nottingham-forest-vs-sturm-graz,17.0,J. Sinclair,836,unique exact club-code/name alias from PL; retrospective identity only
25-26-europa-league-nottingham-forest-vs-sturm-graz,17.0,A. Whitehall,835,unique exact club-code/name alias from PL; retrospective identity only
25-26-champions-league-barcelona-vs-chelsea,8.0,R. Sánchez,220,unique exact club-code/name alias from PL; retrospective identity only
25-26-champions-league-barcelona-vs-chelsea,8.0,M. Gusto,228,unique exact club-code/name alias from PL; retrospective identity only
25-26-champions-league-barcelona-vs-chelsea,8.0,W. Fofana,230,unique exact club-code/name alias from PL; retrospective identity only
25-26-champions-league-barcelona-vs-chelsea,8.0,T. Chalobah,226,unique exact club-code/name alias from PL; retrospective identity only
25-26-champions-league-barcelona-vs-chelsea,8.0,M. Cucurella,224,unique exact club-code/name alias from PL; retrospective identity only
25-26-champions-league-barcelona-vs-chelsea,8.0,R. James,225,unique exact club-code/name alias from PL; retrospective identity only
25-26-champions-league-barcelona-vs-chelsea,8.0,M. Caicedo,241,unique exact club-code/name alias from PL; retrospective identity only
25-26-champions-league-barcelona-vs-chelsea,8.0,E. Fernández,237,unique exact club-code/name alias from PL; retrospective identity only
25-26-champions-league-barcelona-vs-chelsea,8.0,A. Garnacho,453,unique exact club-code/name alias from PL; retrospective identity only
25-26-champions-league-barcelona-vs-chelsea,8.0,P. Neto,236,unique exact club-code/name alias from PL; retrospective identity only
25-26-champions-league-barcelona-vs-chelsea,8.0,A. Santos,246,unique exact club-code/name alias from PL; retrospective identity only
25-26-champions-league-barcelona-vs-chelsea,8.0,L. Delap,250,unique exact club-code/name alias from PL; retrospective identity only
25-26-champions-league-barcelona-vs-chelsea,8.0,J. Gittens,239,unique exact club-code/name alias from PL; retrospective identity only
25-26-champions-league-barcelona-vs-chelsea,8.0,J. Acheampong,233,unique exact club-code/name alias from PL; retrospective identity only
25-26-champions-league-barcelona-vs-chelsea,8.0,T. George,243,unique exact club-code/name alias from PL; retrospective identity only
25-26-champions-league-barcelona-vs-chelsea,8.0,F. Buonanotte,168,unique exact club-code/name alias from PL; retrospective identity only
25-26-champions-league-barcelona-vs-chelsea,8.0,J. Hato,672,unique exact club-code/name alias from PL; retrospective identity only
25-26-champions-league-barcelona-vs-chelsea,8.0,T. Adarabioyo,232,unique exact club-code/name alias from PL; retrospective identity only
25-26-champions-league-barcelona-vs-chelsea,8.0,J. Pedro,249,unique exact club-code/name alias from PL; retrospective identity only
25-26-champions-league-barcelona-vs-chelsea,8.0,M. Guiu,252,unique exact club-code/name alias from PL; retrospective identity only
25-26-champions-league-barcelona-vs-chelsea,8.0,F. Jørgensen,221,unique exact club-code/name alias from PL; retrospective identity only
25-26-champions-league-bayer-leverkusen-vs-manchester-city,43.0,J. Trafford,182,unique exact club-code/name alias from PL; retrospective identity only
25-26-champions-league-bayer-leverkusen-vs-manchester-city,43.0,A. Khusanov,406,unique exact club-code/name alias from PL; retrospective identity only
25-26-champions-league-bayer-leverkusen-vs-manchester-city,43.0,J. Stones,409,unique exact club-code/name alias from PL; retrospective identity only
25-26-champions-league-bayer-leverkusen-vs-manchester-city,43.0,N. Aké,405,unique exact club-code/name alias from PL; retrospective identity only
25-26-champions-league-bayer-leverkusen-vs-manchester-city,43.0,R. Aït-Nouri,402,unique exact club-code/name alias from PL; retrospective identity only
25-26-champions-league-bayer-leverkusen-vs-manchester-city,43.0,R. Lewis,410,unique exact club-code/name alias from PL; retrospective identity only
25-26-champions-league-bayer-leverkusen-vs-manchester-city,43.0,T. Reijnders,427,unique exact club-code/name alias from PL; retrospective identity only
25-26-champions-league-bayer-leverkusen-vs-manchester-city,43.0,O. Bobb,424,unique exact club-code/name alias from PL; retrospective identity only
25-26-champions-league-bayer-leverkusen-vs-manchester-city,43.0,O. Marmoush,413,unique exact club-code/name alias from PL; retrospective identity only
25-26-champions-league-bayer-leverkusen-vs-manchester-city,43.0,P. Foden,414,unique exact club-code/name alias from PL; retrospective identity only
25-26-champions-league-bayer-leverkusen-vs-manchester-city,43.0,J. Doku,418,unique exact club-code/name alias from PL; retrospective identity only
25-26-champions-league-bayer-leverkusen-vs-manchester-city,43.0,N. O’Reilly,411,unique exact club-code/name alias from PL; retrospective identity only
25-26-champions-league-bayer-leverkusen-vs-manchester-city,43.0,E. Haaland,430,unique exact club-code/name alias from PL; retrospective identity only
25-26-champions-league-bayer-leverkusen-vs-manchester-city,43.0,R. Cherki,417,unique exact club-code/name alias from PL; retrospective identity only
25-26-champions-league-bayer-leverkusen-vs-manchester-city,43.0,M. Bettinelli,401,unique exact club-code/name alias from PL; retrospective identity only
25-26-champions-league-bayer-leverkusen-vs-manchester-city,43.0,G. Donnarumma,736,unique exact club-code/name alias from PL; retrospective identity only
25-26-champions-league-bayer-leverkusen-vs-manchester-city,43.0,B. Silva,416,unique exact club-code/name alias from PL; retrospective identity only
25-26-champions-league-bayer-leverkusen-vs-manchester-city,43.0,J. Gvardiol,403,unique exact club-code/name alias from PL; retrospective identity only
25-26-champions-league-bayer-leverkusen-vs-manchester-city,43.0,M. Nunes,407,unique exact club-code/name alias from PL; retrospective identity only
25-26-champions-league-bayer-leverkusen-vs-manchester-city,43.0,R. Dias,408,unique exact club-code/name alias from PL; retrospective identity only
25-26-champions-league-bayern-münchen-vs-arsenal,3.0,D. Raya,1,unique exact club-code/name alias from PL; retrospective identity only
25-26-champions-league-bayern-münchen-vs-arsenal,3.0,W. Saliba,6,unique exact club-code/name alias from PL; retrospective identity only
25-26-champions-league-bayern-münchen-vs-arsenal,3.0,C. Mosquera,662,unique exact club-code/name alias from PL; retrospective identity only
25-26-champions-league-bayern-münchen-vs-arsenal,3.0,M. Lewis-Skelly,10,unique exact club-code/name alias from PL; retrospective identity only
25-26-champions-league-bayern-münchen-vs-arsenal,3.0,M. Zubimendi,26,unique exact club-code/name alias from PL; retrospective identity only
25-26-champions-league-bayern-münchen-vs-arsenal,3.0,D. Rice,21,unique exact club-code/name alias from PL; retrospective identity only
25-26-champions-league-bayern-münchen-vs-arsenal,3.0,B. Saka,16,unique exact club-code/name alias from PL; retrospective identity only
25-26-champions-league-bayern-münchen-vs-arsenal,3.0,E. Eze,266,unique exact club-code/name alias from PL; retrospective identity only
25-26-champions-league-bayern-münchen-vs-arsenal,3.0,L. Trossard,20,unique exact club-code/name alias from PL; retrospective identity only
25-26-champions-league-bayern-münchen-vs-arsenal,3.0,M. Merino,22,unique exact club-code/name alias from PL; retrospective identity only
25-26-champions-league-bayern-münchen-vs-arsenal,3.0,N. Madueke,18,unique exact club-code/name alias from PL; retrospective identity only
25-26-champions-league-bayern-münchen-vs-arsenal,3.0,G. Martinelli,19,unique exact club-code/name alias from PL; retrospective identity only
25-26-champions-league-bayern-münchen-vs-arsenal,3.0,R. Calafiori,7,unique exact club-code/name alias from PL; retrospective identity only
25-26-champions-league-bayern-münchen-vs-arsenal,3.0,B. White,11,unique exact club-code/name alias from PL; retrospective identity only
25-26-champions-league-bayern-münchen-vs-arsenal,3.0,M. Ødegaard,17,unique exact club-code/name alias from PL; retrospective identity only
25-26-champions-league-bayern-münchen-vs-arsenal,3.0,K. Arrizabalaga,2,unique exact club-code/name alias from PL; retrospective identity only
25-26-champions-league-bayern-münchen-vs-arsenal,3.0,P. Hincapié,725,unique exact club-code/name alias from PL; retrospective identity only
25-26-champions-league-bayern-münchen-vs-arsenal,3.0,C. Nørgaard,24,unique exact club-code/name alias from PL; retrospective identity only
25-26-champions-league-bayern-münchen-vs-arsenal,3.0,E. Nwaneri,25,unique exact club-code/name alias from PL; retrospective identity only
25-26-champions-league-bayern-münchen-vs-arsenal,3.0,T. Setford,4,unique exact club-code/name alias from PL; retrospective identity only
25-26-champions-league-newcastle-united-vs-marseille,4.0,N. Pope,469,unique exact club-code/name alias from PL; retrospective identity only
25-26-champions-league-newcastle-united-vs-marseille,4.0,M. Thiaw,684,unique exact club-code/name alias from PL; retrospective identity only
25-26-champions-league-newcastle-united-vs-marseille,4.0,F. Schär,474,unique exact club-code/name alias from PL; retrospective identity only
25-26-champions-league-newcastle-united-vs-marseille,4.0,D. Burn,476,unique exact club-code/name alias from PL; retrospective identity only
25-26-champions-league-newcastle-united-vs-marseille,4.0,S. Tonali,491,unique exact club-code/name alias from PL; retrospective identity only
25-26-champions-league-newcastle-united-vs-marseille,4.0,B. Guimarães,488,unique exact club-code/name alias from PL; retrospective identity only
25-26-champions-league-newcastle-united-vs-marseille,4.0,V. Livramento,477,unique exact club-code/name alias from PL; retrospective identity only
25-26-champions-league-newcastle-united-vs-marseille,4.0,J. Willock,494,unique exact club-code/name alias from PL; retrospective identity only
25-26-champions-league-newcastle-united-vs-marseille,4.0,H. Barnes,487,unique exact club-code/name alias from PL; retrospective identity only
25-26-champions-league-newcastle-united-vs-marseille,4.0,A. Gordon,485,unique exact club-code/name alias from PL; retrospective identity only
25-26-champions-league-newcastle-united-vs-marseille,4.0,L. Hall,473,unique exact club-code/name alias from PL; retrospective identity only
25-26-champions-league-newcastle-united-vs-marseille,4.0,A. Elanga,486,unique exact club-code/name alias from PL; retrospective identity only
25-26-champions-league-newcastle-united-vs-marseille,4.0,N. Woltemade,714,unique exact club-code/name alias from PL; retrospective identity only
25-26-champions-league-newcastle-united-vs-marseille,4.0,A. Ramsdale,674,unique exact club-code/name alias from PL; retrospective identity only
25-26-champions-league-newcastle-united-vs-marseille,4.0,S. Botman,475,unique exact club-code/name alias from PL; retrospective identity only
25-26-champions-league-newcastle-united-vs-marseille,4.0,S. Alabi,772,unique exact club-code/name alias from PL; retrospective identity only
25-26-champions-league-psv-eindhoven-vs-liverpool,14.0,G. Mamardashvili,367,unique exact club-code/name alias from PL; retrospective identity only
25-26-champions-league-psv-eindhoven-vs-liverpool,14.0,I. Konaté,374,unique exact club-code/name alias from PL; retrospective identity only
25-26-champions-league-psv-eindhoven-vs-liverpool,14.0,V. van Dijk,373,unique exact club-code/name alias from PL; retrospective identity only
25-26-champions-league-psv-eindhoven-vs-liverpool,14.0,M. Kerkez,371,unique exact club-code/name alias from PL; retrospective identity only
25-26-champions-league-psv-eindhoven-vs-liverpool,14.0,R. Gravenberch,390,unique exact club-code/name alias from PL; retrospective identity only
25-26-champions-league-psv-eindhoven-vs-liverpool,14.0,A. Mac Allister,386,unique exact club-code/name alias from PL; retrospective identity only
25-26-champions-league-psv-eindhoven-vs-liverpool,14.0,D. Szoboszlai,387,unique exact club-code/name alias from PL; retrospective identity only
25-26-champions-league-psv-eindhoven-vs-liverpool,14.0,C. Gakpo,384,unique exact club-code/name alias from PL; retrospective identity only
25-26-champions-league-psv-eindhoven-vs-liverpool,14.0,H. Ekitiké,661,unique exact club-code/name alias from PL; retrospective identity only
25-26-champions-league-psv-eindhoven-vs-liverpool,14.0,A. Isak,499,unique exact club-code/name alias from PL; retrospective identity only
25-26-champions-league-psv-eindhoven-vs-liverpool,14.0,F. Chiesa,385,unique exact club-code/name alias from PL; retrospective identity only
25-26-champions-league-psv-eindhoven-vs-liverpool,14.0,F. Woodman,369,unique exact club-code/name alias from PL; retrospective identity only
25-26-champions-league-psv-eindhoven-vs-liverpool,14.0,J. Gomez,376,unique exact club-code/name alias from PL; retrospective identity only
25-26-champions-league-psv-eindhoven-vs-liverpool,14.0,W. Endo,392,unique exact club-code/name alias from PL; retrospective identity only
25-26-champions-league-psv-eindhoven-vs-liverpool,14.0,A. Robertson,372,unique exact club-code/name alias from PL; retrospective identity only
25-26-champions-league-psv-eindhoven-vs-liverpool,14.0,T. Nyoni,396,unique exact club-code/name alias from PL; retrospective identity only
25-26-champions-league-psv-eindhoven-vs-liverpool,14.0,R. Ngumoha,686,unique exact club-code/name alias from PL; retrospective identity only
25-26-champions-league-tottenham-hotspur-vs-paris-saint-germain,6.0,G. Vicario,565,unique exact club-code/name alias from PL; retrospective identity only
25-26-champions-league-tottenham-hotspur-vs-paris-saint-germain,6.0,P. Porro,568,unique exact club-code/name alias from PL; retrospective identity only
25-26-champions-league-tottenham-hotspur-vs-paris-saint-germain,6.0,C. Romero,569,unique exact club-code/name alias from PL; retrospective identity only
25-26-champions-league-tottenham-hotspur-vs-paris-saint-germain,6.0,M. van de Ven,575,unique exact club-code/name alias from PL; retrospective identity only
25-26-champions-league-tottenham-hotspur-vs-paris-saint-germain,6.0,D. Spence,573,unique exact club-code/name alias from PL; retrospective identity only
25-26-champions-league-tottenham-hotspur-vs-paris-saint-germain,6.0,R. Bentancur,585,unique exact club-code/name alias from PL; retrospective identity only
25-26-champions-league-tottenham-hotspur-vs-paris-saint-germain,6.0,A. Gray,591,unique exact club-code/name alias from PL; retrospective identity only
25-26-champions-league-tottenham-hotspur-vs-paris-saint-germain,6.0,L. Bergvall,586,unique exact club-code/name alias from PL; retrospective identity only
25-26-champions-league-tottenham-hotspur-vs-paris-saint-germain,6.0,R. K. Muani,726,unique exact club-code/name alias from PL; retrospective identity only
25-26-champions-league-tottenham-hotspur-vs-paris-saint-germain,6.0,M. Kudus,582,unique exact club-code/name alias from PL; retrospective identity only
25-26-champions-league-tottenham-hotspur-vs-paris-saint-germain,6.0,X. Simons,717,unique exact club-code/name alias from PL; retrospective identity only
25-26-champions-league-tottenham-hotspur-vs-paris-saint-germain,6.0,D. Udogie,574,unique exact club-code/name alias from PL; retrospective identity only
25-26-champions-league-tottenham-hotspur-vs-paris-saint-germain,6.0,W. Odobert,588,unique exact club-code/name alias from PL; retrospective identity only
25-26-champions-league-tottenham-hotspur-vs-paris-saint-germain,6.0,A. Kinský,567,unique exact club-code/name alias from PL; retrospective identity only
25-26-champions-league-tottenham-hotspur-vs-paris-saint-germain,6.0,L. Williams-Barnett,790,unique exact club-code/name alias from PL; retrospective identity only
25-26-champions-league-tottenham-hotspur-vs-paris-saint-germain,6.0,B. Austin,566,unique exact club-code/name alias from PL; retrospective identity only
25-26-champions-league-tottenham-hotspur-vs-paris-saint-germain,6.0,K. Danso,570,unique exact club-code/name alias from PL; retrospective identity only
25-26-champions-league-tottenham-hotspur-vs-paris-saint-germain,6.0,B. Davies,571,unique exact club-code/name alias from PL; retrospective identity only
25-26-champions-league-tottenham-hotspur-vs-paris-saint-germain,6.0,D. Scarlett,599,unique exact club-code/name alias from PL; retrospective identity only
25-26-europa-league-malmö-ff-vs-nottingham-forest,17.0,Z. Abbott,513,unique exact club-code/name alias from PL; retrospective identity only
25-26-europa-league-malmö-ff-vs-nottingham-forest,17.0,N. Milenković,505,unique exact club-code/name alias from PL; retrospective identity only
25-26-europa-league-malmö-ff-vs-nottingham-forest,17.0,F. Morato,511,unique exact club-code/name alias from PL; retrospective identity only
25-26-europa-league-malmö-ff-vs-nottingham-forest,17.0,R. Yates,522,unique exact club-code/name alias from PL; retrospective identity only
25-26-europa-league-malmö-ff-vs-nottingham-forest,17.0,I. Sangaré,521,unique exact club-code/name alias from PL; retrospective identity only
25-26-europa-league-malmö-ff-vs-nottingham-forest,17.0,N. Domínguez,519,unique exact club-code/name alias from PL; retrospective identity only
25-26-europa-league-malmö-ff-vs-nottingham-forest,17.0,J. McAtee,426,unique exact club-code/name alias from PL; retrospective identity only
25-26-europa-league-malmö-ff-vs-nottingham-forest,17.0,C. Hudson-Odoi,516,unique exact club-code/name alias from PL; retrospective identity only
25-26-europa-league-malmö-ff-vs-nottingham-forest,17.0,A. Kalimuendo,696,unique exact club-code/name alias from PL; retrospective identity only
25-26-europa-league-malmö-ff-vs-nottingham-forest,17.0,E. Anderson,517,unique exact club-code/name alias from PL; retrospective identity only
25-26-europa-league-malmö-ff-vs-nottingham-forest,17.0,D. Ndoye,669,unique exact club-code/name alias from PL; retrospective identity only
25-26-europa-league-malmö-ff-vs-nottingham-forest,17.0,I. Jesus,526,unique exact club-code/name alias from PL; retrospective identity only
25-26-europa-league-malmö-ff-vs-nottingham-forest,17.0,J. Sinclair,836,unique exact club-code/name alias from PL; retrospective identity only
25-26-europa-league-malmö-ff-vs-nottingham-forest,17.0,M. Sels,502,unique exact club-code/name alias from PL; retrospective identity only
25-26-europa-league-malmö-ff-vs-nottingham-forest,17.0,W. Boly,514,unique exact club-code/name alias from PL; retrospective identity only
25-26-europa-league-malmö-ff-vs-nottingham-forest,17.0,N. Savona,716,unique exact club-code/name alias from PL; retrospective identity only
25-26-europa-league-malmö-ff-vs-nottingham-forest,17.0,A. Whitehall,835,unique exact club-code/name alias from PL; retrospective identity only
25-26-europa-league-young-boys-vs-aston-villa,7.0,E. Martínez,32,unique exact club-code/name alias from PL; retrospective identity only
25-26-europa-league-young-boys-vs-aston-villa,7.0,L. Bogarde,44,unique exact club-code/name alias from PL; retrospective identity only
25-26-europa-league-young-boys-vs-aston-villa,7.0,V. Lindelöf,719,unique exact club-code/name alias from PL; retrospective identity only
25-26-europa-league-young-boys-vs-aston-villa,7.0,P. Torres,41,unique exact club-code/name alias from PL; retrospective identity only
25-26-europa-league-young-boys-vs-aston-villa,7.0,I. Maatsen,39,unique exact club-code/name alias from PL; retrospective identity only
25-26-europa-league-young-boys-vs-aston-villa,7.0,A. Onana,59,unique exact club-code/name alias from PL; retrospective identity only
25-26-europa-league-young-boys-vs-aston-villa,7.0,Y. Tielemans,48,unique exact club-code/name alias from PL; retrospective identity only
25-26-europa-league-young-boys-vs-aston-villa,7.0,E. Guessand,677,unique exact club-code/name alias from PL; retrospective identity only
25-26-europa-league-young-boys-vs-aston-villa,7.0,M. Rogers,47,unique exact club-code/name alias from PL; retrospective identity only
25-26-europa-league-young-boys-vs-aston-villa,7.0,J. Sancho,456,unique exact club-code/name alias from PL; retrospective identity only
25-26-europa-league-young-boys-vs-aston-villa,7.0,D. Malen,53,unique exact club-code/name alias from PL; retrospective identity only
25-26-europa-league-young-boys-vs-aston-villa,7.0,E. Buendía,50,unique exact club-code/name alias from PL; retrospective identity only
25-26-europa-league-young-boys-vs-aston-villa,7.0,E. Konsa,38,unique exact club-code/name alias from PL; retrospective identity only
25-26-europa-league-young-boys-vs-aston-villa,7.0,R. Barkley,55,unique exact club-code/name alias from PL; retrospective identity only
25-26-europa-league-young-boys-vs-aston-villa,7.0,O. Watkins,64,unique exact club-code/name alias from PL; retrospective identity only
25-26-europa-league-young-boys-vs-aston-villa,7.0,B. Kamara,58,unique exact club-code/name alias from PL; retrospective identity only
25-26-europa-league-young-boys-vs-aston-villa,7.0,M. Cash,36,unique exact club-code/name alias from PL; retrospective identity only
25-26-europa-league-young-boys-vs-aston-villa,7.0,L. Digne,37,unique exact club-code/name alias from PL; retrospective identity only
25-26-europa-league-young-boys-vs-aston-villa,7.0,J. McGinn,54,unique exact club-code/name alias from PL; retrospective identity only
25-26-europa-league-young-boys-vs-aston-villa,7.0,H. Elliott,389,unique exact club-code/name alias from PL; retrospective identity only
25-26-champions-league-arsenal-vs-club-brugge,3.0,D. Raya,1,unique exact club-code/name alias from PL; retrospective identity only
25-26-champions-league-arsenal-vs-club-brugge,3.0,B. White,11,unique exact club-code/name alias from PL; retrospective identity only
25-26-champions-league-arsenal-vs-club-brugge,3.0,C. Nørgaard,24,unique exact club-code/name alias from PL; retrospective identity only
25-26-champions-league-arsenal-vs-club-brugge,3.0,P. Hincapié,725,unique exact club-code/name alias from PL; retrospective identity only
25-26-champions-league-arsenal-vs-club-brugge,3.0,M. Lewis-Skelly,10,unique exact club-code/name alias from PL; retrospective identity only
25-26-champions-league-arsenal-vs-club-brugge,3.0,M. Ødegaard,17,unique exact club-code/name alias from PL; retrospective identity only
25-26-champions-league-arsenal-vs-club-brugge,3.0,M. Zubimendi,26,unique exact club-code/name alias from PL; retrospective identity only
25-26-champions-league-arsenal-vs-club-brugge,3.0,M. Merino,22,unique exact club-code/name alias from PL; retrospective identity only
25-26-champions-league-arsenal-vs-club-brugge,3.0,N. Madueke,18,unique exact club-code/name alias from PL; retrospective identity only
25-26-champions-league-arsenal-vs-club-brugge,3.0,V. Gyökeres,666,unique exact club-code/name alias from PL; retrospective identity only
25-26-champions-league-arsenal-vs-club-brugge,3.0,G. Martinelli,19,unique exact club-code/name alias from PL; retrospective identity only
25-26-champions-league-arsenal-vs-club-brugge,3.0,R. Calafiori,7,unique exact club-code/name alias from PL; retrospective identity only
25-26-champions-league-arsenal-vs-club-brugge,3.0,B. Saka,16,unique exact club-code/name alias from PL; retrospective identity only
25-26-champions-league-arsenal-vs-club-brugge,3.0,E. Nwaneri,25,unique exact club-code/name alias from PL; retrospective identity only
25-26-champions-league-arsenal-vs-club-brugge,3.0,M. Salmon,759,unique exact club-code/name alias from PL; retrospective identity only
25-26-champions-league-arsenal-vs-club-brugge,3.0,K. Arrizabalaga,2,unique exact club-code/name alias from PL; retrospective identity only
25-26-champions-league-arsenal-vs-club-brugge,3.0,T. Setford,4,unique exact club-code/name alias from PL; retrospective identity only
25-26-champions-league-arsenal-vs-club-brugge,3.0,E. Eze,266,unique exact club-code/name alias from PL; retrospective identity only
25-26-champions-league-chelsea-vs-atalanta,8.0,R. Sánchez,220,unique exact club-code/name alias from PL; retrospective identity only
25-26-champions-league-chelsea-vs-atalanta,8.0,J. Acheampong,233,unique exact club-code/name alias from PL; retrospective identity only
25-26-champions-league-chelsea-vs-atalanta,8.0,T. Chalobah,226,unique exact club-code/name alias from PL; retrospective identity only
25-26-champions-league-chelsea-vs-atalanta,8.0,M. Cucurella,224,unique exact club-code/name alias from PL; retrospective identity only
25-26-champions-league-chelsea-vs-atalanta,8.0,M. Caicedo,241,unique exact club-code/name alias from PL; retrospective identity only
25-26-champions-league-chelsea-vs-atalanta,8.0,R. James,225,unique exact club-code/name alias from PL; retrospective identity only
25-26-champions-league-chelsea-vs-atalanta,8.0,P. Neto,236,unique exact club-code/name alias from PL; retrospective identity only
25-26-champions-league-chelsea-vs-atalanta,8.0,E. Fernández,237,unique exact club-code/name alias from PL; retrospective identity only
25-26-champions-league-chelsea-vs-atalanta,8.0,J. Gittens,239,unique exact club-code/name alias from PL; retrospective identity only
25-26-champions-league-chelsea-vs-atalanta,8.0,J. Pedro,249,unique exact club-code/name alias from PL; retrospective identity only
25-26-champions-league-chelsea-vs-atalanta,8.0,W. Fofana,230,unique exact club-code/name alias from PL; retrospective identity only
25-26-champions-league-chelsea-vs-atalanta,8.0,A. Garnacho,453,unique exact club-code/name alias from PL; retrospective identity only
25-26-champions-league-chelsea-vs-atalanta,8.0,M. Gusto,228,unique exact club-code/name alias from PL; retrospective identity only
25-26-champions-league-chelsea-vs-atalanta,8.0,T. Adarabioyo,232,unique exact club-code/name alias from PL; retrospective identity only
25-26-champions-league-chelsea-vs-atalanta,8.0,A. Santos,246,unique exact club-code/name alias from PL; retrospective identity only
25-26-champions-league-chelsea-vs-atalanta,8.0,J. Hato,672,unique exact club-code/name alias from PL; retrospective identity only
25-26-champions-league-chelsea-vs-atalanta,8.0,T. George,243,unique exact club-code/name alias from PL; retrospective identity only
25-26-champions-league-chelsea-vs-atalanta,8.0,M. Guiu,252,unique exact club-code/name alias from PL; retrospective identity only
25-26-champions-league-chelsea-vs-atalanta,8.0,F. Buonanotte,168,unique exact club-code/name alias from PL; retrospective identity only
25-26-champions-league-chelsea-vs-atalanta,8.0,M. Merrick,789,unique exact club-code/name alias from PL; retrospective identity only
25-26-champions-league-chelsea-vs-atalanta,8.0,F. Jørgensen,221,unique exact club-code/name alias from PL; retrospective identity only
25-26-champions-league-liverpool-vs-inter,14.0,Alisson,366,unique exact club-code/name alias from PL; retrospective identity only
25-26-champions-league-liverpool-vs-inter,14.0,J. Gomez,376,unique exact club-code/name alias from PL; retrospective identity only
25-26-champions-league-liverpool-vs-inter,14.0,I. Konaté,374,unique exact club-code/name alias from PL; retrospective identity only
25-26-champions-league-liverpool-vs-inter,14.0,V. van Dijk,373,unique exact club-code/name alias from PL; retrospective identity only
25-26-champions-league-liverpool-vs-inter,14.0,A. Robertson,372,unique exact club-code/name alias from PL; retrospective identity only
25-26-champions-league-liverpool-vs-inter,14.0,D. Szoboszlai,387,unique exact club-code/name alias from PL; retrospective identity only
25-26-champions-league-liverpool-vs-inter,14.0,R. Gravenberch,390,unique exact club-code/name alias from PL; retrospective identity only
25-26-champions-league-liverpool-vs-inter,14.0,A. Mac Allister,386,unique exact club-code/name alias from PL; retrospective identity only
25-26-champions-league-liverpool-vs-inter,14.0,H. Ekitiké,661,unique exact club-code/name alias from PL; retrospective identity only
25-26-champions-league-liverpool-vs-inter,14.0,A. Isak,499,unique exact club-code/name alias from PL; retrospective identity only
25-26-champions-league-liverpool-vs-inter,14.0,F. Wirtz,382,unique exact club-code/name alias from PL; retrospective identity only
25-26-champions-league-liverpool-vs-inter,14.0,C. Bradley,375,unique exact club-code/name alias from PL; retrospective identity only
25-26-champions-league-liverpool-vs-inter,14.0,G. Mamardashvili,367,unique exact club-code/name alias from PL; retrospective identity only
25-26-champions-league-liverpool-vs-inter,14.0,F. Woodman,369,unique exact club-code/name alias from PL; retrospective identity only
25-26-champions-league-liverpool-vs-inter,14.0,M. Kerkez,371,unique exact club-code/name alias from PL; retrospective identity only
25-26-champions-league-liverpool-vs-inter,14.0,T. Nyoni,396,unique exact club-code/name alias from PL; retrospective identity only
25-26-champions-league-liverpool-vs-inter,14.0,R. Ngumoha,686,unique exact club-code/name alias from PL; retrospective identity only
25-26-champions-league-liverpool-vs-inter,14.0,W. Lucky,760,unique exact club-code/name alias from PL; retrospective identity only
25-26-champions-league-newcastle-united-vs-bayer-leverkusen,4.0,A. Ramsdale,674,unique exact club-code/name alias from PL; retrospective identity only
25-26-champions-league-newcastle-united-vs-bayer-leverkusen,4.0,V. Livramento,477,unique exact club-code/name alias from PL; retrospective identity only
25-26-champions-league-newcastle-united-vs-bayer-leverkusen,4.0,M. Thiaw,684,unique exact club-code/name alias from PL; retrospective identity only
25-26-champions-league-newcastle-united-vs-bayer-leverkusen,4.0,D. Burn,476,unique exact club-code/name alias from PL; retrospective identity only
25-26-champions-league-newcastle-united-vs-bayer-leverkusen,4.0,L. Hall,473,unique exact club-code/name alias from PL; retrospective identity only
25-26-champions-league-newcastle-united-vs-bayer-leverkusen,4.0,S. Tonali,491,unique exact club-code/name alias from PL; retrospective identity only
25-26-champions-league-newcastle-united-vs-bayer-leverkusen,4.0,B. Guimarães,488,unique exact club-code/name alias from PL; retrospective identity only
25-26-champions-league-newcastle-united-vs-bayer-leverkusen,4.0,H. Barnes,487,unique exact club-code/name alias from PL; retrospective identity only
25-26-champions-league-newcastle-united-vs-bayer-leverkusen,4.0,N. Woltemade,714,unique exact club-code/name alias from PL; retrospective identity only
25-26-champions-league-newcastle-united-vs-bayer-leverkusen,4.0,A. Gordon,485,unique exact club-code/name alias from PL; retrospective identity only
25-26-champions-league-newcastle-united-vs-bayer-leverkusen,4.0,Y. Wissa,135,unique exact club-code/name alias from PL; retrospective identity only
25-26-champions-league-newcastle-united-vs-bayer-leverkusen,4.0,F. Schär,474,unique exact club-code/name alias from PL; retrospective identity only
25-26-champions-league-newcastle-united-vs-bayer-leverkusen,4.0,A. Elanga,486,unique exact club-code/name alias from PL; retrospective identity only
25-26-champions-league-newcastle-united-vs-bayer-leverkusen,4.0,J. Willock,494,unique exact club-code/name alias from PL; retrospective identity only
25-26-champions-league-slavia-prague-vs-tottenham-hotspur,6.0,G. Vicario,565,unique exact club-code/name alias from PL; retrospective identity only
25-26-champions-league-slavia-prague-vs-tottenham-hotspur,6.0,P. Porro,568,unique exact club-code/name alias from PL; retrospective identity only
25-26-champions-league-slavia-prague-vs-tottenham-hotspur,6.0,C. Romero,569,unique exact club-code/name alias from PL; retrospective identity only
25-26-champions-league-slavia-prague-vs-tottenham-hotspur,6.0,M. van de Ven,575,unique exact club-code/name alias from PL; retrospective identity only
25-26-champions-league-slavia-prague-vs-tottenham-hotspur,6.0,D. Spence,573,unique exact club-code/name alias from PL; retrospective identity only
25-26-champions-league-slavia-prague-vs-tottenham-hotspur,6.0,A. Gray,591,unique exact club-code/name alias from PL; retrospective identity only
25-26-champions-league-slavia-prague-vs-tottenham-hotspur,6.0,M. Kudus,582,unique exact club-code/name alias from PL; retrospective identity only
25-26-champions-league-slavia-prague-vs-tottenham-hotspur,6.0,X. Simons,717,unique exact club-code/name alias from PL; retrospective identity only
25-26-champions-league-slavia-prague-vs-tottenham-hotspur,6.0,W. Odobert,588,unique exact club-code/name alias from PL; retrospective identity only
25-26-champions-league-slavia-prague-vs-tottenham-hotspur,6.0,M. Tel,584,unique exact club-code/name alias from PL; retrospective identity only
25-26-champions-league-slavia-prague-vs-tottenham-hotspur,6.0,B. Davies,571,unique exact club-code/name alias from PL; retrospective identity only
25-26-champions-league-slavia-prague-vs-tottenham-hotspur,6.0,R. K. Muani,726,unique exact club-code/name alias from PL; retrospective identity only
25-26-champions-league-slavia-prague-vs-tottenham-hotspur,6.0,L. Bergvall,586,unique exact club-code/name alias from PL; retrospective identity only
25-26-champions-league-slavia-prague-vs-tottenham-hotspur,6.0,A. Kinský,567,unique exact club-code/name alias from PL; retrospective identity only
25-26-champions-league-slavia-prague-vs-tottenham-hotspur,6.0,K. Danso,570,unique exact club-code/name alias from PL; retrospective identity only
25-26-champions-league-slavia-prague-vs-tottenham-hotspur,6.0,R. Bentancur,585,unique exact club-code/name alias from PL; retrospective identity only
25-26-champions-league-slavia-prague-vs-tottenham-hotspur,6.0,D. Scarlett,599,unique exact club-code/name alias from PL; retrospective identity only
25-26-champions-league-slavia-prague-vs-tottenham-hotspur,6.0,L. Williams-Barnett,790,unique exact club-code/name alias from PL; retrospective identity only
25-26-champions-league-slavia-prague-vs-tottenham-hotspur,6.0,C. Olusesi,595,unique exact club-code/name alias from PL; retrospective identity only
25-26-europa-league-aston-villa-vs-basel,7.0,M. Cash,36,unique exact club-code/name alias from PL; retrospective identity only
25-26-europa-league-aston-villa-vs-basel,7.0,E. Konsa,38,unique exact club-code/name alias from PL; retrospective identity only
25-26-europa-league-aston-villa-vs-basel,7.0,V. Lindelöf,719,unique exact club-code/name alias from PL; retrospective identity only
25-26-europa-league-aston-villa-vs-basel,7.0,L. Digne,37,unique exact club-code/name alias from PL; retrospective identity only
25-26-europa-league-aston-villa-vs-basel,7.0,L. Bogarde,44,unique exact club-code/name alias from PL; retrospective identity only
25-26-europa-league-aston-villa-vs-basel,7.0,A. Onana,59,unique exact club-code/name alias from PL; retrospective identity only
25-26-europa-league-aston-villa-vs-basel,7.0,E. Guessand,677,unique exact club-code/name alias from PL; retrospective identity only
25-26-europa-league-aston-villa-vs-basel,7.0,E. Buendía,50,unique exact club-code/name alias from PL; retrospective identity only
25-26-europa-league-aston-villa-vs-basel,7.0,J. Sancho,456,unique exact club-code/name alias from PL; retrospective identity only
25-26-europa-league-aston-villa-vs-basel,7.0,D. Malen,53,unique exact club-code/name alias from PL; retrospective identity only
25-26-europa-league-aston-villa-vs-basel,7.0,Y. Tielemans,48,unique exact club-code/name alias from PL; retrospective identity only
25-26-europa-league-aston-villa-vs-basel,7.0,O. Watkins,64,unique exact club-code/name alias from PL; retrospective identity only
25-26-europa-league-aston-villa-vs-basel,7.0,M. Rogers,47,unique exact club-code/name alias from PL; retrospective identity only
25-26-europa-league-aston-villa-vs-basel,7.0,B. Kamara,58,unique exact club-code/name alias from PL; retrospective identity only
25-26-europa-league-aston-villa-vs-basel,7.0,J. McGinn,54,unique exact club-code/name alias from PL; retrospective identity only
25-26-europa-league-aston-villa-vs-basel,7.0,I. Maatsen,39,unique exact club-code/name alias from PL; retrospective identity only
25-26-europa-league-aston-villa-vs-basel,7.0,J. Wright,688,unique exact club-code/name alias from PL; retrospective identity only
25-26-europa-league-aston-villa-vs-basel,7.0,G. Hemmings,754,unique exact club-code/name alias from PL; retrospective identity only
25-26-europa-league-nottingham-forest-vs-fc-utrecht,17.0,Z. Abbott,513,unique exact club-code/name alias from PL; retrospective identity only
25-26-europa-league-nottingham-forest-vs-fc-utrecht,17.0,F. Morato,511,unique exact club-code/name alias from PL; retrospective identity only
25-26-europa-league-nottingham-forest-vs-fc-utrecht,17.0,O. Zinchenko,12,unique exact club-code/name alias from PL; retrospective identity only
25-26-europa-league-nottingham-forest-vs-fc-utrecht,17.0,J. McAtee,426,unique exact club-code/name alias from PL; retrospective identity only
25-26-europa-league-nottingham-forest-vs-fc-utrecht,17.0,D. Luiz,699,unique exact club-code/name alias from PL; retrospective identity only
25-26-europa-league-nottingham-forest-vs-fc-utrecht,17.0,N. Domínguez,519,unique exact club-code/name alias from PL; retrospective identity only
25-26-europa-league-nottingham-forest-vs-fc-utrecht,17.0,D. Ndoye,669,unique exact club-code/name alias from PL; retrospective identity only
25-26-europa-league-nottingham-forest-vs-fc-utrecht,17.0,A. Kalimuendo,696,unique exact club-code/name alias from PL; retrospective identity only
25-26-europa-league-nottingham-forest-vs-fc-utrecht,17.0,C. Hudson-Odoi,516,unique exact club-code/name alias from PL; retrospective identity only
25-26-europa-league-nottingham-forest-vs-fc-utrecht,17.0,I. Sangaré,521,unique exact club-code/name alias from PL; retrospective identity only
25-26-europa-league-nottingham-forest-vs-fc-utrecht,17.0,E. Anderson,517,unique exact club-code/name alias from PL; retrospective identity only
25-26-europa-league-nottingham-forest-vs-fc-utrecht,17.0,N. Milenković,505,unique exact club-code/name alias from PL; retrospective identity only
25-26-europa-league-nottingham-forest-vs-fc-utrecht,17.0,M. Gibbs-White,515,unique exact club-code/name alias from PL; retrospective identity only
25-26-europa-league-nottingham-forest-vs-fc-utrecht,17.0,I. Jesus,526,unique exact club-code/name alias from PL; retrospective identity only
25-26-europa-league-nottingham-forest-vs-fc-utrecht,17.0,W. Boly,514,unique exact club-code/name alias from PL; retrospective identity only
25-26-europa-league-nottingham-forest-vs-fc-utrecht,17.0,D. Bakwa,734,unique exact club-code/name alias from PL; retrospective identity only
25-26-europa-league-nottingham-forest-vs-fc-utrecht,17.0,N. Savona,716,unique exact club-code/name alias from PL; retrospective identity only
25-26-efl-cup-brentford-vs-manchester-city,43.0,B. Silva,416,unique exact club-code/name alias from PL; retrospective identity only
25-26-efl-cup-brentford-vs-manchester-city,43.0,R. Dias,408,unique exact club-code/name alias from PL; retrospective identity only
25-26-efl-cup-brentford-vs-manchester-city,94.0,Y. Konak,131,unique exact club-code/name alias from PL; retrospective identity only
25-26-efl-cup-brentford-vs-manchester-city,94.0,Gustavo Nunes,127,unique exact club-code/name alias from PL; retrospective identity only
25-26-efl-cup-chelsea-vs-cardiff-city,8.0,F. Jørgensen,221,unique exact club-code/name alias from PL; retrospective identity only
25-26-efl-cup-chelsea-vs-cardiff-city,8.0,A. Santos,246,unique exact club-code/name alias from PL; retrospective identity only
25-26-efl-cup-chelsea-vs-cardiff-city,8.0,M. Caicedo,241,unique exact club-code/name alias from PL; retrospective identity only
25-26-efl-cup-chelsea-vs-cardiff-city,8.0,J. Gittens,239,unique exact club-code/name alias from PL; retrospective identity only
25-26-efl-cup-chelsea-vs-cardiff-city,8.0,M. Guiu,252,unique exact club-code/name alias from PL; retrospective identity only
25-26-efl-cup-chelsea-vs-cardiff-city,8.0,J. Pedro,249,unique exact club-code/name alias from PL; retrospective identity only
25-26-efl-cup-chelsea-vs-cardiff-city,8.0,A. Garnacho,453,unique exact club-code/name alias from PL; retrospective identity only
25-26-efl-cup-chelsea-vs-cardiff-city,8.0,P. Neto,236,unique exact club-code/name alias from PL; retrospective identity only
25-26-efl-cup-chelsea-vs-cardiff-city,8.0,R. Sánchez,220,unique exact club-code/name alias from PL; retrospective identity only
25-26-efl-cup-fulham-vs-newcastle-united,4.0,B. Guimarães,488,unique exact club-code/name alias from PL; retrospective identity only
25-26-efl-cup-fulham-vs-newcastle-united,54.0,R. Jiménez,337,unique exact club-code/name alias from PL; retrospective identity only
25-26-efl-cup-fulham-vs-newcastle-united,54.0,J. King,335,unique exact club-code/name alias from PL; retrospective identity only
25-26-efl-cup-fulham-vs-newcastle-united,54.0,A. Traoré,326,unique exact club-code/name alias from PL; retrospective identity only
25-26-efl-cup-crystal-palace-vs-arsenal,3.0,K. Arrizabalaga,2,unique exact club-code/name alias from PL; retrospective identity only
25-26-efl-cup-crystal-palace-vs-arsenal,3.0,M. Merino,22,unique exact club-code/name alias from PL; retrospective identity only
25-26-efl-cup-crystal-palace-vs-arsenal,3.0,G. Martinelli,19,unique exact club-code/name alias from PL; retrospective identity only
25-26-efl-cup-crystal-palace-vs-arsenal,3.0,D. Raya,1,unique exact club-code/name alias from PL; retrospective identity only
25-26-efl-cup-crystal-palace-vs-arsenal,3.0,M. Zubimendi,26,unique exact club-code/name alias from PL; retrospective identity only
25-26-efl-cup-crystal-palace-vs-arsenal,31.0,J. Lerma,272,unique exact club-code/name alias from PL; retrospective identity only
25-26-efl-cup-crystal-palace-vs-arsenal,31.0,Y. Pino,712,unique exact club-code/name alias from PL; retrospective identity only
25-26-efl-cup-brentford-vs-afc-bournemouth,91.0,J. Soler,80,unique exact club-code/name alias from PL; retrospective identity only
25-26-efl-cup-brentford-vs-afc-bournemouth,91.0,E. J. Kroupi,100,unique exact club-code/name alias from PL; retrospective identity only
25-26-efl-cup-brentford-vs-afc-bournemouth,91.0,M. Senesi,72,unique exact club-code/name alias from PL; retrospective identity only
25-26-efl-cup-brentford-vs-afc-bournemouth,94.0,F. Carvalho,123,unique exact club-code/name alias from PL; retrospective identity only
25-26-efl-cup-brentford-vs-afc-bournemouth,94.0,I. Thiago,136,unique exact club-code/name alias from PL; retrospective identity only
25-26-efl-cup-bristol-city-vs-fulham,54.0,A. Traoré,326,unique exact club-code/name alias from PL; retrospective identity only
25-26-efl-cup-bristol-city-vs-fulham,54.0,R. Jiménez,337,unique exact club-code/name alias from PL; retrospective identity only
25-26-efl-cup-bristol-city-vs-fulham,54.0,R. Muniz,338,unique exact club-code/name alias from PL; retrospective identity only
25-26-efl-cup-bristol-city-vs-fulham,54.0,J. King,335,unique exact club-code/name alias from PL; retrospective identity only
25-26-efl-cup-arsenal-vs-chelsea,8.0,R. Sánchez,220,unique exact club-code/name alias from PL; retrospective identity only
25-26-efl-cup-arsenal-vs-chelsea,8.0,M. Cucurella,224,unique exact club-code/name alias from PL; retrospective identity only
25-26-efl-cup-arsenal-vs-chelsea,8.0,A. Santos,246,unique exact club-code/name alias from PL; retrospective identity only
25-26-efl-cup-arsenal-vs-chelsea,8.0,J. Pedro,249,unique exact club-code/name alias from PL; retrospective identity only
25-26-efl-cup-arsenal-vs-chelsea,8.0,P. Neto,236,unique exact club-code/name alias from PL; retrospective identity only
25-26-efl-cup-arsenal-vs-chelsea,8.0,M. Guiu,252,unique exact club-code/name alias from PL; retrospective identity only
25-26-efl-cup-arsenal-vs-chelsea,8.0,A. Garnacho,453,unique exact club-code/name alias from PL; retrospective identity only
25-26-efl-cup-arsenal-vs-chelsea,8.0,S. Mheuka,840,unique exact club-code/name alias from PL; retrospective identity only
25-26-efl-cup-arsenal-vs-chelsea,8.0,F. Jørgensen,221,unique exact club-code/name alias from PL; retrospective identity only
25-26-efl-cup-arsenal-vs-chelsea,3.0,K. Arrizabalaga,2,unique exact club-code/name alias from PL; retrospective identity only
25-26-efl-cup-arsenal-vs-chelsea,3.0,B. White,11,unique exact club-code/name alias from PL; retrospective identity only
25-26-efl-cup-arsenal-vs-chelsea,3.0,G. Magalhaes,5,unique exact club-code/name alias from PL; retrospective identity only
25-26-efl-cup-arsenal-vs-chelsea,3.0,M. Zubimendi,26,unique exact club-code/name alias from PL; retrospective identity only
25-26-efl-cup-arsenal-vs-chelsea,3.0,G. Martinelli,19,unique exact club-code/name alias from PL; retrospective identity only
25-26-efl-cup-arsenal-vs-chelsea,3.0,M. Merino,22,unique exact club-code/name alias from PL; retrospective identity only
25-26-efl-cup-arsenal-vs-chelsea,3.0,D. Raya,1,unique exact club-code/name alias from PL; retrospective identity only
25-26-efl-cup-manchester-city-vs-newcastle-united,4.0,B. Guimarães,488,unique exact club-code/name alias from PL; retrospective identity only
25-26-efl-cup-manchester-city-vs-newcastle-united,43.0,B. Silva,416,unique exact club-code/name alias from PL; retrospective identity only
25-26-efl-cup-manchester-city-vs-newcastle-united,43.0,Rodri,421,unique exact club-code/name alias from PL; retrospective identity only
25-26-champions-league-arsenal-vs-inter,3.0,D. Raya,1,unique exact club-code/name alias from PL; retrospective identity only
25-26-champions-league-arsenal-vs-inter,3.0,W. Saliba,6,unique exact club-code/name alias from PL; retrospective identity only
25-26-champions-league-arsenal-vs-inter,3.0,C. Mosquera,662,unique exact club-code/name alias from PL; retrospective identity only
25-26-champions-league-arsenal-vs-inter,3.0,M. Lewis-Skelly,10,unique exact club-code/name alias from PL; retrospective identity only
25-26-champions-league-arsenal-vs-inter,3.0,M. Merino,22,unique exact club-code/name alias from PL; retrospective identity only
25-26-champions-league-arsenal-vs-inter,3.0,M. Zubimendi,26,unique exact club-code/name alias from PL; retrospective identity only
25-26-champions-league-arsenal-vs-inter,3.0,E. Eze,266,unique exact club-code/name alias from PL; retrospective identity only
25-26-champions-league-arsenal-vs-inter,3.0,B. Saka,16,unique exact club-code/name alias from PL; retrospective identity only
25-26-champions-league-arsenal-vs-inter,3.0,L. Trossard,20,unique exact club-code/name alias from PL; retrospective identity only
25-26-champions-league-arsenal-vs-inter,3.0,B. White,11,unique exact club-code/name alias from PL; retrospective identity only
25-26-champions-league-arsenal-vs-inter,3.0,D. Rice,21,unique exact club-code/name alias from PL; retrospective identity only
25-26-champions-league-arsenal-vs-inter,3.0,V. Gyökeres,666,unique exact club-code/name alias from PL; retrospective identity only
25-26-champions-league-arsenal-vs-inter,3.0,G. Martinelli,19,unique exact club-code/name alias from PL; retrospective identity only
25-26-champions-league-arsenal-vs-inter,3.0,M. Ødegaard,17,unique exact club-code/name alias from PL; retrospective identity only
25-26-champions-league-arsenal-vs-inter,3.0,K. Havertz,30,unique exact club-code/name alias from PL; retrospective identity only
25-26-champions-league-arsenal-vs-inter,3.0,E. Nwaneri,25,unique exact club-code/name alias from PL; retrospective identity only
25-26-champions-league-arsenal-vs-inter,3.0,K. Arrizabalaga,2,unique exact club-code/name alias from PL; retrospective identity only
25-26-champions-league-arsenal-vs-inter,3.0,T. Setford,4,unique exact club-code/name alias from PL; retrospective identity only
25-26-champions-league-arsenal-vs-inter,3.0,C. Nørgaard,24,unique exact club-code/name alias from PL; retrospective identity only
25-26-champions-league-arsenal-vs-inter,3.0,N. Madueke,18,unique exact club-code/name alias from PL; retrospective identity only
25-26-champions-league-borussia-dortmund-vs-tottenham-hotspur,6.0,G. Vicario,565,unique exact club-code/name alias from PL; retrospective identity only
25-26-champions-league-borussia-dortmund-vs-tottenham-hotspur,6.0,P. Porro,568,unique exact club-code/name alias from PL; retrospective identity only
25-26-champions-league-borussia-dortmund-vs-tottenham-hotspur,6.0,K. Danso,570,unique exact club-code/name alias from PL; retrospective identity only
25-26-champions-league-borussia-dortmund-vs-tottenham-hotspur,6.0,C. Romero,569,unique exact club-code/name alias from PL; retrospective identity only
25-26-champions-league-borussia-dortmund-vs-tottenham-hotspur,6.0,D. Udogie,574,unique exact club-code/name alias from PL; retrospective identity only
25-26-champions-league-borussia-dortmund-vs-tottenham-hotspur,6.0,L. Bergvall,586,unique exact club-code/name alias from PL; retrospective identity only
25-26-champions-league-borussia-dortmund-vs-tottenham-hotspur,6.0,A. Gray,591,unique exact club-code/name alias from PL; retrospective identity only
25-26-champions-league-borussia-dortmund-vs-tottenham-hotspur,6.0,W. Odobert,588,unique exact club-code/name alias from PL; retrospective identity only
25-26-champions-league-borussia-dortmund-vs-tottenham-hotspur,6.0,X. Simons,717,unique exact club-code/name alias from PL; retrospective identity only
25-26-champions-league-borussia-dortmund-vs-tottenham-hotspur,6.0,D. Spence,573,unique exact club-code/name alias from PL; retrospective identity only
25-26-champions-league-borussia-dortmund-vs-tottenham-hotspur,6.0,D. Solanke,596,unique exact club-code/name alias from PL; retrospective identity only
25-26-champions-league-borussia-dortmund-vs-tottenham-hotspur,6.0,J. Byfield,745,unique exact club-code/name alias from PL; retrospective identity only
25-26-champions-league-borussia-dortmund-vs-tottenham-hotspur,6.0,R. K. Muani,726,unique exact club-code/name alias from PL; retrospective identity only
25-26-champions-league-borussia-dortmund-vs-tottenham-hotspur,6.0,A. Kinský,567,unique exact club-code/name alias from PL; retrospective identity only
25-26-champions-league-borussia-dortmund-vs-tottenham-hotspur,6.0,B. Austin,566,unique exact club-code/name alias from PL; retrospective identity only
25-26-champions-league-borussia-dortmund-vs-tottenham-hotspur,6.0,D. Scarlett,599,unique exact club-code/name alias from PL; retrospective identity only
25-26-champions-league-borussia-dortmund-vs-tottenham-hotspur,6.0,J. Rowswell,750,unique exact club-code/name alias from PL; retrospective identity only
25-26-champions-league-borussia-dortmund-vs-tottenham-hotspur,6.0,C. Olusesi,595,unique exact club-code/name alias from PL; retrospective identity only
25-26-champions-league-borussia-dortmund-vs-tottenham-hotspur,6.0,Y. Akhamrich,751,unique exact club-code/name alias from PL; retrospective identity only
25-26-champions-league-borussia-dortmund-vs-tottenham-hotspur,6.0,L. Williams-Barnett,790,unique exact club-code/name alias from PL; retrospective identity only
25-26-champions-league-liverpool-vs-marseille,14.0,Alisson,366,unique exact club-code/name alias from PL; retrospective identity only
25-26-champions-league-liverpool-vs-marseille,14.0,J. Frimpong,370,unique exact club-code/name alias from PL; retrospective identity only
25-26-champions-league-liverpool-vs-marseille,14.0,J. Gomez,376,unique exact club-code/name alias from PL; retrospective identity only
25-26-champions-league-liverpool-vs-marseille,14.0,V. van Dijk,373,unique exact club-code/name alias from PL; retrospective identity only
25-26-champions-league-liverpool-vs-marseille,14.0,M. Kerkez,371,unique exact club-code/name alias from PL; retrospective identity only
25-26-champions-league-liverpool-vs-marseille,14.0,R. Gravenberch,390,unique exact club-code/name alias from PL; retrospective identity only
25-26-champions-league-liverpool-vs-marseille,14.0,A. Mac Allister,386,unique exact club-code/name alias from PL; retrospective identity only
25-26-champions-league-liverpool-vs-marseille,14.0,D. Szoboszlai,387,unique exact club-code/name alias from PL; retrospective identity only
25-26-champions-league-liverpool-vs-marseille,14.0,F. Wirtz,382,unique exact club-code/name alias from PL; retrospective identity only
25-26-champions-league-liverpool-vs-marseille,14.0,H. Ekitiké,661,unique exact club-code/name alias from PL; retrospective identity only
25-26-champions-league-liverpool-vs-marseille,14.0,C. Gakpo,384,unique exact club-code/name alias from PL; retrospective identity only
25-26-champions-league-liverpool-vs-marseille,14.0,G. Mamardashvili,367,unique exact club-code/name alias from PL; retrospective identity only
25-26-champions-league-liverpool-vs-marseille,14.0,F. Woodman,369,unique exact club-code/name alias from PL; retrospective identity only
25-26-champions-league-liverpool-vs-marseille,14.0,W. Endo,392,unique exact club-code/name alias from PL; retrospective identity only
25-26-champions-league-liverpool-vs-marseille,14.0,F. Chiesa,385,unique exact club-code/name alias from PL; retrospective identity only
25-26-champions-league-liverpool-vs-marseille,14.0,A. Robertson,372,unique exact club-code/name alias from PL; retrospective identity only
25-26-champions-league-liverpool-vs-marseille,14.0,T. Nyoni,396,unique exact club-code/name alias from PL; retrospective identity only
25-26-champions-league-liverpool-vs-marseille,14.0,R. Ngumoha,686,unique exact club-code/name alias from PL; retrospective identity only
25-26-champions-league-manchester-city-vs-bodø/glimt,43.0,G. Donnarumma,736,unique exact club-code/name alias from PL; retrospective identity only
25-26-champions-league-manchester-city-vs-bodø/glimt,43.0,R. Aït-Nouri,402,unique exact club-code/name alias from PL; retrospective identity only
25-26-champions-league-manchester-city-vs-bodø/glimt,43.0,A. Khusanov,406,unique exact club-code/name alias from PL; retrospective identity only
25-26-champions-league-manchester-city-vs-bodø/glimt,43.0,M. Alleyne,794,unique exact club-code/name alias from PL; retrospective identity only
25-26-champions-league-manchester-city-vs-bodø/glimt,43.0,N. O’Reilly,411,unique exact club-code/name alias from PL; retrospective identity only
25-26-champions-league-manchester-city-vs-bodø/glimt,43.0,R. Lewis,410,unique exact club-code/name alias from PL; retrospective identity only
25-26-champions-league-manchester-city-vs-bodø/glimt,43.0,Rodri,421,unique exact club-code/name alias from PL; retrospective identity only
25-26-champions-league-manchester-city-vs-bodø/glimt,43.0,T. Reijnders,427,unique exact club-code/name alias from PL; retrospective identity only
25-26-champions-league-manchester-city-vs-bodø/glimt,43.0,R. Cherki,417,unique exact club-code/name alias from PL; retrospective identity only
25-26-champions-league-manchester-city-vs-bodø/glimt,43.0,E. Haaland,430,unique exact club-code/name alias from PL; retrospective identity only
25-26-champions-league-manchester-city-vs-bodø/glimt,43.0,P. Foden,414,unique exact club-code/name alias from PL; retrospective identity only
25-26-champions-league-manchester-city-vs-bodø/glimt,43.0,O. Marmoush,413,unique exact club-code/name alias from PL; retrospective identity only
25-26-champions-league-manchester-city-vs-bodø/glimt,43.0,J. Trafford,182,unique exact club-code/name alias from PL; retrospective identity only
25-26-champions-league-manchester-city-vs-bodø/glimt,43.0,M. Bettinelli,401,unique exact club-code/name alias from PL; retrospective identity only
25-26-champions-league-manchester-city-vs-bodø/glimt,43.0,N. Aké,405,unique exact club-code/name alias from PL; retrospective identity only
25-26-champions-league-manchester-city-vs-bodø/glimt,43.0,J. Doku,418,unique exact club-code/name alias from PL; retrospective identity only
25-26-champions-league-manchester-city-vs-bodø/glimt,43.0,D. Mukasa,739,unique exact club-code/name alias from PL; retrospective identity only
25-26-champions-league-manchester-city-vs-bodø/glimt,43.0,C. Gray,763,unique exact club-code/name alias from PL; retrospective identity only
25-26-champions-league-manchester-city-vs-bodø/glimt,43.0,S. Mfuni,740,unique exact club-code/name alias from PL; retrospective identity only
25-26-champions-league-pafos-fc-vs-chelsea,8.0,F. Jørgensen,221,unique exact club-code/name alias from PL; retrospective identity only
25-26-champions-league-pafos-fc-vs-chelsea,8.0,M. Gusto,228,unique exact club-code/name alias from PL; retrospective identity only
25-26-champions-league-pafos-fc-vs-chelsea,8.0,W. Fofana,230,unique exact club-code/name alias from PL; retrospective identity only
25-26-champions-league-pafos-fc-vs-chelsea,8.0,J. Hato,672,unique exact club-code/name alias from PL; retrospective identity only
25-26-champions-league-pafos-fc-vs-chelsea,8.0,R. James,225,unique exact club-code/name alias from PL; retrospective identity only
25-26-champions-league-pafos-fc-vs-chelsea,8.0,M. Caicedo,241,unique exact club-code/name alias from PL; retrospective identity only
25-26-champions-league-pafos-fc-vs-chelsea,8.0,P. Neto,236,unique exact club-code/name alias from PL; retrospective identity only
25-26-champions-league-pafos-fc-vs-chelsea,8.0,E. Fernández,237,unique exact club-code/name alias from PL; retrospective identity only
25-26-champions-league-pafos-fc-vs-chelsea,8.0,A. Garnacho,453,unique exact club-code/name alias from PL; retrospective identity only
25-26-champions-league-pafos-fc-vs-chelsea,8.0,L. Delap,250,unique exact club-code/name alias from PL; retrospective identity only
25-26-champions-league-pafos-fc-vs-chelsea,8.0,R. Sánchez,220,unique exact club-code/name alias from PL; retrospective identity only
25-26-champions-league-pafos-fc-vs-chelsea,8.0,M. Cucurella,224,unique exact club-code/name alias from PL; retrospective identity only
25-26-champions-league-pafos-fc-vs-chelsea,8.0,J. Gittens,239,unique exact club-code/name alias from PL; retrospective identity only
25-26-champions-league-pafos-fc-vs-chelsea,8.0,J. Pedro,249,unique exact club-code/name alias from PL; retrospective identity only
25-26-champions-league-pafos-fc-vs-chelsea,8.0,J. Acheampong,233,unique exact club-code/name alias from PL; retrospective identity only
25-26-champions-league-pafos-fc-vs-chelsea,8.0,T. Chalobah,226,unique exact club-code/name alias from PL; retrospective identity only
25-26-champions-league-pafos-fc-vs-chelsea,8.0,A. Santos,246,unique exact club-code/name alias from PL; retrospective identity only
25-26-champions-league-pafos-fc-vs-chelsea,8.0,T. George,243,unique exact club-code/name alias from PL; retrospective identity only
25-26-champions-league-pafos-fc-vs-chelsea,8.0,M. Guiu,252,unique exact club-code/name alias from PL; retrospective identity only
25-26-champions-league-pafos-fc-vs-chelsea,8.0,L. Emenalo,743,unique exact club-code/name alias from PL; retrospective identity only
25-26-champions-league-psv-eindhoven-vs-newcastle-united,4.0,N. Pope,469,unique exact club-code/name alias from PL; retrospective identity only
25-26-champions-league-psv-eindhoven-vs-newcastle-united,4.0,K. Trippier,478,unique exact club-code/name alias from PL; retrospective identity only
25-26-champions-league-psv-eindhoven-vs-newcastle-united,4.0,M. Thiaw,684,unique exact club-code/name alias from PL; retrospective identity only
25-26-champions-league-psv-eindhoven-vs-newcastle-united,4.0,S. Botman,475,unique exact club-code/name alias from PL; retrospective identity only
25-26-champions-league-psv-eindhoven-vs-newcastle-united,4.0,L. Hall,473,unique exact club-code/name alias from PL; retrospective identity only
25-26-champions-league-psv-eindhoven-vs-newcastle-united,4.0,B. Guimarães,488,unique exact club-code/name alias from PL; retrospective identity only
25-26-champions-league-psv-eindhoven-vs-newcastle-united,4.0,S. Tonali,491,unique exact club-code/name alias from PL; retrospective identity only
25-26-champions-league-psv-eindhoven-vs-newcastle-united,4.0,H. Barnes,487,unique exact club-code/name alias from PL; retrospective identity only
25-26-champions-league-psv-eindhoven-vs-newcastle-united,4.0,Y. Wissa,135,unique exact club-code/name alias from PL; retrospective identity only
25-26-champions-league-psv-eindhoven-vs-newcastle-united,4.0,A. Gordon,485,unique exact club-code/name alias from PL; retrospective identity only
25-26-champions-league-psv-eindhoven-vs-newcastle-united,4.0,A. Elanga,486,unique exact club-code/name alias from PL; retrospective identity only
25-26-champions-league-psv-eindhoven-vs-newcastle-united,4.0,N. Woltemade,714,unique exact club-code/name alias from PL; retrospective identity only
25-26-champions-league-psv-eindhoven-vs-newcastle-united,4.0,J. Willock,494,unique exact club-code/name alias from PL; retrospective identity only
25-26-champions-league-psv-eindhoven-vs-newcastle-united,4.0,A. Ramsdale,674,unique exact club-code/name alias from PL; retrospective identity only
25-26-champions-league-psv-eindhoven-vs-newcastle-united,4.0,L. Shahar,765,unique exact club-code/name alias from PL; retrospective identity only
25-26-champions-league-psv-eindhoven-vs-newcastle-united,4.0,S. Neave,501,unique exact club-code/name alias from PL; retrospective identity only
25-26-europa-league-aston-villa-vs-fenerbahçe,7.0,M. Cash,36,unique exact club-code/name alias from PL; retrospective identity only
25-26-europa-league-aston-villa-vs-fenerbahçe,7.0,V. Lindelöf,719,unique exact club-code/name alias from PL; retrospective identity only
25-26-europa-league-aston-villa-vs-fenerbahçe,7.0,T. Mings,40,unique exact club-code/name alias from PL; retrospective identity only
25-26-europa-league-aston-villa-vs-fenerbahçe,7.0,L. Digne,37,unique exact club-code/name alias from PL; retrospective identity only
25-26-europa-league-aston-villa-vs-fenerbahçe,7.0,L. Bogarde,44,unique exact club-code/name alias from PL; retrospective identity only
25-26-europa-league-aston-villa-vs-fenerbahçe,7.0,Y. Tielemans,48,unique exact club-code/name alias from PL; retrospective identity only
25-26-europa-league-aston-villa-vs-fenerbahçe,7.0,J. Sancho,456,unique exact club-code/name alias from PL; retrospective identity only
25-26-europa-league-aston-villa-vs-fenerbahçe,7.0,M. Rogers,47,unique exact club-code/name alias from PL; retrospective identity only
25-26-europa-league-aston-villa-vs-fenerbahçe,7.0,E. Buendía,50,unique exact club-code/name alias from PL; retrospective identity only
25-26-europa-league-aston-villa-vs-fenerbahçe,7.0,O. Watkins,64,unique exact club-code/name alias from PL; retrospective identity only
25-26-europa-league-aston-villa-vs-fenerbahçe,7.0,I. Maatsen,39,unique exact club-code/name alias from PL; retrospective identity only
25-26-europa-league-aston-villa-vs-fenerbahçe,7.0,A. Onana,59,unique exact club-code/name alias from PL; retrospective identity only
25-26-europa-league-aston-villa-vs-fenerbahçe,7.0,E. Guessand,677,unique exact club-code/name alias from PL; retrospective identity only
25-26-europa-league-aston-villa-vs-fenerbahçe,7.0,G. Hemmings,754,unique exact club-code/name alias from PL; retrospective identity only
25-26-europa-league-aston-villa-vs-fenerbahçe,7.0,S. Proctor,703,unique exact club-code/name alias from PL; retrospective identity only
25-26-europa-league-aston-villa-vs-fenerbahçe,7.0,J. Wright,688,unique exact club-code/name alias from PL; retrospective identity only
25-26-europa-league-aston-villa-vs-fenerbahçe,7.0,E. Konsa,38,unique exact club-code/name alias from PL; retrospective identity only
25-26-europa-league-aston-villa-vs-fenerbahçe,7.0,P. Torres,41,unique exact club-code/name alias from PL; retrospective identity only
25-26-europa-league-aston-villa-vs-fenerbahçe,7.0,J. Jimoh,62,unique exact club-code/name alias from PL; retrospective identity only
25-26-europa-league-nottingham-forest-vs-braga,17.0,M. Sels,502,unique exact club-code/name alias from PL; retrospective identity only
25-26-europa-league-nottingham-forest-vs-braga,17.0,N. Savona,716,unique exact club-code/name alias from PL; retrospective identity only
25-26-europa-league-nottingham-forest-vs-braga,17.0,N. Milenković,505,unique exact club-code/name alias from PL; retrospective identity only
25-26-europa-league-nottingham-forest-vs-braga,17.0,F. Morato,511,unique exact club-code/name alias from PL; retrospective identity only
25-26-europa-league-nottingham-forest-vs-braga,17.0,O. Aina,507,unique exact club-code/name alias from PL; retrospective identity only
25-26-europa-league-nottingham-forest-vs-braga,17.0,J. McAtee,426,unique exact club-code/name alias from PL; retrospective identity only
25-26-europa-league-nottingham-forest-vs-braga,17.0,D. Luiz,699,unique exact club-code/name alias from PL; retrospective identity only
25-26-europa-league-nottingham-forest-vs-braga,17.0,R. Yates,522,unique exact club-code/name alias from PL; retrospective identity only
25-26-europa-league-nottingham-forest-vs-braga,17.0,D. Bakwa,734,unique exact club-code/name alias from PL; retrospective identity only
25-26-europa-league-nottingham-forest-vs-braga,17.0,M. Gibbs-White,515,unique exact club-code/name alias from PL; retrospective identity only
25-26-europa-league-nottingham-forest-vs-braga,17.0,D. Ndoye,669,unique exact club-code/name alias from PL; retrospective identity only
25-26-europa-league-nottingham-forest-vs-braga,17.0,C. Hudson-Odoi,516,unique exact club-code/name alias from PL; retrospective identity only
25-26-europa-league-nottingham-forest-vs-braga,17.0,E. Anderson,517,unique exact club-code/name alias from PL; retrospective identity only
25-26-europa-league-nottingham-forest-vs-braga,17.0,N. Domínguez,519,unique exact club-code/name alias from PL; retrospective identity only
25-26-europa-league-nottingham-forest-vs-braga,17.0,I. Sangaré,521,unique exact club-code/name alias from PL; retrospective identity only
25-26-europa-league-nottingham-forest-vs-braga,17.0,Z. Abbott,513,unique exact club-code/name alias from PL; retrospective identity only
25-26-europa-league-nottingham-forest-vs-braga,17.0,A. Gunn,675,unique exact club-code/name alias from PL; retrospective identity only
25-26-europa-league-nottingham-forest-vs-braga,17.0,J. Sinclair,836,unique exact club-code/name alias from PL; retrospective identity only
25-26-europa-league-nottingham-forest-vs-braga,17.0,A. Whitehall,835,unique exact club-code/name alias from PL; retrospective identity only
25-26-champions-league-chelsea-vs-napoli,8.0,R. Sánchez,220,unique exact club-code/name alias from PL; retrospective identity only
25-26-champions-league-chelsea-vs-napoli,8.0,M. Gusto,228,unique exact club-code/name alias from PL; retrospective identity only
25-26-champions-league-chelsea-vs-napoli,8.0,R. James,225,unique exact club-code/name alias from PL; retrospective identity only
25-26-champions-league-chelsea-vs-napoli,8.0,W. Fofana,230,unique exact club-code/name alias from PL; retrospective identity only
25-26-champions-league-chelsea-vs-napoli,8.0,M. Cucurella,224,unique exact club-code/name alias from PL; retrospective identity only
25-26-champions-league-chelsea-vs-napoli,8.0,A. Santos,246,unique exact club-code/name alias from PL; retrospective identity only
25-26-champions-league-chelsea-vs-napoli,8.0,M. Caicedo,241,unique exact club-code/name alias from PL; retrospective identity only
25-26-champions-league-chelsea-vs-napoli,8.0,E. Fernández,237,unique exact club-code/name alias from PL; retrospective identity only
25-26-champions-league-chelsea-vs-napoli,8.0,P. Neto,236,unique exact club-code/name alias from PL; retrospective identity only
25-26-champions-league-chelsea-vs-napoli,8.0,J. Pedro,249,unique exact club-code/name alias from PL; retrospective identity only
25-26-champions-league-chelsea-vs-napoli,8.0,C. Palmer,235,unique exact club-code/name alias from PL; retrospective identity only
25-26-champions-league-chelsea-vs-napoli,8.0,J. Gittens,239,unique exact club-code/name alias from PL; retrospective identity only
25-26-champions-league-chelsea-vs-napoli,8.0,T. Chalobah,226,unique exact club-code/name alias from PL; retrospective identity only
25-26-champions-league-chelsea-vs-napoli,8.0,A. Garnacho,453,unique exact club-code/name alias from PL; retrospective identity only
25-26-champions-league-chelsea-vs-napoli,8.0,F. Jørgensen,221,unique exact club-code/name alias from PL; retrospective identity only
25-26-champions-league-chelsea-vs-napoli,8.0,L. Delap,250,unique exact club-code/name alias from PL; retrospective identity only
25-26-champions-league-chelsea-vs-napoli,8.0,J. Hato,672,unique exact club-code/name alias from PL; retrospective identity only
25-26-champions-league-chelsea-vs-napoli,8.0,T. George,243,unique exact club-code/name alias from PL; retrospective identity only
25-26-champions-league-chelsea-vs-napoli,8.0,J. Acheampong,233,unique exact club-code/name alias from PL; retrospective identity only
25-26-champions-league-chelsea-vs-napoli,8.0,M. Guiu,252,unique exact club-code/name alias from PL; retrospective identity only
25-26-champions-league-chelsea-vs-napoli,8.0,M. Merrick,789,unique exact club-code/name alias from PL; retrospective identity only
25-26-champions-league-galatasaray-vs-manchester-city,43.0,G. Donnarumma,736,unique exact club-code/name alias from PL; retrospective identity only
25-26-champions-league-galatasaray-vs-manchester-city,43.0,M. Nunes,407,unique exact club-code/name alias from PL; retrospective identity only
25-26-champions-league-galatasaray-vs-manchester-city,43.0,A. Khusanov,406,unique exact club-code/name alias from PL; retrospective identity only
25-26-champions-league-galatasaray-vs-manchester-city,43.0,N. Aké,405,unique exact club-code/name alias from PL; retrospective identity only
25-26-champions-league-galatasaray-vs-manchester-city,43.0,R. Aït-Nouri,402,unique exact club-code/name alias from PL; retrospective identity only
25-26-champions-league-galatasaray-vs-manchester-city,43.0,B. Silva,416,unique exact club-code/name alias from PL; retrospective identity only
25-26-champions-league-galatasaray-vs-manchester-city,43.0,N. O’Reilly,411,unique exact club-code/name alias from PL; retrospective identity only
25-26-champions-league-galatasaray-vs-manchester-city,43.0,R. Cherki,417,unique exact club-code/name alias from PL; retrospective identity only
25-26-champions-league-galatasaray-vs-manchester-city,43.0,O. Marmoush,413,unique exact club-code/name alias from PL; retrospective identity only
25-26-champions-league-galatasaray-vs-manchester-city,43.0,J. Doku,418,unique exact club-code/name alias from PL; retrospective identity only
25-26-champions-league-galatasaray-vs-manchester-city,43.0,E. Haaland,430,unique exact club-code/name alias from PL; retrospective identity only
25-26-champions-league-galatasaray-vs-manchester-city,43.0,P. Foden,414,unique exact club-code/name alias from PL; retrospective identity only
25-26-champions-league-galatasaray-vs-manchester-city,43.0,T. Reijnders,427,unique exact club-code/name alias from PL; retrospective identity only
25-26-champions-league-galatasaray-vs-manchester-city,43.0,R. Lewis,410,unique exact club-code/name alias from PL; retrospective identity only
25-26-champions-league-galatasaray-vs-manchester-city,43.0,M. Alleyne,794,unique exact club-code/name alias from PL; retrospective identity only
25-26-champions-league-galatasaray-vs-manchester-city,43.0,C. Gray,763,unique exact club-code/name alias from PL; retrospective identity only
25-26-champions-league-galatasaray-vs-manchester-city,43.0,J. Trafford,182,unique exact club-code/name alias from PL; retrospective identity only
25-26-champions-league-galatasaray-vs-manchester-city,43.0,S. Mfuni,740,unique exact club-code/name alias from PL; retrospective identity only
25-26-champions-league-galatasaray-vs-manchester-city,43.0,D. Mukasa,739,unique exact club-code/name alias from PL; retrospective identity only
25-26-champions-league-galatasaray-vs-manchester-city,43.0,M. Bettinelli,401,unique exact club-code/name alias from PL; retrospective identity only
25-26-champions-league-kairat-almaty-vs-arsenal,3.0,K. Arrizabalaga,2,unique exact club-code/name alias from PL; retrospective identity only
25-26-champions-league-kairat-almaty-vs-arsenal,3.0,B. White,11,unique exact club-code/name alias from PL; retrospective identity only
25-26-champions-league-kairat-almaty-vs-arsenal,3.0,C. Mosquera,662,unique exact club-code/name alias from PL; retrospective identity only
25-26-champions-league-kairat-almaty-vs-arsenal,3.0,R. Calafiori,7,unique exact club-code/name alias from PL; retrospective identity only
25-26-champions-league-kairat-almaty-vs-arsenal,3.0,M. Lewis-Skelly,10,unique exact club-code/name alias from PL; retrospective identity only
25-26-champions-league-kairat-almaty-vs-arsenal,3.0,K. Havertz,30,unique exact club-code/name alias from PL; retrospective identity only
25-26-champions-league-kairat-almaty-vs-arsenal,3.0,C. Nørgaard,24,unique exact club-code/name alias from PL; retrospective identity only
25-26-champions-league-kairat-almaty-vs-arsenal,3.0,E. Eze,266,unique exact club-code/name alias from PL; retrospective identity only
25-26-champions-league-kairat-almaty-vs-arsenal,3.0,N. Madueke,18,unique exact club-code/name alias from PL; retrospective identity only
25-26-champions-league-kairat-almaty-vs-arsenal,3.0,V. Gyökeres,666,unique exact club-code/name alias from PL; retrospective identity only
25-26-champions-league-kairat-almaty-vs-arsenal,3.0,G. Martinelli,19,unique exact club-code/name alias from PL; retrospective identity only
25-26-champions-league-kairat-almaty-vs-arsenal,3.0,P. Hincapié,725,unique exact club-code/name alias from PL; retrospective identity only
25-26-champions-league-kairat-almaty-vs-arsenal,3.0,M. Ødegaard,17,unique exact club-code/name alias from PL; retrospective identity only
25-26-champions-league-kairat-almaty-vs-arsenal,3.0,T. Setford,4,unique exact club-code/name alias from PL; retrospective identity only
25-26-champions-league-kairat-almaty-vs-arsenal,3.0,M. Salmon,759,unique exact club-code/name alias from PL; retrospective identity only
25-26-champions-league-kairat-almaty-vs-arsenal,3.0,B. Saka,16,unique exact club-code/name alias from PL; retrospective identity only
25-26-champions-league-kairat-almaty-vs-arsenal,3.0,L. Trossard,20,unique exact club-code/name alias from PL; retrospective identity only
25-26-champions-league-kairat-almaty-vs-arsenal,3.0,M. Zubimendi,26,unique exact club-code/name alias from PL; retrospective identity only
25-26-champions-league-newcastle-united-vs-paris-saint-germain,4.0,N. Pope,469,unique exact club-code/name alias from PL; retrospective identity only
25-26-champions-league-newcastle-united-vs-paris-saint-germain,4.0,M. Thiaw,684,unique exact club-code/name alias from PL; retrospective identity only
25-26-champions-league-newcastle-united-vs-paris-saint-germain,4.0,S. Botman,475,unique exact club-code/name alias from PL; retrospective identity only
25-26-champions-league-newcastle-united-vs-paris-saint-germain,4.0,D. Burn,476,unique exact club-code/name alias from PL; retrospective identity only
25-26-champions-league-newcastle-united-vs-paris-saint-germain,4.0,S. Tonali,491,unique exact club-code/name alias from PL; retrospective identity only
25-26-champions-league-newcastle-united-vs-paris-saint-germain,4.0,L. Hall,473,unique exact club-code/name alias from PL; retrospective identity only
25-26-champions-league-newcastle-united-vs-paris-saint-germain,4.0,A. Elanga,486,unique exact club-code/name alias from PL; retrospective identity only
25-26-champions-league-newcastle-united-vs-paris-saint-germain,4.0,J. Willock,494,unique exact club-code/name alias from PL; retrospective identity only
25-26-champions-league-newcastle-united-vs-paris-saint-germain,4.0,N. Woltemade,714,unique exact club-code/name alias from PL; retrospective identity only
25-26-champions-league-newcastle-united-vs-paris-saint-germain,4.0,A. Gordon,485,unique exact club-code/name alias from PL; retrospective identity only
25-26-champions-league-newcastle-united-vs-paris-saint-germain,4.0,H. Barnes,487,unique exact club-code/name alias from PL; retrospective identity only
25-26-champions-league-newcastle-united-vs-paris-saint-germain,4.0,Y. Wissa,135,unique exact club-code/name alias from PL; retrospective identity only
25-26-champions-league-newcastle-united-vs-paris-saint-germain,4.0,A. Ramsdale,674,unique exact club-code/name alias from PL; retrospective identity only
25-26-champions-league-newcastle-united-vs-paris-saint-germain,4.0,L. Shahar,765,unique exact club-code/name alias from PL; retrospective identity only
25-26-champions-league-newcastle-united-vs-paris-saint-germain,4.0,K. Trippier,478,unique exact club-code/name alias from PL; retrospective identity only
25-26-champions-league-newcastle-united-vs-paris-saint-germain,4.0,B. Guimarães,488,unique exact club-code/name alias from PL; retrospective identity only
25-26-champions-league-newcastle-united-vs-paris-saint-germain,4.0,W. Osula,500,unique exact club-code/name alias from PL; retrospective identity only
25-26-champions-league-qarabag-fk-vs-liverpool,14.0,Alisson,366,unique exact club-code/name alias from PL; retrospective identity only
25-26-champions-league-qarabag-fk-vs-liverpool,14.0,J. Frimpong,370,unique exact club-code/name alias from PL; retrospective identity only
25-26-champions-league-qarabag-fk-vs-liverpool,14.0,R. Gravenberch,390,unique exact club-code/name alias from PL; retrospective identity only
25-26-champions-league-qarabag-fk-vs-liverpool,14.0,V. van Dijk,373,unique exact club-code/name alias from PL; retrospective identity only
25-26-champions-league-qarabag-fk-vs-liverpool,14.0,A. Robertson,372,unique exact club-code/name alias from PL; retrospective identity only
25-26-champions-league-qarabag-fk-vs-liverpool,14.0,D. Szoboszlai,387,unique exact club-code/name alias from PL; retrospective identity only
25-26-champions-league-qarabag-fk-vs-liverpool,14.0,A. Mac Allister,386,unique exact club-code/name alias from PL; retrospective identity only
25-26-champions-league-qarabag-fk-vs-liverpool,14.0,F. Wirtz,382,unique exact club-code/name alias from PL; retrospective identity only
25-26-champions-league-qarabag-fk-vs-liverpool,14.0,C. Gakpo,384,unique exact club-code/name alias from PL; retrospective identity only
25-26-champions-league-qarabag-fk-vs-liverpool,14.0,H. Ekitiké,661,unique exact club-code/name alias from PL; retrospective identity only
25-26-champions-league-qarabag-fk-vs-liverpool,14.0,W. Endo,392,unique exact club-code/name alias from PL; retrospective identity only
25-26-champions-league-qarabag-fk-vs-liverpool,14.0,T. Nyoni,396,unique exact club-code/name alias from PL; retrospective identity only
25-26-champions-league-qarabag-fk-vs-liverpool,14.0,R. Ngumoha,686,unique exact club-code/name alias from PL; retrospective identity only
25-26-champions-league-qarabag-fk-vs-liverpool,14.0,F. Chiesa,385,unique exact club-code/name alias from PL; retrospective identity only
25-26-champions-league-qarabag-fk-vs-liverpool,14.0,A. Nallo,378,unique exact club-code/name alias from PL; retrospective identity only
25-26-champions-league-qarabag-fk-vs-liverpool,14.0,G. Mamardashvili,367,unique exact club-code/name alias from PL; retrospective identity only
25-26-champions-league-qarabag-fk-vs-liverpool,14.0,F. Woodman,369,unique exact club-code/name alias from PL; retrospective identity only
25-26-champions-league-qarabag-fk-vs-liverpool,14.0,M. Kerkez,371,unique exact club-code/name alias from PL; retrospective identity only
25-26-champions-league-qarabag-fk-vs-liverpool,14.0,K. Morrison,746,unique exact club-code/name alias from PL; retrospective identity only
25-26-champions-league-tottenham-hotspur-vs-eintracht-frankfurt,6.0,G. Vicario,565,unique exact club-code/name alias from PL; retrospective identity only
25-26-champions-league-tottenham-hotspur-vs-eintracht-frankfurt,6.0,C. Romero,569,unique exact club-code/name alias from PL; retrospective identity only
25-26-champions-league-tottenham-hotspur-vs-eintracht-frankfurt,6.0,K. Danso,570,unique exact club-code/name alias from PL; retrospective identity only
25-26-champions-league-tottenham-hotspur-vs-eintracht-frankfurt,6.0,D. Spence,573,unique exact club-code/name alias from PL; retrospective identity only
25-26-champions-league-tottenham-hotspur-vs-eintracht-frankfurt,6.0,A. Gray,591,unique exact club-code/name alias from PL; retrospective identity only
25-26-champions-league-tottenham-hotspur-vs-eintracht-frankfurt,6.0,D. Udogie,574,unique exact club-code/name alias from PL; retrospective identity only
25-26-champions-league-tottenham-hotspur-vs-eintracht-frankfurt,6.0,W. Odobert,588,unique exact club-code/name alias from PL; retrospective identity only
25-26-champions-league-tottenham-hotspur-vs-eintracht-frankfurt,6.0,R. K. Muani,726,unique exact club-code/name alias from PL; retrospective identity only
25-26-champions-league-tottenham-hotspur-vs-eintracht-frankfurt,6.0,X. Simons,717,unique exact club-code/name alias from PL; retrospective identity only
25-26-champions-league-tottenham-hotspur-vs-eintracht-frankfurt,6.0,D. Solanke,596,unique exact club-code/name alias from PL; retrospective identity only
25-26-champions-league-tottenham-hotspur-vs-eintracht-frankfurt,6.0,D. Scarlett,599,unique exact club-code/name alias from PL; retrospective identity only
25-26-champions-league-tottenham-hotspur-vs-eintracht-frankfurt,6.0,J. Byfield,745,unique exact club-code/name alias from PL; retrospective identity only
25-26-champions-league-tottenham-hotspur-vs-eintracht-frankfurt,6.0,A. Kinský,567,unique exact club-code/name alias from PL; retrospective identity only
25-26-champions-league-tottenham-hotspur-vs-eintracht-frankfurt,6.0,B. Austin,566,unique exact club-code/name alias from PL; retrospective identity only
25-26-champions-league-tottenham-hotspur-vs-eintracht-frankfurt,6.0,C. Olusesi,595,unique exact club-code/name alias from PL; retrospective identity only
25-26-champions-league-tottenham-hotspur-vs-eintracht-frankfurt,6.0,J. Rowswell,750,unique exact club-code/name alias from PL; retrospective identity only
25-26-champions-league-tottenham-hotspur-vs-eintracht-frankfurt,6.0,R. Kyerematen,811,unique exact club-code/name alias from PL; retrospective identity only
25-26-europa-league-ferencvaros-vs-nottingham-forest,17.0,M. Sels,502,unique exact club-code/name alias from PL; retrospective identity only
25-26-europa-league-ferencvaros-vs-nottingham-forest,17.0,Z. Abbott,513,unique exact club-code/name alias from PL; retrospective identity only
25-26-europa-league-ferencvaros-vs-nottingham-forest,17.0,N. Milenković,505,unique exact club-code/name alias from PL; retrospective identity only
25-26-europa-league-ferencvaros-vs-nottingham-forest,17.0,F. Morato,511,unique exact club-code/name alias from PL; retrospective identity only
25-26-europa-league-ferencvaros-vs-nottingham-forest,17.0,R. Yates,522,unique exact club-code/name alias from PL; retrospective identity only
25-26-europa-league-ferencvaros-vs-nottingham-forest,17.0,I. Sangaré,521,unique exact club-code/name alias from PL; retrospective identity only
25-26-europa-league-ferencvaros-vs-nottingham-forest,17.0,J. McAtee,426,unique exact club-code/name alias from PL; retrospective identity only
25-26-europa-league-ferencvaros-vs-nottingham-forest,17.0,N. Domínguez,519,unique exact club-code/name alias from PL; retrospective identity only
25-26-europa-league-ferencvaros-vs-nottingham-forest,17.0,D. Ndoye,669,unique exact club-code/name alias from PL; retrospective identity only
25-26-europa-league-ferencvaros-vs-nottingham-forest,17.0,I. Jesus,526,unique exact club-code/name alias from PL; retrospective identity only
25-26-europa-league-ferencvaros-vs-nottingham-forest,17.0,M. Gibbs-White,515,unique exact club-code/name alias from PL; retrospective identity only
25-26-europa-league-ferencvaros-vs-nottingham-forest,17.0,C. Hudson-Odoi,516,unique exact club-code/name alias from PL; retrospective identity only
25-26-europa-league-ferencvaros-vs-nottingham-forest,17.0,O. Aina,507,unique exact club-code/name alias from PL; retrospective identity only
25-26-europa-league-ferencvaros-vs-nottingham-forest,17.0,D. Bakwa,734,unique exact club-code/name alias from PL; retrospective identity only
25-26-europa-league-ferencvaros-vs-nottingham-forest,17.0,J. Sinclair,836,unique exact club-code/name alias from PL; retrospective identity only
25-26-europa-league-ferencvaros-vs-nottingham-forest,17.0,A. Whitehall,835,unique exact club-code/name alias from PL; retrospective identity only
25-26-europa-league-ferencvaros-vs-nottingham-forest,17.0,A. Gunn,675,unique exact club-code/name alias from PL; retrospective identity only
25-26-europa-league-salzburg-vs-aston-villa,7.0,E. Martínez,32,unique exact club-code/name alias from PL; retrospective identity only
25-26-europa-league-salzburg-vs-aston-villa,7.0,L. Bogarde,44,unique exact club-code/name alias from PL; retrospective identity only
25-26-europa-league-salzburg-vs-aston-villa,7.0,V. Lindelöf,719,unique exact club-code/name alias from PL; retrospective identity only
25-26-europa-league-salzburg-vs-aston-villa,7.0,T. Mings,40,unique exact club-code/name alias from PL; retrospective identity only
25-26-europa-league-salzburg-vs-aston-villa,7.0,L. Digne,37,unique exact club-code/name alias from PL; retrospective identity only
25-26-europa-league-salzburg-vs-aston-villa,7.0,A. Onana,59,unique exact club-code/name alias from PL; retrospective identity only
25-26-europa-league-salzburg-vs-aston-villa,7.0,G. Hemmings,754,unique exact club-code/name alias from PL; retrospective identity only
25-26-europa-league-salzburg-vs-aston-villa,7.0,J. Sancho,456,unique exact club-code/name alias from PL; retrospective identity only
25-26-europa-league-salzburg-vs-aston-villa,7.0,H. Elliott,389,unique exact club-code/name alias from PL; retrospective identity only
25-26-europa-league-salzburg-vs-aston-villa,7.0,E. Buendía,50,unique exact club-code/name alias from PL; retrospective identity only
25-26-europa-league-salzburg-vs-aston-villa,7.0,O. Watkins,64,unique exact club-code/name alias from PL; retrospective identity only
25-26-europa-league-salzburg-vs-aston-villa,7.0,M. Rogers,47,unique exact club-code/name alias from PL; retrospective identity only
25-26-europa-league-salzburg-vs-aston-villa,7.0,M. Cash,36,unique exact club-code/name alias from PL; retrospective identity only
25-26-europa-league-salzburg-vs-aston-villa,7.0,J. Jimoh,62,unique exact club-code/name alias from PL; retrospective identity only
25-26-europa-league-salzburg-vs-aston-villa,7.0,E. Konsa,38,unique exact club-code/name alias from PL; retrospective identity only
25-26-europa-league-salzburg-vs-aston-villa,7.0,J. Wright,688,unique exact club-code/name alias from PL; retrospective identity only
25-26-europa-league-salzburg-vs-aston-villa,7.0,P. Torres,41,unique exact club-code/name alias from PL; retrospective identity only
25-26-europa-league-salzburg-vs-aston-villa,7.0,I. Maatsen,39,unique exact club-code/name alias from PL; retrospective identity only
25-26-efl-cup-chelsea-vs-arsenal,3.0,K. Arrizabalaga,2,unique exact club-code/name alias from PL; retrospective identity only
25-26-efl-cup-chelsea-vs-arsenal,3.0,G. Magalhaes,5,unique exact club-code/name alias from PL; retrospective identity only
25-26-efl-cup-chelsea-vs-arsenal,3.0,M. Zubimendi,26,unique exact club-code/name alias from PL; retrospective identity only
25-26-efl-cup-chelsea-vs-arsenal,3.0,G. Martinelli,19,unique exact club-code/name alias from PL; retrospective identity only
25-26-efl-cup-chelsea-vs-arsenal,3.0,D. Raya,1,unique exact club-code/name alias from PL; retrospective identity only
25-26-efl-cup-chelsea-vs-arsenal,3.0,B. White,11,unique exact club-code/name alias from PL; retrospective identity only
25-26-efl-cup-chelsea-vs-arsenal,8.0,R. Sánchez,220,unique exact club-code/name alias from PL; retrospective identity only
25-26-efl-cup-chelsea-vs-arsenal,8.0,M. Caicedo,241,unique exact club-code/name alias from PL; retrospective identity only
25-26-efl-cup-chelsea-vs-arsenal,8.0,A. Santos,246,unique exact club-code/name alias from PL; retrospective identity only
25-26-efl-cup-chelsea-vs-arsenal,8.0,M. Cucurella,224,unique exact club-code/name alias from PL; retrospective identity only
25-26-efl-cup-chelsea-vs-arsenal,8.0,J. Pedro,249,unique exact club-code/name alias from PL; retrospective identity only
25-26-efl-cup-chelsea-vs-arsenal,8.0,A. Garnacho,453,unique exact club-code/name alias from PL; retrospective identity only
25-26-efl-cup-chelsea-vs-arsenal,8.0,M. Guiu,252,unique exact club-code/name alias from PL; retrospective identity only
25-26-efl-cup-chelsea-vs-arsenal,8.0,S. Mheuka,840,unique exact club-code/name alias from PL; retrospective identity only
25-26-efl-cup-newcastle-united-vs-manchester-city,43.0,Rodri,421,unique exact club-code/name alias from PL; retrospective identity only
25-26-efl-cup-newcastle-united-vs-manchester-city,43.0,R. Dias,408,unique exact club-code/name alias from PL; retrospective identity only
25-26-efl-cup-brighton-hove-albion-vs-oxford-united,36.0,I. Júlio,149,unique exact club-code/name alias from PL; retrospective identity only
25-26-efl-cup-brighton-hove-albion-vs-oxford-united,36.0,D. Gómez,169,unique exact club-code/name alias from PL; retrospective identity only
25-26-efl-cup-derby-county-vs-burnley,90.0,L. Pires,195,unique exact club-code/name alias from PL; retrospective identity only
25-26-efl-cup-derby-county-vs-burnley,90.0,M. Trésor,214,unique exact club-code/name alias from PL; retrospective identity only
25-26-efl-cup-huddersfield-town-vs-sunderland,56.0,M. Guiu,252,unique exact club-code/name alias from PL; retrospective identity only
25-26-efl-cup-huddersfield-town-vs-sunderland,56.0,J. Whittaker,821,unique exact club-code/name alias from PL; retrospective identity only
25-26-efl-cup-leeds-united-vs-sheffield-wednesday,2.0,L. Perri,665,unique exact club-code/name alias from PL; retrospective identity only
25-26-efl-cup-manchester-united-vs-grimsby-town,1.0,D. Dalot,440,unique exact club-code/name alias from PL; retrospective identity only
25-26-efl-cup-manchester-united-vs-grimsby-town,1.0,M. Ugarte,459,unique exact club-code/name alias from PL; retrospective identity only
25-26-efl-cup-manchester-united-vs-grimsby-town,1.0,M. Cunha,450,unique exact club-code/name alias from PL; retrospective identity only
25-26-efl-cup-mansfield-town-vs-everton,11.0,V. Mykolenko,292,unique exact club-code/name alias from PL; retrospective identity only
25-26-efl-cup-mansfield-town-vs-everton,11.0,C. Alcaraz,301,unique exact club-code/name alias from PL; retrospective identity only
25-26-efl-cup-west-ham-united-vs-wolverhampton-wanderers,39.0,Y. Mosquera,634,unique exact club-code/name alias from PL; retrospective identity only
25-26-efl-cup-west-ham-united-vs-wolverhampton-wanderers,39.0,F. López,645,unique exact club-code/name alias from PL; retrospective identity only
25-26-efl-cup-west-ham-united-vs-wolverhampton-wanderers,21.0,M. Kilman,605,unique exact club-code/name alias from PL; retrospective identity only
25-26-efl-cup-west-ham-united-vs-wolverhampton-wanderers,21.0,O. Scarles,608,unique exact club-code/name alias from PL; retrospective identity only
25-26-champions-league-barcelona-vs-newcastle-united,4.0,N. Pope,469,unique exact club-code/name alias from PL; retrospective identity only
25-26-champions-league-barcelona-vs-newcastle-united,4.0,K. Trippier,478,unique exact club-code/name alias from PL; retrospective identity only
25-26-champions-league-barcelona-vs-newcastle-united,4.0,F. Schär,474,unique exact club-code/name alias from PL; retrospective identity only
25-26-champions-league-barcelona-vs-newcastle-united,4.0,D. Burn,476,unique exact club-code/name alias from PL; retrospective identity only
25-26-champions-league-barcelona-vs-newcastle-united,4.0,V. Livramento,477,unique exact club-code/name alias from PL; retrospective identity only
25-26-champions-league-barcelona-vs-newcastle-united,4.0,B. Guimarães,488,unique exact club-code/name alias from PL; retrospective identity only
25-26-champions-league-barcelona-vs-newcastle-united,4.0,S. Tonali,491,unique exact club-code/name alias from PL; retrospective identity only
25-26-champions-league-barcelona-vs-newcastle-united,4.0,A. Elanga,486,unique exact club-code/name alias from PL; retrospective identity only
25-26-champions-league-barcelona-vs-newcastle-united,4.0,A. Gordon,485,unique exact club-code/name alias from PL; retrospective identity only
25-26-champions-league-barcelona-vs-newcastle-united,4.0,H. Barnes,487,unique exact club-code/name alias from PL; retrospective identity only
25-26-champions-league-barcelona-vs-newcastle-united,4.0,N. Woltemade,714,unique exact club-code/name alias from PL; retrospective identity only
25-26-champions-league-barcelona-vs-newcastle-united,4.0,J. Willock,494,unique exact club-code/name alias from PL; retrospective identity only
25-26-champions-league-barcelona-vs-newcastle-united,4.0,M. Thiaw,684,unique exact club-code/name alias from PL; retrospective identity only
25-26-champions-league-barcelona-vs-newcastle-united,4.0,S. Botman,475,unique exact club-code/name alias from PL; retrospective identity only
25-26-champions-league-barcelona-vs-newcastle-united,4.0,A. Ramsdale,674,unique exact club-code/name alias from PL; retrospective identity only
25-26-champions-league-barcelona-vs-newcastle-united,4.0,L. Hall,473,unique exact club-code/name alias from PL; retrospective identity only
25-26-champions-league-barcelona-vs-newcastle-united,4.0,W. Osula,500,unique exact club-code/name alias from PL; retrospective identity only
25-26-champions-league-barcelona-vs-newcastle-united,4.0,E. Krafth,479,unique exact club-code/name alias from PL; retrospective identity only
25-26-champions-league-liverpool-vs-galatasaray,14.0,Alisson,366,unique exact club-code/name alias from PL; retrospective identity only
25-26-champions-league-liverpool-vs-galatasaray,14.0,D. Szoboszlai,387,unique exact club-code/name alias from PL; retrospective identity only
25-26-champions-league-liverpool-vs-galatasaray,14.0,I. Konaté,374,unique exact club-code/name alias from PL; retrospective identity only
25-26-champions-league-liverpool-vs-galatasaray,14.0,V. van Dijk,373,unique exact club-code/name alias from PL; retrospective identity only
25-26-champions-league-liverpool-vs-galatasaray,14.0,M. Kerkez,371,unique exact club-code/name alias from PL; retrospective identity only
25-26-champions-league-liverpool-vs-galatasaray,14.0,R. Gravenberch,390,unique exact club-code/name alias from PL; retrospective identity only
25-26-champions-league-liverpool-vs-galatasaray,14.0,J. Frimpong,370,unique exact club-code/name alias from PL; retrospective identity only
25-26-champions-league-liverpool-vs-galatasaray,14.0,F. Wirtz,382,unique exact club-code/name alias from PL; retrospective identity only
25-26-champions-league-liverpool-vs-galatasaray,14.0,C. Gakpo,384,unique exact club-code/name alias from PL; retrospective identity only
25-26-champions-league-liverpool-vs-galatasaray,14.0,H. Ekitiké,661,unique exact club-code/name alias from PL; retrospective identity only
25-26-champions-league-liverpool-vs-galatasaray,14.0,G. Mamardashvili,367,unique exact club-code/name alias from PL; retrospective identity only
25-26-champions-league-liverpool-vs-galatasaray,14.0,A. Isak,499,unique exact club-code/name alias from PL; retrospective identity only
25-26-champions-league-liverpool-vs-galatasaray,14.0,C. Bradley,375,unique exact club-code/name alias from PL; retrospective identity only
25-26-champions-league-liverpool-vs-galatasaray,14.0,A. Mac Allister,386,unique exact club-code/name alias from PL; retrospective identity only
25-26-champions-league-liverpool-vs-galatasaray,14.0,F. Woodman,369,unique exact club-code/name alias from PL; retrospective identity only
25-26-champions-league-liverpool-vs-galatasaray,14.0,W. Endo,392,unique exact club-code/name alias from PL; retrospective identity only
25-26-champions-league-liverpool-vs-galatasaray,14.0,A. Robertson,372,unique exact club-code/name alias from PL; retrospective identity only
25-26-champions-league-liverpool-vs-galatasaray,14.0,R. Ngumoha,686,unique exact club-code/name alias from PL; retrospective identity only
25-26-champions-league-liverpool-vs-galatasaray,14.0,J. Gomez,376,unique exact club-code/name alias from PL; retrospective identity only
25-26-champions-league-manchester-city-vs-real-madrid,43.0,G. Donnarumma,736,unique exact club-code/name alias from PL; retrospective identity only
25-26-champions-league-manchester-city-vs-real-madrid,43.0,M. Nunes,407,unique exact club-code/name alias from PL; retrospective identity only
25-26-champions-league-manchester-city-vs-real-madrid,43.0,R. Dias,408,unique exact club-code/name alias from PL; retrospective identity only
25-26-champions-league-manchester-city-vs-real-madrid,43.0,J. Gvardiol,403,unique exact club-code/name alias from PL; retrospective identity only
25-26-champions-league-manchester-city-vs-real-madrid,43.0,N. O’Reilly,411,unique exact club-code/name alias from PL; retrospective identity only
25-26-champions-league-manchester-city-vs-real-madrid,43.0,B. Silva,416,unique exact club-code/name alias from PL; retrospective identity only
25-26-champions-league-manchester-city-vs-real-madrid,43.0,P. Foden,414,unique exact club-code/name alias from PL; retrospective identity only
25-26-champions-league-manchester-city-vs-real-madrid,43.0,R. Cherki,417,unique exact club-code/name alias from PL; retrospective identity only
25-26-champions-league-manchester-city-vs-real-madrid,43.0,E. Haaland,430,unique exact club-code/name alias from PL; retrospective identity only
25-26-champions-league-manchester-city-vs-real-madrid,43.0,J. Doku,418,unique exact club-code/name alias from PL; retrospective identity only
25-26-champions-league-manchester-city-vs-real-madrid,43.0,T. Reijnders,427,unique exact club-code/name alias from PL; retrospective identity only
25-26-champions-league-manchester-city-vs-real-madrid,43.0,O. Marmoush,413,unique exact club-code/name alias from PL; retrospective identity only
25-26-champions-league-manchester-city-vs-real-madrid,43.0,N. Aké,405,unique exact club-code/name alias from PL; retrospective identity only
25-26-champions-league-manchester-city-vs-real-madrid,43.0,J. Trafford,182,unique exact club-code/name alias from PL; retrospective identity only
25-26-champions-league-manchester-city-vs-real-madrid,43.0,M. Bettinelli,401,unique exact club-code/name alias from PL; retrospective identity only
25-26-champions-league-manchester-city-vs-real-madrid,43.0,O. Bobb,424,unique exact club-code/name alias from PL; retrospective identity only
25-26-champions-league-manchester-city-vs-real-madrid,43.0,R. Lewis,410,unique exact club-code/name alias from PL; retrospective identity only
25-26-champions-league-manchester-city-vs-real-madrid,43.0,R. Aït-Nouri,402,unique exact club-code/name alias from PL; retrospective identity only
25-26-champions-league-manchester-city-vs-real-madrid,43.0,A. Khusanov,406,unique exact club-code/name alias from PL; retrospective identity only
25-26-europa-league-fc-midtjylland-vs-nottingham-forest,17.0,M. Sels,502,unique exact club-code/name alias from PL; retrospective identity only
25-26-europa-league-fc-midtjylland-vs-nottingham-forest,17.0,N. Milenković,505,unique exact club-code/name alias from PL; retrospective identity only
25-26-europa-league-fc-midtjylland-vs-nottingham-forest,17.0,F. Morato,511,unique exact club-code/name alias from PL; retrospective identity only
25-26-europa-league-fc-midtjylland-vs-nottingham-forest,17.0,D. Ndoye,669,unique exact club-code/name alias from PL; retrospective identity only
25-26-europa-league-fc-midtjylland-vs-nottingham-forest,17.0,E. Anderson,517,unique exact club-code/name alias from PL; retrospective identity only
25-26-europa-league-fc-midtjylland-vs-nottingham-forest,17.0,I. Sangaré,521,unique exact club-code/name alias from PL; retrospective identity only
25-26-europa-league-fc-midtjylland-vs-nottingham-forest,17.0,M. Gibbs-White,515,unique exact club-code/name alias from PL; retrospective identity only
25-26-europa-league-fc-midtjylland-vs-nottingham-forest,17.0,I. Jesus,526,unique exact club-code/name alias from PL; retrospective identity only
25-26-europa-league-fc-midtjylland-vs-nottingham-forest,17.0,C. Hudson-Odoi,516,unique exact club-code/name alias from PL; retrospective identity only
25-26-europa-league-fc-midtjylland-vs-nottingham-forest,17.0,N. Savona,716,unique exact club-code/name alias from PL; retrospective identity only
25-26-europa-league-fc-midtjylland-vs-nottingham-forest,17.0,C. Wood,525,unique exact club-code/name alias from PL; retrospective identity only
25-26-europa-league-fc-midtjylland-vs-nottingham-forest,17.0,A. Kalimuendo,696,unique exact club-code/name alias from PL; retrospective identity only
25-26-europa-league-fc-midtjylland-vs-nottingham-forest,17.0,N. Domínguez,519,unique exact club-code/name alias from PL; retrospective identity only
25-26-europa-league-fc-midtjylland-vs-nottingham-forest,17.0,J. McAtee,426,unique exact club-code/name alias from PL; retrospective identity only
25-26-europa-league-fc-midtjylland-vs-nottingham-forest,17.0,R. Yates,522,unique exact club-code/name alias from PL; retrospective identity only
25-26-europa-league-fc-midtjylland-vs-nottingham-forest,17.0,D. Bakwa,734,unique exact club-code/name alias from PL; retrospective identity only
25-26-europa-league-fc-midtjylland-vs-nottingham-forest,17.0,W. Boly,514,unique exact club-code/name alias from PL; retrospective identity only
25-26-europa-league-fc-midtjylland-vs-nottingham-forest,17.0,Z. Abbott,513,unique exact club-code/name alias from PL; retrospective identity only
25-26-champions-league-atletico-madrid-vs-arsenal,3.0,D. Raya,1,unique exact club-code/name alias from PL; retrospective identity only
25-26-champions-league-atletico-madrid-vs-arsenal,3.0,W. Saliba,6,unique exact club-code/name alias from PL; retrospective identity only
25-26-champions-league-atletico-madrid-vs-arsenal,3.0,M. Lewis-Skelly,10,unique exact club-code/name alias from PL; retrospective identity only
25-26-champions-league-atletico-madrid-vs-arsenal,3.0,E. Eze,266,unique exact club-code/name alias from PL; retrospective identity only
25-26-champions-league-atletico-madrid-vs-arsenal,3.0,M. Zubimendi,26,unique exact club-code/name alias from PL; retrospective identity only
25-26-champions-league-atletico-madrid-vs-arsenal,3.0,D. Rice,21,unique exact club-code/name alias from PL; retrospective identity only
25-26-champions-league-atletico-madrid-vs-arsenal,3.0,B. Saka,16,unique exact club-code/name alias from PL; retrospective identity only
25-26-champions-league-atletico-madrid-vs-arsenal,3.0,V. Gyökeres,666,unique exact club-code/name alias from PL; retrospective identity only
25-26-champions-league-atletico-madrid-vs-arsenal,3.0,G. Martinelli,19,unique exact club-code/name alias from PL; retrospective identity only
25-26-champions-league-atletico-madrid-vs-arsenal,3.0,C. Mosquera,662,unique exact club-code/name alias from PL; retrospective identity only
25-26-champions-league-atletico-madrid-vs-arsenal,3.0,C. Nørgaard,24,unique exact club-code/name alias from PL; retrospective identity only
25-26-champions-league-atletico-madrid-vs-arsenal,3.0,E. Nwaneri,25,unique exact club-code/name alias from PL; retrospective identity only
25-26-champions-league-atletico-madrid-vs-arsenal,3.0,B. White,11,unique exact club-code/name alias from PL; retrospective identity only
25-26-champions-league-atletico-madrid-vs-arsenal,3.0,M. Merino,22,unique exact club-code/name alias from PL; retrospective identity only
25-26-champions-league-atletico-madrid-vs-arsenal,3.0,K. Arrizabalaga,2,unique exact club-code/name alias from PL; retrospective identity only
25-26-champions-league-atletico-madrid-vs-arsenal,3.0,P. Hincapié,725,unique exact club-code/name alias from PL; retrospective identity only
25-26-champions-league-atletico-madrid-vs-arsenal,3.0,R. Calafiori,7,unique exact club-code/name alias from PL; retrospective identity only
25-26-champions-league-atletico-madrid-vs-arsenal,3.0,T. Setford,4,unique exact club-code/name alias from PL; retrospective identity only
25-26-champions-league-atletico-madrid-vs-arsenal,3.0,L. Trossard,20,unique exact club-code/name alias from PL; retrospective identity only
25-26-champions-league-arsenal-vs-athletic-club,3.0,D. Raya,1,unique exact club-code/name alias from PL; retrospective identity only
25-26-champions-league-arsenal-vs-athletic-club,3.0,C. Mosquera,662,unique exact club-code/name alias from PL; retrospective identity only
25-26-champions-league-arsenal-vs-athletic-club,3.0,R. Calafiori,7,unique exact club-code/name alias from PL; retrospective identity only
25-26-champions-league-arsenal-vs-athletic-club,3.0,M. Merino,22,unique exact club-code/name alias from PL; retrospective identity only
25-26-champions-league-arsenal-vs-athletic-club,3.0,M. Zubimendi,26,unique exact club-code/name alias from PL; retrospective identity only
25-26-champions-league-arsenal-vs-athletic-club,3.0,D. Rice,21,unique exact club-code/name alias from PL; retrospective identity only
25-26-champions-league-arsenal-vs-athletic-club,3.0,N. Madueke,18,unique exact club-code/name alias from PL; retrospective identity only
25-26-champions-league-arsenal-vs-athletic-club,3.0,V. Gyökeres,666,unique exact club-code/name alias from PL; retrospective identity only
25-26-champions-league-arsenal-vs-athletic-club,3.0,E. Eze,266,unique exact club-code/name alias from PL; retrospective identity only
25-26-champions-league-arsenal-vs-athletic-club,3.0,L. Trossard,20,unique exact club-code/name alias from PL; retrospective identity only
25-26-champions-league-arsenal-vs-athletic-club,3.0,G. Martinelli,19,unique exact club-code/name alias from PL; retrospective identity only
25-26-champions-league-arsenal-vs-athletic-club,3.0,P. Hincapié,725,unique exact club-code/name alias from PL; retrospective identity only
25-26-champions-league-arsenal-vs-athletic-club,3.0,C. Nørgaard,24,unique exact club-code/name alias from PL; retrospective identity only
25-26-champions-league-arsenal-vs-athletic-club,3.0,K. Arrizabalaga,2,unique exact club-code/name alias from PL; retrospective identity only
25-26-champions-league-arsenal-vs-athletic-club,3.0,W. Saliba,6,unique exact club-code/name alias from PL; retrospective identity only
25-26-champions-league-arsenal-vs-athletic-club,3.0,M. Lewis-Skelly,10,unique exact club-code/name alias from PL; retrospective identity only
25-26-champions-league-arsenal-vs-athletic-club,3.0,M. Dowman,700,unique exact club-code/name alias from PL; retrospective identity only
25-26-champions-league-arsenal-vs-athletic-club,3.0,E. Nwaneri,25,unique exact club-code/name alias from PL; retrospective identity only
25-26-champions-league-arsenal-vs-athletic-club,3.0,T. Setford,4,unique exact club-code/name alias from PL; retrospective identity only
25-26-champions-league-atletico-madrid-vs-liverpool,14.0,Alisson,366,unique exact club-code/name alias from PL; retrospective identity only
25-26-champions-league-atletico-madrid-vs-liverpool,14.0,J. Frimpong,370,unique exact club-code/name alias from PL; retrospective identity only
25-26-champions-league-atletico-madrid-vs-liverpool,14.0,I. Konaté,374,unique exact club-code/name alias from PL; retrospective identity only
25-26-champions-league-atletico-madrid-vs-liverpool,14.0,V. van Dijk,373,unique exact club-code/name alias from PL; retrospective identity only
25-26-champions-league-atletico-madrid-vs-liverpool,14.0,A. Robertson,372,unique exact club-code/name alias from PL; retrospective identity only
25-26-champions-league-atletico-madrid-vs-liverpool,14.0,R. Gravenberch,390,unique exact club-code/name alias from PL; retrospective identity only
25-26-champions-league-atletico-madrid-vs-liverpool,14.0,D. Szoboszlai,387,unique exact club-code/name alias from PL; retrospective identity only
25-26-champions-league-atletico-madrid-vs-liverpool,14.0,F. Wirtz,382,unique exact club-code/name alias from PL; retrospective identity only
25-26-champions-league-atletico-madrid-vs-liverpool,14.0,C. Gakpo,384,unique exact club-code/name alias from PL; retrospective identity only
25-26-champions-league-atletico-madrid-vs-liverpool,14.0,A. Isak,499,unique exact club-code/name alias from PL; retrospective identity only
25-26-champions-league-atletico-madrid-vs-liverpool,14.0,H. Ekitiké,661,unique exact club-code/name alias from PL; retrospective identity only
25-26-champions-league-atletico-madrid-vs-liverpool,14.0,A. Mac Allister,386,unique exact club-code/name alias from PL; retrospective identity only
25-26-champions-league-atletico-madrid-vs-liverpool,14.0,C. Bradley,375,unique exact club-code/name alias from PL; retrospective identity only
25-26-champions-league-atletico-madrid-vs-liverpool,14.0,R. Ngumoha,686,unique exact club-code/name alias from PL; retrospective identity only
25-26-champions-league-atletico-madrid-vs-liverpool,14.0,M. Kerkez,371,unique exact club-code/name alias from PL; retrospective identity only
25-26-champions-league-atletico-madrid-vs-liverpool,14.0,G. Mamardashvili,367,unique exact club-code/name alias from PL; retrospective identity only
25-26-champions-league-atletico-madrid-vs-liverpool,14.0,W. Endo,392,unique exact club-code/name alias from PL; retrospective identity only
25-26-champions-league-atletico-madrid-vs-liverpool,14.0,G. Leoni,692,unique exact club-code/name alias from PL; retrospective identity only
25-26-champions-league-atletico-madrid-vs-liverpool,14.0,F. Woodman,369,unique exact club-code/name alias from PL; retrospective identity only
25-26-champions-league-atletico-madrid-vs-liverpool,14.0,J. Gomez,376,unique exact club-code/name alias from PL; retrospective identity only
25-26-champions-league-chelsea-vs-bayern-münchen,8.0,R. Sánchez,220,unique exact club-code/name alias from PL; retrospective identity only
25-26-champions-league-chelsea-vs-bayern-münchen,8.0,M. Gusto,228,unique exact club-code/name alias from PL; retrospective identity only
25-26-champions-league-chelsea-vs-bayern-münchen,8.0,T. Chalobah,226,unique exact club-code/name alias from PL; retrospective identity only
25-26-champions-league-chelsea-vs-bayern-münchen,8.0,T. Adarabioyo,232,unique exact club-code/name alias from PL; retrospective identity only
25-26-champions-league-chelsea-vs-bayern-münchen,8.0,M. Cucurella,224,unique exact club-code/name alias from PL; retrospective identity only
25-26-champions-league-chelsea-vs-bayern-münchen,8.0,R. James,225,unique exact club-code/name alias from PL; retrospective identity only
25-26-champions-league-chelsea-vs-bayern-münchen,8.0,M. Caicedo,241,unique exact club-code/name alias from PL; retrospective identity only
25-26-champions-league-chelsea-vs-bayern-münchen,8.0,C. Palmer,235,unique exact club-code/name alias from PL; retrospective identity only
25-26-champions-league-chelsea-vs-bayern-münchen,8.0,E. Fernández,237,unique exact club-code/name alias from PL; retrospective identity only
25-26-champions-league-chelsea-vs-bayern-münchen,8.0,P. Neto,236,unique exact club-code/name alias from PL; retrospective identity only
25-26-champions-league-chelsea-vs-bayern-münchen,8.0,J. Pedro,249,unique exact club-code/name alias from PL; retrospective identity only
25-26-champions-league-chelsea-vs-bayern-münchen,8.0,A. Santos,246,unique exact club-code/name alias from PL; retrospective identity only
25-26-champions-league-chelsea-vs-bayern-münchen,8.0,A. Garnacho,453,unique exact club-code/name alias from PL; retrospective identity only
25-26-champions-league-chelsea-vs-bayern-münchen,8.0,F. Jørgensen,221,unique exact club-code/name alias from PL; retrospective identity only
25-26-champions-league-chelsea-vs-bayern-münchen,8.0,J. Gittens,239,unique exact club-code/name alias from PL; retrospective identity only
25-26-champions-league-chelsea-vs-bayern-münchen,8.0,J. Hato,672,unique exact club-code/name alias from PL; retrospective identity only
25-26-champions-league-chelsea-vs-bayern-münchen,8.0,W. Fofana,230,unique exact club-code/name alias from PL; retrospective identity only
25-26-champions-league-chelsea-vs-bayern-münchen,8.0,T. George,243,unique exact club-code/name alias from PL; retrospective identity only
25-26-champions-league-chelsea-vs-bayern-münchen,8.0,J. Acheampong,233,unique exact club-code/name alias from PL; retrospective identity only
25-26-champions-league-chelsea-vs-bayern-münchen,8.0,M. Guiu,252,unique exact club-code/name alias from PL; retrospective identity only
25-26-champions-league-chelsea-vs-bayern-münchen,8.0,F. Buonanotte,168,unique exact club-code/name alias from PL; retrospective identity only
25-26-champions-league-napoli-vs-manchester-city,43.0,G. Donnarumma,736,unique exact club-code/name alias from PL; retrospective identity only
25-26-champions-league-napoli-vs-manchester-city,43.0,A. Khusanov,406,unique exact club-code/name alias from PL; retrospective identity only
25-26-champions-league-napoli-vs-manchester-city,43.0,R. Dias,408,unique exact club-code/name alias from PL; retrospective identity only
25-26-champions-league-napoli-vs-manchester-city,43.0,J. Gvardiol,403,unique exact club-code/name alias from PL; retrospective identity only
25-26-champions-league-napoli-vs-manchester-city,43.0,N. O’Reilly,411,unique exact club-code/name alias from PL; retrospective identity only
25-26-champions-league-napoli-vs-manchester-city,43.0,Rodri,421,unique exact club-code/name alias from PL; retrospective identity only
25-26-champions-league-napoli-vs-manchester-city,43.0,B. Silva,416,unique exact club-code/name alias from PL; retrospective identity only
25-26-champions-league-napoli-vs-manchester-city,43.0,P. Foden,414,unique exact club-code/name alias from PL; retrospective identity only
25-26-champions-league-napoli-vs-manchester-city,43.0,T. Reijnders,427,unique exact club-code/name alias from PL; retrospective identity only
25-26-champions-league-napoli-vs-manchester-city,43.0,J. Doku,418,unique exact club-code/name alias from PL; retrospective identity only
25-26-champions-league-napoli-vs-manchester-city,43.0,E. Haaland,430,unique exact club-code/name alias from PL; retrospective identity only
25-26-champions-league-napoli-vs-manchester-city,43.0,N. Aké,405,unique exact club-code/name alias from PL; retrospective identity only
25-26-champions-league-napoli-vs-manchester-city,43.0,O. Bobb,424,unique exact club-code/name alias from PL; retrospective identity only
25-26-champions-league-napoli-vs-manchester-city,43.0,R. Lewis,410,unique exact club-code/name alias from PL; retrospective identity only
25-26-champions-league-napoli-vs-manchester-city,43.0,J. Trafford,182,unique exact club-code/name alias from PL; retrospective identity only
25-26-champions-league-napoli-vs-manchester-city,43.0,M. Bettinelli,401,unique exact club-code/name alias from PL; retrospective identity only
25-26-champions-league-napoli-vs-manchester-city,43.0,M. Nunes,407,unique exact club-code/name alias from PL; retrospective identity only
25-26-champions-league-napoli-vs-manchester-city,43.0,S. Mfuni,740,unique exact club-code/name alias from PL; retrospective identity only
25-26-champions-league-napoli-vs-manchester-city,43.0,D. Mukasa,739,unique exact club-code/name alias from PL; retrospective identity only
25-26-champions-league-villarreal-vs-tottenham-hotspur,6.0,G. Vicario,565,unique exact club-code/name alias from PL; retrospective identity only
25-26-champions-league-villarreal-vs-tottenham-hotspur,6.0,P. Porro,568,unique exact club-code/name alias from PL; retrospective identity only
25-26-champions-league-villarreal-vs-tottenham-hotspur,6.0,C. Romero,569,unique exact club-code/name alias from PL; retrospective identity only
25-26-champions-league-villarreal-vs-tottenham-hotspur,6.0,M. van de Ven,575,unique exact club-code/name alias from PL; retrospective identity only
25-26-champions-league-villarreal-vs-tottenham-hotspur,6.0,D. Spence,573,unique exact club-code/name alias from PL; retrospective identity only
25-26-champions-league-villarreal-vs-tottenham-hotspur,6.0,L. Bergvall,586,unique exact club-code/name alias from PL; retrospective identity only
25-26-champions-league-villarreal-vs-tottenham-hotspur,6.0,R. Bentancur,585,unique exact club-code/name alias from PL; retrospective identity only
25-26-champions-league-villarreal-vs-tottenham-hotspur,6.0,M. Kudus,582,unique exact club-code/name alias from PL; retrospective identity only
25-26-champions-league-villarreal-vs-tottenham-hotspur,6.0,X. Simons,717,unique exact club-code/name alias from PL; retrospective identity only
25-26-champions-league-villarreal-vs-tottenham-hotspur,6.0,D. Udogie,574,unique exact club-code/name alias from PL; retrospective identity only
25-26-champions-league-villarreal-vs-tottenham-hotspur,6.0,B. Johnson,580,unique exact club-code/name alias from PL; retrospective identity only
25-26-champions-league-villarreal-vs-tottenham-hotspur,6.0,R. K. Muani,726,unique exact club-code/name alias from PL; retrospective identity only
25-26-champions-league-villarreal-vs-tottenham-hotspur,6.0,K. Danso,570,unique exact club-code/name alias from PL; retrospective identity only
25-26-champions-league-villarreal-vs-tottenham-hotspur,6.0,A. Kinský,567,unique exact club-code/name alias from PL; retrospective identity only
25-26-champions-league-villarreal-vs-tottenham-hotspur,6.0,B. Austin,566,unique exact club-code/name alias from PL; retrospective identity only
25-26-champions-league-villarreal-vs-tottenham-hotspur,6.0,A. Gray,591,unique exact club-code/name alias from PL; retrospective identity only
25-26-champions-league-villarreal-vs-tottenham-hotspur,6.0,W. Odobert,588,unique exact club-code/name alias from PL; retrospective identity only
25-26-champions-league-villarreal-vs-tottenham-hotspur,6.0,B. Davies,571,unique exact club-code/name alias from PL; retrospective identity only
25-26-champions-league-villarreal-vs-tottenham-hotspur,6.0,D. Scarlett,599,unique exact club-code/name alias from PL; retrospective identity only
25-26-champions-league-villarreal-vs-tottenham-hotspur,6.0,J. Byfield,745,unique exact club-code/name alias from PL; retrospective identity only
25-26-efl-cup-aston-villa-vs-brentford,94.0,F. Carvalho,123,unique exact club-code/name alias from PL; retrospective identity only
25-26-efl-cup-aston-villa-vs-brentford,7.0,E. Konsa,38,unique exact club-code/name alias from PL; retrospective identity only
25-26-efl-cup-aston-villa-vs-brentford,7.0,E. Buendía,50,unique exact club-code/name alias from PL; retrospective identity only
25-26-efl-cup-aston-villa-vs-brentford,7.0,J. Jimoh,62,unique exact club-code/name alias from PL; retrospective identity only
25-26-efl-cup-millwall-vs-crystal-palace,31.0,D. Muñoz,256,unique exact club-code/name alias from PL; retrospective identity only
25-26-efl-cup-millwall-vs-crystal-palace,31.0,Y. Pino,712,unique exact club-code/name alias from PL; retrospective identity only
25-26-efl-cup-millwall-vs-crystal-palace,31.0,J. Lerma,272,unique exact club-code/name alias from PL; retrospective identity only
25-26-efl-cup-arsenal-vs-port-vale,3.0,K. Arrizabalaga,2,unique exact club-code/name alias from PL; retrospective identity only
25-26-efl-cup-arsenal-vs-port-vale,3.0,B. White,11,unique exact club-code/name alias from PL; retrospective identity only
25-26-efl-cup-arsenal-vs-port-vale,3.0,M. Merino,22,unique exact club-code/name alias from PL; retrospective identity only
25-26-efl-cup-arsenal-vs-port-vale,3.0,G. Martinelli,19,unique exact club-code/name alias from PL; retrospective identity only
25-26-efl-cup-arsenal-vs-port-vale,3.0,G. Magalhaes,5,unique exact club-code/name alias from PL; retrospective identity only
25-26-efl-cup-arsenal-vs-port-vale,3.0,D. Raya,1,unique exact club-code/name alias from PL; retrospective identity only
25-26-efl-cup-arsenal-vs-port-vale,3.0,M. Zubimendi,26,unique exact club-code/name alias from PL; retrospective identity only
25-26-efl-cup-cambridge-united-vs-fulham,54.0,A. Traoré,326,unique exact club-code/name alias from PL; retrospective identity only
25-26-efl-cup-cambridge-united-vs-fulham,54.0,R. Jiménez,337,unique exact club-code/name alias from PL; retrospective identity only
25-26-efl-cup-cambridge-united-vs-fulham,54.0,J. King,335,unique exact club-code/name alias from PL; retrospective identity only
25-26-efl-cup-cambridge-united-vs-fulham,54.0,R. Muniz,338,unique exact club-code/name alias from PL; retrospective identity only
25-26-efl-cup-chelsea-vs-lincoln-city,8.0,F. Jørgensen,221,unique exact club-code/name alias from PL; retrospective identity only
25-26-efl-cup-chelsea-vs-lincoln-city,8.0,A. Santos,246,unique exact club-code/name alias from PL; retrospective identity only
25-26-efl-cup-chelsea-vs-lincoln-city,8.0,J. Gittens,239,unique exact club-code/name alias from PL; retrospective identity only
25-26-efl-cup-chelsea-vs-lincoln-city,8.0,A. Garnacho,453,unique exact club-code/name alias from PL; retrospective identity only
25-26-efl-cup-chelsea-vs-lincoln-city,8.0,M. Cucurella,224,unique exact club-code/name alias from PL; retrospective identity only
25-26-efl-cup-chelsea-vs-lincoln-city,8.0,P. Neto,236,unique exact club-code/name alias from PL; retrospective identity only
25-26-efl-cup-chelsea-vs-lincoln-city,8.0,S. Mheuka,840,unique exact club-code/name alias from PL; retrospective identity only
25-26-efl-cup-chelsea-vs-lincoln-city,8.0,M. Caicedo,241,unique exact club-code/name alias from PL; retrospective identity only
25-26-efl-cup-manchester-city-vs-huddersfield-town,43.0,R. Dias,408,unique exact club-code/name alias from PL; retrospective identity only
25-26-efl-cup-manchester-city-vs-huddersfield-town,43.0,B. Silva,416,unique exact club-code/name alias from PL; retrospective identity only
25-26-efl-cup-nottingham-forest-vs-swansea-city,17.0,J. Victor,715,unique exact club-code/name alias from PL; retrospective identity only
25-26-efl-cup-nottingham-forest-vs-swansea-city,17.0,D. Luiz,699,unique exact club-code/name alias from PL; retrospective identity only
25-26-efl-cup-nottingham-forest-vs-swansea-city,17.0,I. Jesus,526,unique exact club-code/name alias from PL; retrospective identity only
25-26-efl-cup-nottingham-forest-vs-swansea-city,17.0,Jair,510,unique exact club-code/name alias from PL; retrospective identity only
25-26-europa-league-nottingham-forest-vs-real-betis,17.0,M. Sels,502,unique exact club-code/name alias from PL; retrospective identity only
25-26-europa-league-nottingham-forest-vs-real-betis,17.0,N. Milenković,505,unique exact club-code/name alias from PL; retrospective identity only
25-26-europa-league-nottingham-forest-vs-real-betis,17.0,F. Morato,511,unique exact club-code/name alias from PL; retrospective identity only
25-26-europa-league-nottingham-forest-vs-real-betis,17.0,O. Zinchenko,12,unique exact club-code/name alias from PL; retrospective identity only
25-26-europa-league-nottingham-forest-vs-real-betis,17.0,I. Sangaré,521,unique exact club-code/name alias from PL; retrospective identity only
25-26-europa-league-nottingham-forest-vs-real-betis,17.0,M. Gibbs-White,515,unique exact club-code/name alias from PL; retrospective identity only
25-26-europa-league-nottingham-forest-vs-real-betis,17.0,D. Luiz,699,unique exact club-code/name alias from PL; retrospective identity only
25-26-europa-league-nottingham-forest-vs-real-betis,17.0,E. Anderson,517,unique exact club-code/name alias from PL; retrospective identity only
25-26-europa-league-nottingham-forest-vs-real-betis,17.0,C. Hudson-Odoi,516,unique exact club-code/name alias from PL; retrospective identity only
25-26-europa-league-nottingham-forest-vs-real-betis,17.0,I. Jesus,526,unique exact club-code/name alias from PL; retrospective identity only
25-26-europa-league-nottingham-forest-vs-real-betis,17.0,D. Bakwa,734,unique exact club-code/name alias from PL; retrospective identity only
25-26-europa-league-nottingham-forest-vs-real-betis,17.0,D. Ndoye,669,unique exact club-code/name alias from PL; retrospective identity only
25-26-europa-league-nottingham-forest-vs-real-betis,17.0,A. Kalimuendo,696,unique exact club-code/name alias from PL; retrospective identity only
25-26-europa-league-nottingham-forest-vs-real-betis,17.0,R. Yates,522,unique exact club-code/name alias from PL; retrospective identity only
25-26-europa-league-nottingham-forest-vs-real-betis,17.0,W. Boly,514,unique exact club-code/name alias from PL; retrospective identity only
25-26-europa-league-nottingham-forest-vs-real-betis,17.0,C. Wood,525,unique exact club-code/name alias from PL; retrospective identity only
25-26-europa-league-nottingham-forest-vs-real-betis,17.0,N. Domínguez,519,unique exact club-code/name alias from PL; retrospective identity only
25-26-europa-league-nottingham-forest-vs-real-betis,17.0,J. McAtee,426,unique exact club-code/name alias from PL; retrospective identity only
25-26-europa-league-nottingham-forest-vs-real-betis,17.0,N. Savona,716,unique exact club-code/name alias from PL; retrospective identity only
25-26-champions-league-benfica-vs-chelsea,8.0,R. Sánchez,220,unique exact club-code/name alias from PL; retrospective identity only
25-26-champions-league-benfica-vs-chelsea,8.0,M. Gusto,228,unique exact club-code/name alias from PL; retrospective identity only
25-26-champions-league-benfica-vs-chelsea,8.0,T. Chalobah,226,unique exact club-code/name alias from PL; retrospective identity only
25-26-champions-league-benfica-vs-chelsea,8.0,M. Cucurella,224,unique exact club-code/name alias from PL; retrospective identity only
25-26-champions-league-benfica-vs-chelsea,8.0,E. Fernández,237,unique exact club-code/name alias from PL; retrospective identity only
25-26-champions-league-benfica-vs-chelsea,8.0,M. Caicedo,241,unique exact club-code/name alias from PL; retrospective identity only
25-26-champions-league-benfica-vs-chelsea,8.0,P. Neto,236,unique exact club-code/name alias from PL; retrospective identity only
25-26-champions-league-benfica-vs-chelsea,8.0,F. Buonanotte,168,unique exact club-code/name alias from PL; retrospective identity only
25-26-champions-league-benfica-vs-chelsea,8.0,A. Garnacho,453,unique exact club-code/name alias from PL; retrospective identity only
25-26-champions-league-benfica-vs-chelsea,8.0,T. George,243,unique exact club-code/name alias from PL; retrospective identity only
25-26-champions-league-benfica-vs-chelsea,8.0,J. Pedro,249,unique exact club-code/name alias from PL; retrospective identity only
25-26-champions-league-benfica-vs-chelsea,8.0,J. Gittens,239,unique exact club-code/name alias from PL; retrospective identity only
25-26-champions-league-benfica-vs-chelsea,8.0,R. James,225,unique exact club-code/name alias from PL; retrospective identity only
25-26-champions-league-benfica-vs-chelsea,8.0,J. Acheampong,233,unique exact club-code/name alias from PL; retrospective identity only
25-26-champions-league-benfica-vs-chelsea,8.0,M. Merrick,789,unique exact club-code/name alias from PL; retrospective identity only
25-26-champions-league-benfica-vs-chelsea,8.0,J. Hato,672,unique exact club-code/name alias from PL; retrospective identity only
25-26-champions-league-benfica-vs-chelsea,8.0,M. Guiu,252,unique exact club-code/name alias from PL; retrospective identity only
25-26-champions-league-benfica-vs-chelsea,8.0,R. Lavia,244,unique exact club-code/name alias from PL; retrospective identity only
25-26-champions-league-benfica-vs-chelsea,8.0,F. Jørgensen,221,unique exact club-code/name alias from PL; retrospective identity only
25-26-champions-league-manchester-city-vs-monaco,43.0,G. Donnarumma,736,unique exact club-code/name alias from PL; retrospective identity only
25-26-champions-league-manchester-city-vs-monaco,43.0,J. Stones,409,unique exact club-code/name alias from PL; retrospective identity only
25-26-champions-league-manchester-city-vs-monaco,43.0,R. Dias,408,unique exact club-code/name alias from PL; retrospective identity only
25-26-champions-league-manchester-city-vs-monaco,43.0,J. Gvardiol,403,unique exact club-code/name alias from PL; retrospective identity only
25-26-champions-league-manchester-city-vs-monaco,43.0,N. O’Reilly,411,unique exact club-code/name alias from PL; retrospective identity only
25-26-champions-league-manchester-city-vs-monaco,43.0,Rodri,421,unique exact club-code/name alias from PL; retrospective identity only
25-26-champions-league-manchester-city-vs-monaco,43.0,B. Silva,416,unique exact club-code/name alias from PL; retrospective identity only
25-26-champions-league-manchester-city-vs-monaco,43.0,T. Reijnders,427,unique exact club-code/name alias from PL; retrospective identity only
25-26-champions-league-manchester-city-vs-monaco,43.0,P. Foden,414,unique exact club-code/name alias from PL; retrospective identity only
25-26-champions-league-manchester-city-vs-monaco,43.0,J. Doku,418,unique exact club-code/name alias from PL; retrospective identity only
25-26-champions-league-manchester-city-vs-monaco,43.0,E. Haaland,430,unique exact club-code/name alias from PL; retrospective identity only
25-26-champions-league-manchester-city-vs-monaco,43.0,M. Nunes,407,unique exact club-code/name alias from PL; retrospective identity only
25-26-champions-league-manchester-city-vs-monaco,43.0,J. Trafford,182,unique exact club-code/name alias from PL; retrospective identity only
25-26-champions-league-manchester-city-vs-monaco,43.0,M. Bettinelli,401,unique exact club-code/name alias from PL; retrospective identity only
25-26-champions-league-manchester-city-vs-monaco,43.0,N. Aké,405,unique exact club-code/name alias from PL; retrospective identity only
25-26-champions-league-manchester-city-vs-monaco,43.0,M. Kovačić,422,unique exact club-code/name alias from PL; retrospective identity only
25-26-champions-league-manchester-city-vs-monaco,43.0,O. Bobb,424,unique exact club-code/name alias from PL; retrospective identity only
25-26-champions-league-manchester-city-vs-monaco,43.0,D. Mukasa,739,unique exact club-code/name alias from PL; retrospective identity only
25-26-champions-league-manchester-city-vs-monaco,43.0,R. Lewis,410,unique exact club-code/name alias from PL; retrospective identity only
25-26-champions-league-newcastle-united-vs-union-st.gilloise,4.0,N. Pope,469,unique exact club-code/name alias from PL; retrospective identity only
25-26-champions-league-newcastle-united-vs-union-st.gilloise,4.0,K. Trippier,478,unique exact club-code/name alias from PL; retrospective identity only
25-26-champions-league-newcastle-united-vs-union-st.gilloise,4.0,M. Thiaw,684,unique exact club-code/name alias from PL; retrospective identity only
25-26-champions-league-newcastle-united-vs-union-st.gilloise,4.0,S. Botman,475,unique exact club-code/name alias from PL; retrospective identity only
25-26-champions-league-newcastle-united-vs-union-st.gilloise,4.0,D. Burn,476,unique exact club-code/name alias from PL; retrospective identity only
25-26-champions-league-newcastle-united-vs-union-st.gilloise,4.0,B. Guimarães,488,unique exact club-code/name alias from PL; retrospective identity only
25-26-champions-league-newcastle-united-vs-union-st.gilloise,4.0,S. Tonali,491,unique exact club-code/name alias from PL; retrospective identity only
25-26-champions-league-newcastle-united-vs-union-st.gilloise,4.0,A. Elanga,486,unique exact club-code/name alias from PL; retrospective identity only
25-26-champions-league-newcastle-united-vs-union-st.gilloise,4.0,N. Woltemade,714,unique exact club-code/name alias from PL; retrospective identity only
25-26-champions-league-newcastle-united-vs-union-st.gilloise,4.0,A. Gordon,485,unique exact club-code/name alias from PL; retrospective identity only
25-26-champions-league-newcastle-united-vs-union-st.gilloise,4.0,L. Hall,473,unique exact club-code/name alias from PL; retrospective identity only
25-26-champions-league-newcastle-united-vs-union-st.gilloise,4.0,H. Barnes,487,unique exact club-code/name alias from PL; retrospective identity only
25-26-champions-league-newcastle-united-vs-union-st.gilloise,4.0,W. Osula,500,unique exact club-code/name alias from PL; retrospective identity only
25-26-champions-league-newcastle-united-vs-union-st.gilloise,4.0,F. Schär,474,unique exact club-code/name alias from PL; retrospective identity only
25-26-champions-league-newcastle-united-vs-union-st.gilloise,4.0,A. Ramsdale,674,unique exact club-code/name alias from PL; retrospective identity only
25-26-champions-league-newcastle-united-vs-union-st.gilloise,4.0,E. Krafth,479,unique exact club-code/name alias from PL; retrospective identity only
25-26-champions-league-newcastle-united-vs-union-st.gilloise,4.0,J. Willock,494,unique exact club-code/name alias from PL; retrospective identity only
25-26-champions-league-olympiacos-vs-arsenal,3.0,D. Raya,1,unique exact club-code/name alias from PL; retrospective identity only
25-26-champions-league-olympiacos-vs-arsenal,3.0,B. White,11,unique exact club-code/name alias from PL; retrospective identity only
25-26-champions-league-olympiacos-vs-arsenal,3.0,W. Saliba,6,unique exact club-code/name alias from PL; retrospective identity only
25-26-champions-league-olympiacos-vs-arsenal,3.0,M. Lewis-Skelly,10,unique exact club-code/name alias from PL; retrospective identity only
25-26-champions-league-olympiacos-vs-arsenal,3.0,M. Ødegaard,17,unique exact club-code/name alias from PL; retrospective identity only
25-26-champions-league-olympiacos-vs-arsenal,3.0,M. Zubimendi,26,unique exact club-code/name alias from PL; retrospective identity only
25-26-champions-league-olympiacos-vs-arsenal,3.0,M. Merino,22,unique exact club-code/name alias from PL; retrospective identity only
25-26-champions-league-olympiacos-vs-arsenal,3.0,G. Martinelli,19,unique exact club-code/name alias from PL; retrospective identity only
25-26-champions-league-olympiacos-vs-arsenal,3.0,V. Gyökeres,666,unique exact club-code/name alias from PL; retrospective identity only
25-26-champions-league-olympiacos-vs-arsenal,3.0,L. Trossard,20,unique exact club-code/name alias from PL; retrospective identity only
25-26-champions-league-olympiacos-vs-arsenal,3.0,D. Rice,21,unique exact club-code/name alias from PL; retrospective identity only
25-26-champions-league-olympiacos-vs-arsenal,3.0,B. Saka,16,unique exact club-code/name alias from PL; retrospective identity only
25-26-champions-league-olympiacos-vs-arsenal,3.0,E. Eze,266,unique exact club-code/name alias from PL; retrospective identity only
25-26-champions-league-olympiacos-vs-arsenal,3.0,C. Mosquera,662,unique exact club-code/name alias from PL; retrospective identity only
25-26-champions-league-olympiacos-vs-arsenal,3.0,K. Arrizabalaga,2,unique exact club-code/name alias from PL; retrospective identity only
25-26-champions-league-olympiacos-vs-arsenal,3.0,T. Setford,4,unique exact club-code/name alias from PL; retrospective identity only
25-26-champions-league-olympiacos-vs-arsenal,3.0,C. Nørgaard,24,unique exact club-code/name alias from PL; retrospective identity only
25-26-champions-league-olympiacos-vs-arsenal,3.0,E. Nwaneri,25,unique exact club-code/name alias from PL; retrospective identity only
25-26-champions-league-olympiacos-vs-arsenal,3.0,R. Calafiori,7,unique exact club-code/name alias from PL; retrospective identity only
25-26-champions-league-olympiacos-vs-arsenal,3.0,M. Dowman,700,unique exact club-code/name alias from PL; retrospective identity only
25-26-champions-league-tottenham-hotspur-vs-bodø/glimt,6.0,G. Vicario,565,unique exact club-code/name alias from PL; retrospective identity only
25-26-champions-league-tottenham-hotspur-vs-bodø/glimt,6.0,P. Porro,568,unique exact club-code/name alias from PL; retrospective identity only
25-26-champions-league-tottenham-hotspur-vs-bodø/glimt,6.0,K. Danso,570,unique exact club-code/name alias from PL; retrospective identity only
25-26-champions-league-tottenham-hotspur-vs-bodø/glimt,6.0,M. van de Ven,575,unique exact club-code/name alias from PL; retrospective identity only
25-26-champions-league-tottenham-hotspur-vs-bodø/glimt,6.0,D. Spence,573,unique exact club-code/name alias from PL; retrospective identity only
25-26-champions-league-tottenham-hotspur-vs-bodø/glimt,6.0,L. Bergvall,586,unique exact club-code/name alias from PL; retrospective identity only
25-26-champions-league-tottenham-hotspur-vs-bodø/glimt,6.0,R. Bentancur,585,unique exact club-code/name alias from PL; retrospective identity only
25-26-champions-league-tottenham-hotspur-vs-bodø/glimt,6.0,B. Johnson,580,unique exact club-code/name alias from PL; retrospective identity only
25-26-champions-league-tottenham-hotspur-vs-bodø/glimt,6.0,W. Odobert,588,unique exact club-code/name alias from PL; retrospective identity only
25-26-champions-league-tottenham-hotspur-vs-bodø/glimt,6.0,X. Simons,717,unique exact club-code/name alias from PL; retrospective identity only
25-26-champions-league-tottenham-hotspur-vs-bodø/glimt,6.0,M. Kudus,582,unique exact club-code/name alias from PL; retrospective identity only
25-26-champions-league-tottenham-hotspur-vs-bodø/glimt,6.0,D. Udogie,574,unique exact club-code/name alias from PL; retrospective identity only
25-26-champions-league-tottenham-hotspur-vs-bodø/glimt,6.0,A. Gray,591,unique exact club-code/name alias from PL; retrospective identity only
25-26-champions-league-tottenham-hotspur-vs-bodø/glimt,6.0,A. Kinský,567,unique exact club-code/name alias from PL; retrospective identity only
25-26-champions-league-tottenham-hotspur-vs-bodø/glimt,6.0,B. Austin,566,unique exact club-code/name alias from PL; retrospective identity only
25-26-champions-league-tottenham-hotspur-vs-bodø/glimt,6.0,B. Davies,571,unique exact club-code/name alias from PL; retrospective identity only
25-26-champions-league-tottenham-hotspur-vs-bodø/glimt,6.0,D. Scarlett,599,unique exact club-code/name alias from PL; retrospective identity only
25-26-champions-league-tottenham-hotspur-vs-bodø/glimt,6.0,C. Olusesi,595,unique exact club-code/name alias from PL; retrospective identity only
25-26-efl-cup-bradford-city-vs-newcastle-united,4.0,B. Guimarães,488,unique exact club-code/name alias from PL; retrospective identity only
25-26-efl-cup-brighton-hove-albion-vs-barnsley,36.0,D. Gómez,169,unique exact club-code/name alias from PL; retrospective identity only
25-26-efl-cup-brighton-hove-albion-vs-barnsley,36.0,K. Mitoma,157,unique exact club-code/name alias from PL; retrospective identity only
25-26-efl-cup-cardiff-city-vs-burnley,90.0,L. Pires,195,unique exact club-code/name alias from PL; retrospective identity only
25-26-efl-cup-cardiff-city-vs-burnley,90.0,M. Trésor,214,unique exact club-code/name alias from PL; retrospective identity only
25-26-efl-cup-doncaster-rovers-vs-tottenham-hotspur,6.0,P. Porro,568,unique exact club-code/name alias from PL; retrospective identity only
25-26-efl-cup-everton-vs-wolverhampton-wanderers,39.0,F. López,645,unique exact club-code/name alias from PL; retrospective identity only
25-26-efl-cup-everton-vs-wolverhampton-wanderers,11.0,C. Alcaraz,301,unique exact club-code/name alias from PL; retrospective identity only
25-26-efl-cup-everton-vs-wolverhampton-wanderers,11.0,V. Mykolenko,292,unique exact club-code/name alias from PL; retrospective identity only
25-26-efl-cup-southampton-vs-liverpool,14.0,A. Robertson,372,unique exact club-code/name alias from PL; retrospective identity only
25-26-efl-cup-southampton-vs-liverpool,14.0,W. Endo,392,unique exact club-code/name alias from PL; retrospective identity only
25-26-europa-league-aston-villa-vs-feyenoord,7.0,M. Cash,36,unique exact club-code/name alias from PL; retrospective identity only
25-26-europa-league-aston-villa-vs-feyenoord,7.0,E. Konsa,38,unique exact club-code/name alias from PL; retrospective identity only
25-26-europa-league-aston-villa-vs-feyenoord,7.0,P. Torres,41,unique exact club-code/name alias from PL; retrospective identity only
25-26-europa-league-aston-villa-vs-feyenoord,7.0,I. Maatsen,39,unique exact club-code/name alias from PL; retrospective identity only
25-26-europa-league-aston-villa-vs-feyenoord,7.0,J. McGinn,54,unique exact club-code/name alias from PL; retrospective identity only
25-26-europa-league-aston-villa-vs-feyenoord,7.0,B. Kamara,58,unique exact club-code/name alias from PL; retrospective identity only
25-26-europa-league-aston-villa-vs-feyenoord,7.0,E. Guessand,677,unique exact club-code/name alias from PL; retrospective identity only
25-26-europa-league-aston-villa-vs-feyenoord,7.0,M. Rogers,47,unique exact club-code/name alias from PL; retrospective identity only
25-26-europa-league-aston-villa-vs-feyenoord,7.0,E. Buendía,50,unique exact club-code/name alias from PL; retrospective identity only
25-26-europa-league-aston-villa-vs-feyenoord,7.0,O. Watkins,64,unique exact club-code/name alias from PL; retrospective identity only
25-26-europa-league-aston-villa-vs-feyenoord,7.0,D. Malen,53,unique exact club-code/name alias from PL; retrospective identity only
25-26-europa-league-aston-villa-vs-feyenoord,7.0,L. Bogarde,44,unique exact club-code/name alias from PL; retrospective identity only
25-26-europa-league-aston-villa-vs-feyenoord,7.0,L. Digne,37,unique exact club-code/name alias from PL; retrospective identity only
25-26-europa-league-aston-villa-vs-feyenoord,7.0,H. Elliott,389,unique exact club-code/name alias from PL; retrospective identity only
25-26-europa-league-aston-villa-vs-feyenoord,7.0,V. Lindelöf,719,unique exact club-code/name alias from PL; retrospective identity only
25-26-europa-league-aston-villa-vs-feyenoord,7.0,J. Jimoh,62,unique exact club-code/name alias from PL; retrospective identity only
25-26-europa-league-aston-villa-vs-feyenoord,7.0,S. Proctor,703,unique exact club-code/name alias from PL; retrospective identity only
25-26-europa-league-aston-villa-vs-feyenoord,7.0,B. Broggio,60,unique exact club-code/name alias from PL; retrospective identity only
25-26-europa-league-aston-villa-vs-feyenoord,7.0,B. Burrowes,702,unique exact club-code/name alias from PL; retrospective identity only
25-26-champions-league-ajax-vs-chelsea,8.0,F. Jørgensen,221,unique exact club-code/name alias from PL; retrospective identity only
25-26-champions-league-ajax-vs-chelsea,8.0,M. Caicedo,241,unique exact club-code/name alias from PL; retrospective identity only
25-26-champions-league-ajax-vs-chelsea,8.0,W. Fofana,230,unique exact club-code/name alias from PL; retrospective identity only
25-26-champions-league-ajax-vs-chelsea,8.0,T. Adarabioyo,232,unique exact club-code/name alias from PL; retrospective identity only
25-26-champions-league-ajax-vs-chelsea,8.0,J. Hato,672,unique exact club-code/name alias from PL; retrospective identity only
25-26-champions-league-ajax-vs-chelsea,8.0,F. Buonanotte,168,unique exact club-code/name alias from PL; retrospective identity only
25-26-champions-league-ajax-vs-chelsea,8.0,R. Lavia,244,unique exact club-code/name alias from PL; retrospective identity only
25-26-champions-league-ajax-vs-chelsea,8.0,E. Fernández,237,unique exact club-code/name alias from PL; retrospective identity only
25-26-champions-league-ajax-vs-chelsea,8.0,M. Guiu,252,unique exact club-code/name alias from PL; retrospective identity only
25-26-champions-league-ajax-vs-chelsea,8.0,J. Gittens,239,unique exact club-code/name alias from PL; retrospective identity only
25-26-champions-league-ajax-vs-chelsea,8.0,A. Santos,246,unique exact club-code/name alias from PL; retrospective identity only
25-26-champions-league-ajax-vs-chelsea,8.0,T. Chalobah,226,unique exact club-code/name alias from PL; retrospective identity only
25-26-champions-league-ajax-vs-chelsea,8.0,T. George,243,unique exact club-code/name alias from PL; retrospective identity only
25-26-champions-league-ajax-vs-chelsea,8.0,J. Acheampong,233,unique exact club-code/name alias from PL; retrospective identity only
25-26-champions-league-ajax-vs-chelsea,8.0,R. K.-McQueen,834,unique exact club-code/name alias from PL; retrospective identity only
25-26-champions-league-ajax-vs-chelsea,8.0,R. Sánchez,220,unique exact club-code/name alias from PL; retrospective identity only
25-26-champions-league-ajax-vs-chelsea,8.0,M. Cucurella,224,unique exact club-code/name alias from PL; retrospective identity only
25-26-champions-league-ajax-vs-chelsea,8.0,P. Neto,236,unique exact club-code/name alias from PL; retrospective identity only
25-26-champions-league-ajax-vs-chelsea,8.0,R. James,225,unique exact club-code/name alias from PL; retrospective identity only
25-26-champions-league-ajax-vs-chelsea,8.0,A. Garnacho,453,unique exact club-code/name alias from PL; retrospective identity only
25-26-champions-league-ajax-vs-chelsea,8.0,M. Merrick,789,unique exact club-code/name alias from PL; retrospective identity only
25-26-champions-league-benfica-vs-newcastle-united,4.0,N. Pope,469,unique exact club-code/name alias from PL; retrospective identity only
25-26-champions-league-benfica-vs-newcastle-united,4.0,K. Trippier,478,unique exact club-code/name alias from PL; retrospective identity only
25-26-champions-league-benfica-vs-newcastle-united,4.0,M. Thiaw,684,unique exact club-code/name alias from PL; retrospective identity only
25-26-champions-league-benfica-vs-newcastle-united,4.0,S. Botman,475,unique exact club-code/name alias from PL; retrospective identity only
25-26-champions-league-benfica-vs-newcastle-united,4.0,D. Burn,476,unique exact club-code/name alias from PL; retrospective identity only
25-26-champions-league-benfica-vs-newcastle-united,4.0,B. Guimarães,488,unique exact club-code/name alias from PL; retrospective identity only
25-26-champions-league-benfica-vs-newcastle-united,4.0,N. Woltemade,714,unique exact club-code/name alias from PL; retrospective identity only
25-26-champions-league-benfica-vs-newcastle-united,4.0,A. Gordon,485,unique exact club-code/name alias from PL; retrospective identity only
25-26-champions-league-benfica-vs-newcastle-united,4.0,H. Barnes,487,unique exact club-code/name alias from PL; retrospective identity only
25-26-champions-league-benfica-vs-newcastle-united,4.0,W. Osula,500,unique exact club-code/name alias from PL; retrospective identity only
25-26-champions-league-benfica-vs-newcastle-united,4.0,A. Elanga,486,unique exact club-code/name alias from PL; retrospective identity only
25-26-champions-league-benfica-vs-newcastle-united,4.0,J. Willock,494,unique exact club-code/name alias from PL; retrospective identity only
25-26-champions-league-benfica-vs-newcastle-united,4.0,A. Ramsdale,674,unique exact club-code/name alias from PL; retrospective identity only
25-26-champions-league-benfica-vs-newcastle-united,4.0,F. Schär,474,unique exact club-code/name alias from PL; retrospective identity only
25-26-champions-league-benfica-vs-newcastle-united,4.0,S. Tonali,491,unique exact club-code/name alias from PL; retrospective identity only
25-26-champions-league-benfica-vs-newcastle-united,4.0,E. Krafth,479,unique exact club-code/name alias from PL; retrospective identity only
25-26-champions-league-liverpool-vs-eintracht-frankfurt,14.0,G. Mamardashvili,367,unique exact club-code/name alias from PL; retrospective identity only
25-26-champions-league-liverpool-vs-eintracht-frankfurt,14.0,J. Frimpong,370,unique exact club-code/name alias from PL; retrospective identity only
25-26-champions-league-liverpool-vs-eintracht-frankfurt,14.0,I. Konaté,374,unique exact club-code/name alias from PL; retrospective identity only
25-26-champions-league-liverpool-vs-eintracht-frankfurt,14.0,V. van Dijk,373,unique exact club-code/name alias from PL; retrospective identity only
25-26-champions-league-liverpool-vs-eintracht-frankfurt,14.0,A. Robertson,372,unique exact club-code/name alias from PL; retrospective identity only
25-26-champions-league-liverpool-vs-eintracht-frankfurt,14.0,F. Wirtz,382,unique exact club-code/name alias from PL; retrospective identity only
25-26-champions-league-liverpool-vs-eintracht-frankfurt,14.0,D. Szoboszlai,387,unique exact club-code/name alias from PL; retrospective identity only
25-26-champions-league-liverpool-vs-eintracht-frankfurt,14.0,C. Gakpo,384,unique exact club-code/name alias from PL; retrospective identity only
25-26-champions-league-liverpool-vs-eintracht-frankfurt,14.0,A. Isak,499,unique exact club-code/name alias from PL; retrospective identity only
25-26-champions-league-liverpool-vs-eintracht-frankfurt,14.0,H. Ekitiké,661,unique exact club-code/name alias from PL; retrospective identity only
25-26-champions-league-liverpool-vs-eintracht-frankfurt,14.0,C. Bradley,375,unique exact club-code/name alias from PL; retrospective identity only
25-26-champions-league-liverpool-vs-eintracht-frankfurt,14.0,F. Chiesa,385,unique exact club-code/name alias from PL; retrospective identity only
25-26-champions-league-liverpool-vs-eintracht-frankfurt,14.0,A. Mac Allister,386,unique exact club-code/name alias from PL; retrospective identity only
25-26-champions-league-liverpool-vs-eintracht-frankfurt,14.0,J. Gomez,376,unique exact club-code/name alias from PL; retrospective identity only
25-26-champions-league-liverpool-vs-eintracht-frankfurt,14.0,F. Woodman,369,unique exact club-code/name alias from PL; retrospective identity only
25-26-champions-league-liverpool-vs-eintracht-frankfurt,14.0,W. Endo,392,unique exact club-code/name alias from PL; retrospective identity only
25-26-champions-league-liverpool-vs-eintracht-frankfurt,14.0,M. Kerkez,371,unique exact club-code/name alias from PL; retrospective identity only
25-26-champions-league-liverpool-vs-eintracht-frankfurt,14.0,R. Ngumoha,686,unique exact club-code/name alias from PL; retrospective identity only
25-26-champions-league-manchester-city-vs-villarreal,43.0,G. Donnarumma,736,unique exact club-code/name alias from PL; retrospective identity only
25-26-champions-league-manchester-city-vs-villarreal,43.0,M. Nunes,407,unique exact club-code/name alias from PL; retrospective identity only
25-26-champions-league-manchester-city-vs-villarreal,43.0,J. Stones,409,unique exact club-code/name alias from PL; retrospective identity only
25-26-champions-league-manchester-city-vs-villarreal,43.0,R. Dias,408,unique exact club-code/name alias from PL; retrospective identity only
25-26-champions-league-manchester-city-vs-villarreal,43.0,J. Gvardiol,403,unique exact club-code/name alias from PL; retrospective identity only
25-26-champions-league-manchester-city-vs-villarreal,43.0,R. Lewis,410,unique exact club-code/name alias from PL; retrospective identity only
25-26-champions-league-manchester-city-vs-villarreal,43.0,B. Silva,416,unique exact club-code/name alias from PL; retrospective identity only
25-26-champions-league-manchester-city-vs-villarreal,43.0,J. Doku,418,unique exact club-code/name alias from PL; retrospective identity only
25-26-champions-league-manchester-city-vs-villarreal,43.0,E. Haaland,430,unique exact club-code/name alias from PL; retrospective identity only
25-26-champions-league-manchester-city-vs-villarreal,43.0,M. Kovačić,422,unique exact club-code/name alias from PL; retrospective identity only
25-26-champions-league-manchester-city-vs-villarreal,43.0,O. Bobb,424,unique exact club-code/name alias from PL; retrospective identity only
25-26-champions-league-manchester-city-vs-villarreal,43.0,T. Reijnders,427,unique exact club-code/name alias from PL; retrospective identity only
25-26-champions-league-manchester-city-vs-villarreal,43.0,O. Marmoush,413,unique exact club-code/name alias from PL; retrospective identity only
25-26-champions-league-manchester-city-vs-villarreal,43.0,R. Cherki,417,unique exact club-code/name alias from PL; retrospective identity only
25-26-champions-league-manchester-city-vs-villarreal,43.0,J. Trafford,182,unique exact club-code/name alias from PL; retrospective identity only
25-26-champions-league-manchester-city-vs-villarreal,43.0,M. Bettinelli,401,unique exact club-code/name alias from PL; retrospective identity only
25-26-champions-league-manchester-city-vs-villarreal,43.0,N. Aké,405,unique exact club-code/name alias from PL; retrospective identity only
25-26-champions-league-manchester-city-vs-villarreal,43.0,R. Aït-Nouri,402,unique exact club-code/name alias from PL; retrospective identity only
25-26-champions-league-manchester-city-vs-villarreal,43.0,N. O’Reilly,411,unique exact club-code/name alias from PL; retrospective identity only
25-26-champions-league-manchester-city-vs-villarreal,43.0,P. Foden,414,unique exact club-code/name alias from PL; retrospective identity only
25-26-champions-league-tottenham-hotspur-vs-monaco,6.0,G. Vicario,565,unique exact club-code/name alias from PL; retrospective identity only
25-26-champions-league-tottenham-hotspur-vs-monaco,6.0,P. Porro,568,unique exact club-code/name alias from PL; retrospective identity only
25-26-champions-league-tottenham-hotspur-vs-monaco,6.0,K. Danso,570,unique exact club-code/name alias from PL; retrospective identity only
25-26-champions-league-tottenham-hotspur-vs-monaco,6.0,M. van de Ven,575,unique exact club-code/name alias from PL; retrospective identity only
25-26-champions-league-tottenham-hotspur-vs-monaco,6.0,A. Gray,591,unique exact club-code/name alias from PL; retrospective identity only
25-26-champions-league-tottenham-hotspur-vs-monaco,6.0,R. Bentancur,585,unique exact club-code/name alias from PL; retrospective identity only
25-26-champions-league-tottenham-hotspur-vs-monaco,6.0,M. Kudus,582,unique exact club-code/name alias from PL; retrospective identity only
25-26-champions-league-tottenham-hotspur-vs-monaco,6.0,L. Bergvall,586,unique exact club-code/name alias from PL; retrospective identity only
25-26-champions-league-tottenham-hotspur-vs-monaco,6.0,W. Odobert,588,unique exact club-code/name alias from PL; retrospective identity only
25-26-champions-league-tottenham-hotspur-vs-monaco,6.0,X. Simons,717,unique exact club-code/name alias from PL; retrospective identity only
25-26-champions-league-tottenham-hotspur-vs-monaco,6.0,B. Johnson,580,unique exact club-code/name alias from PL; retrospective identity only
25-26-champions-league-tottenham-hotspur-vs-monaco,6.0,R. K. Muani,726,unique exact club-code/name alias from PL; retrospective identity only
25-26-champions-league-tottenham-hotspur-vs-monaco,6.0,D. Spence,573,unique exact club-code/name alias from PL; retrospective identity only
25-26-champions-league-tottenham-hotspur-vs-monaco,6.0,B. Austin,566,unique exact club-code/name alias from PL; retrospective identity only
25-26-champions-league-tottenham-hotspur-vs-monaco,6.0,A. Kinský,567,unique exact club-code/name alias from PL; retrospective identity only
25-26-champions-league-tottenham-hotspur-vs-monaco,6.0,D. Scarlett,599,unique exact club-code/name alias from PL; retrospective identity only
25-26-champions-league-tottenham-hotspur-vs-monaco,6.0,J. Byfield,745,unique exact club-code/name alias from PL; retrospective identity only
25-26-champions-league-tottenham-hotspur-vs-monaco,6.0,L. Williams-Barnett,790,unique exact club-code/name alias from PL; retrospective identity only
25-26-champions-league-tottenham-hotspur-vs-monaco,6.0,C. Olusesi,595,unique exact club-code/name alias from PL; retrospective identity only
25-26-europa-league-aston-villa-vs-go-ahead-eagles,7.0,E. Martínez,32,unique exact club-code/name alias from PL; retrospective identity only
25-26-europa-league-aston-villa-vs-go-ahead-eagles,7.0,V. Lindelöf,719,unique exact club-code/name alias from PL; retrospective identity only
25-26-europa-league-aston-villa-vs-go-ahead-eagles,7.0,T. Mings,40,unique exact club-code/name alias from PL; retrospective identity only
25-26-europa-league-aston-villa-vs-go-ahead-eagles,7.0,P. Torres,41,unique exact club-code/name alias from PL; retrospective identity only
25-26-europa-league-aston-villa-vs-go-ahead-eagles,7.0,I. Maatsen,39,unique exact club-code/name alias from PL; retrospective identity only
25-26-europa-league-aston-villa-vs-go-ahead-eagles,7.0,L. Bogarde,44,unique exact club-code/name alias from PL; retrospective identity only
25-26-europa-league-aston-villa-vs-go-ahead-eagles,7.0,A. Onana,59,unique exact club-code/name alias from PL; retrospective identity only
25-26-europa-league-aston-villa-vs-go-ahead-eagles,7.0,E. Guessand,677,unique exact club-code/name alias from PL; retrospective identity only
25-26-europa-league-aston-villa-vs-go-ahead-eagles,7.0,E. Buendía,50,unique exact club-code/name alias from PL; retrospective identity only
25-26-europa-league-aston-villa-vs-go-ahead-eagles,7.0,J. Sancho,456,unique exact club-code/name alias from PL; retrospective identity only
25-26-europa-league-aston-villa-vs-go-ahead-eagles,7.0,O. Watkins,64,unique exact club-code/name alias from PL; retrospective identity only
25-26-europa-league-aston-villa-vs-go-ahead-eagles,7.0,M. Cash,36,unique exact club-code/name alias from PL; retrospective identity only
25-26-europa-league-aston-villa-vs-go-ahead-eagles,7.0,M. Rogers,47,unique exact club-code/name alias from PL; retrospective identity only
25-26-europa-league-aston-villa-vs-go-ahead-eagles,7.0,D. Malen,53,unique exact club-code/name alias from PL; retrospective identity only
25-26-europa-league-aston-villa-vs-go-ahead-eagles,7.0,B. Kamara,58,unique exact club-code/name alias from PL; retrospective identity only
25-26-europa-league-aston-villa-vs-go-ahead-eagles,7.0,J. McGinn,54,unique exact club-code/name alias from PL; retrospective identity only
25-26-europa-league-aston-villa-vs-go-ahead-eagles,7.0,S. Proctor,703,unique exact club-code/name alias from PL; retrospective identity only
25-26-europa-league-aston-villa-vs-go-ahead-eagles,7.0,E. Konsa,38,unique exact club-code/name alias from PL; retrospective identity only
25-26-europa-league-aston-villa-vs-go-ahead-eagles,7.0,H. Elliott,389,unique exact club-code/name alias from PL; retrospective identity only
25-26-europa-league-aston-villa-vs-go-ahead-eagles,7.0,B. Burrowes,702,unique exact club-code/name alias from PL; retrospective identity only
25-26-efl-cup-brentford-vs-grimsby-town,94.0,F. Carvalho,123,unique exact club-code/name alias from PL; retrospective identity only
25-26-efl-cup-brentford-vs-grimsby-town,94.0,I. Thiago,136,unique exact club-code/name alias from PL; retrospective identity only
25-26-efl-cup-brighton-hove-albion-vs-arsenal,3.0,K. Arrizabalaga,2,unique exact club-code/name alias from PL; retrospective identity only
25-26-efl-cup-brighton-hove-albion-vs-arsenal,3.0,B. White,11,unique exact club-code/name alias from PL; retrospective identity only
25-26-efl-cup-brighton-hove-albion-vs-arsenal,3.0,M. Merino,22,unique exact club-code/name alias from PL; retrospective identity only
25-26-efl-cup-brighton-hove-albion-vs-arsenal,3.0,G. Magalhaes,5,unique exact club-code/name alias from PL; retrospective identity only
25-26-efl-cup-brighton-hove-albion-vs-arsenal,3.0,D. Raya,1,unique exact club-code/name alias from PL; retrospective identity only
25-26-efl-cup-brighton-hove-albion-vs-arsenal,3.0,M. Zubimendi,26,unique exact club-code/name alias from PL; retrospective identity only
25-26-efl-cup-brighton-hove-albion-vs-arsenal,36.0,D. Gómez,169,unique exact club-code/name alias from PL; retrospective identity only
25-26-efl-cup-chelsea-vs-wolverhampton-wanderers,39.0,J. Sá,628,unique exact club-code/name alias from PL; retrospective identity only
25-26-efl-cup-chelsea-vs-wolverhampton-wanderers,39.0,Y. Mosquera,634,unique exact club-code/name alias from PL; retrospective identity only
25-26-efl-cup-chelsea-vs-wolverhampton-wanderers,39.0,F. López,645,unique exact club-code/name alias from PL; retrospective identity only
25-26-efl-cup-chelsea-vs-wolverhampton-wanderers,8.0,F. Jørgensen,221,unique exact club-code/name alias from PL; retrospective identity only
25-26-efl-cup-chelsea-vs-wolverhampton-wanderers,8.0,A. Santos,246,unique exact club-code/name alias from PL; retrospective identity only
25-26-efl-cup-chelsea-vs-wolverhampton-wanderers,8.0,J. Gittens,239,unique exact club-code/name alias from PL; retrospective identity only
25-26-efl-cup-chelsea-vs-wolverhampton-wanderers,8.0,M. Cucurella,224,unique exact club-code/name alias from PL; retrospective identity only
25-26-efl-cup-chelsea-vs-wolverhampton-wanderers,8.0,P. Neto,236,unique exact club-code/name alias from PL; retrospective identity only
25-26-efl-cup-chelsea-vs-wolverhampton-wanderers,8.0,M. Caicedo,241,unique exact club-code/name alias from PL; retrospective identity only
25-26-efl-cup-chelsea-vs-wolverhampton-wanderers,8.0,R. Sánchez,220,unique exact club-code/name alias from PL; retrospective identity only
25-26-efl-cup-chelsea-vs-wolverhampton-wanderers,8.0,J. Pedro,249,unique exact club-code/name alias from PL; retrospective identity only
25-26-efl-cup-crystal-palace-vs-liverpool,14.0,W. Endo,392,unique exact club-code/name alias from PL; retrospective identity only
25-26-efl-cup-crystal-palace-vs-liverpool,14.0,A. Robertson,372,unique exact club-code/name alias from PL; retrospective identity only
25-26-efl-cup-crystal-palace-vs-liverpool,31.0,D. Muñoz,256,unique exact club-code/name alias from PL; retrospective identity only
25-26-efl-cup-crystal-palace-vs-liverpool,31.0,Y. Pino,712,unique exact club-code/name alias from PL; retrospective identity only
25-26-efl-cup-crystal-palace-vs-liverpool,31.0,J. Lerma,272,unique exact club-code/name alias from PL; retrospective identity only
25-26-efl-cup-fulham-vs-wycombe-wanderers,54.0,J. King,335,unique exact club-code/name alias from PL; retrospective identity only
25-26-efl-cup-fulham-vs-wycombe-wanderers,54.0,A. Traoré,326,unique exact club-code/name alias from PL; retrospective identity only
25-26-efl-cup-fulham-vs-wycombe-wanderers,54.0,R. Jiménez,337,unique exact club-code/name alias from PL; retrospective identity only
