team,player_uuid,player,pos,expected_role,appearances,avg_p_start,actual_start_rate,start_mae,avg_xmins,avg_actual_minutes,xmins_mae,worst_minute_error,high_pstart_nonstart,low_pstart_started
afc-bournemouth,e51ce209-cf65-5a91-b162-98b8d46e6d71,Amine Adli,MID,RAM,2,0.4225257875128494,1.0,0.5774742124871506,37.027787717267216,84.0,46.972212282732784,59.5643156966724,0,1
afc-bournemouth,0832a3fd-b90b-54b3-8f2a-3ce07cc7b6bc,Rayan Vitor Simplício Rocha,MID,UNKNOWN,2,0.09945076880623918,0.5,0.4046617541259658,16.401565311688678,54.0,37.59843468831132,54.39529252697151,0,1
afc-bournemouth,5e18290b-6577-5a0a-9541-c1bab3c65004,Adam Smith,DEF,RB,17,0.35893427382108384,0.35294117647058826,0.3765979577264651,31.511049375410334,32.411764705882355,29.944862174663285,85.81702973586961,1,2
afc-bournemouth,c0582007-f657-5440-9f24-83c1666418bb,Junior Kroupi,FWD,ST,1,0.6641818268063323,1.0,0.3358181731936677,44.935681332633976,71.0,26.064318667366024,26.064318667366024,0,0
afc-bournemouth,c0582007-f657-5440-9f24-83c1666418bb,Junior Kroupi,FWD,CAM,16,0.6848353734195496,0.8125,0.38921283273176494,56.78633896663881,64.0,21.468356099701023,51.98152824143378,0,0
afc-bournemouth,0f8b78a8-3315-50f5-8b1d-435ce1fc41ac,Tyler Adams,MID,LDM,2,0.6545846351070577,1.0,0.3454153648929423,55.1321914065165,75.5,20.367808593483502,27.36629909695108,0,0
afc-bournemouth,0f8b78a8-3315-50f5-8b1d-435ce1fc41ac,Tyler Adams,MID,RDM,15,0.2904697972602319,0.26666666666666666,0.3358254031084042,22.63953123068933,28.133333333333333,20.347542470196604,66.84438881635208,0,1
afc-bournemouth,8ddc00f8-7aec-56e5-a5ba-d916b5ee5129,Marcus Tavernier,MID,CAM,13,0.622522663315314,0.6153846153846154,0.24721781807990323,54.07655365044364,53.30769230769231,19.894422407286843,62.480254724509734,0,0
afc-bournemouth,9b794fd2-1f1b-52a8-bb5e-459a0ac2702e,Alex Tóth,MID,UNKNOWN,4,0.047511873380116615,0.25,0.27409319791994546,9.86254212120565,16.5,19.74619471939035,49.04333125288393,0,1
afc-bournemouth,e51ce209-cf65-5a91-b162-98b8d46e6d71,Amine Adli,MID,LAM,15,0.4576635867962767,0.3333333333333333,0.29035032861236354,40.477025612855975,31.8,18.50885338172858,53.73950512073546,0,0
afc-bournemouth,a64b9087-3727-58f9-8f2f-95b904b936bf,Ryan Christie,MID,LDM,17,0.42406430340749296,0.47058823529411764,0.3952849822180682,36.82799766327601,40.64705882352941,18.24803776437003,47.68979243123427,0,0
afc-bournemouth,102764c4-bb3d-515e-a161-665b3bc0daf5,Álex Jiménez Sánchez,DEF,RB,17,0.8107992130767987,0.7647058823529411,0.23158541033195154,72.99608692752383,68.3529411764706,18.14990732997163,82.56086772532977,2,0
afc-bournemouth,6caa4dfe-3a1a-5c7f-84ef-7342cdfb5745,Lewis Cook,MID,LDM,17,0.3481869489927298,0.23529411764705882,0.17538422918241,32.96898723252063,21.88235294117647,16.118194839737686,69.78731601612185,1,0
afc-bournemouth,fb26090c-51ee-5620-9b67-0dad993b3242,Francisco Evanilson de Lima Barbosa,FWD,ST,17,0.8413599627737947,0.9411764705882353,0.19294689376351606,72.3209565869819,78.52941176470588,16.10256570897938,53.07822259460383,0,0
afc-bournemouth,712d8210-33f4-517b-8ca4-275cccea49a1,David Brooks,MID,RAM,17,0.2729509862975301,0.11764705882352941,0.30014527162836385,23.465752603544978,15.058823529411764,14.823656557262822,42.5775298984073,0,0
afc-bournemouth,9b794fd2-1f1b-52a8-bb5e-459a0ac2702e,Alex Tóth,MID,CAM,12,0.11880046280848493,0.08333333333333333,0.18805641173298704,10.68719640057381,5.75,12.99613550509577,48.35363462713175,0,1
afc-bournemouth,0832a3fd-b90b-54b3-8f2a-3ce07cc7b6bc,Rayan Vitor Simplício Rocha,MID,RAM,13,0.8337337180283518,0.9230769230769231,0.20842170792640974,72.09266977840552,77.07692307692308,12.428873879975566,36.631471500863405,0,0
afc-bournemouth,559670b7-3af4-5c20-8ab5-783da9a99601,Alex Scott,MID,RDM,17,0.9199439588767246,0.9411764705882353,0.1311899958098382,83.90119522596308,84.70588235294117,10.820414758885462,85.1336848712125,1,0
afc-bournemouth,8ddc00f8-7aec-56e5-a5ba-d916b5ee5129,Marcus Tavernier,MID,LAM,3,0.8881885653825513,1.0,0.1118114346174488,75.33770626940547,85.66666666666667,10.328960397261204,19.614755585621495,0,0
afc-bournemouth,bc22dc55-e6f1-5652-865d-afc8b20050e9,Enes Ünal,FWD,UNKNOWN,17,0.06151139916733525,0.0,0.06151139916733525,12.31744843693036,6.0588235294117645,9.941509476450875,23.977857362173285,0,0
afc-bournemouth,8ddc00f8-7aec-56e5-a5ba-d916b5ee5129,Marcus Tavernier,MID,RAM,1,0.8811808617967255,1.0,0.1188191382032745,80.13177289687388,90.0,9.868227103126117,9.868227103126117,0,0
afc-bournemouth,4bc72200-ef9d-5946-9969-8e93b001acb1,James Hill,DEF,RCB,17,0.8938829645935573,1.0,0.1061170354064427,80.88864270496559,90.0,9.111357295034406,13.132515150131283,0,0
afc-bournemouth,a3c3b39a-01de-5b45-bc30-ba20944b56aa,Marcos Senesi,DEF,LCB,17,0.9041593038794792,1.0,0.09584069612052082,81.41073465173805,90.0,8.58926534826195,12.520921158296929,0,0
afc-bournemouth,6f535252-3c34-5ef4-9e4b-fee2b978a96c,Justin Kluivert,MID,CAM,17,0.0885063047647257,0.0,0.0885063047647257,8.530068692516528,1.8235294117647058,7.949965006932259,23.10027671895235,0,0
afc-bournemouth,0126b56d-12ca-5f44-ab39-66daa456359f,Bafodé Diakité,DEF,RCB,17,0.13443594536905867,0.0,0.13443594536905867,8.305299133158886,0.7058823529411765,7.59941678021771,29.49464022712938,0,0
afc-bournemouth,0cd772be-c8d3-5252-8b0a-47f4eeb619ac,Adrien Truffert,DEF,LB,17,0.919328181260926,1.0,0.08067181873907403,83.1691440916655,90.0,6.830855908334504,9.780015274552426,0,0
afc-bournemouth,d1024899-f7ef-5fdb-9ad0-62b5c6b72bd5,Veljko Milosavljevic,DEF,RCB,17,0.05793121024506762,0.0,0.05793121024506762,6.287317579195516,0.058823529411764705,6.228494049783752,17.033769858751974,0,0
afc-bournemouth,aec63649-ffe1-5e88-829b-d1e462e7e679,Đorđe Petrović,GK,GK,17,0.9290956231707074,1.0,0.07090437682929258,84.04276721600655,90.0,5.957232783993447,10.151760786448833,0,0
afc-bournemouth,483f8101-061d-5046-bf3f-4b213da9d8c0,Ben Doak,MID,UNKNOWN,17,0.02390310226916541,0.0,0.02390310226916541,2.9889929303008076,3.0588235294117645,4.7012223881540525,29.379575217129215,0,0
afc-bournemouth,464c329c-f48d-5c66-a598-3b786656039d,Julio Soler,DEF,UNKNOWN,17,0.017363173766870372,0.0,0.017363173766870372,1.7381920455040618,0.0,1.7381920455040618,3.4047536634692057,0,0
afc-bournemouth,9530e952-b482-54f0-b009-1c37b1deac4b,Remy Rees-Dottin,MID,UNKNOWN,17,0.02022590788011539,0.0,0.02022590788011539,1.6451819013760076,0.0,1.6451819013760076,3.4785875862155136,0,0
afc-bournemouth,909664fe-31c5-508a-9d41-cef85b23ba93,Hamed Traorè,MID,UNKNOWN,17,0.016955968224953828,0.0,0.016955968224953828,1.3889590279915567,0.0,1.3889590279915567,3.136523002235039,0,0
afc-bournemouth,8dce8133-b0b0-59f5-ade1-2292ed543482,Ben Winterburn,MID,UNKNOWN,17,0.016954022638697563,0.0,0.016954022638697563,1.365457199284976,0.0,1.365457199284976,3.103017523620297,0,0
afc-bournemouth,a6bdefcf-d1cc-5cf5-b107-5db1175ae6d7,Charlie Stevens,MID,UNKNOWN,17,0.0022872763663783335,0.0,0.0022872763663783335,0.2431122502621527,0.0,0.2431122502621527,1.1426454576742695,0,0
afc-bournemouth,46aa1f65-58cf-5336-a5b9-987fec584086,Christos Mandas,GK,UNKNOWN,15,0.0021470147661570987,0.0,0.0021470147661570987,0.23489757508233272,0.0,0.23489757508233272,1.1321988024624907,0,0
afc-bournemouth,008d2c76-fdd2-5900-b0a7-76f161624033,Zain Silcott-Duberry,MID,UNKNOWN,17,0.0021963493281143063,0.0,0.0021963493281143063,0.1830130279668646,0.0,0.1830130279668646,0.42033346970081525,0,0
afc-bournemouth,7cb988ef-4744-5ce3-98cc-c754ea7e1140,Philip Billing,MID,UNKNOWN,17,0.0021963493281143063,0.0,0.0021963493281143063,0.1830130279668646,0.0,0.1830130279668646,0.42033346970081525,0,0
afc-bournemouth,86d0010e-673c-5965-9b92-c376e3c2d6bb,Luis Sinisterra Lucumí,MID,UNKNOWN,17,0.0021963493281143063,0.0,0.0021963493281143063,0.1830130279668646,0.0,0.1830130279668646,0.42033346970081525,0,0
afc-bournemouth,8d9c6042-8350-5012-a4f8-d49d969cb337,Malcom DaCosta,MID,UNKNOWN,17,0.0021963493281143063,0.0,0.0021963493281143063,0.1830130279668646,0.0,0.1830130279668646,0.42033346970081525,0,0
afc-bournemouth,a53c733c-fb3d-55f5-9802-cbc27c0120a1,Romain Faivre,MID,UNKNOWN,17,0.0021963493281143063,0.0,0.0021963493281143063,0.1830130279668646,0.0,0.1830130279668646,0.42033346970081525,0,0
afc-bournemouth,f2384d23-40fc-571b-be81-f06bf589e501,Dominic Sadi,MID,UNKNOWN,17,0.0021963493281143063,0.0,0.0021963493281143063,0.1830130279668646,0.0,0.1830130279668646,0.42033346970081525,0,0
afc-bournemouth,181a8851-38f6-5860-81d4-fa120c303791,Illia Zabarnyi,DEF,UNKNOWN,17,0.002181872014229874,0.0,0.002181872014229874,0.18107601417311645,0.0,0.18107601417311645,0.41637720372311493,0,0
afc-bournemouth,3e61580c-5a6e-5b01-ae61-bbe1bd176448,Julián Araujo Zúñiga,DEF,UNKNOWN,17,0.002181872014229874,0.0,0.002181872014229874,0.18107601417311645,0.0,0.18107601417311645,0.41637720372311493,0,0
afc-bournemouth,593f130c-029a-519e-99b2-2efbad8db85c,Matai Akinmboni,DEF,UNKNOWN,17,0.002181872014229874,0.0,0.002181872014229874,0.18107601417311645,0.0,0.18107601417311645,0.41637720372311493,0,0
afc-bournemouth,d78f4914-c91a-5304-b99a-7fb62e3cae80,Chris Mepham,DEF,UNKNOWN,17,0.002181872014229874,0.0,0.002181872014229874,0.18107601417311645,0.0,0.18107601417311645,0.41637720372311493,0,0
afc-bournemouth,ebb0047c-1d74-5500-9b6f-bfcf1f4850fa,Owen Bevan,DEF,UNKNOWN,17,0.002181872014229874,0.0,0.002181872014229874,0.18107601417311645,0.0,0.18107601417311645,0.41637720372311493,0,0
afc-bournemouth,fa056e15-7491-5ea6-b5b9-9272ccb67279,Daniel Adu-Adjei,FWD,UNKNOWN,17,0.002072690063629953,0.0,0.002072690063629953,0.1728041259011789,0.0,0.1728041259011789,0.39688699415451584,0,0
afc-bournemouth,3ab94b43-d375-5807-9666-7c419c15fd62,Fraser Forster,GK,UNKNOWN,17,0.0019577442654054185,0.0,0.0019577442654054185,0.1643134597335468,0.0,0.1643134597335468,0.37615367020011115,0,0
afc-bournemouth,a7cb351a-4afd-594f-b568-de92320223cd,Norberto Murara Neto,GK,UNKNOWN,17,0.0019577442654054185,0.0,0.0019577442654054185,0.16396793119264014,0.0,0.16396793119264014,0.37615367020011115,0,0
afc-bournemouth,a96d53d3-d160-52b6-99b3-674b5732caf9,Alex Paulsen,GK,UNKNOWN,17,0.0019577442654054185,0.0,0.0019577442654054185,0.16396793119264014,0.0,0.16396793119264014,0.37615367020011115,0,0
afc-bournemouth,e5113eeb-009b-5c03-912e-73d28bc314d1,Callan McKenna,GK,UNKNOWN,17,0.0019577442654054185,0.0,0.0019577442654054185,0.16396793119264014,0.0,0.16396793119264014,0.37615367020011115,0,0
afc-bournemouth,eb7cb920-43c6-5bd3-aa05-8d063bd39e11,Will Dennis,GK,UNKNOWN,17,0.0019577442654054185,0.0,0.0019577442654054185,0.16396793119264014,0.0,0.16396793119264014,0.37615367020011115,0,0
arsenal,ef53aa3a-f5fe-5a12-9743-66a2adc7f069,Kai Havertz,FWD,CAM,2,0.3089310913458248,1.0,0.6910689086541753,23.135551857024538,78.0,54.86444814297546,63.93936053420823,0,0
arsenal,8bac1cb7-1c33-563a-9137-8a394efb10f5,Myles Lewis-Skelly,DEF,LDM,2,0.5642256379712651,0.5,0.6885046719579051,55.471294752207484,53.5,50.835471264165136,52.80676601637262,0,0
arsenal,985b9a31-a1a8-56e4-8ff5-61888deeb760,Piero Hincapié,DEF,LCB,3,0.4242063708683202,0.6666666666666666,0.6426973673424727,26.058208926263674,43.666666666666664,42.75938333042126,49.46955454676876,0,1
arsenal,4c3f279c-cb21-57c6-9d58-3decef97625e,Bukayo Saka,MID,RAM,7,0.4321226319089105,0.42857142857142855,0.45955955137318216,36.74461136488323,31.857142857142858,35.82488251137564,75.37624902597923,1,0
arsenal,985b9a31-a1a8-56e4-8ff5-61888deeb760,Piero Hincapié,DEF,LB,14,0.6530905874364956,0.5714285714285714,0.4374553216575395,58.07245597020181,54.785714285714285,35.48679827717802,82.84631951600201,3,1
arsenal,0f08cbfd-21a3-57ae-9b9f-8692d62a6a24,Leandro Trossard,MID,LAM,3,0.8532355437854959,0.6666666666666666,0.3719960632763404,78.2888228139055,60.0,33.17129620668868,77.19017853089127,1,0
arsenal,70c234df-f148-59b3-b1f9-6d390e9cf562,Noni Madueke,MID,RW,16,0.35186675190751077,0.5625,0.5419323502118669,27.85300888712831,40.9375,32.022274546137275,68.9549206758693,0,2
arsenal,4c3f279c-cb21-57c6-9d58-3decef97625e,Bukayo Saka,MID,RW,10,0.6092721612017241,0.6,0.37598383851388484,54.962022008264626,57.5,30.108971606481465,79.89767267440044,1,1
arsenal,fef527c5-6c7c-57b6-9192-f9347f34904a,Martin Ødegaard,MID,RCM,17,0.39585882376814746,0.29411764705882354,0.41121990309399625,32.806910217604084,29.0,30.090485574437185,78.42962278727191,1,1
arsenal,4a30d43b-d2c4-514a-8544-4ba07f51e68a,Gabriel Martinelli Silva,MID,LAM,6,0.32026417793567313,0.16666666666666666,0.4431609921317987,26.200459469496636,28.833333333333332,28.405242616156304,79.01722362055433,0,1
arsenal,b6572497-1067-596a-a218-6e465214dcc8,Benjamin White,DEF,RB,17,0.2982753447819271,0.29411764705882354,0.33192478117504476,27.252987457488384,24.235294117647058,27.291745315137025,79.00702573032952,1,0
arsenal,234cf75e-2a33-5c20-84e6-e2da37e6e93e,Viktor Gyökeres,FWD,ST,17,0.7374174264071873,0.5882352941176471,0.41337599975291267,60.35849144640961,54.588235294117645,26.077704682714657,74.61767531719335,2,0
arsenal,b565eaae-40d9-5a94-8063-106bd85084b9,Cristhian Mosquera,DEF,RCB,16,0.26282172791109065,0.25,0.3671694582589949,22.7303803862882,29.1875,25.751801490945315,87.18851256258682,0,2
arsenal,fa80a3f3-4a6b-5450-b9b2-8a68571a21a4,Riccardo Calafiori,DEF,LB,17,0.2713023199820892,0.35294117647058826,0.34797796593874475,22.790062733424673,25.941176470588236,25.75107529516988,84.47887554139632,0,1
arsenal,33f66c9a-ce45-5380-86e0-7903760138c9,William Saliba,DEF,RCB,17,0.8691029770394022,0.8235294117647058,0.2789013492240136,78.45675525271031,74.11764705882354,24.9325605488869,84.98290024936584,3,0
arsenal,0f08cbfd-21a3-57ae-9b9f-8692d62a6a24,Leandro Trossard,MID,LW,14,0.5851886853226403,0.5,0.4516162791791789,48.26952677523667,49.214285714285715,24.5561669914001,74.80634094524163,1,1
arsenal,70c234df-f148-59b3-b1f9-6d390e9cf562,Noni Madueke,MID,RAM,1,0.34258053461900184,1.0,0.6574194653809982,20.480030850617453,45.0,24.519969149382547,24.519969149382547,0,0
arsenal,8bac1cb7-1c33-563a-9137-8a394efb10f5,Myles Lewis-Skelly,DEF,LB,15,0.17495161608814974,0.2,0.2572415131369668,17.41846424379752,18.6,23.470472153135812,81.74244948647373,0,2
arsenal,ef53aa3a-f5fe-5a12-9743-66a2adc7f069,Kai Havertz,FWD,ST,6,0.4186488388252149,0.5,0.4238592713362322,32.31853633895886,37.666666666666664,23.161593810726007,53.40804912634539,0,0
arsenal,ef53aa3a-f5fe-5a12-9743-66a2adc7f069,Kai Havertz,FWD,UNKNOWN,3,0.04281505105064035,0.3333333333333333,0.35574436079037325,3.582799453276518,20.0,21.844423852729363,57.39243659917926,0,1
arsenal,79caa72c-19b1-5ed2-9eea-49bec88916b3,Eberechi Eze,MID,CAM,11,0.6320651208038065,0.8181818181818182,0.38091719630562415,55.2933293907108,67.0,21.383975722003303,48.47229693336614,0,0
arsenal,7844404e-dd2c-5f68-9390-675ab60be346,Martín Zubimendi Ibáñez,MID,CM,15,0.7885167603525064,0.8,0.3055653033537552,73.17834997976523,70.86666666666666,19.90757028872262,64.17015942971435,1,0
arsenal,ef53aa3a-f5fe-5a12-9743-66a2adc7f069,Kai Havertz,FWD,RCM,6,0.22627000795418115,0.16666666666666666,0.30408385176228264,17.374231109592028,17.5,19.894549077109023,32.75742313260444,0,0
arsenal,1a956dd6-5231-5dd8-954b-7236c855bc20,Gabriel Fernando de Jesus,FWD,ST,15,0.15838318216269087,0.13333333333333333,0.25084615683684236,15.239215790194486,14.133333333333333,19.03898010806746,68.1574764962266,0,1
arsenal,4a30d43b-d2c4-514a-8544-4ba07f51e68a,Gabriel Martinelli Silva,MID,LW,11,0.42474143658618024,0.36363636363636365,0.4373424435397448,34.22632819575728,35.63636363636363,18.48116043297772,54.01209960207091,0,0
arsenal,a8d1cfeb-4f1e-53fc-a90a-4610ccf746c6,Declan Rice,MID,LCM,14,0.8774931539040812,0.9285714285714286,0.17918839647148196,76.90453758787932,80.57142857142857,18.040570284268945,80.72378008723324,1,0
arsenal,7844404e-dd2c-5f68-9390-675ab60be346,Martín Zubimendi Ibáñez,MID,RDM,2,0.7020610191764209,1.0,0.297938980823579,63.86554868005223,79.0,15.134451319947772,15.297911639688422,0,0
arsenal,a8d1cfeb-4f1e-53fc-a90a-4610ccf746c6,Declan Rice,MID,LDM,3,0.8297505719147059,1.0,0.17024942808529417,74.87571009948225,90.0,15.124289900517752,29.75058038739715,0,0
arsenal,77962072-d0d7-5304-8c20-9a75adfd2936,Jurriën Timber,DEF,RB,17,0.5966665719437603,0.5882352941176471,0.14183611953505504,49.576659369416475,47.8235294117647,14.044717791691875,47.82358624766351,0,0
arsenal,1a956dd6-5231-5dd8-954b-7236c855bc20,Gabriel Fernando de Jesus,FWD,UNKNOWN,2,0.2132384053921189,0.5,0.4096153317037762,31.74328665888962,45.0,13.25671334111038,18.0445697074181,0,0
arsenal,9ac55e79-9cb2-5ac5-ae8c-6a2ebd620277,David Raya Martin,GK,GK,17,0.905624017391971,0.9411764705882353,0.14386496743067717,82.02459840897299,84.70588235294117,12.483155126177373,83.31590504877809,1,0
arsenal,8901f1b0-9efa-5490-859d-c7c80fe69b52,Mikel Merino,MID,ST,17,0.15283220908710998,0.0,0.15283220908710998,13.725909455907734,5.470588235294118,12.25689897339777,53.346414393735316,0,0
arsenal,79caa72c-19b1-5ed2-9eea-49bec88916b3,Eberechi Eze,MID,RCM,6,0.3841242028785528,0.16666666666666666,0.3945390322778326,27.537789961635713,24.166666666666668,12.226153257270981,30.800054458473646,0,0
arsenal,b565eaae-40d9-5a94-8063-106bd85084b9,Cristhian Mosquera,DEF,RB,1,0.8411937473888103,1.0,0.15880625261118975,79.14204472501967,90.0,10.857955274980327,10.857955274980327,0,0
arsenal,291c5e04-2c65-573a-9493-d704d3de79de,Gabriel dos Santos Magalhães,DEF,LCB,17,0.8924394974182701,0.9411764705882353,0.1562453406868199,81.151598216192,87.3529411764706,10.660631160059381,37.90394969813677,1,0
arsenal,3bb649d5-6bd9-5f6f-ab96-003ed40fb0e5,Max Dowman,MID,UNKNOWN,17,0.057859375268852625,0.058823529411764705,0.1140279777816739,6.614781421236613,7.352941176470588,9.396097784138592,57.163933945082135,0,1
arsenal,47160bb8-b2e7-5eb8-8ca4-64757268e9ba,Christian Nørgaard,MID,UNKNOWN,17,0.051934375710005795,0.058823529411764705,0.10902724964776714,6.130265748032595,4.117647058823529,8.219394603898884,43.358185383702235,0,1
arsenal,eeb9fc59-f254-555c-b473-e81a697d50ea,Kepa Arrizabalaga,GK,UNKNOWN,17,0.03303499591366903,0.058823529411764705,0.08996820668682304,2.6476654152240258,5.294117647058823,7.788099954411686,88.69369358309511,0,1
arsenal,4e7e2452-fc18-56ea-affd-727b7b8276b6,Marli Salmon,DEF,UNKNOWN,17,0.02127063696892437,0.0,0.02127063696892437,1.726032779534289,0.0,1.726032779534289,4.1986294402391255,0,0
arsenal,e56ccbdf-4f96-5baa-8699-639841e474cf,Ethan Nwaneri,MID,UNKNOWN,17,0.015003664789501037,0.0,0.015003664789501037,1.2812386644881915,0.0,1.2812386644881915,3.5226776258890795,0,0
arsenal,a59c8c73-081c-5af5-b38a-63728986d689,Andre Harriman-Annous,MID,UNKNOWN,17,0.011861649928494583,0.0,0.011861649928494583,0.9767350960377188,0.0,0.9767350960377188,1.8860037230919309,0,0
arsenal,bb3b8274-9ec6-590d-960b-7359ace76c10,Tommy Setford,GK,UNKNOWN,17,0.010871092672209082,0.0,0.010871092672209082,0.8942477073777727,0.0,0.8942477073777727,2.254426145220669,0,0
arsenal,243f9c2e-b8f4-53d0-af55-74882ba4580b,Albert Sambi Lokonga,MID,UNKNOWN,17,0.001528441531717712,0.0,0.001528441531717712,0.12936662779482397,0.0,0.12936662779482397,0.24932535239432996,0,0
arsenal,70245325-9bbb-54d2-9b6b-e05fbcd8bb71,Fábio Ferreira Vieira,MID,UNKNOWN,17,0.001528441531717712,0.0,0.001528441531717712,0.12936662779482397,0.0,0.12936662779482397,0.24932535239432996,0,0
arsenal,a8b3a441-1675-58e1-8c43-6db19800fa7a,Ismeal Kabia,MID,UNKNOWN,17,0.001528441531717712,0.0,0.001528441531717712,0.12936662779482397,0.0,0.12936662779482397,0.24932535239432996,0,0
arsenal,0d3d9bb7-74e6-5cfb-b634-4f3c4989e24e,Maldini Kacurri,DEF,UNKNOWN,17,0.0015183586192523953,0.0,0.0015183586192523953,0.1278916900933012,0.0,0.1278916900933012,0.24695609746498728,0,0
arsenal,29956348-fac8-5e91-9982-9c49cd82dcb9,Josh Nichols,DEF,UNKNOWN,17,0.0015183586192523953,0.0,0.0015183586192523953,0.1278916900933012,0.0,0.1278916900933012,0.24695609746498728,0,0
arsenal,53f79086-b75b-5e77-bf4d-083e306c86f8,Brayden Clarke,DEF,UNKNOWN,17,0.0015183586192523953,0.0,0.0015183586192523953,0.1278916900933012,0.0,0.1278916900933012,0.24695609746498728,0,0
arsenal,703fb4f9-8d03-5326-a00f-f86e171d6e05,Jakub Kiwior,DEF,UNKNOWN,17,0.0015183586192523953,0.0,0.0015183586192523953,0.1278916900933012,0.0,0.1278916900933012,0.24695609746498728,0,0
arsenal,9f85ef17-226f-529f-aa02-602567d75521,Karl Hein,GK,UNKNOWN,17,0.0013622757209822863,0.0,0.0013622757209822863,0.11601859889048356,0.0,0.11601859889048356,0.2230884824506586,0,0
aston-villa,75f6d292-641f-53ef-a822-a86d1d9c8086,Douglas Luiz Soares de Paulo,MID,UNKNOWN,1,0.0015109602073748343,1.0,0.9984890397926252,0.2838785448822482,90.0,89.71612145511776,89.71612145511776,0,1
aston-villa,5dd58b2f-23b6-55e3-b59d-5617a42d6de1,Tammy Abraham,FWD,UNKNOWN,1,0.0020898851399006155,1.0,0.9979101148600994,0.7382154359641033,90.0,89.26178456403589,89.26178456403589,0,1
aston-villa,5cde41a6-f4dd-545d-93c5-e931c1be6f72,Evann Guessand,MID,RAM,3,0.32793282664805407,0.0,0.32793282664805407,33.455965730112084,24.0,54.74934553773357,74.25702621655074,1,0
aston-villa,d66fa01c-cc13-5ddf-bec4-31c90df4cade,Pau Torres,DEF,LCB,17,0.4361091667880529,0.47058823529411764,0.571289481629029,39.092157755486426,42.411764705882355,49.97250672366846,82.40390187836455,0,4
aston-villa,0af685cb-5dfb-5870-a8e7-c5f8568a71ad,Tyrone Mings,DEF,LCB,17,0.44173808056341163,0.5294117647058824,0.5356301898700288,39.222797957135235,48.529411764705884,47.190217040896925,82.19796601327415,1,1
aston-villa,b4f928ae-7ba3-580f-98d8-aafd811dfc4b,Lucas Digne,DEF,LB,17,0.49960254212183924,0.4117647058823529,0.5771367914100677,44.69909526887915,38.23529411764706,44.411457810680716,75.34866679847443,1,2
aston-villa,c462a624-2653-5229-87c5-bd5b685f0e3c,Lamare Bogarde,DEF,RB,10,0.3499317196957635,0.4,0.4877144231167144,35.662957751649365,37.3,43.29226011806406,75.5998430980326,0,1
aston-villa,359bea2a-202d-5b9f-be77-415683313cef,Ian Maatsen,DEF,LB,17,0.5872747863974257,0.5882352941176471,0.5255347496839229,53.10348599530001,53.05882352941177,40.149478907471995,71.31281403025284,3,0
aston-villa,c462a624-2653-5229-87c5-bd5b685f0e3c,Lamare Bogarde,DEF,RDM,7,0.3975411024953632,0.42857142857142855,0.5958565188276758,34.90872023937245,33.857142857142854,40.02154365225152,73.52305739551866,0,1
aston-villa,492c6463-bf4e-50f7-a6c1-23e8693ceea0,Amadou Onana,MID,LDM,6,0.4618225274488799,0.6666666666666666,0.4414445892554073,39.67006147139708,52.0,35.033247720870826,73.26579903447968,0,0
aston-villa,91321184-4f36-5c7d-80ee-090e5416c822,Marco Bizot,GK,GK,17,0.26030925170822444,0.11764705882352941,0.3373519581983637,25.40520223400087,10.588235294117647,32.142659937775676,81.9718306324952,0,1
aston-villa,cb53d8d9-b190-5b1f-adab-60f5562d5d10,Victor Lindelöf,DEF,LCB,17,0.28725914170105593,0.29411764705882354,0.364899265696906,26.13374875846205,22.176470588235293,30.825203144595413,85.02008321672602,0,2
aston-villa,7a546fa7-fe3d-5862-a0fc-4542c4583e9e,Ross Barkley,MID,CAM,5,0.6182556407405153,0.6,0.5741424619431192,55.45637432973579,61.8,30.053732597820776,48.4285481022357,1,0
aston-villa,3ec8e07c-7a46-5230-8927-d222d0ffa7dd,Ezri Konsa Ngoyo,DEF,RCB,17,0.8008407566803544,0.8235294117647058,0.3267307163178175,72.13762466503613,74.11764705882354,29.36544771921693,82.5843988049568,3,1
aston-villa,c200ab96-c995-5e7a-a713-5bac0dc5b3fa,Emiliano Buendía Stati,MID,LAM,17,0.5680332987349108,0.7058823529411765,0.44366713913544054,51.32661781042816,57.705882352941174,29.00507158121016,56.43788252344809,0,0
aston-villa,08c10373-3236-58f3-8488-9bc9fad8dfde,Jadon Sancho,MID,RAM,17,0.39572691592523696,0.4117647058823529,0.48178927014558326,32.66606721754736,33.0,28.841446227443715,59.753744624864524,0,2
aston-villa,3f25f3e8-deb4-5121-abaf-e0c9f890735f,John McGinn,MID,RAM,17,0.40459207726328683,0.47058823529411764,0.3393166247350481,32.381621687496775,33.05882352941177,28.152006156885857,74.11721884670351,1,1
aston-villa,2dc07ee0-9e62-54c5-a6ce-b50249434b2d,Matty Cash,DEF,RB,17,0.7925821668151696,0.8235294117647058,0.31225255588729484,68.61384742002828,73.23529411764706,26.43814448696538,80.88582301297144,2,0
aston-villa,492c6463-bf4e-50f7-a6c1-23e8693ceea0,Amadou Onana,MID,RDM,11,0.5597181998908665,0.5454545454545454,0.24986982299061777,49.482035261382656,50.63636363636363,23.75891725427109,80.24955295522174,1,0
aston-villa,db76d454-818a-5043-8d04-22e24f696027,Emiliano Martínez Romero,GK,GK,17,0.8390848951947487,0.8823529411764706,0.24415642602303703,73.87491277768346,79.41176470588235,23.63050620676803,77.75990642255535,2,1
aston-villa,5dd58b2f-23b6-55e3-b59d-5617a42d6de1,Tammy Abraham,FWD,ST,14,0.260626321111323,0.07142857142857142,0.31262110836799434,31.668560568037357,13.428571428571429,23.294174526009165,68.03876917252833,0,1
aston-villa,75f6d292-641f-53ef-a822-a86d1d9c8086,Douglas Luiz Soares de Paulo,MID,LDM,12,0.41227790968655187,0.3333333333333333,0.3534576110205287,33.908436157405326,29.166666666666668,21.251425372656623,55.055305480773896,0,1
aston-villa,fc551cf2-132e-5dac-a9b5-aaeb090b32b5,Leon Bailey,MID,RAM,11,0.26004125398031414,0.18181818181818182,0.344454336475479,24.19957863977702,23.636363636363637,21.030385849940583,77.3085824429447,0,1
aston-villa,75f6d292-641f-53ef-a822-a86d1d9c8086,Douglas Luiz Soares de Paulo,MID,RDM,2,0.6790115270553609,1.0,0.320988472944639,58.93660345103531,79.5,20.56339654896469,31.147928068596528,0,0
aston-villa,a46d13d4-ea9c-563c-80b3-0e4a2e2883b8,Ollie Watkins,FWD,ST,17,0.7995105851688538,0.8823529411764706,0.2810162011829699,68.73345380861684,74.82352941176471,20.353494743069923,81.094535387587,2,0
aston-villa,b95b9e81-9894-50ab-b2de-c2234cfde8c6,Youri Tielemans,MID,LDM,17,0.49866685394950777,0.47058823529411764,0.2504727750105414,43.90001170245176,42.64705882352941,20.3021197308077,60.93712225679192,1,0
aston-villa,fc551cf2-132e-5dac-a9b5-aaeb090b32b5,Leon Bailey,MID,UNKNOWN,6,0.12833908516856588,0.16666666666666666,0.25595491620020777,17.048672902624617,31.666666666666668,19.33059541091078,37.95718731824637,0,1
aston-villa,7a546fa7-fe3d-5862-a0fc-4542c4583e9e,Ross Barkley,MID,LDM,3,0.6187682110329911,1.0,0.381231788967009,53.96192417900326,70.33333333333333,16.395171825466058,35.10162161520819,0,0
aston-villa,77f6a9da-b2d4-5034-84c5-2580945368b8,Morgan Rogers,MID,CAM,15,0.9248983129067742,0.9333333333333333,0.13585640710812216,82.23052778396716,82.2,12.247409341769169,86.34257924378966,1,0
aston-villa,7a546fa7-fe3d-5862-a0fc-4542c4583e9e,Ross Barkley,MID,UNKNOWN,9,0.10515041371776007,0.1111111111111111,0.18356731296449813,14.27132465494833,23.333333333333332,11.715595693488902,54.56286452832996,0,1
aston-villa,4fd83b82-ea8a-5022-96ec-5b210b9695b8,Boubacar Kamara,MID,RDM,17,0.1035835817356572,0.0,0.1035835817356572,8.666003829545808,0.0,8.666003829545808,50.59961717573866,0,0
aston-villa,958d771e-00a9-59f9-a094-b799d8712588,Andrés García,DEF,UNKNOWN,17,0.04123741006907856,0.058823529411764705,0.09733294085841805,4.779333157764396,3.1176470588235294,6.862765331472472,42.86410381747665,0,1
aston-villa,77f6a9da-b2d4-5034-84c5-2580945368b8,Morgan Rogers,MID,LAM,2,0.9279167702987183,1.0,0.07208322970128173,83.92134264668161,90.0,6.078657353318391,7.348982792865243,0,0
aston-villa,78a5fb9b-0cc3-5ca8-9c14-4b1df8bc2701,Alysson Edward Franco da Rocha dos Santos,MID,UNKNOWN,17,0.02632425834011527,0.0,0.02632425834011527,4.451917762274153,2.764705882352941,5.616372004968575,20.939626499464516,0,0
aston-villa,d837c631-a257-5737-bc4d-ffd7f2b0021b,Donyell Malen,MID,ST,17,0.052871404289589814,0.0,0.052871404289589814,5.037495706129749,0.0,5.037495706129749,26.209288822391237,0,0
aston-villa,c99bcd9a-7c5c-5af7-a7b7-c656aaa7b5c0,George Hemmings,MID,UNKNOWN,17,0.024416800587041827,0.0,0.024416800587041827,3.2874125825187632,1.0,3.876276456962615,13.505342932772743,0,0
aston-villa,c3ed1064-989c-5d91-badd-450b776d7aa2,Harvey Elliott,MID,CAM,17,0.045275658527489354,0.0,0.045275658527489354,3.140997332585243,0.7647058823529411,3.48424846516808,12.710414330992908,0,0
aston-villa,10bf80fe-07e5-553b-a3ee-42780a276766,Jamaldeen Jimoh,MID,UNKNOWN,17,0.02114827980018085,0.0,0.02114827980018085,2.1360964594033263,0.0,2.1360964594033263,5.517386735445602,0,0
aston-villa,f9c97a6f-e17d-5698-8c75-c663ad76efc9,Bradley Burrowes,MID,UNKNOWN,17,0.01481579345636708,0.0,0.01481579345636708,1.2229597345877237,0.0,1.2229597345877237,2.7839441979922803,0,0
aston-villa,0149b1c8-68c4-54bd-8de0-efa8eb1f3390,Samuel Iling-Junior,MID,UNKNOWN,17,0.0019156925334381555,0.0,0.0019156925334381555,0.16022498216250433,0.0,0.16022498216250433,0.37212018396076535,0,0
aston-villa,6517ec6b-b699-5e53-b78b-8bbbcce330f1,Lewis Dobbin,MID,UNKNOWN,17,0.0019156925334381555,0.0,0.0019156925334381555,0.16022498216250433,0.0,0.16022498216250433,0.37212018396076535,0,0
aston-villa,6ab4d1ec-2347-5b21-a77c-9c1c7d979f72,Leander Dendoncker,MID,UNKNOWN,17,0.0019156925334381555,0.0,0.0019156925334381555,0.16022498216250433,0.0,0.16022498216250433,0.37212018396076535,0,0
aston-villa,6e6140a4-aa53-53d9-8294-65bcc27fb797,Enzo Barrenechea,MID,UNKNOWN,17,0.0019156925334381555,0.0,0.0019156925334381555,0.16022498216250433,0.0,0.16022498216250433,0.37212018396076535,0,0
aston-villa,776ca00b-064f-5962-b13e-39b9ecc19565,Ben Broggio,MID,UNKNOWN,17,0.0019156925334381555,0.0,0.0019156925334381555,0.16022498216250433,0.0,0.16022498216250433,0.37212018396076535,0,0
aston-villa,bcc6a105-7ef3-5eb5-9726-42cc4774fab6,Kadan Young,MID,UNKNOWN,17,0.0019156925334381555,0.0,0.0019156925334381555,0.16022498216250433,0.0,0.16022498216250433,0.37212018396076535,0,0
aston-villa,911a6c24-cbd6-51b5-a0e6-63141da5941a,TJ Carroll,DEF,UNKNOWN,17,0.001903061996444003,0.0,0.001903061996444003,0.15876953724031362,0.0,0.15876953724031362,0.368514687108122,0,0
aston-villa,a4798308-8b08-58ce-bee3-f8f992c39433,Leon Routh,DEF,UNKNOWN,17,0.001903061996444003,0.0,0.001903061996444003,0.15856567157774903,0.0,0.15856567157774903,0.368514687108122,0,0
aston-villa,a465fc20-4efd-5bc6-8425-d03b549097a3,Travis Patterson,DEF,UNKNOWN,17,0.001903061996444003,0.0,0.001903061996444003,0.15849867676124413,0.0,0.15849867676124413,0.368514687108122,0,0
aston-villa,a77f0bd7-b9b5-51f5-af70-c69a28ce9a92,Triston Rowe,DEF,UNKNOWN,17,0.001903061996444003,0.0,0.001903061996444003,0.15849867676124413,0.0,0.15849867676124413,0.368514687108122,0,0
aston-villa,c3bdffac-23a6-5dc0-afbc-2dac9debaaec,Lino Sousa,DEF,UNKNOWN,17,0.001903061996444003,0.0,0.001903061996444003,0.15849867676124413,0.0,0.15849867676124413,0.368514687108122,0,0
aston-villa,df661983-7efb-5039-9382-a6bb05a46fca,Alexandre Moreno Lopera,DEF,UNKNOWN,17,0.001903061996444003,0.0,0.001903061996444003,0.15849867676124413,0.0,0.15849867676124413,0.368514687108122,0,0
aston-villa,ff6ac8b3-f76c-56db-8744-bf4a56390581,Yasin Özcan,DEF,UNKNOWN,17,0.001903061996444003,0.0,0.001903061996444003,0.15849867676124413,0.0,0.15849867676124413,0.368514687108122,0,0
aston-villa,89ce4151-856a-5f41-95d3-f389f8485b67,Zépiqueno Redmond,FWD,UNKNOWN,17,0.001807809037676898,0.0,0.001807809037676898,0.15128984015186542,0.0,0.15128984015186542,0.35136386974471456,0,0
aston-villa,403473dc-0639-5520-b946-3672b4d2eb76,Filip Marschall,GK,UNKNOWN,17,0.001707530154134398,0.0,0.001707530154134398,0.14358357775647307,0.0,0.14358357775647307,0.33310145862686835,0,0
aston-villa,4eff34eb-4869-5c38-bfd5-d8fdac31cd65,Ronnie Hollingshead,GK,UNKNOWN,17,0.001707530154134398,0.0,0.001707530154134398,0.14358357775647307,0.0,0.14358357775647307,0.33310145862686835,0,0
aston-villa,a0358c69-0ee6-5665-8e69-284ac90e79e2,Sam Proctor,GK,UNKNOWN,17,0.001707530154134398,0.0,0.001707530154134398,0.14358357775647307,0.0,0.14358357775647307,0.33310145862686835,0,0
aston-villa,a5e88d98-0294-52ef-9968-f81bd1db5d39,James Wright,GK,UNKNOWN,17,0.001707530154134398,0.0,0.001707530154134398,0.14358357775647307,0.0,0.14358357775647307,0.33310145862686835,0,0
aston-villa,bd5307f1-09ef-54fa-a533-e5a4d61dba38,Joe Gauci,GK,UNKNOWN,17,0.001707530154134398,0.0,0.001707530154134398,0.14358357775647307,0.0,0.14358357775647307,0.33310145862686835,0,0
brentford,3dabd7b1-0f28-5272-86ae-4c5392e1aa45,Sepp van den Berg,DEF,RCB,3,0.587523498511959,0.3333333333333333,0.6014354075717884,54.607316250334996,32.666666666666664,51.19530086423274,84.08393518001988,1,0
brentford,0fc3de1a-eecc-53a7-b727-451560c890d1,Kristoffer Ajer,DEF,RCB,17,0.620669372127791,0.5294117647058824,0.38231898078560556,55.603818996691565,49.05882352941177,31.46491602224271,69.58249723620219,2,0
brentford,f10b2a81-0b74-578a-872a-ded3a4da9ea0,Mikkel Damsgaard,MID,CAM,17,0.5844001992743726,0.6470588235294118,0.3457278253163356,49.314819049091106,52.11764705882353,26.4535406077079,68.18226658086351,1,0
brentford,c5c12262-4fce-5d62-89d5-5e4ae2679565,Keane Lewis-Potter,DEF,RAM,5,0.39486155778361365,0.4,0.4495154831709092,33.717614263986576,36.4,25.957597324182068,52.15231834978371,0,0
brentford,e4c8a2d7-919b-5751-8fe8-5d4c55df8256,Kevin Schade,MID,LAM,17,0.6953003619765266,0.7647058823529411,0.2760656674020278,56.90425332035138,64.6470588235294,25.948178689164486,51.841057892937826,1,0
brentford,bb04fd88-02f4-5b58-a126-01b07e773bd8,Nathan Collins,DEF,LCB,15,0.7752926685471238,0.6666666666666666,0.324000205735839,71.98684892087431,65.0,25.440273692830555,77.63294838949784,3,0
brentford,c5c12262-4fce-5d62-89d5-5e4ae2679565,Keane Lewis-Potter,DEF,LAM,6,0.5739507073175605,0.6666666666666666,0.31945114696094706,48.21992836181719,56.0,24.372337553892667,65.177095130482,0,0
brentford,d3c7337d-334b-58de-b6a2-e7e1ce9a18ea,Jordan Henderson,MID,RDM,17,0.35095569077976985,0.4117647058823529,0.3716014517722223,31.2042634180313,33.05882352941177,22.34807384919757,67.29369549952295,0,0
brentford,9c63b373-5b16-5d1a-8ee1-2b35708a7892,Dango Ouattara,MID,RAM,17,0.7261614867428033,0.7647058823529411,0.2859896141176481,65.8800700818445,71.17647058823529,20.842693981628205,61.13551783286883,2,0
brentford,9a8ecf00-4990-5980-88ac-7e6f3426cc04,Yegor Yarmoliuk,MID,RDM,17,0.7885261226877587,0.6470588235294118,0.37253634467039215,70.35366816909782,64.0,20.718323997116162,79.4389728136551,2,0
brentford,2f4a5cd6-8238-5ff2-9cac-0239ae561506,Hákon Valdimarsson,GK,UNKNOWN,7,0.0641458502949827,0.14285714285714285,0.1831047564459154,5.069023602479054,12.857142857142858,16.03814731474544,83.39193299293235,0,1
brentford,1ef77ed3-fd32-5bdb-aa75-d9414ac14df0,Vitaly Janelt,MID,LDM,17,0.43343338674330983,0.47058823529411764,0.18020777004599187,35.951145664974554,39.76470588235294,15.80604209694375,57.88859393190539,0,0
brentford,68341849-eb35-5296-a270-848df8393917,Michael Kayode,DEF,RB,17,0.8813837758401492,0.9411764705882353,0.1694523556864283,78.55175627943827,84.11764705882354,15.470708766670361,84.19095289192327,1,0
brentford,e9e9ef49-852e-55b1-9544-097415eb392b,Aaron Hickey,DEF,LB,17,0.1574386766780557,0.11764705882352941,0.24018179333134626,12.656008414960693,10.176470588235293,14.656062394066337,52.89732847955642,0,2
brentford,2a5fa9ad-82a2-52c4-bba0-61a641eb0d07,Ethan Pinnock,DEF,LCB,10,0.08031436299391174,0.1,0.1734532878570036,5.939071766229189,9.0,14.42552264491169,87.4322543934125,0,1
brentford,e5d36ad0-dba5-56c7-a5d2-b091b2fa1b0d,Mathias Jensen,MID,LDM,5,0.8760179228741152,1.0,0.12398207712588487,77.14843484639198,82.8,14.181443332305644,34.031321480214956,0,0
brentford,e5d36ad0-dba5-56c7-a5d2-b091b2fa1b0d,Mathias Jensen,MID,CAM,11,0.8423011155594867,1.0,0.15769888444051333,75.60060200899058,89.63636363636364,14.035761627373065,34.11476834294823,0,0
brentford,3cfeb2a8-cad5-5980-9946-aecc5eb2b011,Caoimhin Kelleher,GK,GK,17,0.8968498014005241,0.9411764705882353,0.15364190191699187,80.95225867632197,84.70588235294117,13.632894745160769,83.9738040826033,1,0
brentford,04c00d3c-a507-5c56-8464-e17ca313c99d,Rico Henry,DEF,LB,17,0.448479269115598,0.47058823529411764,0.17228741281493065,35.52556689735695,35.88235294117647,12.962510494708471,63.63239603922342,0,0
brentford,3dabd7b1-0f28-5272-86ae-4c5392e1aa45,Sepp van den Berg,DEF,LCB,14,0.7861120988030207,0.8571428571428571,0.15949531214653498,72.76022036669472,80.92857142857143,12.565009654497189,30.77661014834346,0,0
brentford,c5c12262-4fce-5d62-89d5-5e4ae2679565,Keane Lewis-Potter,DEF,LB,6,0.8615867123264097,1.0,0.13841328767359032,78.87424849726027,89.66666666666667,10.792418169406398,16.427489264551824,0,0
brentford,2a5fa9ad-82a2-52c4-bba0-61a641eb0d07,Ethan Pinnock,DEF,CB,7,0.10753548607629637,0.0,0.10753548607629637,9.768612675903427,0.0,9.768612675903427,45.7550305901076,0,0
brentford,87151194-80fd-5b68-bbdf-f224a0c09158,Reiss Nelson,MID,UNKNOWN,17,0.06395876598343586,0.0,0.06395876598343586,7.971581503870878,4.0,9.559271680841036,40.88033912945934,0,0
brentford,bb04fd88-02f4-5b58-a126-01b07e773bd8,Nathan Collins,DEF,RCB,2,0.8943834631353615,1.0,0.1056165368646384,82.52275719992438,90.0,7.477242800075615,8.754656279461614,0,0
brentford,2f4a5cd6-8238-5ff2-9cac-0239ae561506,Hákon Valdimarsson,GK,GK,10,0.07355353204223743,0.0,0.07355353204223743,6.75928878063191,0.0,6.75928878063191,37.097722266220885,0,0
brentford,a23baf91-ec47-50be-b8ff-f71c64818005,Igor Thiago Nascimento Rodrigues,FWD,ST,17,0.901000486173625,1.0,0.09899951382637495,83.2428487958108,90.0,6.757151204189206,12.961066386308133,0,0
brentford,b984befd-344f-5d67-a3ff-50b9a56e45a2,Romelle Donovan,MID,UNKNOWN,17,0.04723258933020668,0.0,0.04723258933020668,6.155905420931833,2.235294117647059,5.515943536722274,15.682789649531939,0,0
brentford,4cf06c6b-b8c9-5159-90b0-88803e09c4a1,Fábio Freitas Gouveia Carvalho,MID,LAM,17,0.03185413497372883,0.0,0.03185413497372883,2.9762342194186506,0.0,2.9762342194186506,7.990880874231643,0,0
brentford,e5d36ad0-dba5-56c7-a5d2-b091b2fa1b0d,Mathias Jensen,MID,RAM,1,0.8450739860690663,1.0,0.15492601393093375,77.81200368657643,75.0,2.812003686576432,2.812003686576432,0,0
brentford,f7819d5a-97b7-5cd3-b00d-4a24f02de6d0,Kaye Furo,FWD,UNKNOWN,17,0.022590795082463304,0.0,0.022590795082463304,2.115882476936903,0.058823529411764705,2.0570589475251384,5.539106253110356,0,0
brentford,4ec42b84-392d-57a7-92df-daad5757198d,Myles Peart-Harris,MID,UNKNOWN,17,0.018371805943893503,0.0,0.018371805943893503,1.7539935116981837,0.0,1.7539935116981837,3.9924503341450137,0,0
brentford,5b43c35a-b3de-551b-9414-8d197b694796,Benjamin Arthur,DEF,UNKNOWN,17,0.02035505630151743,0.0,0.02035505630151743,1.64285134491969,0.0,1.64285134491969,3.8072172615761746,0,0
brentford,f73bea41-d2c0-55f4-af54-36b47dcde7d3,Yunus Konak,MID,UNKNOWN,17,0.019917173069825028,0.0,0.019917173069825028,1.6126225559323308,0.0,1.6126225559323308,3.8362585179890303,0,0
brentford,264b0f60-fa6c-50b7-8ef3-421507dcd83e,Luka Bentt,MID,UNKNOWN,15,0.01892797085738847,0.0,0.01892797085738847,1.5868954213281683,0.0,1.5868954213281683,3.836185328198002,0,0
brentford,cd93311b-58a9-510b-8120-ba03b92e7228,Frank Onyeka,MID,UNKNOWN,17,0.0169279703755378,0.0,0.0169279703755378,1.3818432690802083,0.0,1.3818432690802083,3.81868688076389,0,0
brentford,d6b7449d-0441-5bbc-b84b-21746e1dad97,Gustavo Nunes Fernandes Gomes,MID,UNKNOWN,17,0.016894036168919033,0.0,0.016894036168919033,1.3700405899698684,0.0,1.3700405899698684,3.836260413186758,0,0
brentford,dc426f23-df1b-5d0d-9706-56cdf33051e4,Antoni Milambo,MID,CAM,17,0.027004285868912816,0.0,0.027004285868912816,1.2805164571380325,0.0,1.2805164571380325,3.4861178449888977,0,0
brentford,5b437fb1-87e8-5470-a8b1-31f7023f6c2a,Josh Dasilva,MID,UNKNOWN,17,0.00970996371707563,0.0,0.00970996371707563,1.197307217917574,0.11764705882352941,1.1741362184523254,7.982801339555147,0,0
brentford,49be184d-c700-5f44-b645-1ba5d87d644b,Riley Owen,MID,UNKNOWN,7,0.0038542505636084265,0.0,0.0038542505636084265,0.5044686191417073,0.0,0.5044686191417073,2.3600378583923467,0,0
brentford,84a81438-2d6f-5b57-9f53-a19eb89da5ec,Conor McManus,DEF,UNKNOWN,8,0.0030161751020355947,0.0,0.0030161751020355947,0.3451491611263424,0.0,0.3451491611263424,1.0887200715738181,0,0
brentford,a6ed8ddf-dbbe-57e0-85cb-f4de4f26a559,Joshua Stephenson,DEF,UNKNOWN,8,0.0030161751020355947,0.0,0.0030161751020355947,0.3451491611263424,0.0,0.3451491611263424,1.0887200715738181,0,0
brentford,bb2b3164-02e8-5f8e-a60c-627d9ed7a85b,Ollie Shield,DEF,UNKNOWN,11,0.0025860485832698565,0.0,0.0025860485832698565,0.27950462545541027,0.0,0.27950462545541027,1.0344923140424818,0,0
brentford,a0dfa4d7-9b37-5a30-a0cf-b03abfdc34be,Paris Maghoma,MID,UNKNOWN,17,0.0021930103748890105,0.0,0.0021930103748890105,0.18139883784123553,0.0,0.18139883784123553,0.516248247872491,0,0
brentford,c28ae9a8-3584-5002-85a9-89ca8147f495,Ryan Trevitt,MID,UNKNOWN,17,0.0021930103748890105,0.0,0.0021930103748890105,0.18139883784123553,0.0,0.18139883784123553,0.516248247872491,0,0
brentford,1f00be1d-f337-5d52-8681-3b0fa688f138,Jayden Meghoma,DEF,UNKNOWN,17,0.0021785593273907105,0.0,0.0021785593273907105,0.17955847180217674,0.0,0.17955847180217674,0.5117622663125698,0,0
brentford,4529cc9c-0d9e-5c75-9cdb-c96823dbb4bb,Ji-Soo Kim,DEF,UNKNOWN,17,0.0021785593273907105,0.0,0.0021785593273907105,0.17955847180217674,0.0,0.17955847180217674,0.5117622663125698,0,0
brentford,64ea5a0c-6a53-55f2-ae6f-2b9d19c3ef4c,Benjamin Fredrick,DEF,UNKNOWN,17,0.0021785593273907105,0.0,0.0021785593273907105,0.17955847180217674,0.0,0.17955847180217674,0.5117622663125698,0,0
brentford,a99d4078-6d91-5523-9b16-44a8f956825f,Mads Roerslev Rasmussen,DEF,UNKNOWN,17,0.0021785593273907105,0.0,0.0021785593273907105,0.17955847180217674,0.0,0.17955847180217674,0.5117622663125698,0,0
brentford,bacd8263-8eeb-5ef3-b645-49a241fa83d9,Iwan Morgan,FWD,UNKNOWN,17,0.002069573657197846,0.0,0.002069573657197846,0.17127256375346467,0.0,0.17127256375346467,0.487435962451135,0,0
brentford,4bebf70a-f9d7-55fe-8796-9a275b3e9028,Ellery Balcombe,GK,UNKNOWN,17,0.00195483104557885,0.0,0.00195483104557885,0.16243629192091308,0.0,0.16243629192091308,0.46162348981378115,0,0
brentford,55869120-1b6d-5919-931f-3dde3bca7732,Julian Eyestone,GK,UNKNOWN,17,0.00195483104557885,0.0,0.00195483104557885,0.16243629192091308,0.0,0.16243629192091308,0.46162348981378115,0,0
brentford,dea74422-f842-5f22-bd36-3db6e8fed901,Matthew Cox,GK,UNKNOWN,17,0.00195483104557885,0.0,0.00195483104557885,0.16243629192091308,0.0,0.16243629192091308,0.46162348981378115,0,0
brighton-hove-albion,8336ddce-f2ef-5ef6-8084-2f36c38c78c2,Olivier Boscagli,DEF,LB,2,0.3987378099647244,0.5,0.7324593081902081,36.0474180285322,45.0,65.00678559069868,73.95936756216648,0,1
brighton-hove-albion,e951e717-39ca-59bd-bf7f-6e59ece9fd54,Georginio Rutter,MID,CAM,8,0.44514985873802804,0.375,0.6045232614485809,37.40454007360065,32.0,44.82486340166367,81.35973165790013,1,1
brighton-hove-albion,8336ddce-f2ef-5ef6-8084-2f36c38c78c2,Olivier Boscagli,DEF,LCB,15,0.4112118045886582,0.4,0.44666469207001563,39.809651955325236,37.8,39.02324353422592,77.88233049802639,1,3
brighton-hove-albion,85e0702e-8a5f-5470-a46a-a212a63f3661,Joël Veltman,DEF,RB,17,0.36979925647077483,0.17647058823529413,0.43741432828483734,39.7747142372545,27.294117647058822,34.85415545137685,71.83939925985915,0,1
brighton-hove-albion,2158389c-94df-554d-8089-885e17fa9cbe,Carlos Baleba,MID,LDM,1,0.7866198220653473,0.0,0.7866198220653473,64.91472230575465,31.0,33.91472230575465,33.91472230575465,0,0
brighton-hove-albion,de6b06be-d7b4-506e-9177-df5cf336214a,Yasin Ayari,MID,RDM,17,0.4108879800749992,0.23529411764705882,0.38535772367326393,38.550847130016095,23.647058823529413,32.31559316363756,82.46287047357366,3,0
brighton-hove-albion,bec3b39e-5fff-5ae4-a7ba-ba525d5b3911,Diego Gómez,MID,CAM,5,0.5613781298058184,0.6,0.4693519929457647,45.77149263271796,50.8,32.2820182561852,64.01877286772505,1,0
brighton-hove-albion,bec3b39e-5fff-5ae4-a7ba-ba525d5b3911,Diego Gómez,MID,RAM,8,0.535844530473134,0.5,0.3119708351523077,41.6086327015893,34.875,29.740845282792954,74.7323808862339,1,0
brighton-hove-albion,e951e717-39ca-59bd-bf7f-6e59ece9fd54,Georginio Rutter,MID,ST,9,0.40206876921001433,0.1111111111111111,0.4315111089834544,40.038877634015556,20.444444444444443,29.139182256378863,67.79482091835443,0,0
brighton-hove-albion,a5750705-f098-5007-84b9-214a2063f4c8,James Milner,MID,RDM,10,0.25257320603645284,0.3,0.36325920469106043,26.213358250729975,22.3,28.63646954285298,70.33563724657421,0,2
brighton-hove-albion,2158389c-94df-554d-8089-885e17fa9cbe,Carlos Baleba,MID,RDM,16,0.4088405584721479,0.5625,0.37395462417455094,34.214896367827755,45.0625,28.234957357375055,65.90675243387082,0,0
brighton-hove-albion,b0761079-7e99-5095-aa38-877404766193,Jack Hinshelwood,MID,LDM,5,0.3542199601799684,0.4,0.36704905809588495,30.650650717665872,32.6,25.908295743217316,69.41139049937843,0,0
brighton-hove-albion,b4dab7b7-e19a-5e09-89be-21a334277de4,Maxim De Cuyper,DEF,LB,17,0.3296724356873228,0.29411764705882354,0.3307836806137269,29.370171769615286,25.235294117647058,25.514293416751894,62.88147955992957,0,0
brighton-hove-albion,a5750705-f098-5007-84b9-214a2063f4c8,James Milner,MID,LDM,6,0.14900411350447662,0.16666666666666666,0.1903781758176708,18.286853984152064,27.833333333333332,24.630878713294877,57.938910045917474,0,0
brighton-hove-albion,a07371ec-857a-5545-8632-0e982ad6b1be,Kaoru Mitoma,MID,LAM,17,0.5906012942360391,0.6470588235294118,0.3003108860086807,51.728129532579366,57.11764705882353,23.948141871614254,58.197582344093085,0,0
brighton-hove-albion,a93b852e-6cc5-59da-a7e7-213f7dec5f1b,Lewis Dunk,DEF,LCB,17,0.6886710978106186,0.7058823529411765,0.2677587220445056,62.98690486448533,63.64705882352941,23.39296771630481,82.04679544943649,2,0
brighton-hove-albion,241cebf3-67a3-5813-9b2f-43078d129f42,Danny Welbeck,FWD,ST,17,0.6984281153644245,0.8235294117647058,0.3916411113981784,60.423125521564224,66.82352941176471,23.389212605253324,61.43936292573471,1,0
brighton-hove-albion,e8f9ae6c-524f-581f-b52e-91657ed81bf5,Mats Wieffer,MID,RB,17,0.4075753646231074,0.5882352941176471,0.25908595095211934,31.504294012628026,42.470588235294116,22.778162228997022,86.55349430998277,0,2
brighton-hove-albion,f6f6439f-07ed-5fba-988d-36a0c8ad3580,Yankuba Minteh,MID,RAM,17,0.5552075227262764,0.47058823529411764,0.3379005693219143,45.890572085825106,49.76470588235294,22.23339765229504,39.37651915319441,1,0
brighton-hove-albion,a5750705-f098-5007-84b9-214a2063f4c8,James Milner,MID,CM,1,0.5913536069806249,1.0,0.4086463930193751,65.20659008478987,85.0,19.793409915210134,19.793409915210134,0,0
brighton-hove-albion,b0761079-7e99-5095-aa38-877404766193,Jack Hinshelwood,MID,CAM,9,0.7442981748834153,1.0,0.25570182511658474,62.59523240539753,81.66666666666667,19.071434261269133,39.88540660853654,0,0
brighton-hove-albion,f941023a-8afb-5610-bf89-e6cc352c84c9,Harry Howell,MID,UNKNOWN,4,0.02510797417074801,0.25,0.2616021317754499,2.0200443342715735,17.5,18.437502259443193,67.83491585034324,0,1
brighton-hove-albion,5bb0cf13-0fc0-5a3b-a79f-a3be5c5eb24e,Jan Paul van Hecke,DEF,RCB,17,0.8471532943583523,0.9411764705882353,0.20177675967100037,74.94982518328823,82.94117647058823,17.69266702623272,82.46118378092807,1,0
brighton-hove-albion,bec3b39e-5fff-5ae4-a7ba-ba525d5b3911,Diego Gómez,MID,RW,3,0.8367038922638258,1.0,0.16329610773617428,68.01617965788162,83.66666666666667,16.967069070478242,26.449344569330613,0,0
brighton-hove-albion,b0761079-7e99-5095-aa38-877404766193,Jack Hinshelwood,MID,LCM,3,0.7797378756993649,1.0,0.2202621243006351,71.91802216336716,82.66666666666667,15.742597989790665,26.391348018161985,0,0
brighton-hove-albion,8c21213e-5c0e-56d3-81ae-b95f9e5b7c53,Brajan Gruda,MID,CAM,1,0.49635840119188607,1.0,0.503641598808114,49.95661773536199,65.0,15.043382264638012,15.043382264638012,0,0
brighton-hove-albion,29b8ba2a-672c-5467-b297-bb4fcd65f263,Charalampos Kostoulas,FWD,ST,17,0.1577007857570832,0.058823529411764705,0.18866870844630593,16.682619410412094,10.823529411764707,14.425686575316906,53.86605644126992,0,0
brighton-hove-albion,bec3b39e-5fff-5ae4-a7ba-ba525d5b3911,Diego Gómez,MID,LAM,1,0.6887218190762032,1.0,0.3112781809237968,54.59497345479338,65.0,10.405026545206617,10.405026545206617,0,0
brighton-hove-albion,8c21213e-5c0e-56d3-81ae-b95f9e5b7c53,Brajan Gruda,MID,RAM,16,0.1435975169524692,0.0,0.1435975169524692,10.341050603163785,0.0,10.341050603163785,50.955364369443004,0,0
brighton-hove-albion,eb26516f-9061-5a83-a316-5cd4bef43df5,Pascal Groß,MID,LDM,12,0.8758975319712295,1.0,0.1241024680287704,81.23844688149863,89.75,8.51155311850137,13.802836622154416,0,0
brighton-hove-albion,f941023a-8afb-5610-bf89-e6cc352c84c9,Harry Howell,MID,RAM,13,0.0954920582299451,0.0,0.0954920582299451,8.82121707302908,1.6923076923076923,8.213333095546975,18.295266123148433,0,0
brighton-hove-albion,eb26516f-9061-5a83-a316-5cd4bef43df5,Pascal Groß,MID,LCM,5,0.8902097986152372,1.0,0.10979020138476277,82.29946366723141,90.0,7.700536332768595,10.187937204852716,0,0
brighton-hove-albion,962c06ed-3fb4-5908-98c9-be26b5491e6c,Ferdi Kadioglu,DEF,LB,17,0.894148121693668,1.0,0.10585187830633205,82.63623220929243,89.88235294117646,7.246120731884034,12.608103196847168,0,0
brighton-hove-albion,9720eb96-9da3-5717-9ed4-45874361e243,Bart Verbruggen,GK,GK,17,0.9164472480539503,1.0,0.08355275194604973,82.97156186505521,90.0,7.02843813494479,13.988611346222612,0,0
brighton-hove-albion,7b8905f9-3045-5c8d-9f0a-ed998a0d417a,Matt O'Riley,MID,CAM,17,0.05026317548221166,0.0,0.05026317548221166,6.451459255331021,1.4705882352941178,6.989925268672005,17.10865323560006,0,0
brighton-hove-albion,c8138451-1f86-5025-a3dd-94d71340efab,Diego Coppola,DEF,RCB,17,0.04487251453712877,0.0,0.04487251453712877,3.9694143091128677,0.0,3.9694143091128677,13.429518982065092,0,0
brighton-hove-albion,65252572-e474-5eab-a75e-02367b186eb6,Solly March,MID,UNKNOWN,17,0.020297649748525416,0.0,0.020297649748525416,2.4818296316201383,2.235294117647059,3.4036905249036,22.665574298995306,0,0
brighton-hove-albion,126dee9c-b54b-5652-8798-46183678b962,Tom Watson,MID,UNKNOWN,17,0.019967035326474657,0.0,0.019967035326474657,2.647547436217282,0.0,2.647547436217282,10.314494836119312,0,0
brighton-hove-albion,dfac9811-cc18-58e5-81d2-b7fa8135945b,Jason Steele,GK,UNKNOWN,17,0.02484271283304947,0.0,0.02484271283304947,2.0036949501440775,0.0,2.0036949501440775,5.155311997806201,0,0
brighton-hove-albion,d353e410-e488-5bca-8e63-b0faaf5f9627,Nehemiah Oriola,MID,UNKNOWN,17,0.01599478155283724,0.0,0.01599478155283724,1.3151827499914321,0.0,1.3151827499914321,3.1564629420137793,0,0
brighton-hove-albion,1f50297a-f30b-5940-aed9-50b9422a087e,Joe Knight,MID,UNKNOWN,17,0.0159947572945996,0.0,0.0159947572945996,1.3151779457006916,0.0,1.3151779457006916,3.1564625417194967,0,0
brighton-hove-albion,00ad5869-a47a-5c59-b975-adb72270f617,Charlie Tasker,DEF,UNKNOWN,17,0.015889571641564827,0.0,0.015889571641564827,1.2932711040392673,0.0,1.2932711040392673,3.153185162902029,0,0
brighton-hove-albion,48ac53a0-cc4d-5091-97ab-1bfa01220791,Stefanos Tzimas,FWD,ST,17,0.027384343475307358,0.0,0.027384343475307358,0.9712745629984184,0.0,0.9712745629984184,1.8599119358688072,0,0
brighton-hove-albion,6e21ee2c-7d42-59f6-9ab0-1b28ff340661,Igor Julio dos Santos de Paulo,DEF,UNKNOWN,15,0.002492308331346266,0.0,0.002492308331346266,0.24227714438407594,0.0,0.24227714438407594,0.5676892371786517,0,0
brighton-hove-albion,0aeece15-3538-5151-935f-97e640a48a21,Jeremy Sarmiento Morante,MID,UNKNOWN,17,0.002070532292956327,0.0,0.002070532292956327,0.17286188783480477,0.0,0.17286188783480477,0.4258401205836032,0,0
brighton-hove-albion,251dcb1d-c3df-5f9a-94ea-1931739dbafe,Adrian Mazilu,MID,UNKNOWN,17,0.002070532292956327,0.0,0.002070532292956327,0.17286188783480477,0.0,0.17286188783480477,0.4258401205836032,0,0
brighton-hove-albion,303c3ac4-bfae-536a-a3e8-ab8d6e6ad9e3,Julio Enciso,MID,UNKNOWN,17,0.002070532292956327,0.0,0.002070532292956327,0.17286188783480477,0.0,0.17286188783480477,0.4258401205836032,0,0
brighton-hove-albion,557cf0bf-a115-54fd-bb9e-5a6f95a71265,Abdallah Sima,MID,UNKNOWN,17,0.002070532292956327,0.0,0.002070532292956327,0.17286188783480477,0.0,0.17286188783480477,0.4258401205836032,0,0
brighton-hove-albion,8cb2efea-6f9d-5d62-8a23-00ed1f64956d,Andrew Moran,MID,UNKNOWN,17,0.002070532292956327,0.0,0.002070532292956327,0.17286188783480477,0.0,0.17286188783480477,0.4258401205836032,0,0
brighton-hove-albion,b65bed9a-d93e-523d-9e4c-f70189353ac0,Malick Yalcouyé,MID,UNKNOWN,17,0.002070532292956327,0.0,0.002070532292956327,0.17286188783480477,0.0,0.17286188783480477,0.4258401205836032,0,0
brighton-hove-albion,8289350b-f830-5496-9137-32f7b3f77d43,Freddie Simmonds,DEF,UNKNOWN,17,0.002056882857151619,0.0,0.002056882857151619,0.17108802008208635,0.0,0.17108802008208635,0.4218953142055465,0,0
brighton-hove-albion,3917f1b2-1d96-56d9-af9f-d6585f6ebf10,Adam Webster,DEF,UNKNOWN,17,0.002056882857151619,0.0,0.002056882857151619,0.1710152266201141,0.0,0.1710152266201141,0.4218953142055465,0,0
brighton-hove-albion,64fa3e13-ccee-56ad-b6f3-2c60afe4a2ff,Jacob Slater,DEF,UNKNOWN,17,0.002056882857151619,0.0,0.002056882857151619,0.1710152266201141,0.0,0.1710152266201141,0.4218953142055465,0,0
brighton-hove-albion,9bb8e7d2-a8e3-5342-9f34-48fbca039eb0,Pervis Estupiñán,DEF,UNKNOWN,17,0.002056882857151619,0.0,0.002056882857151619,0.1710152266201141,0.0,0.1710152266201141,0.4218953142055465,0,0
brighton-hove-albion,bb1c6b45-f46d-5df3-baab-d20837cbe113,Eiran Cashin,DEF,UNKNOWN,17,0.002056882857151619,0.0,0.002056882857151619,0.1710152266201141,0.0,0.1710152266201141,0.4218953142055465,0,0
brighton-hove-albion,d8501eba-6bc4-5ac0-9a1f-fa248d1c9ab2,Tariq Lamptey,DEF,UNKNOWN,17,0.002056882857151619,0.0,0.002056882857151619,0.1710152266201141,0.0,0.1710152266201141,0.4218953142055465,0,0
brighton-hove-albion,28ce41ec-3e1f-5839-935c-32db711adacd,Evan Ferguson,FWD,UNKNOWN,17,0.0019539450432381413,0.0,0.0019539450432381413,0.16322088831723966,0.0,0.16322088831723966,0.4020795156880353,0,0
brighton-hove-albion,0f9cb694-f315-5de7-86cf-b16a29dedbaa,Carl Rushworth,GK,UNKNOWN,17,0.001845574201027951,0.0,0.001845574201027951,0.15489163333478773,0.0,0.15489163333478773,0.38101146274531494,0,0
brighton-hove-albion,1995586e-258d-535d-962d-968fe2cdcd57,Tom McGill,GK,UNKNOWN,17,0.001845574201027951,0.0,0.001845574201027951,0.15489163333478773,0.0,0.15489163333478773,0.38101146274531494,0,0
brighton-hove-albion,b2b6d779-38a1-56c1-9429-ec48f7c95ed6,Kjell Scherpen,GK,UNKNOWN,17,0.001845574201027951,0.0,0.001845574201027951,0.15489163333478773,0.0,0.15489163333478773,0.38101146274531494,0,0
burnley,4156c194-ad00-5d9c-aa4d-5f67c7deba01,James Ward-Prowse,MID,RCM,2,0.4011379616013364,0.5,0.5493350788379512,40.27813206601509,61.5,31.0917877078186,52.313655641803514,0,0
burnley,0db48051-eb1a-516f-b185-a0846d6f83e1,Hjalmar Ekdal,DEF,RCB,6,0.5633456522043973,0.5,0.3395254658057463,51.26499083593512,45.0,30.572363768082514,73.73794986456691,1,0
burnley,956e0ed0-2170-56bf-913d-61d007270278,Bashir Humphreys,DEF,RCB,8,0.7313852277850105,0.625,0.3899754971075893,62.753592585763556,53.125,28.804203592135607,75.25210606594656,2,0
burnley,93153394-38ee-5f40-9adb-90f4f3307e4e,Lucas Pires Silva,DEF,LWB,17,0.6119828492453386,0.5294117647058824,0.34581954221761985,57.925495677147865,53.1764705882353,28.3843475076508,80.87494701791248,2,0
burnley,f5da0015-9c1c-5ba2-a447-9fc51ceed482,Josh Laurent,MID,RCB,17,0.5549957219019217,0.4117647058823529,0.44829833821476495,50.30997194775264,41.11764705882353,27.79761654477296,72.48569566520293,1,1
burnley,9d1de056-bbbd-54d4-a192-06c57ccb0fd6,Hannibal Mejbri,MID,CAM,5,0.2458980894058266,0.4,0.38334604851740683,20.152287407084092,32.2,27.75222677061074,81.327087526898,0,1
burnley,032150f9-1246-5989-8ac4-532f1e3bce74,Lesley Ugochukwu,MID,RCM,17,0.6986123236092628,0.7058823529411765,0.34750116030710326,60.243122336861035,61.64705882352941,25.91992009537867,71.37219314994687,1,1
burnley,63254645-c19e-5669-ae4c-6995093f3b92,Max Weiß,GK,GK,2,0.7158344807627848,1.0,0.2841655192372153,64.57815058652322,90.0,25.421849413476778,27.116359474601566,0,0
burnley,b7ff49f3-d1e0-5e63-b004-29bee7a1f2ea,Kyle Walker,DEF,RWB,16,0.7369107310124291,0.875,0.288926424297887,65.44579188063773,76.1875,24.656946284461732,77.51801574766245,1,0
burnley,4156c194-ad00-5d9c-aa4d-5f67c7deba01,James Ward-Prowse,MID,LDM,2,0.6127134391448569,1.0,0.3872865608551431,59.64297054145852,83.5,23.857029458541483,39.92218073540778,0,0
burnley,145d420f-bb1d-5646-81b9-1baf31260fb4,Marcus Edwards,MID,RAM,16,0.45907030763658524,0.4375,0.33248693216472247,40.22108868454772,35.6875,23.719160917044277,71.79874962215503,0,0
burnley,d32e1d40-cd0b-5139-ba7c-c76463a583d8,Zian Flemming,FWD,ST,17,0.5996937554758179,0.7647058823529411,0.28917639299723347,52.206986375210974,64.94117647058823,23.40738002224088,81.08925292550794,1,0
burnley,9d1de056-bbbd-54d4-a192-06c57ccb0fd6,Hannibal Mejbri,MID,LCM,10,0.501746449827751,0.6,0.2246386125736656,36.47583822083055,43.4,23.32305673649524,60.7196966331922,0,0
burnley,c59d2c13-36a9-56b4-b9fc-1462e5df19fc,Florentino Ibrain Morris Luís,MID,LCM,17,0.5395943154191024,0.5882352941176471,0.38769627000267237,43.59596382544944,46.294117647058826,23.291444260693883,68.09875840669544,0,1
burnley,0db48051-eb1a-516f-b185-a0846d6f83e1,Hjalmar Ekdal,DEF,CB,11,0.19141444880586747,0.09090909090909091,0.25568947737031894,18.822619774631917,9.636363636363637,23.02532790331311,76.11489470774654,0,1
burnley,7271dade-6e34-5b7d-850a-ff0969f7a26e,Loum Tchaouna,MID,RW,16,0.2699156937828769,0.25,0.27520102738476276,26.8215255228391,27.0625,22.474393620692716,65.10593260650661,0,1
burnley,62a712a2-a9c6-5298-94c6-5bdfca8f45ab,Quilindschy Hartman,DEF,LB,17,0.30832432525058323,0.35294117647058826,0.27575596601994384,25.549216791661138,28.705882352941178,22.26839181679256,67.63678638157322,0,1
burnley,fada1568-55fd-5aec-8b69-9db9bcbee6ae,Lyle Foster,FWD,ST,17,0.35433539369360645,0.23529411764705882,0.3315809797826961,32.067763853791185,28.294117647058822,21.417834243395017,60.41933183774015,0,0
burnley,5c63f6f0-ec6c-54a9-af70-5b6a64ee0287,Axel Tuanzebe,DEF,RCB,17,0.2609675718853203,0.35294117647058826,0.25015384538124885,20.235096044460363,29.11764705882353,20.92739337855915,86.95501092538058,0,2
burnley,8538fec0-f5e3-5124-9d3e-6b46fded6164,Joe Worrall,DEF,RCB,5,0.03096603152197446,0.2,0.21778329744623331,4.079905396073848,18.0,20.553841859395025,86.18484115830294,0,1
burnley,9d1de056-bbbd-54d4-a192-06c57ccb0fd6,Hannibal Mejbri,MID,RCM,2,0.7446166464263742,1.0,0.2553833535736258,65.51028981805743,86.0,20.489710181942577,22.910932713908807,0,0
burnley,145d420f-bb1d-5646-81b9-1baf31260fb4,Marcus Edwards,MID,RW,1,0.7047316987636035,1.0,0.29526830123639647,69.72463706647352,89.0,19.27536293352648,19.27536293352648,0,0
burnley,4156c194-ad00-5d9c-aa4d-5f67c7deba01,James Ward-Prowse,MID,RDM,6,0.6021775163145593,0.5,0.29239733295829806,54.14934169271503,45.666666666666664,17.419109820228545,42.43756856478421,0,0
burnley,b3a37e1a-2034-5649-97db-eea9b4ff11f9,Armando Broja,FWD,ST,17,0.27902978520110583,0.11764705882352941,0.2525406145685616,24.794913875166717,12.764705882352942,16.633105863535302,39.660665956637615,0,0
burnley,7271dade-6e34-5b7d-850a-ff0969f7a26e,Loum Tchaouna,MID,RAM,1,0.6791938955154933,1.0,0.32080610448450675,57.992634036951145,74.0,16.007365963048855,16.007365963048855,0,0
burnley,8538fec0-f5e3-5124-9d3e-6b46fded6164,Joe Worrall,DEF,CB,12,0.28441006516757494,0.25,0.22306362697696538,23.960034412890497,21.0,15.863989415790966,48.8086822910645,0,0
burnley,208bc81b-07bb-5202-9b86-f6535ba1a7a7,Maxime Esteve,DEF,LCB,17,0.875133987879384,0.9411764705882353,0.16817899519693677,76.7889208959323,82.17647058823529,15.155222938444812,71.28666819344986,1,0
burnley,148b32f1-d60d-5cdd-9ffe-a5938fcb8671,Martin Dubravka,GK,GK,17,0.8521623318869844,0.8235294117647058,0.15990713523250843,77.14627835102482,74.11764705882354,14.02689676785928,83.2914641283373,1,0
burnley,f01a999e-cac7-5aa8-a867-4257d2382021,Jaidon Anthony,MID,LW,3,0.8259814501584876,1.0,0.17401854984151235,74.28884636163434,86.33333333333333,12.854272339089832,25.414775286020983,0,0
burnley,b7ff49f3-d1e0-5e63-b004-29bee7a1f2ea,Kyle Walker,DEF,RB,1,0.8476437717956395,1.0,0.15235622820436046,77.72638143302916,90.0,12.273618566970839,12.273618566970839,0,0
burnley,4156c194-ad00-5d9c-aa4d-5f67c7deba01,James Ward-Prowse,MID,UNKNOWN,5,0.10120521147310235,0.2,0.13843023399961013,11.239820106605729,22.8,11.706492650418951,29.494746069730553,0,0
burnley,f33e474a-8556-5f17-915d-49956a1c0f64,Jacob Bruun Larsen,MID,LW,17,0.20253545333144676,0.058823529411764705,0.22560531475445367,14.526905768125154,9.470588235294118,10.903102641646415,20.966726009243306,0,0
burnley,f01a999e-cac7-5aa8-a867-4257d2382021,Jaidon Anthony,MID,LAM,14,0.8546015906556572,1.0,0.1453984093443428,76.4231643808919,86.21428571428571,10.36226880349409,39.46950075035219,0,0
burnley,956e0ed0-2170-56bf-913d-61d007270278,Bashir Humphreys,DEF,LCB,9,0.8411126173677318,1.0,0.15888738263226823,79.0222615200465,89.11111111111111,10.088849591064609,21.611773342257862,0,0
burnley,63254645-c19e-5669-ae4c-6995093f3b92,Max Weiß,GK,UNKNOWN,15,0.012625224883624867,0.06666666666666667,0.07712795056135735,1.0417928886944217,6.0,6.865850751757493,88.68043397297303,0,1
burnley,0e1f7351-8766-5aac-b7ce-1c0c2d514ae2,Oliver Sonne,DEF,RWB,17,0.04656854786217863,0.0,0.04656854786217863,4.422642207976701,0.0,4.422642207976701,17.913626270418902,0,0
burnley,5fb792bd-a16d-529a-ac0b-bbeb08b3f6a3,Ashley Barnes,FWD,UNKNOWN,17,0.036998375331477235,0.0,0.036998375331477235,5.0504311511073,1.8235294117647058,4.406235433137799,14.052355223023078,0,0
burnley,fce9dbe0-bc76-504c-94e1-b393570abede,Mike Trésor,MID,UNKNOWN,17,0.03254668761323468,0.0,0.03254668761323468,3.9112996634578563,1.0588235294117647,4.157059068781212,12.891654122334792,0,0
burnley,eef1cb4a-8a4c-5cee-9eac-636079e4d785,Josh Cullen,MID,RCM,17,0.05661723216016351,0.0,0.05661723216016351,3.2512741642348484,0.0,3.2512741642348484,6.831846745711526,0,0
burnley,09f1c29e-1d11-57a0-95a1-6eb555a44bd1,Jaydon Banel,MID,UNKNOWN,17,0.021857431651052632,0.0,0.021857431651052632,2.3442948122763645,0.0,2.3442948122763645,7.010094137110656,0,0
burnley,80a65522-b89f-5c4c-a67b-2ca3cfb2b7a0,Zeki Amdouni,FWD,UNKNOWN,17,0.019745232641749415,0.0,0.019745232641749415,2.813192486814403,4.0588235294117645,1.5677392788676745,13.820273680616896,0,0
burnley,18acbb03-f646-5b28-a5bb-39ca35eb934f,Aaron Ramsey,MID,UNKNOWN,17,0.017914460474582058,0.0,0.017914460474582058,1.4562550834444958,0.0,1.4562550834444958,3.6932294739986555,0,0
burnley,d5a6f92e-7e3e-5c28-ab87-193b5bdcf225,Kian McMahon-Brown,MID,UNKNOWN,10,0.0028916504467151904,0.0,0.0028916504467151904,0.3137258733604119,0.0,0.3137258733604119,1.04824848598809,0,0
burnley,e53add03-6030-558a-a221-1773d0f9a78b,George Brierley,MID,UNKNOWN,17,0.002325241913465303,0.0,0.002325241913465303,0.19338174527267024,0.0,0.19338174527267024,0.49691036732571486,0,0
burnley,58685fa7-5712-51d8-a787-afb92ba62ddf,Oliver Pimlott,MID,UNKNOWN,17,0.002325241913465303,0.0,0.002325241913465303,0.1932732521376501,0.0,0.1932732521376501,0.49691036732571486,0,0
burnley,31a31d10-0241-5005-ad49-f59e17a9c312,Luca Koleosho,MID,UNKNOWN,17,0.002325241913465303,0.0,0.002325241913465303,0.19303751950156056,0.0,0.19303751950156056,0.49691036732571486,0,0
burnley,33302943-3ddc-5684-b6ae-4b59d8e3ab8e,Oluwaseun Adewumi,MID,UNKNOWN,17,0.002325241913465303,0.0,0.002325241913465303,0.19303751950156056,0.0,0.19303751950156056,0.49691036732571486,0,0
burnley,784acf6a-679c-5235-9bba-1582bd4a318b,Manuel Benson Hedilazio,MID,UNKNOWN,17,0.002325241913465303,0.0,0.002325241913465303,0.19303751950156056,0.0,0.19303751950156056,0.49691036732571486,0,0
burnley,d40f83b6-8429-5261-95ec-71df2079d3df,Enock Agyei,MID,UNKNOWN,17,0.002325241913465303,0.0,0.002325241913465303,0.19303751950156056,0.0,0.19303751950156056,0.49691036732571486,0,0
burnley,fb3f8fac-c095-5c2d-ac79-d0e24c05b044,Darko Churlinov,MID,UNKNOWN,17,0.002325241913465303,0.0,0.002325241913465303,0.19303751950156056,0.0,0.19303751950156056,0.49691036732571486,0,0
burnley,662a7847-3e62-591b-861a-06b661f69d81,Shurandy Sambo,DEF,UNKNOWN,17,0.0023099193016036276,0.0,0.0023099193016036276,0.19104172674488032,0.0,0.19104172674488032,0.49245644665147426,0,0
burnley,67dc539b-3733-5360-8bca-4e010b9d0399,Hannes Delcroix,DEF,UNKNOWN,17,0.0023099193016036276,0.0,0.0023099193016036276,0.19104172674488032,0.0,0.19104172674488032,0.49245644665147426,0,0
burnley,a95b2b22-86ab-55a2-b8c0-579b12057d69,Jordan Beyer,DEF,UNKNOWN,17,0.0023099193016036276,0.0,0.0023099193016036276,0.19104172674488032,0.0,0.19104172674488032,0.49245644665147426,0,0
burnley,b4b2b453-0c93-5786-823f-c76cbfebc5e2,Owen Dodgson,DEF,UNKNOWN,17,0.0023099193016036276,0.0,0.0023099193016036276,0.19104172674488032,0.0,0.19104172674488032,0.49245644665147426,0,0
burnley,f68e734e-4a2a-542c-a81f-ebf5e8176ed3,Connor Roberts,DEF,UNKNOWN,17,0.0023099193016036276,0.0,0.0023099193016036276,0.19104172674488032,0.0,0.19104172674488032,0.49245644665147426,0,0
burnley,bdd098bc-619c-5454-9033-1861adae23c6,Michael Obafemi,FWD,UNKNOWN,17,0.002194360628529641,0.0,0.002194360628529641,0.1822670521117371,0.0,0.1822670521117371,0.4691885334273259,0,0
burnley,1b326c59-dec4-5234-b7fd-4d18c39f76a9,Václav Hladký,GK,UNKNOWN,17,0.0020726979747297918,0.0,0.0020726979747297918,0.17290241544425441,0.0,0.17290241544425441,0.4444749901057448,0,0
burnley,82d78668-6338-58aa-b907-868b632bb213,Etienne Green,GK,UNKNOWN,17,0.0020726979747297918,0.0,0.0020726979747297918,0.17290241544425441,0.0,0.17290241544425441,0.4444749901057448,0,0
chelsea,46f70fd6-45f6-55b9-884d-24feb13db9c3,Levi Colwill,DEF,LCB,2,0.35227247873079903,0.5,0.800588277402672,39.7449663791782,45.0,69.59501689605699,74.85005051687878,0,1
chelsea,762fd3f4-3f85-52c7-b5be-8c0c563cf25f,Andrey Nascimento dos Santos,MID,RDM,5,0.5720723445976901,0.6,0.5659362825808917,53.20106349753129,50.2,48.453148939991706,73.21387338759028,1,1
chelsea,8b1af3a3-b391-5111-954e-dbda5d6d12a5,Liam Delap,FWD,ST,17,0.41508320174630847,0.23529411764705882,0.5510971838919421,43.89939567827144,30.647058823529413,41.8827102967802,67.35204085454295,0,2
chelsea,932d386d-f372-53de-a37f-381a73a67e07,Jorrel Hato,DEF,LCB,8,0.5485195517742252,0.625,0.45513489593059975,52.930565345313795,47.5,35.375209104129205,71.97703168180729,0,2
chelsea,3655e646-d6d9-51ce-a14d-bed863d96c3c,Reece James,DEF,RDM,1,0.460613436568597,1.0,0.539386563431403,49.79004449119448,84.0,34.20995550880552,34.20995550880552,0,0
chelsea,932d386d-f372-53de-a37f-381a73a67e07,Jorrel Hato,DEF,LB,9,0.45456291557382605,0.5555555555555556,0.39800095376086875,41.186854460246074,55.888888888888886,33.82664713007043,60.014112463241474,0,0
chelsea,653dcb32-98a1-5bdb-afc4-4dcee772c921,Pedro Lomba Neto,MID,LAM,6,0.5982151289389885,0.6666666666666666,0.37386651931881354,54.299695601296584,55.333333333333336,33.73217751529715,78.75411034092309,0,1
chelsea,762fd3f4-3f85-52c7-b5be-8c0c563cf25f,Andrey Nascimento dos Santos,MID,LDM,12,0.5318204614566013,0.4166666666666667,0.45749371513653264,41.24597711762619,40.416666666666664,31.47102659077879,67.37857654786411,0,0
chelsea,f8666db2-925c-5357-81ba-263e71b165b3,Roméo Lavia,MID,RCM,1,0.2863925556047206,1.0,0.7136074443952793,25.766525408304567,57.0,31.233474591695433,31.233474591695433,0,0
chelsea,ec2bf467-94f7-5b79-97a2-3632c0d199a8,Wesley Fofana,DEF,RCB,17,0.6331350025888193,0.6470588235294118,0.43518698951234636,55.24242748452205,56.529411764705884,31.11628067267339,78.9767903209499,1,1
chelsea,5b51fc3a-1f45-56e1-9ecc-0bda87474227,Enzo Fernández,MID,CAM,8,0.7295854820521529,0.875,0.34795462116410436,66.75813347031935,78.375,30.75264592549919,76.54311758327417,1,0
chelsea,4448091c-aeb7-5ab3-a537-b2b547480e63,João Pedro Junqueira de Jesus,FWD,ST,17,0.77898928657083,0.7647058823529411,0.3975506934043248,68.55955191049598,66.88235294117646,29.74549753509843,81.68992366263714,4,0
chelsea,653dcb32-98a1-5bdb-afc4-4dcee772c921,Pedro Lomba Neto,MID,RAM,11,0.6640192730303963,0.6363636363636364,0.42004262414619564,60.101664018895356,59.81818181818182,29.091482956732328,60.896613421522716,0,1
chelsea,972fc541-f01f-51fc-b746-5238f72285d7,Malo Gusto,DEF,RB,17,0.6866867729716427,0.7647058823529411,0.37389030024960457,57.26839010567332,61.11764705882353,28.634677749613807,82.35717416129121,1,0
chelsea,3655e646-d6d9-51ce-a14d-bed863d96c3c,Reece James,DEF,RB,16,0.4390900078374184,0.3125,0.32659472524760913,40.77150461409308,32.0,28.14036234947629,73.97462057759081,2,0
chelsea,4ef46620-e339-50a5-9169-d9c6d85f3a47,Alejandro Garnacho,MID,LAM,17,0.3261627835985304,0.23529411764705882,0.3768315908587979,31.197968111314193,29.529411764705884,26.62250736921267,75.41293111643607,0,0
chelsea,481b07c4-b805-52cf-a0ee-593af134790d,Cole Palmer,MID,CAM,17,0.7952130278695329,0.8823529411764706,0.2821600007316355,69.38548847673144,75.94117647058823,26.22125733081169,82.87638745687465,1,0
chelsea,3d33e637-0658-5cc2-964e-b281c5cdf9fc,Marc Cucurella Saseta,DEF,LB,17,0.6677638973068994,0.7647058823529411,0.3031242658914565,58.12302019824333,69.47058823529412,25.461119034679488,83.88932596075405,1,0
chelsea,fbe43cca-fb14-5420-94d6-3e253d5e57f2,Trevoh Chalobah,DEF,LCB,16,0.693274545504628,0.625,0.29143625112118093,63.15666077188931,59.375,23.676143386071,83.54782003460411,2,1
chelsea,9998e641-8e7f-5837-8d46-ad335b484a00,Josh Acheampong,DEF,RB,6,0.21008985395156735,0.16666666666666666,0.32070800536943966,17.37633076532903,17.166666666666668,23.350902159174343,63.09779271041492,0,1
chelsea,412fc00b-6fb5-5606-bb30-04e075a83220,Robert Sánchez,GK,GK,17,0.8063489120317625,0.8823529411764706,0.26212923281075917,71.49897043231249,78.0,23.22817207729871,83.2909152725305,1,0
chelsea,9998e641-8e7f-5837-8d46-ad335b484a00,Josh Acheampong,DEF,RCB,11,0.19855229950505643,0.09090909090909091,0.27965685151608305,18.481685587309133,7.818181818181818,22.86442670847433,67.10507616640857,0,1
chelsea,d7143aed-fcb8-5af3-8721-72433dd889d7,Filip Jørgensen,GK,GK,17,0.15900757245402786,0.11764705882352941,0.22833855941283437,15.887016876371922,12.0,22.101041828207645,86.38760377843624,0,1
chelsea,9b51b592-7b40-53df-a62d-6af0afa0bb0e,Estêvão Almeida de Oliveira Gonçalves,MID,RAM,17,0.2614524985368747,0.23529411764705882,0.30657080498940864,18.251712492274642,13.941176470588236,21.718671473538695,51.72697416250618,0,1
chelsea,f8666db2-925c-5357-81ba-263e71b165b3,Roméo Lavia,MID,RDM,6,0.2813240221169427,0.16666666666666666,0.3392701659848462,21.75471777671886,16.166666666666668,20.229117117537868,43.92319802245703,0,0
chelsea,c92d55cb-06d1-553d-aad7-f64c0de898a5,Moisés Caicedo Corozo,MID,LDM,10,0.786140112457447,1.0,0.21385988754255303,67.8059522459678,87.2,19.394047754032197,39.912632443316255,0,0
chelsea,33ac99dd-6169-5c59-bc88-cc17620c7707,Jesse Derry,MID,UNKNOWN,3,0.02323431716803223,0.3333333333333333,0.34804987046392744,4.472033544540622,15.0,18.770206474157174,43.947259394424826,0,1
chelsea,c92d55cb-06d1-553d-aad7-f64c0de898a5,Moisés Caicedo Corozo,MID,RDM,7,0.8323731790273591,1.0,0.16762682097264087,73.56038962623462,83.14285714285714,15.98973294117613,24.958103409708713,0,0
chelsea,1cc11978-28c5-57b6-a8a3-ba979d1349e4,Tosin Adarabioyo,DEF,LCB,17,0.2422391527213982,0.11764705882352941,0.2459361259457213,18.01639759465731,8.294117647058824,13.7324779949028,30.785381002808855,0,0
chelsea,c1d2c6e2-92b5-5eb7-abc2-bfb9ba6fffa1,Mamadou Sarr,DEF,UNKNOWN,7,0.024732063849831478,0.14285714285714285,0.13789107028878778,2.2600673396016084,13.0,11.757815695901796,78.74211924705065,0,1
chelsea,c1d2c6e2-92b5-5eb7-abc2-bfb9ba6fffa1,Mamadou Sarr,DEF,LCB,10,0.09626390992066924,0.0,0.09626390992066924,10.258823456046475,0.9,10.673416219928638,46.66594306858381,0,0
chelsea,4dc8670b-9980-5a26-9e9d-c98c1f9bb333,Benoît Badiashile,DEF,LCB,17,0.12352887477902742,0.11764705882352941,0.14306096839988383,9.724485660337319,7.9411764705882355,10.46054139918901,73.75647378023938,0,1
chelsea,5b51fc3a-1f45-56e1-9ecc-0bda87474227,Enzo Fernández,MID,LDM,9,0.8883416095764115,1.0,0.11165839042358854,77.86371152401247,87.44444444444444,9.653856142015808,22.00651355218956,0,0
chelsea,e193642b-a6b4-53a0-9d0e-1e71ab70a347,Shumaira Mheuka,FWD,UNKNOWN,2,0.03775724362620096,0.0,0.03775724362620096,8.764764497235692,0.5,8.264764497235692,11.865346555670467,0,0
chelsea,46f70fd6-45f6-55b9-884d-24feb13db9c3,Levi Colwill,DEF,UNKNOWN,15,0.016557091920168014,0.06666666666666667,0.05322842376651034,1.9569083678483734,9.0,7.286505118354809,62.60845321895894,0,0
chelsea,f8666db2-925c-5357-81ba-263e71b165b3,Roméo Lavia,MID,LDM,10,0.08334353175960818,0.1,0.11502115605591676,6.318057806971707,11.5,6.482264791397789,28.87898720608326,0,0
chelsea,6538c4ff-2308-56ae-85e7-392fba76d555,Marc Guiu Paz,FWD,ST,17,0.04514504038144926,0.0,0.04514504038144926,4.988152995857753,1.0588235294117647,5.798838077097002,15.89082319053361,0,0
chelsea,fbe43cca-fb14-5420-94d6-3e253d5e57f2,Trevoh Chalobah,DEF,RCB,1,0.9398073432400987,1.0,0.060192656759901264,84.6028308924144,90.0,5.397169107585597,5.397169107585597,0,0
chelsea,33ac99dd-6169-5c59-bc88-cc17620c7707,Jesse Derry,MID,LAM,3,0.06933085348335029,0.0,0.06933085348335029,3.3258361536951155,0.0,3.3258361536951155,6.089905022969422,0,0
chelsea,45e56d29-fbb6-5964-afdf-bc8805b99518,Ryan Kavuma-McQueen,MID,UNKNOWN,3,0.022653195359057913,0.0,0.022653195359057913,3.11079893219817,0.0,3.11079893219817,6.940888620331613,0,0
chelsea,1cbf9470-32ae-558b-85b7-1337e7cc76f0,Dário Luís Essugo,MID,UNKNOWN,17,0.017469593970284306,0.0,0.017469593970284306,2.7267133985086884,1.5294117647058822,3.0476006657579764,9.208115317662138,0,0
chelsea,102260dc-086e-540f-ac1b-5c571502d8d4,Jamie Bynoe-Gittens,MID,LAM,17,0.05750846364513015,0.058823529411764705,0.08882333597268806,4.267245354040011,2.411764705882353,2.8321657440437153,6.820739025075656,0,0
chelsea,3c785544-9ef9-55d3-b726-bcbf136d1d05,Tyrique George,MID,UNKNOWN,3,0.008333921093320549,0.0,0.008333921093320549,0.781885851937361,0.0,0.781885851937361,0.8299337731337655,0,0
chelsea,fe9a1543-b64c-5f41-9c1e-8ceab47a9679,Mathis Eboué,MID,UNKNOWN,3,0.0029630872305695705,0.0,0.0029630872305695705,0.5687583557484053,0.0,0.5687583557484053,1.3879165664470547,0,0
chelsea,0bbf4c7c-2ef0-50b5-9f1d-7be9fb72ecfd,Teddy Sharman-Lowe,GK,UNKNOWN,16,0.0016631478731789487,0.0,0.0016631478731789487,0.18572218790046452,0.0,0.18572218790046452,0.8859832533486098,0,0
chelsea,64e1d98b-b70a-5d8f-a6fe-c77a7ea90c46,Landon Emenalo,MID,UNKNOWN,17,0.0017545304339644037,0.0,0.0017545304339644037,0.147646696647446,0.0,0.147646696647446,0.24590114582396344,0,0
chelsea,7ad17b55-f67d-5f9d-9f04-df4f76c1e314,Mykhailo Mudryk,MID,UNKNOWN,17,0.0017545304339644037,0.0,0.0017545304339644037,0.147646696647446,0.0,0.147646696647446,0.24590114582396344,0,0
chelsea,877d9c71-fd12-5aab-8c4b-9df2eb81bbf0,Kendry Páez Andrade,MID,UNKNOWN,17,0.0017545304339644037,0.0,0.0017545304339644037,0.147646696647446,0.0,0.147646696647446,0.24590114582396344,0,0
chelsea,895b3f1f-0f9e-528b-86a3-7a7cba558310,Christopher Nkunku,MID,UNKNOWN,17,0.0017545304339644037,0.0,0.0017545304339644037,0.147646696647446,0.0,0.147646696647446,0.24590114582396344,0,0
chelsea,c501a519-9def-5d4f-8667-f326dd161177,Aaron Anselmino,DEF,UNKNOWN,17,0.0017429588201940346,0.0,0.0017429588201940346,0.1460148871247664,0.0,0.1460148871247664,0.2435553109044231,0,0
chelsea,14394b8e-b6dc-52d7-8711-db31e2d5afc5,Nicolas Jackson,FWD,UNKNOWN,17,0.001655693268485221,0.0,0.001655693268485221,0.13941793115498924,0.0,0.13941793115498924,0.23215922211036424,0,0
chelsea,dc638cac-db3d-56dd-9d2a-a3a75b54c5b5,Max Merrick,GK,UNKNOWN,17,0.001563826211572369,0.0,0.001563826211572369,0.13261803212691195,0.0,0.13261803212691195,0.22003402926259466,0,0
chelsea,9d723959-80a6-5a8b-a21b-2cca95b2ab7c,Gabriel Słonina,GK,UNKNOWN,17,0.001563826211572369,0.0,0.001563826211572369,0.13235801170908418,0.0,0.13235801170908418,0.22003402926259466,0,0
chelsea,f1c0774d-5c89-577b-bdf9-fe6b58ed1b6e,Mike Penders,GK,UNKNOWN,17,0.001563826211572369,0.0,0.001563826211572369,0.13235801170908418,0.0,0.13235801170908418,0.22003402926259466,0,0
crystal-palace,607bc478-1de3-5627-b97c-8cc0c015b3e0,Marc Guéhi,DEF,LCB,1,0.9348976576691465,0.0,0.9348976576691465,84.1544524856272,0.0,84.1544524856272,84.1544524856272,1,0
crystal-palace,b6fb865b-2ea3-5f14-9db7-b2b1c2d82003,Jørgen Strand Larsen,FWD,UNKNOWN,1,0.00970620016697721,1.0,0.9902937998330228,15.572162398700161,90.0,74.42783760129984,74.42783760129984,0,1
crystal-palace,234b9ca0-1d3a-52c1-ae12-d422a588485e,Justin Devenny,MID,LWB,4,0.36983452080126217,0.25,0.5926529499898144,34.62775856155961,22.5,54.354303269711735,84.45308941630425,0,1
crystal-palace,4e797913-6f5e-54d0-807d-555d7ec82308,Jefferson Lerma Solís,MID,RCB,6,0.364192425371547,0.5,0.4999130095408085,25.619271782607697,45.0,39.625615718685204,83.52895355281026,0,2
crystal-palace,a5346cce-0d2c-5baf-97da-d70579ec7aa9,Chadi Riad Dnanou,DEF,LCB,14,0.3091427590270904,0.35714285714285715,0.4707924426953894,28.703101966094387,34.0,38.598290512425606,69.8883037353537,0,2
crystal-palace,4e797913-6f5e-54d0-807d-555d7ec82308,Jefferson Lerma Solís,MID,LCM,11,0.7319468677633627,0.7272727272727273,0.4323389385232646,67.66061462421304,63.72727272727273,38.07353230804735,79.43413012758346,1,0
crystal-palace,12886371-5fae-5789-af23-d20764ecfe3e,Daniel Muñoz,DEF,RWB,17,0.6292629451959472,0.8823529411764706,0.3127191191682968,50.00375011956444,67.05882352941177,35.67121859389571,81.45846334329167,0,1
crystal-palace,73fbac33-4713-58ec-b9bd-242dfec592a2,Adam Wharton,MID,RCM,17,0.7684617526570758,0.5882352941176471,0.4775526910323653,67.36531231535481,58.11764705882353,33.741145403745136,69.035446961164,5,0
crystal-palace,0f20e713-a3d1-5036-b0b2-e9f32d1bc66f,Jaydee Canvot,DEF,RCB,10,0.4546419979902521,0.6,0.4170470252427065,43.19428639892271,50.3,32.76933817078085,84.39090773436126,0,2
crystal-palace,0fa345a4-e26c-50d4-8f35-8b13aa9d7c09,Will Hughes,MID,LCM,17,0.47648917496236765,0.5294117647058824,0.4843848486520281,39.101263389454466,40.76470588235294,27.939379608520074,78.86552340340845,1,2
crystal-palace,1e4afd94-5426-54f5-893e-eea93b538667,Yéremy Pino Santos,MID,LAM,17,0.5494526055453378,0.5294117647058824,0.46961449926715876,46.72128571148755,42.76470588235294,26.786768213120425,60.150850561728475,1,0
crystal-palace,e0417b35-b1b1-5957-8ee5-7996c5db5cb0,Brennan Johnson,MID,LAM,9,0.6183523382286433,0.6666666666666666,0.48202551745482136,52.6700713298202,58.888888888888886,26.56812430854229,62.28597640383401,0,0
crystal-palace,9a90c10b-4796-5eda-a505-8db9bc21605d,Ismaïla Sarr,MID,RAM,17,0.7061818669289084,0.7058823529411765,0.35967494885390555,66.02930807571136,68.47058823529412,25.38528323678864,83.3537952703993,1,1
crystal-palace,d7ab42eb-50da-5a3f-a583-fdf38b0d2cfe,Daichi Kamada,MID,LCM,17,0.46514175448119843,0.47058823529411764,0.3521840346556134,41.96039315607138,43.11764705882353,25.005958381831455,66.00303584524258,1,0
crystal-palace,5cde41a6-f4dd-545d-93c5-e931c1be6f72,Evann Guessand,MID,UNKNOWN,2,0.1989535584375118,0.5,0.30501658240627766,21.32788902363847,45.5,24.17211097636153,32.19572910872933,0,0
crystal-palace,39a54236-bfd4-52f7-8b23-eeb8ca167d6d,Chris Richards,DEF,RCB,17,0.8174091477402595,0.8235294117647058,0.2985182209533819,74.86134632348575,76.6470588235294,24.111987966857807,71.23752203876694,2,0
crystal-palace,246d5877-ce20-5c48-bdc0-bdb7ede514b7,Maxence Lacroix,DEF,CB,17,0.809211473456238,0.8235294117647058,0.2852805078876158,69.57054309272806,70.29411764705883,22.945396645915274,82.32026819352681,1,0
crystal-palace,234b9ca0-1d3a-52c1-ae12-d422a588485e,Justin Devenny,MID,RAM,1,0.6970332244611989,1.0,0.30296677553880114,67.74420000639962,90.0,22.255799993600377,22.255799993600377,0,0
crystal-palace,e0417b35-b1b1-5957-8ee5-7996c5db5cb0,Brennan Johnson,MID,RAM,8,0.6456208845849615,0.625,0.3939598466453318,59.63394190962488,52.125,21.94699583696017,74.55735036552281,1,0
crystal-palace,234b9ca0-1d3a-52c1-ae12-d422a588485e,Justin Devenny,MID,RWB,12,0.15037498615263967,0.08333333333333333,0.21716184798875218,16.018346446168906,8.5,21.841396818459277,77.79474560468469,1,1
crystal-palace,0f20e713-a3d1-5036-b0b2-e9f32d1bc66f,Jaydee Canvot,DEF,LCB,7,0.878847232854926,0.8571428571428571,0.23296026503106998,80.10521856333567,77.14285714285714,20.18417348758208,81.0128721782121,1,0
crystal-palace,b6fb865b-2ea3-5f14-9db7-b2b1c2d82003,Jørgen Strand Larsen,FWD,ST,13,0.6508096487361184,0.8461538461538461,0.3796300858470667,53.867571906867724,62.46153846153846,19.464996312081254,38.1564375889311,0,0
crystal-palace,a5346cce-0d2c-5baf-97da-d70579ec7aa9,Chadi Riad Dnanou,DEF,UNKNOWN,3,0.052235816950370634,0.3333333333333333,0.2841927201438872,5.392899981754773,24.666666666666668,19.379764671583498,44.20541890188776,0,1
crystal-palace,7b9dc65d-483e-5ff9-af51-946aceed51e9,Jean-Philippe Mateta,FWD,ST,17,0.4287484741923917,0.23529411764705882,0.34387603899205393,37.930000323720286,28.235294117647058,18.695638147333938,75.05275133876901,1,0
crystal-palace,09b6a6ee-2109-55b8-8083-5b532f8d0c96,Nathaniel Clyne,DEF,RWB,17,0.09968544504073361,0.058823529411764705,0.14835444825349972,8.955104825429713,10.235294117647058,17.388279402665322,81.66143121490254,0,1
crystal-palace,4406998b-108e-54ac-90cf-ff22cdf7c565,Tyrick Mitchell,DEF,LWB,17,0.8869897521108148,0.8823529411764706,0.17701931638883744,74.46386998567284,80.52941176470588,17.355487085580588,42.605310616879066,1,0
crystal-palace,5cde41a6-f4dd-545d-93c5-e931c1be6f72,Evann Guessand,MID,LAM,12,0.2222380302990736,0.16666666666666666,0.22312590152424538,20.493856625415933,19.583333333333332,16.073715724551214,51.705122280615015,0,0
crystal-palace,41c51b76-9927-5c91-821a-99eed1686fa9,Walter Benítez,GK,UNKNOWN,9,0.062385444337766036,0.1111111111111111,0.16614179565932677,4.921805051481938,10.0,14.337085188977884,87.36876061873176,0,1
crystal-palace,4e7d3349-c869-51f6-a9f2-e86405e21be5,Dean Henderson,GK,GK,17,0.9049672746869812,0.9411764705882353,0.14558152313149172,81.68444583036195,84.70588235294117,12.911890216870574,84.06885640147651,1,0
crystal-palace,4c10d440-b565-5bcf-ad55-059b98c84cb4,Borna Sosa,DEF,UNKNOWN,17,0.05533013979595072,0.0,0.05533013979595072,7.857917730546311,4.176470588235294,10.6454875957097,41.60482525521516,0,0
crystal-palace,41c51b76-9927-5c91-821a-99eed1686fa9,Walter Benítez,GK,GK,8,0.0919406433861388,0.0,0.0919406433861388,8.38313944508674,0.0,8.38313944508674,35.35398349021044,0,0
crystal-palace,0ceddf30-d182-564d-801e-0606074c20fd,Christantus Uche,FWD,UNKNOWN,17,0.04728269196342073,0.0,0.04728269196342073,6.867937459147569,2.9411764705882355,7.010237267551553,25.57264635429737,0,0
crystal-palace,fb5999b1-7357-5d65-94c6-bba6bff6ac3a,Rio Cardines,MID,UNKNOWN,17,0.01874326375291286,0.058823529411764705,0.07597625079503711,1.5186858326327188,5.294117647058823,6.682415750065223,88.89170429817628,0,1
crystal-palace,1f91ab10-338d-519d-85b9-048aa573cfc2,Eddie Nketiah,FWD,RAM,17,0.03903215226740214,0.0,0.03903215226740214,3.9158711274941878,0.0,3.9158711274941878,9.065369277079254,0,0
crystal-palace,57b5b559-19a6-51a0-9c8d-8fcc78039b53,Romain Esse,MID,UNKNOWN,17,0.01865509473531554,0.0,0.01865509473531554,2.076895258884228,0.0,2.076895258884228,6.5763182306600125,0,0
crystal-palace,2fe22142-e11b-534b-ade6-80198c5e69d3,Joél Drakes-Thomas,MID,UNKNOWN,17,0.020115194427564126,0.0,0.020115194427564126,2.0383866244104865,0.0,2.0383866244104865,6.05820966772474,0,0
crystal-palace,2d40ee20-eb53-5bab-a013-8138df2fa8d6,Kaden Rodney,MID,UNKNOWN,17,0.02002719892327908,0.0,0.02002719892327908,1.990834333549623,0.0,1.990834333549623,5.895916410261925,0,0
crystal-palace,ed672a48-600c-5147-a36f-cae465e9604d,Ben Casey,FWD,UNKNOWN,17,0.0207862541319606,0.0,0.0207862541319606,1.6844499248817069,0.0,1.6844499248817069,5.352679368989928,0,0
crystal-palace,54c6bc18-644b-57b1-900c-ac250e976e83,Odsonne Edouard,FWD,UNKNOWN,17,0.015649612165231214,0.0,0.015649612165231214,1.2532056244478278,0.0,1.2532056244478278,3.6265074698567337,0,0
crystal-palace,e68c597b-f82a-5110-a6b0-2ac05e79459f,Danny Imray,DEF,UNKNOWN,17,0.0022507199622810847,0.0,0.0022507199622810847,0.2303799548257619,0.0,0.2303799548257619,1.0580334744252988,0,0
crystal-palace,1c8b5aea-2765-5fb4-8e3f-2e2c0d8e9789,Jesurun Rak-Sakyi,MID,UNKNOWN,17,0.0021496158165021746,0.0,0.0021496158165021746,0.17892485983253242,0.0,0.17892485983253242,0.525824663574934,0,0
crystal-palace,243675a7-4ad0-538c-b467-4d86abacd336,Matheus França de Oliveira,MID,UNKNOWN,17,0.0021496158165021746,0.0,0.0021496158165021746,0.17892485983253242,0.0,0.17892485983253242,0.525824663574934,0,0
crystal-palace,497b8d6a-c411-513c-a163-1c4721829380,Cheick Doucouré,MID,UNKNOWN,17,0.0021496158165021746,0.0,0.0021496158165021746,0.17892485983253242,0.0,0.17892485983253242,0.525824663574934,0,0
crystal-palace,4a3bf9a8-1ae9-5861-8928-532b92a6c22f,Asher Agbinone,MID,UNKNOWN,17,0.0021496158165021746,0.0,0.0021496158165021746,0.17892485983253242,0.0,0.17892485983253242,0.525824663574934,0,0
crystal-palace,4d2ef119-cee5-59de-b521-e76e507b10a3,Naouirou Ahamada,MID,UNKNOWN,17,0.0021496158165021746,0.0,0.0021496158165021746,0.17892485983253242,0.0,0.17892485983253242,0.525824663574934,0,0
crystal-palace,59c942dd-2dab-5b1a-9f04-5b62986736e0,Franco Umeh-Chibueze,MID,UNKNOWN,17,0.0021496158165021746,0.0,0.0021496158165021746,0.17892485983253242,0.0,0.17892485983253242,0.525824663574934,0,0
crystal-palace,6d291bbc-dd81-5e79-9c2c-57d811927bb7,Malcolm Ebiowei,MID,UNKNOWN,17,0.0021496158165021746,0.0,0.0021496158165021746,0.17892485983253242,0.0,0.17892485983253242,0.525824663574934,0,0
crystal-palace,7d4bc651-f5e0-5ae8-9709-849c00f1a61b,David Ozoh,MID,UNKNOWN,17,0.0021496158165021746,0.0,0.0021496158165021746,0.17892485983253242,0.0,0.17892485983253242,0.525824663574934,0,0
crystal-palace,d059b9c1-1893-5319-8a4c-4c28ebb95283,George King,DEF,UNKNOWN,17,0.002135450088850949,0.0,0.002135450088850949,0.17748740956417083,0.0,0.17748740956417083,0.520891749294225,0,0
crystal-palace,75c61312-34c3-5360-8382-01f6f4596567,Dean Benamar,DEF,UNKNOWN,17,0.002135450088850949,0.0,0.002135450088850949,0.17718290664704903,0.0,0.17718290664704903,0.520891749294225,0,0
crystal-palace,338f3d83-aa9c-5345-b935-7d288bc48226,Rob Holding,DEF,UNKNOWN,17,0.002135450088850949,0.0,0.002135450088850949,0.17704564837938153,0.0,0.17704564837938153,0.520891749294225,0,0
crystal-palace,bd5423ef-c3cd-59a3-ac25-5401c93ceabd,Caleb Kporha,DEF,UNKNOWN,17,0.002135450088850949,0.0,0.002135450088850949,0.17704564837938153,0.0,0.17704564837938153,0.520891749294225,0,0
crystal-palace,6d81b456-1e21-53df-b199-f937f3f1a15a,Zach Marsh,FWD,UNKNOWN,17,0.0020286164905577897,0.0,0.0020286164905577897,0.168945010250245,0.0,0.168945010250245,0.4965314689419948,0,0
crystal-palace,16ef4452-4723-591b-a4c4-1e6d28163523,Remi Matthews,GK,UNKNOWN,17,0.0019161401468142385,0.0,0.0019161401468142385,0.16029419074976714,0.0,0.16029419074976714,0.47061570551768567,0,0
everton,e9f5aa44-1c52-51c9-85a6-b079a6b78080,Merlin Röhl,MID,CAM,1,0.19257144440386584,1.0,0.8074285555961341,24.443713282951997,90.0,65.55628671704801,65.55628671704801,0,1
everton,7af4896b-be30-5d5e-9119-e9efade2cada,Jarrad Branthwaite,DEF,LB,3,0.5703968519914927,0.6666666666666666,0.5332022878951655,54.51180416785533,61.666666666666664,45.65494206849936,60.766204827242035,0,0
everton,b429ad96-edac-5640-8304-cd7a0cf6d7fa,Michael Keane,DEF,LCB,17,0.608425855971952,0.5882352941176471,0.4580167653624252,56.45381959765618,53.64705882352941,39.55734200078663,79.83503520709925,3,1
everton,7af4896b-be30-5d5e-9119-e9efade2cada,Jarrad Branthwaite,DEF,UNKNOWN,3,0.10926056040647342,0.3333333333333333,0.22622638321815383,11.181037934760532,44.333333333333336,33.22229216350467,54.72756870962775,0,0
everton,9cb12f76-aa67-5f6a-9571-1925e3cbe9ef,Tim Iroegbunam,MID,RDM,17,0.41404245102089643,0.35294117647058826,0.4071767010221689,38.72837942778332,32.588235294117645,33.024097436787386,70.66990955475731,0,2
everton,3c785544-9ef9-55d3-b726-bcbf136d1d05,Tyrique George,MID,UNKNOWN,2,0.07589277084240187,0.5,0.42599382282883946,8.828263993667534,41.0,32.171736006332466,43.51440367280574,0,1
everton,39aed718-6b3b-5edf-84ad-3242e984c314,Thierno Barry,FWD,ST,17,0.6298951175746343,0.47058823529411764,0.42585871006633946,60.244021230112885,47.05882352941177,30.764194271961394,61.73474341101232,1,0
everton,4788a762-a8dd-587b-88ad-eb1d2f51ec12,Harrison Armstrong,MID,CAM,5,0.5131812928574953,0.8,0.4969198816183411,43.13886477548674,58.4,30.150402575307528,59.919999977792344,0,0
everton,4788a762-a8dd-587b-88ad-eb1d2f51ec12,Harrison Armstrong,MID,RCM,1,0.7081866862517461,1.0,0.2918133137482539,62.601717856800924,90.0,27.398282143199076,27.398282143199076,0,0
everton,7af4896b-be30-5d5e-9119-e9efade2cada,Jarrad Branthwaite,DEF,LCB,11,0.45565203063291865,0.36363636363636365,0.3284243894839131,41.923644709820195,32.72727272727273,26.621905644013903,75.67604390556767,1,0
everton,5089139a-ace7-504b-b31a-2d0b1307e0de,Norberto Bercique Gomes Betuncal,FWD,ST,17,0.5056234907894858,0.5294117647058824,0.4034463966645096,42.3688075327764,42.76470588235294,25.79966273806524,61.11511964594441,1,0
everton,563b4da9-f592-5401-92eb-a55748a6e3e1,Vitalii Mykolenko,DEF,LB,17,0.8283836866354486,0.8823529411764706,0.2697406641056782,74.27645713724799,79.05882352941177,24.142933420127772,84.34421729310733,2,0
everton,d0fb5815-b17b-56d0-869e-d0e8910ab751,Idrissa Gueye,MID,RDM,7,0.5423675870028383,0.42857142857142855,0.25877965166934663,46.098315617955166,36.285714285714285,22.110970395345987,73.41331123039596,1,0
everton,513a08ed-3905-5e99-98a3-849492c9d389,Dwight McNeil,MID,RAM,16,0.45563157224793405,0.5,0.28632757041020745,35.39992305774597,36.9375,21.384954451580633,75.43762744955174,0,1
everton,e9f5aa44-1c52-51c9-85a6-b079a6b78080,Merlin Röhl,MID,RAM,3,0.7080146254402037,1.0,0.29198537455979634,61.30258729335569,75.66666666666667,20.853481349552446,31.51649913343075,0,0
everton,d0fb5815-b17b-56d0-869e-d0e8910ab751,Idrissa Gueye,MID,LDM,10,0.6794908888726621,0.9,0.22778138582921176,60.070839162639196,78.9,20.375581687923322,85.03698131028465,0,1
everton,e9f5aa44-1c52-51c9-85a6-b079a6b78080,Merlin Röhl,MID,RDM,13,0.13494895240520088,0.07692307692307693,0.20683118324056132,13.563686375726611,7.3076923076923075,19.56282752617736,86.49441747792986,0,1
everton,513a08ed-3905-5e99-98a3-849492c9d389,Dwight McNeil,MID,LAM,1,0.8178177747163483,1.0,0.1821822252836517,70.93943991578186,90.0,19.06056008421814,19.06056008421814,0,0
everton,36a20aea-e0e7-507c-ab6e-6740c5c56568,Jake O'Brien,DEF,RB,17,0.8578197111107045,0.9411764705882353,0.1848007681864227,76.30778719284925,80.0,17.876028920919282,67.92908876451244,1,0
everton,dea12abc-e8dd-5839-b626-0cb7e72e9a26,Iliman Ndiaye,MID,RAM,11,0.7278481666661737,0.9090909090909091,0.19007037607056823,65.43371461572488,81.63636363636364,17.00845903161979,83.66640594815911,0,1
everton,4788a762-a8dd-587b-88ad-eb1d2f51ec12,Harrison Armstrong,MID,LAM,11,0.17788467575691005,0.0,0.17788467575691005,16.39089029717287,3.8181818181818183,16.2822169487708,45.70469105471872,0,0
everton,be864262-5b78-5455-be5c-8eb1eb4b8ed9,James Tarkowski,DEF,RCB,17,0.8846937162120566,0.9411764705882353,0.16743529526442882,79.88343944604493,84.70588235294117,14.843498379338204,85.17897151575666,1,0
everton,1993b39f-9a1a-5805-bce4-6ff7cb40ebde,Kiernan Dewsbury-Hall,MID,CAM,17,0.776055774741812,0.8823529411764706,0.12037637418889112,67.8929890989626,80.70588235294117,13.022604166415439,57.08984819830236,0,0
everton,d8394430-94ff-553e-be45-217705fee1db,Nathan Patterson,DEF,RB,17,0.16164865343761659,0.11764705882352941,0.16001021108999713,14.028567445426978,9.529411764705882,12.852151734996067,71.00046646133725,0,0
everton,70f73e4b-067e-5b9a-9c56-6049178d3e61,Jack Grealish,MID,LAM,17,0.16577948303428794,0.058823529411764705,0.12831330864037918,15.949363817320679,5.294117647058823,12.385522721235313,75.48780647694758,1,0
everton,3c785544-9ef9-55d3-b726-bcbf136d1d05,Tyrique George,MID,LAM,12,0.1827837684925296,0.0,0.1827837684925296,19.19112283163862,10.583333333333334,11.688934713680736,28.796777931669318,0,0
everton,fff05087-e912-5616-900c-dbab609d6cf8,Carlos Alcaraz,MID,CAM,17,0.08549219995215784,0.0,0.08549219995215784,8.522124171558987,1.3529411764705883,7.761330137985055,22.278419222344336,0,0
everton,ddd5f39d-2c3a-5f8e-a76f-e64d451f6ac1,Tyler Dibling,MID,RAM,17,0.09920395057025429,0.0,0.09920395057025429,7.061461499563333,1.7647058823529411,6.630167091099116,17.516431819913446,0,0
everton,57881605-ab70-5c0d-865f-433201de3f6f,Jordan Pickford,GK,GK,17,0.9246587315437613,1.0,0.07534126845623872,83.68001252067961,90.0,6.319987479320384,11.033399210216544,0,0
everton,dea12abc-e8dd-5839-b626-0cb7e72e9a26,Iliman Ndiaye,MID,LAM,6,0.9313383869676586,1.0,0.06866161303234147,83.80864940130793,90.0,6.191350598692071,8.509492272468066,0,0
everton,444bfe5b-015a-5ec2-ac21-34fd780e0aa5,James Garner,MID,RDM,1,0.9265162250592578,1.0,0.07348377494074221,84.03045778322998,90.0,5.969542216770023,5.969542216770023,0,0
everton,444bfe5b-015a-5ec2-ac21-34fd780e0aa5,James Garner,MID,LDM,16,0.9279796627725517,1.0,0.07202033722744829,84.03671589672304,90.0,5.9632841032769575,11.018838344634162,0,0
everton,56f5a725-392a-55e2-b14d-c367cb37e912,Adam Aznou,DEF,UNKNOWN,17,0.020985666509124534,0.0,0.020985666509124534,1.696645840637827,0.0,1.696645840637827,4.878103878471176,0,0
everton,a53e2f5c-8466-576d-b1e1-bcf8ef8cf4fe,Elijah Campbell,DEF,UNKNOWN,17,0.019628124000488512,0.0,0.019628124000488512,1.5912428080944823,0.0,1.5912428080944823,3.360447710890527,0,0
everton,f91d8dc3-a6b9-50ae-8b60-4740532501f3,Reece Welch,DEF,UNKNOWN,17,0.018942200266682935,0.0,0.018942200266682935,1.5380474194693314,0.0,1.5380474194693314,2.8029120666825937,0,0
everton,449977b8-953f-5ce6-891f-263d4632e3d0,Mark Travers,GK,UNKNOWN,17,0.014490303911208015,0.0,0.014490303911208015,1.185453570859078,0.0,1.185453570859078,2.534410731273205,0,0
everton,305c798a-fbdf-56f1-849c-099d894a35e7,Seamus Coleman,DEF,RB,17,0.034533474924550306,0.0,0.034533474924550306,0.5354838591238045,0.47058823529411764,0.5224190745015335,2.1259267997078615,0,0
everton,06919308-2b7f-56b3-a019-7f39ab787840,Tyler Onyango,MID,UNKNOWN,17,0.0021006217299371775,0.0,0.0021006217299371775,0.17520488551624858,0.0,0.17520488551624858,0.377931592827821,0,0
everton,7d836281-43c0-58f9-a57e-3e73ea5c442f,Jenson Metcalfe,MID,UNKNOWN,17,0.0021006217299371775,0.0,0.0021006217299371775,0.17520488551624858,0.0,0.17520488551624858,0.377931592827821,0,0
everton,b2d37505-28d0-53f0-9238-bb13559bf0ae,Coby Ebere,MID,UNKNOWN,17,0.0021006217299371775,0.0,0.0021006217299371775,0.17520488551624858,0.0,0.17520488551624858,0.377931592827821,0,0
everton,ce8b6d7b-8dfe-599e-9f1e-09de5a79f605,Callum Bates,MID,UNKNOWN,17,0.0021006217299371775,0.0,0.0021006217299371775,0.17520488551624858,0.0,0.17520488551624858,0.377931592827821,0,0
everton,f4de63a1-566c-55a8-bfd7-d9fd1efa3975,Isaac Heath,MID,UNKNOWN,17,0.0021006217299371775,0.0,0.0021006217299371775,0.17520488551624858,0.0,0.17520488551624858,0.377931592827821,0,0
everton,665d5a02-0a50-5c58-b9af-f3a596f034ae,Roman Dixon,DEF,UNKNOWN,17,0.0020867735400157406,0.0,0.0020867735400157406,0.1733394498186825,0.0,0.1733394498186825,0.37428269378030804,0,0
everton,2b3c2d65-43ec-580f-a3a6-3c0407c52660,Braiden Graham,FWD,UNKNOWN,17,0.00198233698022319,0.0,0.00198233698022319,0.16563762639348872,0.0,0.16563762639348872,0.35685125424432734,0,0
everton,02097b11-2664-5254-bae0-da15e4e226fd,Youssef Ramalho Chermiti,FWD,UNKNOWN,17,0.00198233698022319,0.0,0.00198233698022319,0.16543151653629384,0.0,0.16543151653629384,0.35685125424432734,0,0
everton,10e8170d-7e2b-59c5-ace8-bb28f971652e,Martin Sherif,FWD,UNKNOWN,17,0.00198233698022319,0.0,0.00198233698022319,0.16543151653629384,0.0,0.16543151653629384,0.35685125424432734,0,0
everton,3c33697d-f1f4-5c84-b4d4-fe5ba2bf4a3e,Harry Tyrer,GK,UNKNOWN,17,0.001872388607943586,0.0,0.001872388607943586,0.15698215872961133,0.0,0.15698215872961133,0.3382922486615047,0,0
everton,f92892c3-1747-5c0a-a695-2a39400b3974,Tom King,GK,UNKNOWN,17,0.001872388607943586,0.0,0.001872388607943586,0.15698215872961133,0.0,0.15698215872961133,0.3382922486615047,0,0
fulham,a9c228ea-04e0-5861-b004-a8719101c698,Tom Cairney,MID,LDM,2,0.33981226817769844,0.0,0.33981226817769844,31.648941029789555,15.0,31.854511129801395,48.50345215959095,0,0
fulham,ada8c7db-805e-5910-b00a-946e17af3218,Ryan Sessegnon,MID,LB,17,0.5229367851703598,0.4117647058823529,0.4609745491221434,48.5453265232655,40.76470588235294,31.18259186694015,71.37548608592894,2,0
fulham,bf6c1651-0779-512e-9c37-3b8ac8c14714,Alex Iwobi,MID,LAM,4,0.44426865318149933,0.75,0.34078622826393823,39.00731201109157,66.75,30.555783550949158,80.02841442910477,0,1
fulham,b0f2d5cb-b80d-5e8a-9e43-b15a89d555ca,Antonee Robinson,DEF,LB,17,0.5696171558388852,0.6470588235294118,0.38162184674434607,45.900528130239856,53.1764705882353,29.300502225015034,83.00891883228284,0,1
fulham,f0504a37-2a31-5f04-8704-2c307c2384cd,Sander Berge,MID,LDM,17,0.7317447783651211,0.8235294117647058,0.3318691792269352,65.44394719128455,69.58823529411765,26.578008221899253,83.51982599034507,2,1
fulham,9b9067ce-8398-553d-8496-d169d55e5396,Issa Diop,DEF,RCB,17,0.2736711052467974,0.23529411764705882,0.2729603721364591,26.36362321950583,23.647058823529413,26.48875599382008,75.43194893190088,1,1
fulham,a9c228ea-04e0-5861-b004-a8719101c698,Tom Cairney,MID,LCM,15,0.22678628722504732,0.2,0.35618162639501805,23.033949894027327,21.933333333333334,24.349448292149305,74.82038698043152,0,1
fulham,e2d4248d-32fc-5ca0-8ae6-6abd3c22634e,Timothy Castagne,DEF,RB,15,0.651333887366155,0.6666666666666666,0.28526682880641097,59.23165275381503,59.6,23.639172241298645,70.00218213158303,1,0
fulham,09be2cb2-a90e-562f-8a53-32294044e02f,Samuel Chukwueze,MID,LAM,17,0.46225052719649645,0.4117647058823529,0.3863726418389519,42.845493428042595,39.64705882352941,22.746613286559636,62.11573566564156,0,0
fulham,aa82079f-0382-5b01-bb3b-9224650f408b,Sasa Lukic,MID,RDM,17,0.40600483376180235,0.35294117647058826,0.24648968157165352,36.65916442283636,34.529411764705884,21.48750201653857,77.64042500342335,1,0
fulham,bf6c1651-0779-512e-9c37-3b8ac8c14714,Alex Iwobi,MID,RDM,12,0.6739005218415105,0.75,0.2569009935633424,55.030363318309774,61.25,21.421526340991253,60.1251965929416,0,1
fulham,c369cb81-fb27-51a7-8457-4b7a866bbbdc,Joachim Andersen,DEF,RCB,17,0.7782680528804262,0.7647058823529411,0.23862226052719648,68.31250504056892,66.52941176470588,21.166121997477823,78.29381134338759,1,0
fulham,89e2dbba-92fb-5ebc-867f-5c1a954b2881,Jorge Cuenca Barreno,DEF,LCB,17,0.323212291870197,0.23529411764705882,0.2075122260001121,28.833617995266508,21.294117647058822,20.6316281424679,79.26757688619189,1,0
fulham,7f48ec5f-f934-516a-9c1f-84d42bd974ff,Emile Smith Rowe,MID,CAM,17,0.67770169727146,0.7647058823529411,0.33967224829036774,55.62573497979283,59.23529411764706,19.63940883916576,58.58317445476085,0,0
fulham,6cfbd227-d6d0-525d-810f-a1e929d406bf,Harry Wilson,MID,RAM,17,0.828610401194428,0.8235294117647058,0.24724512984117772,68.94519975276825,69.23529411764706,18.89983988277663,66.38223380392718,1,0
fulham,af777f5c-5e76-5ea9-8f99-a7a8459df650,Kenny Tete,DEF,RB,17,0.2961096282379365,0.29411764705882354,0.21420132959131932,25.878630657157412,26.176470588235293,18.55201813458,72.6874864379626,1,0
fulham,9f1ab4dd-f86c-5749-967d-c8f0fbfe15f7,Joshua King,MID,CAM,17,0.3113665117238967,0.23529411764705882,0.3284413809905704,26.017311533963404,25.11764705882353,17.846749626326016,48.574682105048545,0,0
fulham,920d3e82-2ef6-5ae4-aa99-e8d693a9d888,Raúl Jiménez,FWD,ST,17,0.6589962387696182,0.6470588235294118,0.32020934149066776,52.2228553150371,51.470588235294116,17.844201501375817,56.76347925425155,0,0
fulham,184a3e3b-1fa2-5323-8175-88f9b20eb992,Calvin Bassey,DEF,LCB,17,0.6309515913353075,0.7647058823529411,0.19837368753802942,57.86504837947768,69.05882352941177,17.06178087661476,71.14954641554931,0,1
fulham,d23b8279-3fbf-54f8-827e-4312b70cd086,Rodrigo Muniz Carvalho,FWD,ST,17,0.3022199528290319,0.35294117647058826,0.31661637636677387,30.749158644491178,37.588235294117645,15.786987753710475,57.37228005698643,0,0
fulham,ef856b2c-4200-58fa-8d76-23913677f5ba,Oscar Bobb,MID,LAM,10,0.4420494338923017,0.5,0.43112598114969786,37.397662922548534,42.2,15.340672898953922,44.076202667904354,0,0
fulham,ef856b2c-4200-58fa-8d76-23913677f5ba,Oscar Bobb,MID,UNKNOWN,5,0.15097696373302183,0.2,0.16240063821746525,13.658503214970006,28.8,15.230124214375916,33.25204517507732,0,0
fulham,4dba3178-ba81-5a3b-99aa-be47c6225e49,Kevin Santos Lopes de Macedo,MID,LAM,17,0.3066780646378428,0.17647058823529413,0.28548318376829734,24.350149278191104,19.058823529411764,13.704205023058579,35.80050943869302,0,0
fulham,e2d4248d-32fc-5ca0-8ae6-6abd3c22634e,Timothy Castagne,DEF,RWB,2,0.838559305262228,1.0,0.16144069473777206,78.36525459112451,90.0,11.634745408875489,12.35355481336694,0,0
fulham,b7c9efe9-e4ac-5f89-b85e-5170d8689598,Adama Traoré Diarra,MID,RAM,2,0.0770989401840192,0.0,0.0770989401840192,10.964602315522985,0.0,10.964602315522985,12.539259376713348,0,0
fulham,c04d1727-85e9-5596-a2b4-b5341c1ffb6a,Harrison Reed,MID,RDM,3,0.15236888582554317,0.0,0.15236888582554317,10.748861543949376,0.0,10.748861543949376,20.200418012976893,0,0
fulham,c04d1727-85e9-5596-a2b4-b5341c1ffb6a,Harrison Reed,MID,UNKNOWN,14,0.04527308088397052,0.07142857142857142,0.11459709813436939,5.743455234879996,5.357142857142857,10.129869991893575,61.2832981529554,0,1
fulham,bf6c1651-0779-512e-9c37-3b8ac8c14714,Alex Iwobi,MID,LDM,1,0.9286320549867347,1.0,0.07136794501326527,81.14894711235615,89.0,7.851052887643846,7.851052887643846,0,0
fulham,83056bd2-b742-5b28-b32d-8ba4a3902c61,Bernd Leno,GK,GK,17,0.9207168577492059,1.0,0.07928314225079412,83.36720785748442,90.0,6.632792142515586,12.138226729246213,0,0
fulham,eeeaf0ca-8ef0-5078-9750-c1da71cc70a6,Jonah Kusi-Asare,FWD,UNKNOWN,17,0.02889136826949487,0.0,0.02889136826949487,3.8335038368344,1.2352941176470589,3.884170750658987,11.066749699814153,0,0
fulham,8d3a13d7-1211-5470-b576-b196e5e19318,Benjamin Lecomte,GK,UNKNOWN,17,0.03017060785397557,0.0,0.03017060785397557,2.4277777887154595,0.0,2.4277777887154595,5.446645482478001,0,0
fulham,6d366ec9-c535-5d7b-98f7-1b1f90cd3d69,Seth Ridgeon,MID,UNKNOWN,17,0.0020523712796286122,0.0,0.0020523712796286122,0.17227074178791904,0.0,0.17227074178791904,0.44305475988721993,0,0
fulham,736d59b4-ee4f-5f6a-b344-46cfa35656af,Luke Harris,MID,UNKNOWN,17,0.0020523712796286122,0.0,0.0020523712796286122,0.172179288366095,0.0,0.172179288366095,0.44305475988721993,0,0
fulham,7eeea32d-a93f-528c-b39d-13738bb7845d,Andreas Hoelgebaum Pereira,MID,UNKNOWN,17,0.0020523712796286122,0.0,0.0020523712796286122,0.172179288366095,0.0,0.172179288366095,0.44305475988721993,0,0
fulham,aa380b97-b3f2-5b4a-8e61-1b6dd1a987f1,Martial Godo,MID,UNKNOWN,17,0.0020523712796286122,0.0,0.0020523712796286122,0.172179288366095,0.0,0.172179288366095,0.44305475988721993,0,0
fulham,9281e7d3-95c6-5154-b3c9-4063c1760d4a,Samuel Amissah,DEF,UNKNOWN,17,0.0020388418232324974,0.0,0.0020388418232324974,0.1702940960445834,0.0,0.1702940960445834,0.43890247528606313,0,0
fulham,1e279394-1dc2-5db0-90f5-5df405248d22,Alfie McNally,GK,UNKNOWN,17,0.0018293901524323128,0.0,0.0018293901524323128,0.15468369602643836,0.0,0.15468369602643836,0.3964787494046314,0,0
fulham,2884db2a-9a3e-58f5-be50-545bd0c7643d,Steven Benda,GK,UNKNOWN,17,0.0018293901524323128,0.0,0.0018293901524323128,0.15433385422178642,0.0,0.15433385422178642,0.3964787494046314,0,0
leeds-united,a8678248-1555-5a99-8bcd-6ec2a944ea53,Sebastiaan Bornauw,DEF,LCB,1,0.7205185494570034,0.0,0.7205185494570034,67.94016787293057,1.0,66.94016787293057,66.94016787293057,0,0
leeds-united,9066de74-0bf4-5c6d-8a3f-3b977b735a67,Anton Stach,MID,RCM,1,0.7789788579035338,0.0,0.7789788579035338,58.35430774029555,0.0,58.35430774029555,58.35430774029555,0,0
leeds-united,474896af-e9ef-5bb3-b82b-79c2fb8c891e,Jayden Bogle,DEF,RB,2,0.401655908084605,1.0,0.5983440919153951,34.291901741866084,85.0,50.708098258133916,68.55957796626603,0,1
leeds-united,2151f057-0065-57a0-87e5-2a434738b8d1,Gabriel Gudmundsson,DEF,LWB,17,0.5928981359924675,0.6470588235294118,0.3621568844202372,50.9025304376432,52.76470588235294,34.83587712203859,83.70975014112632,2,1
leeds-united,9066de74-0bf4-5c6d-8a3f-3b977b735a67,Anton Stach,MID,LCM,16,0.6429803783263576,0.625,0.3947770429139136,55.16262422472103,52.5,33.11731220029865,72.63474168878774,2,1
leeds-united,c550c5c9-6be9-5d60-a724-ed8b1d333548,Brenden Aaronson,MID,RAM,2,0.6631838609646298,0.5,0.6854820973658899,60.17342481571547,40.0,33.073461756950216,53.24688657266569,1,0
leeds-united,43ae6b5e-3989-58fb-8540-6a539dd06218,Jaka Bijol,DEF,CB,17,0.6101371446940528,0.5882352941176471,0.3673819445056581,56.028779927847026,53.294117647058826,31.357679719022517,82.67473041115159,2,1
leeds-united,c550c5c9-6be9-5d60-a724-ed8b1d333548,Brenden Aaronson,MID,ST,2,0.6162955635098892,1.0,0.3837044364901108,44.40832585997157,74.5,30.091674140028427,44.97138276540283,0,0
leeds-united,e5ce8638-ef71-56e5-ae05-c0e425118aa3,James Justin,DEF,RWB,5,0.7562487928809997,1.0,0.24375120711900036,66.19569173746852,81.0,28.792965159144224,66.27261882641852,0,0
leeds-united,3b36fb97-62ec-53b8-882c-bd6a01550f8c,Tanaka Ao,MID,LCM,4,0.6742558034122433,1.0,0.32574419658775666,55.354855867941374,74.25,27.73825577249955,40.6471875444141,0,0
leeds-united,8e67ff00-ad19-5384-8c44-acf0faf97249,Noah Okafor,MID,ST,16,0.4417116611188914,0.3125,0.39765323185445633,37.42952893365055,28.625,25.601073821383228,58.57026442062205,0,0
leeds-united,474896af-e9ef-5bb3-b82b-79c2fb8c891e,Jayden Bogle,DEF,RWB,15,0.7830413254847985,0.8,0.3015414583595567,68.34442433622561,69.66666666666667,25.483994713828004,79.40892369714716,2,1
leeds-united,8e67ff00-ad19-5384-8c44-acf0faf97249,Noah Okafor,MID,LAM,1,0.5728267481768062,1.0,0.42717325182319377,39.942051783826166,64.0,24.057948216173834,24.057948216173834,0,0
leeds-united,a8678248-1555-5a99-8bcd-6ec2a944ea53,Sebastiaan Bornauw,DEF,RCB,16,0.1997163759261516,0.1875,0.30102382218070367,15.292171493730116,16.5,23.59026036642209,66.82789724828281,0,2
leeds-united,5a70a2e2-7a8a-554e-9ac0-d3c00ac6383f,Pascal Struijk,DEF,LCB,17,0.8119242580933275,0.8823529411764706,0.2624183362614142,71.04356352928474,76.88235294117646,23.334931247864372,82.8917283822513,1,1
leeds-united,3b36fb97-62ec-53b8-882c-bd6a01550f8c,Tanaka Ao,MID,RCM,13,0.16943747151057276,0.23076923076923078,0.25286808848809506,17.15567129415551,23.53846153846154,21.637066935803052,62.572202133388345,0,1
leeds-united,2b912d01-8ef9-569f-bb93-0cec5c578194,Lukas Nmecha,FWD,ST,17,0.31264262715672464,0.23529411764705882,0.38309470618700425,29.05625871921623,27.764705882352942,21.517249990644252,73.92309475000424,0,1
leeds-united,6b487d4a-07ef-5c9e-b3e0-8bc10e69d873,Daniel James,MID,RWB,2,0.3077076976405674,0.5,0.527354626673877,22.237565691055835,39.5,20.414706121348154,37.67714043029232,0,0
leeds-united,015a7f1a-67ab-53dc-babc-333cf97f761f,Sean Longstaff,MID,RCM,17,0.2077056741001728,0.0,0.2077056741001728,23.057800900464514,7.411764705882353,19.843515668340185,50.67184422657822,0,0
leeds-united,c550c5c9-6be9-5d60-a724-ed8b1d333548,Brenden Aaronson,MID,LW,6,0.7327525985307003,1.0,0.26724740146929976,55.0458308790728,71.83333333333333,18.32002806077393,43.57567539301613,0,0
leeds-united,3c3955d4-e30d-55eb-924e-d252c6949a50,Ilia Gruev,MID,LCM,17,0.5304542210018305,0.47058823529411764,0.32531662982359716,42.17060379093464,39.294117647058826,17.991900726731174,68.32266636017563,0,0
leeds-united,63588bd5-68f8-567a-8175-c17ab42b05f3,Dominic Calvert-Lewin,FWD,ST,17,0.8494126108385288,0.9411764705882353,0.19939789209952163,77.27503425602022,83.05882352941177,17.77288359348163,83.46676938449467,1,0
leeds-united,d921acea-ffba-515b-a957-12586c43f133,Karl Darlow,GK,GK,17,0.8021097411592155,1.0,0.19789025884078446,72.25251581608316,90.0,17.74748418391684,78.6474656257281,0,1
leeds-united,80984ab9-f368-5f6c-be67-3ca8dc321a4e,Joe Rodon,DEF,RCB,17,0.7729852963026491,0.8235294117647058,0.20429910607309254,70.22749871077805,76.58823529411765,17.09959369814981,66.13806075928741,0,0
leeds-united,542e61a7-899c-5785-91c5-c76ab1e53e2d,Lucas Estella Perri,GK,GK,17,0.18143043329731318,0.0,0.18143043329731318,16.431337839600197,0.0,16.431337839600197,72.34632237288108,1,0
leeds-united,c550c5c9-6be9-5d60-a724-ed8b1d333548,Brenden Aaronson,MID,RCM,6,0.7992956574977105,1.0,0.2007043425022895,67.00651788408994,76.16666666666667,12.816950603638029,28.886658439097268,0,0
leeds-united,e5ce8638-ef71-56e5-ae05-c0e425118aa3,James Justin,DEF,RCB,11,0.8653452502114234,1.0,0.13465474978857658,76.76710420339413,88.0909090909091,11.588073654694616,22.87752943580172,0,0
leeds-united,636ed36a-8aff-58b0-a5e5-7b5894084b12,Wilfried Gnonto,MID,LW,17,0.18059778003375918,0.0,0.18059778003375918,14.950764529025136,12.0,9.650189963333471,23.28883593543157,0,0
leeds-united,6b487d4a-07ef-5c9e-b3e0-8bc10e69d873,Daniel James,MID,RW,15,0.07354241565486473,0.06666666666666667,0.12720248096378795,7.273581014440416,8.0,8.740767774824288,54.14499013285436,0,1
leeds-united,82e95b4b-22b2-59a9-b33b-e199df378fe3,Ethan Ampadu,MID,CM,11,0.9054829818271248,1.0,0.09451701817287507,81.54698462716914,90.0,8.45301537283086,16.27637909006461,0,0
leeds-united,444fa31b-486a-5e4b-94ca-7e00df06a41b,Joël Piroe,FWD,ST,17,0.08988090257718098,0.0,0.08988090257718098,7.8888216709103824,2.5294117647058822,7.12044363294742,13.05409368267327,0,0
leeds-united,e5ce8638-ef71-56e5-ae05-c0e425118aa3,James Justin,DEF,LWB,1,0.9174817717785109,1.0,0.08251822822148913,82.98186395061802,90.0,7.0181360493819795,7.0181360493819795,0,0
leeds-united,82e95b4b-22b2-59a9-b33b-e199df378fe3,Ethan Ampadu,MID,RCM,6,0.9221984182713115,1.0,0.07780158172868847,83.03343695636259,90.0,6.966563043637414,10.253056855356903,0,0
leeds-united,c550c5c9-6be9-5d60-a724-ed8b1d333548,Brenden Aaronson,MID,RW,1,0.9437509807498276,1.0,0.05624901925017245,84.96189283040957,90.0,5.0381071695904325,5.0381071695904325,0,0
leeds-united,c86ca08c-b2a0-524b-91f4-254b65701bdd,Facundo Buonanotte,MID,UNKNOWN,17,0.028240382579937103,0.0,0.028240382579937103,3.0368502023629147,2.1176470588235294,4.274870091607452,13.696754413141663,0,0
leeds-united,72b4d47e-09d1-54dc-a733-48d72051bfd6,Jack Harrison,MID,LW,17,0.034471550981939825,0.0,0.034471550981939825,2.425947970678216,0.0,2.425947970678216,8.547617489914511,0,0
leeds-united,9e6b179b-c48c-55e2-a994-96c7b2b50d30,Sam Byram,DEF,UNKNOWN,17,0.021275790291751612,0.0,0.021275790291751612,1.8388341369558798,0.058823529411764705,1.7800106075441153,5.738803659656746,0,0
leeds-united,8aed7572-0495-5ac2-820c-f11d789d946b,Alfie Cresswell,MID,UNKNOWN,2,0.0027404952324363917,0.0,0.0027404952324363917,0.6154495414071908,0.0,0.6154495414071908,1.0685451391016436,0,0
leeds-united,224e0505-bb1f-5108-9049-89f41bbc562d,Rhys Chadwick,MID,UNKNOWN,3,0.0026379013791604992,0.0,0.0026379013791604992,0.5242841688656676,0.0,0.5242841688656676,1.2608701042718289,0,0
leeds-united,75309ae5-7034-59b3-88da-c65d78251de3,Jayden Lienou,DEF,UNKNOWN,3,0.002620524312978255,0.0,0.002620524312978255,0.5036567348531436,0.0,0.5036567348531436,1.2026210957512447,0,0
leeds-united,da39b561-29f9-5523-9f7e-ce428995a667,Sam Chambers,MID,UNKNOWN,17,0.0017121261464761697,0.0,0.0017121261464761697,0.14498583084063488,0.0,0.14498583084063488,0.18315493271217284,0,0
leeds-united,42d589dd-2de8-5c4b-8de3-2ec64bd27ef3,Darko Gyabi,MID,UNKNOWN,17,0.0017121261464761697,0.0,0.0017121261464761697,0.14464537823454704,0.0,0.14464537823454704,0.18315493271217284,0,0
leeds-united,4ef7093e-03ff-5d62-a744-87ea8be7d38a,Largie Ramazani,MID,UNKNOWN,17,0.0017121261464761697,0.0,0.0017121261464761697,0.14464537823454704,0.0,0.14464537823454704,0.18315493271217284,0,0
leeds-united,974ef92f-7944-5ffd-a730-7734e72c7dac,Sam Greenwood,MID,UNKNOWN,17,0.0017121261464761697,0.0,0.0017121261464761697,0.14464537823454704,0.0,0.14464537823454704,0.18315493271217284,0,0
leeds-united,b51b313f-f96d-5c33-b8be-063d710952f5,Charlie Crew,MID,UNKNOWN,17,0.0017121261464761697,0.0,0.0017121261464761697,0.14464537823454704,0.0,0.14464537823454704,0.18315493271217284,0,0
leeds-united,efcc548f-5524-51fb-8c54-56bea848dc3f,Joe Gelhardt,MID,UNKNOWN,17,0.0017121261464761697,0.0,0.0017121261464761697,0.14464537823454704,0.0,0.14464537823454704,0.18315493271217284,0,0
leeds-united,05464ed5-30b5-5db8-b69e-4ed4ecf68b91,Isaac Schmidt,DEF,UNKNOWN,17,0.0017008321611693676,0.0,0.0017008321611693676,0.14300993178178686,0.0,0.14300993178178686,0.1811660788333513,0,0
leeds-united,28a76709-86bc-5374-b68f-317ce6a2fece,Harry Gray,FWD,UNKNOWN,17,0.0016156611732016256,0.0,0.0016156611732016256,0.13658662758677353,0.0,0.13658662758677353,0.17294298096145008,0,0
leeds-united,2ae46311-d669-503a-b92c-a3711ab11610,Patrick Bamford,FWD,UNKNOWN,17,0.0016156611732016256,0.0,0.0016156611732016256,0.13658662758677353,0.0,0.13658662758677353,0.17294298096145008,0,0
leeds-united,f7e01f64-b15b-5e5f-b9bb-443acf0263eb,Mateo Joseph Fernández,FWD,UNKNOWN,17,0.0016156611732016256,0.0,0.0016156611732016256,0.13658662758677353,0.0,0.13658662758677353,0.17294298096145008,0,0
leeds-united,52774bd0-a651-51a2-9572-aa9c204ae1cd,Illan Meslier,GK,UNKNOWN,17,0.0015260007886999526,0.0,0.0015260007886999526,0.12970562714116143,0.0,0.12970562714116143,0.16414953275807662,0,0
leeds-united,d5ed50c8-a1c0-5093-be21-18e0e2bcefa6,Alex Cairns,GK,UNKNOWN,17,0.0015260007886999526,0.0,0.0015260007886999526,0.12970562714116143,0.0,0.12970562714116143,0.16414953275807662,0,0
liverpool,abc5ff85-af28-52a6-899e-59f93406af42,Jeremie Frimpong,DEF,RAM,3,0.5432305541824932,0.3333333333333333,0.4830816971377811,52.3810057322577,35.333333333333336,39.12060362055761,76.97981473524113,1,0
liverpool,e294bf9c-b850-58e2-8e18-b24687408f28,Wataru Endo,MID,UNKNOWN,5,0.17857236780006086,0.2,0.34862133083448077,16.755937575412997,25.4,36.91693162782311,59.127406273712396,0,1
liverpool,9e1945d4-3c6d-54ed-b8d0-6ba8f66541c2,Andrew Robertson,DEF,LB,17,0.38619270686082574,0.4117647058823529,0.4398562487525615,35.015906938923536,40.23529411764706,35.48754571446797,75.37989400808397,0,3
liverpool,4b503a23-131b-5e74-983e-6d9f3f06f2dd,Milos Kerkez,DEF,LB,17,0.617370191369622,0.5882352941176471,0.432755235633832,52.9435293587725,49.294117647058826,35.034731472043724,79.51884653336496,2,1
liverpool,69b2f335-365b-5201-b36b-babf799e628a,Curtis Jones,MID,LDM,14,0.5384782000345222,0.42857142857142855,0.45005716620488956,51.432784591743335,49.214285714285715,32.64607237841194,69.9059856151209,2,0
liverpool,7a5568a1-0d6a-5388-9fe2-daf7af01c339,Freddie Woodman,GK,GK,4,0.4506180911959724,0.25,0.3171599468945452,44.90035194287351,22.5,31.155206665330446,73.73561580444402,0,0
liverpool,b8cff13d-168c-5c65-ad52-99b0426b08f2,Dominik Szoboszlai,MID,RAM,4,0.8984311642339795,0.75,0.3347704514852329,80.89119548016026,67.5,30.108616936195407,86.99962483271135,1,0
liverpool,5ac01d0b-69fc-5dea-acd4-ecdaec724a83,Mohamed Salah,MID,RAM,17,0.590893852720298,0.6470588235294118,0.36260579128114834,52.66429352949512,56.529411764705884,28.908142907931843,71.85158681245416,1,1
liverpool,e1be452d-eabb-5030-8f89-d3b48d85fedb,Florian Wirtz,MID,CAM,16,0.6855515970401262,0.625,0.3381938257915323,59.48437034081456,55.25,27.509722852120312,81.89274635138642,2,0
liverpool,0ffc6ec2-ca3e-5db4-8ebf-a8eba45464b9,Joseph Gomez,DEF,RB,17,0.23915986168364872,0.23529411764705882,0.36945381406461264,21.654791049975216,20.470588235294116,25.104377642498434,69.99485539487141,0,2
liverpool,debd2971-955d-5acb-b321-caec89c7ad6d,Rio Ngumoha,MID,LAM,8,0.4148229065757307,0.5,0.4391058668893811,37.41293725196662,44.5,24.873303855463273,45.89356127435107,0,0
liverpool,66e53a63-86c7-5b13-92b7-7f9d7f77e440,Ibrahima Konaté,DEF,RCB,17,0.8026312605919358,0.8823529411764706,0.2775498013083531,70.03829371363855,76.70588235294117,23.872470729346613,75.03705534888044,2,0
liverpool,f2831f63-18d0-5405-9349-288d723614fe,Giorgi Mamardashvili,GK,GK,17,0.2365929967244839,0.29411764705882354,0.25451878768690134,20.217763587431282,24.529411764705884,22.33828061009477,88.38100966747032,0,2
liverpool,b02dbbb7-35b6-53d3-be68-f7c1b2c4e70f,Ryan Gravenberch,MID,RDM,17,0.8476078505375912,0.8823529411764706,0.22965535352230046,73.8151605945205,77.05882352941177,21.793779772985854,71.69690130362589,1,0
liverpool,d982f8cc-b7f6-5eef-880a-7588a8d9c761,Alexis Mac Allister,MID,LDM,17,0.8222694812345483,0.8235294117647058,0.27978672657446385,75.62940220420158,74.58823529411765,20.965788204123015,72.91816589888388,2,0
liverpool,abc5ff85-af28-52a6-899e-59f93406af42,Jeremie Frimpong,DEF,RB,14,0.38247496789990076,0.5,0.33106312269451027,30.724782401514915,38.285714285714285,20.95818541190625,44.914205873596345,0,0
liverpool,bb7d5990-008e-5f6d-871a-83ec4490dd2d,Alisson Ramses Becker,GK,GK,17,0.6275743923425993,0.5882352941176471,0.2103557065765075,56.526428626469404,52.94117647058823,18.946693038932935,86.30121291964987,1,0
liverpool,1f949251-9252-593a-a2f0-d26d1f7e776b,Hugo Ekitiké,FWD,ST,17,0.48208757652679707,0.47058823529411764,0.28052710120160923,40.754871549137675,39.35294117647059,18.1777602145474,69.91793853923247,1,0
liverpool,c0368969-bbd9-51aa-b3f8-938783260736,Alexander Isak,FWD,ST,17,0.1429898031511512,0.11764705882352941,0.19348648923614317,13.454522057378261,11.352941176470589,15.688958651429308,54.043075686427166,0,1
liverpool,3662a836-64ae-524d-ac5d-6c64245981a2,Cody Gakpo,MID,LAM,17,0.8509754882896726,1.0,0.14902451171032746,71.96385453320815,81.88235294117646,14.061531023880548,35.11152946692951,0,0
liverpool,debd2971-955d-5acb-b321-caec89c7ad6d,Rio Ngumoha,MID,UNKNOWN,9,0.09124681910713879,0.1111111111111111,0.16752903899927873,12.307360600918795,15.88888888888889,10.69380469404413,39.0442649283221,0,1
liverpool,78c0a2b0-1177-5877-a879-cde3ee7544cd,Conor Bradley,DEF,RB,17,0.09619344423482025,0.0,0.09619344423482025,9.536818122803856,0.0,9.536818122803856,73.86014096520876,0,0
liverpool,7a5568a1-0d6a-5388-9fe2-daf7af01c339,Freddie Woodman,GK,UNKNOWN,13,0.02828709520479443,0.07692307692307693,0.07925475572095851,2.7925528958387584,9.384615384615385,8.883274575688743,69.75980449385564,0,1
liverpool,a71659ac-51ab-555b-9916-b585f197aa60,Federico Chiesa,MID,RAM,17,0.10879749622874872,0.0,0.10879749622874872,12.214768022105275,5.294117647058823,8.729046008201722,24.46125065885645,0,0
liverpool,69b2f335-365b-5201-b36b-babf799e628a,Curtis Jones,MID,RB,3,0.8683436984144723,1.0,0.13165630158552766,81.76561318022256,90.0,8.234386819777436,8.756890027738294,0,0
liverpool,b8cff13d-168c-5c65-ad52-99b0426b08f2,Dominik Szoboszlai,MID,RB,1,0.9279574117206161,1.0,0.07204258827938392,83.5424135416595,90.0,6.457586458340501,6.457586458340501,0,0
liverpool,b8cff13d-168c-5c65-ad52-99b0426b08f2,Dominik Szoboszlai,MID,CAM,12,0.928643327249076,1.0,0.07135667275092407,83.61736062243406,90.0,6.3826393775659405,9.986946041005268,0,0
liverpool,b8d260b7-8922-5c13-b885-b00fbe91b80e,Virgil van Dijk,DEF,LCB,17,0.93087053595852,1.0,0.06912946404147992,84.15766109052942,90.0,5.842338909470578,8.297013974820686,0,0
liverpool,e294bf9c-b850-58e2-8e18-b24687408f28,Wataru Endo,MID,RB,12,0.052024386462379425,0.0,0.052024386462379425,4.6684211953551955,0.0,4.6684211953551955,21.16139341411845,0,0
liverpool,b583437c-0e58-52e9-b157-bdf58f64c052,Treymaurice Nyoni,MID,UNKNOWN,17,0.03177849292837107,0.0,0.03177849292837107,3.967624157321268,1.1176470588235294,3.7582759958595373,9.867193635836724,0,0
liverpool,d4b5ff08-b86e-54fd-afa2-99a30a506fdf,Amara Nallo,DEF,UNKNOWN,17,0.016463417815167084,0.0,0.016463417815167084,1.3406305496379214,0.0,1.3406305496379214,3.0276628070024825,0,0
liverpool,47656ec5-5c9b-52ed-a044-52efc69c5073,Calvin Ramsay,DEF,UNKNOWN,17,0.015186939208684039,0.0,0.015186939208684039,1.238561162611573,0.0,1.238561162611573,2.5271521787395,0,0
liverpool,8cc196a8-778a-516d-b076-6538623993c0,Kieran Morrison,MID,UNKNOWN,17,0.014693662149790121,0.0,0.014693662149790121,1.2018044201650884,0.0,1.2018044201650884,3.058878974730241,0,0
liverpool,e1be452d-eabb-5030-8f89-d3b48d85fedb,Florian Wirtz,MID,LAM,1,0.9388024152083189,1.0,0.06119758479168114,84.89128086495477,86.0,1.1087191350452343,1.1087191350452343,0,0
liverpool,93048204-7621-5ffc-8c31-ed76da8f62f1,Wellity Lucky,DEF,UNKNOWN,17,0.012276520708504414,0.0,0.012276520708504414,1.0044909340069896,0.0,1.0044909340069896,1.7518148776296236,0,0
liverpool,a4f10188-4c42-55fd-b356-75102e031168,Giovanni Leoni,DEF,UNKNOWN,17,0.012276559501307006,0.0,0.012276559501307006,1.0043515432671104,0.0,1.0043515432671104,1.7518148778083282,0,0
liverpool,0a3fb5ab-e9ba-57b4-bc4d-2b8f0219b826,Jayden Danns,FWD,UNKNOWN,17,0.011668379231651857,0.0,0.011668379231651857,0.9576853858009341,0.0,0.9576853858009341,1.6693553059215989,0,0
liverpool,ca26a4ce-2ced-5022-9763-3d7960d87d9c,Talla Ndiaye,DEF,UNKNOWN,4,0.0021939334960258796,0.0,0.0021939334960258796,0.38263312380925496,0.0,0.38263312380925496,1.0236025284673904,0,0
liverpool,e4e14fae-4616-5bcb-8b8f-ada565c92ea4,Will Wright,FWD,UNKNOWN,5,0.0019772599377985423,0.0,0.0019772599377985423,0.32841012348206733,0.0,0.32841012348206733,1.0458121993418115,0,0
liverpool,3bab7c49-aa46-58d8-90d6-4cf3bfbcf8da,James McConnell,MID,UNKNOWN,17,0.0015921808898801528,0.0,0.0015921808898801528,0.13401114833537942,0.0,0.13401114833537942,0.2334254067318237,0,0
liverpool,c06a7898-18bc-59aa-9fea-bb61923ebd70,Stefan Bajcetic,MID,UNKNOWN,17,0.0015921808898801528,0.0,0.0015921808898801528,0.13401114833537942,0.0,0.13401114833537942,0.2334254067318237,0,0
liverpool,cfee3285-846d-500c-84d7-88006991819d,Tyler Morton,MID,UNKNOWN,17,0.0015921808898801528,0.0,0.0015921808898801528,0.13401114833537942,0.0,0.13401114833537942,0.2334254067318237,0,0
liverpool,d94247e4-7435-5b73-b547-77783343b8ef,Luis Díaz,MID,UNKNOWN,17,0.0015921808898801528,0.0,0.0015921808898801528,0.13401114833537942,0.0,0.13401114833537942,0.2334254067318237,0,0
liverpool,9eccc04f-8346-57b1-bd1e-71323575dc04,Konstantinos Tsimikas,DEF,UNKNOWN,17,0.0015816774016910568,0.0,0.0015816774016910568,0.13251924345024885,0.0,0.13251924345024885,0.23117685682735797,0,0
liverpool,d1f47c3f-5231-51c6-81dc-a5736cee9adb,Rhys Williams,DEF,UNKNOWN,17,0.0015816774016910568,0.0,0.0015816774016910568,0.13251924345024885,0.0,0.13251924345024885,0.23117685682735797,0,0
liverpool,138144e8-72f1-5e52-a26e-d5ee565f1904,Darwin Núñez Ribeiro,FWD,UNKNOWN,17,0.001502468073237833,0.0,0.001502468073237833,0.12654029705005124,0.0,0.12654029705005124,0.22038277153241564,0,0
liverpool,abbc599e-36f3-5bfb-baf8-47f6866dfc5a,Ármin Pécsi,GK,UNKNOWN,17,0.001419084176508033,0.0,0.001419084176508033,0.12014002037237125,0.0,0.12014002037237125,0.20889418617969324,0,0
manchester-city,607bc478-1de3-5627-b97c-8cc0c015b3e0,Marc Guéhi,DEF,UNKNOWN,1,0.00437922726932377,1.0,0.9956207727306763,0.4471784318759293,90.0,89.55282156812407,89.55282156812407,0,1
manchester-city,cffb76ef-9edc-5e36-95cd-8c4ce7623f4e,Nathan Aké,DEF,LCB,3,0.2998192984530568,0.6666666666666666,0.6867786043314794,32.6088957120428,55.333333333333336,57.46292981911296,60.155471777394055,0,1
manchester-city,66ce5aaa-c0e9-5462-8a78-fae312616872,Antoine Semenyo,MID,UNKNOWN,1,0.4526528833890069,1.0,0.5473471166109931,41.16202614016773,90.0,48.83797385983227,48.83797385983227,0,0
manchester-city,138e28b4-ff6e-5598-bbd5-0b255b509b73,Tijjani Reijnders,MID,LCM,2,0.6703849268879795,0.5,0.7133247914306002,63.24966235988992,35.0,40.56787659225858,68.8175389521485,1,0
manchester-city,255ce56a-28f3-53e5-ae63-19f3c15aa12d,Erling Haaland,FWD,ST,17,0.7865585193592561,0.7647058823529411,0.38188206746977926,69.96380661244439,66.52941176470588,34.72307168216972,79.82195576115629,4,0
manchester-city,7ba3294a-acf2-50da-ba1c-626fce42c1dc,Omar Marmoush,MID,LW,2,0.04875409856805635,0.5,0.46609454315829535,4.02563773783142,36.5,33.85066364779,66.32502590995858,0,1
manchester-city,6f380ed1-cc12-5a44-847a-217354668a1e,Rodrigo Hernandez,MID,DM,17,0.5586145188663436,0.7058823529411765,0.38971647963551653,53.20522774494253,62.1764705882353,32.24624218322065,86.7566095767341,0,1
manchester-city,f717009d-d433-5fa0-9cf5-1e081478a8f1,Phil Foden,MID,LCM,17,0.42565811376719287,0.29411764705882354,0.4921167449605546,35.24173750949856,30.058823529411764,29.582741230741107,61.10479531266107,0,2
manchester-city,7ba3294a-acf2-50da-ba1c-626fce42c1dc,Omar Marmoush,MID,ST,15,0.34221749706411475,0.3333333333333333,0.4578111264133409,27.605712109589387,27.6,29.49762598946637,61.80713108051286,0,1
manchester-city,eebb4710-6fe9-53e9-81e0-a650547126a0,Rayan Cherki,MID,CAM,4,0.6950162292260017,0.25,0.496182966987872,62.5548609041115,34.0,28.5548609041115,72.4400192301217,1,0
manchester-city,692da677-7071-5b72-89bc-cc722ba518e2,Nico O'Reilly,DEF,LB,17,0.7936538463786783,0.7647058823529411,0.32578254092343856,70.41524334526717,68.6470588235294,28.193730533406217,75.90533015379224,2,0
manchester-city,8f8bfbcb-af82-5a5c-952d-234afde668ad,Rayan Aït-Nouri,DEF,LB,17,0.4690993638936169,0.5294117647058824,0.3907502478164469,39.74144595917303,45.11764705882353,27.32063688559842,72.52419325939863,0,0
manchester-city,74dac327-64c8-5269-84db-4a4550f5f921,Abdukodir Khusanov,DEF,RCB,17,0.7087197655138815,0.6470588235294118,0.37774472596009895,63.36447509881359,61.64705882352941,27.319240278499244,79.44762166736247,2,0
manchester-city,a6c3f89e-b9b1-5e12-9487-4f18ad700191,Matheus Luiz Nunes,DEF,RB,17,0.8387522145778398,0.8823529411764706,0.23835269803033138,72.1564020366809,75.6470588235294,25.637719034994355,79.9752218382241,1,0
manchester-city,a71d684a-cc48-5dab-9f2a-addd0208884c,Rúben Gato Alves Dias,DEF,RCB,17,0.23931939668924093,0.29411764705882354,0.26470904483556446,22.11023930565896,25.529411764705884,25.34135756023727,85.96172040031708,0,1
manchester-city,dfca7131-f158-5eea-ba5e-b71b5a3655b2,Jérémy Doku,MID,LAM,5,0.8305887368976794,0.6,0.4291353747247534,75.71087586912354,59.8,24.318706907995995,54.68169139784894,1,0
manchester-city,138e28b4-ff6e-5598-bbd5-0b255b509b73,Tijjani Reijnders,MID,RCM,15,0.2710934829328436,0.13333333333333333,0.37941224424776326,19.994622211328938,14.733333333333333,22.26180735288438,72.2879768571646,0,2
manchester-city,a8873d13-747b-51b1-97e7-d8505b4f0084,Sávio 'Savinho' Moreira de Oliveira,MID,RAM,2,0.46448573566257967,0.5,0.4673717012224411,48.76478339576969,62.0,21.648095752870383,34.88331235710069,0,0
manchester-city,a5ac6603-1c8f-569d-acdb-bba58bd047c8,Nico González,MID,CM,17,0.14519684664250665,0.11764705882352941,0.24500075238085942,14.092768107817136,13.529411764705882,21.444713161620374,84.84133424980614,0,2
manchester-city,dfca7131-f158-5eea-ba5e-b71b5a3655b2,Jérémy Doku,MID,LW,12,0.34470934754518684,0.3333333333333333,0.28107362490472937,31.375274702842518,32.5,21.384335142228945,48.25159369243937,0,0
manchester-city,66ce5aaa-c0e9-5462-8a78-fae312616872,Antoine Semenyo,MID,RAM,8,0.8402964597293743,1.0,0.15970354027062578,66.51786418379497,76.25,21.363575532682958,31.76645982013664,0,0
manchester-city,cffb76ef-9edc-5e36-95cd-8c4ce7623f4e,Nathan Aké,DEF,LB,14,0.14574046489633344,0.07142857142857142,0.20026752550741117,14.311649445450243,9.0,19.462887440349807,78.52933298214847,0,1
manchester-city,eebb4710-6fe9-53e9-81e0-a650547126a0,Rayan Cherki,MID,RAM,13,0.6983224017622133,0.6153846153846154,0.3801228690256471,62.219379384164924,61.69230769230769,19.017778546560148,38.49067024958612,0,0
manchester-city,83730675-676b-50b6-b1eb-8dac7bf1945f,Rico Lewis,DEF,RB,17,0.10792299333909464,0.11764705882352941,0.18982929806688142,10.958097155201468,10.588235294117647,17.953372811874306,87.77914257889056,1,1
manchester-city,70198e6a-5cf9-5344-a2c0-f1b71dfeeb5f,Bernardo Veiga de Carvalho e Silva,MID,RCM,7,0.813575212450748,1.0,0.18642478754925193,73.17163836250735,83.57142857142857,17.470858371152236,41.14971082096784,0,0
manchester-city,8fc7e356-2dbb-50c9-8b7e-cc573f3855b4,James Trafford,GK,GK,17,0.13727532364940745,0.058823529411764705,0.18052434309932672,12.47941703979299,5.294117647058823,16.349763915757958,77.89794844570221,0,1
manchester-city,66ce5aaa-c0e9-5462-8a78-fae312616872,Antoine Semenyo,MID,RW,4,0.8241292827965123,1.0,0.17587071720348765,74.30002953672344,90.0,15.699970463276557,19.538747900363617,0,0
manchester-city,607bc478-1de3-5627-b97c-8cc0c015b3e0,Marc Guéhi,DEF,LCB,15,0.8818594005002282,0.9333333333333333,0.1744138249403689,79.45654980343096,84.0,15.614136912429347,83.03015036895226,1,0
manchester-city,67859d1e-575f-5ae4-aa8d-8f36bd11696e,Gianluigi Donnarumma,GK,GK,17,0.8801234938299767,0.9411764705882353,0.1676522746997425,79.86761985583391,84.70588235294117,14.502139936536528,82.14295823514877,1,0
manchester-city,52ef863c-3a3d-510c-ac26-a4176d6b98ff,Mateo Kovacic,MID,LCM,1,0.21170284214490906,0.0,0.21170284214490906,16.882715170411394,31.0,14.117284829588606,14.117284829588606,0,0
manchester-city,70198e6a-5cf9-5344-a2c0-f1b71dfeeb5f,Bernardo Veiga de Carvalho e Silva,MID,CAM,10,0.7710226446398728,1.0,0.22897735536012717,69.81756040380463,79.1,13.617299202581666,24.077203692735807,0,0
manchester-city,a8873d13-747b-51b1-97e7-d8505b4f0084,Sávio 'Savinho' Moreira de Oliveira,MID,LW,15,0.09412733408541282,0.06666666666666667,0.14965437023099887,8.817497214032079,10.8,12.451367282003696,78.06413085797686,0,1
manchester-city,66ce5aaa-c0e9-5462-8a78-fae312616872,Antoine Semenyo,MID,ST,4,0.9072545812507811,1.0,0.09274541874921893,78.58878085867369,85.0,11.74809628668018,25.016395875806452,0,0
manchester-city,7eb8003c-fda3-5fc5-8d67-ca7a0d89468c,John Stones,DEF,RCB,17,0.055283598644671014,0.058823529411764705,0.10730862793829556,4.168331230974045,5.0,7.70542266648215,70.37041002996706,0,1
manchester-city,4238fdb0-cf75-58c4-b3b5-1e9939c55fc1,Joško Gvardiol,DEF,LCB,17,0.061886194993483766,0.058823529411764705,0.11598023848052545,4.391047793249891,4.0588235294117645,7.315728119408911,54.494860228566495,0,1
manchester-city,52ef863c-3a3d-510c-ac26-a4176d6b98ff,Mateo Kovacic,MID,UNKNOWN,16,0.04408182681036392,0.0625,0.09955781682114168,5.154147833878315,5.625,7.197277747483925,44.38751549104644,0,1
manchester-city,438fc70b-3d5c-5a76-8236-a11719e82ea2,Max Alleyne,DEF,LCB,17,0.12237709707130007,0.058823529411764705,0.08260901743718074,8.526769531968304,2.6470588235294117,5.879710708438893,32.53256525417994,0,0
manchester-city,201e624c-dbdb-53d2-bd0f-51add9b0065a,Divine Mukasa,MID,UNKNOWN,17,0.017184223753270916,0.0,0.017184223753270916,2.0682115949672046,0.5882352941176471,1.9906724162810268,7.274896849508879,0,0
manchester-city,4073380f-fdfa-557a-86ed-8cd80b77ee9d,Ryan McAidoo,MID,UNKNOWN,17,0.022913242373929076,0.0,0.022913242373929076,1.8476216866678197,0.0,1.8476216866678197,9.857863485386916,0,0
manchester-city,ef856b2c-4200-58fa-8d76-23913677f5ba,Oscar Bobb,MID,RW,2,0.018319745437702505,0.0,0.018319745437702505,1.501087721106921,0.0,1.501087721106921,1.5983987285430654,0,0
manchester-city,76b5ff9e-de1b-5e1c-9671-313179f87301,Stephen Mfuni,DEF,UNKNOWN,17,0.014546002909961745,0.0,0.014546002909961745,1.1866826860915907,0.0,1.1866826860915907,4.585569154259706,0,0
manchester-city,3f1aa38c-fd56-5adf-be5a-a23c7b331590,Reigan Heskey,MID,UNKNOWN,17,0.010525815561935627,0.0,0.010525815561935627,0.872142877026916,0.0,0.872142877026916,1.5147489522798345,0,0
manchester-city,db8017e7-100e-5284-985b-973c57b41eb1,Charlie Gray,MID,UNKNOWN,17,0.010524424992452952,0.0,0.010524424992452952,0.872022491930168,0.0,0.872022491930168,1.5147483621490394,0,0
manchester-city,14629041-15dd-5022-aee0-77d30034ea61,Kalvin Phillips,MID,UNKNOWN,17,0.010525815686253985,0.0,0.010525815686253985,0.8718383586899912,0.0,0.8718383586899912,1.514748952333711,0,0
manchester-city,03aa9721-b870-5123-9e60-a37f289d48f4,Ilkay Gündogan,MID,UNKNOWN,17,0.0013541371425434118,0.0,0.0013541371425434118,0.1156209349202904,0.0,0.1156209349202904,0.2000437440220448,0,0
manchester-city,23685de8-c39b-5824-8c5b-546d1bbf75e4,Claudio Echeverri,MID,UNKNOWN,17,0.0013541371425434118,0.0,0.0013541371425434118,0.1156209349202904,0.0,0.1156209349202904,0.2000437440220448,0,0
manchester-city,90dd0286-b0cb-5e1a-9ffb-c86119467177,Sverre Nypan,MID,UNKNOWN,17,0.0013541371425434118,0.0,0.0013541371425434118,0.1156209349202904,0.0,0.1156209349202904,0.2000437440220448,0,0
manchester-city,6109f956-a86b-50e2-b19c-30423f08c90c,Manuel Akanji,DEF,UNKNOWN,17,0.0013452019942715397,0.0,0.0013452019942715397,0.11424657522269456,0.0,0.11424657522269456,0.19803058472480387,0,0
manchester-city,8dd15921-9e34-56d6-b805-ffb703dc4224,Vitor de Oliveira Nunes dos Reis,DEF,UNKNOWN,17,0.0013452019942715397,0.0,0.0013452019942715397,0.11424657522269456,0.0,0.11424657522269456,0.19803058472480387,0,0
manchester-city,7c9da209-7271-5ead-9590-5bb35f05a05e,Ederson Santana de Moraes,GK,UNKNOWN,17,0.001206889970336278,0.0,0.001206889970336278,0.10375337494839837,0.0,0.10375337494839837,0.17910891834639317,0,0
manchester-city,ddecc729-71bf-5e26-83fa-8f4b0557d6bb,Marcus Bettinelli,GK,UNKNOWN,17,0.001206889970336278,0.0,0.001206889970336278,0.10375337494839837,0.0,0.10375337494839837,0.17910891834639317,0,0
manchester-city,a493cdaf-9cab-5479-8687-9533f241460c,Stefan Ortega Moreno,GK,UNKNOWN,3,0.0009462288608072872,0.0,0.0009462288608072872,0.08116046205433569,0.0,0.08116046205433569,0.09180279234303416,0,0
manchester-united,06edf8b9-4201-50b7-b9f9-2e6a7842f113,Kobbie Mainoo,MID,UNKNOWN,1,0.11225746400991679,1.0,0.8877425359900832,12.908763646588753,90.0,77.09123635341125,77.09123635341125,0,1
manchester-united,85474434-c2d2-5904-bdbc-d8e7b1e46db0,Harry Maguire,DEF,CB,2,0.3808972559014368,1.0,0.6191027440985633,33.57970683967263,90.0,56.42029316032736,81.54571331246751,0,1
manchester-united,c2bb5215-da9d-515a-81f0-604c302f3078,Noussair Mazraoui,DEF,RB,6,0.37969141933180195,0.5,0.6274620029915962,39.52462259667984,38.666666666666664,52.064352593238624,73.10831633953293,0,1
manchester-united,6a3d319d-e848-56e0-bc06-707ee4149c24,Mason Mount,MID,RDM,2,0.4808029590481254,0.5,0.6955155528588627,46.59836348919525,41.0,48.38383906998408,53.98220255917932,0,0
manchester-united,85474434-c2d2-5904-bdbc-d8e7b1e46db0,Harry Maguire,DEF,LCB,5,0.5415828807233574,0.6,0.4351339514727542,46.48249368643735,51.4,34.65286240986112,82.46256170393968,0,1
manchester-united,65910bcc-31a9-56bb-ba12-74e687cd31ec,Amad Diallo,MID,RWB,4,0.6190556844307205,1.0,0.38094431556927955,55.38504557218539,89.25,33.86495442781461,83.67436676311237,0,1
manchester-united,3da0d46a-b47e-5811-9668-ebfa18ca336a,Ayden Heaven,DEF,LCB,4,0.457286753753364,0.25,0.337353986001039,42.548755730709715,22.5,30.959264524782384,72.55656254302684,0,0
manchester-united,8d2526be-436d-5cc9-ac87-685d6e1cc27c,Diogo Dalot Teixeira,DEF,RB,15,0.8044601167151927,0.7333333333333333,0.3876276470943926,74.7866571426053,68.33333333333333,29.956139376872486,82.39637654362134,4,0
manchester-united,f2eb0907-28df-5daf-b912-aec135508e38,Benjamin Sesko,FWD,ST,17,0.5466294086422048,0.35294117647058826,0.39979105385638664,50.90442992198284,34.8235294117647,28.628833011391965,87.10426108350205,1,0
manchester-united,e037fafa-e08a-50a4-8014-a43e6c2d13a4,Carlos Henrique Casimiro,MID,RDM,11,0.8434577762913275,0.8181818181818182,0.29050533197982165,72.3218267278087,69.18181818181819,27.076309565077235,83.51397917417071,2,0
manchester-united,82990c89-5786-50c7-898b-b6d67ce0f54a,Leny Yoro,DEF,RCB,17,0.4520179540279261,0.35294117647058826,0.3089965138708668,42.38479214639866,35.11764705882353,25.94950616250506,84.17543098104896,1,0
manchester-united,c2bb5215-da9d-515a-81f0-604c302f3078,Noussair Mazraoui,DEF,RCB,11,0.28692207587214563,0.18181818181818182,0.3148094790213344,27.87351027876705,27.818181818181817,24.635905565878794,67.80214506804835,0,1
manchester-united,1b9763d0-3c26-574c-9903-2c98b8431990,Matheus Santos Carneiro Da Cunha,MID,LAM,17,0.8178990081568553,0.7647058823529411,0.3295622187909341,69.77289681863394,65.94117647058823,23.895757886204144,77.13049499769305,3,0
manchester-united,65910bcc-31a9-56bb-ba12-74e687cd31ec,Amad Diallo,MID,RAM,13,0.6595703960020667,0.6923076923076923,0.37101091636817507,54.39130500790452,59.92307692307692,23.349107090438505,60.8431708926867,0,0
manchester-united,cd221270-eb70-5941-b084-b02fff2a8b2e,Lisandro Martínez,DEF,LCB,17,0.4834516472345951,0.5294117647058824,0.2983629700845501,43.48928808638707,45.588235294117645,23.13830444940977,86.74668236877226,1,2
manchester-united,06edf8b9-4201-50b7-b9f9-2e6a7842f113,Kobbie Mainoo,MID,LDM,16,0.7628201040621022,0.9375,0.2712308841204397,69.51471845185742,83.4375,22.952944810182295,74.46065723625865,0,1
manchester-united,be977983-b55e-52b9-96d5-b98b8b42edbb,Bryan Mbeumo,MID,RAM,17,0.7157275985892569,0.8823529411764706,0.3427775341060955,57.8364904774399,70.94117647058823,22.20463660958748,64.41866890699266,0,1
manchester-united,46c2018f-f80f-532e-b144-ef688e9f44eb,Luke Shaw,DEF,LB,12,0.8270207152835588,1.0,0.17297928471644117,69.83776185269848,79.66666666666667,21.655721134541484,57.22653550256484,0,0
manchester-united,1bf5a1f9-7275-56b5-888b-e1417d195339,Manuel Ugarte,MID,RDM,17,0.19059057485131536,0.058823529411764705,0.2246849281544826,19.672119267151224,9.117647058823529,21.15530080892049,66.1560459223963,0,0
manchester-united,8b26f624-9357-5669-9698-f5fda36d4e75,Bruno Borges Fernandes,MID,LCM,5,0.8051433979754776,1.0,0.19485660202452232,68.87827588948167,90.0,21.12172411051833,59.06065362786837,0,0
manchester-united,3da0d46a-b47e-5811-9668-ebfa18ca336a,Ayden Heaven,DEF,CB,13,0.20801522898523717,0.15384615384615385,0.2537829881496677,17.406533686603073,15.0,20.09139914193601,83.92876908535848,0,1
manchester-united,fba35e22-cb10-554f-ad2e-e62d2b5a5da8,Patrick Dorgu,DEF,LAM,15,0.22579961097172513,0.06666666666666667,0.2632240328284116,19.92669488396604,7.4,19.07956093792372,70.77870759324465,1,0
manchester-united,e037fafa-e08a-50a4-8014-a43e6c2d13a4,Carlos Henrique Casimiro,MID,RCM,6,0.7985646321688776,1.0,0.2014353678311223,66.04970400972148,85.0,18.950295990278516,38.2535359336599,0,0
manchester-united,85474434-c2d2-5904-bdbc-d8e7b1e46db0,Harry Maguire,DEF,RCB,10,0.7976201785981993,1.0,0.2023798214018006,70.07060757097955,87.1,17.833207840129127,46.15228488554356,0,0
manchester-united,6a3d319d-e848-56e0-bc06-707ee4149c24,Mason Mount,MID,LAM,15,0.1245695302763709,0.06666666666666667,0.17911042170690783,9.54390105037421,7.8,12.95993567847637,78.36182870103966,0,1
manchester-united,8d2526be-436d-5cc9-ac87-685d6e1cc27c,Diogo Dalot Teixeira,DEF,LWB,2,0.8471550076583283,1.0,0.15284499234167165,78.4654197625974,90.0,11.534580237402594,13.251856990193772,0,0
manchester-united,65f4ba88-b61e-51b2-87e8-eed369448f75,Joshua Zirkzee,FWD,ST,17,0.151992544236713,0.058823529411764705,0.1986293853104795,12.475775709039915,7.411764705882353,11.432639517633023,53.19337490082927,0,1
manchester-united,46c2018f-f80f-532e-b144-ef688e9f44eb,Luke Shaw,DEF,LCB,5,0.872003703240033,1.0,0.12799629675996707,78.77195405563313,89.2,10.428045944366858,14.137275656796959,0,0
manchester-united,8b26f624-9357-5669-9698-f5fda36d4e75,Bruno Borges Fernandes,MID,CAM,12,0.9142058635964682,1.0,0.08579413640353188,82.31080106704665,90.0,7.6891989329533414,16.07038310814616,0,0
manchester-united,63a30902-aa79-59d2-bbc6-903ff41e54dc,Senne Lammens,GK,GK,17,0.9159298468686761,1.0,0.08407015313132389,82.46413249839277,90.0,7.535867501607233,11.480668853050489,0,0
manchester-united,f192bac3-5939-5751-bfc7-fc9da3a23532,Altay Bayindir,GK,GK,17,0.0503097754256124,0.0,0.0503097754256124,4.606176330849566,0.0,4.606176330849566,10.224357174987816,0,0
manchester-united,fba35e22-cb10-554f-ad2e-e62d2b5a5da8,Patrick Dorgu,DEF,LWB,2,0.9456152386836445,1.0,0.0543847613163555,85.55971842260888,85.0,4.168822778081193,4.728541200690074,0,0
manchester-united,3e1b1cbc-faad-5ea4-8f2a-48694f197d92,Shea Lacey,MID,UNKNOWN,17,0.024016088561743518,0.0,0.024016088561743518,2.569977417475735,1.6470588235294117,4.000742352850273,26.161501950683572,0,0
manchester-united,914fa0d2-167c-55f6-8d3e-677d3abd15e0,Matthijs de Ligt,DEF,CB,17,0.039438947025690486,0.0,0.039438947025690486,3.6187881809605447,0.0,3.6187881809605447,7.47651668301203,0,0
manchester-united,c094683d-901c-5fc7-8141-a12b87dfd452,Jack Fletcher,MID,UNKNOWN,17,0.019029470941479224,0.0,0.019029470941479224,2.812812691320679,0.0,2.812812691320679,7.441974352795041,0,0
manchester-united,f06870d3-70b2-576f-aa34-548f7a56e5ff,Tyler Fletcher,MID,UNKNOWN,17,0.018461999495557387,0.0,0.018461999495557387,1.9024499382848608,1.0,2.668740053950092,14.14114933726453,0,0
manchester-united,b811a23d-b423-5518-bbf4-9c501dfa7e27,Tyrell Malacia,DEF,UNKNOWN,17,0.020200944306147415,0.0,0.020200944306147415,2.180631547656546,0.7647058823529411,2.5788435122304394,6.239654142226174,0,0
manchester-united,c25595b5-e2ff-574c-a81a-7781e0f7e21c,Bendito Mantato,MID,UNKNOWN,17,0.01811295571225044,0.0,0.01811295571225044,1.9580978912916276,0.0,1.9580978912916276,4.401047800428299,0,0
manchester-united,b0be752e-48b5-55b6-a5cc-4db545646b87,Tyler Fredricson,DEF,UNKNOWN,17,0.017332901212251093,0.0,0.017332901212251093,1.5401293655812671,0.0,1.5401293655812671,3.3383814856004235,0,0
manchester-united,56a3196e-0e47-5549-b09e-4059f2f52c05,André Onana,GK,UNKNOWN,17,0.01525957700466678,0.0,0.01525957700466678,1.2437637452544965,0.0,1.2437637452544965,2.924616113248377,0,0
manchester-united,90d13749-3400-5b29-97ac-80155b4b938a,Jim Thwaites,MID,UNKNOWN,6,0.002440897112704783,0.0,0.002440897112704783,0.3423177863780164,0.0,0.3423177863780164,1.2969792530762927,0,0
manchester-united,19dca51d-e567-5833-865b-bf93ed6f1446,Sékou Koné,MID,UNKNOWN,17,0.002215229468284914,0.0,0.002215229468284914,0.1838077268020093,0.0,0.1838077268020093,0.43714471039785496,0,0
manchester-united,47894d22-89fc-5bbf-9ac1-bc02e0c1f66a,Toby Collyer,MID,UNKNOWN,17,0.002215229468284914,0.0,0.002215229468284914,0.1838077268020093,0.0,0.1838077268020093,0.43714471039785496,0,0
manchester-united,55143d8c-646d-5b69-aa97-acba4f0ffb1f,Antony Matheus dos Santos,MID,UNKNOWN,17,0.002215229468284914,0.0,0.002215229468284914,0.1838077268020093,0.0,0.1838077268020093,0.43714471039785496,0,0
manchester-united,7c216ccf-147f-5756-9a74-4d0b9402ce45,Jayce Fitzgerald,MID,UNKNOWN,17,0.002215229468284914,0.0,0.002215229468284914,0.1838077268020093,0.0,0.1838077268020093,0.43714471039785496,0,0
manchester-united,8c95c60a-d2e8-5ad6-93e5-0da20edabc1c,Jack Moorhouse,MID,UNKNOWN,17,0.002215229468284914,0.0,0.002215229468284914,0.1838077268020093,0.0,0.1838077268020093,0.43714471039785496,0,0
manchester-united,ce4e9feb-4403-58eb-8399-9928c574bf12,Marcus Rashford,MID,UNKNOWN,17,0.002215229468284914,0.0,0.002215229468284914,0.1838077268020093,0.0,0.1838077268020093,0.43714471039785496,0,0
manchester-united,bf70640d-1ddd-5fed-92a7-6e29105224ac,Godwill Kukonki,DEF,UNKNOWN,17,0.0022006292216276333,0.0,0.0022006292216276333,0.1822270204966394,0.0,0.1822270204966394,0.4331122382210257,0,0
manchester-united,6babb292-a645-5e1b-b4d5-28aa296e2170,Harry Amass,DEF,UNKNOWN,17,0.0022006292216276333,0.0,0.0022006292216276333,0.1819082996429439,0.0,0.1819082996429439,0.4331122382210257,0,0
manchester-united,dc37455d-e136-5cbf-bd39-ad65976452ea,Diego León Blanco,DEF,UNKNOWN,17,0.0022006292216276333,0.0,0.0022006292216276333,0.1819082996429439,0.0,0.1819082996429439,0.4331122382210257,0,0
manchester-united,128605db-ef96-581e-9536-1f9c6090a43e,Rasmus Højlund,FWD,UNKNOWN,17,0.002090519515991407,0.0,0.002090519515991407,0.17354955300779684,0.0,0.17354955300779684,0.41275471142169345,0,0
manchester-united,2a96dab1-4edc-53be-a938-3a9b093833e7,Ethan Wheatley,FWD,UNKNOWN,17,0.002090519515991407,0.0,0.002090519515991407,0.17354955300779684,0.0,0.17354955300779684,0.41275471142169345,0,0
manchester-united,819b7c7d-510f-5e87-9598-9ffb7fdba6bd,Chido Obi-Martin,FWD,UNKNOWN,17,0.002090519515991407,0.0,0.002090519515991407,0.17354955300779684,0.0,0.17354955300779684,0.41275471142169345,0,0
manchester-united,9b51d70e-f25b-5ceb-bfe6-08197c59b50b,Tom Heaton,GK,UNKNOWN,17,0.0019745957512882525,0.0,0.0019745957512882525,0.16462927341980751,0.0,0.16462927341980751,0.3911134352323303,0,0
manchester-united,d2035595-c8bf-52ec-be83-aa94cbdd1f5e,Elyh Harrison,GK,UNKNOWN,17,0.0019745957512882525,0.0,0.0019745957512882525,0.16462927341980751,0.0,0.16462927341980751,0.3911134352323303,0,0
manchester-united,e506edb1-3109-5180-85b9-a2063b0960f9,Dermot Mee,GK,UNKNOWN,17,0.0019745957512882525,0.0,0.0019745957512882525,0.16462927341980751,0.0,0.16462927341980751,0.3911134352323303,0,0
newcastle-united,fa7d8081-617d-5e86-a227-d01a088e1f55,Joe Willock,MID,LCM,2,0.25206418050428786,1.0,0.7479358194957122,19.818150869366164,66.0,46.181849130633836,73.64514884932983,0,1
newcastle-united,7d97f99a-8163-5c05-a74a-5dd9794bd812,Dan Burn,DEF,LB,3,0.6993825661445979,0.6666666666666666,0.559733306259046,65.73525650022187,62.666666666666664,40.943255680381746,66.01776827090544,1,0
newcastle-united,8385a2b5-f514-5b12-aa58-82c05b0c3586,Jacob Ramsey,MID,RCM,5,0.5352665856045382,0.8,0.5426157032824593,42.82848698131009,58.4,38.72370372470433,71.8188998140578,0,0
newcastle-united,f60b2907-3c2e-5574-80f2-70b4f5078182,Kieran Trippier,DEF,RB,17,0.5474617201489667,0.5882352941176471,0.43640572038586095,46.4985420044667,52.1764705882353,37.12576304450034,82.4385657439288,1,1
newcastle-united,8385a2b5-f514-5b12-aa58-82c05b0c3586,Jacob Ramsey,MID,LCM,12,0.5537199574782005,0.5833333333333334,0.4307032882040395,51.35012464309898,53.666666666666664,36.994768186536355,76.45783349018551,1,0
newcastle-united,7d97f99a-8163-5c05-a74a-5dd9794bd812,Dan Burn,DEF,LCB,14,0.5413465321928989,0.5714285714285714,0.4190350170810841,49.887252495730436,53.714285714285715,34.884585941677884,80.45053272828397,3,0
newcastle-united,133b6e37-92c1-5dc9-a4dd-a5f957768626,Joelinton Cássio Apolinário de Lira,MID,LCM,17,0.5307261773277797,0.47058823529411764,0.382874186679969,47.382604121218435,42.529411764705884,33.87081609203591,81.21915705082917,2,1
newcastle-united,d7693e44-9092-592e-b518-8da97eaf9fdf,Harvey Barnes,MID,LW,14,0.7092095781278974,0.5,0.49716720460537406,65.37494114144535,54.07142857142857,29.032132123369983,53.57063196698005,1,0
newcastle-united,fe525ab5-78d1-5766-a583-9b76113d2d57,Sven Botman,DEF,LCB,17,0.6463529132095722,0.7647058823529411,0.30995605644582985,59.13874322513642,66.70588235294117,28.760508644634225,80.28473144979914,1,0
newcastle-united,36a8b089-9a84-5fa6-ae4a-59a2994b9494,Lewis Miley,MID,RB,15,0.3510860340568845,0.2,0.3260530097729877,33.2508020137442,19.533333333333335,28.558551041387645,79.3892529308358,3,1
newcastle-united,49545ac1-d9f9-5a0a-b1f5-5bbeeb1bb7f6,Anthony Gordon,MID,LW,9,0.7036127972892713,0.8888888888888888,0.33796311159938386,57.18902307461561,71.22222222222223,27.946184187779625,73.44980596315743,0,1
newcastle-united,c7d912b7-acf9-59e7-a5a7-c7e64aed18da,Sandro Tonali,MID,CM,17,0.7473957102441031,0.7647058823529411,0.3185397559133552,64.44433654065703,65.11764705882354,27.94201359349189,84.53153264561496,2,0
newcastle-united,50df4a11-59ff-5eba-85dd-aaca25ba3cd2,Bruno Guimarães Rodriguez Moura,MID,RCM,17,0.46579058853153227,0.47058823529411764,0.31693815705074446,43.23792358181061,41.588235294117645,27.621580248930577,77.97339569119244,1,1
newcastle-united,fa7d8081-617d-5e86-a227-d01a088e1f55,Joe Willock,MID,RCM,15,0.3920866322851245,0.4,0.424542907376468,32.79741062882497,40.46666666666667,27.217243988931706,77.3914293329664,0,2
newcastle-united,a5e7c659-813a-5a36-8fb6-3f0f74e37c40,Nick Woltemade,FWD,ST,17,0.4656154280021654,0.47058823529411764,0.46459948887429864,36.94960265211286,37.529411764705884,26.88386963429557,50.300403037394794,0,1
newcastle-united,ef597ccf-9296-5f73-a908-245e5d67b0ef,Aaron Ramsdale,GK,GK,17,0.340375516360516,0.29411764705882354,0.247756538661743,30.91807184471235,26.470588235294116,22.454163544961187,83.01073981290376,1,1
newcastle-united,428099b1-d444-5523-9c48-66ebf6956cc2,Anthony Elanga,MID,RW,17,0.41075842780702626,0.4117647058823529,0.4116546265851157,34.27713949066969,36.88235294117647,22.307543455243405,48.22530533698148,1,0
newcastle-united,19517dba-f8bc-5da6-921a-eec76cc74b58,Lewis Hall,DEF,LB,17,0.7923583953457078,0.8235294117647058,0.2366156085490406,69.36619883070412,72.70588235294117,20.96640991203555,78.90969071348137,1,0
newcastle-united,b5144153-3ffb-56d4-89c7-cf4cc50a101e,Jacob Murphy,MID,RW,17,0.3978274484049734,0.4117647058823529,0.44386260212133455,34.553526039575,35.35294117647059,20.812957645455075,60.23303810765309,0,1
newcastle-united,51e8b386-e9bf-5082-8db8-d994f8a48d0b,Tino Livramento,DEF,RB,17,0.21914601751251803,0.17647058823529413,0.24706591455694796,22.024157692021397,16.352941176470587,20.688736114349815,74.46434644140709,0,1
newcastle-united,00be15e9-135e-5a79-956f-cd70f121b4b0,Nick Pope,GK,GK,17,0.6520962269221606,0.7058823529411765,0.2240643198614809,58.75582500477793,63.529411764705884,20.16398151804369,85.99144594588205,1,1
newcastle-united,c9bc6786-f728-505a-9d48-33b1f2444d9f,William Osula,FWD,ST,17,0.3075492220592128,0.4117647058823529,0.22273240283434267,28.970067677406586,34.8235294117647,17.668404387797437,60.00767185768765,0,1
newcastle-united,36a8b089-9a84-5fa6-ae4a-59a2994b9494,Lewis Miley,MID,RCM,2,0.8040100617257291,1.0,0.19598993827427097,72.87671857876053,90.0,17.12328142123947,18.04863977305463,0,0
newcastle-united,f00c4421-dac8-5cde-9808-50d3e6144cb1,Yoane Wissa,FWD,ST,17,0.22300039020109844,0.11764705882352941,0.25008811221495497,21.4592071983061,16.235294117647058,15.391517853510386,38.087431372838715,0,0
newcastle-united,49545ac1-d9f9-5a0a-b1f5-5bbeeb1bb7f6,Anthony Gordon,MID,ST,8,0.39376783572834534,0.25,0.20117899616229976,32.47136543340553,19.75,14.95103576808766,54.695735229622734,0,0
newcastle-united,d7693e44-9092-592e-b518-8da97eaf9fdf,Harvey Barnes,MID,RW,3,0.8833140472908173,1.0,0.11668595270918276,76.92592240034082,84.0,14.626825113754464,25.67805230935808,0,0
newcastle-united,b03249c0-b20e-52bd-a82c-add878e8eda0,Malick Thiaw,DEF,RCB,17,0.9019375681334639,0.9411764705882353,0.1464560038150791,80.5727789423549,86.82352941176471,11.703373070778294,47.37429851172641,1,0
newcastle-united,7ab09590-a77c-56c4-9a78-756ad9d93a0e,Fabian Schär,DEF,LCB,17,0.08020028832461416,0.0,0.08020028832461416,7.368329229549153,0.0,7.368329229549153,47.29777635811209,0,0
newcastle-united,b1d0e8b6-8d99-5966-bb22-0ea18cfa7da1,Alex Murphy,DEF,UNKNOWN,17,0.018082468611321015,0.0,0.018082468611321015,1.8512874530756953,0.4117647058823529,2.0235222340295995,4.665714908479906,0,0
newcastle-united,6413050e-23fa-55d4-bcaa-e972e6db29e7,Jamaal Lascelles,DEF,UNKNOWN,17,0.013074863981624524,0.0,0.013074863981624524,1.087708077576081,0.0,1.087708077576081,3.2989032338831747,0,0
newcastle-united,2f6d1039-5d87-5a97-af8d-222573c68089,Emil Krafth,DEF,RB,17,0.021870404257196708,0.0,0.021870404257196708,1.0449637487694021,0.0,1.0449637487694021,3.1463035874888767,0,0
newcastle-united,2ee754fd-fcb9-5e94-ab98-d6653ca48ed3,Sean Neave,FWD,UNKNOWN,17,0.0016060239687953253,0.0,0.0016060239687953253,0.13503112286071992,0.7647058823529411,0.8807007693566596,12.838191995215487,0,0
newcastle-united,1c1a3af2-8931-5c1b-aa9e-f924555dfbe8,Sam Alabi,MID,UNKNOWN,17,0.0017018595691820476,0.0,0.0017018595691820476,0.1430979172526629,0.0,0.1430979172526629,0.4470067864417615,0,0
newcastle-united,371d1eca-eb05-56bc-afca-e02ea1ef94f4,Joe White,MID,UNKNOWN,17,0.0017018595691820476,0.0,0.0017018595691820476,0.14300037883887443,0.0,0.14300037883887443,0.4470067864417615,0,0
newcastle-united,9e322b51-5d00-5f7d-a8ba-c90800eb2db3,Garang Kuol,MID,UNKNOWN,17,0.0017018595691820476,0.0,0.0017018595691820476,0.14300037883887443,0.0,0.14300037883887443,0.4470067864417615,0,0
newcastle-united,bd02197e-c505-5342-aef6-b6e564dcba18,Seung-Soo Park,MID,UNKNOWN,17,0.0017018595691820476,0.0,0.0017018595691820476,0.14300037883887443,0.0,0.14300037883887443,0.4470067864417615,0,0
newcastle-united,d839a183-6b00-5d66-8fb2-8d0993f0c05f,Antoñito Cordero Campillo,MID,UNKNOWN,17,0.0017018595691820476,0.0,0.0017018595691820476,0.14300037883887443,0.0,0.14300037883887443,0.4470067864417615,0,0
newcastle-united,d99a6045-8d3a-5651-bdce-f8d6b63c87e3,Isaac Hayden,MID,UNKNOWN,17,0.0017018595691820476,0.0,0.0017018595691820476,0.14300037883887443,0.0,0.14300037883887443,0.4470067864417615,0,0
newcastle-united,c04c6422-e06a-5aae-bfff-2f758a41daae,Leo Shahar,DEF,UNKNOWN,17,0.0016906395828153037,0.0,0.0016906395828153037,0.14147009030580926,0.0,0.14147009030580926,0.44290658278689893,0,0
newcastle-united,538d819c-3a0c-5abf-8387-6bec194cc314,Miodrag Pivaš,DEF,UNKNOWN,17,0.0016906395828153037,0.0,0.0016906395828153037,0.1414203004446085,0.0,0.1414203004446085,0.44290658278689893,0,0
newcastle-united,6c66312d-25e7-5540-904a-5e3417543f1e,Matt Targett,DEF,UNKNOWN,17,0.0016906395828153037,0.0,0.0016906395828153037,0.1414203004446085,0.0,0.1414203004446085,0.44290658278689893,0,0
newcastle-united,e781a291-b6c8-5fbb-be17-ad3a53b47ceb,Harrison Ashby,DEF,UNKNOWN,17,0.0016906395828153037,0.0,0.0016906395828153037,0.1414203004446085,0.0,0.1414203004446085,0.44290658278689893,0,0
newcastle-united,6abfc218-76ab-5b19-912d-a309bac590d1,John Ruddy,GK,UNKNOWN,17,0.0015169431315818736,0.0,0.0015169431315818736,0.1281934352340452,0.0,0.1281934352340452,0.399914808471994,0,0
newcastle-united,8e3eb280-3030-5cce-8434-6681ced4a7db,Mark Gillespie,GK,UNKNOWN,17,0.0015169431315818736,0.0,0.0015169431315818736,0.1281934352340452,0.0,0.1281934352340452,0.399914808471994,0,0
newcastle-united,bbf2671d-3950-500a-b17b-50b422bd5ce2,Odysseas Vlachodimos,GK,UNKNOWN,17,0.0015169431315818736,0.0,0.0015169431315818736,0.1281934352340452,0.0,0.1281934352340452,0.399914808471994,0,0
nottingham-forest,a493cdaf-9cab-5479-8687-9533f241460c,Stefan Ortega Moreno,GK,UNKNOWN,1,0.0016493782216714242,1.0,0.9983506217783286,0.13876119125261532,90.0,89.86123880874739,89.86123880874739,0,1
nottingham-forest,b741dff8-c470-5246-a88a-18fd87c23462,Dilane Bakwa,MID,RAM,4,0.23379472223298856,0.25,0.44297186142281864,18.160958145205065,24.75,29.990288616067588,73.15866094172505,0,1
nottingham-forest,95d64f2a-d4e8-52d7-b6b5-d4388ee086e2,James McAtee,MID,LW,3,0.3434442366358545,0.0,0.3434442366358545,34.327291553462324,8.333333333333334,25.99395822012899,48.84855656232071,0,0
nottingham-forest,18a6f100-002a-5b0b-8366-87056d767a12,Callum Hudson-Odoi,MID,LAM,17,0.5404003840239042,0.5882352941176471,0.338415364727698,44.30815531827748,42.35294117647059,25.510881577683275,79.9467583270436,1,0
nottingham-forest,6c75a09d-abcd-5e49-80c0-b7bb0873304d,Jair Paula da Cunha Filho,DEF,RCB,17,0.19769210041979726,0.29411764705882354,0.31012045665006804,20.194888378960595,24.941176470588236,25.13890314073238,67.61149186865455,0,0
nottingham-forest,c648214a-7d9c-5efe-aa6f-da16039cd486,Omari Hutchinson,MID,RAM,17,0.5388268509528272,0.5294117647058824,0.3472059178842444,42.69397948227815,47.0,24.339407043442662,51.61814973978768,0,0
nottingham-forest,1551c664-1407-507c-a3f7-41b9bc63a0f8,Lorenzo Lucca,FWD,UNKNOWN,3,0.11052934570136895,0.3333333333333333,0.22522407116160978,12.300042963027146,35.333333333333336,23.513976295792236,35.85173262402718,0,0
nottingham-forest,a2afe8eb-9890-541f-9258-8202cd512f1f,Nicolás Domínguez,MID,RCM,1,0.6037000291214534,0.0,0.6037000291214534,47.255312361172756,25.0,22.255312361172756,22.255312361172756,0,0
nottingham-forest,8eec947b-c2ae-53d6-99f9-096b7744098a,Murillo Santiago Costa dos Santos,DEF,LCB,17,0.6263240975826938,0.5882352941176471,0.26147826963254994,53.33711148141514,50.05882352941177,22.014767131664698,84.29193115310927,1,0
nottingham-forest,f3622ce0-e53f-5501-815d-62c51a6d4fea,Felipe Rodrigues da Silva,DEF,LCB,17,0.37648114577104347,0.35294117647058826,0.23272480742007665,38.33288328162009,37.11764705882353,21.595370155203614,71.77220998883875,0,0
nottingham-forest,77dbedf3-49eb-53ec-8cc5-c1d344c47ca2,Neco Williams,DEF,LB,17,0.8346736719501141,0.8823529411764706,0.23339317576702767,72.12879347227607,77.23529411764706,21.02912726008658,73.70762699020139,1,0
nottingham-forest,fc1d6631-4455-5cd1-be3d-3748e604ca74,Ibrahim Sangaré,MID,RDM,17,0.6835744252940913,0.8235294117647058,0.23646371923037524,58.903837851839796,71.11764705882354,20.780261708015246,81.85620423300742,0,1
nottingham-forest,a2afe8eb-9890-541f-9258-8202cd512f1f,Nicolás Domínguez,MID,LAM,14,0.3469887607281987,0.5,0.44580480797654587,24.729366791076718,30.785714285714285,20.36871133502667,49.746245709869235,0,1
nottingham-forest,df240c75-117c-5865-8931-093b55e8d7fd,Luca Netz,DEF,UNKNOWN,11,0.06305319449012929,0.09090909090909091,0.13104625272181353,9.856362061141233,14.636363636363637,20.241707932232593,74.32165599098654,0,1
nottingham-forest,df240c75-117c-5865-8931-093b55e8d7fd,Luca Netz,DEF,LB,3,0.591285157005207,0.6666666666666666,0.3786990870361273,55.11864214771683,64.0,20.143992477888993,22.32890809437329,0,0
nottingham-forest,368ba0e1-be00-5ed2-af7e-82ca90752b95,Zach Abbott,DEF,UNKNOWN,4,0.03041265492539236,0.25,0.25225052029758854,4.093193108924089,18.75,19.769990461898143,68.85359470594811,0,1
nottingham-forest,dfe46c71-1b4e-5387-a3a0-4accc6dc5b39,Olu Aina,DEF,RB,17,0.723187729084582,0.7647058823529411,0.21943021828720166,64.53641553010056,68.17647058823529,19.696782927342056,82.95758182595978,1,0
nottingham-forest,68e23e27-5010-5c05-a3bd-23e48be32b93,Morgan Gibbs-White,MID,CAM,17,0.8476372616178416,0.8823529411764706,0.21558120162862185,77.58631592273854,77.58823529411765,19.22935101658112,67.7203192972919,1,0
nottingham-forest,c708e3fc-c1ec-575e-9376-9578775d41dc,Igor Jesus Maciel da Cruz,FWD,ST,17,0.7500072879209405,0.8823529411764706,0.30016934434992987,60.831082361211365,67.6470588235294,18.089152199866195,42.115664107682285,1,0
nottingham-forest,5dfbea2f-beb3-54f9-ad39-1f8f81f8a323,Matz Sels,GK,GK,17,0.729423673753907,0.8235294117647058,0.19815947193545042,64.32960781275895,71.47058823529412,17.53308025464958,85.1852896134882,0,1
nottingham-forest,b741dff8-c470-5246-a88a-18fd87c23462,Dilane Bakwa,MID,LW,12,0.12398856348469195,0.08333333333333333,0.2019048160657252,14.417315616962481,7.083333333333333,17.14125474451275,41.62531025007727,0,1
nottingham-forest,a493cdaf-9cab-5479-8687-9533f241460c,Stefan Ortega Moreno,GK,GK,13,0.21848849717643362,0.15384615384615385,0.1891374021071921,19.79957589817131,13.846153846153847,17.08886991089583,69.7608667509406,0,0
nottingham-forest,48738244-3ea2-5188-9df4-934c7ab97fe1,Ryan Yates,MID,RCM,17,0.20956998379347586,0.058823529411764705,0.24280894197581027,21.887228813401602,17.823529411764707,16.939835774726607,64.42866776840347,0,0
nottingham-forest,dfe5ecab-1907-51dd-86d8-e202dc3cfab8,Chris Wood,FWD,ST,17,0.18337271470104535,0.23529411764705882,0.24001210833598005,16.599144692763403,21.058823529411764,15.749179813524021,51.533853305703445,0,0
nottingham-forest,b741dff8-c470-5246-a88a-18fd87c23462,Dilane Bakwa,MID,RW,1,0.5810589853898191,1.0,0.41894101461018085,47.34107665191278,63.0,15.658923348087221,15.658923348087221,0,0
nottingham-forest,95d64f2a-d4e8-52d7-b6b5-d4388ee086e2,James McAtee,MID,CAM,14,0.08239242253198321,0.07142857142857142,0.15057897752848196,7.951858797536948,6.714285714285714,13.773723281941667,87.75305139083304,0,1
nottingham-forest,75f6d292-641f-53ef-a822-a86d1d9c8086,Douglas Luiz Soares de Paulo,MID,RDM,2,0.12769553259552813,0.0,0.12769553259552813,13.708605622686305,0.0,13.708605622686305,14.78193356680642,0,0
nottingham-forest,4c28754a-2719-5e29-8ce7-41731afbf204,Taiwo Awoniyi,FWD,ST,17,0.19153727802018414,0.11764705882352941,0.19939400833477308,17.16373698348765,17.529411764705884,13.70202686053924,81.49111927746166,0,1
nottingham-forest,45ca4681-2d1e-540f-9f02-6746fdcaae79,Dan Ndoye,MID,RAM,17,0.24370597388014398,0.0,0.24370597388014398,16.78221559874522,10.0,11.591071391169201,31.99166324591691,0,0
nottingham-forest,a2afe8eb-9890-541f-9258-8202cd512f1f,Nicolás Domínguez,MID,LDM,2,0.8457487474724434,1.0,0.15425125252755661,76.16952957893213,74.0,10.944686943603308,13.114216522535429,0,0
nottingham-forest,368ba0e1-be00-5ed2-af7e-82ca90752b95,Zach Abbott,DEF,RB,13,0.10267773749765291,0.07692307692307693,0.1754816465171419,7.6922499347006,3.4615384615384617,10.79740383814132,42.68350037236468,0,1
nottingham-forest,89ca84c0-8f48-5f1a-913d-799d45f1691e,Elliot Anderson,MID,LDM,17,0.9125181330385181,0.9411764705882353,0.14139856444225393,82.37408905253896,84.82352941176471,10.520191325692759,41.535085132498835,1,0
nottingham-forest,1551c664-1407-507c-a3f7-41b9bc63a0f8,Lorenzo Lucca,FWD,ST,12,0.11988176836189997,0.0,0.11988176836189997,11.577640514755672,1.6666666666666667,10.504908760075278,28.311461724197304,0,0
nottingham-forest,95a48a1c-ec3e-52d7-9657-44491739dede,Nikola Milenković,DEF,RCB,17,0.8989792561109932,0.9411764705882353,0.15214157964709307,82.20965709833587,87.3529411764706,9.79703276489616,39.556863837472235,1,0
nottingham-forest,e46e6c45-efd0-538e-9f60-d68b8b3a42fe,Nicolò Savona,DEF,RB,17,0.07729987168587034,0.0,0.07729987168587034,8.202948302141033,0.0,8.202948302141033,29.10301866573446,0,0
nottingham-forest,b39a5856-0719-5cce-a0aa-88ad8472b760,Angus Gunn,GK,UNKNOWN,17,0.030925034659123878,0.0,0.030925034659123878,4.233594375101537,2.6470588235294117,6.871743255378579,44.92426548235486,0,0
nottingham-forest,86f15f9c-b65a-517d-92ff-a96318d5ae5b,Oleksandr Zinchenko,DEF,LB,17,0.05022823353090345,0.0,0.05022823353090345,4.866854200533542,0.0,4.866854200533542,12.131346406958958,0,0
nottingham-forest,45407054-6d20-5e2f-99e1-2e3c19a4a991,John Victor Maciel Furtado,GK,GK,17,0.041559799917718014,0.0,0.041559799917718014,3.3526238056630624,0.0,3.3526238056630624,9.871112443393908,0,0
nottingham-forest,160a88b7-d0f5-5baf-a570-b22bd50320c5,Arnaud Kalimuendo,FWD,UNKNOWN,17,0.017263351107852702,0.0,0.017263351107852702,1.824993317476829,0.0,1.824993317476829,4.495139013341988,0,0
nottingham-forest,5f17411d-c038-5e34-a617-3af584fd4072,João Pedro Ferreira Silva,MID,UNKNOWN,17,0.01675103913357041,0.0,0.01675103913357041,1.3577036745037205,0.0,1.3577036745037205,2.929062422415481,0,0
nottingham-forest,7bd0a9d6-bb34-5833-a203-195f3ed28398,Willy Boly,DEF,UNKNOWN,17,0.01664043249518945,0.0,0.01664043249518945,1.3507615079332054,0.0,1.3507615079332054,2.9212953954184133,0,0
nottingham-forest,2f9b6017-607a-59e7-b6c2-0babd2f20952,Lamin Sillah,FWD,UNKNOWN,1,0.0060109411559874,0.0,0.0060109411559874,1.3054866879752498,0.0,1.3054866879752498,1.3054866879752498,0,0
nottingham-forest,4e72762a-5c28-5795-936d-65cb49191866,Jimmy Sinclair,MID,UNKNOWN,3,0.003222513544288911,0.0,0.003222513544288911,0.5595725966402125,0.0,0.5595725966402125,1.2572523875420054,0,0
nottingham-forest,898f1b7b-a9b5-5b6f-a89b-cd0242564fee,Archie Whitehall,MID,UNKNOWN,3,0.003222513544288911,0.0,0.003222513544288911,0.5595725966402125,0.0,0.5595725966402125,1.2572523875420054,0,0
nottingham-forest,48ff28dc-47a5-5bf2-aa77-5c8603c53a73,Lewis O'Brien,MID,UNKNOWN,17,0.0021699535915953643,0.0,0.0021699535915953643,0.18039740113092773,0.0,0.18039740113092773,0.3941407729138553,0,0
nottingham-forest,745d2ecb-f1ae-5f49-9981-19e46e256bfd,Eric da Silva Moreira,MID,UNKNOWN,17,0.0021699535915953643,0.0,0.0021699535915953643,0.18039740113092773,0.0,0.18039740113092773,0.3941407729138553,0,0
nottingham-forest,e3585885-db68-53a1-9e54-3b826e4f4ab4,Marko Stamenić,MID,UNKNOWN,17,0.0021699535915953643,0.0,0.0021699535915953643,0.18039740113092773,0.0,0.18039740113092773,0.3941407729138553,0,0
nottingham-forest,2b56014e-36ea-5831-83eb-a7cea1c9966b,David Mota Veiga Teixeira do Carmo,DEF,UNKNOWN,17,0.0021556502642964396,0.0,0.0021556502642964396,0.17851353324725783,0.0,0.17851353324725783,0.39037921909426315,0,0
nottingham-forest,51739999-9a04-51dc-8b0d-cef46695f5c8,Omar Richards,DEF,UNKNOWN,17,0.0021556502642964396,0.0,0.0021556502642964396,0.17851353324725783,0.0,0.17851353324725783,0.39037921909426315,0,0
nottingham-forest,6e97e309-0ec7-5e1f-af1d-d8a2fd2eec35,Luis Eduardo Soares da Silva,DEF,UNKNOWN,17,0.0021556502642964396,0.0,0.0021556502642964396,0.17851353324725783,0.0,0.17851353324725783,0.39037921909426315,0,0
nottingham-forest,830e3d1c-c6f4-5d02-8139-4678fa5dc9f7,Matt Turner,GK,UNKNOWN,17,0.0019342160545205286,0.0,0.0019342160545205286,0.16159569128331147,0.0,0.16159569128331147,0.352758638546874,0,0
nottingham-forest,e88cb34f-491e-5950-b4e5-1af4b6f0859e,Carlos Miguel dos Santos Pereira,GK,UNKNOWN,17,0.0019342160545205286,0.0,0.0019342160545205286,0.16159569128331147,0.0,0.16159569128331147,0.352758638546874,0,0
sunderland,483fd668-a74d-5c5c-9111-a023961f914b,Chemsdine Talbi,MID,LAM,7,0.3981111199553559,0.2857142857142857,0.5898041198116474,34.128436622270094,27.428571428571427,41.91747997346828,69.67475981338583,0,2
sunderland,98e68e85-52f1-5832-b572-18ffcbfa3d40,Luke O'Nien,DEF,RCB,6,0.4286592582102327,0.3333333333333333,0.30933247749571907,42.02610539350514,41.166666666666664,36.84328104954299,74.657018894602,1,0
sunderland,e65af070-c3e5-52d5-a47d-80432c274dc7,Romaine Mundle,MID,UNKNOWN,1,0.49627779477507505,1.0,0.503722205224925,50.23923042091247,87.0,36.76076957908753,36.76076957908753,0,0
sunderland,98e68e85-52f1-5832-b572-18ffcbfa3d40,Luke O'Nien,DEF,RB,3,0.5922352715012489,0.6666666666666666,0.5167922659825653,57.48425319156007,68.66666666666667,34.19806351396579,47.70615013627813,0,0
sunderland,a213c4ca-4778-5981-91eb-7708f7294de0,Nilson Angulo,MID,UNKNOWN,2,0.051362451990611825,0.5,0.4523588681202323,9.197424633969545,42.0,32.80257536603045,61.659044154078984,0,1
sunderland,d7a7fcda-2a3c-55c2-80be-adc778736b39,Lutsharel Geertruida,DEF,RB,10,0.49739079568610045,0.6,0.3030675119632501,46.979666955062626,50.4,30.621522317524004,78.4026562583731,0,1
sunderland,483fd668-a74d-5c5c-9111-a023961f914b,Chemsdine Talbi,MID,LW,7,0.543164189511323,0.5714285714285714,0.41055824965557247,51.04390382677936,50.857142857142854,30.17317649001763,69.93995435484626,0,1
sunderland,a213c4ca-4778-5981-91eb-7708f7294de0,Nilson Angulo,MID,LAM,4,0.46910170865674566,0.75,0.5304521205598234,41.795233439384766,57.5,29.62870536126197,49.49377420958547,0,0
sunderland,627a9a22-f6d8-553e-9594-316391089ebc,Habib Diarra,MID,RCM,3,0.13111825404759317,0.3333333333333333,0.24243610485684944,15.528418453278107,41.333333333333336,28.390514208616196,40.858348147126776,0,0
sunderland,cde7eda9-ac09-5cd3-abff-bd8116cd4a4e,Reinildo Mandava,DEF,LB,17,0.5206738557106485,0.6470588235294118,0.3345264646555396,43.98574517151593,55.529411764705884,28.145131247324905,85.36018307807277,0,1
sunderland,627a9a22-f6d8-553e-9594-316391089ebc,Habib Diarra,MID,RW,1,0.743846080224906,1.0,0.25615391977509405,62.57277821434997,90.0,27.427221785650033,27.427221785650033,0,0
sunderland,483fd668-a74d-5c5c-9111-a023961f914b,Chemsdine Talbi,MID,RW,3,0.17137036559503374,0.3333333333333333,0.2183077746373535,16.929685184776645,41.333333333333336,27.308586986656064,39.896553149481065,0,0
sunderland,a213c4ca-4778-5981-91eb-7708f7294de0,Nilson Angulo,MID,RAM,8,0.20010843718727306,0.125,0.27757983489343496,19.57114363250929,10.875,23.668684880998242,75.43887342492829,1,1
sunderland,d7a7fcda-2a3c-55c2-80be-adc778736b39,Lutsharel Geertruida,DEF,LDM,7,0.43934024308003794,0.14285714285714285,0.3150161514477276,38.11058940738135,29.571428571428573,23.625031914898766,55.54876309280477,0,0
sunderland,2e06beff-d060-52c5-b090-ef85e142bc03,Trai Hume,DEF,LB,10,0.7793378819716514,0.8,0.27649937956301895,72.5358952597159,72.3,22.783990476879552,65.39172803056938,0,0
sunderland,eeb782c9-d515-562b-b132-d07e7ac988fa,Chris Rigg,MID,RW,3,0.6271940144871484,1.0,0.3728059855128516,56.70267005447666,77.66666666666667,20.963996612190012,27.452435164689625,0,0
sunderland,66bc60f5-fa76-5fa0-a7ca-b9f126393376,Granit Xhaka,MID,RDM,17,0.6299985863083852,0.6470588235294118,0.2729404690373938,57.956612426608054,60.529411764705884,20.18995710699698,81.55671795771029,1,0
sunderland,3e322311-2a0b-53fc-a8b7-22ecd116c42e,Daniel Ballard,DEF,RCB,17,0.6646810579953015,0.6470588235294118,0.21439739620177192,56.667342548941164,54.294117647058826,20.115063710395045,55.49586813305675,1,0
sunderland,bb4e74c1-9fc8-588e-8e27-159ea5d120df,Brian Brobbey,FWD,ST,17,0.7507786390910783,0.8823529411764706,0.24253429343989882,64.34924377159457,71.88235294117646,19.738983218049547,66.79372871645037,0,1
sunderland,6bc31bc4-e733-517c-ad34-ef2c089aaa40,Eliezer Mayenda Dossou,FWD,ST,17,0.2186410324513433,0.17647058823529413,0.24724393296578373,20.004312942041523,15.235294117647058,19.627880354453417,60.79505376287137,0,0
sunderland,e5098785-f2ed-5b29-af5e-f569a62ab2c0,Noah Sadiki,MID,LDM,5,0.8241486365614487,1.0,0.1758513634385514,69.1790379806916,83.4,18.95237598677184,31.444859119248,0,0
sunderland,2e06beff-d060-52c5-b090-ef85e142bc03,Trai Hume,DEF,RB,7,0.8522234042866575,1.0,0.14777659571334242,73.16414259752325,81.14285714285714,18.81630319598912,50.02095663463524,0,0
sunderland,53bfdbe9-b833-5ee6-b24f-4b838a2a0fa6,Nordi Mukiele,DEF,RB,12,0.6121574275612853,0.6666666666666666,0.18616448474912176,49.20544535572275,52.666666666666664,18.692241076031483,76.46719585902046,0,0
sunderland,627a9a22-f6d8-553e-9594-316391089ebc,Habib Diarra,MID,CAM,13,0.6589096513979568,0.6923076923076923,0.30584498636124596,59.42285695290414,62.92307692307692,18.278711448092697,44.61458344550847,0,0
sunderland,6a84c769-ac8f-5aa6-b83b-8d51625d8b35,Melker Ellborg,GK,UNKNOWN,5,0.0020759877142140443,0.2,0.20136267965346413,0.31723847734972954,18.0,18.25762796366962,89.85097371579973,0,1
sunderland,e5098785-f2ed-5b29-af5e-f569a62ab2c0,Noah Sadiki,MID,LCM,12,0.7988098687040511,1.0,0.20119013129594895,70.71458125926411,88.33333333333333,18.12380270830059,53.52013377754437,0,0
sunderland,98e68e85-52f1-5832-b572-18ffcbfa3d40,Luke O'Nien,DEF,UNKNOWN,8,0.08307366053075783,0.125,0.20031910124348712,8.92682496689593,12.625,18.0356045986086,86.93511852685067,0,1
sunderland,40b6a84e-8e7e-529b-8b4e-a2979b1bc8e4,Enzo Le Fée,MID,CAM,13,0.829703662235925,0.8461538461538461,0.20625161786466334,75.73704325702977,76.53846153846153,17.295803821087464,82.58702188100055,1,0
sunderland,17b0293a-a54d-554b-bdba-368217c87ad9,Robin Roefs,GK,GK,17,0.809415512775357,0.8235294117647058,0.19173319333393626,73.06745704862061,74.11764705882354,17.113404249467003,85.25795929852214,1,0
sunderland,bbeb1769-f6ef-5a78-abdb-84df15c86c28,Omar Alderete,DEF,LCB,17,0.8545551022301952,0.9411764705882353,0.11670480076683132,73.89837966545203,78.11764705882354,15.615450728765616,61.534500158722466,0,0
sunderland,6a84c769-ac8f-5aa6-b83b-8d51625d8b35,Melker Ellborg,GK,GK,9,0.3355701517960119,0.2222222222222222,0.17096879708529303,30.31662790172383,20.0,15.470144887769651,68.64406178980478,0,0
sunderland,cbc3d646-143c-51fb-9e03-365e6edc5e78,Wilson Isidor,FWD,ST,17,0.23543133242125117,0.0,0.23543133242125117,20.41607382175069,10.470588235294118,14.702192242025315,37.5517366852966,0,0
sunderland,599b3b1e-964d-5fae-b225-2aee23b65bad,Dennis Cirkin,DEF,LB,17,0.15476824069933326,0.0,0.15476824069933326,13.43721810842109,4.117647058823529,14.182285194171657,39.06591312535582,0,0
sunderland,e65af070-c3e5-52d5-a47d-80432c274dc7,Romaine Mundle,MID,LAM,16,0.2009818905475809,0.0625,0.1682150275886354,18.10411359299533,8.875,13.33215473134518,44.29094033815232,0,0
sunderland,eeb782c9-d515-562b-b132-d07e7ac988fa,Chris Rigg,MID,RAM,14,0.1551802073700444,0.14285714285714285,0.1824566831461388,9.840183385391315,10.714285714285714,12.065712887652566,78.57707448167086,0,1
sunderland,53bfdbe9-b833-5ee6-b24f-4b838a2a0fa6,Nordi Mukiele,DEF,RCB,5,0.92174029590873,1.0,0.07825970409127,80.02455777469683,88.4,10.099968051424437,21.829570806199413,0,0
sunderland,40b6a84e-8e7e-529b-8b4e-a2979b1bc8e4,Enzo Le Fée,MID,LAM,4,0.8880738190487326,1.0,0.11192618095126741,80.80455796416145,90.0,9.195442035838557,14.5409232698659,0,0
sunderland,225f5e34-6fc2-5816-9440-78853ac977df,Djiamgone Jocelin Ta Bi,MID,UNKNOWN,5,0.011705698324168779,0.2,0.1927227743912217,1.142154183962204,7.6,7.219157325583349,34.19250785405286,0,1
sunderland,bcf42999-24c1-5f09-8693-5a3e09ad1527,Bertrand Traoré,MID,RW,17,0.06220563518462172,0.0,0.06220563518462172,5.612747409494056,1.588235294117647,6.16066983998297,18.157340659155757,0,0
sunderland,7d600419-69d5-50b5-84da-7b3b616dc8e2,Simon Adingra,MID,LAM,17,0.07541870028371636,0.0,0.07541870028371636,4.61363530481177,0.0,4.61363530481177,26.413457151466833,0,0
sunderland,108c0e76-e71e-58ec-8110-b227fcaf4998,Dan Neil,MID,UNKNOWN,17,0.020059455399178652,0.0,0.020059455399178652,2.3367091895542433,0.0,2.3367091895542433,7.095832321554546,0,0
sunderland,8d2b9ffe-5bdc-5a57-a260-957032f24371,Arthur Masuaku,DEF,LB,17,0.03415841280349013,0.0,0.03415841280349013,2.018186594547428,0.0,2.018186594547428,4.356103011220727,0,0
sunderland,225f5e34-6fc2-5816-9440-78853ac977df,Djiamgone Jocelin Ta Bi,MID,RW,11,0.050364381096359476,0.0,0.050364381096359476,2.0122426264752664,0.0,2.0122426264752664,5.140041570354047,0,0
sunderland,37f00cac-e0bd-5d5f-8d3b-b841092110ca,Jenson Seelt,DEF,LCB,17,0.02976050312442899,0.0,0.02976050312442899,1.7866853724978646,0.0,1.7866853724978646,3.738318753759515,0,0
sunderland,3cf05c9c-7a55-5a44-a329-0902efc33077,Patrick Roberts,MID,UNKNOWN,17,0.01691881694420086,0.0,0.01691881694420086,1.4101163657076985,0.0,1.4101163657076985,3.1100367950100303,0,0
sunderland,2242741c-0c9d-5d7b-b694-b2ed9e90a357,Milan Aleksić,MID,UNKNOWN,17,0.016911950168110815,0.0,0.016911950168110815,1.3743344518241456,0.0,1.3743344518241456,3.076281932215793,0,0
sunderland,fbd7b929-e9ee-5505-9389-8ef971bf9a18,Harrison Jones,MID,UNKNOWN,17,0.016911949828074722,0.0,0.016911949828074722,1.3743344229891985,0.0,1.3743344229891985,3.0762819320590404,0,0
sunderland,4e9df2c1-63ca-50df-9304-416e4fa2ccf0,Jenson Jones,DEF,UNKNOWN,17,0.016802318593255917,0.0,0.016802318593255917,1.3630233559235068,0.0,1.3630233559235068,3.051868027880627,0,0
sunderland,2a538130-2bf1-5641-a473-bf61732a281a,Niall Huggins,DEF,UNKNOWN,17,0.016802318593255917,0.0,0.016802318593255917,1.3623125902718347,0.0,1.3623125902718347,3.051868027880627,0,0
sunderland,a5317ecc-a139-537c-b7b0-0ce2036209ee,Anthony Patterson,GK,UNKNOWN,17,0.015102015442994218,0.0,0.015102015442994218,1.2309502019509717,0.0,1.2309502019509717,2.7586584777259264,0,0
sunderland,68f4401f-2df4-5fca-a67e-3dc99572dc52,Jaydon Jones,MID,UNKNOWN,9,0.002575077738147369,0.0,0.002575077738147369,0.30516047802220536,0.0,0.30516047802220536,1.1537819692725981,0,0
sunderland,b810772c-a39d-5e4e-98c0-8186441eb52c,Jack Whittaker,MID,UNKNOWN,9,0.002575077738147369,0.0,0.002575077738147369,0.30516047802220536,0.0,0.30516047802220536,1.1537819692725981,0,0
sunderland,d68b7c20-9791-5d52-9368-91c0484e32fb,Tymur Tutierov,MID,UNKNOWN,17,0.0021908446120801157,0.0,0.0021908446120801157,0.18194812654373144,0.0,0.18194812654373144,0.4115157040464679,0,0
sunderland,3566d465-75a0-5298-bcf1-fe5192f36854,Abdoullah Ba,MID,UNKNOWN,17,0.0021908446120801157,0.0,0.0021908446120801157,0.18179937885063213,0.0,0.18179937885063213,0.4115157040464679,0,0
sunderland,3685c427-c645-5be6-99f2-0de078214b9e,Pierre Ekwah Elimby,MID,UNKNOWN,17,0.0021908446120801157,0.0,0.0021908446120801157,0.18179937885063213,0.0,0.18179937885063213,0.4115157040464679,0,0
sunderland,4871c555-edc9-5ce5-b872-15963cdc7672,Alan Browne,MID,UNKNOWN,17,0.0021908446120801157,0.0,0.0021908446120801157,0.18179937885063213,0.0,0.18179937885063213,0.4115157040464679,0,0
sunderland,731506ce-40a5-5db4-893a-975d95600377,Jay Matete,MID,UNKNOWN,17,0.0021908446120801157,0.0,0.0021908446120801157,0.18179937885063213,0.0,0.18179937885063213,0.4115157040464679,0,0
sunderland,97760a88-c1a9-5e60-a7ca-bc6440a312b0,Nectarios Triantis,MID,UNKNOWN,17,0.0021908446120801157,0.0,0.0021908446120801157,0.18179937885063213,0.0,0.18179937885063213,0.4115157040464679,0,0
sunderland,c0082dc9-d77a-56e6-be1e-68231935fbc8,Ian Poveda-Ocampo,MID,UNKNOWN,17,0.0021908446120801157,0.0,0.0021908446120801157,0.18179937885063213,0.0,0.18179937885063213,0.4115157040464679,0,0
sunderland,0ad5271c-eb15-5a23-8c49-a030377474d2,Timothée Pembélé,DEF,UNKNOWN,17,0.0021764033741624132,0.0,0.0021764033741624132,0.17992250848367888,0.0,0.17992250848367888,0.40772908371670524,0,0
sunderland,2ba72b94-907a-5e6e-97ce-976ce36a0c40,Aji Alese,DEF,UNKNOWN,17,0.0021764033741624132,0.0,0.0021764033741624132,0.17992250848367888,0.0,0.17992250848367888,0.40772908371670524,0,0
sunderland,44d6c92f-6d41-5d72-ba48-9aa87a02ae24,Joe Anderson,DEF,UNKNOWN,17,0.0021764033741624132,0.0,0.0021764033741624132,0.17992250848367888,0.0,0.17992250848367888,0.40772908371670524,0,0
sunderland,7bf4ab14-fe8b-5f57-a8be-822956253273,Zak Johnson,DEF,UNKNOWN,17,0.0021764033741624132,0.0,0.0021764033741624132,0.17992250848367888,0.0,0.17992250848367888,0.40772908371670524,0,0
sunderland,bfddd7b8-0e0f-5bf0-b639-5f0107a73071,Leo Fuhr Hjelde,DEF,UNKNOWN,17,0.0021764033741624132,0.0,0.0021764033741624132,0.17992250848367888,0.0,0.17992250848367888,0.40772908371670524,0,0
sunderland,9030ecb9-8e6a-531e-9df1-ebf30d797254,Luís Hemir Silva Semedo,FWD,UNKNOWN,17,0.002067493582293622,0.0,0.002067493582293622,0.1716524138055108,0.0,0.1716524138055108,0.38854672930302936,0,0
sunderland,a240343b-2624-5d51-90d8-f91ddbae1d2c,Nazarii Rusyn,FWD,UNKNOWN,17,0.002067493582293622,0.0,0.002067493582293622,0.1716524138055108,0.0,0.1716524138055108,0.38854672930302936,0,0
sunderland,cf9ee172-9abe-5b22-a179-ebe54d11b4a8,Ahmed Abdullahi,FWD,UNKNOWN,17,0.002067493582293622,0.0,0.002067493582293622,0.1716524138055108,0.0,0.1716524138055108,0.38854672930302936,0,0
sunderland,442f88c7-0aca-579d-8dc6-ba82c70ba6a1,Simon Moore,GK,UNKNOWN,17,0.0019528344796022109,0.0,0.0019528344796022109,0.16282719625995132,0.0,0.16282719625995132,0.3681574009980448,0,0
sunderland,9ca1990c-2f6e-5da3-bee4-29c146e15226,Blondy Nna Noukeu,GK,UNKNOWN,17,0.0019528344796022109,0.0,0.0019528344796022109,0.16282719625995132,0.0,0.16282719625995132,0.3681574009980448,0,0
tottenham-hotspur,d64982ba-72ef-52d6-b8fe-3706499963ab,Conor Gallagher,MID,UNKNOWN,1,0.0033012738495973764,1.0,0.9966987261504027,1.0548274703182372,90.0,88.94517252968177,88.94517252968177,0,1
tottenham-hotspur,f0bfb35e-c09e-553b-a545-fec85a6cd62d,Radu Dragusin,DEF,RCB,3,0.5808727522261847,0.6666666666666666,0.6019872858282177,59.099020742067296,60.0,51.296464495912495,75.5932278569697,0,0
tottenham-hotspur,1ffce999-e957-5580-a533-b5ad7d8de028,Dominic Solanke,FWD,UNKNOWN,2,0.10027332956524743,0.5,0.4138431197822447,11.07452932223265,59.0,47.92547067776735,69.05170753813796,0,1
tottenham-hotspur,44d564d8-1d6f-5d92-906d-972644650a55,Yves Bissouma,MID,UNKNOWN,2,0.1389272403376844,0.5,0.36270476176915184,14.514868867675581,61.0,46.48513113232442,48.10760038113617,0,0
tottenham-hotspur,229e2aab-318b-5964-bc2e-1b5fcbac0a02,João Victor de Souza Menezes,DEF,LWB,1,0.25346257956927787,1.0,0.7465374204307221,14.538917976344525,55.0,40.46108202365548,40.46108202365548,0,0
tottenham-hotspur,2eec990a-7277-5fb6-b8c8-10423fefbb47,Djed Spence,DEF,LB,17,0.5289081593271061,0.4117647058823529,0.5183769387829396,49.74212166151583,41.411764705882355,38.65889817320924,86.56795608321961,3,1
tottenham-hotspur,8e00491e-df3c-59d8-8196-500825daf087,João Palhinha Gonçalves,MID,RDM,17,0.5792645461422538,0.5294117647058824,0.4220697855549526,54.754589190091465,52.529411764705884,30.559199468875672,80.44026932490286,2,1
tottenham-hotspur,f0bfb35e-c09e-553b-a545-fec85a6cd62d,Radu Dragusin,DEF,UNKNOWN,3,0.021186882668968732,0.3333333333333333,0.33502719870479986,2.6121603023641744,30.333333333333332,29.64115085052133,86.04348582223574,0,1
tottenham-hotspur,3a736c36-502e-5f12-a3a0-3a915cdfdf76,Randal Kolo Muani,FWD,ST,15,0.5787211447629603,0.6666666666666666,0.49359240069419846,44.77286074968774,49.2,28.082797860808327,82.07006430543119,1,0
tottenham-hotspur,44d564d8-1d6f-5d92-906d-972644650a55,Yves Bissouma,MID,LCM,9,0.28116004432168284,0.4444444444444444,0.4591958882923178,24.210487802165186,32.888888888888886,27.549142841815918,69.53211867537433,0,0
tottenham-hotspur,44d564d8-1d6f-5d92-906d-972644650a55,Yves Bissouma,MID,CM,6,0.3764751140084253,0.3333333333333333,0.4422056454142689,37.22979889620916,30.333333333333332,27.306249881507323,56.52313887643507,0,1
tottenham-hotspur,658b9548-4dbd-5b98-890b-0bb35c8a5625,Wilson Odobert,MID,LAM,2,0.698672473468815,1.0,0.301327526531185,63.703087756356496,89.5,25.7969122436435,44.24652043837256,0,0
tottenham-hotspur,95129b97-e678-584a-9c78-bc2d29fd7dfa,Destiny Udogie,DEF,LB,17,0.38348999573004283,0.47058823529411764,0.2931943667732833,34.17055848226161,42.94117647058823,25.61697935731257,72.32607851661216,0,1
tottenham-hotspur,e85a3c19-e5b4-542c-b4a1-85edbb700d53,Pape Matar Sarr,MID,LCM,13,0.5407690526387922,0.38461538461538464,0.3396232948967561,53.28188343478543,42.30769230769231,25.34757688810197,64.21504256876331,0,0
tottenham-hotspur,c13afcac-5201-5504-affd-a886825266d4,Micky van de Ven,DEF,LCB,17,0.8026455580020606,0.8823529411764706,0.27223695113972046,67.81907517363885,73.6470588235294,24.555258911246597,82.63937621911988,1,0
tottenham-hotspur,9e042355-866c-5b17-9097-0d84e263ecf3,Kevin Danso,DEF,RCB,17,0.5166414182557423,0.5882352941176471,0.31295768904286325,47.24610007431095,53.411764705882355,24.40062421641167,72.82774271106186,0,1
tottenham-hotspur,3a736c36-502e-5f12-a3a0-3a915cdfdf76,Randal Kolo Muani,FWD,RAM,2,0.8065407652618473,0.5,0.43522348113518194,66.71603504802238,42.5,24.216035048022373,38.77109679548118,0,0
tottenham-hotspur,e8c63dd8-d5d3-5d3c-9ca3-16081a763f80,Richarlison de Andrade,FWD,ST,17,0.4513724995380818,0.4117647058823529,0.26318903527226467,42.025906078124024,39.88235294117647,22.472092795738973,51.80183328167867,0,0
tottenham-hotspur,27ff0ef1-a31f-5e26-bb7d-035a4248bad2,Rodrigo Bentancur,MID,RDM,17,0.28255392969822896,0.35294117647058826,0.2527720277697279,23.887722676447257,27.823529411764707,20.769316033128362,69.76486624262857,0,1
tottenham-hotspur,976cba43-39e3-5bd2-a17b-74524487c441,Archie Gray,MID,LDM,8,0.6607109578657353,0.875,0.32338761344935024,57.94182199311513,74.625,19.79162668632917,64.27739419975956,0,0
tottenham-hotspur,c99e7187-586e-5722-8e10-93fd50f92627,Xavi Simons,MID,CAM,12,0.7176232833121605,0.6666666666666666,0.31663522208166484,62.04878636151441,63.75,19.672101375034952,62.157524167764194,0,0
tottenham-hotspur,e85a3c19-e5b4-542c-b4a1-85edbb700d53,Pape Matar Sarr,MID,LDM,4,0.18502587883189098,0.25,0.15358333221403775,17.73795187973687,33.75,19.5954526749182,36.609029794332386,0,0
tottenham-hotspur,227cf32e-d062-5df9-8908-cb5491836ff8,Antonín Kinsky,GK,GK,6,0.7863690440854633,1.0,0.21363095591453685,70.88062654129237,90.0,19.119373458707628,31.179266673270618,0,0
tottenham-hotspur,229e2aab-318b-5964-bc2e-1b5fcbac0a02,João Victor de Souza Menezes,DEF,UNKNOWN,6,0.08823544538082422,0.16666666666666666,0.21844351004203266,11.226753136097296,14.5,19.017591468150545,34.86734438213247,0,1
tottenham-hotspur,1ffce999-e957-5580-a533-b5ad7d8de028,Dominic Solanke,FWD,ST,15,0.6435313786754459,0.6666666666666666,0.23918676676629164,56.441993007564534,56.53333333333333,18.72001070878821,45.445924818353376,0,0
tottenham-hotspur,d64982ba-72ef-52d6-b8fe-3706499963ab,Conor Gallagher,MID,RCM,13,0.6872923158726812,0.7692307692307693,0.29444191044114426,56.26864164716025,64.46153846153847,18.28380559575036,60.325689773326616,0,0
tottenham-hotspur,d4c29433-6018-52a2-83a9-429997023fab,Pedro Porro,DEF,RB,17,0.6857809504962786,0.7647058823529411,0.20231306198776955,59.00821805395951,65.17647058823529,18.21657412657636,84.26726295864573,0,1
tottenham-hotspur,c99e7187-586e-5722-8e10-93fd50f92627,Xavi Simons,MID,LW,5,0.37347745662657383,0.2,0.23442761382439353,30.612509101959706,12.4,18.212509101959704,45.042033912560655,0,0
tottenham-hotspur,f0bfb35e-c09e-553b-a545-fec85a6cd62d,Radu Dragusin,DEF,LCB,10,0.2848976533445063,0.1,0.23156817844148345,28.706319903008172,15.0,18.056902588375955,74.39707943786185,0,0
tottenham-hotspur,4aecc997-ca9d-57ec-a854-3151849bde99,Mathys Tel,MID,LAM,17,0.6128567813164784,0.47058823529411764,0.34121473375062217,54.00435193109501,51.35294117647059,17.523843665246996,44.48029196965553,0,0
tottenham-hotspur,b29e3c1f-f8e8-5b6a-a5de-fbd51d039e55,Cristian Romero,DEF,RCB,17,0.36718171956247736,0.35294117647058826,0.23618013564463441,27.19407095718769,24.235294117647058,15.817344150064384,87.07951762971325,0,1
tottenham-hotspur,976cba43-39e3-5bd2-a17b-74524487c441,Archie Gray,MID,RCM,7,0.3635447710745924,0.14285714285714285,0.28854845837125437,29.451924530901323,14.428571428571429,15.562685045022802,51.357573915141884,0,0
tottenham-hotspur,99c5358b-6b7a-567b-a6ef-22541e365423,Lucas Bergvall,MID,CAM,11,0.11874981288807612,0.09090909090909091,0.15995655075861845,9.205151308578106,9.636363636363637,13.826294619789554,41.924913444607384,0,0
tottenham-hotspur,99c5358b-6b7a-567b-a6ef-22541e365423,Lucas Bergvall,MID,RCM,6,0.23769251784163722,0.0,0.23769251784163722,21.5642386842632,8.5,13.261168338181989,27.477601302667743,0,0
tottenham-hotspur,3c77aa9b-7767-5636-9780-0d94d829b326,Guglielmo Vicario,GK,GK,17,0.639330534859533,0.5882352941176471,0.14498165639170127,57.87917521914648,52.94117647058823,12.856076189934889,81.07029315286432,1,0
tottenham-hotspur,f0bfb35e-c09e-553b-a545-fec85a6cd62d,Radu Dragusin,DEF,CB,1,0.8158646334093421,1.0,0.18413536659065788,78.22114312235311,89.0,10.778856877646888,10.778856877646888,0,0
tottenham-hotspur,658b9548-4dbd-5b98-890b-0bb35c8a5625,Wilson Odobert,MID,RAM,15,0.18014873139870116,0.13333333333333333,0.20761355756556255,13.97652476158526,5.8,10.280906823376787,60.21440709682342,1,0
tottenham-hotspur,227cf32e-d062-5df9-8908-cb5491836ff8,Antonín Kinsky,GK,UNKNOWN,11,0.013633392059767342,0.09090909090909091,0.0987788562398444,1.11663667362636,8.181818181818182,8.832516381503524,87.4373383933244,0,1
tottenham-hotspur,976cba43-39e3-5bd2-a17b-74524487c441,Archie Gray,MID,RWB,2,0.8438086505480727,1.0,0.15619134945192725,78.18195533071463,86.5,8.318044669285378,10.382543135915256,0,0
tottenham-hotspur,d64982ba-72ef-52d6-b8fe-3706499963ab,Conor Gallagher,MID,RDM,1,0.830127983744441,1.0,0.16987201625555903,76.7663092810475,84.0,7.233690718952502,7.233690718952502,0,0
tottenham-hotspur,d64982ba-72ef-52d6-b8fe-3706499963ab,Conor Gallagher,MID,CAM,2,0.8854879348799818,1.0,0.11451206512001821,80.65741511085892,85.5,6.618227018395572,11.460811907536652,0,0
tottenham-hotspur,229e2aab-318b-5964-bc2e-1b5fcbac0a02,João Victor de Souza Menezes,DEF,RW,8,0.07229792389201437,0.0,0.07229792389201437,5.249972766193088,0.0,5.249972766193088,19.744696492519708,0,0
tottenham-hotspur,54274eb5-84a2-57b6-839e-1c4241166695,Callum Olusesi,MID,UNKNOWN,17,0.015632571317739163,0.0,0.015632571317739163,1.9772877102528459,0.8235294117647058,2.7766193858626873,13.794319242683654,0,0
tottenham-hotspur,852ce8af-54d5-556e-8431-239c5c2bd592,Dane Scarlett,FWD,UNKNOWN,17,0.024058916286458315,0.0,0.024058916286458315,2.729264876867071,0.29411764705882354,2.609510999290986,6.198527059183662,0,0
tottenham-hotspur,1b5a9b51-4626-5901-8e54-14c32dbca29e,Ben Davies,DEF,LB,17,0.06314331293678192,0.058823529411764705,0.07790701364640568,3.478229659755498,1.0588235294117647,2.4194061303437335,16.886228229826813,0,0
tottenham-hotspur,febe7f51-de0b-52b1-9d0c-59d8e1a3f195,Jun'ai Byfield,DEF,UNKNOWN,17,0.02596478907808655,0.0,0.02596478907808655,2.4569407306845203,0.058823529411764705,2.398117201272756,6.0804974389113875,0,0
tottenham-hotspur,d8973344-62bc-53d6-8585-9558ca0c2bdc,James Maddison,MID,UNKNOWN,17,0.01298910069208911,0.0,0.01298910069208911,1.7013201045978852,2.0,1.804006887592312,13.017531101425512,0,0
tottenham-hotspur,140b9b50-7e76-5415-b5b4-069f22ec0a3a,Mohammed Kudus,MID,RAM,17,0.06308158506180267,0.0,0.06308158506180267,1.7333639878795268,0.0,1.7333639878795268,3.8708041915768816,0,0
tottenham-hotspur,6e33d302-1009-55a9-afac-e0e1252040dd,Luca Williams-Barnett,MID,UNKNOWN,17,0.017015194738172205,0.0,0.017015194738172205,1.3838199807971188,0.0,1.3838199807971188,3.478546905338922,0,0
tottenham-hotspur,94b5c9be-f575-5c14-b7d5-81ee74991050,James Rowswell,DEF,UNKNOWN,17,0.012586801556360857,0.0,0.012586801556360857,1.3281719642352012,0.058823529411764705,1.363034377212583,7.124571878882116,0,0
tottenham-hotspur,71b42af1-caa4-5720-9bcf-3d24a9ee0c81,James Wilson,FWD,UNKNOWN,12,0.002624513700196261,0.0,0.002624513700196261,0.2907270894132323,0.0,0.2907270894132323,1.451691955087494,0,0
tottenham-hotspur,6584a157-53e2-59c9-b7cd-10dfd78c4956,Rio Kyerematen,MID,UNKNOWN,15,0.002356928256843053,0.0,0.002356928256843053,0.23596405162258152,0.0,0.23596405162258152,0.7827601435725254,0,0
tottenham-hotspur,2806a5bb-22bc-5a17-989f-28d47f8bb3aa,Son Heung-min,MID,UNKNOWN,17,0.002207439734607619,0.0,0.002207439734607619,0.18307960212675636,0.0,0.18307960212675636,0.4670793594573733,0,0
tottenham-hotspur,506dbb49-b124-521f-b8ab-c4af23dda086,Yusuf Akhamrich,MID,UNKNOWN,17,0.002207439734607619,0.0,0.002207439734607619,0.18307960212675636,0.0,0.18307960212675636,0.4670793594573733,0,0
tottenham-hotspur,b1755e1d-8824-5aa0-8030-69bdb24ac34e,Manor Solomon,MID,UNKNOWN,17,0.002207439734607619,0.0,0.002207439734607619,0.18307960212675636,0.0,0.18307960212675636,0.4670793594573733,0,0
tottenham-hotspur,ca3c85c1-ae7a-593f-927f-70608030b583,Bryan Gil Salvatierra,MID,UNKNOWN,17,0.002207439734607619,0.0,0.002207439734607619,0.18307960212675636,0.0,0.18307960212675636,0.4670793594573733,0,0
tottenham-hotspur,d7a4f53c-7c50-5174-bf2c-c823ca104092,Dejan Kulusevski,MID,UNKNOWN,17,0.002207439734607619,0.0,0.002207439734607619,0.18307960212675636,0.0,0.18307960212675636,0.4670793594573733,0,0
tottenham-hotspur,f6e19715-d636-5ef6-94ca-de4da1b87ccb,Min-Hyeok Yang,MID,UNKNOWN,17,0.002207439734607619,0.0,0.002207439734607619,0.18307960212675636,0.0,0.18307960212675636,0.4670793594573733,0,0
tottenham-hotspur,f6ee505e-c3d9-5984-8dea-9c996e4c5739,Mikey Moore,MID,UNKNOWN,17,0.002207439734607619,0.0,0.002207439734607619,0.18307960212675636,0.0,0.18307960212675636,0.4670793594573733,0,0
tottenham-hotspur,0ad4289b-eef3-5f06-83b5-482c024e0921,Takai Kōta,DEF,UNKNOWN,17,0.002192892334402558,0.0,0.002192892334402558,0.18119499840373554,0.0,0.18119499840373554,0.46285258385950706,0,0
tottenham-hotspur,78294e25-5861-5ba5-a6d1-a71e77d3d91b,Ashley Phillips,DEF,UNKNOWN,17,0.002192892334402558,0.0,0.002192892334402558,0.18119499840373554,0.0,0.18119499840373554,0.46285258385950706,0,0
tottenham-hotspur,e04824e4-901c-57ba-ab27-e675bdfcdb72,Luka Vušković,DEF,UNKNOWN,17,0.002192892334402558,0.0,0.002192892334402558,0.18119499840373554,0.0,0.18119499840373554,0.46285258385950706,0,0
tottenham-hotspur,b2f79fc5-879a-5fce-afcf-f08ea106999e,Will Lankshear,FWD,UNKNOWN,17,0.0020831805370879765,0.0,0.0020831805370879765,0.1728625183142848,0.0,0.1728625183142848,0.4410172218579443,0,0
tottenham-hotspur,fafdf287-5fd0-54e4-9c12-c2443be5103a,Brandon Austin,GK,UNKNOWN,17,0.001967674468842476,0.0,0.001967674468842476,0.163971501375505,0.0,0.163971501375505,0.4178189917753381,0,0
west-ham-united,b9aca1a6-3e7e-50d1-85c7-bc4c6432da09,Axel Disasi,DEF,UNKNOWN,1,0.003378712297627296,1.0,0.9966212877023727,1.0264533274661076,90.0,88.9735466725339,88.9735466725339,0,1
west-ham-united,ad87488c-769c-5325-bce6-63daff9b32a3,Pablo Felipe Pereira de Jesus,FWD,UNKNOWN,1,0.3075081149867428,1.0,0.6924918850132572,31.191420063685392,78.0,46.80857993631461,46.80857993631461,0,0
west-ham-united,46d563a5-35c2-5766-ad22-b778921da81d,Jean-Clair Todibo,DEF,LCB,17,0.42556043387350423,0.4117647058823529,0.33686680800868146,37.93549955158164,33.294117647058826,30.91569307159344,81.78999570611705,2,2
west-ham-united,2d4c58d3-9f00-5834-a712-c8fbd35a2876,Kyle Walker-Peters,DEF,RB,17,0.3466655816728149,0.29411764705882354,0.29881429593329045,31.531838427790884,25.058823529411764,26.828288661540924,84.0296994454319,1,1
west-ham-united,ad87488c-769c-5325-bce6-63daff9b32a3,Pablo Felipe Pereira de Jesus,FWD,CAM,16,0.48045468523887436,0.5625,0.4065002823959442,41.630751560791595,44.625,26.090748280194575,63.77619702523473,1,1
west-ham-united,a0539466-bf5c-5202-baf7-336484f9a7c3,Freddie Potts,MID,LDM,5,0.16821452994190952,0.2,0.3530707209044689,17.560854466734714,9.0,24.707630300301464,52.52418015716771,0,1
west-ham-united,35ad91b8-a753-5dab-beac-21a352e5cb13,Aaron Wan-Bissaka,DEF,RB,17,0.6258457394988732,0.7058823529411765,0.2534924529491857,55.90277446657971,62.88235294117647,21.52475525233961,73.4718359343072,0,1
west-ham-united,7464bba2-d459-5382-a1a5-4bc52ebe7af2,Callum Wilson,FWD,ST,17,0.2730442342139366,0.17647058823529413,0.37760247747367076,26.410245176597194,25.352941176470587,21.245331930264914,69.25888272862879,0,1
west-ham-united,ef1caf6e-67a5-53c4-afb0-2523323cbfe4,Crysencio Summerville,MID,LW,16,0.8081142982009026,0.875,0.2389682727658311,72.85004635533032,77.6875,20.547549260282874,87.91836790463665,1,1
west-ham-united,112ec44a-8ec0-5a5a-828a-d330905abb6b,Alphonse Areola,GK,GK,17,0.36179146347661423,0.17647058823529413,0.22729105328539334,32.64299926628531,15.882352941176471,20.528047049263158,83.36257380201413,1,0
west-ham-united,bb9f5ed9-455a-5a73-a068-c865110bd21e,Max Kilman,DEF,LCB,17,0.19872106681303767,0.0,0.19872106681303767,20.295832201078408,1.5294117647058822,18.766420436372524,49.188701615980186,0,0
west-ham-united,82a85fe5-3695-5749-b382-fb39650267e9,Mads Hermansen,GK,GK,17,0.6657136808873381,0.8235294117647058,0.1928141339551007,59.98797073687861,74.11764705882354,17.315600206554194,87.96416412158165,0,1
west-ham-united,17b6a342-b02c-5f36-a340-abadc722db36,El Hadji Malick Diouf,DEF,LB,17,0.7017424353612313,0.8823529411764706,0.19012641039611378,62.369465180712,77.58823529411765,17.054212044424645,48.10207260114149,0,0
west-ham-united,9fd390de-abdd-53c9-abf5-63b5a6ec3423,Soungoutou Magassa,MID,RDM,6,0.1134385089980805,0.16666666666666666,0.20612075446476566,6.78891558307021,15.666666666666666,16.830745348812318,68.15353002669268,0,0
west-ham-united,df163264-e6df-5807-b72d-55a49982fc76,Oliver Scarles,DEF,LB,17,0.27103056808469916,0.11764705882352941,0.21541068269100921,22.403140087894606,11.294117647058824,16.6065210965566,48.3708286709059,0,0
west-ham-united,9fd390de-abdd-53c9-abf5-63b5a6ec3423,Soungoutou Magassa,MID,RCM,11,0.28789933757862635,0.09090909090909091,0.24896513853024993,27.033507294589693,13.181818181818182,16.38080638158031,34.71262935024313,0,0
west-ham-united,a4b84834-eb21-54ba-be68-660ea3815e93,Konstantinos Mavropanos,DEF,RCB,17,0.8626335504628435,0.9411764705882353,0.18379030465757057,79.43392672857502,84.76470588235294,14.879328219208887,81.16266705616314,1,0
west-ham-united,a0539466-bf5c-5202-baf7-336484f9a7c3,Freddie Potts,MID,CM,12,0.1747752064691426,0.08333333333333333,0.19466668716869906,13.517691750315551,12.5,14.148636022302343,49.033157262537706,0,0
west-ham-united,de5e511c-9379-5b70-8f43-d2b814dfdcc3,Valentín Castellanos,FWD,ST,17,0.834130834726629,0.9411764705882353,0.18732745036121148,65.72423081742112,76.11764705882354,13.9480366863949,41.48466238135102,0,0
west-ham-united,bafec5b4-70cd-5296-82ed-5f50f9b35506,Tomas Soucek,MID,RCM,15,0.8244731324034756,1.0,0.1755268675965244,76.20329549866514,86.26666666666667,13.742782946347086,38.210312463764566,0,0
west-ham-united,bafec5b4-70cd-5296-82ed-5f50f9b35506,Tomas Soucek,MID,RDM,2,0.8127543020528274,1.0,0.1872456979471726,78.21345991672615,90.0,11.786540083273856,13.696593947066233,0,0
west-ham-united,b7c9efe9-e4ac-5f89-b85e-5170d8689598,Adama Traoré Diarra,MID,UNKNOWN,15,0.06250216344647318,0.0,0.06250216344647318,11.088114300983287,7.666666666666667,11.676591704140801,26.79336026853128,0,0
west-ham-united,79420363-80f0-5eb5-bef5-e1e31f62877c,Mateus Gonçalo Espanha Fernandes,MID,LCM,17,0.8680124284368627,1.0,0.1319875715631373,80.47841628368667,89.6470588235294,9.168642539842752,26.901499390934404,0,0
west-ham-united,b9aca1a6-3e7e-50d1-85c7-bc4c6432da09,Axel Disasi,DEF,LCB,13,0.8996969594509243,1.0,0.1003030405490757,81.59966298801416,89.53846153846153,7.938798550447377,14.099931847717599,0,0
west-ham-united,4e68227a-9577-5c26-99fa-8a519b052582,Jarrod Bowen,FWD,RAM,2,0.9170199152734801,1.0,0.0829800847265198,82.91647450147369,90.0,7.083525498526313,8.469436935501832,0,0
west-ham-united,801d7a76-cf1f-5b76-bb8d-848b93ec78d0,Mohamadou Kanté,MID,UNKNOWN,17,0.04624118039814949,0.0,0.04624118039814949,6.841837918024579,3.0,6.920616671658187,24.902586307513236,0,0
west-ham-united,4e68227a-9577-5c26-99fa-8a519b052582,Jarrod Bowen,FWD,RW,15,0.9219363222827367,1.0,0.07806367771726329,82.61460628732159,89.06666666666666,6.8102262008083505,13.569884467043224,0,0
west-ham-united,d72c4cd3-9cce-5df1-8cb6-e4ecd1525f0a,Ezra Mayers,DEF,UNKNOWN,17,0.047072187519136915,0.0,0.047072187519136915,5.954748579240096,0.058823529411764705,5.895925049828331,25.76225288826715,0,0
west-ham-united,ef1caf6e-67a5-53c4-afb0-2523323cbfe4,Crysencio Summerville,MID,LAM,1,0.9370699858240598,1.0,0.06293001417594024,85.21904609842527,90.0,4.780953901574733,4.780953901574733,0,0
west-ham-united,e17b28b4-18e0-5316-b0b4-279fe412f5e5,Lucas Tolentino Coelho de Lima,MID,CAM,17,0.06908646920456624,0.0,0.06908646920456624,4.385171948220705,0.0,4.385171948220705,22.686375328370357,0,0
west-ham-united,68f9569d-88d0-5993-a084-828e7f6a2610,Guido Rodríguez,MID,LCM,17,0.04119507155694105,0.0,0.04119507155694105,3.6923339654067466,0.6470588235294118,3.5922932659445337,13.510446551474868,0,0
west-ham-united,2739afa2-76d2-5669-864e-6c4324145c72,Nayef Aguerd,DEF,LCB,17,0.025315754536877625,0.0,0.025315754536877625,2.3469497689854886,0.0,2.3469497689854886,3.230999752496792,0,0
west-ham-united,5dc0f8a0-1a29-5eb7-bbf8-b2355b407d6f,Niclas Füllkrug,FWD,ST,17,0.030002440154323667,0.0,0.030002440154323667,2.133112111882358,0.0,2.133112111882358,3.145478360087728,0,0
west-ham-united,6e21ee2c-7d42-59f6-9ab0-1b28ff340661,Igor Julio dos Santos de Paulo,DEF,CB,2,0.01962863786790166,0.0,0.01962863786790166,2.082031560388824,0.0,2.082031560388824,2.4577547822661687,0,0
west-ham-united,4156c194-ad00-5d9c-aa4d-5f67c7deba01,James Ward-Prowse,MID,LDM,2,0.0203333046267391,0.0,0.0203333046267391,1.8793141995621356,0.0,1.8793141995621356,2.248485898964533,0,0
west-ham-united,6a2d7ef6-eb12-5dc2-aaad-c85d30c00b8f,Andy Irving,MID,LCM,17,0.026576481189267632,0.0,0.026576481189267632,1.8663755930716588,0.0,1.8663755930716588,2.6144926903947705,0,0
west-ham-united,f5aa8296-17cf-55f8-94a2-fa0e2ef64071,Finlay Herrick,GK,UNKNOWN,8,0.019308444062796942,0.0,0.019308444062796942,1.695673602103611,0.0,1.695673602103611,4.1518475181568695,0,0
west-ham-united,9edb1bd6-ff23-53a0-a02c-7ca47626ee0e,Luis Guilherme Lira dos Santos,MID,LW,17,0.025955501549118156,0.0,0.025955501549118156,1.427616011723897,0.0,1.427616011723897,2.0016406653101466,0,0
west-ham-united,bfb04682-07f7-5376-b31d-0ecc97e42aa9,George Earthy,MID,UNKNOWN,17,0.013642035720961163,0.0,0.013642035720961163,1.3431958619889077,0.0,1.3431958619889077,1.8399299493399779,0,0
west-ham-united,b6f95b82-3948-530a-af8b-7dc1803ca830,Keiber Lamadrid,MID,UNKNOWN,16,0.015019319008936393,0.0,0.015019319008936393,1.277126316821541,0.0,1.277126316821541,3.422486108101082,0,0
west-ham-united,0701125c-aeac-5baf-ae8d-822bddd96b24,Callum Marshall,FWD,UNKNOWN,17,0.012635187044449273,0.0,0.012635187044449273,1.143911843392449,0.0,1.143911843392449,1.56934630246053,0,0
west-ham-united,a707d017-b234-5dd1-8a6b-b42ba7eea73b,Lewis Orford,MID,UNKNOWN,17,0.013343692098821452,0.0,0.013343692098821452,1.0905784837488293,0.0,1.0905784837488293,2.9385445740124685,0,0
west-ham-united,b053eb8f-7651-5eeb-826a-248261aa7e09,Edson Álvarez Velázquez,MID,UNKNOWN,17,0.0017197305802545257,0.0,0.0017197305802545257,0.1445476486814116,0.0,0.1445476486814116,0.18757443572250096,0,0
west-ham-united,bce080d8-35bd-5a7f-bd9d-5d33b450ffd0,Maxwel Cornet,MID,UNKNOWN,17,0.0017197305802545257,0.0,0.0017197305802545257,0.1445476486814116,0.0,0.1445476486814116,0.18757443572250096,0,0
west-ham-united,08426410-86da-5b24-ab93-8c2d98b90c80,Airidas Golambeckis,DEF,UNKNOWN,17,0.0017083867657951349,0.0,0.0017083867657951349,0.14295426789315763,0.0,0.14295426789315763,0.18576742305307758,0,0
west-ham-united,acc314a9-c700-5647-bc18-411e145424d4,Emerson Palmieri dos Santos,DEF,UNKNOWN,17,0.0017083867657951349,0.0,0.0017083867657951349,0.14295426789315763,0.0,0.14295426789315763,0.18576742305307758,0,0
west-ham-united,b92086a9-bb0f-5d55-a7f2-aa71584fcb82,Kaelan Casey,DEF,UNKNOWN,17,0.0017083867657951349,0.0,0.0017083867657951349,0.14295426789315763,0.0,0.14295426789315763,0.18576742305307758,0,0
west-ham-united,5fbf4aa0-e37c-5a14-b25c-d70368ae9fed,Lukasz Fabianski,GK,UNKNOWN,17,0.0015327834717716992,0.0,0.0015327834717716992,0.12957083065520103,0.0,0.12957083065520103,0.1678555308219785,0,0
west-ham-united,63c934bf-6f5a-5088-84c3-a0d5653e3cc8,Krisztián Hegyi,GK,UNKNOWN,17,0.0015327834717716992,0.0,0.0015327834717716992,0.12957083065520103,0.0,0.12957083065520103,0.1678555308219785,0,0
west-ham-united,b3476a8d-0bc8-5194-a9fc-70e9712ee31d,Wes Foderingham,GK,UNKNOWN,17,0.0015327834717716992,0.0,0.0015327834717716992,0.12957083065520103,0.0,0.12957083065520103,0.1678555308219785,0,0
wolverhampton-wanderers,ef5625b9-1910-5982-85f1-1966467ad375,Adam Armstrong,FWD,UNKNOWN,1,0.0038455223083806887,1.0,0.9961544776916194,1.1232748754680704,90.0,88.87672512453193,88.87672512453193,0,1
wolverhampton-wanderers,15d02b2c-303d-5403-b3ee-c1bb398578ae,Angel Gomes,MID,UNKNOWN,1,0.004074590269947428,1.0,0.9959254097300526,1.1802064157688599,78.0,76.81979358423114,76.81979358423114,0,1
wolverhampton-wanderers,2fa40b7b-3ae8-5f1c-9520-aa9d58b7aee5,Daniel Bentley,GK,GK,5,0.44465437209930786,0.4,0.5478251878578551,40.22023090894227,36.0,49.33105240013675,79.85944511472394,1,1
wolverhampton-wanderers,aa986b3e-e0d4-5c58-b3da-46a8810d3ca9,Ladislav Krejcí,DEF,LCB,17,0.6649880969635477,0.6470588235294118,0.38372938855658034,57.58902354154171,56.8235294117647,32.959678509221746,82.29419056383685,2,1
wolverhampton-wanderers,b6fb865b-2ea3-5f14-9db7-b2b1c2d82003,Jørgen Strand Larsen,FWD,ST,3,0.6024489637430591,0.0,0.6024489637430591,62.41339285113438,30.0,32.41339285113438,51.4620683092425,0,0
wolverhampton-wanderers,e2213bab-7401-5edc-9994-4eb0772f48ef,João Victor Gomes da Silva,MID,RCM,3,0.8941263439604938,0.6666666666666666,0.3530858699263196,81.56251745080236,60.0,31.670126262931458,79.84896557060071,1,0
wolverhampton-wanderers,a97d91b0-ab9b-5d5d-a9e8-01690cad9588,Tolu Arokodare,FWD,ST,17,0.6082383589042791,0.35294117647058826,0.4577067421910568,59.175950832100334,43.35294117647059,30.457471042029965,75.04439118111331,2,0
wolverhampton-wanderers,15d02b2c-303d-5403-b3ee-c1bb398578ae,Angel Gomes,MID,LDM,2,0.69652897039013,1.0,0.30347102960987005,58.68455093744219,49.0,28.0,37.68455093744219,0,0
wolverhampton-wanderers,698f23fd-0fa1-5358-8bd3-2b8aef91e946,José Malheiro de Sá,GK,GK,17,0.7645990131781372,0.8235294117647058,0.2995328837569838,68.88147102933603,74.11764705882354,26.922562863360074,78.23653067186838,2,1
wolverhampton-wanderers,ebd46261-67a5-56cc-9b55-02bde7f16bba,Jean-Ricner Bellegarde,MID,RAM,10,0.4188772227787753,0.4,0.4357356993255445,36.28826868168318,34.9,26.748318243156753,49.08910258156096,0,0
wolverhampton-wanderers,970e8a65-ee1a-5d1a-94d7-82973dc0b1dc,Toti António Gomes,DEF,LCB,17,0.2861380433604688,0.29411764705882354,0.28393313324573394,25.6994205728252,27.88235294117647,24.863818652347188,86.6291104999569,1,2
wolverhampton-wanderers,5c50ad44-fb04-5cd7-9d1f-513b77683809,Pedro Cardoso de Lima,DEF,RWB,4,0.4032976207187569,0.5,0.43374659725105447,35.27980578284942,31.0,24.849757165408867,41.13990276511889,0,0
wolverhampton-wanderers,bc4b8805-6f13-565d-a977-295468e6a0cb,Rodrigo Martins Gomes,DEF,RAM,4,0.5422614672405702,0.5,0.4915643007932854,49.08285824447663,58.25,24.3993664628416,43.631361676078555,0,0
wolverhampton-wanderers,a2bfdc0c-78a1-5fff-b07a-3cbbbabdeba5,Jackson Tchatchoua,DEF,RWB,17,0.5045291657417855,0.5294117647058824,0.27259926760690195,42.836332711825605,43.11764705882353,23.19042548248649,61.970914547679584,0,1
wolverhampton-wanderers,3a3da8a7-b40c-5129-bab5-9c920e3a58ab,David Møller Wolfe,DEF,LWB,17,0.22518781100413554,0.17647058823529413,0.2564792181040637,22.710311611726457,19.941176470588236,22.675424499310807,64.43495830569522,0,1
wolverhampton-wanderers,b6e20f32-3f8f-5d7f-b0b7-140bc97b69fe,Yerson Mosquera Valdelamar,DEF,RCB,17,0.7780756611067184,0.8235294117647058,0.28874959189442695,70.9242080540885,74.76470588235294,21.8764289314241,76.40140268005459,2,1
wolverhampton-wanderers,15d02b2c-303d-5403-b3ee-c1bb398578ae,Angel Gomes,MID,RCM,5,0.25320790600388815,0.4,0.5069126337288479,20.637712068348982,33.2,21.749717722643503,49.967616781593804,0,1
wolverhampton-wanderers,e2213bab-7401-5edc-9994-4eb0772f48ef,João Victor Gomes da Silva,MID,LCM,14,0.806766587946371,0.8571428571428571,0.25448675852236724,71.94628780957781,75.35714285714286,21.71336810758756,78.73616452707643,1,0
wolverhampton-wanderers,15d02b2c-303d-5403-b3ee-c1bb398578ae,Angel Gomes,MID,CAM,6,0.19917193702768635,0.3333333333333333,0.3328710597309417,20.884378033690584,19.166666666666668,20.968222655962492,57.75153386681573,0,1
wolverhampton-wanderers,00cc549f-a9f0-54b0-8cbc-ef47c7f8251b,André Trindade da Costa Neto,MID,CM,14,0.7661357926936442,0.8571428571428571,0.25828445211602624,70.49091670911778,76.21428571428571,20.885934732292238,72.68725026329128,1,0
wolverhampton-wanderers,1af989ce-689b-54c9-b0af-f7cc033bb301,Matt Doherty,DEF,RCB,17,0.15574758034504688,0.17647058823529413,0.31635194138764217,10.882819426761705,11.0,20.80465760457883,81.70436861702991,0,3
wolverhampton-wanderers,ef5625b9-1910-5982-85f1-1966467ad375,Adam Armstrong,FWD,ST,11,0.8173064875563959,1.0,0.18269351244360407,68.38656981456197,79.18181818181819,19.64358041315464,43.533357418000676,0,0
wolverhampton-wanderers,9ac5d5a9-74b6-578c-8e14-559019eb509d,Mateus Mané,FWD,LAM,7,0.770023943382259,0.7142857142857143,0.29766969184977893,61.42080996094138,72.42857142857143,19.17109617055457,43.647147561881226,0,0
wolverhampton-wanderers,87fd1c0a-a5f8-5f19-b233-de67537cdeb2,Hugo Bueno López,DEF,LWB,17,0.7983891117484755,0.8235294117647058,0.24603994841422713,70.53119622316704,70.6470588235294,19.092187060110824,71.96331309744981,1,0
wolverhampton-wanderers,bc4b8805-6f13-565d-a977-295468e6a0cb,Rodrigo Martins Gomes,DEF,LW,3,0.1945640115497285,0.3333333333333333,0.23703569207734732,21.22199072742308,40.0,18.77800927257692,31.065122000462303,0,0
wolverhampton-wanderers,ebd46261-67a5-56cc-9b55-02bde7f16bba,Jean-Ricner Bellegarde,MID,LW,6,0.15701715732313226,0.16666666666666666,0.2480835575917927,11.282415544335906,20.833333333333332,17.094950771265882,65.25463182196019,0,0
wolverhampton-wanderers,e3545d57-5636-57c9-a5ad-35a839d1f8bd,Hwang Hee-chan,MID,ST,17,0.38875442687698497,0.4117647058823529,0.2709060701259456,29.16021919709533,32.94117647058823,16.66575689612343,78.14560933738207,0,1
wolverhampton-wanderers,bc4b8805-6f13-565d-a977-295468e6a0cb,Rodrigo Martins Gomes,DEF,RWB,10,0.34491351043098917,0.2,0.35854103877129784,31.484333609770637,27.0,16.426472286937035,38.501551599577404,0,0
wolverhampton-wanderers,94f8d943-9301-57ef-ac78-91de92b9eb41,Emmanuel Agbadou,DEF,CB,17,0.11557663619741154,0.058823529411764705,0.16768542348486198,10.676958079789163,5.294117647058823,15.324031203576155,84.50012155218946,0,1
wolverhampton-wanderers,ef5625b9-1910-5982-85f1-1966467ad375,Adam Armstrong,FWD,LAM,2,0.7950242393448426,1.0,0.20497576065515744,74.78450838563857,90.0,15.215491614361426,15.215491614361426,0,0
wolverhampton-wanderers,ebd46261-67a5-56cc-9b55-02bde7f16bba,Jean-Ricner Bellegarde,MID,RCM,1,0.75945353051512,1.0,0.24054646948488,67.77064600124147,80.0,12.229353998758526,12.229353998758526,0,0
wolverhampton-wanderers,5c50ad44-fb04-5cd7-9d1f-513b77683809,Pedro Cardoso de Lima,DEF,UNKNOWN,13,0.056155063840337825,0.07692307692307693,0.08936910351579876,6.331103388882368,10.153846153846153,11.24339419698655,54.990161056662004,0,0
wolverhampton-wanderers,a8aed2e6-b0b5-5558-b149-fc0c412d9844,Santiago Bueno,DEF,CB,17,0.877766543152139,1.0,0.122233456847861,79.10088782318074,89.88235294117646,10.78146511799573,20.313489687373774,0,0
wolverhampton-wanderers,9ac5d5a9-74b6-578c-8e14-559019eb509d,Mateus Mané,FWD,LCM,10,0.862498548470359,1.0,0.13750145152964097,78.30195875282331,83.4,9.651567337846682,16.440381832986404,0,0
wolverhampton-wanderers,00cc549f-a9f0-54b0-8cbc-ef47c7f8251b,André Trindade da Costa Neto,MID,RCM,3,0.8911422621001642,1.0,0.10885773789983577,81.13816836477997,90.0,8.861831635220033,11.592552497490715,0,0
wolverhampton-wanderers,41af0355-d126-5dc9-b44e-6d3d4ad2661b,Sam Johnstone,GK,GK,17,0.08820297701377283,0.0,0.08820297701377283,8.024992192052562,0.0,8.024992192052562,23.10782738563795,0,0
wolverhampton-wanderers,2fa40b7b-3ae8-5f1c-9520-aa9d58b7aee5,Daniel Bentley,GK,UNKNOWN,12,0.0018945052903385515,0.08333333333333333,0.08486392970672839,0.15859018133933808,7.5,7.628540985619019,89.81970482567809,0,1
wolverhampton-wanderers,762b7b12-29aa-5f0f-aef0-ca1bf2237692,Jhon Arias,MID,RW,17,0.15322205769544048,0.058823529411764705,0.156783966013817,9.791594354638935,4.352941176470588,6.982026952075749,23.22355212052115,0,0
wolverhampton-wanderers,5e05a265-c5a6-5d89-b646-3db7a5e9e98e,Ki-Jana Hoever,DEF,RWB,17,0.04458382919642406,0.0,0.04458382919642406,3.824300782758259,0.0,3.824300782758259,9.823063650395758,0,0
wolverhampton-wanderers,8c70bef4-3e5d-5879-ade5-43db59c91c76,Marshall Munetsi,MID,RCM,17,0.04775377286313699,0.0,0.04775377286313699,3.2691383216071834,0.0,3.2691383216071834,8.301726415330949,0,0
wolverhampton-wanderers,65e0fe15-a1a2-5476-910a-832e300873cd,Tom Edozie,MID,UNKNOWN,17,0.02309865586447097,0.0,0.02309865586447097,3.0735001498329457,0.7058823529411765,3.0940591418552943,7.835155670807287,0,0
wolverhampton-wanderers,1ddf1d34-6f86-5fa6-a5b9-c192a8ae5692,Fer López González,MID,RCM,17,0.041562271121722213,0.0,0.041562271121722213,3.0448903093225033,0.0,3.0448903093225033,8.775847705005077,0,0
wolverhampton-wanderers,82707ab5-c726-5a80-a634-33c7385fa2ef,Tawanda Chirewa,MID,UNKNOWN,17,0.017176152430818905,0.0,0.017176152430818905,1.7708406904831924,0.0,1.7708406904831924,3.9462781525513675,0,0
wolverhampton-wanderers,ab1bd1a1-7e46-5a2e-b6df-3f90bac73f90,Jerome Abbey,MID,UNKNOWN,15,0.0022289647338148448,0.0,0.0022289647338148448,0.2421622133486395,1.0666666666666667,1.2825636851025837,15.803011038154581,0,0
wolverhampton-wanderers,7be329fe-cc60-5f63-80c4-03a1366b6cd0,Sasa Kalajdzic,FWD,UNKNOWN,17,0.014963016333560574,0.0,0.014963016333560574,1.2305528758665616,0.0,1.2305528758665616,3.4622025430823866,0,0
wolverhampton-wanderers,96b97687-bd96-58d8-8dfd-1851ec2fee31,Josh Gracey,GK,UNKNOWN,4,0.002113584687158542,0.0,0.002113584687158542,0.3827378108680327,0.0,0.3827378108680327,1.0751854862745809,0,0
wolverhampton-wanderers,5ef88ee7-67ce-5ea6-9f7d-768590a17478,Alfie Brooks,GK,UNKNOWN,6,0.0021313038797414366,0.0,0.0021313038797414366,0.30852105129470697,0.0,0.30852105129470697,1.1367742102227312,0,0
wolverhampton-wanderers,895530a6-b2e4-548b-a2f6-bec6611642ef,Ethan Sutherland,MID,UNKNOWN,17,0.002052856359315313,0.0,0.002052856359315313,0.1716026053138426,0.0,0.1716026053138426,0.4939102091739091,0,0
wolverhampton-wanderers,8e4c38d4-b3e1-565e-8355-6534c978fc31,Temple Ojinnaka,MID,UNKNOWN,17,0.002052856359315313,0.0,0.002052856359315313,0.1716026053138426,0.0,0.1716026053138426,0.4939102091739091,0,0
wolverhampton-wanderers,4a4c210a-b163-51bb-a7f6-5e5dd5870bbb,Luke Rawlings,MID,UNKNOWN,17,0.002052856359315313,0.0,0.002052856359315313,0.17144575557598518,0.0,0.17144575557598518,0.4939102091739091,0,0
wolverhampton-wanderers,1ebd62da-03f6-5bf1-92d5-fd0cd9edc9e8,Gonçalo Manuel Ganchinho Guedes,MID,UNKNOWN,17,0.002052856359315313,0.0,0.002052856359315313,0.17136209948206393,0.0,0.17136209948206393,0.4939102091739091,0,0
wolverhampton-wanderers,7882c582-9bb0-5054-9f22-bbe3adcefa59,Joseph Hodge,MID,UNKNOWN,17,0.002052856359315313,0.0,0.002052856359315313,0.17136209948206393,0.0,0.17136209948206393,0.4939102091739091,0,0
wolverhampton-wanderers,bc912383-b9db-5772-b425-cee0903f056b,Boubacar Traoré,MID,UNKNOWN,17,0.002052856359315313,0.0,0.002052856359315313,0.17136209948206393,0.0,0.17136209948206393,0.4939102091739091,0,0
wolverhampton-wanderers,eeff7fa2-1d07-5074-ae49-1cf7014422e6,Enso González,MID,UNKNOWN,17,0.002052856359315313,0.0,0.002052856359315313,0.17136209948206393,0.0,0.17136209948206393,0.4939102091739091,0,0
wolverhampton-wanderers,def8916b-b527-5756-860b-34ba477a01f0,Saheed Olagunju,DEF,UNKNOWN,17,0.0020393262006336336,0.0,0.0020393262006336336,0.16961478665324034,0.0,0.16961478665324034,0.48933336669235195,0,0
wolverhampton-wanderers,13200e1e-5c14-5a9e-8587-4cabf5aaae7f,Bastien Meupiyou,DEF,UNKNOWN,17,0.0020393262006336336,0.0,0.0020393262006336336,0.16953899902068903,0.0,0.16953899902068903,0.48933336669235195,0,0
wolverhampton-wanderers,e54c1f7b-3976-56a4-a0a5-7fff8ad4400a,Alfie Pond,DEF,UNKNOWN,17,0.0020393262006336336,0.0,0.0020393262006336336,0.16953899902068903,0.0,0.16953899902068903,0.48933336669235195,0,0
wolverhampton-wanderers,070b389c-6cc8-5428-8c82-68e98b031ae2,Nathan Fraser,FWD,UNKNOWN,17,0.001937286749989534,0.0,0.001937286749989534,0.1618066610318261,0.0,0.1618066610318261,0.4663763486295488,0,0
wolverhampton-wanderers,7a1a0c28-e905-5dc3-b473-375bc1a58c0e,Leon Chiwome,FWD,UNKNOWN,17,0.001937286749989534,0.0,0.001937286749989534,0.1618066610318261,0.0,0.1618066610318261,0.4663763486295488,0,0
wolverhampton-wanderers,9eed8cdc-25ce-5b02-b275-fd42a8af47a0,Fabio Silva,FWD,UNKNOWN,17,0.001937286749989534,0.0,0.001937286749989534,0.1618066610318261,0.0,0.1618066610318261,0.4663763486295488,0,0
