fixture_uuid,gw,team_id,team,player_uuid,player,pos,expected_role,y,minutes,p_start,xmins,xi_selected_map,xi_assigned_role,xi_formation,actual_start,start_abs_error,minute_error,minute_abs_error,error_bucket
4366c228-7c85-5d35-8048-663446bd1b28,25,16,nottingham-forest,a493cdaf-9cab-5479-8687-9533f241460c,Stefan Ortega Moreno,GK,UNKNOWN,1,90.0,0.0016493782216714242,0.13876119125261532,0.0,UNKNOWN,UNKNOWN,1.0,0.9983506217783286,-89.86123880874739,89.86123880874739,LOW_PSTART_STARTED
10d060ee-1672-5636-98a1-8b9e8f3f850d,29,17,sunderland,6a84c769-ac8f-5aa6-b83b-8d51625d8b35,Melker Ellborg,GK,UNKNOWN,1,90.0,0.0017832701518747374,0.14902628420026953,0.0,UNKNOWN,UNKNOWN,1.0,0.9982167298481253,-89.85097371579973,89.85097371579973,LOW_PSTART_STARTED
bd6a2d47-5dc1-5837-8700-c916a4a9191c,33,20,wolverhampton-wanderers,2fa40b7b-3ae8-5f1c-9520-aa9d58b7aee5,Daniel Bentley,GK,UNKNOWN,1,90.0,0.0021834535016610436,0.18029517432190967,0.0,UNKNOWN,UNKNOWN,1.0,0.997816546498339,-89.81970482567809,89.81970482567809,LOW_PSTART_STARTED
6f555168-6fa4-5bdb-ad1e-d646c8e0f78a,24,2,aston-villa,75f6d292-641f-53ef-a822-a86d1d9c8086,Douglas Luiz Soares de Paulo,MID,UNKNOWN,1,90.0,0.0015109602073748343,0.2838785448822482,0.0,UNKNOWN,UNKNOWN,1.0,0.9984890397926252,-89.71612145511776,89.71612145511776,LOW_PSTART_STARTED
dc1d8946-e5da-5a50-b228-61e8601bc305,23,13,manchester-city,607bc478-1de3-5627-b97c-8cc0c015b3e0,Marc Guéhi,DEF,UNKNOWN,1,90.0,0.00437922726932377,0.4471784318759293,0.0,UNKNOWN,UNKNOWN,1.0,0.9956207727306763,-89.55282156812407,89.55282156812407,LOW_PSTART_STARTED
6f555168-6fa4-5bdb-ad1e-d646c8e0f78a,24,2,aston-villa,5dd58b2f-23b6-55e3-b59d-5617a42d6de1,Tammy Abraham,FWD,UNKNOWN,1,90.0,0.0020898851399006155,0.7382154359641033,0.0,UNKNOWN,UNKNOWN,1.0,0.9979101148600994,-89.26178456403589,89.26178456403589,LOW_PSTART_STARTED
800418ef-112a-5f8a-9aae-e47025aa529d,25,19,west-ham-united,b9aca1a6-3e7e-50d1-85c7-bc4c6432da09,Axel Disasi,DEF,UNKNOWN,1,90.0,0.003378712297627296,1.0264533274661076,0.0,UNKNOWN,UNKNOWN,1.0,0.9966212877023727,-88.9735466725339,88.9735466725339,LOW_PSTART_STARTED
1d93b2bc-9b09-5ae2-aa5b-82d56694fa9c,22,18,tottenham-hotspur,d64982ba-72ef-52d6-b8fe-3706499963ab,Conor Gallagher,MID,UNKNOWN,1,90.0,0.0033012738495973764,1.0548274703182372,0.0,UNKNOWN,UNKNOWN,1.0,0.9966987261504027,-88.94517252968177,88.94517252968177,LOW_PSTART_STARTED
0d6a442b-e1f2-53f3-a9a8-0b75c19465d8,38,8,crystal-palace,fb5999b1-7357-5d65-94c6-bba6bff6ac3a,Rio Cardines,MID,UNKNOWN,1,90.0,0.013519610141943864,1.1082957018237178,0.0,UNKNOWN,UNKNOWN,1.0,0.9864803898580561,-88.89170429817628,88.89170429817628,LOW_PSTART_STARTED
f5b8d4db-d7b4-5da2-a157-94fd8af41961,25,20,wolverhampton-wanderers,ef5625b9-1910-5982-85f1-1966467ad375,Adam Armstrong,FWD,UNKNOWN,1,90.0,0.0038455223083806887,1.1232748754680704,0.0,UNKNOWN,UNKNOWN,1.0,0.9961544776916194,-88.87672512453193,88.87672512453193,LOW_PSTART_STARTED
0d6a442b-e1f2-53f3-a9a8-0b75c19465d8,38,1,arsenal,eeb9fc59-f254-555c-b473-e81a697d50ea,Kepa Arrizabalaga,GK,UNKNOWN,1,90.0,0.016067708428190886,1.3063064169048846,0.0,UNKNOWN,UNKNOWN,1.0,0.9839322915718092,-88.69369358309511,88.69369358309511,LOW_PSTART_STARTED
dfe891e4-ce71-5e78-94ea-cee9d70885e6,36,3,burnley,63254645-c19e-5669-ae4c-6995093f3b92,Max Weiß,GK,UNKNOWN,1,90.0,0.016229557417006345,1.3195660270269707,0.0,UNKNOWN,UNKNOWN,1.0,0.9837704425829936,-88.68043397297303,88.68043397297303,LOW_PSTART_STARTED
54675f42-95ba-5491-a3fd-06557d576830,31,12,liverpool,f2831f63-18d0-5405-9349-288d723614fe,Giorgi Mamardashvili,GK,GK,1,90.0,0.017152089926753458,1.6189903325296824,0.0,UNKNOWN,UNKNOWN,1.0,0.9828479100732466,-88.38100966747032,88.38100966747032,LOW_PSTART_STARTED
800418ef-112a-5f8a-9aae-e47025aa529d,25,19,west-ham-united,82a85fe5-3695-5749-b382-fb39650267e9,Mads Hermansen,GK,GK,1,90.0,0.021800366266085402,2.03583587841836,0.0,UNKNOWN,UNKNOWN,1.0,0.9781996337339146,-87.96416412158165,87.96416412158165,LOW_PSTART_STARTED
ebb30294-ec65-5a92-a141-2fa11e9b549c,30,19,west-ham-united,ef1caf6e-67a5-53c4-afb0-2523323cbfe4,Crysencio Summerville,MID,LW,0,0.0,0.9729152087838918,87.91836790463665,1.0,LW,4-4-2,0.0,0.9729152087838918,87.91836790463665,87.91836790463665,HIGH_PSTART_DID_NOT_START
e1b64232-1ee4-522c-b106-e651d9eba4ea,38,13,manchester-city,83730675-676b-50b6-b1eb-8dac7bf1945f,Rico Lewis,DEF,RB,1,90.0,0.022017758414652942,2.2208574211094385,0.0,UNKNOWN,UNKNOWN,1.0,0.9779822415853471,-87.77914257889056,87.77914257889056,LOW_PSTART_STARTED
95efeb72-d689-58fb-a022-ffad47516d80,35,16,nottingham-forest,95d64f2a-d4e8-52d7-b6b5-d4388ee086e2,James McAtee,MID,CAM,1,90.0,0.02269411502450886,2.2469486091669655,0.0,UNKNOWN,UNKNOWN,1.0,0.9773058849754911,-87.75305139083304,87.75305139083304,LOW_PSTART_STARTED
ecd48097-3a63-58b6-a353-65332e720c42,32,18,tottenham-hotspur,227cf32e-d062-5df9-8908-cb5491836ff8,Antonín Kinsky,GK,UNKNOWN,1,90.0,0.031699947009576124,2.562661606675602,0.0,UNKNOWN,UNKNOWN,1.0,0.9683000529904239,-87.4373383933244,87.4373383933244,LOW_PSTART_STARTED
09eed520-5d17-51e8-8b91-f6b3a3579507,31,5,brentford,2a5fa9ad-82a2-52c4-bba0-61a641eb0d07,Ethan Pinnock,DEF,LCB,1,90.0,0.034305375684540666,2.5677456065874935,0.0,UNKNOWN,UNKNOWN,1.0,0.9656946243154594,-87.4322543934125,87.4322543934125,LOW_PSTART_STARTED
17a9d946-6355-53b8-baf6-c49011bd1d69,30,8,crystal-palace,41c51b76-9927-5c91-821a-99eed1686fa9,Walter Benítez,GK,UNKNOWN,1,90.0,0.033096419052976764,2.631239381268249,0.0,UNKNOWN,UNKNOWN,1.0,0.9669035809470232,-87.36876061873176,87.36876061873176,LOW_PSTART_STARTED
8dde84af-e5b8-502a-977d-f16249e0c5a0,26,1,arsenal,b565eaae-40d9-5a94-8063-106bd85084b9,Cristhian Mosquera,DEF,RCB,1,90.0,0.05371335275421402,2.8114874374131835,0.0,UNKNOWN,UNKNOWN,1.0,0.946286647245786,-87.18851256258682,87.18851256258682,LOW_PSTART_STARTED
006f69f1-9b0e-551d-bed7-448d3b640101,22,14,manchester-united,f2eb0907-28df-5daf-b912-aec135508e38,Benjamin Sesko,FWD,ST,0,0.0,0.9654554617199472,87.10426108350205,1.0,ST,3-4-2-1,0.0,0.9654554617199472,87.10426108350205,87.10426108350205,HIGH_PSTART_DID_NOT_START
fd338246-8ad6-503a-aaa4-7c8328aae763,31,18,tottenham-hotspur,b29e3c1f-f8e8-5b6a-a5de-fbd51d039e55,Cristian Romero,DEF,RCB,1,90.0,0.08832846968748087,2.9204823702867446,0.0,UNKNOWN,UNKNOWN,1.0,0.9116715303125191,-87.07951762971325,87.07951762971325,LOW_PSTART_STARTED
df7ba6cc-31bb-5cbf-8a2f-b79c5249f90f,26,12,liverpool,b8cff13d-168c-5c65-ad52-99b0426b08f2,Dominik Szoboszlai,MID,RAM,0,0.0,0.9664032314384247,86.99962483271135,1.0,RB,4-2-3-1,0.0,0.9664032314384247,86.99962483271135,86.99962483271135,HIGH_PSTART_DID_NOT_START
c6221f70-6420-50cb-a8d9-aba5294bf856,22,3,burnley,5c63f6f0-ec6c-54a9-af70-5b6a64ee0287,Axel Tuanzebe,DEF,RCB,1,90.0,0.03909407654495186,3.044989074619418,0.0,UNKNOWN,UNKNOWN,1.0,0.9609059234550481,-86.95501092538058,86.95501092538058,LOW_PSTART_STARTED
10d060ee-1672-5636-98a1-8b9e8f3f850d,29,17,sunderland,98e68e85-52f1-5832-b572-18ffcbfa3d40,Luke O'Nien,DEF,UNKNOWN,1,90.0,0.031018237149082792,3.064881473149328,0.0,UNKNOWN,UNKNOWN,1.0,0.9689817628509172,-86.93511852685067,86.93511852685067,LOW_PSTART_STARTED
498f1104-1511-5cef-8345-ce9c66768ec7,37,13,manchester-city,6f380ed1-cc12-5a44-847a-217354668a1e,Rodrigo Hernandez,MID,DM,1,90.0,0.030975187006881476,3.243390423265896,0.0,UNKNOWN,UNKNOWN,1.0,0.9690248129931185,-86.7566095767341,86.7566095767341,LOW_PSTART_STARTED
25abf903-06d4-5b30-9573-1ca6d4317c79,36,14,manchester-united,cd221270-eb70-5941-b084-b02fff2a8b2e,Lisandro Martínez,DEF,LCB,1,90.0,0.05047461195863169,3.253317631227742,0.0,UNKNOWN,UNKNOWN,1.0,0.9495253880413683,-86.74668236877226,86.74668236877226,LOW_PSTART_STARTED
31de2a73-94e2-5e1f-829e-f19990739961,28,20,wolverhampton-wanderers,970e8a65-ee1a-5d1a-94d7-82973dc0b1dc,Toti António Gomes,DEF,LCB,1,90.0,0.03961930241199707,3.3708895000431007,0.0,UNKNOWN,UNKNOWN,1.0,0.9603806975880029,-86.6291104999569,86.6291104999569,LOW_PSTART_STARTED
f2500cd6-3213-514b-bc50-11600f2a02df,24,18,tottenham-hotspur,2eec990a-7277-5fb6-b8c8-10423fefbb47,Djed Spence,DEF,LB,0,0.0,0.9323103364714997,86.56795608321961,1.0,LB,4-2-3-1,0.0,0.9323103364714997,86.56795608321961,86.56795608321961,HIGH_PSTART_DID_NOT_START
ae89dde2-06e5-5c3d-88d1-b18a3afac874,38,6,brighton-hove-albion,e8f9ae6c-524f-581f-b52e-91657ed81bf5,Mats Wieffer,MID,RB,1,90.0,0.13934894227728903,3.446505690017237,0.0,UNKNOWN,UNKNOWN,1.0,0.860651057722711,-86.55349430998277,86.55349430998277,LOW_PSTART_STARTED
7018cf67-a775-5040-9faf-510b2df80879,35,9,everton,e9f5aa44-1c52-51c9-85a6-b079a6b78080,Merlin Röhl,MID,RDM,1,90.0,0.032765499570157015,3.505582522070137,0.0,UNKNOWN,UNKNOWN,1.0,0.9672345004298429,-86.49441747792986,86.49441747792986,LOW_PSTART_STARTED
dfe891e4-ce71-5e78-94ea-cee9d70885e6,36,3,burnley,5c63f6f0-ec6c-54a9-af70-5b6a64ee0287,Axel Tuanzebe,DEF,RCB,1,90.0,0.07060490429241652,3.6093981294937447,0.0,UNKNOWN,UNKNOWN,1.0,0.9293950957075835,-86.39060187050626,86.39060187050626,LOW_PSTART_STARTED
31ef1d95-b095-52ae-918e-26ed91e99a77,29,7,chelsea,d7143aed-fcb8-5af3-8721-72433dd889d7,Filip Jørgensen,GK,GK,1,90.0,0.0371625179876013,3.612396221563761,0.0,UNKNOWN,UNKNOWN,1.0,0.9628374820123987,-86.38760377843624,86.38760377843624,LOW_PSTART_STARTED
e1b64232-1ee4-522c-b106-e651d9eba4ea,38,2,aston-villa,77f6a9da-b2d4-5034-84c5-2580945368b8,Morgan Rogers,MID,CAM,0,0.0,0.9556604001117223,86.34257924378966,1.0,CAM,4-2-3-1,0.0,0.9556604001117223,86.34257924378966,86.34257924378966,HIGH_PSTART_DID_NOT_START
54675f42-95ba-5491-a3fd-06557d576830,31,12,liverpool,bb7d5990-008e-5f6d-871a-83ec4490dd2d,Alisson Ramses Becker,GK,GK,0,0.0,0.9587731104846507,86.30121291964987,1.0,GK,4-2-3-1,0.0,0.9587731104846507,86.30121291964987,86.30121291964987,HIGH_PSTART_DID_NOT_START
ec96ab00-9497-5a3e-b3ca-317abf912d08,26,3,burnley,8538fec0-f5e3-5124-9d3e-6b46fded6164,Joe Worrall,DEF,RCB,1,90.0,0.032956835189352884,3.8151588416970608,0.0,UNKNOWN,UNKNOWN,1.0,0.9670431648106471,-86.18484115830294,86.18484115830294,LOW_PSTART_STARTED
f2500cd6-3213-514b-bc50-11600f2a02df,24,18,tottenham-hotspur,f0bfb35e-c09e-553b-a545-fec85a6cd62d,Radu Dragusin,DEF,UNKNOWN,1,90.0,0.029239525946253356,3.956514177764257,0.0,UNKNOWN,UNKNOWN,1.0,0.9707604740537467,-86.04348582223574,86.04348582223574,LOW_PSTART_STARTED
de92aec0-17cd-521d-ae3d-f425ab7e09dd,34,15,newcastle-united,00be15e9-135e-5a79-956f-cd70f121b4b0,Nick Pope,GK,GK,1,90.0,0.043625005003200934,4.008554054117955,0.0,UNKNOWN,UNKNOWN,1.0,0.956374994996799,-85.99144594588205,85.99144594588205,LOW_PSTART_STARTED
e1b64232-1ee4-522c-b106-e651d9eba4ea,38,13,manchester-city,a71d684a-cc48-5dab-9f2a-addd0208884c,Rúben Gato Alves Dias,DEF,RCB,1,90.0,0.039199979360494595,4.038279599682927,0.0,UNKNOWN,UNKNOWN,1.0,0.9608000206395054,-85.96172040031708,85.96172040031708,LOW_PSTART_STARTED
a32f57c7-b17f-5880-9c2f-5b6dca9ce31f,36,4,afc-bournemouth,5e18290b-6577-5a0a-9541-c1bab3c65004,Adam Smith,DEF,RB,1,90.0,0.0527245759709851,4.182970264130386,0.0,UNKNOWN,UNKNOWN,1.0,0.9472754240290149,-85.81702973586961,85.81702973586961,LOW_PSTART_STARTED
4969d7af-c9d1-5c54-8620-d87f0b49cff8,36,12,liverpool,f2831f63-18d0-5405-9349-288d723614fe,Giorgi Mamardashvili,GK,GK,1,90.0,0.0721103499125518,4.4864358847590795,0.0,UNKNOWN,UNKNOWN,1.0,0.9278896500874482,-85.51356411524092,85.51356411524092,LOW_PSTART_STARTED
de9a09f3-6021-5322-bb75-a6a0dc72d91d,22,17,sunderland,cde7eda9-ac09-5cd3-abff-bd8116cd4a4e,Reinildo Mandava,DEF,LB,1,90.0,0.0508312573610501,4.639816921927228,0.0,UNKNOWN,UNKNOWN,1.0,0.9491687426389499,-85.36018307807277,85.36018307807277,LOW_PSTART_STARTED
10d060ee-1672-5636-98a1-8b9e8f3f850d,29,17,sunderland,17b0293a-a54d-554b-bdba-368217c87ad9,Robin Roefs,GK,GK,0,0.0,0.9428889742983396,85.25795929852214,1.0,GK,4-4-2,0.0,0.9428889742983396,85.25795929852214,85.25795929852214,HIGH_PSTART_DID_NOT_START
3d697222-511a-5186-8b43-b412dd31f564,28,16,nottingham-forest,5dfbea2f-beb3-54f9-ad39-1f8f81f8a323,Matz Sels,GK,GK,1,90.0,0.0812411746739689,4.81471038651181,0.0,UNKNOWN,UNKNOWN,1.0,0.9187588253260311,-85.1852896134882,85.1852896134882,LOW_PSTART_STARTED
457d30c3-d5ec-5fbc-9e3e-b071192ded0c,30,9,everton,be864262-5b78-5455-be5c-8eb1eb4b8ed9,James Tarkowski,DEF,RCB,0,0.0,0.9430965975501261,85.17897151575666,1.0,RCB,4-2-3-1,0.0,0.9430965975501261,85.17897151575666,85.17897151575666,HIGH_PSTART_DID_NOT_START
b301f28c-fc51-5c77-a542-a88c0f632cb3,38,4,afc-bournemouth,559670b7-3af4-5c20-8ab5-783da9a99601,Alex Scott,MID,RDM,0,0.0,0.9346386148357847,85.1336848712125,1.0,RDM,4-2-3-1,0.0,0.9346386148357847,85.1336848712125,85.1336848712125,HIGH_PSTART_DID_NOT_START
97b2d8d5-ad23-581e-a7ba-80ed12ecc351,23,9,everton,d0fb5815-b17b-56d0-869e-d0e8910ab751,Idrissa Gueye,MID,LDM,1,90.0,0.054457618705041594,4.963018689715353,0.0,UNKNOWN,UNKNOWN,1.0,0.9455423812949584,-85.03698131028465,85.03698131028465,LOW_PSTART_STARTED
82942d44-0127-5fda-9351-a16d844fb795,35,2,aston-villa,cb53d8d9-b190-5b1f-adab-60f5562d5d10,Victor Lindelöf,DEF,LCB,1,90.0,0.04605042286492523,4.979916783273971,0.0,UNKNOWN,UNKNOWN,1.0,0.9539495771350748,-85.02008321672602,85.02008321672602,LOW_PSTART_STARTED
0a9d6243-8e34-53a1-aac3-295adbb204df,29,1,arsenal,33f66c9a-ce45-5380-86e0-7903760138c9,William Saliba,DEF,RCB,0,0.0,0.942439217258134,84.98290024936584,1.0,RCB,4-3-3,0.0,0.942439217258134,84.98290024936584,84.98290024936584,HIGH_PSTART_DID_NOT_START
e1b64232-1ee4-522c-b106-e651d9eba4ea,38,13,manchester-city,a5ac6603-1c8f-569d-acdb-bba58bd047c8,Nico González,MID,CM,1,90.0,0.040982661157757096,5.158665750193868,0.0,UNKNOWN,UNKNOWN,1.0,0.9590173388422429,-84.84133424980614,84.84133424980614,LOW_PSTART_STARTED
bd6a2d47-5dc1-5837-8700-c916a4a9191c,33,20,wolverhampton-wanderers,970e8a65-ee1a-5d1a-94d7-82973dc0b1dc,Toti António Gomes,DEF,LCB,1,90.0,0.059197435484732934,5.371632617947393,0.0,UNKNOWN,UNKNOWN,1.0,0.9408025645152671,-84.6283673820526,84.6283673820526,LOW_PSTART_STARTED
622cfd32-fefc-538b-92e0-7c761e8052b4,30,15,newcastle-united,c7d912b7-acf9-59e7-a5a7-c7e64aed18da,Sandro Tonali,MID,CM,0,0.0,0.9222407328187933,84.53153264561496,1.0,CM,4-3-3,0.0,0.9222407328187933,84.53153264561496,84.53153264561496,HIGH_PSTART_DID_NOT_START
30cc90ed-8f7d-5817-97c3-29b9acd76a4c,24,20,wolverhampton-wanderers,94f8d943-9301-57ef-ac78-91de92b9eb41,Emmanuel Agbadou,DEF,CB,1,90.0,0.05707530805667133,5.499878447810545,0.0,UNKNOWN,UNKNOWN,1.0,0.9429246919433286,-84.50012155218946,84.50012155218946,LOW_PSTART_STARTED
7769decc-98b9-5b54-a4a3-fc4aa47199e9,35,1,arsenal,fa80a3f3-4a6b-5450-b9b2-8a68571a21a4,Riccardo Calafiori,DEF,LB,1,90.0,0.052094269055146414,5.521124458603675,0.0,UNKNOWN,UNKNOWN,1.0,0.9479057309448535,-84.47887554139632,84.47887554139632,LOW_PSTART_STARTED
0d6a442b-e1f2-53f3-a9a8-0b75c19465d8,38,8,crystal-palace,234b9ca0-1d3a-52c1-ae12-d422a588485e,Justin Devenny,MID,LWB,1,90.0,0.05436314162289542,5.546910583695747,0.0,UNKNOWN,UNKNOWN,1.0,0.9456368583771045,-84.45308941630425,84.45308941630425,LOW_PSTART_STARTED
94ee8d5f-04da-5a31-92b9-3e1fbea7f464,27,8,crystal-palace,0f20e713-a3d1-5036-b0b2-e9f32d1bc66f,Jaydee Canvot,DEF,RCB,1,90.0,0.05565933795050401,5.609092265638741,0.0,UNKNOWN,UNKNOWN,1.0,0.944340662049496,-84.39090773436126,84.39090773436126,LOW_PSTART_STARTED
73cbcb0c-704f-544b-98be-2945eb6c0891,24,9,everton,563b4da9-f592-5401-92eb-a55748a6e3e1,Vitalii Mykolenko,DEF,LB,0,0.0,0.936939221282151,84.34421729310733,1.0,LB,4-2-3-1,0.0,0.936939221282151,84.34421729310733,84.34421729310733,HIGH_PSTART_DID_NOT_START
4366c228-7c85-5d35-8048-663446bd1b28,25,16,nottingham-forest,8eec947b-c2ae-53d6-99f9-096b7744098a,Murillo Santiago Costa dos Santos,DEF,LCB,0,0.0,0.9363217761633287,84.29193115310927,1.0,LCB,4-2-3-1,0.0,0.9363217761633287,84.29193115310927,84.29193115310927,HIGH_PSTART_DID_NOT_START
bdf85bea-b20c-50f1-8dd7-c1351c7015e0,28,18,tottenham-hotspur,d4c29433-6018-52a2-83a9-429997023fab,Pedro Porro,DEF,RB,1,90.0,0.10865480631908722,5.732737041354268,0.0,UNKNOWN,UNKNOWN,1.0,0.8913451936809128,-84.26726295864573,84.26726295864573,LOW_PSTART_STARTED
7d478ee4-036e-5700-9dcd-a71ec1f2326a,27,5,brentford,68341849-eb35-5296-a270-848df8393917,Michael Kayode,DEF,RB,0,0.0,0.9321071179759085,84.19095289192327,1.0,RB,4-2-3-1,0.0,0.9321071179759085,84.19095289192327,84.19095289192327,HIGH_PSTART_DID_NOT_START
14980272-dff9-5025-a8ef-deeed283d4ce,33,14,manchester-united,82990c89-5786-50c7-898b-b6d67ce0f54a,Leny Yoro,DEF,RCB,0,0.0,0.9253177413411464,84.17543098104896,1.0,RCB,4-2-3-1,0.0,0.9253177413411464,84.17543098104896,84.17543098104896,HIGH_PSTART_DID_NOT_START
de9a09f3-6021-5322-bb75-a6a0dc72d91d,22,8,crystal-palace,607bc478-1de3-5627-b97c-8cc0c015b3e0,Marc Guéhi,DEF,LCB,0,0.0,0.9348976576691465,84.1544524856272,1.0,LCB,3-4-2-1,0.0,0.9348976576691465,84.1544524856272,84.1544524856272,HIGH_PSTART_DID_NOT_START
25988556-93c6-5dfd-b380-96f4dd98805b,36,5,brentford,3dabd7b1-0f28-5272-86ae-4c5392e1aa45,Sepp van den Berg,DEF,RCB,0,0.0,0.925874905860524,84.08393518001988,1.0,RCB,4-2-3-1,0.0,0.925874905860524,84.08393518001988,84.08393518001988,HIGH_PSTART_DID_NOT_START
17a9d946-6355-53b8-baf6-c49011bd1d69,30,8,crystal-palace,4e7d3349-c869-51f6-a9f2-e86405e21be5,Dean Henderson,GK,GK,0,0.0,0.9296647814570204,84.06885640147651,1.0,GK,3-4-2-1,0.0,0.9296647814570204,84.06885640147651,84.06885640147651,HIGH_PSTART_DID_NOT_START
9bd2ffae-fc89-5d81-90f1-964fb8e98ceb,38,19,west-ham-united,2d4c58d3-9f00-5834-a712-c8fbd35a2876,Kyle Walker-Peters,DEF,RB,1,90.0,0.08244614238660974,5.970300554568094,0.0,UNKNOWN,UNKNOWN,1.0,0.9175538576133903,-84.0296994454319,84.0296994454319,LOW_PSTART_STARTED
47e684ca-483b-5eca-8ec1-c94a86f9452a,28,5,brentford,3cfeb2a8-cad5-5980-9946-aecc5eb2b011,Caoimhin Kelleher,GK,GK,0,0.0,0.9291794781988855,83.9738040826033,1.0,GK,4-2-3-1,0.0,0.9291794781988855,83.9738040826033,83.9738040826033,HIGH_PSTART_DID_NOT_START
14980272-dff9-5025-a8ef-deeed283d4ce,33,14,manchester-united,3da0d46a-b47e-5811-9668-ebfa18ca336a,Ayden Heaven,DEF,CB,1,90.0,0.06277003323721901,6.071230914641525,0.0,UNKNOWN,UNKNOWN,1.0,0.937229966762781,-83.92876908535848,83.92876908535848,LOW_PSTART_STARTED
89e2194a-5d18-5d77-8037-92733cd9c97f,22,7,chelsea,3d33e637-0658-5cc2-964e-b281c5cdf9fc,Marc Cucurella Saseta,DEF,LB,1,90.0,0.23769694904331135,6.1106740392459535,1.0,LB,4-2-3-1,1.0,0.7623030509566886,-83.88932596075405,83.88932596075405,MINUTE_ERROR_45PLUS
9d7e2609-879a-5940-b916-fce719c34570,32,11,leeds-united,2151f057-0065-57a0-87e5-2a434738b8d1,Gabriel Gudmundsson,DEF,LWB,1,90.0,0.11042617420798419,6.290249858873679,0.0,UNKNOWN,UNKNOWN,1.0,0.8895738257920158,-83.70975014112632,83.70975014112632,LOW_PSTART_STARTED
006f69f1-9b0e-551d-bed7-448d3b640101,22,14,manchester-united,65910bcc-31a9-56bb-ba12-74e687cd31ec,Amad Diallo,MID,RWB,1,90.0,0.06804238513336772,6.32563323688762,0.0,UNKNOWN,UNKNOWN,1.0,0.9319576148666323,-83.67436676311237,83.67436676311237,LOW_PSTART_STARTED
97b2d8d5-ad23-581e-a7ba-80ed12ecc351,23,9,everton,dea12abc-e8dd-5839-b626-0cb7e72e9a26,Iliman Ndiaye,MID,RAM,1,90.0,0.06956321929708352,6.3335940518408895,0.0,UNKNOWN,UNKNOWN,1.0,0.9304367807029165,-83.66640594815911,83.66640594815911,LOW_PSTART_STARTED
4969d7af-c9d1-5c54-8620-d87f0b49cff8,36,7,chelsea,fbe43cca-fb14-5420-94d6-3e253d5e57f2,Trevoh Chalobah,DEF,LCB,0,0.0,0.9176467458549028,83.54782003460411,1.0,LCB,4-2-3-1,0.0,0.9176467458549028,83.54782003460411,83.54782003460411,HIGH_PSTART_DID_NOT_START
17a9d946-6355-53b8-baf6-c49011bd1d69,30,8,crystal-palace,4e797913-6f5e-54d0-807d-555d7ec82308,Jefferson Lerma Solís,MID,RCB,1,90.0,0.11380199507549275,6.47104644718973,0.0,UNKNOWN,UNKNOWN,1.0,0.8861980049245073,-83.52895355281026,83.52895355281026,LOW_PSTART_STARTED
5e1fcbbc-fc52-5596-a3cd-5663e323f785,33,10,fulham,f0504a37-2a31-5f04-8704-2c307c2384cd,Sander Berge,MID,LDM,0,0.0,0.909197995509626,83.51982599034507,1.0,LDM,4-2-3-1,0.0,0.909197995509626,83.51982599034507,83.51982599034507,HIGH_PSTART_DID_NOT_START
25abf903-06d4-5b30-9573-1ca6d4317c79,36,14,manchester-united,e037fafa-e08a-50a4-8014-a43e6c2d13a4,Carlos Henrique Casimiro,MID,RDM,0,0.0,0.9269235234618857,83.51397917417071,1.0,RDM,4-2-3-1,0.0,0.9269235234618857,83.51397917417071,83.51397917417071,HIGH_PSTART_DID_NOT_START
112601d1-209f-5611-b63b-01d0992c4ddd,26,11,leeds-united,63588bd5-68f8-567a-8175-c17ab42b05f3,Dominic Calvert-Lewin,FWD,ST,0,0.0,0.9148892749734289,83.46676938449467,1.0,ST,3-5-2,0.0,0.9148892749734289,83.46676938449467,83.46676938449467,HIGH_PSTART_DID_NOT_START
47e684ca-483b-5eca-8ec1-c94a86f9452a,28,5,brentford,2f4a5cd6-8238-5ff2-9cac-0239ae561506,Hákon Valdimarsson,GK,UNKNOWN,1,90.0,0.08364382847173549,6.608067007067647,0.0,UNKNOWN,UNKNOWN,1.0,0.9163561715282645,-83.39193299293235,83.39193299293235,LOW_PSTART_STARTED
800418ef-112a-5f8a-9aae-e47025aa529d,25,19,west-ham-united,112ec44a-8ec0-5a5a-828a-d330905abb6b,Alphonse Areola,GK,GK,0,0.0,0.9260050949854508,83.36257380201413,1.0,GK,4-4-2,0.0,0.9260050949854508,83.36257380201413,83.36257380201413,HIGH_PSTART_DID_NOT_START
cf2cfda2-d007-5839-984a-e3c0650fa9de,23,8,crystal-palace,9a90c10b-4796-5eda-a505-8db9bc21605d,Ismaïla Sarr,MID,RAM,1,90.0,0.07291031032344597,6.646204729600697,0.0,UNKNOWN,UNKNOWN,1.0,0.927089689676554,-83.3537952703993,83.3537952703993,LOW_PSTART_STARTED
0d6a442b-e1f2-53f3-a9a8-0b75c19465d8,38,1,arsenal,9ac55e79-9cb2-5ac5-ae8c-6a2ebd620277,David Raya Martin,GK,GK,0,0.0,0.9206563709925099,83.31590504877809,1.0,GK,4-4-2,0.0,0.9206563709925099,83.31590504877809,83.31590504877809,HIGH_PSTART_DID_NOT_START
dfe891e4-ce71-5e78-94ea-cee9d70885e6,36,3,burnley,148b32f1-d60d-5cdd-9ffe-a5938fcb8671,Martin Dubravka,GK,GK,0,0.0,0.9199280001233855,83.2914641283373,1.0,GK,3-4-3,0.0,0.9199280001233855,83.2914641283373,83.2914641283373,HIGH_PSTART_DID_NOT_START
31ef1d95-b095-52ae-918e-26ed91e99a77,29,7,chelsea,412fc00b-6fb5-5606-bb30-04e075a83220,Robert Sánchez,GK,GK,0,0.0,0.9249622387901989,83.2909152725305,1.0,GK,4-2-3-1,0.0,0.9249622387901989,83.2909152725305,83.2909152725305,HIGH_PSTART_DID_NOT_START
e1b64232-1ee4-522c-b106-e651d9eba4ea,38,13,manchester-city,607bc478-1de3-5627-b97c-8cc0c015b3e0,Marc Guéhi,DEF,LCB,0,0.0,0.9220491908044779,83.03015036895226,1.0,LCB,4-2-3-1,0.0,0.9220491908044779,83.03015036895226,83.03015036895226,HIGH_PSTART_DID_NOT_START
79323fcf-ead5-5ef9-b1be-d211787d4251,29,15,newcastle-united,ef597ccf-9296-5f73-a908-245e5d67b0ef,Aaron Ramsdale,GK,GK,1,90.0,0.07540450473874763,6.989260187096233,0.0,UNKNOWN,UNKNOWN,1.0,0.9245954952612524,-83.01073981290376,83.01073981290376,LOW_PSTART_STARTED
52ecb34c-b2fd-592c-b014-dc770fdef03b,29,10,fulham,b0f2d5cb-b80d-5e8a-9e43-b15a89d555ca,Antonee Robinson,DEF,LB,1,90.0,0.09983147202781685,6.991081167717159,0.0,UNKNOWN,UNKNOWN,1.0,0.9001685279721832,-83.00891883228284,83.00891883228284,LOW_PSTART_STARTED
95efeb72-d689-58fb-a022-ffad47516d80,35,16,nottingham-forest,dfe46c71-1b4e-5387-a3a0-4accc6dc5b39,Olu Aina,DEF,RB,0,0.0,0.921680818666405,82.95758182595978,1.0,RB,4-2-3-1,0.0,0.921680818666405,82.95758182595978,82.95758182595978,HIGH_PSTART_DID_NOT_START
112601d1-209f-5611-b63b-01d0992c4ddd,26,11,leeds-united,5a70a2e2-7a8a-554e-9ac0-d3c00ac6383f,Pascal Struijk,DEF,LCB,0,0.0,0.9141999757318947,82.8917283822513,1.0,LCB,3-5-2,0.0,0.9141999757318947,82.8917283822513,82.8917283822513,HIGH_PSTART_DID_NOT_START
16495e99-1e75-5b2f-a337-1dfde9ddfe08,33,7,chelsea,481b07c4-b805-52cf-a0ee-593af134790d,Cole Palmer,MID,CAM,0,0.0,0.9143601275730224,82.87638745687465,1.0,CAM,4-2-3-1,0.0,0.9143601275730224,82.87638745687465,82.87638745687465,HIGH_PSTART_DID_NOT_START
7769decc-98b9-5b54-a4a3-fc4aa47199e9,35,1,arsenal,985b9a31-a1a8-56e4-8ff5-61888deeb760,Piero Hincapié,DEF,LB,0,0.0,0.9136666516150965,82.84631951600201,1.0,LB,4-3-3,0.0,0.9136666516150965,82.84631951600201,82.84631951600201,HIGH_PSTART_DID_NOT_START
112601d1-209f-5611-b63b-01d0992c4ddd,26,11,leeds-united,43ae6b5e-3989-58fb-8540-6a539dd06218,Jaka Bijol,DEF,CB,1,90.0,0.0739299351760783,7.325269588848416,0.0,UNKNOWN,UNKNOWN,1.0,0.9260700648239217,-82.67473041115159,82.67473041115159,LOW_PSTART_STARTED
f2500cd6-3213-514b-bc50-11600f2a02df,24,18,tottenham-hotspur,c13afcac-5201-5504-affd-a886825266d4,Micky van de Ven,DEF,LCB,0,0.0,0.9180522740121754,82.63937621911988,1.0,LCB,4-2-3-1,0.0,0.9180522740121754,82.63937621911988,82.63937621911988,HIGH_PSTART_DID_NOT_START
0d6a442b-e1f2-53f3-a9a8-0b75c19465d8,38,1,arsenal,33f66c9a-ce45-5380-86e0-7903760138c9,William Saliba,DEF,RCB,0,0.0,0.9173134000233063,82.62404428746088,1.0,RCB,4-4-2,0.0,0.9173134000233063,82.62404428746088,82.62404428746088,HIGH_PSTART_DID_NOT_START
7729aaf4-dd5e-5f38-a0a4-430fccf34c7c,30,17,sunderland,40b6a84e-8e7e-529b-8b4e-a2979b1bc8e4,Enzo Le Fée,MID,CAM,0,0.0,0.9080099832779625,82.58702188100055,1.0,LAM,4-2-3-1,0.0,0.9080099832779625,82.58702188100055,82.58702188100055,HIGH_PSTART_DID_NOT_START
82942d44-0127-5fda-9351-a16d844fb795,35,2,aston-villa,3ec8e07c-7a46-5230-8927-d222d0ffa7dd,Ezri Konsa Ngoyo,DEF,RCB,0,0.0,0.917179208811883,82.5843988049568,1.0,RCB,4-2-3-1,0.0,0.917179208811883,82.5843988049568,82.5843988049568,HIGH_PSTART_DID_NOT_START
a32f57c7-b17f-5880-9c2f-5b6dca9ce31f,36,4,afc-bournemouth,102764c4-bb3d-515e-a161-665b3bc0daf5,Álex Jiménez Sánchez,DEF,RB,0,0.0,0.8881082819332521,82.56086772532977,1.0,RB,4-2-3-1,0.0,0.8881082819332521,82.56086772532977,82.56086772532977,HIGH_PSTART_DID_NOT_START
c7bf9b15-363a-5871-9b7f-a786725d7ed3,25,6,brighton-hove-albion,de6b06be-d7b4-506e-9177-df5cf336214a,Yasin Ayari,MID,RDM,0,0.0,0.910866111520242,82.46287047357366,1.0,LDM,4-2-3-1,0.0,0.910866111520242,82.46287047357366,82.46287047357366,HIGH_PSTART_DID_NOT_START
9ee83c24-99b9-5f01-a681-62d4f49c858d,34,14,manchester-united,85474434-c2d2-5904-bdbc-d8e7b1e46db0,Harry Maguire,DEF,LCB,1,90.0,0.09516661348481749,7.537438296060323,0.0,UNKNOWN,UNKNOWN,1.0,0.9048333865151825,-82.46256170393968,82.46256170393968,LOW_PSTART_STARTED
c7bf9b15-363a-5871-9b7f-a786725d7ed3,25,6,brighton-hove-albion,5bb0cf13-0fc0-5a3b-a79f-a3be5c5eb24e,Jan Paul van Hecke,DEF,RCB,0,0.0,0.9159054592494973,82.46118378092807,1.0,RCB,4-2-3-1,0.0,0.9159054592494973,82.46118378092807,82.46118378092807,HIGH_PSTART_DID_NOT_START
4e015d43-2cac-545a-a1a7-9b7b76e0b778,22,15,newcastle-united,f60b2907-3c2e-5574-80f2-70b4f5078182,Kieran Trippier,DEF,RB,1,90.0,0.07946704175536808,7.5614342560711885,0.0,UNKNOWN,UNKNOWN,1.0,0.9205329582446319,-82.4385657439288,82.4385657439288,LOW_PSTART_STARTED
6087d963-451a-5a7b-b016-d3853de520ea,22,11,leeds-united,43ae6b5e-3989-58fb-8540-6a539dd06218,Jaka Bijol,DEF,CB,0,0.0,0.9052398913646484,82.41114768868282,1.0,CB,3-5-2,0.0,0.9052398913646484,82.41114768868282,82.41114768868282,HIGH_PSTART_DID_NOT_START
08ddad76-4191-5baa-9d72-080d772df8a4,37,2,aston-villa,d66fa01c-cc13-5ddf-bec4-31c90df4cade,Pau Torres,DEF,LCB,1,90.0,0.0811813184485488,7.596098121635455,0.0,UNKNOWN,UNKNOWN,1.0,0.9188186815514512,-82.40390187836455,82.40390187836455,LOW_PSTART_STARTED
25abf903-06d4-5b30-9573-1ca6d4317c79,36,14,manchester-united,8d2526be-436d-5cc9-ac87-685d6e1cc27c,Diogo Dalot Teixeira,DEF,RB,0,0.0,0.8894111749164102,82.39637654362134,1.0,RB,4-2-3-1,0.0,0.8894111749164102,82.39637654362134,82.39637654362134,HIGH_PSTART_DID_NOT_START
ba89faf8-3800-548a-951b-e5d7ed60ed05,37,7,chelsea,972fc541-f01f-51fc-b746-5238f72285d7,Malo Gusto,DEF,RB,0,0.0,0.9055295284644286,82.35717416129121,1.0,RB,4-2-3-1,0.0,0.9055295284644286,82.35717416129121,82.35717416129121,HIGH_PSTART_DID_NOT_START
94ee8d5f-04da-5a31-92b9-3e1fbea7f464,27,8,crystal-palace,246d5877-ce20-5c48-bdc0-bdb7ede514b7,Maxence Lacroix,DEF,CB,0,0.0,0.9094104031919887,82.32026819352681,1.0,CB,3-4-2-1,0.0,0.9094104031919887,82.32026819352681,82.32026819352681,HIGH_PSTART_DID_NOT_START
30cc90ed-8f7d-5817-97c3-29b9acd76a4c,24,20,wolverhampton-wanderers,aa986b3e-e0d4-5c58-b3da-46a8810d3ca9,Ladislav Krejcí,DEF,LCB,0,0.0,0.9169110754616715,82.29419056383685,1.0,LCB,3-5-2,0.0,0.9169110754616715,82.29419056383685,82.29419056383685,HIGH_PSTART_DID_NOT_START
02c1a42f-1cb3-5453-a3e8-cca6c129d901,33,2,aston-villa,0af685cb-5dfb-5870-a8e7-c5f8568a71ad,Tyrone Mings,DEF,LCB,1,90.0,0.07640434288270011,7.80203398672584,0.0,UNKNOWN,UNKNOWN,1.0,0.9235956571172999,-82.19796601327415,82.19796601327415,LOW_PSTART_STARTED
e1b64232-1ee4-522c-b106-e651d9eba4ea,38,13,manchester-city,67859d1e-575f-5ae4-aa8d-8f36bd11696e,Gianluigi Donnarumma,GK,GK,0,0.0,0.906094032502613,82.14295823514877,1.0,GK,4-2-3-1,0.0,0.906094032502613,82.14295823514877,82.14295823514877,HIGH_PSTART_DID_NOT_START
9403bea8-f4be-5480-8cc6-7a1e94097a3f,23,18,tottenham-hotspur,3a736c36-502e-5f12-a3a0-3a915cdfdf76,Randal Kolo Muani,FWD,ST,0,0.0,0.883996696310838,82.07006430543119,1.0,ST,4-2-3-1,0.0,0.883996696310838,82.07006430543119,82.07006430543119,HIGH_PSTART_DID_NOT_START
0a9d6243-8e34-53a1-aac3-295adbb204df,29,6,brighton-hove-albion,a93b852e-6cc5-59da-a7e7-213f7dec5f1b,Lewis Dunk,DEF,LCB,0,0.0,0.8972938925099171,82.04679544943649,1.0,LCB,4-2-3-1,0.0,0.8972938925099171,82.04679544943649,82.04679544943649,HIGH_PSTART_DID_NOT_START
e1b64232-1ee4-522c-b106-e651d9eba4ea,38,2,aston-villa,91321184-4f36-5c7d-80ee-090e5416c822,Marco Bizot,GK,GK,1,90.0,0.0841688887002851,8.028169367504795,0.0,UNKNOWN,UNKNOWN,1.0,0.9158311112997148,-81.9718306324952,81.9718306324952,LOW_PSTART_STARTED
4969d7af-c9d1-5c54-8620-d87f0b49cff8,36,12,liverpool,e1be452d-eabb-5030-8f89-d3b48d85fedb,Florian Wirtz,MID,CAM,0,0.0,0.9099557834018219,81.89274635138642,1.0,CAM,4-2-3-1,0.0,0.9099557834018219,81.89274635138642,81.89274635138642,HIGH_PSTART_DID_NOT_START
3ee1da64-d7ba-53cf-918f-e24fe92a6eb6,22,16,nottingham-forest,fc1d6631-4455-5cd1-be3d-3748e604ca74,Ibrahim Sangaré,MID,RDM,1,90.0,0.09361400332182178,8.143795766992575,0.0,UNKNOWN,UNKNOWN,1.0,0.9063859966781782,-81.85620423300742,81.85620423300742,LOW_PSTART_STARTED
52ecb34c-b2fd-592c-b014-dc770fdef03b,29,19,west-ham-united,46d563a5-35c2-5766-ad22-b778921da81d,Jean-Clair Todibo,DEF,LCB,1,90.0,0.09049267031216107,8.210004293882944,0.0,UNKNOWN,UNKNOWN,1.0,0.9095073296878389,-81.78999570611705,81.78999570611705,LOW_PSTART_STARTED
3a30f4e1-3142-58d9-9e6c-52cb2fb9f8b8,27,12,liverpool,e1be452d-eabb-5030-8f89-d3b48d85fedb,Florian Wirtz,MID,CAM,0,0.0,0.9033586590048641,81.7640178233325,1.0,CAM,4-2-3-1,0.0,0.9033586590048641,81.7640178233325,81.7640178233325,HIGH_PSTART_DID_NOT_START
b28efaf8-9f88-581f-b35a-177aca0f37a6,32,1,arsenal,8bac1cb7-1c33-563a-9137-8a394efb10f5,Myles Lewis-Skelly,DEF,LB,1,90.0,0.09687662772982977,8.257550513526272,0.0,UNKNOWN,UNKNOWN,1.0,0.9031233722701703,-81.74244948647373,81.74244948647373,LOW_PSTART_STARTED
1c02d8a1-3fe4-50a6-a833-13460c80973f,34,20,wolverhampton-wanderers,1af989ce-689b-54c9-b0af-f7cc033bb301,Matt Doherty,DEF,RCB,1,84.0,0.038467659939823776,2.2956313829700825,0.0,UNKNOWN,UNKNOWN,1.0,0.9615323400601762,-81.70436861702991,81.70436861702991,LOW_PSTART_STARTED
ba89faf8-3800-548a-951b-e5d7ed60ed05,37,7,chelsea,4448091c-aeb7-5ab3-a537-b2b547480e63,João Pedro Junqueira de Jesus,FWD,ST,0,0.0,0.902550831588109,81.68992366263714,1.0,ST,4-2-3-1,0.0,0.902550831588109,81.68992366263714,81.68992366263714,HIGH_PSTART_DID_NOT_START
0d6a442b-e1f2-53f3-a9a8-0b75c19465d8,38,8,crystal-palace,09b6a6ee-2109-55b8-8083-5b532f8d0c96,Nathaniel Clyne,DEF,RWB,1,90.0,0.0863134726914881,8.33856878509747,0.0,UNKNOWN,UNKNOWN,1.0,0.9136865273085119,-81.66143121490254,81.66143121490254,LOW_PSTART_STARTED
fe5e3103-d0cf-58a8-83c4-58f211edd29a,23,17,sunderland,66bc60f5-fa76-5fa0-a7ca-b9f126393376,Granit Xhaka,MID,RDM,0,0.0,0.9005657151173204,81.55671795771029,1.0,RDM,4-2-3-1,0.0,0.9005657151173204,81.55671795771029,81.55671795771029,HIGH_PSTART_DID_NOT_START
006f69f1-9b0e-551d-bed7-448d3b640101,22,14,manchester-united,85474434-c2d2-5904-bdbc-d8e7b1e46db0,Harry Maguire,DEF,CB,1,90.0,0.11261881706520231,8.454286687532482,0.0,UNKNOWN,UNKNOWN,1.0,0.8873811829347977,-81.54571331246751,81.54571331246751,LOW_PSTART_STARTED
95efeb72-d689-58fb-a022-ffad47516d80,35,16,nottingham-forest,4c28754a-2719-5e29-8ce7-41731afbf204,Taiwo Awoniyi,FWD,ST,1,90.0,0.11223668698827789,8.508880722538331,0.0,UNKNOWN,UNKNOWN,1.0,0.8877633130117221,-81.49111927746166,81.49111927746166,LOW_PSTART_STARTED
4fe9f44c-bfba-5934-849a-d84876aa86e8,32,8,crystal-palace,12886371-5fae-5789-af23-d20764ecfe3e,Daniel Muñoz,DEF,RWB,1,90.0,0.3773645365083932,8.541536656708328,1.0,RWB,3-4-2-1,1.0,0.6226354634916068,-81.45846334329167,81.45846334329167,MINUTE_ERROR_45PLUS
0a9d6243-8e34-53a1-aac3-295adbb204df,29,6,brighton-hove-albion,e951e717-39ca-59bd-bf7f-6e59ece9fd54,Georginio Rutter,MID,CAM,1,90.0,0.09822815551959446,8.64026834209987,0.0,UNKNOWN,UNKNOWN,1.0,0.9017718444804055,-81.35973165790013,81.35973165790013,LOW_PSTART_STARTED
800418ef-112a-5f8a-9aae-e47025aa529d,25,3,burnley,9d1de056-bbbd-54d4-a192-06c57ccb0fd6,Hannibal Mejbri,MID,CAM,1,90.0,0.07223545947928678,8.672912473102004,0.0,UNKNOWN,UNKNOWN,1.0,0.9277645405207132,-81.327087526898,81.327087526898,LOW_PSTART_STARTED
dec351fa-176e-54ff-a391-5e41f9eeee09,37,20,wolverhampton-wanderers,aa986b3e-e0d4-5c58-b3da-46a8810d3ca9,Ladislav Krejcí,DEF,LCB,1,90.0,0.10353860825462007,8.685815809557441,0.0,UNKNOWN,UNKNOWN,1.0,0.89646139174538,-81.31418419044256,81.31418419044256,LOW_PSTART_STARTED
b4ec0cde-d0bf-5e52-a05a-625335240554,37,15,newcastle-united,133b6e37-92c1-5dc9-a4dd-a5f957768626,Joelinton Cássio Apolinário de Lira,MID,LCM,0,0.0,0.8933949236537018,81.21915705082917,1.0,LCM,4-3-3,0.0,0.8933949236537018,81.21915705082917,81.21915705082917,HIGH_PSTART_DID_NOT_START
8dde84af-e5b8-502a-977d-f16249e0c5a0,26,1,arsenal,33f66c9a-ce45-5380-86e0-7903760138c9,William Saliba,DEF,RCB,0,0.0,0.8982841559575936,81.2022397767496,1.0,RCB,4-3-3,0.0,0.8982841559575936,81.2022397767496,81.2022397767496,HIGH_PSTART_DID_NOT_START
52ecb34c-b2fd-592c-b014-dc770fdef03b,29,19,west-ham-united,a4b84834-eb21-54ba-be68-660ea3815e93,Konstantinos Mavropanos,DEF,RCB,0,1.0,0.8946027685235202,82.16266705616314,1.0,RCB,4-4-2,0.0,0.8946027685235202,81.16266705616314,81.16266705616314,HIGH_PSTART_DID_NOT_START
6f555168-6fa4-5bdb-ad1e-d646c8e0f78a,24,2,aston-villa,a46d13d4-ea9c-563c-80b3-0e4a2e2883b8,Ollie Watkins,FWD,ST,0,0.0,0.8582987925822478,81.094535387587,1.0,ST,4-2-3-1,0.0,0.8582987925822478,81.094535387587,81.094535387587,HIGH_PSTART_DID_NOT_START
1e6f4756-7e43-5162-a518-806522137b05,29,3,burnley,d32e1d40-cd0b-5139-ba7c-c76463a583d8,Zian Flemming,FWD,ST,0,0.0,0.8861871126339141,81.08925292550794,1.0,ST,3-4-2-1,0.0,0.8861871126339141,81.08925292550794,81.08925292550794,HIGH_PSTART_DID_NOT_START
ecd48097-3a63-58b6-a353-65332e720c42,32,18,tottenham-hotspur,3c77aa9b-7767-5636-9780-0d94d829b326,Guglielmo Vicario,GK,GK,0,0.0,0.8928518744885542,81.07029315286432,1.0,GK,4-4-2,0.0,0.8928518744885542,81.07029315286432,81.07029315286432,HIGH_PSTART_DID_NOT_START
0d6a442b-e1f2-53f3-a9a8-0b75c19465d8,38,8,crystal-palace,0f20e713-a3d1-5036-b0b2-e9f32d1bc66f,Jaydee Canvot,DEF,LCB,0,0.0,0.8913262426009864,81.0128721782121,1.0,LCB,3-4-2-1,0.0,0.8913262426009864,81.0128721782121,81.0128721782121,HIGH_PSTART_DID_NOT_START
1ce47acb-bab6-57a0-b8fc-b4936d9f71f7,31,2,aston-villa,d66fa01c-cc13-5ddf-bec4-31c90df4cade,Pau Torres,DEF,LCB,1,90.0,0.09653725728565646,9.073248836726625,0.0,UNKNOWN,UNKNOWN,1.0,0.9034627427143436,-80.92675116327338,80.92675116327338,LOW_PSTART_STARTED
579fdcbf-5156-533a-8f5f-a9226e3d60d1,26,2,aston-villa,2dc07ee0-9e62-54c5-a6ce-b50249434b2d,Matty Cash,DEF,RB,0,0.0,0.89822125792165,80.88582301297144,1.0,RB,4-2-3-1,0.0,0.89822125792165,80.88582301297144,80.88582301297144,HIGH_PSTART_DID_NOT_START
ec96ab00-9497-5a3e-b3ca-317abf912d08,26,3,burnley,93153394-38ee-5f40-9adb-90f4f3307e4e,Lucas Pires Silva,DEF,LWB,0,0.0,0.8929509936077412,80.87494701791248,1.0,LWB,3-4-2-1,0.0,0.8929509936077412,80.87494701791248,80.87494701791248,HIGH_PSTART_DID_NOT_START
800418ef-112a-5f8a-9aae-e47025aa529d,25,19,west-ham-united,46d563a5-35c2-5766-ad22-b778921da81d,Jean-Clair Todibo,DEF,LCB,0,0.0,0.8968040066886093,80.75539071258851,1.0,LCB,4-4-2,0.0,0.8968040066886093,80.75539071258851,80.75539071258851,HIGH_PSTART_DID_NOT_START
0d6a442b-e1f2-53f3-a9a8-0b75c19465d8,38,1,arsenal,a8d1cfeb-4f1e-53fc-a90a-4610ccf746c6,Declan Rice,MID,LCM,0,0.0,0.8967708526289423,80.72378008723324,1.0,LCM,4-4-2,0.0,0.8967708526289423,80.72378008723324,80.72378008723324,HIGH_PSTART_DID_NOT_START
8b19f294-8fed-5a60-8498-f5c9c1b8d138,24,15,newcastle-united,7d97f99a-8163-5c05-a74a-5dd9794bd812,Dan Burn,DEF,LCB,1,90.0,0.21436218293295478,9.54946727171602,0.0,UNKNOWN,UNKNOWN,1.0,0.7856378170670453,-80.45053272828397,80.45053272828397,MAP_XI_FALSE_NEGATIVE
5766fb4a-8b72-52a7-9737-b231937d4d3c,30,18,tottenham-hotspur,8e00491e-df3c-59d8-8196-500825daf087,João Palhinha Gonçalves,MID,RDM,0,0.0,0.8632713461766693,80.44026932490286,1.0,RDM,4-2-3-1,0.0,0.8632713461766693,80.44026932490286,80.44026932490286,HIGH_PSTART_DID_NOT_START
8b19f294-8fed-5a60-8498-f5c9c1b8d138,24,15,newcastle-united,fe525ab5-78d1-5766-a583-9b76113d2d57,Sven Botman,DEF,LCB,0,0.0,0.8665871809203086,80.28473144979914,1.0,LCB,4-3-3,0.0,0.8665871809203086,80.28473144979914,80.28473144979914,HIGH_PSTART_DID_NOT_START
98cff3cf-1de8-5696-a0e6-f4967eacc3c6,34,2,aston-villa,492c6463-bf4e-50f7-a6c1-23e8693ceea0,Amadou Onana,MID,RDM,0,0.0,0.8853251642411738,80.24955295522174,1.0,RDM,4-2-3-1,0.0,0.8853251642411738,80.24955295522174,80.24955295522174,HIGH_PSTART_DID_NOT_START
94338b30-8c36-517f-8821-7e38666f86c7,27,9,everton,563b4da9-f592-5401-92eb-a55748a6e3e1,Vitalii Mykolenko,DEF,LB,0,0.0,0.897117760017427,80.2206024445866,1.0,LB,4-2-3-1,0.0,0.897117760017427,80.2206024445866,80.2206024445866,HIGH_PSTART_DID_NOT_START
7c80f6d1-598d-5dcc-b7e4-44865b2ed593,23,10,fulham,bf6c1651-0779-512e-9c37-3b8ac8c14714,Alex Iwobi,MID,LAM,1,87.0,0.08691174373484797,6.9715855708952335,0.0,UNKNOWN,UNKNOWN,1.0,0.913088256265152,-80.02841442910477,80.02841442910477,LOW_PSTART_STARTED
e1b64232-1ee4-522c-b106-e651d9eba4ea,38,13,manchester-city,a6c3f89e-b9b1-5e12-9487-4f18ad700191,Matheus Luiz Nunes,DEF,RB,0,0.0,0.9218802903711468,79.9752218382241,1.0,RB,4-2-3-1,0.0,0.9218802903711468,79.9752218382241,79.9752218382241,HIGH_PSTART_DID_NOT_START
b18a9593-998b-5025-9442-b11f2c52f46c,33,16,nottingham-forest,18a6f100-002a-5b0b-8366-87056d767a12,Callum Hudson-Odoi,MID,LAM,0,0.0,0.8902470409892831,79.9467583270436,1.0,LAM,4-2-3-1,0.0,0.8902470409892831,79.9467583270436,79.9467583270436,HIGH_PSTART_DID_NOT_START
7771779b-354a-5626-9f0f-129de4d443ba,24,1,arsenal,4c3f279c-cb21-57c6-9d58-3decef97625e,Bukayo Saka,MID,RW,0,0.0,0.8451696656531827,79.89767267440044,1.0,RW,4-3-3,0.0,0.8451696656531827,79.89767267440044,79.89767267440044,HIGH_PSTART_DID_NOT_START
1b47cbbf-a45e-55fb-ad9b-c13fd7e12a53,35,20,wolverhampton-wanderers,2fa40b7b-3ae8-5f1c-9520-aa9d58b7aee5,Daniel Bentley,GK,GK,1,90.0,0.10958634535241332,10.140554885276053,0.0,UNKNOWN,UNKNOWN,1.0,0.8904136546475867,-79.85944511472394,79.85944511472394,LOW_PSTART_STARTED
6a84969a-7d59-589c-94a0-d71eb1a266ff,26,20,wolverhampton-wanderers,e2213bab-7401-5edc-9994-4eb0772f48ef,João Victor Gomes da Silva,MID,RCM,0,0.0,0.8708183208302203,79.84896557060071,1.0,RCM,3-5-2,0.0,0.8708183208302203,79.84896557060071,79.84896557060071,HIGH_PSTART_DID_NOT_START
798085e6-30c4-5023-9459-9ecd515df77f,26,9,everton,b429ad96-edac-5640-8304-cd7a0cf6d7fa,Michael Keane,DEF,LCB,0,1.0,0.8972477109505095,80.83503520709925,1.0,LCB,4-2-3-1,0.0,0.8972477109505095,79.83503520709925,79.83503520709925,HIGH_PSTART_DID_NOT_START
e1b64232-1ee4-522c-b106-e651d9eba4ea,38,13,manchester-city,255ce56a-28f3-53e5-ae63-19f3c15aa12d,Erling Haaland,FWD,ST,0,0.0,0.8841535125419641,79.82195576115629,1.0,ST,4-2-3-1,0.0,0.8841535125419641,79.82195576115629,79.82195576115629,HIGH_PSTART_DID_NOT_START
bdf85bea-b20c-50f1-8dd7-c1351c7015e0,28,18,tottenham-hotspur,2eec990a-7277-5fb6-b8c8-10423fefbb47,Djed Spence,DEF,LB,0,0.0,0.8508746854392011,79.56164335293356,1.0,LWB,3-5-2,0.0,0.8508746854392011,79.56164335293356,79.56164335293356,HIGH_PSTART_DID_NOT_START
092fe1c5-46c7-5bc7-a34b-822cf838d6ab,36,13,manchester-city,255ce56a-28f3-53e5-ae63-19f3c15aa12d,Erling Haaland,FWD,ST,0,0.0,0.8762015083102626,79.55496645764198,1.0,ST,4-2-3-1,0.0,0.8762015083102626,79.55496645764198,79.55496645764198,HIGH_PSTART_DID_NOT_START
94338b30-8c36-517f-8821-7e38666f86c7,27,14,manchester-united,cd221270-eb70-5941-b084-b02fff2a8b2e,Lisandro Martínez,DEF,LCB,0,0.0,0.8573918510494403,79.53941064277494,1.0,LCB,4-2-3-1,0.0,0.8573918510494403,79.53941064277494,79.53941064277494,HIGH_PSTART_DID_NOT_START
df7ba6cc-31bb-5cbf-8a2f-b79c5249f90f,26,12,liverpool,4b503a23-131b-5e74-983e-6d9f3f06f2dd,Milos Kerkez,DEF,LB,0,0.0,0.8630763666623081,79.51884653336496,1.0,LB,4-2-3-1,0.0,0.8630763666623081,79.51884653336496,79.51884653336496,HIGH_PSTART_DID_NOT_START
e1b64232-1ee4-522c-b106-e651d9eba4ea,38,13,manchester-city,74dac327-64c8-5269-84db-4a4550f5f921,Abdukodir Khusanov,DEF,RCB,0,0.0,0.8750687365716282,79.44762166736247,1.0,RCB,4-2-3-1,0.0,0.8750687365716282,79.44762166736247,79.44762166736247,HIGH_PSTART_DID_NOT_START
53a5b9eb-ba57-5a74-9126-31f1c9776a9b,38,5,brentford,9a8ecf00-4990-5980-88ac-7e6f3426cc04,Yegor Yarmoliuk,MID,RDM,0,0.0,0.8862766486793646,79.4389728136551,1.0,RDM,4-2-3-1,0.0,0.8862766486793646,79.4389728136551,79.4389728136551,HIGH_PSTART_DID_NOT_START
35e69758-b8a6-5f8b-9c26-dc2813d81978,34,8,crystal-palace,4e797913-6f5e-54d0-807d-555d7ec82308,Jefferson Lerma Solís,MID,LCM,0,0.0,0.8719348480833875,79.43413012758346,1.0,LCM,3-4-2-1,0.0,0.8719348480833875,79.43413012758346,79.43413012758346,HIGH_PSTART_DID_NOT_START
ca09b971-bf08-55a8-9cf4-b93f3c0604e1,36,11,leeds-united,474896af-e9ef-5bb3-b82b-79c2fb8c891e,Jayden Bogle,DEF,RWB,0,0.0,0.9059893781437229,79.40892369714716,1.0,RWB,3-5-2,0.0,0.9059893781437229,79.40892369714716,79.40892369714716,HIGH_PSTART_DID_NOT_START
8b19f294-8fed-5a60-8498-f5c9c1b8d138,24,15,newcastle-united,36a8b089-9a84-5fa6-ae4a-59a2994b9494,Lewis Miley,MID,RB,0,0.0,0.847883663202613,79.3892529308358,0.0,UNKNOWN,UNKNOWN,0.0,0.847883663202613,79.3892529308358,79.3892529308358,HIGH_PSTART_DID_NOT_START
081f5491-2f1e-5422-bb74-cd9ec55d87c9,26,10,fulham,89e2dbba-92fb-5ebc-867f-5c1a954b2881,Jorge Cuenca Barreno,DEF,LCB,0,0.0,0.8831686895420541,79.26757688619189,1.0,LCB,4-2-3-1,0.0,0.8831686895420541,79.26757688619189,79.26757688619189,HIGH_PSTART_DID_NOT_START
94fcf566-2f2f-5764-a094-bd41afb36a13,28,9,everton,b429ad96-edac-5640-8304-cd7a0cf6d7fa,Michael Keane,DEF,LCB,0,1.0,0.8791612891598412,80.21245767209444,1.0,LCB,4-2-3-1,0.0,0.8791612891598412,79.21245767209444,79.21245767209444,HIGH_PSTART_DID_NOT_START
1ce47acb-bab6-57a0-b8fc-b4936d9f71f7,31,2,aston-villa,2dc07ee0-9e62-54c5-a6ce-b50249434b2d,Matty Cash,DEF,RB,1,90.0,0.2138157910363425,10.872671375263378,1.0,RB,4-2-3-1,1.0,0.7861842089636575,-79.12732862473662,79.12732862473662,MINUTE_ERROR_45PLUS
dec351fa-176e-54ff-a391-5e41f9eeee09,37,20,wolverhampton-wanderers,970e8a65-ee1a-5d1a-94d7-82973dc0b1dc,Toti António Gomes,DEF,LCB,0,0.0,0.8786956072394395,79.12029805911267,1.0,LCB,3-4-2-1,0.0,0.8786956072394395,79.12029805911267,79.12029805911267,HIGH_PSTART_DID_NOT_START
0d6a442b-e1f2-53f3-a9a8-0b75c19465d8,38,1,arsenal,4a30d43b-d2c4-514a-8544-4ba07f51e68a,Gabriel Martinelli Silva,MID,LAM,1,90.0,0.1313095574116233,10.982776379445667,0.0,UNKNOWN,UNKNOWN,1.0,0.8686904425883767,-79.01722362055433,79.01722362055433,LOW_PSTART_STARTED
3ee1da64-d7ba-53cf-918f-e24fe92a6eb6,22,1,arsenal,b6572497-1067-596a-a218-6e465214dcc8,Benjamin White,DEF,RB,1,90.0,0.21352055571420753,10.992974269670482,0.0,UNKNOWN,UNKNOWN,1.0,0.7864794442857925,-79.00702573032952,79.00702573032952,MAP_XI_FALSE_NEGATIVE
4969d7af-c9d1-5c54-8620-d87f0b49cff8,36,7,chelsea,ec2bf467-94f7-5b79-97a2-3632c0d199a8,Wesley Fofana,DEF,RCB,1,90.0,0.19633974585188327,11.02320967905009,1.0,RCB,4-2-3-1,1.0,0.8036602541481167,-78.9767903209499,78.9767903209499,LOW_PSTART_STARTED
ee2e6f43-96fc-5070-b018-615238c06305,32,2,aston-villa,cb53d8d9-b190-5b1f-adab-60f5562d5d10,Victor Lindelöf,DEF,LCB,1,90.0,0.11044465810638493,11.078011889330734,0.0,UNKNOWN,UNKNOWN,1.0,0.8895553418936151,-78.92198811066926,78.92198811066926,LOW_PSTART_STARTED
c843cd2e-5dfa-5148-ae4c-944a685f95dc,26,15,newcastle-united,19517dba-f8bc-5da6-921a-eec76cc74b58,Lewis Hall,DEF,LB,0,1.0,0.877301371578767,79.90969071348137,1.0,LB,4-3-3,0.0,0.877301371578767,78.90969071348137,78.90969071348137,HIGH_PSTART_DID_NOT_START
de9a09f3-6021-5322-bb75-a6a0dc72d91d,22,8,crystal-palace,4e797913-6f5e-54d0-807d-555d7ec82308,Jefferson Lerma Solís,MID,RCB,1,90.0,0.15330811203316475,11.116036565766205,0.0,UNKNOWN,UNKNOWN,1.0,0.8466918879668353,-78.88396343423379,78.88396343423379,LOW_PSTART_STARTED
0d6a442b-e1f2-53f3-a9a8-0b75c19465d8,38,8,crystal-palace,0fa345a4-e26c-50d4-8f35-8b13aa9d7c09,Will Hughes,MID,LCM,1,90.0,0.16792370793651093,11.134476596591552,0.0,UNKNOWN,UNKNOWN,1.0,0.8320762920634891,-78.86552340340845,78.86552340340845,LOW_PSTART_STARTED
ba89faf8-3800-548a-951b-e5d7ed60ed05,37,7,chelsea,653dcb32-98a1-5bdb-afc4-4dcee772c921,Pedro Lomba Neto,MID,LAM,1,88.0,0.09145896964676752,9.245889659076905,1.0,LAM,4-2-3-1,1.0,0.9085410303532325,-78.75411034092309,78.75411034092309,LOW_PSTART_STARTED
d9ace39d-a5ca-5496-84cb-231df913a305,25,2,aston-villa,0af685cb-5dfb-5870-a8e7-c5f8568a71ad,Tyrone Mings,DEF,LCB,1,90.0,0.2037591291593054,11.24797522006578,0.0,UNKNOWN,UNKNOWN,1.0,0.7962408708406946,-78.75202477993422,78.75202477993422,MAP_XI_FALSE_NEGATIVE
e20ba8da-5c02-58df-ad17-3223c3c83acf,28,7,chelsea,c1d2c6e2-92b5-5eb7-abc2-bfb9ba6fffa1,Mamadou Sarr,DEF,UNKNOWN,1,89.0,0.10394347746365294,10.257880752949344,0.0,UNKNOWN,UNKNOWN,1.0,0.896056522536347,-78.74211924705065,78.74211924705065,LOW_PSTART_STARTED
f82cddfd-b545-5509-9c99-a1ae615e0130,38,20,wolverhampton-wanderers,e2213bab-7401-5edc-9994-4eb0772f48ef,João Victor Gomes da Silva,MID,LCM,0,0.0,0.8682028133863247,78.73616452707643,1.0,LCM,3-4-2-1,0.0,0.8682028133863247,78.73616452707643,78.73616452707643,HIGH_PSTART_DID_NOT_START
16495e99-1e75-5b2f-a337-1dfde9ddfe08,33,7,chelsea,fbe43cca-fb14-5420-94d6-3e253d5e57f2,Trevoh Chalobah,DEF,LCB,1,90.0,0.12377874652151645,11.274142355622569,0.0,UNKNOWN,UNKNOWN,1.0,0.8762212534784836,-78.72585764437743,78.72585764437743,LOW_PSTART_STARTED
6087d963-451a-5a7b-b016-d3853de520ea,22,11,leeds-united,d921acea-ffba-515b-a957-12586c43f133,Karl Darlow,GK,GK,1,90.0,0.12473888959449389,11.352534374271894,0.0,UNKNOWN,UNKNOWN,1.0,0.8752611104055061,-78.6474656257281,78.6474656257281,LOW_PSTART_STARTED
7729aaf4-dd5e-5f38-a0a4-430fccf34c7c,30,17,sunderland,eeb782c9-d515-562b-b132-d07e7ac988fa,Chris Rigg,MID,RAM,1,90.0,0.1806178627174808,11.42292551832914,0.0,UNKNOWN,UNKNOWN,1.0,0.8193821372825192,-78.57707448167086,78.57707448167086,LOW_PSTART_STARTED
25988556-93c6-5dfd-b380-96f4dd98805b,36,13,manchester-city,cffb76ef-9edc-5e36-95cd-8c4ce7623f4e,Nathan Aké,DEF,LB,1,90.0,0.1183105757224559,11.470667017851529,0.0,UNKNOWN,UNKNOWN,1.0,0.8816894242775442,-78.52933298214847,78.52933298214847,LOW_PSTART_STARTED
57b20b8b-c663-5991-a397-771f728fd27c,33,1,arsenal,fef527c5-6c7c-57b6-9192-f9347f34904a,Martin Ødegaard,MID,RCM,1,90.0,0.16439435904929067,11.570377212728093,0.0,UNKNOWN,UNKNOWN,1.0,0.8356056409507093,-78.42962278727191,78.42962278727191,LOW_PSTART_STARTED
25abf903-06d4-5b30-9573-1ca6d4317c79,36,17,sunderland,d7a7fcda-2a3c-55c2-80be-adc778736b39,Lutsharel Geertruida,DEF,RB,1,90.0,0.10702478746254308,11.5973437416269,0.0,UNKNOWN,UNKNOWN,1.0,0.8929752125374569,-78.4026562583731,78.4026562583731,LOW_PSTART_STARTED
25abf903-06d4-5b30-9573-1ca6d4317c79,36,14,manchester-united,6a3d319d-e848-56e0-bc06-707ee4149c24,Mason Mount,MID,LAM,1,90.0,0.09094331427097278,11.638171298960351,0.0,UNKNOWN,UNKNOWN,1.0,0.9090566857290272,-78.36182870103966,78.36182870103966,LOW_PSTART_STARTED
bdf85bea-b20c-50f1-8dd7-c1351c7015e0,28,10,fulham,c369cb81-fb27-51a7-8457-4b7a866bbbdc,Joachim Andersen,DEF,RCB,0,0.0,0.8692541132393523,78.29381134338759,1.0,RCB,4-2-3-1,0.0,0.8692541132393523,78.29381134338759,78.29381134338759,HIGH_PSTART_DID_NOT_START
bd6a2d47-5dc1-5837-8700-c916a4a9191c,33,20,wolverhampton-wanderers,698f23fd-0fa1-5358-8bd3-2b8aef91e946,José Malheiro de Sá,GK,GK,0,0.0,0.8686453176164677,78.23653067186838,1.0,GK,3-5-2,0.0,0.8686453176164677,78.23653067186838,78.23653067186838,HIGH_PSTART_DID_NOT_START
4573eab6-7249-598b-9af6-d00c7d62f223,36,20,wolverhampton-wanderers,e3545d57-5636-57c9-a5ad-35a839d1f8bd,Hwang Hee-chan,MID,ST,1,88.0,0.10881048513310276,9.854390662617927,0.0,UNKNOWN,UNKNOWN,1.0,0.8911895148668972,-78.14560933738207,78.14560933738207,LOW_PSTART_STARTED
039b583c-5bdc-51f2-8934-ef0b7746978e,31,7,chelsea,fbe43cca-fb14-5420-94d6-3e253d5e57f2,Trevoh Chalobah,DEF,LCB,0,0.0,0.8668619457402083,78.08261812867893,1.0,LCB,4-2-3-1,0.0,0.8668619457402083,78.08261812867893,78.08261812867893,HIGH_PSTART_DID_NOT_START
092fe1c5-46c7-5bc7-a34b-822cf838d6ab,36,13,manchester-city,a8873d13-747b-51b1-97e7-d8505b4f0084,Sávio 'Savinho' Moreira de Oliveira,MID,LW,1,90.0,0.08354722890810462,11.935869142023144,0.0,UNKNOWN,UNKNOWN,1.0,0.9164527710918954,-78.06413085797686,78.06413085797686,LOW_PSTART_STARTED
085aaeeb-84d3-58e5-8616-6a821bcd07d0,25,15,newcastle-united,50df4a11-59ff-5eba-85dd-aaca25ba3cd2,Bruno Guimarães Rodriguez Moura,MID,RCM,1,90.0,0.12014415449218495,12.026604308807562,1.0,RCM,4-3-3,1.0,0.879855845507815,-77.97339569119244,77.97339569119244,LOW_PSTART_STARTED
e1b64232-1ee4-522c-b106-e651d9eba4ea,38,13,manchester-city,8fc7e356-2dbb-50c9-8b7e-cc573f3855b4,James Trafford,GK,GK,1,90.0,0.13238333467568625,12.102051554297782,0.0,UNKNOWN,UNKNOWN,1.0,0.8676166653243138,-77.89794844570221,77.89794844570221,LOW_PSTART_STARTED
0a9d6243-8e34-53a1-aac3-295adbb204df,29,6,brighton-hove-albion,8336ddce-f2ef-5ef6-8084-2f36c38c78c2,Olivier Boscagli,DEF,LCB,1,90.0,0.09266474360817259,12.117669501973616,0.0,UNKNOWN,UNKNOWN,1.0,0.9073352563918274,-77.88233049802639,77.88233049802639,LOW_PSTART_STARTED
25988556-93c6-5dfd-b380-96f4dd98805b,36,13,manchester-city,74dac327-64c8-5269-84db-4a4550f5f921,Abdukodir Khusanov,DEF,RCB,0,0.0,0.8487112947163354,77.87042833344218,1.0,RCB,4-2-3-1,0.0,0.8487112947163354,77.87042833344218,77.87042833344218,HIGH_PSTART_DID_NOT_START
cf2cfda2-d007-5839-984a-e3c0650fa9de,23,8,crystal-palace,234b9ca0-1d3a-52c1-ae12-d422a588485e,Justin Devenny,MID,RWB,0,0.0,0.8249632213189735,77.79474560468469,1.0,RWB,3-4-2-1,0.0,0.8249632213189735,77.79474560468469,77.79474560468469,HIGH_PSTART_DID_NOT_START
e1b64232-1ee4-522c-b106-e651d9eba4ea,38,2,aston-villa,db76d454-818a-5043-8d04-22e24f696027,Emiliano Martínez Romero,GK,GK,0,0.0,0.8633708160187761,77.75990642255535,1.0,GK,4-2-3-1,0.0,0.8633708160187761,77.75990642255535,77.75990642255535,HIGH_PSTART_DID_NOT_START
4fe9f44c-bfba-5934-849a-d84876aa86e8,32,15,newcastle-united,36a8b089-9a84-5fa6-ae4a-59a2994b9494,Lewis Miley,MID,RB,1,90.0,0.1267480079450463,12.337593151089028,0.0,UNKNOWN,UNKNOWN,1.0,0.8732519920549537,-77.66240684891098,77.66240684891098,LOW_PSTART_STARTED
7eb9f651-a02f-59cf-843e-8b905b79f98c,38,10,fulham,aa82079f-0382-5b01-bb3b-9224650f408b,Sasa Lukic,MID,RDM,0,0.0,0.8331938230422243,77.64042500342335,1.0,RDM,4-2-3-1,0.0,0.8331938230422243,77.64042500342335,77.64042500342335,HIGH_PSTART_DID_NOT_START
085aaeeb-84d3-58e5-8616-6a821bcd07d0,25,5,brentford,bb04fd88-02f4-5b58-a126-01b07e773bd8,Nathan Collins,DEF,LCB,0,0.0,0.8015867585597752,77.63294838949784,0.0,UNKNOWN,UNKNOWN,0.0,0.8015867585597752,77.63294838949784,77.63294838949784,HIGH_PSTART_DID_NOT_START
1ce6ee26-3057-5ae0-a140-416d1bd98ae2,35,8,crystal-palace,234b9ca0-1d3a-52c1-ae12-d422a588485e,Justin Devenny,MID,RWB,1,90.0,0.09927882898332485,12.382030869691691,0.0,UNKNOWN,UNKNOWN,1.0,0.9007211710166751,-77.61796913030831,77.61796913030831,LOW_PSTART_STARTED
622cfd32-fefc-538b-92e0-7c761e8052b4,30,15,newcastle-united,f60b2907-3c2e-5574-80f2-70b4f5078182,Kieran Trippier,DEF,RB,0,0.0,0.8769417974102467,77.59194325480922,1.0,RB,4-3-3,0.0,0.8769417974102467,77.59194325480922,77.59194325480922,HIGH_PSTART_DID_NOT_START
1d93b2bc-9b09-5ae2-aa5b-82d56694fa9c,22,19,west-ham-united,2d4c58d3-9f00-5834-a712-c8fbd35a2876,Kyle Walker-Peters,DEF,RB,0,0.0,0.8503922649087166,77.58425919566294,1.0,RB,4-2-3-1,0.0,0.8503922649087166,77.58425919566294,77.58425919566294,HIGH_PSTART_DID_NOT_START
5c86a947-9f04-5f6a-8730-ff79513f254e,35,15,newcastle-united,133b6e37-92c1-5dc9-a4dd-a5f957768626,Joelinton Cássio Apolinário de Lira,MID,LCM,1,90.0,0.10671618045114561,12.478951102561691,0.0,UNKNOWN,UNKNOWN,1.0,0.8932838195488544,-77.5210488974383,77.5210488974383,LOW_PSTART_STARTED
1e6f4756-7e43-5162-a518-806522137b05,29,3,burnley,b7ff49f3-d1e0-5e63-b004-29bee7a1f2ea,Kyle Walker,DEF,RWB,1,90.0,0.24444620184327467,12.481984252337561,1.0,RWB,3-4-2-1,1.0,0.7555537981567253,-77.51801574766245,77.51801574766245,MINUTE_ERROR_45PLUS
de92aec0-17cd-521d-ae3d-f425ab7e09dd,34,15,newcastle-united,fa7d8081-617d-5e86-a227-d01a088e1f55,Joe Willock,MID,RCM,1,85.0,0.05956666396732675,7.608570667033606,0.0,UNKNOWN,UNKNOWN,1.0,0.9404333360326732,-77.3914293329664,77.3914293329664,LOW_PSTART_STARTED
dec351fa-176e-54ff-a391-5e41f9eeee09,37,20,wolverhampton-wanderers,698f23fd-0fa1-5358-8bd3-2b8aef91e946,José Malheiro de Sá,GK,GK,1,90.0,0.13871517333635794,12.6097612017527,0.0,UNKNOWN,UNKNOWN,1.0,0.861284826663642,-77.3902387982473,77.3902387982473,LOW_PSTART_STARTED
e1b64232-1ee4-522c-b106-e651d9eba4ea,38,2,aston-villa,fc551cf2-132e-5dac-a9b5-aaeb090b32b5,Leon Bailey,MID,RAM,1,90.0,0.12928782509766296,12.691417557055304,0.0,UNKNOWN,UNKNOWN,1.0,0.870712174902337,-77.3085824429447,77.3085824429447,LOW_PSTART_STARTED
0d6a442b-e1f2-53f3-a9a8-0b75c19465d8,38,1,arsenal,0f08cbfd-21a3-57ae-9b9f-8692d62a6a24,Leandro Trossard,MID,LAM,0,0.0,0.8378474105927546,77.19017853089127,1.0,LW,4-4-2,0.0,0.8378474105927546,77.19017853089127,77.19017853089127,HIGH_PSTART_DID_NOT_START
9ee83c24-99b9-5f01-a681-62d4f49c858d,34,14,manchester-united,1b9763d0-3c26-574c-9903-2c98b8431990,Matheus Santos Carneiro Da Cunha,MID,LAM,0,0.0,0.9394832440006984,77.13049499769305,1.0,LAM,4-2-3-1,0.0,0.9394832440006984,77.13049499769305,77.13049499769305,HIGH_PSTART_DID_NOT_START
08ddad76-4191-5baa-9d72-080d772df8a4,37,2,aston-villa,0af685cb-5dfb-5870-a8e7-c5f8568a71ad,Tyrone Mings,DEF,LCB,0,0.0,0.8520843551400011,77.0983058581455,1.0,LCB,4-2-3-1,0.0,0.8520843551400011,77.0983058581455,77.0983058581455,HIGH_PSTART_DID_NOT_START
006f69f1-9b0e-551d-bed7-448d3b640101,22,14,manchester-united,06edf8b9-4201-50b7-b9f9-2e6a7842f113,Kobbie Mainoo,MID,UNKNOWN,1,90.0,0.11225746400991679,12.908763646588753,0.0,UNKNOWN,UNKNOWN,1.0,0.8877425359900832,-77.09123635341125,77.09123635341125,LOW_PSTART_STARTED
79323fcf-ead5-5ef9-b1be-d211787d4251,29,15,newcastle-united,00be15e9-135e-5a79-956f-cd70f121b4b0,Nick Pope,GK,GK,0,0.0,0.8554606357779637,77.05835173898711,1.0,GK,4-3-3,0.0,0.8554606357779637,77.05835173898711,77.05835173898711,HIGH_PSTART_DID_NOT_START
0e68800a-19f1-5423-a940-7747c367f85b,27,15,newcastle-united,50df4a11-59ff-5eba-85dd-aaca25ba3cd2,Bruno Guimarães Rodriguez Moura,MID,RCM,0,0.0,0.8473617751324103,76.98557501356926,1.0,RCM,4-3-3,0.0,0.8473617751324103,76.98557501356926,76.98557501356926,HIGH_PSTART_DID_NOT_START
08ddad76-4191-5baa-9d72-080d772df8a4,37,12,liverpool,abc5ff85-af28-52a6-899e-59f93406af42,Jeremie Frimpong,DEF,RAM,0,0.0,0.8389598818401099,76.97981473524113,1.0,RAM,4-2-3-1,0.0,0.8389598818401099,76.97981473524113,76.97981473524113,HIGH_PSTART_DID_NOT_START
f5b8d4db-d7b4-5da2-a157-94fd8af41961,25,20,wolverhampton-wanderers,15d02b2c-303d-5403-b3ee-c1bb398578ae,Angel Gomes,MID,UNKNOWN,1,78.0,0.004074590269947428,1.1802064157688599,0.0,UNKNOWN,UNKNOWN,1.0,0.9959254097300526,-76.81979358423114,76.81979358423114,LOW_PSTART_STARTED
47e684ca-483b-5eca-8ec1-c94a86f9452a,28,5,brentford,bb04fd88-02f4-5b58-a126-01b07e773bd8,Nathan Collins,DEF,LCB,0,0.0,0.8275743319636352,76.7091207529685,0.0,UNKNOWN,UNKNOWN,0.0,0.8275743319636352,76.7091207529685,76.7091207529685,HIGH_PSTART_DID_NOT_START
97b2d8d5-ad23-581e-a7ba-80ed12ecc351,23,11,leeds-united,2151f057-0065-57a0-87e5-2a434738b8d1,Gabriel Gudmundsson,DEF,LWB,0,0.0,0.8098214453789221,76.67340013094453,1.0,LWB,3-5-2,0.0,0.8098214453789221,76.67340013094453,76.67340013094453,HIGH_PSTART_DID_NOT_START
1b47cbbf-a45e-55fb-ad9b-c13fd7e12a53,35,20,wolverhampton-wanderers,698f23fd-0fa1-5358-8bd3-2b8aef91e946,José Malheiro de Sá,GK,GK,0,0.0,0.8511977495273956,76.66344522712859,1.0,GK,3-4-2-1,0.0,0.8511977495273956,76.66344522712859,76.66344522712859,HIGH_PSTART_DID_NOT_START
6b1ba362-3ee7-5a51-8722-835e7613942b,32,7,chelsea,5b51fc3a-1f45-56e1-9ecc-0bda87474227,Enzo Fernández,MID,CAM,0,0.0,0.810160412865029,76.54311758327417,1.0,LDM,4-2-3-1,0.0,0.810160412865029,76.54311758327417,76.54311758327417,HIGH_PSTART_DID_NOT_START
e1b64232-1ee4-522c-b106-e651d9eba4ea,38,2,aston-villa,3ec8e07c-7a46-5230-8927-d222d0ffa7dd,Ezri Konsa Ngoyo,DEF,RCB,0,0.0,0.8488956839092408,76.47217117563628,1.0,RCB,4-2-3-1,0.0,0.8488956839092408,76.47217117563628,76.47217117563628,HIGH_PSTART_DID_NOT_START
ecd48097-3a63-58b6-a353-65332e720c42,32,17,sunderland,53bfdbe9-b833-5ee6-b24f-4b838a2a0fa6,Nordi Mukiele,DEF,RB,1,81.0,0.21970886515464388,4.532804140979542,0.0,UNKNOWN,UNKNOWN,1.0,0.7802911348453561,-76.46719585902046,76.46719585902046,MAP_XI_FALSE_NEGATIVE
5c86a947-9f04-5f6a-8730-ff79513f254e,35,15,newcastle-united,8385a2b5-f514-5b12-aa58-82c05b0c3586,Jacob Ramsey,MID,LCM,0,1.0,0.8731297129178418,77.45783349018551,1.0,LCM,4-3-3,0.0,0.8731297129178418,76.45783349018551,76.45783349018551,HIGH_PSTART_DID_NOT_START
1b47cbbf-a45e-55fb-ad9b-c13fd7e12a53,35,20,wolverhampton-wanderers,b6e20f32-3f8f-5d7f-b0b7-140bc97b69fe,Yerson Mosquera Valdelamar,DEF,RCB,1,90.0,0.14654402686475201,13.598597319945412,1.0,RCB,3-4-2-1,1.0,0.853455973135248,-76.40140268005459,76.40140268005459,LOW_PSTART_STARTED
5556a528-cdc7-5a14-8fd1-7f9b7820b711,32,3,burnley,0db48051-eb1a-516f-b185-a0846d6f83e1,Hjalmar Ekdal,DEF,CB,1,90.0,0.14648734289551682,13.885105292253462,0.0,UNKNOWN,UNKNOWN,1.0,0.8535126571044832,-76.11489470774654,76.11489470774654,LOW_PSTART_STARTED
ee2e6f43-96fc-5070-b018-615238c06305,32,2,aston-villa,db76d454-818a-5043-8d04-22e24f696027,Emiliano Martínez Romero,GK,GK,0,0.0,0.8441804143324027,76.03615494528238,1.0,GK,4-2-3-1,0.0,0.8441804143324027,76.03615494528238,76.03615494528238,HIGH_PSTART_DID_NOT_START
092fe1c5-46c7-5bc7-a34b-822cf838d6ab,36,13,manchester-city,692da677-7071-5b72-89bc-cc722ba518e2,Nico O'Reilly,DEF,LB,0,0.0,0.8216039164783929,75.90533015379224,1.0,LB,4-2-3-1,0.0,0.8216039164783929,75.90533015379224,75.90533015379224,HIGH_PSTART_DID_NOT_START
9f01409f-ff79-57df-908c-ea5de472f8ba,34,9,everton,7af4896b-be30-5d5e-9119-e9efade2cada,Jarrad Branthwaite,DEF,LCB,0,0.0,0.8574847751188559,75.67604390556767,1.0,LCB,4-2-3-1,0.0,0.8574847751188559,75.67604390556767,75.67604390556767,HIGH_PSTART_DID_NOT_START
02c1a42f-1cb3-5453-a3e8-cca6c129d901,33,2,aston-villa,3ec8e07c-7a46-5230-8927-d222d0ffa7dd,Ezri Konsa Ngoyo,DEF,RCB,1,90.0,0.1579613488717668,14.387846746344248,1.0,RCB,4-2-3-1,1.0,0.8420386511282332,-75.61215325365575,75.61215325365575,LOW_PSTART_STARTED
1ce47acb-bab6-57a0-b8fc-b4936d9f71f7,31,2,aston-villa,c462a624-2653-5229-87c5-bd5b685f0e3c,Lamare Bogarde,DEF,RB,0,0.0,0.7964050169188022,75.5998430980326,0.0,UNKNOWN,UNKNOWN,0.0,0.7964050169188022,75.5998430980326,75.5998430980326,MINUTE_ERROR_45PLUS
fef47b9a-ab98-50c0-a72f-57c356ba1514,29,18,tottenham-hotspur,f0bfb35e-c09e-553b-a545-fec85a6cd62d,Radu Dragusin,DEF,RCB,0,0.0,0.7742900570816036,75.5932278569697,1.0,RCB,4-4-2,0.0,0.7742900570816036,75.5932278569697,75.5932278569697,MAP_XI_FALSE_POSITIVE
e0ceee79-211e-5422-8a48-170a59ad8497,36,19,west-ham-united,46d563a5-35c2-5766-ad22-b778921da81d,Jean-Clair Todibo,DEF,LCB,1,90.0,0.13683876927864844,14.481662225473785,0.0,UNKNOWN,UNKNOWN,1.0,0.8631612307213515,-75.51833777452622,75.51833777452622,LOW_PSTART_STARTED
ae89dde2-06e5-5c3d-88d1-b18a3afac874,38,14,manchester-united,8d2526be-436d-5cc9-ac87-685d6e1cc27c,Diogo Dalot Teixeira,DEF,RB,0,0.0,0.8266796658738074,75.50059446127969,1.0,RB,4-2-3-1,0.0,0.8266796658738074,75.50059446127969,75.50059446127969,HIGH_PSTART_DID_NOT_START
97b2d8d5-ad23-581e-a7ba-80ed12ecc351,23,9,everton,70f73e4b-067e-5b9a-9c56-6049178d3e61,Jack Grealish,MID,LAM,0,0.0,0.8126468050694218,75.48780647694758,1.0,LAM,4-2-3-1,0.0,0.8126468050694218,75.48780647694758,75.48780647694758,HIGH_PSTART_DID_NOT_START
31de2a73-94e2-5e1f-829e-f19990739961,28,2,aston-villa,d66fa01c-cc13-5ddf-bec4-31c90df4cade,Pau Torres,DEF,LCB,1,90.0,0.15940825967969083,14.541404878299485,0.0,UNKNOWN,UNKNOWN,1.0,0.8405917403203091,-75.45859512170051,75.45859512170051,LOW_PSTART_STARTED
7729aaf4-dd5e-5f38-a0a4-430fccf34c7c,30,17,sunderland,a213c4ca-4778-5981-91eb-7708f7294de0,Nilson Angulo,MID,RAM,0,0.0,0.8381331930979159,75.43887342492829,1.0,RAM,4-2-3-1,0.0,0.8381331930979159,75.43887342492829,75.43887342492829,HIGH_PSTART_DID_NOT_START
94fcf566-2f2f-5764-a094-bd41afb36a13,28,9,everton,513a08ed-3905-5e99-98a3-849492c9d389,Dwight McNeil,MID,RAM,1,80.0,0.08225832431044972,4.562372550448266,0.0,UNKNOWN,UNKNOWN,1.0,0.9177416756895502,-75.43762744955174,75.43762744955174,LOW_PSTART_STARTED
bdf85bea-b20c-50f1-8dd7-c1351c7015e0,28,10,fulham,9b9067ce-8398-553d-8496-d169d55e5396,Issa Diop,DEF,RCB,1,90.0,0.1519214922531876,14.56805106809913,0.0,UNKNOWN,UNKNOWN,1.0,0.8480785077468124,-75.43194893190088,75.43194893190088,LOW_PSTART_STARTED
31ef1d95-b095-52ae-918e-26ed91e99a77,29,7,chelsea,4ef46620-e339-50a5-9169-d9c6d85f3a47,Alejandro Garnacho,MID,LAM,1,90.0,0.2239903753843026,14.587068883563926,1.0,LAM,4-2-3-1,1.0,0.7760096246156973,-75.41293111643607,75.41293111643607,MINUTE_ERROR_45PLUS
df7ba6cc-31bb-5cbf-8a2f-b79c5249f90f,26,12,liverpool,9e1945d4-3c6d-54ed-b8d0-6ba8f66541c2,Andrew Robertson,DEF,LB,1,90.0,0.1520293332862116,14.620105991916027,0.0,UNKNOWN,UNKNOWN,1.0,0.8479706667137884,-75.37989400808397,75.37989400808397,LOW_PSTART_STARTED
0d6a442b-e1f2-53f3-a9a8-0b75c19465d8,38,1,arsenal,4c3f279c-cb21-57c6-9d58-3decef97625e,Bukayo Saka,MID,RAM,0,0.0,0.8409075044292267,75.37624902597923,1.0,RW,4-4-2,0.0,0.8409075044292267,75.37624902597923,75.37624902597923,HIGH_PSTART_DID_NOT_START
3b0bba38-af04-5460-b39f-e5c32eaf27ff,36,15,newcastle-united,36a8b089-9a84-5fa6-ae4a-59a2994b9494,Lewis Miley,MID,RB,0,0.0,0.8306839779407343,75.3617163292274,1.0,RB,4-3-3,0.0,0.8306839779407343,75.3617163292274,75.3617163292274,HIGH_PSTART_DID_NOT_START
73cbcb0c-704f-544b-98be-2945eb6c0891,24,9,everton,b429ad96-edac-5640-8304-cd7a0cf6d7fa,Michael Keane,DEF,LCB,1,90.0,0.1754985956249823,14.649840911395899,1.0,LCB,4-2-3-1,1.0,0.8245014043750177,-75.3501590886041,75.3501590886041,LOW_PSTART_STARTED
e1b64232-1ee4-522c-b106-e651d9eba4ea,38,2,aston-villa,b4f928ae-7ba3-580f-98d8-aafd811dfc4b,Lucas Digne,DEF,LB,0,0.0,0.8173339042742042,75.34866679847443,1.0,LB,4-2-3-1,0.0,0.8173339042742042,75.34866679847443,75.34866679847443,HIGH_PSTART_DID_NOT_START
622cfd32-fefc-538b-92e0-7c761e8052b4,30,7,chelsea,3d33e637-0658-5cc2-964e-b281c5cdf9fc,Marc Cucurella Saseta,DEF,LB,1,90.0,0.21225468646390666,14.670653976094153,0.0,UNKNOWN,UNKNOWN,1.0,0.7877453135360933,-75.32934602390584,75.32934602390584,MAP_XI_FALSE_NEGATIVE
cd31646e-3d5b-5b6b-97a2-0f706664986c,35,11,leeds-united,2151f057-0065-57a0-87e5-2a434738b8d1,Gabriel Gudmundsson,DEF,LWB,0,0.0,0.8344067722469696,75.30662719179246,1.0,LWB,3-4-2-1,0.0,0.8344067722469696,75.30662719179246,75.30662719179246,HIGH_PSTART_DID_NOT_START
b18a9593-998b-5025-9442-b11f2c52f46c,33,3,burnley,956e0ed0-2170-56bf-913d-61d007270278,Bashir Humphreys,DEF,RCB,0,0.0,0.8859007874484826,75.25210606594656,1.0,RCB,3-4-2-1,0.0,0.8859007874484826,75.25210606594656,75.25210606594656,HIGH_PSTART_DID_NOT_START
9fb7fb28-1745-597c-aab4-27fb0e6c5383,28,13,manchester-city,255ce56a-28f3-53e5-ae63-19f3c15aa12d,Erling Haaland,FWD,ST,0,0.0,0.8439968337103321,75.21102782142471,1.0,ST,4-4-2,0.0,0.8439968337103321,75.21102782142471,75.21102782142471,HIGH_PSTART_DID_NOT_START
ae89dde2-06e5-5c3d-88d1-b18a3afac874,38,14,manchester-united,1b9763d0-3c26-574c-9903-2c98b8431990,Matheus Santos Carneiro Da Cunha,MID,LAM,0,0.0,0.933394564664588,75.17043931346015,1.0,LAM,4-2-3-1,0.0,0.933394564664588,75.17043931346015,75.17043931346015,HIGH_PSTART_DID_NOT_START
de92aec0-17cd-521d-ae3d-f425ab7e09dd,34,15,newcastle-united,ef597ccf-9296-5f73-a908-245e5d67b0ef,Aaron Ramsdale,GK,GK,0,0.0,0.8328082629870709,75.13472715148329,1.0,GK,4-3-3,0.0,0.8328082629870709,75.13472715148329,75.13472715148329,HIGH_PSTART_DID_NOT_START
4fe9f44c-bfba-5934-849a-d84876aa86e8,32,15,newcastle-united,7d97f99a-8163-5c05-a74a-5dd9794bd812,Dan Burn,DEF,LCB,0,0.0,0.8039421709173993,75.05775073336694,1.0,LCB,4-4-2,0.0,0.8039421709173993,75.05775073336694,75.05775073336694,HIGH_PSTART_DID_NOT_START
1f5f3541-628d-5710-ae0c-dc82c8ae86d8,24,8,crystal-palace,7b9dc65d-483e-5ff9-af51-946aceed51e9,Jean-Philippe Mateta,FWD,ST,0,0.0,0.879401999539036,75.05275133876901,1.0,ST,3-4-2-1,0.0,0.879401999539036,75.05275133876901,75.05275133876901,HIGH_PSTART_DID_NOT_START
31de2a73-94e2-5e1f-829e-f19990739961,28,20,wolverhampton-wanderers,a97d91b0-ab9b-5d5d-a9e8-01690cad9588,Tolu Arokodare,FWD,ST,0,9.0,0.8714341313443335,84.04439118111331,1.0,ST,3-5-2,0.0,0.8714341313443335,75.04439118111331,75.04439118111331,HIGH_PSTART_DID_NOT_START
1e0e866b-bb70-545e-b6dc-8a8424b208c6,23,12,liverpool,66e53a63-86c7-5b13-92b7-7f9d7f77e440,Ibrahima Konaté,DEF,RCB,0,0.0,0.8274328617397904,75.03705534888044,1.0,RCB,4-2-3-1,0.0,0.8274328617397904,75.03705534888044,75.03705534888044,HIGH_PSTART_DID_NOT_START
765085cb-7964-5516-8303-f380c3d19685,27,17,sunderland,53bfdbe9-b833-5ee6-b24f-4b838a2a0fa6,Nordi Mukiele,DEF,RB,1,11.0,0.9555541434946496,86.00066317816903,1.0,RB,4-2-3-1,1.0,0.04444585650535038,75.00066317816903,75.00066317816903,MINUTE_ERROR_45PLUS
6087d963-451a-5a7b-b016-d3853de520ea,22,10,fulham,9b9067ce-8398-553d-8496-d169d55e5396,Issa Diop,DEF,RCB,0,2.0,0.8459625989259625,76.86131240329591,0.0,UNKNOWN,UNKNOWN,0.0,0.8459625989259625,74.86131240329591,74.86131240329591,HIGH_PSTART_DID_NOT_START
dcb932a5-b690-59b8-8026-5a592284f9a8,38,7,chelsea,46f70fd6-45f6-55b9-884d-24feb13db9c3,Levi Colwill,DEF,LCB,1,90.0,0.051684201328127066,15.149949483121217,0.0,UNKNOWN,UNKNOWN,1.0,0.9483157986718729,-74.85005051687878,74.85005051687878,LOW_PSTART_STARTED
5e1fcbbc-fc52-5596-a3cd-5663e323f785,33,10,fulham,a9c228ea-04e0-5861-b004-a8719101c698,Tom Cairney,MID,LCM,1,80.0,0.04117280304661026,5.179613019568475,0.0,UNKNOWN,UNKNOWN,1.0,0.9588271969533897,-74.82038698043152,74.82038698043152,LOW_PSTART_STARTED
7769decc-98b9-5b54-a4a3-fc4aa47199e9,35,1,arsenal,0f08cbfd-21a3-57ae-9b9f-8692d62a6a24,Leandro Trossard,MID,LW,1,90.0,0.15382904896658267,15.193659054758374,0.0,UNKNOWN,UNKNOWN,1.0,0.8461709510334173,-74.80634094524163,74.80634094524163,LOW_PSTART_STARTED
16495e99-1e75-5b2f-a337-1dfde9ddfe08,33,6,brighton-hove-albion,bec3b39e-5fff-5ae4-a7ba-ba525d5b3911,Diego Gómez,MID,RAM,0,0.0,0.8408385526477075,74.7323808862339,1.0,RAM,4-2-3-1,0.0,0.8408385526477075,74.7323808862339,74.7323808862339,HIGH_PSTART_DID_NOT_START
5c73e3e5-e8ce-57af-9da1-880c34ac7495,34,17,sunderland,98e68e85-52f1-5832-b572-18ffcbfa3d40,Luke O'Nien,DEF,RCB,0,0.0,0.8003345110520177,74.657018894602,0.0,UNKNOWN,UNKNOWN,0.0,0.8003345110520177,74.657018894602,74.657018894602,HIGH_PSTART_DID_NOT_START
57b20b8b-c663-5991-a397-771f728fd27c,33,1,arsenal,234cf75e-2a33-5c20-84e6-e2da37e6e93e,Viktor Gyökeres,FWD,ST,0,6.0,0.8614243941702385,80.61767531719335,1.0,ST,4-2-3-1,0.0,0.8614243941702385,74.61767531719335,74.61767531719335,HIGH_PSTART_DID_NOT_START
7769decc-98b9-5b54-a4a3-fc4aa47199e9,35,10,fulham,f0504a37-2a31-5f04-8704-2c307c2384cd,Sander Berge,MID,LDM,0,0.0,0.8241277675809914,74.59461032665625,1.0,LDM,4-2-3-1,0.0,0.8241277675809914,74.59461032665625,74.59461032665625,HIGH_PSTART_DID_NOT_START
c7bf9b15-363a-5871-9b7f-a786725d7ed3,25,8,crystal-palace,e0417b35-b1b1-5957-8ee5-7996c5db5cb0,Brennan Johnson,MID,RAM,0,2.0,0.8537499752531962,76.55735036552281,0.0,UNKNOWN,UNKNOWN,0.0,0.8537499752531962,74.55735036552281,74.55735036552281,HIGH_PSTART_DID_NOT_START
4573eab6-7249-598b-9af6-d00c7d62f223,36,6,brighton-hove-albion,8336ddce-f2ef-5ef6-8084-2f36c38c78c2,Olivier Boscagli,DEF,LCB,0,0.0,0.815482219369705,74.5333494355958,1.0,LCB,4-2-3-1,0.0,0.815482219369705,74.5333494355958,74.5333494355958,HIGH_PSTART_DID_NOT_START
622cfd32-fefc-538b-92e0-7c761e8052b4,30,15,newcastle-united,51e8b386-e9bf-5082-8db8-d994f8a48d0b,Tino Livramento,DEF,RB,1,90.0,0.1499425144097348,15.535653558592916,0.0,UNKNOWN,UNKNOWN,1.0,0.8500574855902652,-74.46434644140709,74.46434644140709,LOW_PSTART_STARTED
14980272-dff9-5025-a8ef-deeed283d4ce,33,14,manchester-united,06edf8b9-4201-50b7-b9f9-2e6a7842f113,Kobbie Mainoo,MID,LDM,1,90.0,0.15922038095443705,15.53934276374134,1.0,LDM,4-2-3-1,1.0,0.840779619045563,-74.46065723625865,74.46065723625865,LOW_PSTART_STARTED
c7bf9b15-363a-5871-9b7f-a786725d7ed3,25,8,crystal-palace,b6fb865b-2ea3-5f14-9db7-b2b1c2d82003,Jørgen Strand Larsen,FWD,UNKNOWN,1,90.0,0.00970620016697721,15.572162398700161,0.0,UNKNOWN,UNKNOWN,1.0,0.9902937998330228,-74.42783760129984,74.42783760129984,LOW_PSTART_STARTED
fd338246-8ad6-503a-aaa4-7c8328aae763,31,18,tottenham-hotspur,f0bfb35e-c09e-553b-a545-fec85a6cd62d,Radu Dragusin,DEF,LCB,0,0.0,0.7953819304891022,74.39707943786185,0.0,UNKNOWN,UNKNOWN,0.0,0.7953819304891022,74.39707943786185,74.39707943786185,MINUTE_ERROR_45PLUS
01b894d5-057a-530b-917f-9397231a3249,22,6,brighton-hove-albion,de6b06be-d7b4-506e-9177-df5cf336214a,Yasin Ayari,MID,RDM,0,0.0,0.8852580184676699,74.38114154963799,1.0,RDM,4-2-3-1,0.0,0.8852580184676699,74.38114154963799,74.38114154963799,HIGH_PSTART_DID_NOT_START
95efeb72-d689-58fb-a022-ffad47516d80,35,16,nottingham-forest,df240c75-117c-5865-8931-093b55e8d7fd,Luca Netz,DEF,UNKNOWN,1,90.0,0.12603817972573672,15.678344009013458,0.0,UNKNOWN,UNKNOWN,1.0,0.8739618202742633,-74.32165599098654,74.32165599098654,LOW_PSTART_STARTED
0cd96418-d40d-591e-8b10-b423d657377d,33,13,manchester-city,6f380ed1-cc12-5a44-847a-217354668a1e,Rodrigo Hernandez,MID,DM,0,0.0,0.7842553144534187,74.2693152544559,0.0,UNKNOWN,UNKNOWN,0.0,0.7842553144534187,74.2693152544559,74.2693152544559,MINUTE_ERROR_45PLUS
239ea4cb-1b2e-5d4d-91ca-19aaa3980d39,23,2,aston-villa,5cde41a6-f4dd-545d-93c5-e931c1be6f72,Evann Guessand,MID,RAM,0,0.0,0.8142507791098142,74.25702621655074,1.0,RAM,4-2-3-1,0.0,0.8142507791098142,74.25702621655074,74.25702621655074,HIGH_PSTART_DID_NOT_START
dc1d8946-e5da-5a50-b228-61e8601bc305,23,13,manchester-city,83730675-676b-50b6-b1eb-8dac7bf1945f,Rico Lewis,DEF,RB,0,0.0,0.8067621284183301,74.24869799561232,0.0,UNKNOWN,UNKNOWN,0.0,0.8067621284183301,74.24869799561232,74.24869799561232,HIGH_PSTART_DID_NOT_START
e1b64232-1ee4-522c-b106-e651d9eba4ea,38,13,manchester-city,692da677-7071-5b72-89bc-cc722ba518e2,Nico O'Reilly,DEF,LB,0,0.0,0.8172405689933901,74.24012649638391,1.0,LB,4-2-3-1,0.0,0.8172405689933901,74.24012649638391,74.24012649638391,HIGH_PSTART_DID_NOT_START
7769decc-98b9-5b54-a4a3-fc4aa47199e9,35,1,arsenal,fef527c5-6c7c-57b6-9192-f9347f34904a,Martin Ødegaard,MID,RCM,0,0.0,0.8145036535034441,74.21224688315867,1.0,RCM,4-3-3,0.0,0.8145036535034441,74.21224688315867,74.21224688315867,HIGH_PSTART_DID_NOT_START
dc1d8946-e5da-5a50-b228-61e8601bc305,23,13,manchester-city,a6c3f89e-b9b1-5e12-9487-4f18ad700191,Matheus Luiz Nunes,DEF,RB,1,90.0,0.2001460472686136,15.82421471206049,1.0,RB,4-3-3,1.0,0.7998539527313864,-74.1757852879395,74.1757852879395,MINUTE_ERROR_45PLUS
e1b64232-1ee4-522c-b106-e651d9eba4ea,38,2,aston-villa,3f25f3e8-deb4-5121-abaf-e0c9f890735f,John McGinn,MID,RAM,0,4.0,0.879401622021795,78.11721884670351,1.0,RAM,4-2-3-1,0.0,0.879401622021795,74.11721884670351,74.11721884670351,HIGH_PSTART_DID_NOT_START
039b583c-5bdc-51f2-8934-ef0b7746978e,31,7,chelsea,3655e646-d6d9-51ce-a14d-bed863d96c3c,Reece James,DEF,RB,0,0.0,0.8061124279794215,73.97462057759081,1.0,RDM,4-2-3-1,0.0,0.8061124279794215,73.97462057759081,73.97462057759081,HIGH_PSTART_DID_NOT_START
c7bf9b15-363a-5871-9b7f-a786725d7ed3,25,6,brighton-hove-albion,8336ddce-f2ef-5ef6-8084-2f36c38c78c2,Olivier Boscagli,DEF,LB,1,90.0,0.1662785017745163,16.04063243783352,0.0,UNKNOWN,UNKNOWN,1.0,0.8337214982254837,-73.95936756216648,73.95936756216648,LOW_PSTART_STARTED
112601d1-209f-5611-b63b-01d0992c4ddd,26,11,leeds-united,2b912d01-8ef9-569f-bb93-0cec5c578194,Lukas Nmecha,FWD,ST,1,81.0,0.08404951255128891,7.076905249995756,0.0,UNKNOWN,UNKNOWN,1.0,0.9159504874487111,-73.92309475000424,73.92309475000424,LOW_PSTART_STARTED
239ea4cb-1b2e-5d4d-91ca-19aaa3980d39,23,15,newcastle-united,50df4a11-59ff-5eba-85dd-aaca25ba3cd2,Bruno Guimarães Rodriguez Moura,MID,RCM,0,0.0,0.7674792913600696,73.86760486869805,1.0,RCM,4-3-3,0.0,0.7674792913600696,73.86760486869805,73.86760486869805,MAP_XI_FALSE_POSITIVE
c6221f70-6420-50cb-a8d9-aba5294bf856,22,12,liverpool,78c0a2b0-1177-5877-a879-cde3ee7544cd,Conor Bradley,DEF,RB,0,0.0,0.7960231246638416,73.86014096520876,1.0,RB,4-2-3-1,0.0,0.7960231246638416,73.86014096520876,73.86014096520876,MAP_XI_FALSE_POSITIVE
fef47b9a-ab98-50c0-a72f-57c356ba1514,29,8,crystal-palace,09b6a6ee-2109-55b8-8083-5b532f8d0c96,Nathaniel Clyne,DEF,RWB,0,76.0,0.03877476826198197,2.1794682813169515,0.0,UNKNOWN,UNKNOWN,0.0,0.03877476826198197,-73.82053171868304,73.82053171868304,MINUTE_ERROR_45PLUS
cf2cfda2-d007-5839-984a-e3c0650fa9de,23,7,chelsea,4dc8670b-9980-5a26-9e9d-c98c1f9bb333,Benoît Badiashile,DEF,LCB,1,90.0,0.14197473627076634,16.24352621976063,0.0,UNKNOWN,UNKNOWN,1.0,0.8580252637292336,-73.75647378023938,73.75647378023938,LOW_PSTART_STARTED
dfe891e4-ce71-5e78-94ea-cee9d70885e6,36,3,burnley,0db48051-eb1a-516f-b185-a0846d6f83e1,Hjalmar Ekdal,DEF,RCB,0,0.0,0.8125837567986781,73.73794986456691,1.0,CB,3-4-3,0.0,0.8125837567986781,73.73794986456691,73.73794986456691,HIGH_PSTART_DID_NOT_START
4969d7af-c9d1-5c54-8620-d87f0b49cff8,36,12,liverpool,7a5568a1-0d6a-5388-9fe2-daf7af01c339,Freddie Woodman,GK,GK,0,0.0,0.777201439671126,73.73561580444402,1.0,GK,4-2-3-1,0.0,0.777201439671126,73.73561580444402,73.73561580444402,MAP_XI_FALSE_POSITIVE
ee2e6f43-96fc-5070-b018-615238c06305,32,2,aston-villa,3ec8e07c-7a46-5230-8927-d222d0ffa7dd,Ezri Konsa Ngoyo,DEF,RCB,0,0.0,0.8182826277633379,73.71954528555797,1.0,RCB,4-2-3-1,0.0,0.8182826277633379,73.71954528555797,73.71954528555797,HIGH_PSTART_DID_NOT_START
a0ae96c4-499d-5d2a-9cc8-6d59f1b73917,26,16,nottingham-forest,77dbedf3-49eb-53ec-8cc5-c1d344c47ca2,Neco Williams,DEF,LB,1,90.0,0.32759323453952055,16.292373009798613,1.0,LB,4-2-3-1,1.0,0.6724067654604795,-73.70762699020139,73.70762699020139,MINUTE_ERROR_45PLUS
c843cd2e-5dfa-5148-ae4c-944a685f95dc,26,15,newcastle-united,fa7d8081-617d-5e86-a227-d01a088e1f55,Joe Willock,MID,LCM,1,87.0,0.19700357271240512,13.354851150670168,0.0,UNKNOWN,UNKNOWN,1.0,0.8029964272875949,-73.64514884932983,73.64514884932983,LOW_PSTART_STARTED
579fdcbf-5156-533a-8f5f-a9226e3d60d1,26,2,aston-villa,c462a624-2653-5229-87c5-bd5b685f0e3c,Lamare Bogarde,DEF,RDM,1,90.0,0.2548959124123025,16.476942604481334,0.0,UNKNOWN,UNKNOWN,1.0,0.7451040875876975,-73.52305739551866,73.52305739551866,MAP_XI_FALSE_NEGATIVE
1d93b2bc-9b09-5ae2-aa5b-82d56694fa9c,22,19,west-ham-united,35ad91b8-a753-5dab-beac-21a352e5cb13,Aaron Wan-Bissaka,DEF,RB,1,90.0,0.17356855809197527,16.5281640656928,0.0,UNKNOWN,UNKNOWN,1.0,0.8264314419080248,-73.4718359343072,73.4718359343072,LOW_PSTART_STARTED
c843cd2e-5dfa-5148-ae4c-944a685f95dc,26,15,newcastle-united,49545ac1-d9f9-5a0a-b1f5-5bbeeb1bb7f6,Anthony Gordon,MID,LW,1,87.0,0.1363047779350902,13.550194036842575,0.0,UNKNOWN,UNKNOWN,1.0,0.8636952220649098,-73.44980596315743,73.44980596315743,LOW_PSTART_STARTED
7018cf67-a775-5040-9faf-510b2df80879,35,9,everton,d0fb5815-b17b-56d0-869e-d0e8910ab751,Idrissa Gueye,MID,RDM,0,0.0,0.8592889631986679,73.41331123039596,1.0,RDM,4-2-3-1,0.0,0.8592889631986679,73.41331123039596,73.41331123039596,HIGH_PSTART_DID_NOT_START
5556a528-cdc7-5a14-8fd1-7f9b7820b711,32,6,brighton-hove-albion,a93b852e-6cc5-59da-a7e7-213f7dec5f1b,Lewis Dunk,DEF,LCB,0,0.0,0.8086674664848374,73.32891503821315,1.0,LCB,4-2-3-1,0.0,0.8086674664848374,73.32891503821315,73.32891503821315,HIGH_PSTART_DID_NOT_START
3670426a-a771-510e-9762-2f3db0f13f12,27,11,leeds-united,5a70a2e2-7a8a-554e-9ac0-d3c00ac6383f,Pascal Struijk,DEF,LCB,1,90.0,0.17732406664800726,16.683364331351957,1.0,LCB,3-5-2,1.0,0.8226759333519927,-73.31663566864805,73.31663566864805,LOW_PSTART_STARTED
97b2d8d5-ad23-581e-a7ba-80ed12ecc351,23,9,everton,e9f5aa44-1c52-51c9-85a6-b079a6b78080,Merlin Röhl,MID,RDM,0,0.0,0.795826505220495,73.29886977526034,0.0,UNKNOWN,UNKNOWN,0.0,0.795826505220495,73.29886977526034,73.29886977526034,MINUTE_ERROR_45PLUS
5556a528-cdc7-5a14-8fd1-7f9b7820b711,32,6,brighton-hove-albion,8336ddce-f2ef-5ef6-8084-2f36c38c78c2,Olivier Boscagli,DEF,LCB,1,90.0,0.15274222870581047,16.71824066065678,0.0,UNKNOWN,UNKNOWN,1.0,0.8472577712941896,-73.28175933934322,73.28175933934322,LOW_PSTART_STARTED
dec351fa-176e-54ff-a391-5e41f9eeee09,37,20,wolverhampton-wanderers,2fa40b7b-3ae8-5f1c-9520-aa9d58b7aee5,Daniel Bentley,GK,GK,0,0.0,0.813056399386673,73.26595194177337,1.0,GK,3-4-2-1,0.0,0.813056399386673,73.26595194177337,73.26595194177337,HIGH_PSTART_DID_NOT_START
239ea4cb-1b2e-5d4d-91ca-19aaa3980d39,23,2,aston-villa,492c6463-bf4e-50f7-a6c1-23e8693ceea0,Amadou Onana,MID,LDM,1,88.0,0.2278007165887537,14.73420096552032,0.0,UNKNOWN,UNKNOWN,1.0,0.7721992834112463,-73.26579903447968,73.26579903447968,MAP_XI_FALSE_NEGATIVE
dcb932a5-b690-59b8-8026-5a592284f9a8,38,7,chelsea,762fd3f4-3f85-52c7-b5be-8c0c563cf25f,Andrey Nascimento dos Santos,MID,RDM,0,0.0,0.8043074164268028,73.21387338759028,1.0,RDM,4-2-3-1,0.0,0.8043074164268028,73.21387338759028,73.21387338759028,HIGH_PSTART_DID_NOT_START
085aaeeb-84d3-58e5-8616-6a821bcd07d0,25,15,newcastle-united,8385a2b5-f514-5b12-aa58-82c05b0c3586,Jacob Ramsey,MID,LCM,0,3.0,0.798733721607641,76.18289795038778,1.0,LCM,4-3-3,0.0,0.798733721607641,73.18289795038778,73.18289795038778,MAP_XI_FALSE_POSITIVE
95efeb72-d689-58fb-a022-ffad47516d80,35,16,nottingham-forest,b741dff8-c470-5246-a88a-18fd87c23462,Dilane Bakwa,MID,RAM,1,79.0,0.08164572162033974,5.841339058274954,0.0,UNKNOWN,UNKNOWN,1.0,0.9183542783796602,-73.15866094172505,73.15866094172505,LOW_PSTART_STARTED
1ce47acb-bab6-57a0-b8fc-b4936d9f71f7,31,19,west-ham-united,46d563a5-35c2-5766-ad22-b778921da81d,Jean-Clair Todibo,DEF,LCB,0,0.0,0.8115615530099572,73.15228861177957,0.0,UNKNOWN,UNKNOWN,0.0,0.8115615530099572,73.15228861177957,73.15228861177957,HIGH_PSTART_DID_NOT_START
02c1a42f-1cb3-5453-a3e8-cca6c129d901,33,2,aston-villa,db76d454-818a-5043-8d04-22e24f696027,Emiliano Martínez Romero,GK,GK,1,90.0,0.1857375647488777,16.8728233793178,1.0,GK,4-2-3-1,1.0,0.8142624352511223,-73.1271766206822,73.1271766206822,LOW_PSTART_STARTED
31402e57-7c34-5b2c-8688-d29a2831522e,37,14,manchester-united,c2bb5215-da9d-515a-81f0-604c302f3078,Noussair Mazraoui,DEF,RB,0,0.0,0.7804692886525104,73.10831633953293,0.0,UNKNOWN,UNKNOWN,0.0,0.7804692886525104,73.10831633953293,73.10831633953293,MINUTE_ERROR_45PLUS
14980272-dff9-5025-a8ef-deeed283d4ce,33,7,chelsea,4448091c-aeb7-5ab3-a537-b2b547480e63,João Pedro Junqueira de Jesus,FWD,ST,0,0.0,0.8386843561367976,73.0425125571555,1.0,ST,4-2-3-1,0.0,0.8386843561367976,73.0425125571555,73.0425125571555,HIGH_PSTART_DID_NOT_START
16495e99-1e75-5b2f-a337-1dfde9ddfe08,33,7,chelsea,4448091c-aeb7-5ab3-a537-b2b547480e63,João Pedro Junqueira de Jesus,FWD,ST,0,0.0,0.8386843561367976,73.0425125571555,1.0,ST,4-2-3-1,0.0,0.8386843561367976,73.0425125571555,73.0425125571555,HIGH_PSTART_DID_NOT_START
ecd48097-3a63-58b6-a353-65332e720c42,32,17,sunderland,d7a7fcda-2a3c-55c2-80be-adc778736b39,Lutsharel Geertruida,DEF,RB,0,0.0,0.7385236406656684,72.9419678236311,1.0,RB,4-4-2,0.0,0.7385236406656684,72.9419678236311,72.9419678236311,MAP_XI_FALSE_POSITIVE
c6221f70-6420-50cb-a8d9-aba5294bf856,22,12,liverpool,d982f8cc-b7f6-5eef-880a-7588a8d9c761,Alexis Mac Allister,MID,LDM,0,12.0,0.9243025850006135,84.91816589888388,1.0,LDM,4-2-3-1,0.0,0.9243025850006135,72.91816589888388,72.91816589888388,HIGH_PSTART_DID_NOT_START
ba89faf8-3800-548a-951b-e5d7ed60ed05,37,7,chelsea,412fc00b-6fb5-5606-bb30-04e075a83220,Robert Sánchez,GK,GK,1,90.0,0.2451374654635831,17.086559943227513,1.0,GK,4-2-3-1,1.0,0.7548625345364169,-72.91344005677249,72.91344005677249,MINUTE_ERROR_45PLUS
fef47b9a-ab98-50c0-a72f-57c356ba1514,29,18,tottenham-hotspur,9e042355-866c-5b17-9097-0d84e263ecf3,Kevin Danso,DEF,RCB,1,90.0,0.19009649035126142,17.17225728893814,0.0,UNKNOWN,UNKNOWN,1.0,0.8099035096487386,-72.82774271106186,72.82774271106186,LOW_PSTART_STARTED
8f269e69-30e8-524b-8bbd-2a4eba3eecb6,31,10,fulham,af777f5c-5e76-5ea9-8f99-a7a8459df650,Kenny Tete,DEF,RB,0,0.0,0.8005331313436811,72.6874864379626,1.0,RB,4-2-3-1,0.0,0.8005331313436811,72.6874864379626,72.6874864379626,HIGH_PSTART_DID_NOT_START
f5b8d4db-d7b4-5da2-a157-94fd8af41961,25,20,wolverhampton-wanderers,00cc549f-a9f0-54b0-8cbc-ef47c7f8251b,André Trindade da Costa Neto,MID,CM,0,0.0,0.8738160819800808,72.68725026329128,1.0,CM,3-5-2,0.0,0.8738160819800808,72.68725026329128,72.68725026329128,HIGH_PSTART_DID_NOT_START
4366c228-7c85-5d35-8048-663446bd1b28,25,11,leeds-united,9066de74-0bf4-5c6d-8a3f-3b977b735a67,Anton Stach,MID,LCM,0,0.0,0.8973924050714193,72.63474168878774,1.0,LCM,3-5-2,0.0,0.8973924050714193,72.63474168878774,72.63474168878774,HIGH_PSTART_DID_NOT_START
25abf903-06d4-5b30-9573-1ca6d4317c79,36,14,manchester-united,3da0d46a-b47e-5811-9668-ebfa18ca336a,Ayden Heaven,DEF,LCB,0,0.0,0.7927385185167425,72.55656254302684,1.0,LCB,4-2-3-1,0.0,0.7927385185167425,72.55656254302684,72.55656254302684,MAP_XI_FALSE_POSITIVE
092fe1c5-46c7-5bc7-a34b-822cf838d6ab,36,13,manchester-city,8f8bfbcb-af82-5a5c-952d-234afde668ad,Rayan Aït-Nouri,DEF,LB,1,90.0,0.2119057470768082,17.475806740601378,0.0,UNKNOWN,UNKNOWN,1.0,0.7880942529231918,-72.52419325939863,72.52419325939863,MAP_XI_FALSE_NEGATIVE
0cd96418-d40d-591e-8b10-b423d657377d,33,3,burnley,f5da0015-9c1c-5ba2-a447-9fc51ceed482,Josh Laurent,MID,RCB,1,86.0,0.09576478769647438,13.514304334797078,0.0,UNKNOWN,UNKNOWN,1.0,0.9042352123035257,-72.48569566520293,72.48569566520293,LOW_PSTART_STARTED
092fe1c5-46c7-5bc7-a34b-822cf838d6ab,36,13,manchester-city,eebb4710-6fe9-53e9-81e0-a650547126a0,Rayan Cherki,MID,CAM,0,11.0,0.8976665244762593,83.4400192301217,1.0,CAM,4-2-3-1,0.0,0.8976665244762593,72.4400192301217,72.4400192301217,HIGH_PSTART_DID_NOT_START
7769decc-98b9-5b54-a4a3-fc4aa47199e9,35,1,arsenal,8bac1cb7-1c33-563a-9137-8a394efb10f5,Myles Lewis-Skelly,DEF,LB,1,90.0,0.14978214734280676,17.587827763427804,0.0,UNKNOWN,UNKNOWN,1.0,0.8502178526571933,-72.41217223657219,72.41217223657219,LOW_PSTART_STARTED
82942d44-0127-5fda-9351-a16d844fb795,35,2,aston-villa,b4f928ae-7ba3-580f-98d8-aafd811dfc4b,Lucas Digne,DEF,LB,0,0.0,0.7745512839929297,72.37867598727973,1.0,LB,4-2-3-1,0.0,0.7745512839929297,72.37867598727973,72.37867598727973,MAP_XI_FALSE_POSITIVE
f2500cd6-3213-514b-bc50-11600f2a02df,24,18,tottenham-hotspur,8e00491e-df3c-59d8-8196-500825daf087,João Palhinha Gonçalves,MID,RDM,1,90.0,0.1506223778660258,17.62651512319585,0.0,UNKNOWN,UNKNOWN,1.0,0.8493776221339742,-72.37348487680416,72.37348487680416,LOW_PSTART_STARTED
98cff3cf-1de8-5696-a0e6-f4967eacc3c6,34,2,aston-villa,d66fa01c-cc13-5ddf-bec4-31c90df4cade,Pau Torres,DEF,LCB,1,90.0,0.18908074384662193,17.632603095653156,0.0,UNKNOWN,UNKNOWN,1.0,0.810919256153378,-72.36739690434685,72.36739690434685,LOW_PSTART_STARTED
6087d963-451a-5a7b-b016-d3853de520ea,22,11,leeds-united,542e61a7-899c-5785-91c5-c76ab1e53e2d,Lucas Estella Perri,GK,GK,0,0.0,0.8033314131218436,72.34632237288108,1.0,GK,3-5-2,0.0,0.8033314131218436,72.34632237288108,72.34632237288108,HIGH_PSTART_DID_NOT_START
82942d44-0127-5fda-9351-a16d844fb795,35,18,tottenham-hotspur,95129b97-e678-584a-9c78-bc2d29fd7dfa,Destiny Udogie,DEF,LB,1,90.0,0.1365688924126691,17.673921483387844,0.0,UNKNOWN,UNKNOWN,1.0,0.8634311075873309,-72.32607851661216,72.32607851661216,LOW_PSTART_STARTED
e1b64232-1ee4-522c-b106-e651d9eba4ea,38,13,manchester-city,138e28b4-ff6e-5598-bbd5-0b255b509b73,Tijjani Reijnders,MID,RCM,1,76.0,0.04572931251382632,3.7120231428354096,0.0,UNKNOWN,UNKNOWN,1.0,0.9542706874861737,-72.2879768571646,72.2879768571646,LOW_PSTART_STARTED
1d93b2bc-9b09-5ae2-aa5b-82d56694fa9c,22,18,tottenham-hotspur,8e00491e-df3c-59d8-8196-500825daf087,João Palhinha Gonçalves,MID,RDM,0,0.0,0.7658732506787501,72.27483819378003,0.0,UNKNOWN,UNKNOWN,0.0,0.7658732506787501,72.27483819378003,72.27483819378003,MINUTE_ERROR_45PLUS
1ce47acb-bab6-57a0-b8fc-b4936d9f71f7,31,2,aston-villa,0af685cb-5dfb-5870-a8e7-c5f8568a71ad,Tyrone Mings,DEF,LCB,0,0.0,0.7892291864288612,72.19400117444712,1.0,LCB,4-2-3-1,0.0,0.7892291864288612,72.19400117444712,72.19400117444712,MAP_XI_FALSE_POSITIVE
53a5b9eb-ba57-5a74-9126-31f1c9776a9b,38,12,liverpool,9e1945d4-3c6d-54ed-b8d0-6ba8f66541c2,Andrew Robertson,DEF,LB,1,82.0,0.1447138815348718,9.942282195502191,0.0,UNKNOWN,UNKNOWN,1.0,0.8552861184651281,-72.05771780449781,72.05771780449781,LOW_PSTART_STARTED
95efeb72-d689-58fb-a022-ffad47516d80,35,7,chelsea,932d386d-f372-53de-a37f-381a73a67e07,Jorrel Hato,DEF,LCB,0,0.0,0.7710158444154684,71.97703168180729,0.0,UNKNOWN,UNKNOWN,0.0,0.7710158444154684,71.97703168180729,71.97703168180729,MINUTE_ERROR_45PLUS
4e3797d6-a1bb-50e5-9754-8c9a138c6c48,29,20,wolverhampton-wanderers,87fd1c0a-a5f8-5f19-b233-de67537cdeb2,Hugo Bueno López,DEF,LWB,0,11.0,0.9165219646684264,82.96331309744981,1.0,LWB,3-5-2,0.0,0.9165219646684264,71.96331309744981,71.96331309744981,HIGH_PSTART_DID_NOT_START
53a5b9eb-ba57-5a74-9126-31f1c9776a9b,38,12,liverpool,bb7d5990-008e-5f6d-871a-83ec4490dd2d,Alisson Ramses Becker,GK,GK,1,90.0,0.2000304109657506,18.066688441470628,0.0,UNKNOWN,UNKNOWN,1.0,0.7999695890342494,-71.93331155852937,71.93331155852937,MAP_XI_FALSE_NEGATIVE
1c02d8a1-3fe4-50a6-a833-13460c80973f,34,18,tottenham-hotspur,2eec990a-7277-5fb6-b8c8-10423fefbb47,Djed Spence,DEF,LB,1,90.0,0.2634349626259326,18.100677868432527,0.0,UNKNOWN,UNKNOWN,1.0,0.7365650373740674,-71.89932213156747,71.89932213156747,MAP_XI_FALSE_NEGATIVE
1e0e866b-bb70-545e-b6dc-8a8424b208c6,23,12,liverpool,5ac01d0b-69fc-5dea-acd4-ecdaec724a83,Mohamed Salah,MID,RAM,1,90.0,0.1348175366072448,18.14841318754584,0.0,UNKNOWN,UNKNOWN,1.0,0.8651824633927552,-71.85158681245416,71.85158681245416,LOW_PSTART_STARTED
579fdcbf-5156-533a-8f5f-a9226e3d60d1,26,6,brighton-hove-albion,85e0702e-8a5f-5470-a46a-a212a63f3661,Joël Veltman,DEF,RB,1,90.0,0.15285315709416114,18.160600740140854,0.0,UNKNOWN,UNKNOWN,1.0,0.8471468429058389,-71.83939925985915,71.83939925985915,LOW_PSTART_STARTED
622cfd32-fefc-538b-92e0-7c761e8052b4,30,15,newcastle-united,8385a2b5-f514-5b12-aa58-82c05b0c3586,Jacob Ramsey,MID,RCM,1,90.0,0.35085392225155665,18.181100185942192,1.0,RCM,4-3-3,1.0,0.6491460777484434,-71.8188998140578,71.8188998140578,MINUTE_ERROR_45PLUS
ebb30294-ec65-5a92-a141-2fa11e9b549c,30,13,manchester-city,a71d684a-cc48-5dab-9f2a-addd0208884c,Rúben Gato Alves Dias,DEF,RCB,0,0.0,0.7795862493653375,71.80720158343657,1.0,RCB,4-4-2,0.0,0.7795862493653375,71.80720158343657,71.80720158343657,MAP_XI_FALSE_POSITIVE
a978de95-3470-5a5c-8447-f0d0b4150448,36,8,crystal-palace,12886371-5fae-5789-af23-d20764ecfe3e,Daniel Muñoz,DEF,RWB,1,90.0,0.35915562167842036,18.19949988733422,1.0,RWB,3-4-2-1,1.0,0.6408443783215796,-71.80050011266579,71.80050011266579,MINUTE_ERROR_45PLUS
47e684ca-483b-5eca-8ec1-c94a86f9452a,28,3,burnley,145d420f-bb1d-5646-81b9-1baf31260fb4,Marcus Edwards,MID,RAM,0,0.0,0.7684430442508764,71.79874962215503,1.0,RAM,3-4-2-1,0.0,0.7684430442508764,71.79874962215503,71.79874962215503,MAP_XI_FALSE_POSITIVE
3a30f4e1-3142-58d9-9e6c-52cb2fb9f8b8,27,16,nottingham-forest,f3622ce0-e53f-5501-815d-62c51a6d4fea,Felipe Rodrigues da Silva,DEF,LCB,0,0.0,0.7409624929446132,71.77220998883875,1.0,LCB,4-2-3-1,0.0,0.7409624929446132,71.77220998883875,71.77220998883875,MAP_XI_FALSE_POSITIVE
ba89faf8-3800-548a-951b-e5d7ed60ed05,37,7,chelsea,d7143aed-fcb8-5af3-8721-72433dd889d7,Filip Jørgensen,GK,GK,0,0.0,0.7642696861376729,71.75583586699445,0.0,UNKNOWN,UNKNOWN,0.0,0.7642696861376729,71.75583586699445,71.75583586699445,MINUTE_ERROR_45PLUS
8b19f294-8fed-5a60-8498-f5c9c1b8d138,24,12,liverpool,66e53a63-86c7-5b13-92b7-7f9d7f77e440,Ibrahima Konaté,DEF,RCB,1,90.0,0.20132554683241713,18.256353687286033,1.0,RCB,4-2-3-1,1.0,0.7986744531675829,-71.74364631271396,71.74364631271396,MINUTE_ERROR_45PLUS
d9ace39d-a5ca-5496-84cb-231df913a305,25,4,afc-bournemouth,5e18290b-6577-5a0a-9541-c1bab3c65004,Adam Smith,DEF,RB,0,4.0,0.8190132220167747,75.740516115045,1.0,RB,4-2-3-1,0.0,0.8190132220167747,71.740516115045,71.740516115045,HIGH_PSTART_DID_NOT_START
765085cb-7964-5516-8303-f380c3d19685,27,17,sunderland,cde7eda9-ac09-5cd3-abff-bd8116cd4a4e,Reinildo Mandava,DEF,LB,0,0.0,0.7967991707606283,71.7178033520467,1.0,LB,4-2-3-1,0.0,0.7967991707606283,71.7178033520467,71.7178033520467,MAP_XI_FALSE_POSITIVE
35e69758-b8a6-5f8b-9c26-dc2813d81978,34,12,liverpool,b02dbbb7-35b6-53d3-be68-f7c1b2c4e70f,Ryan Gravenberch,MID,RDM,0,11.0,0.8691678818511264,82.69690130362589,1.0,RDM,4-2-3-1,0.0,0.8691678818511264,71.69690130362589,71.69690130362589,HIGH_PSTART_DID_NOT_START
085aaeeb-84d3-58e5-8616-6a821bcd07d0,25,15,newcastle-united,7d97f99a-8163-5c05-a74a-5dd9794bd812,Dan Burn,DEF,LCB,0,3.0,0.8277888155545494,74.57503551892533,1.0,LCB,4-3-3,0.0,0.8277888155545494,71.57503551892533,71.57503551892533,HIGH_PSTART_DID_NOT_START
7eb9f651-a02f-59cf-843e-8b905b79f98c,38,10,fulham,f0504a37-2a31-5f04-8704-2c307c2384cd,Sander Berge,MID,LDM,1,90.0,0.4029380156550052,18.6053733534551,1.0,LDM,4-2-3-1,1.0,0.5970619843449948,-71.3946266465449,71.3946266465449,MINUTE_ERROR_45PLUS
7769decc-98b9-5b54-a4a3-fc4aa47199e9,35,10,fulham,ada8c7db-805e-5910-b00a-946e17af3218,Ryan Sessegnon,MID,LB,0,0.0,0.8615448142779173,71.37548608592894,1.0,LB,4-2-3-1,0.0,0.8615448142779173,71.37548608592894,71.37548608592894,HIGH_PSTART_DID_NOT_START
b5ed6c3e-25b0-50e3-8e36-86250fd00a0b,30,3,burnley,032150f9-1246-5989-8ac4-532f1e3bce74,Lesley Ugochukwu,MID,RCM,0,2.0,0.8306371743565083,73.37219314994687,1.0,RCM,3-4-2-1,0.0,0.8306371743565083,71.37219314994687,71.37219314994687,HIGH_PSTART_DID_NOT_START
9d7e2609-879a-5940-b916-fce719c34570,32,14,manchester-united,06edf8b9-4201-50b7-b9f9-2e6a7842f113,Kobbie Mainoo,MID,LDM,0,0.0,0.7724079054603352,71.31903735538526,1.0,LDM,4-2-3-1,0.0,0.7724079054603352,71.31903735538526,71.31903735538526,MAP_XI_FALSE_POSITIVE
70cc935f-f357-52d9-b752-3a2a21e28e41,30,2,aston-villa,359bea2a-202d-5b9f-be77-415683313cef,Ian Maatsen,DEF,LB,0,8.0,0.855122228097312,79.31281403025284,1.0,LB,4-2-3-1,0.0,0.855122228097312,71.31281403025284,71.31281403025284,HIGH_PSTART_DID_NOT_START
f82cddfd-b545-5509-9c99-a1ae615e0130,38,3,burnley,208bc81b-07bb-5202-9b86-f6535ba1a7a7,Maxime Esteve,DEF,LCB,0,0.0,0.8681603561487262,71.28666819344986,1.0,LCB,3-4-2-1,0.0,0.8681603561487262,71.28666819344986,71.28666819344986,HIGH_PSTART_DID_NOT_START
0d6a442b-e1f2-53f3-a9a8-0b75c19465d8,38,8,crystal-palace,39a54236-bfd4-52f7-8b23-eeb8ca167d6d,Chris Richards,DEF,RCB,0,0.0,0.7161227714752333,71.23752203876694,1.0,RCB,3-4-2-1,0.0,0.7161227714752333,71.23752203876694,71.23752203876694,MAP_XI_FALSE_POSITIVE
3670426a-a771-510e-9762-2f3db0f13f12,27,11,leeds-united,9066de74-0bf4-5c6d-8a3f-3b977b735a67,Anton Stach,MID,LCM,1,82.0,0.12618077126202829,10.765465217956397,0.0,UNKNOWN,UNKNOWN,1.0,0.8738192287379717,-71.2345347820436,71.2345347820436,LOW_PSTART_STARTED
081f5491-2f1e-5422-bb74-cd9ec55d87c9,26,10,fulham,184a3e3b-1fa2-5323-8175-88f9b20eb992,Calvin Bassey,DEF,LCB,1,90.0,0.17873642668760603,18.850453584450683,0.0,UNKNOWN,UNKNOWN,1.0,0.821263573312394,-71.14954641554931,71.14954641554931,LOW_PSTART_STARTED
7c80f6d1-598d-5dcc-b7e4-44865b2ed593,23,6,brighton-hove-albion,85e0702e-8a5f-5470-a46a-a212a63f3661,Joël Veltman,DEF,RB,0,0.0,0.7591406429391867,71.00237413701738,1.0,RB,4-2-3-1,0.0,0.7591406429391867,71.00237413701738,71.00237413701738,MAP_XI_FALSE_POSITIVE
03ba7107-f9dd-5a5e-8bcd-9aa4919ff36d,22,9,everton,d8394430-94ff-553e-be45-217705fee1db,Nathan Patterson,DEF,RB,1,90.0,0.22296457154796787,18.999533538662753,0.0,UNKNOWN,UNKNOWN,1.0,0.7770354284520321,-71.00046646133725,71.00046646133725,MAP_XI_FALSE_NEGATIVE
081f5491-2f1e-5422-bb74-cd9ec55d87c9,26,10,fulham,af777f5c-5e76-5ea9-8f99-a7a8459df650,Kenny Tete,DEF,RB,1,90.0,0.28404622147078606,19.062178884110224,0.0,UNKNOWN,UNKNOWN,1.0,0.7159537785292139,-70.93782111588978,70.93782111588978,MAP_XI_FALSE_NEGATIVE
e1b64232-1ee4-522c-b106-e651d9eba4ea,38,2,aston-villa,0af685cb-5dfb-5870-a8e7-c5f8568a71ad,Tyrone Mings,DEF,LCB,1,90.0,0.20201805851189183,19.17581665438854,0.0,UNKNOWN,UNKNOWN,1.0,0.7979819414881082,-70.82418334561146,70.82418334561146,MAP_XI_FALSE_NEGATIVE
7c7ef9d4-1e3b-5684-8a5f-8f641b36aa9d,24,14,manchester-united,fba35e22-cb10-554f-ad2e-e62d2b5a5da8,Patrick Dorgu,DEF,LAM,0,0.0,0.8545570445617566,70.77870759324465,1.0,LAM,3-4-2-1,0.0,0.8545570445617566,70.77870759324465,70.77870759324465,HIGH_PSTART_DID_NOT_START
02c1a42f-1cb3-5453-a3e8-cca6c129d901,33,2,aston-villa,d66fa01c-cc13-5ddf-bec4-31c90df4cade,Pau Torres,DEF,LCB,0,0.0,0.782915106696535,70.74558637657492,1.0,LCB,4-2-3-1,0.0,0.782915106696535,70.74558637657492,70.74558637657492,MAP_XI_FALSE_POSITIVE
03ba7107-f9dd-5a5e-8bcd-9aa4919ff36d,22,9,everton,9cb12f76-aa67-5f6a-9571-1925e3cbe9ef,Tim Iroegbunam,MID,RDM,0,0.0,0.7855568449523588,70.66990955475731,1.0,RDM,4-2-3-1,0.0,0.7855568449523588,70.66990955475731,70.66990955475731,MAP_XI_FALSE_POSITIVE
03ba7107-f9dd-5a5e-8bcd-9aa4919ff36d,22,2,aston-villa,cb53d8d9-b190-5b1f-adab-60f5562d5d10,Victor Lindelöf,DEF,LCB,0,0.0,0.7741586624874004,70.66475378003432,1.0,LCB,4-2-3-1,0.0,0.7741586624874004,70.66475378003432,70.66475378003432,MAP_XI_FALSE_POSITIVE
3418c353-5740-5e88-81c0-761343aedea4,32,12,liverpool,9e1945d4-3c6d-54ed-b8d0-6ba8f66541c2,Andrew Robertson,DEF,LB,1,90.0,0.1275268678384485,19.386591036677313,0.0,UNKNOWN,UNKNOWN,1.0,0.8724731321615515,-70.61340896332268,70.61340896332268,LOW_PSTART_STARTED
4969d7af-c9d1-5c54-8620-d87f0b49cff8,36,7,chelsea,932d386d-f372-53de-a37f-381a73a67e07,Jorrel Hato,DEF,LCB,1,90.0,0.18748506437912632,19.438005685785015,0.0,UNKNOWN,UNKNOWN,1.0,0.8125149356208736,-70.56199431421499,70.56199431421499,LOW_PSTART_STARTED
52ecb34c-b2fd-592c-b014-dc770fdef03b,29,10,fulham,ada8c7db-805e-5910-b00a-946e17af3218,Ryan Sessegnon,MID,LB,0,8.0,0.8461259873686862,78.53610205196496,1.0,LB,4-2-3-1,0.0,0.8461259873686862,70.53610205196496,70.53610205196496,HIGH_PSTART_DID_NOT_START
c6221f70-6420-50cb-a8d9-aba5294bf856,22,3,burnley,f5da0015-9c1c-5ba2-a447-9fc51ceed482,Josh Laurent,MID,RCB,0,5.0,0.8234440529837718,75.50758700376686,1.0,RCB,3-4-3,0.0,0.8234440529837718,70.50758700376686,70.50758700376686,HIGH_PSTART_DID_NOT_START
82942d44-0127-5fda-9351-a16d844fb795,35,2,aston-villa,359bea2a-202d-5b9f-be77-415683313cef,Ian Maatsen,DEF,LB,1,90.0,0.2165357155070472,19.552821214718797,0.0,UNKNOWN,UNKNOWN,1.0,0.7834642844929528,-70.44717878528121,70.44717878528121,MAP_XI_FALSE_NEGATIVE
02c1a42f-1cb3-5453-a3e8-cca6c129d901,33,2,aston-villa,91321184-4f36-5c7d-80ee-090e5416c822,Marco Bizot,GK,GK,0,0.0,0.7710853172828745,70.3710493148663,0.0,UNKNOWN,UNKNOWN,0.0,0.7710853172828745,70.3710493148663,70.3710493148663,MINUTE_ERROR_45PLUS
e1b64232-1ee4-522c-b106-e651d9eba4ea,38,13,manchester-city,7eb8003c-fda3-5fc5-8d67-ca7a0d89468c,John Stones,DEF,RCB,1,77.0,0.05778725100419142,6.62958997003294,0.0,UNKNOWN,UNKNOWN,1.0,0.9422127489958085,-70.37041002996706,70.37041002996706,LOW_PSTART_STARTED
0a9d6243-8e34-53a1-aac3-295adbb204df,29,6,brighton-hove-albion,a5750705-f098-5007-84b9-214a2063f4c8,James Milner,MID,RDM,0,0.0,0.700082452327169,70.33563724657421,1.0,RDM,4-2-3-1,0.0,0.700082452327169,70.33563724657421,70.33563724657421,MAP_XI_FALSE_POSITIVE
9bd2ffae-fc89-5d81-90f1-964fb8e98ceb,38,11,leeds-united,5a70a2e2-7a8a-554e-9ac0-d3c00ac6383f,Pascal Struijk,DEF,LCB,1,90.0,0.331051773317716,19.692565514350083,1.0,LCB,3-5-2,1.0,0.6689482266822839,-70.30743448564992,70.30743448564992,MINUTE_ERROR_45PLUS
16495e99-1e75-5b2f-a337-1dfde9ddfe08,33,6,brighton-hove-albion,de6b06be-d7b4-506e-9177-df5cf336214a,Yasin Ayari,MID,RDM,0,8.0,0.8557413201260272,78.21519010555522,1.0,RDM,4-2-3-1,0.0,0.8557413201260272,70.21519010555522,70.21519010555522,HIGH_PSTART_DID_NOT_START
112601d1-209f-5611-b63b-01d0992c4ddd,26,7,chelsea,ec2bf467-94f7-5b79-97a2-3632c0d199a8,Wesley Fofana,DEF,RCB,0,11.0,0.869248612714846,81.1442258568819,1.0,RCB,4-2-3-1,0.0,0.869248612714846,70.1442258568819,70.1442258568819,HIGH_PSTART_DID_NOT_START
081f5491-2f1e-5422-bb74-cd9ec55d87c9,26,10,fulham,e2d4248d-32fc-5ca0-8ae6-6abd3c22634e,Timothy Castagne,DEF,RB,0,0.0,0.802329952869877,70.00218213158303,1.0,RB,4-2-3-1,0.0,0.802329952869877,70.00218213158303,70.00218213158303,HIGH_PSTART_DID_NOT_START
54675f42-95ba-5491-a3fd-06557d576830,31,12,liverpool,0ffc6ec2-ca3e-5db4-8ebf-a8eba45464b9,Joseph Gomez,DEF,RB,0,0.0,0.740911168958199,69.99485539487141,0.0,UNKNOWN,UNKNOWN,0.0,0.740911168958199,69.99485539487141,69.99485539487141,MINUTE_ERROR_45PLUS
1b47cbbf-a45e-55fb-ad9b-c13fd7e12a53,35,17,sunderland,483fd668-a74d-5c5c-9111-a023961f914b,Chemsdine Talbi,MID,LW,1,90.0,0.14394310838921967,20.06004564515374,0.0,UNKNOWN,UNKNOWN,1.0,0.8560568916107804,-69.93995435484626,69.93995435484626,LOW_PSTART_STARTED
c6221f70-6420-50cb-a8d9-aba5294bf856,22,12,liverpool,1f949251-9252-593a-a2f0-d26d1f7e776b,Hugo Ekitiké,FWD,ST,1,90.0,0.20649720689617837,20.082061460767534,1.0,ST,4-2-3-1,1.0,0.7935027931038217,-69.91793853923247,69.91793853923247,MINUTE_ERROR_45PLUS
42e4a271-71e1-5966-a539-bf677d41e025,28,12,liverpool,69b2f335-365b-5201-b36b-babf799e628a,Curtis Jones,MID,LDM,0,0.0,0.8205421553108455,69.9059856151209,0.0,UNKNOWN,UNKNOWN,0.0,0.8205421553108455,69.9059856151209,69.9059856151209,HIGH_PSTART_DID_NOT_START
1ce6ee26-3057-5ae0-a140-416d1bd98ae2,35,8,crystal-palace,a5346cce-0d2c-5baf-97da-d70579ec7aa9,Chadi Riad Dnanou,DEF,LCB,1,75.0,0.03719673297215952,5.111696264646295,0.0,UNKNOWN,UNKNOWN,1.0,0.9628032670278405,-69.8883037353537,69.8883037353537,LOW_PSTART_STARTED
798085e6-30c4-5023-9459-9ecd515df77f,26,4,afc-bournemouth,6caa4dfe-3a1a-5c7f-84ef-7342cdfb5745,Lewis Cook,MID,LDM,0,10.0,0.8702905174500031,79.78731601612185,1.0,LDM,4-2-3-1,0.0,0.8702905174500031,69.78731601612185,69.78731601612185,HIGH_PSTART_DID_NOT_START
1d93b2bc-9b09-5ae2-aa5b-82d56694fa9c,22,18,tottenham-hotspur,27ff0ef1-a31f-5e26-bb7d-035a4248bad2,Rodrigo Bentancur,MID,RDM,0,0.0,0.7705242517962267,69.76486624262857,1.0,RDM,4-2-3-1,0.0,0.7705242517962267,69.76486624262857,69.76486624262857,MAP_XI_FALSE_POSITIVE
3d697222-511a-5186-8b43-b412dd31f564,28,16,nottingham-forest,a493cdaf-9cab-5479-8687-9533f241460c,Stefan Ortega Moreno,GK,GK,0,0.0,0.7733791565053365,69.7608667509406,1.0,GK,4-2-3-1,0.0,0.7733791565053365,69.7608667509406,69.7608667509406,MAP_XI_FALSE_POSITIVE
35e69758-b8a6-5f8b-9c26-dc2813d81978,34,12,liverpool,7a5568a1-0d6a-5388-9fe2-daf7af01c339,Freddie Woodman,GK,UNKNOWN,1,90.0,0.16871020664493344,20.24019550614436,0.0,UNKNOWN,UNKNOWN,1.0,0.8312897933550666,-69.75980449385564,69.75980449385564,LOW_PSTART_STARTED
7729aaf4-dd5e-5f38-a0a4-430fccf34c7c,30,17,sunderland,483fd668-a74d-5c5c-9111-a023961f914b,Chemsdine Talbi,MID,LAM,1,84.0,0.1688794810769537,14.325240186614169,0.0,UNKNOWN,UNKNOWN,1.0,0.8311205189230463,-69.67475981338583,69.67475981338583,LOW_PSTART_STARTED
57b20b8b-c663-5991-a397-771f728fd27c,33,1,arsenal,985b9a31-a1a8-56e4-8ff5-61888deeb760,Piero Hincapié,DEF,LB,1,90.0,0.1872341800336532,20.381659964217498,0.0,UNKNOWN,UNKNOWN,1.0,0.8127658199663468,-69.6183400357825,69.6183400357825,LOW_PSTART_STARTED
6f555168-6fa4-5bdb-ad1e-d646c8e0f78a,24,5,brentford,0fc3de1a-eecc-53a7-b727-451560c890d1,Kristoffer Ajer,DEF,RCB,1,90.0,0.4428499428655096,20.417502763797813,0.0,UNKNOWN,UNKNOWN,1.0,0.5571500571344904,-69.58249723620219,69.58249723620219,MAP_XI_FALSE_NEGATIVE
6087d963-451a-5a7b-b016-d3853de520ea,22,11,leeds-united,9066de74-0bf4-5c6d-8a3f-3b977b735a67,Anton Stach,MID,LCM,0,0.0,0.8500984431867473,69.57958832863771,1.0,LCM,3-5-2,0.0,0.8500984431867473,69.57958832863771,69.57958832863771,HIGH_PSTART_DID_NOT_START
16495e99-1e75-5b2f-a337-1dfde9ddfe08,33,7,chelsea,5b51fc3a-1f45-56e1-9ecc-0bda87474227,Enzo Fernández,MID,CAM,1,90.0,0.213814059129188,20.43645523717314,0.0,UNKNOWN,UNKNOWN,1.0,0.7861859408708121,-69.56354476282687,69.56354476282687,MAP_XI_FALSE_NEGATIVE
c24850ac-b48a-5ac5-91e3-bc422c2e52a4,27,18,tottenham-hotspur,44d564d8-1d6f-5d92-906d-972644650a55,Yves Bissouma,MID,LCM,1,90.0,0.3236486772068387,20.467881324625665,0.0,UNKNOWN,UNKNOWN,1.0,0.6763513227931612,-69.53211867537433,69.53211867537433,MAP_XI_FALSE_NEGATIVE
579fdcbf-5156-533a-8f5f-a9226e3d60d1,26,6,brighton-hove-albion,b0761079-7e99-5095-aa38-877404766193,Jack Hinshelwood,MID,LDM,1,90.0,0.24431993914464925,20.588609500621565,0.0,UNKNOWN,UNKNOWN,1.0,0.7556800608553508,-69.41139049937843,69.41139049937843,MAP_XI_FALSE_NEGATIVE
95efeb72-d689-58fb-a022-ffad47516d80,35,7,chelsea,653dcb32-98a1-5bdb-afc4-4dcee772c921,Pedro Lomba Neto,MID,LAM,0,0.0,0.752935652710937,69.33688885325049,1.0,RAM,4-2-3-1,0.0,0.752935652710937,69.33688885325049,69.33688885325049,MAP_XI_FALSE_POSITIVE
b4ec0cde-d0bf-5e52-a05a-625335240554,37,19,west-ham-united,7464bba2-d459-5382-a1a5-4bc52ebe7af2,Callum Wilson,FWD,ST,1,90.0,0.21071550498966965,20.741117271371213,1.0,ST,4-4-2,1.0,0.7892844950103304,-69.25888272862879,69.25888272862879,MINUTE_ERROR_45PLUS
8f269e69-30e8-524b-8bbd-2a4eba3eecb6,31,10,fulham,e2d4248d-32fc-5ca0-8ae6-6abd3c22634e,Timothy Castagne,DEF,RB,1,90.0,0.21092596789449433,20.75270241637249,0.0,UNKNOWN,UNKNOWN,1.0,0.7890740321055056,-69.24729758362751,69.24729758362751,MAP_XI_FALSE_NEGATIVE
53a5b9eb-ba57-5a74-9126-31f1c9776a9b,38,12,liverpool,f2831f63-18d0-5405-9349-288d723614fe,Giorgi Mamardashvili,GK,GK,0,0.0,0.767916572744276,69.23297195247112,1.0,GK,4-2-3-1,0.0,0.767916572744276,69.23297195247112,69.23297195247112,MAP_XI_FALSE_POSITIVE
5556a528-cdc7-5a14-8fd1-7f9b7820b711,32,3,burnley,f5da0015-9c1c-5ba2-a447-9fc51ceed482,Josh Laurent,MID,RCB,0,0.0,0.710156292453857,69.22919921844439,0.0,UNKNOWN,UNKNOWN,0.0,0.710156292453857,69.22919921844439,69.22919921844439,MINUTE_ERROR_45PLUS
03ba7107-f9dd-5a5e-8bcd-9aa4919ff36d,22,9,everton,b429ad96-edac-5640-8304-cd7a0cf6d7fa,Michael Keane,DEF,LCB,0,0.0,0.8335042454599847,69.10484978848888,1.0,LCB,4-2-3-1,0.0,0.8335042454599847,69.10484978848888,69.10484978848888,HIGH_PSTART_DID_NOT_START
94fcf566-2f2f-5764-a094-bd41afb36a13,28,9,everton,563b4da9-f592-5401-92eb-a55748a6e3e1,Vitalii Mykolenko,DEF,LB,1,90.0,0.23228547239860559,20.936754974009062,1.0,LB,4-2-3-1,1.0,0.7677145276013944,-69.06324502599094,69.06324502599094,MINUTE_ERROR_45PLUS
9403bea8-f4be-5480-8cc6-7a1e94097a3f,23,18,tottenham-hotspur,1ffce999-e957-5580-a533-b5ad7d8de028,Dominic Solanke,FWD,UNKNOWN,1,90.0,0.18643020978300276,20.94829246186204,0.0,UNKNOWN,UNKNOWN,1.0,0.8135697902169973,-69.05170753813796,69.05170753813796,LOW_PSTART_STARTED
0d6a442b-e1f2-53f3-a9a8-0b75c19465d8,38,8,crystal-palace,73fbac33-4713-58ec-b9bd-242dfec592a2,Adam Wharton,MID,RCM,0,16.0,0.9313427814507321,85.035446961164,1.0,RCM,3-4-2-1,0.0,0.9313427814507321,69.035446961164,69.035446961164,HIGH_PSTART_DID_NOT_START
d9ace39d-a5ca-5496-84cb-231df913a305,25,2,aston-villa,d66fa01c-cc13-5ddf-bec4-31c90df4cade,Pau Torres,DEF,LCB,0,0.0,0.7709440225992676,68.97258070074909,1.0,LCB,4-2-3-1,0.0,0.7709440225992676,68.97258070074909,68.97258070074909,MAP_XI_FALSE_POSITIVE
0d6a442b-e1f2-53f3-a9a8-0b75c19465d8,38,1,arsenal,70c234df-f148-59b3-b1f9-6d390e9cf562,Noni Madueke,MID,RW,1,83.0,0.10850214949035689,14.045079324130693,0.0,UNKNOWN,UNKNOWN,1.0,0.8914978505096431,-68.9549206758693,68.9549206758693,LOW_PSTART_STARTED
39b8a542-1ee7-5117-ab73-ee2227c88c33,33,15,newcastle-united,133b6e37-92c1-5dc9-a4dd-a5f957768626,Joelinton Cássio Apolinário de Lira,MID,LCM,0,0.0,0.7753814883051204,68.91694926828586,1.0,LCM,4-3-3,0.0,0.7753814883051204,68.91694926828586,68.91694926828586,MAP_XI_FALSE_POSITIVE
4366c228-7c85-5d35-8048-663446bd1b28,25,16,nottingham-forest,368ba0e1-be00-5ed2-af7e-82ca90752b95,Zach Abbott,DEF,UNKNOWN,1,75.0,0.05632426925560763,6.146405294051892,0.0,UNKNOWN,UNKNOWN,1.0,0.9436757307443924,-68.85359470594811,68.85359470594811,LOW_PSTART_STARTED
31ef1d95-b095-52ae-918e-26ed91e99a77,29,2,aston-villa,0af685cb-5dfb-5870-a8e7-c5f8568a71ad,Tyrone Mings,DEF,LCB,1,90.0,0.20366446592409576,21.166127409527768,0.0,UNKNOWN,UNKNOWN,1.0,0.7963355340759042,-68.83387259047223,68.83387259047223,MAP_XI_FALSE_NEGATIVE
82942d44-0127-5fda-9351-a16d844fb795,35,2,aston-villa,0af685cb-5dfb-5870-a8e7-c5f8568a71ad,Tyrone Mings,DEF,LCB,1,90.0,0.2212614853851046,21.17406115242997,0.0,UNKNOWN,UNKNOWN,1.0,0.7787385146148954,-68.82593884757003,68.82593884757003,MAP_XI_FALSE_NEGATIVE
006f69f1-9b0e-551d-bed7-448d3b640101,22,13,manchester-city,138e28b4-ff6e-5598-bbd5-0b255b509b73,Tijjani Reijnders,MID,LCM,0,10.0,0.8837097183185797,78.8175389521485,1.0,RCM,4-3-3,0.0,0.8837097183185797,68.8175389521485,68.8175389521485,HIGH_PSTART_DID_NOT_START
7c80f6d1-598d-5dcc-b7e4-44865b2ed593,23,6,brighton-hove-albion,de6b06be-d7b4-506e-9177-df5cf336214a,Yasin Ayari,MID,RDM,1,90.0,0.22485488550524926,21.30339389865135,0.0,UNKNOWN,UNKNOWN,1.0,0.7751451144947508,-68.69660610134865,68.69660610134865,MAP_XI_FALSE_NEGATIVE
4573eab6-7249-598b-9af6-d00c7d62f223,36,20,wolverhampton-wanderers,a97d91b0-ab9b-5d5d-a9e8-01690cad9588,Tolu Arokodare,FWD,ST,0,1.0,0.7388293593658366,69.69552450997182,1.0,ST,3-5-2,0.0,0.7388293593658366,68.69552450997182,68.69552450997182,MAP_XI_FALSE_POSITIVE
70cc935f-f357-52d9-b752-3a2a21e28e41,30,2,aston-villa,b4f928ae-7ba3-580f-98d8-aafd811dfc4b,Lucas Digne,DEF,LB,1,81.0,0.1466357278574961,12.354447128858826,0.0,UNKNOWN,UNKNOWN,1.0,0.8533642721425039,-68.64555287114118,68.64555287114118,LOW_PSTART_STARTED
ecd48097-3a63-58b6-a353-65332e720c42,32,17,sunderland,6a84c769-ac8f-5aa6-b83b-8d51625d8b35,Melker Ellborg,GK,GK,0,0.0,0.7606127818298449,68.64406178980478,0.0,UNKNOWN,UNKNOWN,0.0,0.7606127818298449,68.64406178980478,68.64406178980478,MINUTE_ERROR_45PLUS
875862ec-2f61-5965-8e94-d3ed55e4bf3f,32,9,everton,b429ad96-edac-5640-8304-cd7a0cf6d7fa,Michael Keane,DEF,LCB,0,0.0,0.7237762315491454,68.58113314757016,1.0,LCB,4-2-3-1,0.0,0.7237762315491454,68.58113314757016,68.58113314757016,MAP_XI_FALSE_POSITIVE
6087d963-451a-5a7b-b016-d3853de520ea,22,11,leeds-united,474896af-e9ef-5bb3-b82b-79c2fb8c891e,Jayden Bogle,DEF,RB,1,80.0,0.10362935507698723,11.440422033733968,0.0,UNKNOWN,UNKNOWN,1.0,0.8963706449230128,-68.55957796626603,68.55957796626603,LOW_PSTART_STARTED
f5b8d4db-d7b4-5da2-a157-94fd8af41961,25,20,wolverhampton-wanderers,94f8d943-9301-57ef-ac78-91de92b9eb41,Emmanuel Agbadou,DEF,CB,0,0.0,0.756475878528369,68.47067092239446,0.0,UNKNOWN,UNKNOWN,0.0,0.756475878528369,68.47067092239446,68.47067092239446,MINUTE_ERROR_45PLUS
9fb7fb28-1745-597c-aab4-27fb0e6c5383,28,11,leeds-united,43ae6b5e-3989-58fb-8540-6a539dd06218,Jaka Bijol,DEF,CB,0,3.0,0.7372873567084284,71.39450941640702,1.0,CB,3-5-2,0.0,0.7372873567084284,68.39450941640702,68.39450941640702,MAP_XI_FALSE_POSITIVE
53a5b9eb-ba57-5a74-9126-31f1c9776a9b,38,12,liverpool,4b503a23-131b-5e74-983e-6d9f3f06f2dd,Milos Kerkez,DEF,LB,0,7.0,0.7987851790741053,75.36038218584747,1.0,LB,4-2-3-1,0.0,0.7987851790741053,68.36038218584747,68.36038218584747,MAP_XI_FALSE_POSITIVE
4366c228-7c85-5d35-8048-663446bd1b28,25,11,leeds-united,3c3955d4-e30d-55eb-924e-d252c6949a50,Ilia Gruev,MID,LCM,1,90.0,0.42065194630805913,21.67733363982437,0.0,UNKNOWN,UNKNOWN,1.0,0.5793480536919409,-68.32266636017563,68.32266636017563,MAP_XI_FALSE_NEGATIVE
457d30c3-d5ec-5fbc-9e3e-b071192ded0c,30,9,everton,9cb12f76-aa67-5f6a-9571-1925e3cbe9ef,Tim Iroegbunam,MID,RDM,1,85.0,0.1644119120027834,16.679401231226212,0.0,UNKNOWN,UNKNOWN,1.0,0.8355880879972166,-68.32059876877379,68.32059876877379,LOW_PSTART_STARTED
457d30c3-d5ec-5fbc-9e3e-b071192ded0c,30,1,arsenal,985b9a31-a1a8-56e4-8ff5-61888deeb760,Piero Hincapié,DEF,LB,0,16.0,0.9276048263643791,84.21558007967118,1.0,LB,4-2-3-1,0.0,0.9276048263643791,68.21558007967118,68.21558007967118,HIGH_PSTART_DID_NOT_START
53a5b9eb-ba57-5a74-9126-31f1c9776a9b,38,5,brentford,f10b2a81-0b74-578a-872a-ded3a4da9ea0,Mikkel Damsgaard,MID,CAM,0,7.0,0.8409548348294076,75.18226658086351,1.0,CAM,4-2-3-1,0.0,0.8409548348294076,68.18226658086351,68.18226658086351,HIGH_PSTART_DID_NOT_START
0d6a442b-e1f2-53f3-a9a8-0b75c19465d8,38,1,arsenal,1a956dd6-5231-5dd8-954b-7236c855bc20,Gabriel Fernando de Jesus,FWD,ST,1,74.0,0.03943295229234377,5.842523503773413,0.0,UNKNOWN,UNKNOWN,1.0,0.9605670477076562,-68.1574764962266,68.1574764962266,LOW_PSTART_STARTED
d810d3c3-dec2-50fb-85ae-1b4d0b80559f,27,19,west-ham-united,9fd390de-abdd-53c9-abf5-63b5a6ec3423,Soungoutou Magassa,MID,RDM,1,83.0,0.22195326359994452,14.846469973307318,0.0,UNKNOWN,UNKNOWN,1.0,0.7780467364000555,-68.15353002669268,68.15353002669268,MAP_XI_FALSE_NEGATIVE
5556a528-cdc7-5a14-8fd1-7f9b7820b711,32,3,burnley,c59d2c13-36a9-56b4-b9fc-1462e5df19fc,Florentino Ibrain Morris Luís,MID,LCM,1,81.0,0.18336670583700504,12.901241593304556,0.0,UNKNOWN,UNKNOWN,1.0,0.816633294162995,-68.09875840669544,68.09875840669544,LOW_PSTART_STARTED
d9ace39d-a5ca-5496-84cb-231df913a305,25,2,aston-villa,5dd58b2f-23b6-55e3-b59d-5617a42d6de1,Tammy Abraham,FWD,ST,0,4.0,0.7656997930980511,72.03876917252833,0.0,UNKNOWN,UNKNOWN,0.0,0.7656997930980511,68.03876917252833,68.03876917252833,MINUTE_ERROR_45PLUS
ecd48097-3a63-58b6-a353-65332e720c42,32,17,sunderland,cde7eda9-ac09-5cd3-abff-bd8116cd4a4e,Reinildo Mandava,DEF,LB,1,90.0,0.22274511897564428,22.055108614423098,0.0,UNKNOWN,UNKNOWN,1.0,0.7772548810243557,-67.94489138557691,67.94489138557691,MAP_XI_FALSE_NEGATIVE
03ba7107-f9dd-5a5e-8bcd-9aa4919ff36d,22,2,aston-villa,5cde41a6-f4dd-545d-93c5-e931c1be6f72,Evann Guessand,MID,RAM,0,72.0,0.038706463730171156,4.05993028856778,0.0,UNKNOWN,UNKNOWN,0.0,0.038706463730171156,-67.94006971143222,67.94006971143222,MINUTE_ERROR_45PLUS
94fcf566-2f2f-5764-a094-bd41afb36a13,28,9,everton,36a20aea-e0e7-507c-ab6e-6740c5c56568,Jake O'Brien,DEF,RB,1,90.0,0.27933217540691785,22.07091123548755,1.0,RB,4-2-3-1,1.0,0.7206678245930822,-67.92908876451244,67.92908876451244,MINUTE_ERROR_45PLUS
579fdcbf-5156-533a-8f5f-a9226e3d60d1,26,2,aston-villa,b4f928ae-7ba3-580f-98d8-aafd811dfc4b,Lucas Digne,DEF,LB,0,0.0,0.7744328137492235,67.91397187628687,1.0,LB,4-2-3-1,0.0,0.7744328137492235,67.91397187628687,67.91397187628687,MAP_XI_FALSE_POSITIVE
e1b64232-1ee4-522c-b106-e651d9eba4ea,38,13,manchester-city,6f380ed1-cc12-5a44-847a-217354668a1e,Rodrigo Hernandez,MID,DM,0,0.0,0.7469200170931819,67.87493690200357,1.0,LDM,4-2-3-1,0.0,0.7469200170931819,67.87493690200357,67.87493690200357,MAP_XI_FALSE_POSITIVE
5766fb4a-8b72-52a7-9737-b231937d4d3c,30,12,liverpool,66e53a63-86c7-5b13-92b7-7f9d7f77e440,Ibrahima Konaté,DEF,RCB,0,0.0,0.8541061644126653,67.85409539508893,1.0,RCB,4-2-3-1,0.0,0.8541061644126653,67.85409539508893,67.85409539508893,HIGH_PSTART_DID_NOT_START
c7bf9b15-363a-5871-9b7f-a786725d7ed3,25,6,brighton-hove-albion,f941023a-8afb-5610-bf89-e6cc352c84c9,Harry Howell,MID,UNKNOWN,1,70.0,0.027011684790596246,2.165084149656764,0.0,UNKNOWN,UNKNOWN,1.0,0.9729883152094038,-67.83491585034324,67.83491585034324,LOW_PSTART_STARTED
25abf903-06d4-5b30-9573-1ca6d4317c79,36,14,manchester-united,c2bb5215-da9d-515a-81f0-604c302f3078,Noussair Mazraoui,DEF,RCB,1,90.0,0.151969337720398,22.197854931951653,0.0,UNKNOWN,UNKNOWN,1.0,0.848030662279602,-67.80214506804835,67.80214506804835,LOW_PSTART_STARTED
7729aaf4-dd5e-5f38-a0a4-430fccf34c7c,30,6,brighton-hove-albion,e951e717-39ca-59bd-bf7f-6e59ece9fd54,Georginio Rutter,MID,ST,0,0.0,0.7465271777257022,67.79482091835443,1.0,CAM,4-2-3-1,0.0,0.7465271777257022,67.79482091835443,67.79482091835443,MAP_XI_FALSE_POSITIVE
cf2cfda2-d007-5839-984a-e3c0650fa9de,23,7,chelsea,481b07c4-b805-52cf-a0ee-593af134790d,Cole Palmer,MID,CAM,0,0.0,0.7433106155369085,67.72953441039736,1.0,CAM,4-2-3-1,0.0,0.7433106155369085,67.72953441039736,67.72953441039736,MAP_XI_FALSE_POSITIVE
95efeb72-d689-58fb-a022-ffad47516d80,35,16,nottingham-forest,68e23e27-5010-5c05-a3bd-23e48be32b93,Morgan Gibbs-White,MID,CAM,0,20.0,0.9633620817556557,87.7203192972919,1.0,CAM,4-2-3-1,0.0,0.9633620817556557,67.7203192972919,67.7203192972919,HIGH_PSTART_DID_NOT_START
622cfd32-fefc-538b-92e0-7c761e8052b4,30,15,newcastle-united,7d97f99a-8163-5c05-a74a-5dd9794bd812,Dan Burn,DEF,LCB,0,13.0,0.8891084169467051,80.64778054988003,1.0,LCB,4-3-3,0.0,0.8891084169467051,67.64778054988003,67.64778054988003,HIGH_PSTART_DID_NOT_START
b5ed6c3e-25b0-50e3-8e36-86250fd00a0b,30,3,burnley,62a712a2-a9c6-5298-94c6-5bdfca8f45ab,Quilindschy Hartman,DEF,LB,1,73.0,0.05896438059239713,5.3632136184267845,0.0,UNKNOWN,UNKNOWN,1.0,0.9410356194076028,-67.63678638157322,67.63678638157322,LOW_PSTART_STARTED
3b0bba38-af04-5460-b39f-e5c32eaf27ff,36,16,nottingham-forest,6c75a09d-abcd-5e49-80c0-b7bb0873304d,Jair Paula da Cunha Filho,DEF,RCB,1,90.0,0.24736200669668268,22.388508131345446,0.0,UNKNOWN,UNKNOWN,1.0,0.7526379933033174,-67.61149186865455,67.61149186865455,MAP_XI_FALSE_NEGATIVE
82942d44-0127-5fda-9351-a16d844fb795,35,2,aston-villa,d66fa01c-cc13-5ddf-bec4-31c90df4cade,Pau Torres,DEF,LCB,0,0.0,0.7488837120371235,67.6040416872483,1.0,LCB,4-2-3-1,0.0,0.7488837120371235,67.6040416872483,67.6040416872483,MAP_XI_FALSE_POSITIVE
b1b0e185-0108-508b-aa08-e3732938787f,35,14,manchester-united,c2bb5215-da9d-515a-81f0-604c302f3078,Noussair Mazraoui,DEF,RCB,0,0.0,0.6842036818457381,67.55889855944041,0.0,UNKNOWN,UNKNOWN,0.0,0.6842036818457381,67.55889855944041,67.55889855944041,MINUTE_ERROR_45PLUS
7c80f6d1-598d-5dcc-b7e4-44865b2ed593,23,6,brighton-hove-albion,8336ddce-f2ef-5ef6-8084-2f36c38c78c2,Olivier Boscagli,DEF,LCB,1,87.0,0.18447257013825402,19.49749235442816,0.0,UNKNOWN,UNKNOWN,1.0,0.815527429861746,-67.50250764557184,67.50250764557184,LOW_PSTART_STARTED
b4ec0cde-d0bf-5e52-a05a-625335240554,37,15,newcastle-united,f60b2907-3c2e-5574-80f2-70b4f5078182,Kieran Trippier,DEF,RB,1,84.0,0.20613446582961145,16.559844431688983,1.0,RB,4-3-3,1.0,0.7938655341703885,-67.44015556831101,67.44015556831101,MINUTE_ERROR_45PLUS
cf2cfda2-d007-5839-984a-e3c0650fa9de,23,7,chelsea,762fd3f4-3f85-52c7-b5be-8c0c563cf25f,Andrey Nascimento dos Santos,MID,LDM,1,90.0,0.49797955502364283,22.621423452135883,0.0,UNKNOWN,UNKNOWN,1.0,0.5020204449763572,-67.37857654786411,67.37857654786411,MAP_XI_FALSE_NEGATIVE
e2562928-63eb-5b52-9e4c-94f8ddca3e11,24,7,chelsea,8b1af3a3-b391-5111-954e-dbda5d6d12a5,Liam Delap,FWD,ST,1,90.0,0.17481710643804377,22.647959145457055,0.0,UNKNOWN,UNKNOWN,1.0,0.8251828935619563,-67.35204085454295,67.35204085454295,LOW_PSTART_STARTED
cf2cfda2-d007-5839-984a-e3c0650fa9de,23,8,crystal-palace,0fa345a4-e26c-50d4-8f35-8b13aa9d7c09,Will Hughes,MID,LCM,0,14.0,0.8926980022126335,81.3479520669509,1.0,LCM,3-4-2-1,0.0,0.8926980022126335,67.3479520669509,67.3479520669509,HIGH_PSTART_DID_NOT_START
875862ec-2f61-5965-8e94-d3ed55e4bf3f,32,5,brentford,d3c7337d-334b-58de-b6a2-e7e1ce9a18ea,Jordan Henderson,MID,RDM,0,0.0,0.7021148400413268,67.29369549952295,1.0,RDM,4-2-3-1,0.0,0.7021148400413268,67.29369549952295,67.29369549952295,MAP_XI_FALSE_POSITIVE
94338b30-8c36-517f-8821-7e38666f86c7,27,9,everton,36a20aea-e0e7-507c-ab6e-6740c5c56568,Jake O'Brien,DEF,RB,0,0.0,0.862274074025581,67.26547271272646,1.0,RB,4-2-3-1,0.0,0.862274074025581,67.26547271272646,67.26547271272646,HIGH_PSTART_DID_NOT_START
57b20b8b-c663-5991-a397-771f728fd27c,33,1,arsenal,8bac1cb7-1c33-563a-9137-8a394efb10f5,Myles Lewis-Skelly,DEF,LB,0,0.0,0.7357404660479684,67.12832050602496,1.0,LB,4-2-3-1,0.0,0.7357404660479684,67.12832050602496,67.12832050602496,MAP_XI_FALSE_POSITIVE
1c02d8a1-3fe4-50a6-a833-13460c80973f,34,20,wolverhampton-wanderers,aa986b3e-e0d4-5c58-b3da-46a8810d3ca9,Ladislav Krejcí,DEF,LCB,0,0.0,0.8649020636639684,67.11773377359017,1.0,LCB,3-4-2-1,0.0,0.8649020636639684,67.11773377359017,67.11773377359017,HIGH_PSTART_DID_NOT_START
ba89faf8-3800-548a-951b-e5d7ed60ed05,37,7,chelsea,9998e641-8e7f-5837-8d46-ad335b484a00,Josh Acheampong,DEF,RCB,1,73.0,0.05392496393935362,5.894923833591427,0.0,UNKNOWN,UNKNOWN,1.0,0.9460750360606464,-67.10507616640857,67.10507616640857,LOW_PSTART_STARTED
6087d963-451a-5a7b-b016-d3853de520ea,22,10,fulham,89e2dbba-92fb-5ebc-867f-5c1a954b2881,Jorge Cuenca Barreno,DEF,LCB,1,90.0,0.44921209903870113,23.041247781273025,1.0,LCB,4-2-3-1,1.0,0.5507879009612988,-66.95875221872697,66.95875221872697,MINUTE_ERROR_45PLUS
9bd2ffae-fc89-5d81-90f1-964fb8e98ceb,38,11,leeds-united,a8678248-1555-5a99-8bcd-6ec2a944ea53,Sebastiaan Bornauw,DEF,LCB,0,1.0,0.7205185494570034,67.94016787293057,0.0,UNKNOWN,UNKNOWN,0.0,0.7205185494570034,66.94016787293057,66.94016787293057,MINUTE_ERROR_45PLUS
9fb7fb28-1745-597c-aab4-27fb0e6c5383,28,13,manchester-city,a71d684a-cc48-5dab-9f2a-addd0208884c,Rúben Gato Alves Dias,DEF,RCB,1,90.0,0.3032474884106408,23.151461282209745,0.0,UNKNOWN,UNKNOWN,1.0,0.6967525115893591,-66.84853871779026,66.84853871779026,MAP_XI_FALSE_NEGATIVE
b5ed6c3e-25b0-50e3-8e36-86250fd00a0b,30,4,afc-bournemouth,0f8b78a8-3315-50f5-8b1d-435ce1fc41ac,Tyler Adams,MID,RDM,0,0.0,0.7694916477412364,66.84438881635208,1.0,LDM,4-2-3-1,0.0,0.7694916477412364,66.84438881635208,66.84438881635208,MAP_XI_FALSE_POSITIVE
97b2d8d5-ad23-581e-a7ba-80ed12ecc351,23,11,leeds-united,a8678248-1555-5a99-8bcd-6ec2a944ea53,Sebastiaan Bornauw,DEF,RCB,1,84.0,0.15433452564746325,17.17210275171719,0.0,UNKNOWN,UNKNOWN,1.0,0.8456654743525367,-66.82789724828281,66.82789724828281,LOW_PSTART_STARTED
7729aaf4-dd5e-5f38-a0a4-430fccf34c7c,30,17,sunderland,bb4e74c1-9fc8-588e-8e27-159ea5d120df,Brian Brobbey,FWD,ST,1,77.0,0.13019889419295588,10.206271283549627,0.0,UNKNOWN,UNKNOWN,1.0,0.8698011058070441,-66.79372871645037,66.79372871645037,LOW_PSTART_STARTED
3a30f4e1-3142-58d9-9e6c-52cb2fb9f8b8,27,16,nottingham-forest,8eec947b-c2ae-53d6-99f9-096b7744098a,Murillo Santiago Costa dos Santos,DEF,LCB,1,90.0,0.2574658236717439,23.286292885072385,0.0,UNKNOWN,UNKNOWN,1.0,0.742534176328256,-66.71370711492762,66.71370711492762,MAP_XI_FALSE_NEGATIVE
b5ed6c3e-25b0-50e3-8e36-86250fd00a0b,30,3,burnley,93153394-38ee-5f40-9adb-90f4f3307e4e,Lucas Pires Silva,DEF,LWB,0,16.0,0.8965189766044472,82.6477287535591,1.0,LWB,3-4-2-1,0.0,0.8965189766044472,66.6477287535591,66.6477287535591,HIGH_PSTART_DID_NOT_START
14980272-dff9-5025-a8ef-deeed283d4ce,33,7,chelsea,5b51fc3a-1f45-56e1-9ecc-0bda87474227,Enzo Fernández,MID,CAM,1,87.0,0.213814059129188,20.43645523717314,0.0,UNKNOWN,UNKNOWN,1.0,0.7861859408708121,-66.56354476282687,66.56354476282687,MAP_XI_FALSE_NEGATIVE
98cff3cf-1de8-5696-a0e6-f4967eacc3c6,34,2,aston-villa,c462a624-2653-5229-87c5-bd5b685f0e3c,Lamare Bogarde,DEF,RB,1,73.0,0.04718746331064328,6.4463536307403295,0.0,UNKNOWN,UNKNOWN,1.0,0.9528125366893567,-66.55364636925967,66.55364636925967,LOW_PSTART_STARTED
de9a09f3-6021-5322-bb75-a6a0dc72d91d,22,8,crystal-palace,0f20e713-a3d1-5036-b0b2-e9f32d1bc66f,Jaydee Canvot,DEF,RCB,0,0.0,0.664161169434582,66.53449288150985,0.0,UNKNOWN,UNKNOWN,0.0,0.664161169434582,66.53449288150985,66.53449288150985,MINUTE_ERROR_45PLUS
52ecb34c-b2fd-592c-b014-dc770fdef03b,29,10,fulham,6cfbd227-d6d0-525d-810f-a1e929d406bf,Harry Wilson,MID,RAM,0,0.0,0.8964905775154824,66.38223380392718,1.0,RAM,4-2-3-1,0.0,0.8964905775154824,66.38223380392718,66.38223380392718,HIGH_PSTART_DID_NOT_START
5e1fcbbc-fc52-5596-a3cd-5663e323f785,33,5,brentford,f10b2a81-0b74-578a-872a-ded3a4da9ea0,Mikkel Damsgaard,MID,CAM,1,90.0,0.4442887489432185,23.66630864355599,1.0,CAM,4-2-3-1,1.0,0.5557112510567814,-66.333691356444,66.333691356444,MINUTE_ERROR_45PLUS
dc1d8946-e5da-5a50-b228-61e8601bc305,23,13,manchester-city,7ba3294a-acf2-50da-ba1c-626fce42c1dc,Omar Marmoush,MID,LW,1,73.0,0.082659555409761,6.674974090041416,0.0,UNKNOWN,UNKNOWN,1.0,0.917340444590239,-66.32502590995858,66.32502590995858,LOW_PSTART_STARTED
1ce6ee26-3057-5ae0-a140-416d1bd98ae2,35,8,crystal-palace,39a54236-bfd4-52f7-8b23-eeb8ca167d6d,Chris Richards,DEF,RCB,0,14.0,0.8915403605244097,80.28453056002543,1.0,RCB,3-4-2-1,0.0,0.8915403605244097,66.28453056002543,66.28453056002543,HIGH_PSTART_DID_NOT_START
4366c228-7c85-5d35-8048-663446bd1b28,25,11,leeds-united,e5ce8638-ef71-56e5-ae05-c0e425118aa3,James Justin,DEF,RWB,1,90.0,0.41480224564839213,23.72738117358148,0.0,UNKNOWN,UNKNOWN,1.0,0.5851977543516078,-66.27261882641852,66.27261882641852,MAP_XI_FALSE_NEGATIVE
9d7e2609-879a-5940-b916-fce719c34570,32,14,manchester-united,1bf5a1f9-7275-56b5-888b-e1417d195339,Manuel Ugarte,MID,RDM,1,90.0,0.21019799692307853,23.843954077603698,0.0,UNKNOWN,UNKNOWN,1.0,0.7898020030769215,-66.1560459223963,66.1560459223963,MAP_XI_FALSE_NEGATIVE
9d7e2609-879a-5940-b916-fce719c34570,32,11,leeds-united,80984ab9-f368-5f6c-be67-3ca8dc321a4e,Joe Rodon,DEF,RCB,0,0.0,0.7333045051558964,66.13806075928741,1.0,RCB,3-5-2,0.0,0.7333045051558964,66.13806075928741,66.13806075928741,MAP_XI_FALSE_POSITIVE
09eed520-5d17-51e8-8b91-f6b3a3579507,31,5,brentford,0fc3de1a-eecc-53a7-b727-451560c890d1,Kristoffer Ajer,DEF,RCB,0,0.0,0.6627256175453704,66.11977019201227,1.0,RCB,4-2-3-1,0.0,0.6627256175453704,66.11977019201227,66.11977019201227,MAP_XI_FALSE_POSITIVE
b4ec0cde-d0bf-5e52-a05a-625335240554,37,15,newcastle-united,7d97f99a-8163-5c05-a74a-5dd9794bd812,Dan Burn,DEF,LB,0,15.0,0.888673808605466,81.01776827090544,0.0,UNKNOWN,UNKNOWN,0.0,0.888673808605466,66.01776827090544,66.01776827090544,HIGH_PSTART_DID_NOT_START
17a9d946-6355-53b8-baf6-c49011bd1d69,30,8,crystal-palace,d7ab42eb-50da-5a3f-a583-fdf38b0d2cfe,Daichi Kamada,MID,LCM,0,10.0,0.8079614898957562,76.00303584524258,1.0,LCM,3-4-2-1,0.0,0.8079614898957562,66.00303584524258,66.00303584524258,HIGH_PSTART_DID_NOT_START
0a9d6243-8e34-53a1-aac3-295adbb204df,29,6,brighton-hove-albion,2158389c-94df-554d-8089-885e17fa9cbe,Carlos Baleba,MID,RDM,1,77.0,0.20748829725177545,11.093247566129175,0.0,UNKNOWN,UNKNOWN,1.0,0.7925117027482246,-65.90675243387082,65.90675243387082,MAP_XI_FALSE_NEGATIVE
fef47b9a-ab98-50c0-a72f-57c356ba1514,29,8,crystal-palace,12886371-5fae-5789-af23-d20764ecfe3e,Daniel Muñoz,DEF,RWB,1,13.0,0.8765779505958061,78.79128599884295,1.0,RWB,3-4-2-1,1.0,0.12342204940419388,65.79128599884295,65.79128599884295,MINUTE_ERROR_45PLUS
98cff3cf-1de8-5696-a0e6-f4967eacc3c6,34,2,aston-villa,0af685cb-5dfb-5870-a8e7-c5f8568a71ad,Tyrone Mings,DEF,LCB,0,0.0,0.722062339231545,65.71898789654935,1.0,LCB,4-2-3-1,0.0,0.722062339231545,65.71898789654935,65.71898789654935,MAP_XI_FALSE_POSITIVE
17a9d946-6355-53b8-baf6-c49011bd1d69,30,8,crystal-palace,a5346cce-0d2c-5baf-97da-d70579ec7aa9,Chadi Riad Dnanou,DEF,LCB,0,0.0,0.6606510144281567,65.68887999796023,1.0,LCB,3-4-2-1,0.0,0.6606510144281567,65.68887999796023,65.68887999796023,MAP_XI_FALSE_POSITIVE
e07812fd-53bd-5cff-a85b-94bea63806fe,30,5,brentford,0fc3de1a-eecc-53a7-b727-451560c890d1,Kristoffer Ajer,DEF,RCB,0,18.0,0.8844392562805797,83.56352291764937,1.0,RCB,4-2-3-1,0.0,0.8844392562805797,65.56352291764937,65.56352291764937,HIGH_PSTART_DID_NOT_START
03ba7107-f9dd-5a5e-8bcd-9aa4919ff36d,22,9,everton,e9f5aa44-1c52-51c9-85a6-b079a6b78080,Merlin Röhl,MID,CAM,1,90.0,0.19257144440386584,24.443713282951997,0.0,UNKNOWN,UNKNOWN,1.0,0.8074285555961341,-65.55628671704801,65.55628671704801,LOW_PSTART_STARTED
d9ace39d-a5ca-5496-84cb-231df913a305,25,2,aston-villa,b4f928ae-7ba3-580f-98d8-aafd811dfc4b,Lucas Digne,DEF,LB,1,85.0,0.18279279728124762,19.50958979592907,0.0,UNKNOWN,UNKNOWN,1.0,0.8172072027187524,-65.49041020407093,65.49041020407093,LOW_PSTART_STARTED
31de2a73-94e2-5e1f-829e-f19990739961,28,2,aston-villa,0af685cb-5dfb-5870-a8e7-c5f8568a71ad,Tyrone Mings,DEF,LCB,0,0.0,0.701760103550202,65.4388364945435,1.0,LCB,4-2-3-1,0.0,0.701760103550202,65.4388364945435,65.4388364945435,MAP_XI_FALSE_POSITIVE
1c02d8a1-3fe4-50a6-a833-13460c80973f,34,18,tottenham-hotspur,27ff0ef1-a31f-5e26-bb7d-035a4248bad2,Rodrigo Bentancur,MID,RDM,1,90.0,0.3658784089049086,24.595533752281767,0.0,UNKNOWN,UNKNOWN,1.0,0.6341215910950915,-65.40446624771823,65.40446624771823,MAP_XI_FALSE_NEGATIVE
ecd48097-3a63-58b6-a353-65332e720c42,32,17,sunderland,2e06beff-d060-52c5-b090-ef85e142bc03,Trai Hume,DEF,LB,0,8.0,0.7651262569378892,73.39172803056938,1.0,LB,4-4-2,0.0,0.7651262569378892,65.39172803056938,65.39172803056938,MAP_XI_FALSE_POSITIVE
ee2e6f43-96fc-5070-b018-615238c06305,32,2,aston-villa,91321184-4f36-5c7d-80ee-090e5416c822,Marco Bizot,GK,GK,1,90.0,0.2609681061335308,24.70344015040935,0.0,UNKNOWN,UNKNOWN,1.0,0.7390318938664693,-65.29655984959065,65.29655984959065,MAP_XI_FALSE_NEGATIVE
6a84969a-7d59-589c-94a0-d71eb1a266ff,26,20,wolverhampton-wanderers,ebd46261-67a5-56cc-9b55-02bde7f16bba,Jean-Ricner Bellegarde,MID,LW,1,83.0,0.22680079919401858,17.74536817803981,0.0,UNKNOWN,UNKNOWN,1.0,0.7731992008059814,-65.25463182196019,65.25463182196019,MAP_XI_FALSE_NEGATIVE
70cc935f-f357-52d9-b752-3a2a21e28e41,30,14,manchester-united,c2bb5215-da9d-515a-81f0-604c302f3078,Noussair Mazraoui,DEF,RB,0,0.0,0.654734453567047,65.23456091789467,0.0,UNKNOWN,UNKNOWN,0.0,0.654734453567047,65.23456091789467,65.23456091789467,MINUTE_ERROR_45PLUS
31ef1d95-b095-52ae-918e-26ed91e99a77,29,2,aston-villa,d66fa01c-cc13-5ddf-bec4-31c90df4cade,Pau Torres,DEF,LCB,0,0.0,0.7200727325163989,65.2159642547237,1.0,LCB,4-2-3-1,0.0,0.7200727325163989,65.2159642547237,65.2159642547237,MAP_XI_FALSE_POSITIVE
e07812fd-53bd-5cff-a85b-94bea63806fe,30,5,brentford,c5c12262-4fce-5d62-89d5-5e4ae2679565,Keane Lewis-Potter,DEF,LAM,1,90.0,0.34276190872394385,24.822904869518005,0.0,UNKNOWN,UNKNOWN,1.0,0.6572380912760561,-65.177095130482,65.177095130482,MAP_XI_FALSE_NEGATIVE
3670426a-a771-510e-9762-2f3db0f13f12,27,2,aston-villa,c462a624-2653-5229-87c5-bd5b685f0e3c,Lamare Bogarde,DEF,RB,0,3.0,0.7368018539241793,68.17557810353858,0.0,UNKNOWN,UNKNOWN,0.0,0.7368018539241793,65.17557810353858,65.17557810353858,MINUTE_ERROR_45PLUS
457d30c3-d5ec-5fbc-9e3e-b071192ded0c,30,9,everton,7af4896b-be30-5d5e-9119-e9efade2cada,Jarrad Branthwaite,DEF,LCB,0,0.0,0.764463651254332,65.17099836487068,0.0,UNKNOWN,UNKNOWN,0.0,0.764463651254332,65.17099836487068,65.17099836487068,MINUTE_ERROR_45PLUS
53a5b9eb-ba57-5a74-9126-31f1c9776a9b,38,5,brentford,0fc3de1a-eecc-53a7-b727-451560c890d1,Kristoffer Ajer,DEF,RCB,0,0.0,0.771512465753864,65.12198258922976,1.0,RCB,4-2-3-1,0.0,0.771512465753864,65.12198258922976,65.12198258922976,MAP_XI_FALSE_POSITIVE
0cd96418-d40d-591e-8b10-b423d657377d,33,3,burnley,7271dade-6e34-5b7d-850a-ff0969f7a26e,Loum Tchaouna,MID,RW,1,71.0,0.05051537994073175,5.894067393493387,0.0,UNKNOWN,UNKNOWN,1.0,0.9494846200592683,-65.10593260650661,65.10593260650661,LOW_PSTART_STARTED
7769decc-98b9-5b54-a4a3-fc4aa47199e9,35,10,fulham,b0f2d5cb-b80d-5e8a-9e43-b15a89d555ca,Antonee Robinson,DEF,LB,1,90.0,0.26884596518504195,24.983658073091974,0.0,UNKNOWN,UNKNOWN,1.0,0.7311540348149581,-65.01634192690803,65.01634192690803,MAP_XI_FALSE_NEGATIVE
ba89faf8-3800-548a-951b-e5d7ed60ed05,37,7,chelsea,8b1af3a3-b391-5111-954e-dbda5d6d12a5,Liam Delap,FWD,ST,1,88.0,0.15945971151285115,22.997198152060513,0.0,UNKNOWN,UNKNOWN,1.0,0.8405402884871489,-65.00280184793948,65.00280184793948,LOW_PSTART_STARTED
35e69758-b8a6-5f8b-9c26-dc2813d81978,34,8,crystal-palace,73fbac33-4713-58ec-b9bd-242dfec592a2,Adam Wharton,MID,RCM,1,90.0,0.22353450760931762,25.015889247221637,1.0,RCM,3-4-2-1,1.0,0.7764654923906824,-64.98411075277836,64.98411075277836,MINUTE_ERROR_45PLUS
ae89dde2-06e5-5c3d-88d1-b18a3afac874,38,14,manchester-united,e037fafa-e08a-50a4-8014-a43e6c2d13a4,Carlos Henrique Casimiro,MID,RDM,0,0.0,0.8098735720294348,64.9687474654217,1.0,RDM,4-2-3-1,0.0,0.8098735720294348,64.9687474654217,64.9687474654217,HIGH_PSTART_DID_NOT_START
7729aaf4-dd5e-5f38-a0a4-430fccf34c7c,30,6,brighton-hove-albion,a5750705-f098-5007-84b9-214a2063f4c8,James Milner,MID,RDM,1,90.0,0.17296985701736053,25.031972658530893,0.0,UNKNOWN,UNKNOWN,1.0,0.8270301429826394,-64.96802734146911,64.96802734146911,LOW_PSTART_STARTED
ebb30294-ec65-5a92-a141-2fa11e9b549c,30,13,manchester-city,74dac327-64c8-5269-84db-4a4550f5f921,Abdukodir Khusanov,DEF,RCB,1,90.0,0.3092180846442789,25.11183347318962,0.0,UNKNOWN,UNKNOWN,1.0,0.6907819153557211,-64.88816652681038,64.88816652681038,MAP_XI_FALSE_NEGATIVE
d9ace39d-a5ca-5496-84cb-231df913a305,25,2,aston-villa,492c6463-bf4e-50f7-a6c1-23e8693ceea0,Amadou Onana,MID,LDM,1,90.0,0.2436072203275436,25.159013730686688,0.0,UNKNOWN,UNKNOWN,1.0,0.7563927796724564,-64.8409862693133,64.8409862693133,MAP_XI_FALSE_NEGATIVE
d9ace39d-a5ca-5496-84cb-231df913a305,25,2,aston-villa,359bea2a-202d-5b9f-be77-415683313cef,Ian Maatsen,DEF,LB,0,13.0,0.8507126310233037,77.80131679269226,1.0,LB,4-2-3-1,0.0,0.8507126310233037,64.80131679269226,64.80131679269226,HIGH_PSTART_DID_NOT_START
4fe9f44c-bfba-5934-849a-d84876aa86e8,32,15,newcastle-united,c7d912b7-acf9-59e7-a5a7-c7e64aed18da,Sandro Tonali,MID,CM,1,90.0,0.2615948454426292,25.32356788464331,0.0,UNKNOWN,UNKNOWN,1.0,0.7384051545573709,-64.67643211535669,64.67643211535669,MAP_XI_FALSE_NEGATIVE
d810d3c3-dec2-50fb-85ae-1b4d0b80559f,27,4,afc-bournemouth,0f8b78a8-3315-50f5-8b1d-435ce1fc41ac,Tyler Adams,MID,RDM,1,65.0,0.06822373342392268,0.41441529231510416,0.0,UNKNOWN,UNKNOWN,1.0,0.9317762665760774,-64.5855847076849,64.5855847076849,LOW_PSTART_STARTED
54675f42-95ba-5491-a3fd-06557d576830,31,12,liverpool,4b503a23-131b-5e74-983e-6d9f3f06f2dd,Milos Kerkez,DEF,LB,1,75.0,0.13612707952408368,10.560048873731338,0.0,UNKNOWN,UNKNOWN,1.0,0.8638729204759164,-64.43995112626867,64.43995112626867,LOW_PSTART_STARTED
4e3797d6-a1bb-50e5-9754-8c9a138c6c48,29,20,wolverhampton-wanderers,3a3da8a7-b40c-5129-bab5-9c920e3a58ab,David Møller Wolfe,DEF,LWB,1,78.0,0.09013332497555337,13.565041694304787,0.0,UNKNOWN,UNKNOWN,1.0,0.9098666750244466,-64.43495830569522,64.43495830569522,LOW_PSTART_STARTED
31402e57-7c34-5b2c-8688-d29a2831522e,37,16,nottingham-forest,48738244-3ea2-5188-9df4-934c7ab97fe1,Ryan Yates,MID,RCM,0,0.0,0.588272166149272,64.42866776840347,0.0,UNKNOWN,UNKNOWN,0.0,0.588272166149272,64.42866776840347,64.42866776840347,MINUTE_ERROR_45PLUS
006f69f1-9b0e-551d-bed7-448d3b640101,22,14,manchester-united,be977983-b55e-52b9-96d5-b98b8b42edbb,Bryan Mbeumo,MID,RAM,1,70.0,0.061202464523534846,5.581331093007333,1.0,RAM,3-4-2-1,1.0,0.9387975354764652,-64.41866890699266,64.41866890699266,LOW_PSTART_STARTED
